"Num_Acc";"id_vehicule";"num_veh";"senc";"catv";"obs";"obsm";"choc";"manv";"motor";"occutc"
"202200001062";"812 044";"A01";"1";"7";"6";"0";"2";"13";"1";""
"202200001063";"812 042";"A01";"1";"7";"0";"2";"2";"9";"1";""
"202200001063";"812 043";"B01";"1";"50";"0";"2";"4";"1";"3";""
"202200001064";"812 041";"A01";"0";"50";"0";"0";"0";"1";"3";""
"202200001065";"812 036";"E01";"3";"7";"4";"2";"3";"1";"1";""
"202200001065";"812 037";"D01";"3";"15";"4";"2";"6";"1";"1";""
"202200001065";"812 038";"C01";"3";"7";"0";"2";"1";"1";"1";""
"202200001065";"812 039";"B01";"3";"7";"0";"2";"6";"1";"1";""
"202200001065";"812 040";"A01";"3";"7";"4";"2";"1";"15";"1";""
"202200001066";"812 033";"B01";"2";"7";"0";"2";"2";"15";"1";""
"202200001066";"812 034";"A01";"1";"31";"0";"2";"1";"1";"1";""
"202200001067";"812 032";"A01";"2";"33";"13";"0";"0";"21";"1";""
"202200001068";"812 031";"A01";"1";"7";"0";"1";"3";"1";"1";""
"202200001069";"812 029";"B01";"1";"1";"0";"2";"7";"1";"5";""
"202200001069";"812 030";"A01";"2";"7";"0";"2";"1";"9";"1";""
"202200001070";"812 028";"A01";"1";"7";"4";"0";"7";"14";"1";""
"202200001071";"812 027";"A01";"3";"7";"0";"1";"3";"2";"1";""
"202200001072";"812 026";"A01";"1";"10";"0";"0";"1";"26";"1";""
"202200001073";"812 024";"B01";"3";"80";"0";"2";"5";"13";"3";""
"202200001073";"812 025";"A01";"3";"7";"0";"9";"5";"16";"1";""
"202200001074";"812 022";"B01";"2";"33";"0";"0";"1";"1";"1";""
"202200001074";"812 023";"A01";"1";"7";"0";"0";"3";"9";"1";""
"202200001075";"812 020";"A01";"3";"7";"0";"2";"2";"15";"1";""
"202200001075";"812 021";"B01";"3";"33";"0";"2";"1";"0";"1";""
"202200001076";"812 018";"B01";"2";"33";"0";"2";"1";"17";"1";""
"202200001076";"812 019";"A01";"2";"7";"0";"2";"8";"10";"1";""
"202200001077";"812 016";"B01";"0";"7";"0";"2";"8";"15";"1";""
"202200001077";"812 017";"A01";"3";"33";"0";"2";"1";"17";"1";""
"202200001078";"812 015";"A01";"2";"33";"14";"0";"1";"1";"1";""
"202200001079";"812 014";"A01";"2";"50";"16";"0";"0";"3";"3";""
"202200001080";"812 013";"A01";"2";"7";"2";"0";"1";"13";"0";""
"202200001081";"812 011";"A01";"1";"1";"0";"2";"2";"9";"5";""
"202200001081";"812 012";"B01";"1";"7";"0";"0";"0";"1";"0";""
"202200001082";"812 010";"A01";"1";"7";"0";"1";"1";"1";"2";""
"202200001083";"812 008";"A01";"1";"7";"0";"2";"8";"1";"1";""
"202200001083";"812 009";"B01";"1";"80";"0";"2";"4";"19";"3";""
"202200001084";"812 006";"A01";"0";"30";"0";"2";"1";"21";"1";""
"202200001084";"812 007";"B01";"0";"7";"0";"0";"1";"0";"3";""
"202200001085";"812 005";"A01";"3";"7";"0";"1";"4";"10";"1";""
"202200001086";"812 003";"A01";"2";"7";"0";"2";"2";"15";"1";""
"202200001086";"812 004";"B01";"2";"33";"0";"2";"1";"17";"1";""
"202200001087";"812 002";"A01";"1";"30";"0";"2";"8";"1";"3";""
"202200001088";"812 000";"A01";"1";"7";"9";"2";"0";"1";"1";""
"202200001088";"812 001";"B01";"2";"7";"0";"2";"1";"20";"2";""
"202200001089";"811 999";"A01";"1";"37";"0";"1";"2";"1";"1";"1"
"202200001090";"811 997";"B01";"2";"7";"0";"2";"4";"23";"1";""
"202200001090";"811 998";"A01";"2";"30";"0";"2";"1";"1";"1";""
"202200001091";"811 996";"A01";"1";"7";"8";"0";"3";"15";"1";""
"202200001092";"811 994";"A01";"1";"7";"0";"9";"1";"1";"1";""
"202200001092";"811 995";"B01";"2";"33";"0";"2";"1";"1";"1";""
"202200001093";"811 991";"C01";"2";"7";"0";"2";"3";"1";"3";""
"202200001093";"811 992";"B01";"1";"7";"0";"2";"6";"1";"1";""
"202200001093";"811 993";"A01";"1";"7";"0";"2";"1";"1";"1";""
"202200001094";"811 989";"A01";"1";"7";"0";"2";"2";"11";"1";""
"202200001094";"811 990";"B01";"1";"7";"0";"2";"6";"1";"1";""
"202200001095";"811 988";"A01";"2";"7";"4";"0";"2";"14";"1";""
"202200001096";"811 986";"A01";"2";"10";"0";"2";"1";"2";"1";""
"202200001096";"811 987";"B01";"2";"7";"0";"2";"4";"2";"2";""
"202200001097";"811 984";"A01";"1";"7";"0";"2";"1";"9";"3";""
"202200001097";"811 985";"Z01";"1";"10";"0";"2";"3";"1";"1";""
"202200001098";"811 982";"A01";"1";"1";"0";"2";"1";"19";"5";""
"202200001098";"811 983";"B01";"3";"7";"0";"2";"6";"16";"1";""
"202200001099";"811 981";"A01";"1";"34";"0";"0";"3";"21";"1";""
"202200001100";"811 980";"A01";"1";"7";"0";"1";"4";"4";"1";""
"202200001101";"811 978";"A01";"1";"34";"0";"2";"1";"1";"1";""
"202200001101";"811 979";"B01";"2";"34";"0";"2";"7";"15";"1";""
"202200001102";"811 977";"A01";"2";"30";"12";"0";"7";"14";"3";""
"202200001103";"811 973";"A01";"2";"7";"4";"2";"4";"1";"1";""
"202200001103";"811 975";"B01";"2";"7";"4";"2";"1";"1";"1";""
"202200001103";"811 976";"C01";"2";"7";"4";"2";"1";"1";"1";""
"202200001104";"811 972";"B01";"3";"33";"0";"2";"4";"23";"1";""
"202200001104";"811 974";"A01";"3";"7";"0";"2";"2";"1";"1";""
"202200001105";"811 971";"A01";"1";"7";"0";"1";"3";"15";"2";""
"202200001106";"811 968";"A01";"1";"33";"0";"2";"3";"1";"1";""
"202200001106";"811 970";"Z01";"3";"7";"0";"2";"0";"13";"0";""
"202200001107";"811 963";"A01";"2";"7";"0";"2";"2";"12";"1";""
"202200001107";"811 965";"B01";"2";"43";"0";"2";"3";"18";"1";""
"202200001108";"811 959";"B01";"1";"32";"0";"0";"4";"20";"1";""
"202200001108";"811 961";"A01";"1";"10";"0";"2";"1";"2";"1";""
"202200001109";"811 958";"A01";"1";"30";"0";"2";"1";"17";"3";""
"202200001109";"811 960";"B01";"1";"13";"0";"2";"3";"15";"1";""
"202200001110";"811 955";"A01";"1";"7";"11";"0";"3";"2";"1";""
"202200001110";"811 957";"B01";"1";"33";"11";"0";"7";"2";"1";""
"202200001111";"811 954";"A01";"2";"7";"0";"2";"1";"1";"1";""
"202200001111";"811 956";"B01";"2";"7";"0";"2";"4";"23";"1";""
"202200001112";"811 952";"A01";"1";"7";"0";"1";"1";"1";"1";""
"202200001113";"811 951";"B01";"2";"2";"0";"2";"1";"1";"1";""
"202200001113";"811 953";"A01";"2";"7";"0";"2";"7";"1";"1";""
"202200001114";"811 949";"B01";"1";"50";"0";"2";"1";"1";"3";""
"202200001114";"811 950";"A01";"1";"7";"0";"2";"3";"15";"1";""
"202200001115";"811 946";"A01";"1";"31";"0";"2";"3";"11";"1";""
"202200001115";"811 947";"B01";"1";"7";"0";"2";"7";"1";"1";""
"202200001116";"811 945";"A01";"1";"7";"0";"2";"3";"1";"1";""
"202200001116";"811 948";"B01";"2";"10";"0";"2";"5";"1";"1";""
"202200001117";"811 944";"A01";"1";"30";"12";"0";"0";"1";"1";""
"202200001118";"811 942";"A01";"1";"7";"0";"2";"0";"0";"1";""
"202200001118";"811 943";"B01";"1";"43";"0";"2";"2";"3";"1";""
"202200001119";"811 940";"B01";"1";"30";"0";"2";"1";"17";"1";""
"202200001119";"811 941";"A01";"1";"7";"0";"2";"3";"15";"1";""
"202200001120";"811 936";"B01";"2";"7";"0";"2";"1";"15";"1";""
"202200001120";"811 938";"A01";"1";"34";"15";"2";"2";"1";"1";""
"202200001121";"811 937";"B01";"2";"32";"1";"0";"1";"1";"1";""
"202200001121";"811 939";"A01";"2";"0";"0";"2";"3";"23";"0";""
"202200001122";"811 933";"B01";"3";"50";"0";"2";"1";"19";"3";""
"202200001122";"811 935";"A01";"3";"33";"0";"2";"2";"1";"1";""
"202200001123";"811 932";"B01";"1";"7";"0";"2";"1";"2";"1";""
"202200001123";"811 934";"A01";"1";"7";"0";"2";"4";"2";"1";""
"202200001124";"811 931";"A01";"1";"34";"0";"1";"1";"17";"1";""
"202200001125";"811 927";"B01";"2";"7";"0";"2";"4";"23";"1";""
"202200001125";"811 928";"A01";"2";"32";"13";"0";"1";"1";"1";""
"202200001126";"811 926";"A01";"1";"7";"0";"2";"3";"16";"0";""
"202200001127";"811 929";"A01";"3";"7";"0";"9";"3";"1";"1";""
"202200001127";"811 930";"B01";"3";"50";"0";"2";"1";"1";"3";""
"202200001128";"811 920";"A01";"2";"7";"0";"2";"4";"2";"1";""
"202200001128";"811 922";"B01";"2";"7";"0";"2";"1";"2";"1";""
"202200001128";"811 924";"C01";"2";"7";"0";"2";"0";"0";"1";""
"202200001128";"811 925";"D01";"2";"7";"0";"2";"1";"0";"1";""
"202200001129";"811 921";"B01";"1";"2";"0";"2";"5";"1";"1";""
"202200001129";"811 923";"A01";"1";"7";"0";"2";"2";"17";"1";""
"202200001130";"811 917";"A01";"3";"7";"0";"1";"1";"1";"1";""
"202200001131";"811 915";"A01";"1";"7";"0";"1";"2";"21";"1";""
"202200001132";"811 914";"A01";"2";"7";"15";"0";"3";"21";"1";""
"202200001133";"811 911";"C01";"3";"33";"0";"2";"4";"0";"1";""
"202200001133";"811 912";"B01";"3";"7";"0";"2";"9";"2";"1";""
"202200001133";"811 913";"A01";"3";"99";"0";"2";"1";"2";"1";""
"202200001134";"811 909";"A01";"3";"7";"0";"1";"1";"2";"6";""
"202200001135";"811 906";"A01";"3";"7";"0";"1";"1";"1";"1";""
"202200001136";"811 904";"B01";"3";"7";"0";"2";"0";"1";"3";""
"202200001136";"811 905";"A01";"3";"7";"0";"2";"0";"9";"1";""
"202200001137";"811 901";"B01";"2";"7";"0";"2";"8";"0";"1";""
"202200001137";"811 903";"A01";"2";"33";"0";"2";"2";"2";"1";""
"202200001138";"811 899";"A01";"3";"7";"0";"2";"2";"1";"1";""
"202200001138";"811 900";"B01";"3";"7";"0";"2";"4";"23";"1";""
"202200001138";"811 902";"C01";"3";"7";"0";"2";"4";"23";"3";""
"202200001139";"811 897";"B01";"1";"7";"0";"2";"3";"0";"1";""
"202200001139";"811 898";"A01";"2";"1";"0";"2";"1";"0";"5";""
"202200001140";"811 896";"A01";"1";"7";"0";"1";"0";"16";"1";""
"202200001141";"811 893";"B01";" -1";"7";"15";"0";"4";"23";"1";""
"202200001141";"811 895";"A01";" -1";"30";"0";"2";"1";"2";"3";""
"202200001142";"811 891";"A01";"1";"7";"0";"1";"2";"16";"1";""
"202200001143";"811 888";"B01";" -1";"7";"0";"2";"2";"9";"1";""
"202200001143";"811 890";"A01";" -1";"7";"0";"2";"3";"26";"1";""
"202200001144";"811 887";"A01";"2";"7";"0";"2";"7";"1";"1";""
"202200001144";"811 889";"B01";"1";"7";"0";"2";"0";"15";"1";""
"202200001145";"811 885";"B01";"3";"7";"0";"2";"3";"16";"0";""
"202200001145";"811 886";"A01";"3";"32";"0";"2";"2";"15";"1";""
"202200001146";"811 882";"C01";"1";"33";"14";"0";"0";"0";"1";""
"202200001146";"811 883";"B01";"1";"10";"1";"0";"0";"1";"1";""
"202200001146";"811 884";"A01";"1";"7";"0";"0";"0";"24";"1";""
"202200001147";"811 880";"A01";"3";"7";"0";"2";"3";"16";"1";""
"202200001147";"811 881";"B01";"3";"2";"0";"2";"2";"2";"1";""
"202200001148";"811 878";"A01";"1";"7";"0";"2";"1";"2";"1";""
"202200001148";"811 879";"B01";"1";"13";"0";"2";"4";"2";"1";""
"202200001149";"811 876";"B01";"1";"30";"0";"2";"1";"1";"1";""
"202200001149";"811 877";"A01";"1";"7";"0";"2";"3";"9";"1";""
"202200001150";"811 875";"A01";"1";"7";"0";"1";"2";"1";"1";""
"202200001151";"811 873";"B01";"1";"7";"3";"2";"8";"0";"1";""
"202200001151";"811 874";"A01";"3";"10";"0";"2";"1";"26";"1";""
"202200001152";"811 871";"B01";"1";"31";"0";"2";"6";"1";"1";""
"202200001152";"811 872";"A01";"3";"7";"0";"2";"2";"15";"1";""
"202200001153";"811 869";"A01";"1";"7";"0";"2";"9";"19";"1";""
"202200001153";"811 870";"B01";"1";"7";"0";"2";"1";"2";"1";""
"202200001154";"811 867";"B01";"1";"7";"0";"2";"4";"23";"1";""
"202200001154";"811 868";"A01";"1";"30";"0";"2";"2";"2";"1";""
"202200001155";"811 864";"Z01";"0";"7";"0";"1";"0";"26";"0";""
"202200001156";"811 862";"B01";"1";"7";"1";"0";"7";"0";"1";""
"202200001156";"811 863";"A01";"1";"7";"0";"2";"1";"16";"1";""
"202200001157";"811 861";"A01";"2";"1";"14";"0";"0";"1";"5";""
"202200001158";"811 859";"B01";"3";"7";"0";"2";"4";"1";"1";""
"202200001158";"811 860";"A01";"3";"30";"0";"2";"1";"1";"1";""
"202200001159";"811 857";"B01";"1";"33";"0";"2";"1";"1";"1";""
"202200001159";"811 858";"A01";"1";"7";"0";"2";"2";"15";"1";""
"202200001160";"811 856";"A01";"1";"10";"0";"2";"1";"26";"1";""
"202200001161";"811 853";"A01";"2";"7";"0";"2";"1";"17";"1";""
"202200001161";"811 854";"B01";"2";"10";"0";"2";"2";"1";"1";""
"202200001161";"811 855";"C01";"1";"7";"0";"2";"2";"1";"1";""
"202200001162";"811 851";"B01";"1";"7";"0";"2";"4";"23";"1";""
"202200001162";"811 852";"A01";"1";"30";"0";"2";"1";"2";"1";""
"202200001163";"811 850";"A01";"2";"7";"0";"1";"2";"1";"1";""
"202200001164";"811 849";"A01";"3";"33";"0";"0";"8";"12";"1";""
"202200001165";"811 847";"B01";"0";"1";"0";"2";"1";"16";"5";""
"202200001165";"811 848";"A01";"3";"7";"0";"0";"5";"16";"0";""
"202200001166";"811 846";"A01";"2";"2";"11";"0";"1";"1";"1";""
"202200001167";"811 844";"B01";"1";"37";"0";"2";"8";"1";"1";"1"
"202200001167";"811 845";"A01";"2";"32";"0";"2";"2";"1";"1";""
"202200001168";"811 842";"A01";"2";"32";"0";"2";"1";"17";"1";""
"202200001168";"811 843";"B01";"2";"7";"0";"2";"8";"15";"3";""
"202200001169";"811 840";"B01";"2";"30";"0";"2";"7";"9";"1";""
"202200001169";"811 841";"A01";"1";"7";"0";"2";"3";"1";"1";""
"202200001170";"811 839";"A01";"2";"7";"6";"0";"1";"6";"1";""
"202200001171";"811 838";"A01";"0";"7";"0";"1";"2";"1";"1";""
"202200001172";"811 836";"B01";"1";"7";"0";"0";"0";"0";"1";""
"202200001172";"811 837";"A01";"2";"34";"0";"2";"1";"8";"1";""
"202200001173";"811 835";"A01";"1";"7";"0";"1";"1";"1";"1";""
"202200001174";"811 834";"A01";"3";"7";"1";"0";"1";"21";"2";""
"202200001175";"811 831";"A01";"0";"7";"0";"2";"3";"24";"1";""
"202200001175";"811 832";"B01";"1";"30";"0";"2";"1";"1";"1";""
"202200001176";"811 829";"B01";"2";"7";"0";"2";"1";"21";"1";""
"202200001176";"811 830";"A01";"1";"7";"13";"2";"1";"26";"1";""
"202200001177";"811 827";"A01";"0";"7";"0";"2";"3";"9";"1";""
"202200001177";"811 828";"B01";"0";"33";"0";"2";"2";"1";"1";""
"202200001178";"811 826";"A01";"1";"50";"0";"0";"1";"1";"3";""
"202200001179";"811 825";"A01";"0";"7";"8";"0";"1";"26";"1";""
"202200001180";"811 823";"A01";"3";"7";"0";"2";"3";"15";"1";""
"202200001180";"811 824";"B01";"3";"80";"0";"2";"6";"1";"3";""
"202200001181";"811 821";"A01";"3";"30";"0";"2";"7";"1";"1";""
"202200001181";"811 822";"B01";"3";"32";"0";"2";"8";"1";"1";""
"202200001182";"811 820";"LA01";"2";"7";"0";"0";"9";"26";"1";""
"202200001183";"811 819";"A01";"3";"7";"15";"0";"1";"1";"1";""
"202200001184";"811 817";"A01";"1";"7";"0";"2";"1";"2";"2";""
"202200001184";"811 818";"B01";"1";"7";"0";"2";"4";"1";"1";""
"202200001185";"811 816";"A01";"2";"7";"14";"0";"1";"1";"1";""
"202200001186";"811 815";"A01";"1";"30";"0";"0";"0";"0";"1";""
"202200001187";"811 813";"A01";"1";"7";"0";"9";"1";"2";"1";""
"202200001187";"811 814";"B01";"1";"33";"0";"2";"1";"2";"0";""
"202200001188";"811 811";"B01";"1";"33";"0";"2";"2";"21";"1";""
"202200001188";"811 812";"A01";"2";"10";"0";"2";"1";"9";"1";""
"202200001189";"811 809";"B01";"2";"31";"0";"2";"1";"1";"1";""
"202200001189";"811 810";"A01";"1";"7";"0";"2";"1";"15";"1";""
"202200001190";"811 807";"B01";"2";"10";"0";"2";"5";"12";"1";""
"202200001190";"811 808";"A01";"2";"43";"0";"2";"1";"3";"1";""
"202200001191";"811 805";"Z01";"1";"10";"0";"2";"4";"4";"1";""
"202200001191";"811 806";"A01";"1";"30";"0";"2";"1";"1";"1";""
"202200001192";"811 804";"A01";"1";"33";"0";"1";"1";"1";"1";""
"202200001193";"811 802";"B01";"2";"50";"0";"2";"7";"1";"3";""
"202200001193";"811 803";"A01";"1";"7";"0";"2";"1";"1";"1";""
"202200001194";"811 800";"B01";"1";"7";"0";"2";"5";"23";"1";""
"202200001194";"811 801";"A01";"1";"30";"0";"2";"3";"1";"1";""
"202200001195";"811 799";"Z01";"1";"2";"0";"1";"1";"1";"0";""
"202200001196";"811 798";"A01";"1";"7";"0";"1";"2";"1";"1";""
"202200001197";"811 797";"Z01";"2";"50";"0";"1";"1";"1";"3";""
"202200001198";"811 795";"B01";"2";"1";"0";"2";"7";"1";"5";""
"202200001198";"811 796";"A01";"1";"7";"0";"2";"7";"23";"1";""
"202200001199";"811 794";"A01";"1";"7";"0";"1";"4";"4";"2";""
"202200001200";"811 792";"A01";"2";"30";"0";"2";"1";"2";"1";""
"202200001200";"811 793";"B01";"2";"7";"0";"2";"3";"2";"2";""
"202200001201";"811 791";"A01";"1";"1";"12";"0";"1";"12";"5";""
"202200001202";"811 790";"A01";"2";"1";"8";"0";"0";"13";"5";""
"202200001203";"811 788";"A01";"2";"1";"0";"2";"7";"17";"5";""
"202200001203";"811 789";"B01";"2";"50";"0";"2";"8";"1";"3";""
"202200001204";"811 786";"B01";"1";"1";"0";"2";"4";"1";"5";""
"202200001204";"811 787";"A01";"1";"30";"0";"2";"4";"1";"3";""
"202200001205";"811 785";"A01";"2";"50";"0";"1";"1";"1";"3";""
"202200001206";"811 784";"A01";"2";"30";"4";"1";"1";"1";"1";""
"202200001207";"811 782";"B01";"3";"7";"0";"2";"6";"1";"1";""
"202200001207";"811 783";"A01";"3";"7";"0";"2";"2";"1";"2";""
"202200001208";"811 781";"A01";"1";"50";"0";"1";"1";"1";"3";""
"202200001209";"811 780";"A01";"2";"7";"0";"1";"1";"1";"2";""
"202200001210";"811 779";"A01";"1";"1";"0";"1";"1";"1";"5";""
"202200001211";"811 777";"A01";"1";"7";"0";"2";"8";"13";"1";""
"202200001211";"811 778";"B01";"1";"33";"0";"2";"7";"1";"1";""
"202200001212";"811 775";"B01";"2";"7";"0";"0";"3";"9";"0";""
"202200001212";"811 776";"A01";"2";"30";"0";"2";"1";"1";"1";""
"202200001213";"811 773";"B01";"2";"1";"10";"0";"4";"0";"5";""
"202200001213";"811 774";"A01";"2";"32";"1";"0";"1";"0";"1";""
"202200001214";"811 769";"A01";"1";"32";"0";"2";"0";"9";"1";""
"202200001214";"811 770";"D01";"1";"7";"0";"2";"1";"1";"1";""
"202200001214";"811 771";"C01";"1";"7";"0";"2";"1";"1";"1";""
"202200001214";"811 772";"B01";"1";"7";"0";"2";"4";"1";"1";""
"202200001215";"811 767";"B01";"3";"43";"0";"2";"5";"1";"1";""
"202200001215";"811 768";"A01";"3";"37";"0";"2";"1";"1";"1";"1"
"202200001216";"811 766";"A01";"1";"13";"0";"1";"1";"15";"1";""
"202200001217";"811 765";"A01";"2";"7";"1";"0";"6";"14";"1";""
"202200001218";"811 763";"B01";"2";"32";"0";"2";"1";"1";"1";""
"202200001218";"811 764";"A01";"2";"7";"0";"2";"5";"15";"1";""
"202200001219";"811 759";"A01";"2";"7";"1";"0";"1";"1";"2";""
"202200001219";"811 760";"B01";"3";"1";"1";"2";"8";"19";"5";""
"202200001220";"811 758";"A01";"3";"7";"0";"1";"2";"2";"1";""
"202200001221";"811 756";"A01";"1";"7";"0";"2";"2";"1";"2";""
"202200001221";"811 757";"C01";"2";"50";"0";"2";"7";"5";"3";""
"202200001222";"811 754";"A01";"2";"33";"0";"2";"2";"1";"1";""
"202200001222";"811 755";"C01";"1";"7";"0";"2";"3";"16";"1";""
"202200001223";"811 753";"A01";"1";"7";"0";"1";"1";"9";"1";""
"202200001224";"811 752";"A01";"1";"7";"0";"1";"2";"2";"1";""
"202200001225";"811 751";"A01";"3";"7";"0";"1";"1";"20";"1";""
"202200001226";"811 749";"B01";"0";"10";"0";"0";"1";"19";"1";""
"202200001226";"811 750";"A01";"0";"34";"0";"2";"2";"1";"1";""
"202200001227";"811 747";"B01";"1";"7";"0";"2";"5";"17";"1";""
"202200001227";"811 748";"A01";"1";"7";"0";"2";"2";"15";"1";""
"202200001228";"811 746";"A01";"3";"7";"1";"0";"4";"12";"1";""
"202200001229";"811 745";"A01";"1";"50";"6";"0";"1";"1";"3";""
"202200001230";"811 742";"C01";"0";"30";"0";"2";"1";"1";"1";""
"202200001230";"811 743";"B01";"0";"7";"0";"2";"4";"16";"1";""
"202200001230";"811 744";"A01";"0";"7";"0";"2";"1";"1";"1";""
"202200001231";"811 740";"B01";"1";"1";"0";"0";"4";"1";"5";""
"202200001231";"811 741";"A01";"1";"7";"0";"0";"1";"1";"1";""
"202200001232";"811 738";"A01";"2";"7";"0";"2";"3";"15";"1";""
"202200001232";"811 739";"B01";"1";"2";"0";"2";"3";"1";"1";""
"202200001233";"811 736";"A01";"1";"7";"0";"2";"2";"12";"1";""
"202200001233";"811 737";"B01";"1";"33";"0";"2";"8";"1";"1";""
"202200001234";"811 734";"A01";"1";"7";"0";"2";"6";"1";"1";""
"202200001234";"811 735";"B01";"1";"7";"0";"2";"3";"1";"1";""
"202200001235";"811 732";"A01";"0";"3";"0";"2";"7";"2";"1";""
"202200001235";"811 733";"B01";"0";"2";"0";"2";"8";"2";"1";""
"202200001236";"811 730";"B01";"1";"15";"0";"2";"6";"1";"1";""
"202200001236";"811 731";"A01";"1";"10";"0";"2";"2";"17";"1";""
"202200001237";"811 728";"B01";"1";"7";"0";"2";"1";"1";"1";""
"202200001237";"811 729";"A01";"1";"37";"0";"2";"3";"1";"1";"2"
"202200001238";"811 725";"A01";"3";"10";"0";"2";"7";"2";"1";""
"202200001238";"811 726";"B01";"1";"32";"0";"2";"8";"3";"1";""
"202200001238";"811 727";"C01";"1";"32";"0";"2";"1";"3";"1";""
"202200001239";"811 723";"Z01";"3";"7";"0";"0";"0";"0";"0";""
"202200001239";"811 724";"A01";"1";"34";"0";"0";"0";"0";"1";""
"202200001240";"811 722";"A01";"2";"33";"0";"0";"8";"1";"1";""
"202200001241";"811 720";"B01";"2";"7";"0";"2";"3";"1";"1";""
"202200001241";"811 721";"A01";"1";"33";"0";"2";"3";"17";"1";""
"202200001242";"811 718";"A01";"1";"31";"8";"2";"2";"5";"1";""
"202200001242";"811 719";"B01";"2";"7";"0";"2";"2";"5";"1";""
"202200001243";"811 717";"A01";"1";"33";"8";"0";"1";"0";"1";""
"202200001244";"811 715";"A01";"1";"7";"0";"2";"1";"1";"1";""
"202200001244";"811 716";"B01";"1";"34";"0";"0";"4";"1";"1";""
"202200001245";"811 714";"A01";"2";"7";"0";"0";"1";"1";"1";""
"202200001246";"811 712";"B01";"2";"7";"0";"2";"1";"15";"1";""
"202200001246";"811 713";"A01";"1";"33";"0";"2";"1";"1";"1";""
"202200001247";"811 710";"A01";"1";"7";"0";"2";"2";"14";"1";""
"202200001247";"811 711";"B01";"1";"7";"3";"2";"6";"1";"1";""
"202200001248";"811 709";"A01";"1";"32";"16";"0";"0";"1";"1";""
"202200001249";"811 707";"B01";"2";"15";"0";"0";"0";"1";"1";""
"202200001249";"811 708";"A01";"2";"7";"3";"2";"1";"2";"1";""
"202200001250";"811 705";"A01";"0";"10";"0";"2";"3";"15";"1";""
"202200001250";"811 706";"B01";"0";"33";"0";"2";"3";"17";"1";""
"202200001251";"811 703";"A01";"1";"7";"0";"2";"1";"13";"1";""
"202200001251";"811 704";"B01";"2";"15";"0";"2";"1";"1";"1";""
"202200001252";"811 702";"A01";"1";"7";"0";"9";"1";"1";"1";""
"202200001253";"811 700";"A01";"1";"7";"12";"2";"3";"1";"1";""
"202200001253";"811 701";"B01";"1";"60";"0";"2";"7";"19";"5";""
"202200001254";"811 698";"A01";"1";"7";"0";"2";"1";"13";"1";""
"202200001254";"811 699";"B01";"2";"7";"0";"2";"1";"1";"1";""
"202200001255";"811 697";"A01";"2";"7";"15";"0";"1";"0";"1";""
"202200001256";"811 696";"A01";"1";"2";"0";"0";"0";"1";"1";""
"202200001257";"811 695";"A01";"2";"7";"17";"0";"1";"1";"1";""
"202200001258";"811 693";"B01";"2";"13";"0";"2";"1";"1";"1";""
"202200001258";"811 694";"A01";"2";"2";"0";"2";"8";"15";"1";""
"202200001259";"811 692";"A01";"1";"7";"2";"0";"1";"14";"1";""
"202200001260";"811 690";"B01";"1";"7";"0";"2";"4";"2";"1";""
"202200001260";"811 691";"A01";"1";"7";"0";"2";"1";"2";"1";""
"202200001261";"811 689";"A01";"1";"33";"0";"6";"1";"1";"1";""
"202200001262";"811 687";"B01";"2";"7";"0";"0";"2";"1";"1";""
"202200001262";"811 688";"A01";"2";"7";"0";"2";"1";"9";"1";""
"202200001263";"811 685";"B01";"3";"80";"0";"2";"4";"1";"3";""
"202200001263";"811 686";"A01";"3";"7";"0";"2";"2";"1";"1";""
"202200001264";"811 684";"A01";"1";"7";"13";"0";"2";"1";"1";""
"202200001265";"811 683";"A01";"1";"33";"13";"0";"1";"1";"1";""
"202200001266";"811 681";"B01";"3";"7";"0";"2";"7";"19";"1";""
"202200001266";"811 682";"A01";"1";"33";"0";"2";"1";"1";"1";""
"202200001267";"811 680";"A01";"1";"2";"11";"0";"1";"1";"1";""
"202200001268";"811 676";"A01";"1";"7";"0";"2";"1";"13";"1";""
"202200001268";"811 677";"B01";"2";"7";"0";"2";"3";"1";"1";""
"202200001269";"811 675";"A01";"1";"33";"0";"0";"3";"1";"1";""
"202200001270";"811 673";"A01";"1";"7";"13";"0";"1";"15";"1";""
"202200001270";"811 674";"B01";"2";"7";"0";"0";"1";"1";"1";""
"202200001271";"811 671";"B01";"2";"7";"0";"2";"1";"1";"1";""
"202200001271";"811 672";"A01";"1";"7";"0";"2";"1";"1";"1";""
"202200001272";"811 670";"A01";"2";"2";"0";"0";"1";"1";"1";""
"202200001273";"811 669";"A01";"1";"7";"0";"1";"2";"1";"1";""
"202200001274";"811 667";"B01";"3";"7";"0";"2";"3";"1";"1";""
"202200001274";"811 668";"A01";"3";"7";"0";"2";"3";"1";"1";""
"202200001275";"811 666";"A01";"0";"2";"0";"0";"0";"1";"1";""
"202200001276";"811 664";"A01";"1";"7";"0";"2";"3";"5";"1";""
"202200001276";"811 665";"B01";"2";"20";"0";"2";"3";"5";"1";""
"202200001277";"811 662";"A01";"1";"34";"0";"2";"1";"13";"1";""
"202200001277";"811 663";"B01";"2";"7";"0";"2";"1";"1";"1";""
"202200001278";"811 661";"A01";"2";"7";"0";"1";"1";"0";"0";""
"202200001279";"811 659";"Z01";"0";"7";"0";"2";"3";"0";"1";""
"202200001279";"811 660";"A01";"0";"7";"0";"2";"3";"0";"1";""
"202200001280";"811 656";"C01";"2";"7";"0";"2";"5";"24";"1";""