"Num_Acc";"id_vehicule";"num_veh";"senc";"catv";"obs";"obsm";"choc";"manv";"motor";"occutc"
"202200001496";"811 282";"B01";"1";"33";"0";"2";"3";"1";"1";""
"202200001497";"811 279";"A01";"2";"32";"0";"2";"7";"17";"1";""
"202200001497";"811 280";"B01";"2";"7";"0";"2";"3";"15";"1";""
"202200001498";"811 277";"A01";"1";"7";"0";"2";"3";"15";"1";""
"202200001498";"811 278";"B01";"2";"33";"0";"2";"3";"1";"1";""
"202200001499";"811 276";"A01";"1";"7";"8";"0";"1";"13";"1";""
"202200001500";"811 274";"B01";"3";"7";"0";"2";"1";"1";"1";""
"202200001500";"811 275";"A01";"3";"7";"0";"2";"1";"5";"1";""
"202200001501";"811 271";"A01";"1";"10";"0";"2";"1";"2";"1";""
"202200001501";"811 272";"B01";"1";"7";"0";"2";"4";"2";"1";""
"202200001501";"811 273";"C01";"1";"7";"0";"2";"4";"2";"1";""
"202200001502";"811 269";"A01";"0";"7";"0";"2";"2";"1";"2";""
"202200001502";"811 270";"B01";"0";"31";"0";"2";"1";"1";"1";""
"202200001503";"811 268";"A01";"1";"7";"1";"0";"1";"2";"1";""
"202200001504";"811 266";"A01";"2";"7";"0";"0";"0";"0";"1";""
"202200001504";"811 267";"Z01";"0";"10";"0";"2";"1";"20";"0";""
"202200001505";"811 264";"A01";"0";"2";"0";"2";"8";"1";"1";""
"202200001505";"811 265";"B01";"2";"7";"0";"2";"2";"20";"1";""
"202200001506";"811 263";"A01";"0";"7";"0";"1";"4";"4";"1";""
"202200001507";"811 262";"A01";"1";"7";"8";"0";"3";"9";"2";""
"202200001508";"811 257";"B01";"1";"7";"1";"0";"2";"0";"1";""
"202200001508";"811 258";"A01";"1";"7";"0";"2";"2";"21";"1";""
"202200001509";"811 256";"A01";"1";"7";"14";"0";"9";"6";"1";""
"202200001510";"811 255";"A01";"0";"7";"0";"1";"1";"16";"1";""
"202200001511";"811 253";"B01";"3";"7";"0";"2";"3";"23";"1";""
"202200001511";"811 254";"A01";"3";"7";"2";"2";"2";"12";"1";""
"202200001512";"811 252";"A01";"0";"33";"2";"0";"1";"13";"1";""
"202200001513";"811 251";"A01";"2";"33";"3";"0";"8";"1";"1";""
"202200001514";"811 249";"B01";"0";"7";"0";"2";"1";"0";"1";""
"202200001514";"811 250";"A01";"3";"7";"0";"2";"3";"0";"1";""
"202200001515";"811 247";"B01";"3";"7";"0";"2";"0";"1";"1";""
"202200001515";"811 248";"A01";"3";"7";"0";"2";"1";"13";"1";""
"202200001516";"811 245";"B01";"1";"1";"0";"2";"4";"1";"5";""
"202200001516";"811 246";"A01";"1";"7";"0";"2";"2";"14";"1";""
"202200001517";"811 244";"A01";"1";"40";"0";"1";"2";"1";"3";""
"202200001518";"811 242";"A01";"1";"7";"0";"2";"3";"2";"2";""
"202200001518";"811 243";"B01";"1";"1";"0";"2";"2";"0";"5";""
"202200001519";"811 241";"A01";"3";"30";"0";"1";"0";"26";"1";""
"202200001520";"811 240";"A01";"3";"1";"0";"0";"0";"23";"5";""
"202200001521";"811 238";"B01";"0";"10";"0";"2";"0";"1";"1";""
"202200001521";"811 239";"A01";"0";"7";"0";"2";"2";"19";"1";""
"202200001522";"811 236";"B01";"3";"1";"0";"2";"1";"26";"5";""
"202200001522";"811 237";"A01";"3";"7";"0";"9";"1";"15";"1";""
"202200001523";"811 235";"A01";"2";"7";"1";"0";"1";"15";"1";""
"202200001524";"811 233";"B01";"3";"2";"0";"2";"7";"26";"1";""
"202200001524";"811 234";"A01";"3";"7";"0";"2";"3";"9";"1";""
"202200001525";"811 231";"A01";"2";"7";"0";"2";"8";"11";"1";""
"202200001525";"811 232";"B01";"1";"33";"0";"2";"1";"1";"1";""
"202200001526";"811 229";"A01";"2";"7";"0";"2";"1";"15";"1";""
"202200001526";"811 230";"B01";"2";"7";"0";"2";"1";"1";"1";""
"202200001527";"811 227";"B01";"3";"33";"0";"2";"1";"1";"1";""
"202200001527";"811 228";"A01";"3";"7";"0";"2";"1";"16";"1";""
"202200001528";"811 225";"A01";"0";"7";"0";"2";"0";"1";"1";""
"202200001528";"811 226";"B01";"0";"7";"0";"2";"0";"15";"1";""
"202200001529";"811 223";"A01";"1";"7";"2";"0";"8";"15";"1";""
"202200001529";"811 224";"B01";"1";"33";"0";"2";"2";"17";"1";""
"202200001530";"811 221";"B01";"2";"33";"12";"2";"7";"11";"1";""
"202200001530";"811 222";"A01";"2";"7";"0";"2";"8";"1";"1";""
"202200001531";"811 219";"A01";"3";"7";"0";"2";"3";"9";"1";""
"202200001531";"811 220";"B01";"3";"50";"0";"2";"2";"1";"3";""
"202200001532";"811 218";"A01";"1";"50";"0";"1";"1";"1";"3";""
"202200001533";"811 216";"A01";"0";"10";"0";"2";"1";"1";"1";""
"202200001533";"811 217";"B01";"0";"7";"0";"2";"8";"15";"1";""
"202200001534";"811 214";"A01";"1";"15";"0";"2";"5";"16";"1";""
"202200001534";"811 215";"B01";"1";"50";"0";"2";"8";"1";"3";""
"202200001535";"811 213";"A01";"1";"7";"0";"1";"1";"1";"1";""
"202200001536";"811 212";"A01";"1";"7";"0";"1";"1";"15";"1";""
"202200001537";"811 210";"B01";"1";"7";"0";"2";"4";"26";"1";""
"202200001537";"811 211";"A01";"1";"33";"0";"2";"1";"1";"1";""
"202200001538";"811 209";"A01";"1";"7";"1";"0";"9";"1";"1";""
"202200001539";"811 207";"A01";"3";"10";"0";"2";"7";"19";"1";""
"202200001539";"811 208";"B01";"2";"30";"0";"2";"1";"1";"1";""
"202200001540";"811 205";"B01";"2";"7";"0";"2";"6";"23";"1";""
"202200001540";"811 206";"A01";"2";"2";"0";"2";"2";"21";"1";""
"202200001541";"811 204";"A01";"1";"10";"0";"1";"5";"4";"1";""
"202200001542";"811 203";"A01";"3";"7";"0";"1";"0";"1";"0";""
"202200001543";"811 201";"A01";"2";"7";"0";"2";"5";"23";"2";""
"202200001543";"811 202";"B01";"2";"2";"0";"2";"1";"2";"1";""
"202200001544";"811 200";"A01";"2";"7";"0";"1";"3";"16";"1";""
"202200001545";"811 198";"A01";"3";"7";"0";"2";"8";"15";"1";""
"202200001545";"811 199";"B01";"3";"30";"0";"2";"7";"17";"0";""
"202200001546";"811 196";"B01";"1";"50";"0";"2";"3";"25";"3";""
"202200001546";"811 197";"A01";"3";"99";"0";"9";"2";"16";"1";""
"202200001547";"811 195";"A01";"1";"7";"0";"1";"1";"1";"1";""
"202200001548";"811 193";"B01";"1";"1";"1";"0";"1";"1";"5";""
"202200001548";"811 194";"A01";"1";"7";"0";"2";"8";"22";"1";""
"202200001549";"811 191";"A01";"3";"7";"0";"2";"1";"15";"1";""
"202200001549";"811 192";"B01";"3";"32";"0";"2";"1";"1";"1";""
"202200001550";"811 190";"A01";"2";"1";"0";"1";"1";"1";"5";""
"202200001551";"811 189";"A01";"1";"7";"6";"0";"2";"1";"1";""
"202200001552";"811 187";"A01";"1";"7";"0";"2";"3";"13";"1";""
"202200001552";"811 188";"B01";"2";"7";"0";"2";"3";"0";"0";""
"202200001553";"811 186";"A01";"1";"7";"0";"1";"8";"26";"0";""
"202200001554";"811 184";"A01";"2";"31";"0";"2";"1";"21";"1";""
"202200001554";"811 185";"B01";"2";"7";"0";"2";"6";"21";"1";""
"202200001555";"811 183";"A01";"0";"7";"6";"0";"7";"14";"1";""
"202200001556";"811 181";"Z01";"3";"7";"0";"1";"1";"0";"1";""
"202200001556";"811 182";"A01";"0";"7";"0";"2";"1";"2";"1";""
"202200001557";"811 178";"A01";"1";"7";"0";"2";"3";"15";"1";""
"202200001557";"811 179";"B01";"1";"15";"0";"2";"2";"23";"1";""
"202200001557";"811 180";"C01";"1";"10";"0";"2";"6";"1";"1";""
"202200001558";"811 176";"A01";"1";"7";"0";"2";"8";"1";"1";""
"202200001558";"811 177";"Z01";"2";"7";"0";"2";"3";"13";"1";""
"202200001559";"811 174";"B01";"2";"40";"0";"2";"2";"1";"3";""
"202200001559";"811 175";"A01";"3";"7";"8";"4";"3";"15";"1";""
"202200001560";"811 172";"A01";"1";"30";"0";"2";"1";"14";"1";""
"202200001560";"811 173";"B01";"1";"32";"0";"2";"6";"0";"1";""
"202200001561";"811 170";"B01";"2";"7";"0";"2";"4";"2";"1";""
"202200001561";"811 171";"A01";"2";"30";"0";"2";"1";"2";"1";""
"202200001562";"811 168";"B01";"1";"2";"0";"2";"8";"1";"1";""
"202200001562";"811 169";"A01";"2";"7";"0";"2";"1";"15";"1";""
"202200001563";"811 167";"A01";"1";"7";"0";"1";"1";"1";"3";""
"202200001564";"811 166";"A01";"1";"7";"0";"1";"1";"1";"0";""
"202200001565";"811 165";"A01";"3";"7";"0";"1";"7";"1";"1";""
"202200001566";"811 163";"B01";"1";"10";"0";"2";"5";"1";"1";""
"202200001566";"811 164";"A01";"1";"33";"0";"2";"2";"14";"1";""
"202200001567";"811 161";"B01";"1";"33";"1";"2";"1";"1";"1";""
"202200001567";"811 162";"A01";"2";"7";"0";"2";"3";"15";"1";""
"202200001568";"811 160";"Z01";"2";"10";"0";"1";"2";"1";"1";""
"202200001569";"811 158";"B01";"2";"7";"0";"2";"1";"23";"1";""
"202200001569";"811 159";"A01";"2";"33";"0";"2";"1";"2";"1";""
"202200001570";"811 156";"B01";"1";"7";"0";"2";"7";"16";"2";""
"202200001570";"811 157";"A01";"1";"30";"0";"2";"1";"18";"1";""
"202200001571";"811 154";"A01";"2";"50";"0";"2";"4";"13";"3";""
"202200001571";"811 155";"B01";"2";"1";"0";"2";"1";"17";"5";""
"202200001572";"811 151";"C01";"1";"7";"0";"2";"2";"1";"2";""
"202200001572";"811 152";"B01";"1";"13";"0";"2";"2";"1";"1";""
"202200001572";"811 153";"A01";"1";"7";"3";"2";"3";"13";"1";""
"202200001573";"811 149";"B01";"1";"37";"0";"2";"8";"15";"1";"1"
"202200001573";"811 150";"A01";"1";"30";"8";"2";"1";"17";"1";""
"202200001574";"811 147";"B01";"2";"1";"0";"2";"1";"1";"5";""
"202200001574";"811 148";"A01";"2";"7";"0";"2";"8";"22";"1";""
"202200001575";"811 145";"A01";"2";"7";"0";"2";"1";"2";"1";""
"202200001575";"811 146";"B01";"2";"32";"0";"2";"4";"2";"1";""
"202200001576";"811 141";"A01";"2";"32";"0";"2";"1";"1";"1";""
"202200001576";"811 143";"B01";"2";"34";"0";"2";"4";"23";"1";""
"202200001577";"811 142";"Z01";"1";"7";"0";"2";"8";"20";"0";""
"202200001577";"811 144";"A01";"1";"30";"0";"2";"2";"17";"1";""
"202200001578";"811 140";"A01";"1";"7";"0";"1";"0";"15";"2";""
"202200001579";"811 137";"A01";"1";"10";"0";"1";"1";"1";"1";""
"202200001580";"811 138";"A01";"1";"30";"0";"2";"1";"2";"1";""
"202200001580";"811 139";"B01";"1";"7";"0";"2";"4";"23";"2";""
"202200001581";"811 135";"A01";"1";"32";"0";"2";"1";"1";"1";""
"202200001581";"811 136";"B01";"1";"7";"0";"0";"6";"15";"1";""
"202200001582";"811 133";"A01";"1";"0";"14";"2";"0";"26";"0";""
"202200001583";"811 132";"B01";"2";"31";"0";"2";"6";"1";"1";""
"202200001583";"811 134";"A01";"1";"7";"0";"2";"3";"1";"1";""
"202200001584";"811 130";"B01";"3";"7";"0";"2";"3";"1";"2";""
"202200001584";"811 131";"A01";"3";"30";"0";"2";"7";"15";"1";""
"202200001585";"811 127";"B01";"0";"7";"0";"2";"1";"0";"1";""
"202200001585";"811 129";"A01";"0";"7";"1";"0";"6";"4";"1";""
"202200001586";"811 128";"Z01";"2";"1";"0";"1";"1";"1";"5";""
"202200001587";"811 125";"A01";"1";"32";"0";"2";"2";"17";"1";""
"202200001587";"811 126";"B01";"1";"7";"0";"2";"3";"15";"1";""
"202200001588";"811 123";"B01";"2";"13";"0";"2";"4";"2";"1";""
"202200001588";"811 124";"A01";"2";"7";"0";"2";"2";"2";"1";""
"202200001589";"811 121";"B01";"1";"7";"0";"2";"4";"2";"1";""
"202200001589";"811 122";"A01";"1";"32";"0";"2";"1";"2";"1";""
"202200001590";"811 118";"B01";"1";"7";"0";"2";"3";"1";"1";""
"202200001590";"811 119";"A01";"1";"7";"0";"2";"2";"1";"2";""
"202200001590";"811 120";"C01";"1";"1";"0";"2";"4";"24";"5";""
"202200001591";"811 114";"A01";"1";"32";"0";"2";"1";"1";"1";""
"202200001591";"811 116";"B01";"2";"7";"0";"2";"6";"1";"1";""
"202200001592";"811 113";"A01";"3";"33";"0";"0";"1";"0";"1";""
"202200001593";"811 112";"A01";"2";"7";"13";"0";"7";"1";"1";""
"202200001594";"811 115";"B01";"1";"10";"0";"2";"1";"15";"1";""
"202200001594";"811 117";"A01";"2";"33";"0";"2";"1";"1";"1";""
"202200001595";"811 111";"A01";"1";"31";"6";"0";"7";"0";"0";""
"202200001596";"811 109";"B01";"2";"2";"0";"2";"1";"1";"1";""
"202200001596";"811 110";"A01";"1";"10";"0";"2";"1";"15";"1";""
"202200001597";"811 107";"A01";"3";"7";"13";"0";"1";"14";"1";""
"202200001598";"811 106";"A01";"1";"7";"6";"0";"7";"1";"1";""
"202200001599";"811 105";"B01";"2";"7";"0";"2";"1";"2";"1";""
"202200001599";"811 108";"A01";"1";"7";"0";"2";"8";"1";"2";""
"202200001600";"811 103";"A01";"1";"32";"0";"1";"1";"1";"1";""
"202200001601";"811 104";"A01";"1";"7";"2";"0";"1";"1";"1";""
"202200001602";"811 102";"A01";"1";"1";"0";"0";"0";"1";"5";""
"202200001603";"811 101";"A01";"3";"7";"0";"2";"2";"16";"1";""
"202200001604";"811 100";"A01";"1";"33";"13";"0";"1";"1";"1";""
"202200001605";"811 099";"A01";"1";"7";"0";"1";"7";"1";"1";""
"202200001606";"811 097";"B01";"1";"1";"0";"2";"1";"9";"5";""
"202200001606";"811 098";"A01";"1";"7";"0";"2";"2";"26";"1";""
"202200001607";"811 096";"A01";"3";"2";"0";"0";"0";"1";"1";""
"202200001608";"811 094";"B01";"1";"1";"0";"2";"0";"5";"5";""
"202200001608";"811 095";"A01";"1";"7";"0";"2";"0";"1";"1";""
"202200001609";"811 093";"A01";"1";"7";"0";"1";"2";"1";"1";""
"202200001610";"811 090";"A01";"1";"10";"0";"2";"3";"1";"1";""
"202200001610";"811 092";"B01";"2";"7";"0";"2";"1";"13";"1";""
"202200001611";"811 089";"B01";"2";"33";"0";"2";"0";"0";"1";""
"202200001611";"811 091";"A01";"2";"10";"0";"2";"2";"26";"1";""
"202200001612";"811 086";"A01";"1";"7";"0";"2";"8";"13";"1";""
"202200001612";"811 088";"B01";"2";"31";"0";"2";"3";"1";"1";""
"202200001613";"811 085";"B01";"2";"50";"0";"2";"1";"1";"3";""
"202200001613";"811 087";"A01";"2";"10";"0";"9";"7";"16";"1";""
"202200001614";"811 083";"B01";"1";"33";"0";"2";"1";"1";"1";""
"202200001614";"811 084";"A01";"2";"7";"0";"2";"2";"15";"1";""
"202200001615";"811 082";"A01";"0";"7";"0";"1";"1";"17";"1";""
"202200001616";"811 081";"A01";"1";"33";"0";"0";"8";"26";"1";""
"202200001617";"811 080";"A01";"1";"7";"4";"0";"9";"2";"1";""
"202200001618";"811 079";"A01";"3";"7";"2";"0";"3";"0";"1";""
"202200001619";"811 078";"A01";"1";"10";"0";"1";"1";"15";"1";""
"202200001620";"811 076";"A01";"1";"7";"0";"2";"2";"2";"1";""
"202200001620";"811 077";"B01";"1";"1";"0";"2";"4";"2";"5";""
"202200001621";"811 074";"B01";"2";"33";"0";"2";"1";"26";"1";""
"202200001621";"811 075";"A01";"1";"7";"0";"2";"2";"15";"1";""
"202200001622";"811 073";"A01";"3";"7";"0";"0";"0";"26";"1";""
"202200001623";"811 071";"A01";"2";"30";"13";"0";"1";"1";"1";""
"202200001624";"811 070";"A01";"1";"34";"0";"2";"1";"2";"1";""
"202200001624";"811 072";"B01";"1";"7";"0";"2";"5";"1";"1";""
"202200001625";"811 068";"A01";"3";"10";"0";"1";"4";"4";"3";""
"202200001626";"811 067";"A01";"2";"7";"0";"2";"8";"15";"1";""
"202200001626";"811 069";"B01";"2";"33";"0";"2";"1";"17";"1";""
"202200001627";"811 064";"A01";"2";"7";"0";"2";"8";"10";"1";""
"202200001627";"811 066";"B01";"3";"34";"0";"2";"2";"1";"1";""
"202200001628";"811 060";"A01";"1";"32";"1";"0";"1";"13";"1";""
"202200001628";"811 062";"B01";"2";"7";"0";"2";"1";"24";"1";""
"202200001629";"811 059";"A01";"2";"33";"16";"0";"3";"14";"1";""
"202200001630";"811 058";"A01";"2";"7";"15";"0";"2";"1";"1";""
"202200001631";"811 054";"B01";"2";"1";"0";"2";"4";"1";"5";""
"202200001631";"811 055";"A01";"2";"7";"0";"2";"2";"17";"1";""
"202200001632";"811 052";"B01";"1";"7";"0";"2";"2";"1";"2";""
"202200001632";"811 053";"A01";"2";"7";"0";"2";"1";"5";"1";""
"202200001633";"811 051";"A01";"2";"7";"13";"0";"2";"1";"1";""
"202200001634";"811 049";"A01";"1";"31";"0";"0";"0";"0";"1";""
"202200001635";"811 048";"A01";"1";"7";"0";"2";"2";"15";"1";""
"202200001635";"811 050";"B01";"2";"33";"0";"2";"1";"1";"1";""
"202200001636";"811 045";"B01";"2";"17";"0";"0";"6";"1";"1";""
"202200001636";"811 047";"A01";"2";"7";"0";"2";"1";"12";"1";""
"202200001637";"811 044";"A01";"2";"7";"0";"2";"3";"16";"1";""
"202200001637";"811 046";"B01";"2";"1";"0";"2";"1";"1";"5";""
"202200001638";"811 043";"A01";"3";"7";"0";"1";"3";"1";"1";""
"202200001639";"811 042";"A01";"2";"14";"13";"0";"7";"14";"1";""
"202200001640";"811 040";"A01";"3";"1";"0";"2";"3";"16";"5";""
"202200001640";"811 041";"B01";"3";"37";"0";"2";"3";"1";"1";"1"
"202200001641";"811 035";"A01";"2";"15";"0";"0";"6";"2";"1";""
"202200001641";"811 037";"B01";"2";"7";"0";"2";"2";"2";"1";""
"202200001642";"811 033";"E01";"1";"7";"0";"9";"0";"0";"1";""
"202200001642";"811 036";"D01";"1";"7";"0";"9";"0";"0";"1";""
"202200001642";"811 038";"B01";"1";"17";"0";"0";"0";"0";"1";""
"202200001642";"811 039";"A01";"1";"7";"0";"2";"1";"0";"1";""
"202200001643";"811 032";"A01";"1";"14";"0";"2";"2";"17";"1";""
"202200001643";"811 034";"B01";"1";"7";"0";"2";"6";"1";"1";""
"202200001644";"811 029";"A01";"1";"7";"0";"2";"3";"0";"1";""
"202200001644";"811 031";"B01";"2";"33";"0";"2";"3";"1";"1";""
"202200001645";"811 028";"B01";"2";"10";"0";"2";"1";"1";"1";""
"202200001645";"811 030";"A01";"1";"7";"0";"2";"1";"5";"1";""
"202200001646";"811 025";"B01";"3";"7";"0";"2";"8";"15";"1";""
"202200001646";"811 027";"A01";"1";"10";"0";"2";"3";"21";"1";""
"202200001647";"811 023";"A01";"1";"33";"9";"0";"1";"26";"1";""
"202200001648";"811 021";"A01";"1";"7";"0";"2";"3";"9";"1";""
"202200001648";"811 022";"B01";"1";"33";"0";"2";"5";"1";"1";""
"202200001649";"811 020";"A01";"1";"7";"15";"0";"1";"1";"1";""
"202200001650";"811 019";"A01";"2";"7";"0";"1";"1";"1";"1";""
"202200001651";"811 017";"A01";"1";"10";"0";"2";"2";"14";"1";""
"202200001651";"811 018";"B01";"1";"1";"0";"2";"3";"1";"5";""
"202200001652";"811 016";"A01";"1";"7";"2";"0";"1";"14";"1";""
"202200001653";"811 013";"B01";"2";"10";"0";"2";"3";"1";"1";""
"202200001653";"811 015";"A01";"1";"7";"0";"2";"3";"13";"1";""
"202200001654";"811 014";"A01";"0";"7";"6";"0";"2";"1";"1";""
"202200001655";"811 010";"B01";"1";"7";"0";"2";"2";"16";"1";""
"202200001655";"811 012";"A01";"1";"33";"0";"2";"1";"2";"1";""
"202200001656";"811 011";"A01";"3";"10";"0";"1";"1";"20";"1";""
"202200001657";"811 008";"A01";"2";"7";"0";"0";"3";"1";"1";""
"202200001658";"811 007";"B01";"1";"7";"0";"2";"1";"1";"1";""
"202200001658";"811 009";"A01";"2";"7";"0";"2";"1";"13";"1";""
"202200001659";"811 005";"A01";"3";"7";"0";"2";"3";"1";"1";""
"202200001659";"811 006";"B01";"3";"7";"0";"2";"3";"1";"1";""
"202200001660";"811 004";"A01";"0";"7";"0";"1";"6";"1";"1";""
"202200001661";"811 003";"A01";"2";"31";"13";"0";"0";"0";"1";""
"202200001662";"811 002";"A01";"0";"38";"0";"1";"3";"1";"1";"1"
"202200001663";"811 000";"B01";"1";"1";"0";"0";"4";"2";"5";""
"202200001663";"811 001";"A01";"1";"10";"0";"2";"2";"2";"1";""
"202200001664";"810 998";"A01";"1";"32";"0";"0";"7";"1";"3";""
"202200001665";"810 997";"A01";"1";"7";"13";"0";"0";"1";"1";""
"202200001666";"810 994";"A01";"2";"7";"3";"0";"9";"1";"1";""
"202200001667";"810 995";"B01";"3";"10";"0";"2";"1";"1";"1";""
"202200001667";"810 996";"A01";"3";"99";"0";"2";"1";"13";"1";""
"202200001668";"810 992";"B01";"3";"7";"0";"2";"3";"5";"1";""
"202200001668";"810 993";"A01";"3";"7";"0";"2";"3";"1";"1";""
"202200001669";"810 990";"B01";"2";"2";"0";"2";"1";"1";"1";""
"202200001669";"810 991";"A01";"1";"7";"0";"2";"2";"15";"1";""
"202200001670";"810 988";"A01";"1";"7";"0";"2";"3";"5";"1";""
"202200001670";"810 989";"B01";"2";"7";"0";"2";"3";"1";"1";""
"202200001671";"810 985";"B01";"2";"1";"0";"2";"1";"1";"5";""
"202200001671";"810 987";"A01";"1";"7";"0";"9";"2";"15";"1";""
"202200001672";"810 986";"A01";"2";"13";"6";"1";"5";"4";"1";""
"202200001673";"810 984";"A01";"0";"7";"1";"0";"0";"1";"1";""
"202200001674";"810 982";"A01";"1";"7";"0";"0";"2";"16";"1";""
"202200001674";"810 983";"B01";"1";"2";"0";"2";"1";"18";"1";""
"202200001675";"810 979";"B01";"1";"7";"4";"0";"6";"13";"1";""
"202200001675";"810 981";"A01";"1";"7";"0";"2";"2";"17";"1";""
"202200001676";"810 978";"A01";"1";"10";"0";"2";"1";"19";"1";""
"202200001676";"810 980";"B01";"1";"36";"0";"0";"7";"1";"1";""
"202200001677";"810 974";"C01";"2";"2";"0";"0";"4";"2";"1";""
"202200001677";"810 976";"B01";"2";"2";"0";"2";"4";"2";"1";""
"202200001677";"810 977";"A01";"2";"7";"0";"2";"1";"2";"1";""
"202200001678";"810 973";"A01";"2";"7";"0";"2";"1";"19";"1";""
"202200001678";"810 975";"B01";"2";"7";"0";"2";"3";"1";"1";""
"202200001679";"810 970";"B01";"2";"10";"13";"2";"1";"17";"1";""
"202200001679";"810 972";"A01";"1";"7";"13";"2";"1";"5";"1";""
"202200001680";"810 968";"A01";"1";"7";"0";"2";"1";"2";"1";""
"202200001680";"810 969";"B01";"1";"7";"0";"2";"4";"23";"1";""
"202200001680";"810 971";"C01";"1";"7";"0";"2";"4";"23";"1";""
"202200001681";"810 966";"A01";"2";"7";"0";"2";"7";"15";"1";""
"202200001681";"810 967";"B01";"1";"2";"0";"2";"7";"1";"1";""
"202200001682";"810 965";"A01";"3";"2";"12";"0";"1";"1";"1";""
"202200001683";"810 963";"B01";"2";"80";"0";"0";"9";"1";"3";""
"202200001684";"810 962";"B01";"2";"10";"0";"2";"3";"1";"1";""
"202200001684";"810 964";"A01";"1";"30";"0";"2";"3";"13";"1";""
"202200001685";"810 959";"B01";"3";"7";"0";"2";"3";"15";"1";""
"202200001685";"810 961";"A01";"3";"31";"0";"2";"1";"1";"1";""
"202200001686";"810 958";"B01";"2";"33";"0";"2";"1";"2";"1";""
"202200001686";"810 960";"A01";"2";"7";"0";"0";"8";"15";"1";""
"202200001687";"810 956";"A01";"1";"10";"0";"2";"3";"10";"1";""
"202200001687";"810 957";"B01";"1";"15";"0";"2";"2";"1";"1";""
"202200001688";"810 954";"A01";"2";"7";"0";"2";"2";"13";"1";""
"202200001688";"810 955";"B01";"1";"7";"0";"2";"1";"1";"2";""
"202200001689";"810 952";"B01";"0";"7";"0";"2";"2";"15";"1";""
"202200001689";"810 953";"A01";"0";"33";"0";"2";"1";"17";"1";""
"202200001690";"810 949";"A01";"1";"7";"3";"2";"3";"19";"1";""
"202200001690";"810 951";"B01";"2";"7";"0";"2";"1";"1";"1";""
"202200001691";"810 950";"A01";"2";"7";"13";"0";"1";"1";"1";""
"202200001692";"810 948";"A01";"2";"33";"0";"0";"0";"2";"1";""
"202200001693";"810 946";"A01";"1";"1";"0";"0";"1";"1";"5";""
"202200001694";"810 945";"A01";"1";"7";"0";"2";"7";"13";"1";""
"202200001694";"810 947";"B01";"2";"7";"0";"2";"3";"1";"1";""
"202200001695";"810 943";"A01";"0";"2";"0";"0";"0";"0";"1";""
"202200001696";"810 942";"B01";"2";"7";"0";"2";"3";"1";"1";""
"202200001696";"810 944";"A01";"1";"7";"11";"2";"3";"5";"1";""
"202200001697";"810 941";"A01";"1";"7";"13";"0";"1";"1";"1";""
"202200001698";"810 939";"B01";"1";"33";"0";"2";"1";"1";"1";""
"202200001698";"810 940";"A01";"1";"10";"0";"2";"5";"23";"1";""
"202200001699";"810 936";"A01";"1";"33";"0";"2";"7";"0";"1";""
"202200001699";"810 937";"B01";"1";"7";"0";"2";"8";"0";"1";""
"202200001700";"810 935";"B01";"1";"7";"0";"2";"2";"15";"1";""
"202200001700";"810 938";"A01";"2";"33";"0";"2";"8";"1";"1";""
"202200001701";"810 933";"B01";"1";"7";"0";"2";"2";"0";"1";""
"202200001701";"810 934";"A01";"1";"7";"0";"0";"6";"1";"1";""
"202200001702";"810 932";"A01";"2";"7";"4";"0";"1";"1";"1";""
"202200001703";"810 931";"A01";"1";"7";"0";"1";"2";"1";"1";""
"202200001704";"810 928";"B01";"1";"15";"0";"2";"6";"1";"1";""
"202200001704";"810 930";"A01";"1";"7";"0";"2";"7";"1";"1";""
"202200001705";"810 927";"A01";"0";"7";"0";"0";"3";"0";"1";""
"202200001705";"810 929";"B01";"0";"7";"0";"2";"1";"0";"0";""
"202200001706";"810 926";"A01";"1";"1";"13";"0";"2";"14";"5";""
"202200001707";"810 922";"B01";"1";"7";"0";"2";"1";"2";"1";""
"202200001707";"810 924";"A01";"1";"7";"0";"2";"4";"2";"1";""
"202200001708";"810 921";"B01";"2";"7";"0";"2";"4";"1";"1";""
"202200001708";"810 925";"A01";"2";"33";"0";"2";"1";"3";"1";""
"202200001709";"810 919";"A01";"2";"33";"4";"2";"7";"17";"1";""
"202200001710";"810 913";"D01";"2";"10";"0";"2";"1";"2";"1";""
"202200001710";"810 915";"A01";"2";"7";"0";"2";"4";"2";"1";""
"202200001710";"810 917";"B01";"2";"7";"0";"2";"4";"2";"1";""
"202200001710";"810 918";"C01";"0";"10";"0";"2";"4";"2";"1";""
"202200001711";"810 912";"B01";"2";"7";"0";"2";"4";"2";"1";""
"202200001711";"810 914";"A01";"2";"33";"0";"2";"1";"2";"1";""
"202200001712";"810 911";"B01";"2";"7";"0";"2";"4";"23";"1";""
"202200001712";"810 916";"A01";"2";"7";"0";"2";"1";"1";"1";""
"202200001713";"810 910";"A01";"2";"33";"0";"0";"0";"1";"1";""
"202200001714";"810 909";"A01";"1";"17";"3";"0";"7";"14";"1";""
"202200001715";"810 908";"A01";"1";"7";"8";"0";"1";"1";"1";""
"202200001716";"810 905";"B01";"2";"34";"0";"2";"0";"0";"0";""
"202200001716";"810 907";"A01";"2";"7";"0";"2";"0";"0";"0";""
"202200001717";"810 903";"C01";"1";"10";"0";"2";"1";"2";"1";""
"202200001717";"810 904";"B01";"1";"7";"0";"2";"4";"2";"1";""