"Num_Acc";"id_vehicule";"num_veh";"senc";"catv";"obs";"obsm";"choc";"manv";"motor";"occutc"
"202200001717";"810 906";"A01";"1";"7";"0";"2";"4";"2";"1";""
"202200001718";"810 902";"A01";"2";"1";"12";"0";"1";"14";"5";""
"202200001719";"810 899";"B01";"2";"7";"0";"2";"4";"2";"1";""
"202200001719";"810 901";"A01";"2";"7";"0";"2";"1";"2";"1";""
"202200001720";"810 895";"A01";"2";"33";"0";"2";"1";"3";"1";""
"202200001720";"810 896";"B01";"2";"10";"0";"2";"7";"12";"1";""
"202200001721";"810 894";"A01";"2";"7";"0";"2";"7";"22";"1";""
"202200001721";"810 898";"B01";"2";"34";"0";"2";"1";"1";"1";""
"202200001721";"810 900";"C01";"2";"7";"0";"2";"4";"1";"1";""
"202200001722";"810 893";"A01";"1";"10";"0";"0";"0";"0";"0";""
"202200001722";"810 897";"B01";"2";"1";"0";"2";"0";"0";"5";""
"202200001723";"810 889";"C01";"2";"34";"0";"2";"5";"0";"1";""
"202200001723";"810 890";"B01";"2";"7";"0";"2";"1";"26";"1";""
"202200001723";"810 892";"A01";"2";"34";"0";"2";"1";"0";"1";""
"202200001724";"810 888";"A01";"2";"33";"0";"2";"1";"1";"1";""
"202200001724";"810 891";"B01";"2";"7";"0";"2";"5";"13";"1";""
"202200001725";"810 887";"A01";"1";"33";"8";"0";"9";"1";"1";""
"202200001726";"810 884";"A01";"1";"7";"0";"2";"6";"11";"1";""
"202200001726";"810 886";"B01";"1";"7";"0";"2";"2";"1";"1";""
"202200001727";"810 883";"A01";"1";"10";"0";"2";"1";"12";"1";""
"202200001727";"810 885";"B01";"1";"43";"0";"2";"4";"3";"1";""
"202200001728";"810 882";"B01";"1";"33";"0";"2";"1";"3";"1";""
"202200001729";"810 881";"A01";"2";"30";"0";"0";"0";"1";"1";""
"202200001730";"810 877";"A01";"2";"33";"0";"2";"3";"3";"1";""
"202200001730";"810 879";"B01";"2";"10";"0";"2";"2";"12";"1";""
"202200001731";"810 875";"A01";"1";"7";"0";"2";"1";"2";"1";""
"202200001731";"810 876";"D01";"1";"7";"0";"2";"2";"21";"1";""
"202200001731";"810 878";"C01";"1";"7";"0";"2";"9";"2";"1";""
"202200001731";"810 880";"B01";"1";"7";"0";"2";"9";"2";"1";""
"202200001732";"810 874";"A01";"1";"7";"11";"0";"1";"26";"1";""
"202200001733";"810 872";"A01";"1";"7";"3";"0";"8";"11";"1";""
"202200001733";"810 873";"B01";"1";"15";"0";"2";"2";"1";"1";""
"202200001734";"810 870";"B01";"2";"7";"0";"2";"3";"1";"1";""
"202200001734";"810 871";"A01";"2";"32";"0";"2";"2";"3";"1";""
"202200001735";"810 867";"A01";"1";"7";"0";"2";"4";"1";"1";""
"202200001735";"810 869";"B01";"1";"7";"0";"2";"1";"2";"1";""
"202200001736";"810 868";"A01";"1";"7";"4";"0";"2";"14";"1";""
"202200001737";"810 864";"B01";"2";"32";"0";"2";"1";"14";"1";""
"202200001737";"810 866";"A01";"2";"7";"0";"2";"4";"1";"1";""
"202200001738";"810 862";"A01";"2";"7";"0";"2";"1";"1";"1";""
"202200001738";"810 863";"B01";"2";"7";"4";"2";"4";"2";"1";""
"202200001738";"810 865";"C01";"2";"10";"0";"2";"4";"2";"1";""
"202200001739";"810 860";"A01";"1";"7";"0";"1";"1";"1";"1";""
"202200001740";"810 858";"B01";"3";"1";"0";"2";"8";"19";"5";""
"202200001740";"810 859";"A01";"3";"7";"0";"9";"1";"11";"1";""
"202200001741";"810 856";"B01";"1";"30";"6";"0";"1";"1";"1";""
"202200001742";"810 857";"A01";"1";"7";"3";"2";"8";"13";"1";""
"202200001742";"810 861";"B01";"2";"15";"0";"2";"1";"1";"0";""
"202200001743";"810 854";"B01";"3";"2";"0";"2";"7";"1";"1";""
"202200001743";"810 855";"A01";"3";"7";"0";"2";"8";"1";"1";""
"202200001744";"810 850";"B01";"1";"10";"0";"2";"3";"1";"1";""
"202200001744";"810 853";"A01";"2";"33";"0";"1";"1";"1";"1";""
"202200001745";"810 852";"A01";"2";"7";"6";"0";"1";"1";"1";""
"202200001746";"810 849";"B01";"2";"7";"0";"5";"4";"1";"0";""
"202200001746";"810 851";"A01";"2";"7";"0";"2";"1";"1";"0";""
"202200001747";"810 844";"A01";"1";"7";"0";"2";"1";"1";"1";""
"202200001747";"810 846";"B01";"1";"7";"0";"2";"4";"1";"1";""
"202200001748";"810 845";"A01";"2";"7";"0";"2";"8";"10";"1";""
"202200001748";"810 848";"B01";"1";"33";"0";"2";"1";"1";"1";""
"202200001749";"810 841";"A01";"2";"7";"0";"2";"1";"9";"1";""
"202200001749";"810 843";"B01";"2";"37";"0";"2";"7";"1";"1";"1"
"202200001750";"810 840";"A01";"2";"10";"0";"1";"3";"2";"1";""
"202200001751";"810 842";"B01";"2";"36";"0";"2";"3";"1";"1";""
"202200001751";"810 847";"A01";"1";"7";"0";"2";"3";"15";"1";""
"202200001752";"810 839";"A01";"1";"7";"0";"1";"7";"11";"0";""
"202200001753";"810 836";"B01";"2";"7";"0";"2";"8";"1";"1";""
"202200001753";"810 838";"A01";"1";"7";"0";"2";"3";"5";"1";""
"202200001754";"810 835";"B01";"1";"50";"0";"2";"7";"1";"3";""
"202200001754";"810 837";"A01";"1";"7";"0";"9";"1";"9";"1";""
"202200001755";"810 832";"A01";"2";"7";"0";"2";"2";"20";"1";""
"202200001755";"810 834";"B01";"1";"37";"0";"2";"1";"1";"3";"6"
"202200001756";"810 830";"B01";"2";"7";"0";"2";"3";"13";"1";""
"202200001756";"810 833";"A01";"2";"7";"0";"2";"3";"1";"1";""
"202200001757";"810 828";"B01";"1";"2";"0";"0";"2";"16";"1";""
"202200001757";"810 831";"A01";"1";"2";"0";"2";"1";"2";"1";""
"202200001758";"810 827";"B01";"1";"1";"0";"2";"1";"15";"5";""
"202200001758";"810 829";"A01";"1";"7";"0";"2";"5";"16";"1";""
"202200001759";"810 825";"B01";"3";"50";"0";"2";"3";"2";"3";""
"202200001759";"810 826";"A01";"3";"7";"0";"9";"8";"24";"1";""
"202200001760";"810 824";"A01";"1";"7";"1";"0";"2";"14";"1";""
"202200001761";"810 822";"A01";"1";"7";"0";"2";"1";"1";"1";""
"202200001761";"810 823";"B01";" -1";"50";" -1";"2";" -1";"5";"3";""
"202200001762";"810 820";"A01";"1";"36";"0";"0";"0";"1";"1";""
"202200001763";"810 821";"A01";"2";"7";"0";"1";"1";"15";"1";""
"202200001764";"810 818";"B01";"1";"1";"0";"2";"1";"5";"5";""
"202200001764";"810 819";"A01";"1";"7";"0";"2";"2";"15";"1";""
"202200001765";"810 816";"A01";"3";"7";"0";"1";"2";"1";"1";""
"202200001766";"810 815";"A01";"1";"7";"4";"0";"0";"0";"1";""
"202200001767";"810 814";"A01";"0";"10";"0";"0";"0";"0";"0";""
"202200001767";"810 817";"B01";"0";"10";"0";"0";"0";"0";"0";""
"202200001768";"810 810";"B01";"3";"34";"0";"2";"1";"0";"1";""
"202200001768";"810 812";"A01";"3";"7";"0";"2";"7";"15";"1";""
"202200001769";"810 811";"A01";"1";"7";"0";"1";"1";"1";"1";""
"202200001770";"810 809";"B01";"1";"10";"0";"2";"3";"1";"1";""
"202200001770";"810 813";"A01";"1";"10";"0";"2";"2";"1";"1";""
"202200001771";"810 805";"A01";"1";"13";"0";"1";"3";"26";"4";""
"202200001772";"810 804";"B01";"2";"33";"0";"2";"1";"1";"1";""
"202200001772";"810 807";"A01";"3";"7";"0";"2";"3";"9";"1";""
"202200001773";"810 803";"A01";"3";"2";"0";"0";"8";"15";"1";""
"202200001774";"810 800";"A01";"3";"7";"0";"2";"1";"15";"1";""
"202200001774";"810 802";"B01";"3";"50";"0";"2";"3";"19";"3";""
"202200001775";"810 795";"A01";"3";"7";"0";"2";"3";"23";"1";""
"202200001775";"810 798";"B01";"2";"7";"0";"2";"2";"1";"1";""
"202200001776";"810 794";"A01";"1";"7";"0";"2";"3";"15";"1";""
"202200001776";"810 799";"B01";"2";"33";"0";"2";"8";"1";"1";""
"202200001777";"810 793";"A01";"3";"0";"0";"0";"0";"26";"0";""
"202200001778";"810 791";"A01";"1";"7";"13";"0";"1";"1";"1";""
"202200001779";"810 788";"Z01";"1";"33";"0";"1";"1";"1";"0";""
"202200001780";"810 787";"A01";"2";"7";"0";"1";"2";"15";"1";""
"202200001781";"810 786";"A01";"2";"7";"8";"0";"1";"1";"1";""
"202200001782";"810 785";"A01";"2";"7";"3";"0";"1";"14";"1";""
"202200001783";"810 780";"A01";"1";"7";"0";"2";"1";"15";"1";""
"202200001783";"810 784";"B01";"2";"33";"0";"2";"1";"0";"1";""
"202200001784";"810 778";"A01";"1";"7";"0";"2";"1";"16";"1";""
"202200001784";"810 783";"B01";"1";"7";"0";"2";"7";"1";"1";""
"202200001785";"810 777";"B01";"2";"7";"0";"2";"3";"1";"1";""
"202200001785";"810 781";"A01";"1";"7";"0";"2";"2";"15";"1";""
"202200001786";"810 776";"C01";"1";"7";"0";"2";"1";"1";"2";""
"202200001786";"810 779";"B01";"1";"7";"0";"2";"1";"0";"1";""
"202200001786";"810 782";"A01";"1";"15";"0";"2";"4";"2";"1";""
"202200001787";"810 775";"A01";"3";"7";"2";"0";"2";"1";"1";""
"202200001788";"810 774";"A01";"0";"7";"0";"0";"9";"6";"1";""
"202200001789";"810 772";"A01";"0";"7";"6";"0";"2";"1";"1";""
"202200001790";"810 769";"A01";"0";"30";"1";"0";"1";"11";"1";""
"202200001791";"810 768";"A01";"0";"7";"0";"1";"3";"1";"1";""
"202200001792";"810 766";"B01";"2";"7";"0";"2";"2";"1";"1";""
"202200001792";"810 770";"A01";"1";"7";"0";"2";"2";"1";"1";""
"202200001793";"810 764";"A01";"2";"7";"0";"1";"3";"1";"0";""
"202200001794";"810 765";"A01";"3";"7";"12";"2";"3";"1";"1";""
"202200001794";"810 767";"B01";"3";"7";"0";"2";"2";"2";"1";""
"202200001795";"810 763";"A01";"0";"1";"0";"1";"1";"1";"5";""
"202200001796";"810 762";"A01";"1";"7";"0";"1";"1";"1";"1";""
"202200001797";"810 761";"A01";"2";"33";"9";"0";"2";"14";"1";""
"202200001798";"810 760";"A01";"2";"34";"2";"0";"2";"14";"1";""
"202200001799";"810 757";"A01";"1";"7";"0";"9";"1";"15";"1";""
"202200001799";"810 759";"B01";"2";"1";"0";"2";"1";"1";"5";""
"202200001800";"810 755";"A01";"0";"7";"0";"2";"4";"20";"1";""
"202200001800";"810 758";"B01";"0";"7";"0";"2";"1";"1";"3";""
"202200001801";"810 753";"B01";"3";"7";"1";"0";"3";"1";"1";""
"202200001802";"810 752";"A01";"1";"7";"13";"0";"2";"1";"1";""
"202200001803";"810 749";"A01";" -1";"99";" -1";" -1";" -1";" -1";" -1";""
"202200001804";"810 751";"B01";"2";"7";"0";"2";"2";"1";"0";""
"202200001804";"810 754";"A01";"3";"7";"0";"2";"3";"16";"1";""
"202200001805";"810 746";"A01";"2";"7";"0";"2";"3";"1";"1";""
"202200001805";"810 748";"B01";"1";"33";"6";"2";"6";"17";"1";""
"202200001806";"810 744";"A01";"3";"7";"0";"1";"1";"15";"0";""
"202200001807";"810 741";"A01";"3";"7";"0";"1";"1";"9";"1";""
"202200001808";"810 738";"B01";"2";"1";"0";"0";"0";"0";"5";""
"202200001808";"810 740";"A01";"2";"7";"0";"0";"0";"0";"0";""
"202200001809";"810 736";"B01";"2";"7";"0";"2";"2";"1";"1";""
"202200001809";"810 739";"A01";"2";"1";"0";"2";"3";"19";"5";""
"202200001810";"810 733";"A01";"1";"7";"0";"2";"7";"1";"3";""
"202200001810";"810 735";"B01";"1";"7";"0";"2";"8";"13";"1";""
"202200001811";"810 732";"B01";"2";"7";"0";"2";"2";"1";"1";""
"202200001811";"810 734";"A01";"1";"7";"0";"2";"1";"9";"1";""
"202200001812";"810 731";"A01";"1";"0";"0";"1";"0";"0";"0";""
"202200001813";"810 729";"B01";"2";"7";"0";"2";"8";"1";"1";""
"202200001813";"810 730";"A01";"2";"14";"0";"2";"2";"12";"1";""
"202200001814";"810 725";"A01";"3";"7";"2";"0";"1";"1";"1";""
"202200001815";"810 727";"A01";"3";"33";"0";"0";"0";"1";"1";""
"202200001816";"810 719";"E01";"3";"7";"0";"2";"1";"2";"1";""
"202200001816";"810 720";"D01";"3";"7";"0";"2";"1";"2";"1";""
"202200001816";"810 722";"C01";"3";"7";"0";"2";"1";"2";"1";""
"202200001816";"810 723";"B01";"3";"7";"0";"2";"1";"2";"1";""
"202200001816";"810 724";"A01";"3";"7";"0";"2";"4";"2";"2";""
"202200001817";"810 716";"A01";"1";"30";"0";"1";"1";"1";"1";""
"202200001818";"810 717";"B01";"2";"7";"0";"2";"1";"1";"1";""
"202200001818";"810 721";"A01";"1";"7";"0";"2";"1";"5";"1";""
"202200001819";"810 713";"A01";"1";"7";"0";"2";"0";"0";"1";""
"202200001819";"810 715";"B01";"2";"33";"0";"2";"1";"0";"1";""
"202200001820";"810 710";"A01";"3";"32";"0";"0";"8";"0";"1";""
"202200001821";"810 714";"A01";"2";"7";"0";"2";"1";"5";"1";""
"202200001821";"810 718";"B01";"2";"10";"0";"2";"1";"0";"1";""
"202200001822";"810 709";"C01";"1";"13";"0";"2";"7";"0";"0";""
"202200001822";"810 711";"B01";"1";"99";"0";"2";"4";"2";"3";""
"202200001822";"810 712";"A01";"1";"7";"0";"2";"3";"18";"1";""
"202200001823";"810 708";"A01";"1";"32";"6";"0";"1";"14";"1";""
"202200001824";"810 706";"B01";"1";"1";"0";"2";"1";"1";"5";""
"202200001824";"810 707";"A01";"2";"7";"9";"0";"1";"1";"1";""
"202200001825";"810 703";"A01";"2";"40";"0";"1";"1";"1";"3";""
"202200001826";"810 704";"A01";"2";"7";"0";"0";"3";"13";"1";""
"202200001827";"810 705";"Z01";"2";"10";"0";"1";"3";"1";"0";""
"202200001828";"810 701";"B01";" -1";"0";" -1";" -1";" -1";" -1";" -1";""
"202200001828";"810 702";"A01";"2";"7";"0";"2";"1";"15";"2";""
"202200001829";"810 697";"A01";"0";"7";"0";"2";"4";"4";"1";""
"202200001829";"810 699";"B01";"0";"80";"0";"2";"1";"1";"5";""
"202200001830";"810 698";"B01";"0";"33";"0";"2";"6";"15";"1";""
"202200001830";"810 700";"A01";"0";"7";"1";"0";"3";"1";"1";""
"202200001831";"810 694";"C01";"2";"7";"0";"2";"1";"2";"1";""
"202200001831";"810 695";"B01";"2";"7";"0";"2";"4";"2";"1";""
"202200001831";"810 696";"A01";"2";"7";"0";"2";"4";"2";"1";""
"202200001832";"810 692";"B01";"0";"1";"0";"2";"8";"1";"5";""
"202200001832";"810 693";"A01";"0";"7";"0";"2";"7";"12";"1";""
"202200001833";"810 691";"A01";"1";"99";"7";"0";"3";"1";"1";""
"202200001834";"810 688";"A01";"1";"7";"0";"2";"3";"1";"1";""
"202200001834";"810 690";"B01";"1";"1";"0";"2";"1";"1";"5";""
"202200001835";"810 687";"A01";"3";"1";"0";"2";"0";"15";"5";""
"202200001835";"810 689";"B01";"3";"7";"0";"9";"8";"1";"3";""
"202200001836";"810 685";"A01";"2";"32";"0";"1";"8";"1";"1";""
"202200001837";"810 684";"B01";"2";"3";"0";"2";"3";"1";"1";""
"202200001837";"810 686";"A01";"1";"14";"0";"2";"3";"1";"1";""
"202200001838";"810 682";"A01";"2";"7";"8";"0";"1";"1";"1";""
"202200001839";"810 681";"B01";"1";"10";"0";"2";"1";"1";"1";""
"202200001839";"810 683";"A01";"2";"50";"0";"2";"7";"1";"3";""
"202200001840";"810 678";"A01";"2";"7";"0";"2";"3";"15";"1";""
"202200001840";"810 679";"B01";"1";"32";"0";"2";"1";"1";"1";""
"202200001841";"810 676";"A01";"1";"7";"0";"1";"3";"15";"1";""
"202200001842";"810 677";"A01";"2";"7";"2";"0";"3";"1";"1";""
"202200001843";"810 672";"A01";"1";"32";"0";"2";"4";"19";"0";""
"202200001843";"810 674";"B01";"1";"3";"0";"2";"1";"19";"0";""
"202200001844";"810 673";"A01";"2";"7";"0";"1";"2";"1";"1";""
"202200001845";"810 671";"A01";"1";"10";"0";"2";"1";"16";"1";""
"202200001845";"810 675";"B01";"2";"1";"0";"2";"8";"1";"5";""
"202200001846";"810 670";"A01";"3";"7";"0";"1";"1";"9";"1";""
"202200001847";"810 668";"A01";"2";"7";"9";"0";"2";"1";"1";""
"202200001848";"810 667";"B01";"1";"7";"0";"2";"1";"1";"1";""
"202200001848";"810 669";"A01";"1";"7";"0";"2";"8";"10";"1";""
"202200001849";"810 665";"A01";"1";"7";"0";"0";"2";"2";"1";""
"202200001849";"810 666";"B01";"1";"31";"0";"0";"3";"2";"1";""
"202200001850";"810 664";"A01";"1";"7";"7";"0";"1";"1";"1";""
"202200001851";"810 662";"A01";"1";"7";"0";"2";"7";"22";"1";""
"202200001851";"810 663";"B01";"1";"1";"1";"0";"1";"2";"5";""
"202200001852";"810 661";"A01";"1";"7";"4";"0";"2";"0";"1";""
"202200001853";"810 657";"A01";"2";"10";"0";"2";"1";"5";"1";""
"202200001853";"810 658";"B01";"1";"7";"0";"2";"1";"1";"1";""
"202200001854";"810 656";"A01";"1";"7";"0";"2";"3";"9";"1";""
"202200001854";"810 659";"B01";"1";"2";"0";"2";"1";"1";"1";""
"202200001855";"810 655";"A01";"0";"7";"0";"1";"1";"1";"1";""
"202200001856";"810 654";"A01";"0";"7";"0";"0";"0";"0";"1";""
"202200001857";"810 653";"A01";"1";"33";"0";"0";"0";"17";"1";""
"202200001858";"810 651";"A01";"1";"7";"13";"0";"8";"21";"1";""
"202200001859";"810 650";"A01";"1";"7";"0";"1";"3";"21";"1";""
"202200001860";"810 649";"B01";"1";"7";"0";"2";"1";"1";"1";""
"202200001860";"810 652";"A01";"2";"7";"0";"2";"1";"13";"1";""
"202200001861";"810 647";"A01";"2";"7";"0";"9";"0";"15";"1";""
"202200001862";"810 645";"A01";"1";"7";"0";"2";"1";"19";"1";""
"202200001862";"810 648";"B01";"2";"7";"0";"0";"8";"1";"1";""
"202200001863";"810 644";"B01";"2";"2";"0";"2";"1";"1";"1";""
"202200001863";"810 646";"A01";"1";"3";"0";"2";"1";"15";"1";""
"202200001864";"810 642";"A01";"2";"7";"0";"1";"2";"15";"1";""
"202200001865";"810 641";"B01";"0";"33";"0";"0";"0";"0";"1";""
"202200001865";"810 643";"A01";"0";"3";"0";"2";"8";"2";"1";""
"202200001866";"810 639";"Z01";"1";"7";"0";"1";"0";"1";"0";""
"202200001867";"810 636";"B01";"2";"7";"0";"2";"1";"2";"1";""
"202200001867";"810 638";"A01";"1";"7";"0";"2";"1";"15";"1";""
"202200001868";"810 634";"A01";"3";"39";"7";"1";"1";"1";"3";""
"202200001869";"810 635";"A01";"2";"7";"0";"0";"4";"1";"1";""
"202200001869";"810 637";"B01";"2";"7";"1";"0";"1";"2";"1";""
"202200001869";"810 640";"C01";"2";"7";"1";"0";"1";"1";"1";""
"202200001870";"810 633";"A01";"1";"7";"0";"1";"1";"1";"1";""
"202200001871";"810 631";"B01";"0";"33";"0";"2";"5";"1";"1";""
"202200001871";"810 632";"A01";"0";"7";"0";"2";"3";"11";"1";""
"202200001872";"810 630";"B01";"1";"7";"0";"1";"1";"1";"1";""
"202200001873";"810 628";"A01";"1";"7";"0";"0";"1";"12";"1";""
"202200001874";"810 627";"A01";"1";"7";"1";"2";"1";"2";"1";""
"202200001874";"810 629";"B01";"1";"7";"0";"2";"4";"23";"1";""
"202200001875";"810 626";"A01";"1";"2";"0";"1";"1";"17";"1";""
"202200001876";"810 623";"A01";"2";"7";"0";"2";"1";"2";"1";""
"202200001876";"810 624";"B01";"2";"7";"0";"2";"4";"1";"1";""
"202200001877";"810 621";"A01";"1";"7";"4";"2";"2";"14";"1";""
"202200001877";"810 625";"B01";"1";"7";"3";"0";"8";"1";"2";""
"202200001878";"810 622";"A01";"2";"43";"6";"0";"8";"2";"1";""
"202200001879";"810 619";"B01";"0";"7";"0";"2";"3";"1";"1";""
"202200001879";"810 620";"A01";"2";"10";"0";"2";"3";"13";"1";""
"202200001880";"810 614";"B01";"2";"7";"0";"2";"4";"1";"1";""
"202200001880";"810 617";"Z01";"2";"7";"0";"2";"1";"0";"1";""
"202200001881";"810 613";"A01";"1";"7";"0";"9";"7";"16";" -1";""
"202200001881";"810 615";"B01";"1";"50";"0";"2";"8";"19";"3";""
"202200001882";"810 611";"A01";"2";"7";"0";"2";"3";"5";"1";""
"202200001882";"810 616";"B01";"1";"7";"0";"2";"3";"1";"1";""
"202200001882";"810 618";"C01";"2";"38";"0";"2";"5";"1";"1";"1"
"202200001883";"810 610";"A01";"1";"7";"0";"2";"1";"1";"1";""
"202200001883";"810 612";"B01";"0";"7";"0";"2";"4";"1";"1";""
"202200001884";"810 609";"A01";"1";"7";"4";"0";"0";"2";"1";""
"202200001885";"810 605";"A01";"1";"37";"0";"2";"5";"12";" -1";"1"
"202200001885";"810 608";"B01";"1";"50";"0";"2";"3";"1";"3";""
"202200001886";"810 604";"B01";"3";"33";"0";"2";"1";"1";"1";""
"202200001886";"810 606";"A01";"3";"7";"0";"2";"7";"1";"1";""
"202200001887";"810 600";"B01";"2";"7";"0";"2";"6";"12";"1";""
"202200001887";"810 601";"A01";"2";"33";"0";"2";"1";"3";"1";""
"202200001888";"810 602";"A01";"2";"7";"0";"2";"1";"2";"1";""
"202200001888";"810 603";"B01";"2";"7";"0";"2";"9";"2";"1";""
"202200001888";"810 607";"C01";"2";"7";"0";"2";"4";"2";"1";""
"202200001889";"810 598";"A01";"2";"7";"2";"2";"2";"1";"1";""
"202200001889";"810 599";"B01";"1";"7";"0";"2";"1";"1";"1";""
"202200001890";"810 596";"A01";"1";"7";"0";"1";"1";"1";"1";""
"202200001891";"810 594";"A01";"1";"7";"1";"0";"1";"2";"1";""
"202200001891";"810 597";"B01";"1";"10";"0";"2";"6";"23";"1";""
"202200001892";"810 592";"A01";"1";"17";"0";"2";"1";"9";"1";""
"202200001892";"810 595";"B01";"1";"2";"0";"2";"7";"1";"1";""
"202200001893";"810 590";"A01";"2";"30";"0";"2";"8";"21";"1";""
"202200001893";"810 593";"E01";"0";"1";"0";"2";"0";"0";" -1";""
"202200001894";"810 589";"B01";"2";"7";"0";"2";"3";"1";"1";""
"202200001894";"810 591";"A01";"2";"17";"0";"2";"2";"14";"1";""
"202200001895";"810 587";"B01";"1";"7";"0";"2";"4";"2";"1";""
"202200001895";"810 588";"A01";"1";"7";"0";"2";"1";"2";"1";""
"202200001896";"810 586";"A01";"1";"31";"12";"0";"1";"14";"1";""
"202200001897";"810 584";"A01";"1";"36";"0";"0";"0";"1";"1";""
"202200001898";"810 583";"A01";"1";"1";"0";"2";"1";"1";"5";""
"202200001898";"810 585";"B01";"1";"7";"0";"2";"1";"9";"1";""
"202200001899";"810 581";"A01";"2";"33";"0";"0";"0";"13";"1";""
"202200001900";"810 579";"B01";"1";"7";"0";"2";"5";"1";"1";""
"202200001900";"810 582";"A01";"1";"32";"0";"2";"1";"1";"1";""
"202200001901";"810 577";"B01";"2";"7";"0";"2";"2";"2";"1";""
"202200001901";"810 580";"A01";"2";"2";"0";"2";"6";"2";"1";""
"202200001902";"810 576";"B01";"3";"50";"0";"2";"8";"19";"3";""
"202200001902";"810 578";"A01";"1";"7";"0";"2";"1";"1";"1";""
"202200001903";"810 575";"A01";"2";"7";"6";"0";"1";"20";"1";""
"202200001904";"810 573";"A01";"1";"7";"0";"0";"1";"0";"1";""
"202200001905";"810 571";"A01";"2";"7";"3";"2";"1";"2";"1";""
"202200001905";"810 574";"B01";"2";"7";"0";"2";"4";"1";"1";""
"202200001906";"810 572";"A01";"1";"7";"0";"1";"2";"16";"1";""
"202200001907";"810 570";"A01";"0";"7";"0";"1";"2";"1";"1";""
"202200001908";"810 569";"A01";"1";"7";"8";"0";"1";"1";"1";""
"202200001909";"810 567";"A01";"0";"7";"0";"1";"3";"15";"1";""
"202200001910";"810 563";"A01";"1";"30";"0";"2";"1";"1";"1";""
"202200001910";"810 565";"B01";"1";"7";"0";"2";"3";"15";"2";""
"202200001911";"810 566";"A01";"2";"7";"4";"0";"1";"1";"1";""
"202200001912";"810 564";"A01";"2";"7";"0";"2";"1";"1";"0";""
"202200001912";"810 568";"B01";"0";"7";"1";"2";"4";"0";"1";""
"202200001913";"810 560";"A01";"3";"7";"0";"2";"6";"15";"1";""
"202200001913";"810 562";"B01";"3";"7";"0";"2";"3";"1";"1";""
"202200001914";"810 555";"C01";"1";"7";"0";"2";"1";"23";"1";""
"202200001914";"810 557";"B01";"2";"7";"0";"2";"3";"11";"1";""
"202200001914";"810 561";"A01";"2";"33";"0";"2";"7";"17";"1";""
"202200001915";"810 553";"C01";"1";"7";"0";"2";"1";"1";"1";""
"202200001915";"810 556";"B01";"1";"7";"0";"2";"1";"1";"1";""
"202200001915";"810 559";"A01";"1";"7";"0";"2";"1";"18";"1";""
"202200001916";"810 552";"A01";"1";"7";"0";"9";"2";"17";"1";""
"202200001916";"810 554";"B01";"0";"1";"0";"2";"1";"0";"5";""
"202200001917";"810 550";"B01";"2";"1";"0";"2";"3";"1";"5";""
"202200001917";"810 551";"A01";"1";"10";"0";"2";"3";"1";"0";""
"202200001918";"810 549";"B01";"2";"7";"8";"2";"1";"1";"0";""
"202200001918";"810 558";"A01";"1";"7";"8";"2";"7";"26";"0";""
"202200001919";"810 547";"A01";"2";"31";"0";"0";"8";"1";"1";""
"202200001920";"810 544";"A01";"2";"7";"0";"2";"1";"1";"1";""
"202200001920";"810 546";"B01";"2";"7";"0";"2";"4";"1";"1";""
"202200001920";"810 548";"C01";"2";"7";"0";"2";"4";"1";"1";""
"202200001921";"810 538";"B01";"1";"34";"0";"2";"4";"3";"1";""
"202200001921";"810 540";"A01";"1";"33";"0";"2";"1";"2";"1";""
"202200001922";"810 535";"A01";"1";"7";"0";"2";"4";"0";"1";""
"202200001922";"810 541";"B01";"3";"7";"0";"2";"0";"0";" -1";""
"202200001922";"810 543";"C01";"1";"7";"0";"2";"8";"0";"1";""
"202200001923";"810 536";"A01";"1";"7";"0";"2";"7";"15";"1";""
"202200001923";"810 539";"B01";"1";"33";"0";"2";"1";"1";"1";""
"202200001924";"810 534";"A01";"2";"7";"0";"2";"4";"12";"1";""
"202200001924";"810 537";"B01";"2";"33";"0";"2";"1";"3";"1";""
"202200001925";"810 532";"B01";"3";"30";"0";"2";"2";"1";"1";""
"202200001925";"810 533";"A01";"0";"7";"0";"2";"3";"26";"1";""
"202200001926";"810 528";"A01";"1";"7";"0";"2";"3";"1";"1";""
"202200001926";"810 531";"B01";"1";"7";"0";"2";"2";"9";"1";""
"202200001927";"810 530";"A01";"1";"7";"0";"1";"1";"1";"0";""
"202200001928";"810 527";"A01";"0";"7";"0";"9";"9";"14";"1";""
"202200001929";"810 521";"A01";"0";"7";"2";"0";"1";"13";"1";""
"202200001930";"810 523";"A01";"2";"10";"0";"1";"3";"15";"1";""
"202200001931";"810 519";"D01";"1";"7";"0";"2";"6";"1";"1";""
"202200001931";"810 520";"C01";"1";"7";"0";"2";"4";"1";"1";""
"202200001931";"810 524";"B01";"1";"7";"0";"2";"0";"0";"1";""
"202200001931";"810 526";"A01";"1";"7";"0";"2";"1";"1";"1";""
"202200001932";"810 518";"A01";"3";"0";"0";"1";"0";"19";"0";""
"202200001933";"810 514";"B01";"3";"33";"0";"2";"8";"1";"1";""
"202200001933";"810 516";"A01";"3";"10";"0";"2";"1";"10";"1";""
"202200001934";"810 515";"A01";"1";"7";"0";"1";"1";"13";"1";""
"202200001935";"810 510";"A01";"2";"7";"0";"1";"2";"1";"1";""
"202200001936";"810 508";"A01";"3";"7";"0";"2";"1";"15";"1";""
"202200001936";"810 511";"B01";"3";"33";"0";"2";"6";"1";"1";""
"202200001937";"810 503";"B01";"2";"50";"0";"2";"1";"25";"3";""