"Num_Acc";"id_vehicule";"num_veh";"senc";"catv";"obs";"obsm";"choc";"manv";"motor";"occutc"
"202200001937";"810 506";"A01";"2";"7";"0";"2";"2";"9";"1";""
"202200001938";"810 502";"B01";"1";"7";"0";"2";"5";"15";"1";""
"202200001938";"810 504";"A01";"2";"30";"0";"2";"1";"19";"1";""
"202200001939";"810 505";"A01";"2";"32";"12";"0";"2";"14";"1";""
"202200001940";"810 500";"B01";"2";"7";"1";"2";"1";"1";"1";""
"202200001940";"810 501";"A01";"2";"7";"0";"2";"4";"23";"1";""
"202200001941";"810 495";"A01";"1";"33";"0";"2";"1";"3";"1";""
"202200001941";"810 498";"B01";"1";"7";"0";"2";"3";"15";"1";""
"202200001942";"810 496";"Z01";"1";"7";"0";"0";"5";"15";"0";""
"202200001942";"810 499";"B01";"2";"1";"0";"2";"1";"1";"5";""
"202200001943";"810 494";"C01";"2";"1";"0";"2";"1";"1";"5";""
"202200001943";"810 497";"A01";"2";"7";"0";"2";"8";"15";"1";""
"202200001944";"810 490";"A01";"3";"7";"0";"2";"3";"1";"1";""
"202200001944";"810 493";"B01";"3";"34";"0";"2";"2";"1";"1";""
"202200001945";"810 491";"A01";"1";"7";"0";"2";"2";"15";"1";""
"202200001945";"810 492";"B01";"2";"80";"0";"2";"3";"1";"3";""
"202200001946";"810 489";"A01";"3";"7";"0";"1";"2";"14";"1";""
"202200001947";"810 486";"A01";"1";"7";"0";"1";"2";"1";"1";""
"202200001948";"810 487";"A01";"1";"33";"12";"0";"3";"13";"1";""
"202200001949";"810 483";"A01";"3";"15";"0";"0";"8";"1";"1";""
"202200001950";"810 482";"A01";"1";"7";"0";"2";"3";"2";"1";""
"202200001950";"810 485";"B01";"2";"7";"0";"2";"1";"15";"1";""
"202200001950";"810 488";"C01";"2";"7";"0";"2";"3";"2";"1";""
"202200001951";"810 478";"A01";"0";"7";"0";"2";"6";"15";"1";""
"202200001951";"810 480";"B01";"1";"1";"0";"2";"3";"1";"0";""
"202200001952";"810 475";"A01";"2";"7";"0";"2";"1";"2";"1";""
"202200001952";"810 479";"C01";"2";"7";"0";"2";"4";"2";"0";""
"202200001952";"810 484";"B01";"2";"7";"0";"2";"4";"2";"1";""
"202200001953";"810 477";"A01";"1";"7";"2";"2";"3";"1";"2";""
"202200001953";"810 481";"B01";"1";"7";"0";"2";"1";"1";"1";""
"202200001954";"810 473";"A01";"1";"7";"0";"2";"1";"15";"1";""
"202200001954";"810 476";"B01";"2";"32";"0";"2";"3";"1";"1";""
"202200001955";"810 471";"A01";"3";"7";"0";"2";"1";"9";"1";""
"202200001955";"810 474";"B01";"3";"7";"0";"2";"9";"1";"1";""
"202200001956";"810 468";"A01";"2";"37";"0";"1";"7";"16";"0";"1"
"202200001957";"810 469";"A01";"2";"33";"0";"2";"1";"3";"1";""
"202200001957";"810 472";"B01";"2";"10";"0";"9";"6";"1";"1";""
"202200001958";"810 466";"A01";"1";"10";"0";"2";"8";"22";"1";""
"202200001958";"810 470";"B01";"1";"31";"0";"2";"1";"3";"1";""
"202200001959";"810 465";"B01";"0";"7";"0";"2";"7";"17";"1";""
"202200001959";"810 467";"A01";"0";"7";"0";"2";"3";"14";"2";""
"202200001960";"810 462";"A01";"2";"7";"6";"0";"3";"16";"1";""
"202200001961";"810 461";"A01";"3";"7";"0";"9";"2";"22";"1";""
"202200001961";"810 464";"B01";"1";"1";"1";"0";"1";"1";"5";""
"202200001962";"810 459";"A01";"1";"7";"0";"2";"3";"9";"1";""
"202200001962";"810 463";"B01";"3";"7";"0";"2";"7";"0";"1";""
"202200001963";"810 455";"B01";"2";"7";"0";"2";"1";"1";"1";""
"202200001963";"810 458";"A01";"1";"7";"0";"2";"1";"13";"1";""
"202200001964";"810 451";"A01";"1";"33";"8";"0";"1";"0";"1";""
"202200001965";"810 450";"E01";"2";"7";"0";"2";"4";"23";"1";""
"202200001965";"810 453";"C01";"2";"7";"0";"2";"7";"23";"1";""
"202200001965";"810 456";"B01";"2";"33";"0";"2";"4";"2";"1";""
"202200001965";"810 457";"A01";"2";"7";"0";"2";"9";"2";"2";""
"202200001965";"810 460";"D01";"2";"7";"0";"2";"4";"23";"1";""
"202200001966";"810 449";"B01";"1";"7";"0";"2";"3";"9";"1";""
"202200001966";"810 452";"A01";"1";"7";"0";"2";"1";"9";"1";""
"202200001967";"810 448";"A01";"1";"7";"0";"2";"1";"1";"1";""
"202200001967";"810 454";"B01";"1";"7";"0";"2";"4";"2";"1";""
"202200001968";"810 447";"A01";"1";"33";"0";"0";"0";"2";"1";""
"202200001969";"810 444";"A01";"2";"31";"0";"2";"1";"3";"1";""
"202200001969";"810 446";"B01";"2";"7";"0";"2";"2";"12";"1";""
"202200001970";"810 445";"A01";"2";"7";"0";"1";"2";"1";"1";""
"202200001971";"810 443";"A01";"3";"7";"0";"1";" -1";"2";"1";""
"202200001972";"810 442";"A01";"1";"7";"0";"1";"5";"1";"1";""
"202200001973";"810 440";"A01";"1";"7";"0";"2";"1";"1";"1";""
"202200001973";"810 441";"B01";"2";"7";"0";"0";"1";"1";"1";""
"202200001974";"810 437";"A01";"2";"50";"0";"1";"1";"1";"3";""
"202200001975";"810 432";"A01";"1";"37";"0";"2";"2";"1";"1";"1"
"202200001975";"810 436";"B01";"1";"1";"0";"2";"5";"19";"5";""
"202200001976";"810 433";"A01";"2";"10";"0";"2";"1";"2";"1";""
"202200001976";"810 435";"B01";"2";"10";"0";"2";"4";"23";"1";""
"202200001976";"810 439";"C01";"2";"7";"0";"2";"4";"23";"1";""
"202200001977";"810 431";"A01";"0";"2";"0";"2";"1";"13";"1";""
"202200001977";"810 434";"B01";"0";"7";"0";"2";"1";"0";"1";""
"202200001978";"810 430";"A01";"3";"7";"0";"2";"3";"9";"1";""
"202200001978";"810 438";"B01";"1";"1";"0";"2";"7";"1";"5";""
"202200001979";"810 428";"A01";"1";"1";"0";"1";"1";"1";"5";""
"202200001980";"810 427";"A01";"2";"33";"0";"0";"0";"14";"1";""
"202200001981";"810 423";"C01";"1";"10";"0";"2";"5";"1";"1";""
"202200001981";"810 426";"B01";"1";"31";"0";"2";"8";"11";"1";""
"202200001981";"810 429";"A01";"1";"31";"0";"2";"1";"3";"1";""
"202200001982";"810 422";"B01";"1";"1";"12";"2";"0";"0";"0";""
"202200001982";"810 425";"A01";"1";"7";"12";"2";"7";"0";"1";""
"202200001983";"810 421";"A01";"2";"7";"0";"2";"1";"13";"1";""
"202200001983";"810 424";"B01";"1";"30";"0";"2";"1";"1";"1";""
"202200001984";"810 420";"A01";"2";"33";"0";"0";"2";"1";"1";""
"202200001985";"810 419";"A01";"1";"37";"0";"1";"3";"15";"1";"1"
"202200001986";"810 418";"A01";"1";"7";"0";"1";"2";"16";"1";""
"202200001987";"810 414";"A01";"2";"33";"4";"0";"4";"1";"1";""
"202200001988";"810 415";"A01";"0";"7";"0";"2";"1";"2";"1";""
"202200001988";"810 417";"B01";"0";"7";"0";"2";"6";"2";"1";""
"202200001989";"810 411";"B01";"1";"1";"0";"2";"8";"1";"5";""
"202200001989";"810 412";"A01";"1";"7";"0";"2";"1";"1";"2";""
"202200001990";"810 410";"C01";"1";"7";"0";"2";"1";"2";"1";""
"202200001990";"810 413";"B01";"1";"7";"0";"2";"3";"2";"1";""
"202200001990";"810 416";"A01";"1";"7";"0";"2";"4";"23";"1";""
"202200001991";"810 408";"A01";"2";"7";"2";"0";"9";"0";"1";""
"202200001992";"810 407";"A01";"2";"2";"0";"2";"2";"15";"3";""
"202200001992";"810 409";"B01";"2";"7";"0";"2";"3";"13";"1";""
"202200001993";"810 406";"A01";"2";"7";"0";"1";"1";"1";"1";""
"202200001994";"810 403";"A01";"1";"10";"0";"2";"1";"1";"1";""
"202200001994";"810 405";"B01";"3";"7";"0";"2";"4";"23";"1";""
"202200001995";"810 402";"A01";"2";"7";"0";"0";"9";"0";"1";""
"202200001996";"810 400";"A01";"1";"30";"0";"1";"1";"17";"1";""
"202200001997";"810 401";"A01";"1";"7";"0";"2";"4";"1";"1";""
"202200001997";"810 404";"B01";"1";"7";"0";"2";"1";"1";"1";""
"202200001998";"810 398";"B01";"2";"7";"0";"2";"5";"16";"1";""
"202200001998";"810 399";"A01";"2";"33";"0";"2";"1";"7";"1";""
"202200001999";"810 396";"A01";"0";"7";"2";"0";"0";"1";"1";""
"202200002000";"810 394";"B01";"1";"1";"0";"2";"1";"18";"5";""
"202200002000";"810 397";"A01";"1";"7";"0";"2";"5";"22";"1";""
"202200002001";"810 393";"A01";"3";"7";"0";"1";"2";"21";"1";""
"202200002002";"810 392";"B01";"1";"32";"0";"2";"1";"1";"1";""
"202200002002";"810 395";"A01";"1";"7";"0";"2";"3";"11";"1";""
"202200002003";"810 390";"A01";"2";"33";"16";"0";"1";"1";"1";""
"202200002004";"810 388";"A01";"2";"1";"0";"0";"0";"1";"5";""
"202200002005";"810 385";"A01";"1";"1";"0";"2";"2";"15";"5";""
"202200002005";"810 387";"B01";"2";"2";"0";"2";"1";"1";"0";""
"202200002006";"810 384";"A01";"1";"7";"8";"0";"2";"1";"1";""
"202200002007";"810 382";"A01";"1";"7";"0";"2";"1";"1";"2";""
"202200002007";"810 386";"B01";"2";"7";"0";"2";"7";"1";"1";""
"202200002008";"810 381";"A01";"2";"80";"0";"0";"0";"15";"3";""
"202200002009";"810 380";"A01";"1";"37";"0";"2";"3";"15";"1";"1"
"202200002009";"810 383";"B01";"2";"2";"0";"2";"1";"26";"1";""
"202200002010";"810 378";"A01";"1";"7";"0";"1";"2";"1";"1";""
"202200002011";"810 377";"A01";"2";"2";"0";"2";"8";"0";"1";""
"202200002011";"810 379";"B01";"2";"7";"0";"9";"3";"15";"1";""
"202200002012";"810 373";"B01";"1";"1";"0";"2";"1";"1";"5";""
"202200002012";"810 375";"A01";"1";"10";"0";"2";"4";"20";"1";""
"202200002013";"810 371";"A01";"1";"7";"0";"2";"2";"5";"1";""
"202200002013";"810 376";"B01";"2";"7";"0";"2";"1";"1";"0";""
"202200002014";"810 370";"B01";"2";"7";"0";"2";"3";"9";"1";""
"202200002014";"810 374";"A01";"1";"33";"0";"2";"1";"9";"1";""
"202200002015";"810 367";"A01";"2";"7";"0";"9";"1";"1";"1";""
"202200002015";"810 369";"B01";"2";"1";"0";"2";"4";"23";"5";""
"202200002016";"810 368";"B01";"1";"2";"0";"2";"1";"1";"1";""
"202200002016";"810 372";"A01";"2";"7";"0";"2";"3";"15";"1";""
"202200002017";"810 366";"A01";"2";"32";"12";"0";"1";"14";"1";""
"202200002018";"810 363";"B01";"3";"32";"0";"2";"0";"1";"1";""
"202200002018";"810 365";"A01";"3";"7";"0";"2";"0";"0";"1";""
"202200002019";"810 359";"A01";"1";"1";"0";"2";"1";"17";"5";""
"202200002019";"810 361";"B01";"1";"1";"0";"2";"1";"18";"5";""
"202200002020";"810 357";"A01";"1";"7";"0";"2";"3";"15";"1";""
"202200002020";"810 360";"B01";"1";"33";"0";"2";"2";"17";"1";""
"202200002021";"810 358";"A01";"1";"7";"2";"0";"8";"0";"1";""
"202200002022";"810 356";"A01";"2";"31";"4";"0";"8";"1";"1";""
"202200002023";"810 353";"Z01";"3";"1";"0";"1";"1";"1";"5";""
"202200002024";"810 354";"B01";"1";"7";"0";"2";"2";"19";"1";""
"202200002024";"810 355";"A01";"2";"7";"0";"2";"2";"1";"1";""
"202200002025";"810 350";"A01";"1";"39";"0";"1";"3";"1";"0";""
"202200002026";"810 351";"A01";"1";"7";"0";"1";"5";"9";"2";""
"202200002027";"810 347";"A01";"1";"1";"0";"1";"1";"1";"5";""
"202200002028";"810 348";"B01";"1";"7";"0";"2";"8";"15";"1";""
"202200002028";"810 352";"A01";"1";"33";"0";"2";"7";"17";"1";""
"202200002029";"810 346";"B01";"1";"7";"0";"2";"2";"1";"3";""
"202200002029";"810 349";"A01";"1";"7";"0";"2";"3";"9";"1";""
"202200002030";"810 344";"B01";"3";"7";"0";"2";"6";"4";"1";""
"202200002030";"810 345";"A01";"3";"33";"0";"2";"1";"1";"1";""
"202200002031";"810 343";"A01";"1";"7";"6";"0";"3";"13";"1";""
"202200002032";"810 342";"A01";"3";"50";"0";"1";"3";"1";"3";""
"202200002033";"810 339";"A01";"1";"7";"0";"2";"4";"23";"1";""
"202200002033";"810 341";"B01";"1";"10";"0";"2";"1";"0";"0";""
"202200002034";"810 338";"A01";"2";"7";"2";"0";"1";"1";"1";""
"202200002035";"810 337";"A01";"2";"1";"1";"0";"6";"14";"5";""
"202200002035";"810 340";"B01";"2";"7";"0";"0";"6";"0";"1";""
"202200002036";"810 335";"B01";"2";"32";"1";"2";"2";"17";"1";""
"202200002036";"810 336";"A01";"2";"10";"0";"2";"3";"15";"1";""
"202200002037";"810 330";"A01";"2";"7";"13";"0";"3";"13";"1";""
"202200002038";"810 328";"B01";"2";"7";"0";"2";"3";"1";" -1";""
"202200002038";"810 333";"A01";"1";"7";"0";"2";"3";"17";" -1";""
"202200002039";"810 326";"B01";"2";"7";"0";"2";"6";"16";"1";""
"202200002039";"810 329";"A01";"2";"32";"0";"2";"7";"17";"1";""
"202200002040";"810 325";"A01";"3";"33";"0";"0";"0";"1";"1";""
"202200002041";"810 320";"A01";"2";"10";"0";"2";"7";"16";"1";""
"202200002041";"810 323";"B01";"2";"1";"0";"2";"1";"1";"5";""
"202200002042";"810 319";"A01";"2";"33";"0";"2";"1";"1";"1";""
"202200002042";"810 322";"B01";"1";"7";"0";"2";"8";"15";"1";""
"202200002043";"810 332";"A01";"2";"30";"0";"0";"0";"1";"3";""
"202200002044";"810 316";"B01";"3";"0";"0";"2";"7";"1";"0";""
"202200002044";"810 318";"A01";"3";"37";"0";"9";"8";"15";"6";"1"
"202200002045";"810 312";"A01";"3";"7";"6";"0";"1";"24";"2";""
"202200002046";"810 311";"B01";"1";"7";"0";"2";"1";"1";"2";""
"202200002046";"810 313";"A01";"1";"1";"0";"2";"1";"17";"5";""
"202200002047";"810 310";"A01";"3";"7";"0";"1";"2";"15";"1";""
"202200002048";"810 305";"A01";"2";"10";"0";"1";"2";"1";"1";""
"202200002049";"810 304";"B01";"1";"50";"0";"2";"0";"1";"3";""
"202200002049";"810 306";"A01";"1";"10";"0";"2";"1";"16";"1";""
"202200002050";"810 302";"A01";"1";"7";"0";"2";"2";"2";"2";""
"202200002050";"810 308";"B01";"1";"7";"0";"2";"6";"23";"2";""
"202200002051";"810 301";"A01";"2";"7";"0";"2";"8";"9";"1";""
"202200002051";"810 303";"B01";"2";"2";"0";"2";"1";"21";"1";""
"202200002052";"810 300";"A01";"1";"7";"0";"1";"1";"1";"1";""
"202200002053";"810 297";"A01";"2";"2";"0";"1";"1";"1";"3";""
"202200002054";"810 299";"A01";"1";"80";"0";"1";"2";"1";"3";""
"202200002055";"810 293";"B01";"2";"1";"0";"2";"0";"0";"5";""
"202200002055";"810 296";"A01";"2";"7";"0";"9";"3";"1";"1";""
"202200002056";"810 292";"A01";"2";"7";"0";"1";"1";"1";"1";""
"202200002057";"810 290";"A01";"1";"7";"0";"2";"5";"1";"1";""
"202200002057";"810 295";"C01";"2";"7";"0";"2";"1";"1";"1";""
"202200002057";"810 298";"B01";"1";"7";"0";"2";"1";"1";"1";""
"202200002058";"810 291";"A01";"1";"7";"1";"1";"2";"0";"1";""
"202200002059";"810 289";"B01";"1";"30";"0";"2";"4";"1";"1";""
"202200002059";"810 294";"A01";"1";"17";"0";"2";"1";"1";"1";""
"202200002060";"810 286";"A01";"1";"50";"0";"0";"0";"1";"3";""
"202200002061";"810 284";"A01";"3";"7";"0";"1";"1";"26";"1";""
"202200002062";"810 283";"A01";"1";"7";"1";"0";"2";"1";"1";""
"202200002063";"810 280";"A01";"2";"14";"0";"1";"1";"2";"0";""
"202200002064";"810 278";"A01";"2";"10";"0";"2";"3";"1";"1";""
"202200002064";"810 282";"B01";"1";"7";"0";"2";"3";"1";"1";""
"202200002065";"810 277";"B01";"1";"1";"0";"2";"8";"1";"5";""
"202200002065";"810 281";"A01";"2";"7";"0";"2";"3";"15";"1";""
"202200002066";"810 275";"A01";"2";"7";"1";"0";"1";"14";"1";""
"202200002066";"810 276";"B01";"2";"7";"0";"2";"6";"0";"1";""
"202200002066";"810 279";"C01";"2";"7";"0";"2";"4";"0";"1";""
"202200002067";"810 273";"A01";"2";"34";"0";"1";"1";"3";"1";""
"202200002068";"810 271";"B01";"3";"21";"0";"2";"1";"23";"1";""
"202200002068";"810 274";"A01";"3";"7";"14";"2";"8";"13";"1";""
"202200002069";"810 269";"B01";"1";"7";"0";"2";"2";"1";"1";""
"202200002069";"810 272";"A01";"2";"7";"0";"2";"2";"5";"1";""
"202200002070";"810 263";"A01";"0";"7";"0";"2";"3";"2";"1";""
"202200002070";"810 265";"B01";"0";"33";"0";"0";"7";"23";"1";""
"202200002071";"810 261";"A01";"1";"7";"0";"2";"1";"15";"1";""
"202200002071";"810 266";"B01";"2";"33";"0";"2";"1";"1";"1";""
"202200002072";"810 259";"A01";"3";"7";"0";"2";"1";"1";"1";""
"202200002072";"810 262";"B01";"3";"7";"0";"2";"2";"26";"1";""
"202200002073";"810 258";"A01";"2";"7";"0";"1";"2";"19";"1";""
"202200002074";"810 257";"B01";"1";"7";"0";"2";"5";"2";"1";""
"202200002074";"810 260";"A01";"1";"1";"0";"2";"1";"2";"5";""
"202200002075";"810 256";"A01";" -1";"7";" -1";" -1";" -1";" -1";"1";""
"202200002076";"810 250";"A01";"0";"80";"0";"2";"8";"19";"3";""
"202200002076";"810 252";"B01";"0";"7";"0";"2";"3";"1";"1";""
"202200002077";"810 249";"A01";"2";"30";"0";"2";"1";"1";"1";""
"202200002077";"810 254";"B01";"1";"1";"0";"2";"1";"15";"5";""
"202200002078";"810 251";"A01";"3";"7";"0";"2";"1";"13";"1";""
"202200002078";"810 253";"B01";"3";"7";"0";"2";"1";"1";"1";""
"202200002079";"810 246";"B01";"2";"7";"0";"2";"4";"2";"1";""
"202200002079";"810 247";"A01";"2";"7";"0";"2";"1";"2";"1";""
"202200002080";"810 243";"B01";"1";"7";"0";"2";"1";"26";"1";""
"202200002080";"810 248";"A01";"2";"7";"0";"2";"1";"5";"1";""
"202200002081";"810 242";"B01";"2";"2";"0";"2";"3";"18";"1";""
"202200002081";"810 245";"A01";"2";"10";"0";"2";"2";"1";"1";""
"202200002082";"810 241";"A01";"2";"50";"0";"1";"1";"25";"3";""
"202200002083";"810 240";"B01";"1";"1";"0";"2";"1";"1";"5";""
"202200002083";"810 244";"A01";"2";"30";"0";"2";"1";"5";"1";""
"202200002084";"810 239";"A01";"2";"7";"2";"0";"7";"1";"1";""
"202200002085";"810 238";"A01";"1";"7";"8";"1";"3";"9";"0";""
"202200002086";"810 232";"A01";"2";"33";"0";"0";"7";"1";"1";""
"202200002087";"810 234";"A01";"0";"7";"0";"0";"2";"1";"2";""
"202200002087";"810 237";"B01";"0";"7";"0";"0";"3";"0";"0";""
"202200002088";"810 233";"B01";"1";"33";"0";"2";"1";"1";"1";""
"202200002088";"810 236";"A01";"1";"7";"0";"2";"8";"15";"1";""
"202200002089";"810 230";"B01";"3";"50";"0";"2";"2";"9";"3";""
"202200002089";"810 235";"A01";"2";"7";"0";"2";"3";"16";"1";""
"202200002090";"810 227";"A01";"3";"7";"0";"2";"1";"14";"1";""
"202200002090";"810 231";"B01";"3";"7";"0";"2";"2";"15";"1";""
"202200002091";"810 224";"A01";"2";"10";"0";"1";"2";"19";"1";""
"202200002092";"810 226";"B01";"0";"7";"0";"2";"3";"2";"1";""
"202200002092";"810 229";"A01";"0";"33";"0";"2";"2";"3";"1";""
"202200002093";"810 225";"A01";"2";"33";"0";"2";"1";"1";"1";""
"202200002093";"810 228";"B01";"1";"10";"0";"2";"3";"1";"1";""
"202200002094";"810 222";"A01";"1";"7";"13";"0";"3";"1";"1";""
"202200002095";"810 223";"A01";"2";"7";"0";"1";"1";"1";"1";""
"202200002096";"810 219";"A01";"1";"7";"0";"1";"1";"1";"1";""
"202200002097";"810 218";"A01";"2";"7";"0";"2";"3";"15";"1";""
"202200002097";"810 220";"B01";"2";"30";"0";"2";"5";"15";"1";""
"202200002098";"810 217";"B01";"2";"7";"0";"2";"1";"1";"1";""
"202200002098";"810 221";"A01";"1";"7";"0";"2";"4";"0";"1";""
"202200002099";"810 216";"A01";"1";"7";"0";"1";"1";"1";"1";""
"202200002100";"810 215";"A01";"2";"50";"0";"0";"0";"21";"3";""
"202200002101";"810 213";"A01";"1";"7";"0";"1";"1";"9";"1";""
"202200002102";"810 212";"A01";"1";"33";"0";"0";"7";"1";"1";""
"202200002103";"810 211";"A01";"2";"7";"0";"2";"2";"15";"1";""
"202200002103";"810 214";"B01";"1";"30";"0";"2";"1";"1";"1";""
"202200002104";"810 207";"B01";"2";"99";"0";"2";"3";"1";"0";""
"202200002104";"810 209";"A01";"2";"7";"0";"2";"3";"15";"1";""
"202200002105";"810 208";"B01";"1";"33";"0";"2";"8";"19";"1";""
"202200002105";"810 210";"A01";"1";"33";"0";"2";"1";"3";"1";""
"202200002106";"810 205";"A01";"2";"33";"0";"0";"7";"14";"1";""
"202200002107";"810 201";"A01";"1";"7";"0";"2";"2";"4";"1";""
"202200002107";"810 204";"B01";"1";"2";"0";"2";"2";"2";"1";""
"202200002108";"810 203";"B01";"1";"1";"0";"2";"4";"2";"5";""
"202200002108";"810 206";"Z01";"1";"7";"0";"2";"1";"2";"0";""
"202200002109";"810 197";"A01";"2";"33";"0";"2";"1";"2";"1";""
"202200002109";"810 200";"B01";"2";"7";"0";"0";"4";"2";"1";""
"202200002110";"810 198";"B01";"2";"37";"0";"2";"7";"1";"6";"2"
"202200002110";"810 202";"A01";"3";"10";"0";"2";"6";"10";"1";""
"202200002111";"810 199";"A01";"3";"7";"0";"1";"3";"16";"1";""
"202200002112";"810 193";"B01";"3";"33";"0";"2";"1";"1";"1";""
"202200002112";"810 196";"A01";"3";"7";"0";"2";"3";"1";"1";""
"202200002113";"810 189";"B01";"2";"34";"0";"2";"4";"2";"1";""
"202200002113";"810 192";"A01";"2";"7";"0";"2";"1";"2";"1";""
"202200002114";"810 190";"A01";"2";"7";"0";"2";"1";"17";"1";""
"202200002114";"810 194";"B01";"1";"7";"3";"2";"1";"1";"1";""
"202200002115";"810 188";"B01";"2";"10";"0";"0";"6";"2";"1";""
"202200002115";"810 191";"A01";"2";"10";"0";"2";"2";"2";"1";""
"202200002116";"810 187";"B01";"2";"10";"0";"2";"2";"2";"1";""
"202200002116";"810 195";"A01";"2";"7";"0";"2";"3";"2";"1";""
"202200002117";"810 186";"A01";"1";"7";"0";"6";"8";"1";"1";""
"202200002118";"810 185";"A01";"2";"7";"0";"0";"2";"13";"1";""
"202200002119";"810 184";"A01";"3";"7";"0";"1";"3";"16";"2";""
"202200002120";"810 183";"A01";"3";"7";"0";"1";"2";"15";"6";""
"202200002121";"810 181";"A01";"3";"7";"2";"0";"8";"1";"1";""
"202200002122";"810 180";"B01";"2";"7";"0";"2";"1";"0";"1";""
"202200002122";"810 182";"A01";"1";"7";"0";"2";"3";"1";"1";""
"202200002123";"810 178";"A01";"1";"33";"1";"0";"1";"1";"1";""
"202200002124";"810 179";"A01";"1";"7";"0";"0";"1";"0";"1";""
"202200002125";"810 177";"B01";"3";"7";"0";"1";"4";"4";"1";""
"202200002126";"810 176";"A01";"3";"7";"2";"0";"1";"1";"1";""
"202200002127";"810 175";"Z01";"2";"32";"0";"1";"1";"1";"1";""
"202200002128";"810 174";"A01";"3";"14";"0";"0";"0";"26";"1";""
"202200002129";"810 172";"A01";"3";"7";"0";"1";"1";"0";"0";""
"202200002130";"810 171";"B01";"3";"7";"0";"2";"2";"12";"6";""
"202200002130";"810 173";"A01";"3";"32";"0";"2";"8";"1";"1";""
"202200002131";"810 170";"A01";"1";"33";"0";"0";"2";"1";"1";""
"202200002132";"810 169";"B01";"2";"7";"0";"1";"1";"1";"1";""
"202200002133";"810 167";"A01";"3";"7";"2";"0";"1";"26";"1";""
"202200002134";"810 163";"A01";"0";"7";"0";"2";"3";"0";"1";""
"202200002134";"810 166";"B01";"0";"1";"0";"2";"1";"0";"5";""
"202200002135";"810 165";"B01";"2";"33";"0";"2";"1";"1";"1";""
"202200002135";"810 168";"A01";"1";"7";"0";"2";"2";"15";"1";""
"202200002136";"810 161";"A01";"3";"32";"0";"1";"1";"2";"1";""
"202200002137";"810 162";"A01";"1";"7";"0";"2";"1";"13";"0";""
"202200002137";"810 164";"B01";"2";"10";"0";"2";"1";"0";"1";""
"202200002138";"810 160";"A01";"1";"7";"0";"1";"1";"15";"1";""
"202200002139";"810 159";"A01";"1";"7";"15";"0";"1";"1";"3";""
"202200002140";"810 157";"A01";"1";"7";"2";"0";"1";"1";"1";""
"202200002141";"810 155";"A01";"1";"7";"0";"2";"3";"1";"1";""
"202200002141";"810 156";"B01";"1";"33";"0";"0";"4";"23";"1";""
"202200002142";"810 154";"B01";"1";"7";"0";"2";"0";"16";"1";""
"202200002142";"810 158";"A01";"1";"32";"0";"2";"1";"1";"1";""
"202200002143";"810 152";"A01";"2";"7";"17";"0";"3";"13";"2";""
"202200002144";"810 151";"A01";"1";"7";"4";"0";"1";"1";"1";""
"202200002145";"810 150";"A01";"1";"7";"0";"2";"1";"1";"1";""
"202200002145";"810 153";"B01";"3";"1";"0";"2";"3";"1";"5";""
"202200002146";"810 144";"A01";"1";"7";"0";"9";"1";"1";"1";""
"202200002146";"810 148";"B01";"1";"1";"0";"2";"7";"1";"5";""
"202200002147";"810 145";"B01";"2";"60";"0";"2";"1";"19";"5";""
"202200002147";"810 147";"A01";"1";"7";"0";"2";"2";"1";"1";""
"202200002148";"810 143";"A01";"1";"10";"13";"0";"2";"16";"1";""
"202200002149";"810 141";"A01";"0";"7";"0";"1";"2";"1";"1";""
"202200002150";"810 139";"A01";"1";"7";"0";"2";"3";"22";"1";""
"202200002150";"810 140";"B01";"1";"1";"1";"0";"1";"1";"5";""
"202200002151";"810 142";"A01";"2";"14";"0";"1";"6";"15";"1";""
"202200002152";"810 138";"A01";"2";"7";"17";"0";"5";"1";"1";""
"202200002153";"810 137";"A01";"2";"7";"8";"0";"0";"6";"1";""
"202200002154";"810 136";"A01";"2";"7";"0";"1";"1";"1";"2";""
"202200002155";"810 134";"A01";"3";"20";"0";"0";"8";"21";"1";""
"202200002156";"810 133";"A01";"2";"7";"0";"0";"3";"1";"1";""
"202200002157";"810 132";"B01";"3";"3";"0";"2";"8";"1";"0";""
"202200002157";"810 135";"A01";"3";"7";"0";"2";"2";"15";"1";""
"202200002158";"810 128";"A01";"2";"7";"0";"0";"6";"15";"2";""
"202200002158";"810 131";"B01";"2";"33";"0";"2";"1";"17";"1";""
"202200002159";"810 127";"A01";"1";"38";"0";"9";"3";"1";"1";"1"
"202200002159";"810 130";"B01";"1";"1";"0";"2";"8";"16";"5";""
"202200002160";"810 124";"B01";"2";"2";"0";"2";"1";"1";"3";""
"202200002160";"810 126";"A01";"2";"7";"0";"2";"7";"20";"1";""
"202200002161";"810 125";"B01";"1";"33";"0";"2";"1";"1";"1";""
"202200002161";"810 129";"A01";"2";"7";"0";"2";"2";"15";"1";""
"202200002162";"810 123";"A01";"1";"7";"0";"1";"8";"1";"1";""
"202200002163";"810 117";"A01";"1";"31";"0";"2";"3";"18";"1";""
"202200002163";"810 120";"B01";"1";"7";"0";"2";"7";"16";"1";""
"202200002164";"810 114";"B01";"2";"7";"0";"2";"3";"1";"1";""
"202200002164";"810 118";"A01";"1";"33";"0";"2";"1";"1";"1";""
"202200002165";"810 115";"B01";"2";"7";"0";"2";"2";"1";"1";""
"202200002165";"810 121";"A01";"3";"50";"0";"2";"1";"15";"3";""
"202200002166";"810 116";"A01";"0";"7";"0";"2";"5";"0";"1";""