"Num_Acc";"id_vehicule";"num_veh";"senc";"catv";"obs";"obsm";"choc";"manv";"motor";"occutc"
"202200002166";"810 119";"C01";"0";"10";"0";"2";"7";"1";"1";""
"202200002166";"810 122";"B01";"0";"7";"0";"0";"1";"0";"0";""
"202200002167";"810 112";"A01";"3";"7";"0";"0";"2";"16";"1";""
"202200002168";"810 113";"A01";"1";"7";"0";"1";"3";"26";"1";""
"202200002169";"810 110";"B01";"2";"33";"16";"0";"9";"1";"1";""
"202200002169";"810 111";"A01";"1";"10";"0";"0";"0";"17";"1";""
"202200002170";"810 108";"B01";"1";"7";"0";"2";"1";"1";"1";""
"202200002170";"810 109";"A01";"2";"7";"0";"2";"1";"1";"0";""
"202200002171";"810 107";"A01";"1";"7";"0";"1";"2";"1";"1";""
"202200002172";"810 104";"A01";"1";"7";"2";"0";"1";"1";"1";""
"202200002173";"810 103";"A01";"1";"7";"0";"2";"8";"9";"1";""
"202200002173";"810 105";"B01";"2";"32";"0";"2";"1";"1";"1";""
"202200002174";"810 102";"A01";"2";"7";"0";"2";"1";"15";"1";""
"202200002174";"810 106";"B01";"1";"7";"0";"2";"1";"1";"1";""
"202200002175";"810 100";"B01";"3";"30";"0";"2";"1";"2";"1";""
"202200002175";"810 101";"A01";"0";"10";"0";"0";"4";"23";"0";""
"202200002176";"810 094";"B01";"1";"32";"0";"2";"1";"17";"1";""
"202200002176";"810 097";"A01";"2";"7";"0";"2";"2";"1";"1";""
"202200002177";"810 096";"A01";"1";"50";"0";"0";"0";"1";"3";""
"202200002178";"810 095";"B01";"1";"7";"0";"2";"4";"2";"2";""
"202200002178";"810 099";"A01";"1";"33";"0";"2";"1";"2";"1";""
"202200002179";"810 091";"C01";"3";"1";"0";"2";"1";"5";"5";""
"202200002179";"810 093";"B01";"3";"1";"0";"2";"1";"5";"5";""
"202200002179";"810 098";"A01";"3";"7";"0";"9";"1";"26";"1";""
"202200002180";"810 092";"A01";"2";"7";"0";"1";"3";"1";"1";""
"202200002181";"810 090";"A01";"2";"7";"0";"1";"1";"1";"1";""
"202200002182";"810 087";"A01";"3";"33";"0";"0";"0";"0";"1";""
"202200002183";"810 088";"A01";"1";"7";"3";"0";"1";"2";"1";""
"202200002184";"810 086";"B01";"1";"7";"0";"2";"0";"20";"1";""
"202200002184";"810 089";"A01";"1";"50";"0";"2";"1";"1";"3";""
"202200002185";"810 085";"A01";"3";"36";"0";"0";"0";"1";"1";""
"202200002186";"810 084";"A01";"1";"7";"0";"1";"3";"15";"1";""
"202200002187";"810 083";"A01";"2";"7";"2";"0";"8";"14";"1";""
"202200002188";"810 078";"A01";"2";"10";"0";"2";"1";"1";"1";""
"202200002188";"810 081";"B01";"2";"7";"0";"2";"8";"19";"1";""
"202200002189";"810 077";"B01";"2";"7";"0";"2";"3";"1";"1";""
"202200002189";"810 082";"A01";"1";"7";"0";"2";"3";"1";"1";""
"202200002190";"810 074";"C01";"3";"7";"0";"0";"4";"2";"0";""
"202200002190";"810 076";"B01";"3";"7";"0";"2";"4";"2";"0";""
"202200002190";"810 079";"A01";"3";"10";"0";"2";"1";"2";"0";""
"202200002191";"810 069";"A01";"3";"7";"14";"0";"5";"20";"1";""
"202200002192";"810 068";"B01";"2";"7";"0";"2";"2";"17";"1";""
"202200002192";"810 072";"A01";"2";"7";"0";"0";"3";"15";"1";""
"202200002193";"810 066";"B01";"1";"15";"0";"0";"6";"23";"1";""
"202200002193";"810 071";"A01";"1";"2";"0";"2";"1";"2";"1";""
"202200002194";"810 064";"B01";"2";"7";"0";"2";"8";"21";"2";""
"202200002194";"810 070";"C01";"2";"7";"0";"2";"3";"0";"1";""
"202200002194";"810 073";"A01";"1";"7";"0";"2";"3";"13";"1";""
"202200002195";"810 062";"A01";"1";"7";"2";"0";"1";"13";"1";""
"202200002196";"810 061";"A01";"2";"17";"0";"2";"1";"1";"1";""
"202200002196";"810 063";"B01";"1";"7";"0";"2";"4";"1";"1";""
"202200002197";"810 057";"B01";"1";"32";"0";"2";"1";"1";"1";""
"202200002197";"810 059";"A01";"2";"7";"0";"2";"3";"17";"1";""
"202200002198";"810 056";"A01";"1";"7";"0";"2";"1";"5";"1";""
"202200002198";"810 058";"B01";"2";"7";"0";"2";"1";"1";"1";""
"202200002199";"810 055";"A01";"2";"7";"0";"2";"3";"1";"1";""
"202200002199";"810 060";"B01";"1";"2";"0";"2";"7";"2";"1";""
"202200002200";"810 054";"A01";"1";"36";"15";"0";"2";"1";"1";""
"202200002201";"810 052";"A01";"2";"1";"0";"0";"0";"1";"5";""
"202200002202";"810 048";"B01";"2";"7";"0";"2";"3";"1";"1";""
"202200002202";"810 049";"A01";"1";"7";"0";"2";"3";"1";"1";""
"202200002203";"810 047";"B01";"1";"21";"0";"2";"3";"15";"1";""
"202200002203";"810 051";"A01";"1";"7";"0";"2";"2";"17";"2";""
"202200002204";"810 045";"A01";"2";"7";"2";"0";"2";"13";"1";""
"202200002205";"810 046";"B01";"0";"7";"0";"2";"4";"1";"1";""
"202200002205";"810 050";"A01";"0";"7";"0";"2";"1";"1";"1";""
"202200002206";"810 043";"A01";"2";"7";"2";"0";"2";"1";"1";""
"202200002207";"810 042";"A01";"1";"7";"6";"0";"2";"14";"1";""
"202200002208";"810 039";"A01";"2";"43";"0";"2";"1";"0";"1";""
"202200002208";"810 041";"B01";"2";"34";"0";"2";"1";"0";"1";""
"202200002208";"810 044";"C01";"1";"7";"0";"2";"8";"15";"1";""
"202200002209";"810 038";"A01";"2";"7";"0";"2";"3";"15";"1";""
"202200002209";"810 040";"B01";"1";"2";"0";"2";"3";"1";"1";""
"202200002210";"810 037";"A01";"2";"7";"6";"0";"3";"1";"1";""
"202200002211";"810 035";"A01";"2";"7";"13";"0";"1";"16";"1";""
"202200002212";"810 033";"A01";"1";"36";"8";"0";"1";"1";"1";""
"202200002213";"810 034";"A01";"2";"7";"0";"2";"7";"1";"1";""
"202200002213";"810 036";"B01";"1";"7";"0";"2";"2";"19";"1";""
"202200002214";"810 032";"A01";"2";"33";"0";"0";"0";"11";"1";""
"202200002215";"810 030";"A01";"2";"7";"0";"2";"3";"5";"1";""
"202200002215";"810 031";"B01";"1";"7";"0";"2";"1";"9";"1";""
"202200002216";"810 029";"A01";"2";"33";"0";"0";"9";"1";"1";""
"202200002217";"810 028";"A01";"1";"1";"0";"0";"9";"0";"5";""
"202200002218";"810 026";"A01";"1";"7";"17";"0";"1";"0";" -1";""
"202200002219";"810 024";"A01";"2";"7";"13";"0";"9";"1";"1";""
"202200002220";"810 021";"B01";"1";"33";"0";"2";"1";"13";"1";""
"202200002220";"810 023";"A01";"2";"13";"0";"2";"6";"1";"1";""
"202200002221";"810 022";"C01";"3";"7";"0";"2";"1";"23";"1";""
"202200002221";"810 025";"B01";"3";"7";"0";"2";"1";"9";"1";""
"202200002221";"810 027";"A01";"3";"33";"0";"2";"1";"17";"0";""
"202200002222";"810 020";"A01";" -1";"7";" -1";"1";" -1";" -1";" -1";""
"202200002223";"810 018";"A01";"3";"42";"13";"0";"2";"1";"1";""
"202200002224";"810 019";"A01";"1";"7";"0";"1";"2";"1";"1";""
"202200002225";"810 017";"A01";"1";"7";"16";"0";"0";"1";"1";""
"202200002226";"810 014";"A01";"1";"7";"0";"1";"1";"19";"1";""
"202200002227";"810 015";"A01";"2";"7";"0";"2";"1";"9";"1";""
"202200002227";"810 016";"B01";"1";"1";"0";"2";"2";"1";"5";""
"202200002228";"810 010";"B01";"2";"33";"0";"2";"1";"1";"1";""
"202200002228";"810 012";"A01";"1";"10";"0";"2";"2";"19";"1";""
"202200002229";"810 011";"A01";"2";"7";"0";"0";"3";"17";"1";""
"202200002229";"810 013";"B01";"1";"33";"0";"2";"1";"1";"1";""
"202200002230";"810 009";"A01";"2";"7";"3";"0";"4";"0";"1";""
"202200002231";"810 007";"A01";"3";"2";"13";"0";"1";"2";"1";""
"202200002232";"810 006";"A01";"1";"7";"0";"1";"2";"1";"1";""
"202200002233";"810 005";"B01";"1";"10";"0";"2";"2";"21";"1";""
"202200002233";"810 008";"A01";"2";"7";"0";"2";"2";"10";"1";""
"202200002234";"810 004";"A01";"1";"7";"0";"1";"1";"16";"2";""
"202200002235";"810 003";"A01";"2";"7";"13";"0";"2";"1";"1";""
"202200002236";"809 999";"A01";"1";"14";"0";"2";"3";"15";"1";""
"202200002236";"810 001";"B01";"1";"7";"0";"2";"1";"1";"0";""
"202200002237";"809 998";"B01";"3";"33";"0";"2";"1";"1";"1";""
"202200002237";"810 000";"A01";"3";"7";"0";"2";"5";"10";"1";""
"202200002238";"809 997";"B01";"3";"1";"0";"2";"5";"1";"5";""
"202200002238";"810 002";"E01";"0";"0";"0";"2";"0";"0";" -1";""
"202200002239";"809 994";"A01";"2";"10";"13";"0";"1";"14";"1";""
"202200002240";"809 992";"B01";"3";"31";"0";"2";"3";"1";"1";""
"202200002240";"809 995";"A01";"3";"7";"0";"2";"3";"15";"1";""
"202200002241";"809 990";"A01";"3";"7";"0";"2";"2";"15";"1";""
"202200002241";"809 993";"B01";"3";"1";"0";"2";"1";"1";"5";""
"202200002242";"809 989";"A01";"1";"33";"0";"0";"5";"1";"1";""
"202200002242";"809 991";"B01";"0";"7";"0";"2";"2";"15";"2";""
"202200002243";"809 987";"A01";"1";"2";"12";"0";"0";"14";"1";""
"202200002244";"809 986";"A01";"1";"7";"4";"2";"1";"2";"1";""
"202200002244";"809 988";"B01";"1";"17";"0";"0";"5";"2";"1";""
"202200002245";"809 985";"A01";"2";"33";"16";"0";"7";"1";"1";""
"202200002246";"809 983";"A01";"2";"7";"0";"1";"2";"1";"1";""
"202200002247";"809 981";"A01";"1";"7";"0";"2";"3";"13";"1";""
"202200002247";"809 984";"B01";"2";"7";"0";"2";"8";"13";"1";""
"202200002248";"809 980";"A01";"1";"7";"0";"2";"3";"10";"1";""
"202200002248";"809 982";"B01";"1";"33";"0";"2";"1";"1";"1";""
"202200002249";"809 976";"A01";"2";"7";"0";"2";"1";"2";"1";""
"202200002249";"809 978";"B01";"2";"7";"0";"2";"4";"2";"1";""
"202200002250";"809 974";"B01";"3";"7";"0";"2";"5";"1";"1";""
"202200002250";"809 979";"A01";"3";"10";"0";"2";"1";"1";"1";""
"202200002251";"809 975";"A01";"2";"31";"3";"0";"3";"0";"1";""
"202200002252";"809 977";"A01";"2";"7";"15";"0";"1";"14";"0";""
"202200002253";"809 970";"A01";"2";"7";"2";"0";"9";"1";"1";""
"202200002254";"809 969";"B01";"1";"7";"0";"2";"2";"1";"1";""
"202200002254";"809 972";"A01";"1";"1";"0";"2";"1";"5";"5";""
"202200002255";"809 968";"B01";"2";"7";"3";"2";"9";"21";"1";""
"202200002255";"809 971";"A01";"2";"7";"3";"2";"9";"13";"1";""
"202200002256";"809 967";"A01";"1";"7";"0";"1";"2";"1";"1";""
"202200002257";"809 966";"A01";"3";"7";"0";"1";"2";"1";"6";""
"202200002258";"809 964";"A01";"1";"7";"13";"0";"2";"1";"2";""
"202200002259";"809 961";"Z01";"2";"7";"0";"2";"1";"0";"0";""
"202200002259";"809 963";"A01";"2";"7";"0";"2";"4";"1";"1";""
"202200002260";"809 962";"A01";"3";"7";"0";"2";"5";"15";"1";""
"202200002260";"809 965";"B01";"3";"30";"0";"2";"1";"1";"1";""
"202200002261";"809 959";"A01";"1";"7";"0";"2";"1";"15";"1";""
"202200002261";"809 960";"B01";"2";"31";"0";"2";"8";"1";"1";""
"202200002262";"809 957";"A01";"2";"7";"4";"0";"3";"17";"1";""
"202200002263";"809 954";"A01";"1";"7";"1";"0";"2";"1";"0";""
"202200002264";"809 951";"A01";"2";"7";"0";"2";"2";"15";"1";""
"202200002264";"809 955";"B01";"1";"2";"0";"2";"1";"1";"1";""
"202200002265";"809 952";"A01";"1";"13";"0";"2";"3";"2";"1";""
"202200002265";"809 956";"B01";"1";"7";"0";"2";"4";"2";"1";""
"202200002266";"809 950";"B01";"2";"33";"0";"2";"1";"3";"1";""
"202200002266";"809 953";"A01";"2";"10";"0";"2";"2";"12";"1";""
"202200002267";"809 946";"B01";"2";"7";"0";"2";"2";"1";"1";""
"202200002267";"809 949";"A01";"1";"31";"0";"2";"3";"1";"1";""
"202200002268";"809 945";"A01";"2";"7";"4";"0";"1";"0";"2";""
"202200002269";"809 943";"A01";"3";"33";"0";"2";"7";"17";"1";""
"202200002269";"809 947";"B01";"3";"7";"0";"2";"3";"13";"0";""
"202200002270";"809 940";"A01";"1";"7";"0";"2";"5";"23";"1";""
"202200002270";"809 944";"B01";"1";"7";"0";"2";"6";"0";"1";""
"202200002270";"809 948";"C01";"1";"7";"0";"2";"5";"0";"1";""
"202200002271";"809 938";"A01";"1";"7";"0";"2";"1";"17";"1";""
"202200002271";"809 941";"B01";"2";"60";"0";"2";"1";"1";"5";""
"202200002272";"809 937";"A01";"1";"7";"0";"2";"1";"2";"0";""
"202200002272";"809 942";"B01";"1";"33";"0";"0";"4";"2";"0";""
"202200002273";"809 936";"B01";"0";"7";"0";"2";"2";"2";"1";""
"202200002273";"809 939";"A01";"3";"7";"0";"0";"6";"2";"1";""
"202200002274";"809 933";"A01";"2";"30";"0";"2";"0";"0";"1";""
"202200002274";"809 935";"B01";"2";"7";"0";"0";"0";"0";"1";""
"202200002275";"809 929";"B01";"2";"7";"0";"2";"2";"0";"1";""
"202200002275";"809 931";"A01";"2";"7";"4";"0";"6";"1";"1";""
"202200002276";"809 928";"A01";"3";"2";"0";"2";"1";"0";"1";""
"202200002276";"809 934";"B01";"3";"7";"0";"2";"3";"0";"1";""
"202200002277";"809 926";"C01";"1";"7";"0";"2";"4";"23";"1";""
"202200002277";"809 930";"B01";"1";"7";"0";"0";"4";"23";"1";""
"202200002277";"809 932";"A01";"1";"7";"0";"2";"1";"2";"1";""
"202200002278";"809 922";"A01";"1";"33";"6";"0";"8";"1";"1";""
"202200002279";"809 920";"A01";"3";"10";"0";"9";"5";"4";"1";""
"202200002279";"809 923";"B01";"3";"1";"0";"2";"1";"1";"5";""
"202200002280";"809 919";"A01";"1";"7";"0";"2";"4";"1";"1";""
"202200002281";"809 917";"A01";"2";"32";"0";"1";"1";"1";"1";""
"202200002282";"809 912";"A01";"3";"7";"0";"1";"3";"26";"1";""
"202200002283";"809 910";"A01";"2";"7";"6";"0";"1";"1";"1";""
"202200002284";"809 908";"A01";"2";"7";"13";"0";"0";"14";"0";""
"202200002285";"809 906";"B01";"3";"7";"0";"2";"1";"1";"1";""
"202200002285";"809 907";"A01";"3";"7";"0";"2";"1";"1";"1";""
"202200002286";"809 905";"A01";"3";"10";"16";"0";"0";"21";"1";""
"202200002287";"809 904";"A01";"3";"32";"0";"5";"1";"1";"1";""
"202200002288";"809 903";"A01";"1";"7";"0";"1";"2";"1";"1";""
"202200002289";"809 899";"A01";"3";"7";"0";"2";"1";"26";"1";""
"202200002289";"809 902";"B01";"3";"7";"0";"2";"4";"1";"1";""
"202200002290";"809 898";"B01";"2";"7";"0";"2";"1";"1";"1";""
"202200002290";"809 901";"A01";"1";"7";"0";"2";"1";"1";"1";""
"202200002291";"809 897";"B01";"1";"7";"0";"2";"3";"1";"1";""
"202200002291";"809 900";"A01";"2";"7";"0";"2";"3";"13";"1";""
"202200002292";"809 895";"B01";"2";"7";"0";"2";"1";"9";"1";""
"202200002292";"809 896";"A01";"1";"7";"0";"2";"1";"26";"1";""
"202200002293";"809 889";"B01";"1";"1";"0";"2";"0";"0";"5";""
"202200002293";"809 893";"A01";"2";"7";"0";"9";"0";"13";"1";""
"202200002294";"809 892";"B01";"2";"7";"0";"2";"2";"1";"1";""
"202200002294";"809 894";"A01";"1";"7";"0";"2";"2";"15";"1";""
"202200002295";"809 888";"A01";"2";"7";"0";"2";"2";"15";"1";""
"202200002295";"809 890";"B01";"1";"2";"0";"2";"1";"1";"1";""
"202200002296";"809 887";"B01";"2";"7";"0";"2";"3";"1";"1";""
"202200002296";"809 891";"A01";"1";"7";"0";"2";"3";"13";"1";""
"202200002297";"809 885";"B01";"1";"1";"0";"0";"4";"2";"5";""
"202200002297";"809 886";"A01";"1";"7";"0";"2";"2";"2";"1";""
"202200002298";"809 882";"A01";"1";"7";"1";"1";"1";"20";"1";""
"202200002299";"809 881";"A01";"1";"7";"0";"2";"8";"17";"1";""
"202200002299";"809 884";"B01";"1";"33";"0";"2";"1";"17";"1";""
"202200002300";"809 880";"A01";"2";"7";"0";"9";"1";"9";"1";""
"202200002300";"809 883";"B01";"2";"1";"0";"2";"7";"1";"5";""
"202200002301";"809 878";"B01";"1";"7";"0";"0";"5";"1";"1";""
"202200002301";"809 879";"A01";"1";"33";"0";"2";"3";"26";"1";""
"202200002302";"809 875";"A01";"0";"37";"0";"1";"5";"1";"3";"1"
"202200002303";"809 877";"A01";"1";"7";"3";"0";"1";"14";"1";""
"202200002304";"809 876";"A01";"1";"7";"0";"1";"1";"1";"1";""
"202200002305";"809 873";"B01";"2";"7";"0";"2";"3";"17";"1";""
"202200002305";"809 874";"A01";"1";"7";"0";"2";"3";"1";"1";""
"202200002306";"809 870";"A01";"1";"7";"2";"0";"8";"1";"1";""
"202200002307";"809 871";"A01";"3";"7";"0";"1";"3";"16";"1";""
"202200002308";"809 869";"A01";"1";"7";"0";"2";"2";"15";"1";""
"202200002308";"809 872";"B01";"2";"7";"0";"2";"1";"1";"1";""
"202200002309";"809 866";"A01";"2";"7";"0";"0";"2";"9";"1";""
"202200002309";"809 868";"B01";"2";"2";"0";"2";"1";"9";"1";""
"202200002310";"809 864";"A01";"2";"30";"10";"0";"1";"1";"1";""
"202200002311";"809 865";"A01";"1";"7";"0";"2";"2";"17";"1";""
"202200002311";"809 867";"B01";"1";"80";"0";"2";"6";"1";"3";""
"202200002312";"809 863";"A01";"1";"10";"0";"1";"1";"26";"0";""
"202200002313";"809 862";"A01";"2";"7";"0";"5";"1";"6";"1";""
"202200002314";"809 859";"A01";"2";"7";"0";"9";"8";"1";"1";""
"202200002314";"809 860";"B01";"2";"1";"0";"2";"1";"1";"5";""
"202200002315";"809 857";"B01";"2";"99";"0";"2";"2";"13";"0";""
"202200002315";"809 861";"A01";"1";"7";"0";"2";"2";"13";"0";""
"202200002316";"809 858";"Z01";"1";"0";"0";"1";"0";"0";"0";""
"202200002317";"809 852";"B01";"1";"10";"0";"2";"1";"1";"1";""
"202200002317";"809 856";"A01";"2";"7";"0";"2";"9";"6";"1";""
"202200002318";"809 851";"B01";"2";"7";"0";"2";"7";"15";"1";""
"202200002318";"809 854";"A01";"2";"32";"0";"2";"1";"1";"1";""
"202200002319";"809 850";"A01";"1";"1";"0";"0";"7";"19";"5";""
"202200002319";"809 853";"B01";"1";"10";"0";"2";"1";"1";"1";""
"202200002320";"809 846";"A01";"1";"7";"0";"1";"1";"1";"1";""
"202200002321";"809 844";"B01";"1";"33";"0";"2";"1";"21";"1";""
"202200002321";"809 847";"A01";"0";"10";"0";"0";"6";"10";"1";""
"202200002322";"809 840";"B01";"0";"1";"0";"2";"3";"1";"5";""
"202200002322";"809 841";"Z01";"0";"10";"0";"2";"5";"14";"0";""
"202200002323";"809 837";"A01";"2";"3";"0";"2";"2";"15";"1";""
"202200002323";"809 839";"B01";"1";"7";"0";"2";"1";"1";"1";""
"202200002324";"809 845";"B01";"1";"7";"0";"2";"4";"2";"1";""
"202200002324";"809 849";"A01";"1";"7";"0";"2";"1";"2";"1";""
"202200002325";"809 838";"A01";"2";"32";"0";"2";"1";"17";"1";""
"202200002325";"809 842";"B01";"3";"7";"0";"2";"8";"9";"1";""
"202200002326";"809 833";"C01";"3";"7";"0";"2";"1";"23";"1";""
"202200002326";"809 835";"B01";"2";"1";"0";"2";"8";"15";"5";""
"202200002326";"809 836";"A01";"0";"7";"0";"2";"1";"1";"1";""
"202200002327";"809 830";"B01";"3";"7";"11";"2";"1";"9";"1";""
"202200002327";"809 834";"A01";"1";"33";"0";"0";"2";"21";"1";""
"202200002328";"809 828";"C01";"1";"7";"0";"2";"4";"23";"1";""
"202200002328";"809 829";"B01";"1";"7";"0";"2";"4";"23";"1";""
"202200002328";"809 832";"A01";"1";"7";"0";"2";"1";"1";"1";""
"202200002329";"809 826";"B01";"2";"7";"0";"2";"1";"1";"1";""
"202200002329";"809 827";"A01";"0";"7";"0";"2";"8";"19";"1";""
"202200002330";"809 825";"A01";"1";"7";"2";"0";"1";"1";"1";""
"202200002331";"809 820";"A01";"1";"10";"0";"2";"1";"1";"1";""
"202200002331";"809 824";"B01";"1";"7";"0";"2";"4";"2";"1";""
"202200002332";"809 819";"B01";" -1";"7";"0";"2";"6";"9";"1";""
"202200002332";"809 822";"A01";" -1";"7";"0";"2";"3";"1";"1";""
"202200002333";"809 817";"A01";"2";"7";"0";"2";"2";"22";"1";""
"202200002333";"809 818";"B01";"2";"1";"0";"2";"3";"0";"5";""
"202200002334";"809 815";"A01";"1";"33";"6";"0";"5";"1";"1";""
"202200002335";"809 814";"Z01";"1";"15";"0";"2";"0";"12";"0";""
"202200002335";"809 816";"B01";"1";"7";"0";"2";"6";"1";"1";""
"202200002336";"809 812";"A01";"3";"2";"0";"2";"1";"1";"1";""
"202200002336";"809 813";"B01";"3";"7";"0";"2";"2";"15";"1";""
"202200002337";"809 810";"B01";"3";"7";"0";"2";"4";"1";"1";""
"202200002337";"809 811";"A01";"3";"7";"0";"2";"1";"1";"1";""
"202200002338";"809 808";"A01";"3";"99";"1";" -1";"1";"1";"3";""
"202200002339";"809 807";"A01";"2";"7";"0";"2";"4";"2";"1";""
"202200002339";"809 809";"Z01";"2";"10";"0";"2";"1";"2";"0";""
"202200002340";"809 804";"B01";"3";"10";"0";"0";"0";"0";"0";""
"202200002340";"809 831";"A01";"3";"10";"0";"0";"0";"0";"0";""
"202200002341";"809 803";"B01";"2";"7";"0";"2";"3";"1";"2";""
"202200002341";"809 806";"A01";"1";"7";"0";"2";"3";"13";"1";""
"202200002342";"809 801";"C01";"3";"7";"0";"0";"0";"22";"1";""
"202200002342";"809 802";"B01";"2";"7";"0";"2";"3";"1";"1";""
"202200002342";"809 805";"A01";"1";"30";"0";"2";"2";"1";"1";""
"202200002343";"809 800";"A01";"2";"31";"0";"1";"1";"21";"1";""
"202200002344";"809 797";"A01";"2";"7";"0";"9";"7";"16";"1";""
"202200002344";"809 799";"B01";"2";"1";"0";"2";"1";"2";"5";""
"202200002345";"809 795";"A01";"1";"7";"0";"1";"1";"1";"1";""
"202200002346";"809 796";"B01";"3";"50";"0";"2";"8";"2";"3";""
"202200002346";"809 798";"A01";"2";"7";"0";"2";"1";"15";"1";""
"202200002347";"809 793";"A01";"1";"7";"15";"0";"3";"1";"1";""
"202200002348";"809 792";"B01";"2";"10";"0";"2";"1";"1";"1";""
"202200002348";"809 794";"A01";"2";"2";"0";"2";"1";"15";"1";""
"202200002349";"809 789";"A01";"3";"30";"0";"2";"1";"13";"1";""
"202200002349";"809 791";"B01";"3";"33";"0";"2";"1";"1";"1";""
"202200002350";"809 788";"B01";"1";"7";"0";"2";"2";"23";"1";""
"202200002350";"809 790";"A01";"1";"32";"0";"2";"3";"2";"1";""
"202200002351";"809 786";"A01";"0";"7";"0";"2";"3";"16";"1";""
"202200002351";"809 787";"B01";"0";"7";"0";"2";"3";"15";"1";""
"202200002352";"809 785";"A01";"2";"7";"0";"1";"1";"1";"1";""
"202200002353";"809 782";"A01";"1";"2";"12";"0";"1";"0";"0";""
"202200002354";"809 781";"A01";"1";"43";"0";"2";"3";"2";"1";""
"202200002354";"809 783";"B01";"1";"7";"0";"2";"5";"2";"1";""
"202200002355";"809 780";"A01";"1";"3";"0";"4";"3";"1";"1";""
"202200002355";"809 784";"B01";"1";"40";"0";"2";"2";"1";"0";""
"202200002356";"809 778";"A01";"2";"33";"13";"0";"8";"1";"1";""
"202200002357";"809 776";"A01";"3";"2";"0";"1";"1";"1";"1";""
"202200002358";"809 777";"B01";"1";"99";"0";"2";"7";"26";"0";""
"202200002358";"809 779";"A01";"1";"60";"0";"1";"1";"26";"5";""
"202200002359";"809 774";"A01";"2";"80";"0";"2";"8";"15";"3";""
"202200002359";"809 775";"Z01";"2";"10";"0";"2";"3";"10";"1";""
"202200002360";"809 770";"A01";"1";"7";"0";"1";"1";"9";"1";""
"202200002361";"809 772";"A01";"2";"7";"0";"2";"3";"15";"1";""
"202200002361";"809 773";"B01";"2";"33";"0";"2";"1";"1";"1";""
"202200002362";"809 769";"A01";"1";"7";"0";"2";"2";"0";"0";""
"202200002362";"809 771";"B01";"1";"1";"0";"2";"8";"0";"5";""
"202200002363";"809 766";"A01";"2";"7";"0";"1";"2";"1";"1";""
"202200002364";"809 767";"B01";"1";"43";"0";"2";"1";"16";"1";""
"202200002364";"809 768";"A01";"1";"43";"0";"2";"1";"5";"1";""
"202200002365";"809 765";"A01";"1";"7";"0";"0";"3";"1";"1";""
"202200002366";"809 762";"A01";"2";"7";"0";"1";"3";"1";"1";""
"202200002367";"809 760";"A01";"1";"10";"2";"0";"3";"1";"1";""
"202200002368";"809 761";"B01";"2";"2";"0";"2";"7";"19";"1";""
"202200002368";"809 764";"A01";"2";"7";"0";"2";"1";"1";"1";""
"202200002369";"809 759";"B01";"0";"50";"0";"2";"2";"1";"3";""
"202200002369";"809 763";"A01";"2";"7";"0";"2";"6";"1";"2";""
"202200002370";"809 758";"A01";"2";"7";"0";"1";"1";"1";"1";""
"202200002371";"809 754";"A01";"1";"7";"13";"0";"1";"1";"1";""
"202200002372";"809 752";"B01";"1";"7";"0";"2";"1";"1";"1";""
"202200002372";"809 757";"A01";"1";"7";"0";"2";"7";"16";"1";""
"202200002373";"809 750";"A01";"2";"7";"0";"2";"5";"15";"1";""
"202200002373";"809 753";"B01";"2";"33";"0";"2";"1";"1";"1";""
"202200002373";"809 756";"C01";"1";"7";"0";"2";"6";"1";"1";""
"202200002374";"809 751";"A01";"2";"7";"0";"2";"1";"15";"1";""
"202200002374";"809 755";"B01";"1";"43";"0";"2";"1";"1";"1";""
"202200002375";"809 748";"A01";"1";"10";"0";"2";"3";"9";"1";""
"202200002375";"809 749";"B01";"1";"50";"0";"2";"1";"2";"3";""
"202200002376";"809 747";"A01";"2";"7";"2";"0";"1";"1";"1";""
"202200002377";"809 746";"A01";"1";"7";"0";"1";"3";"1";"1";""
"202200002378";"809 744";"A01";"2";"7";"2";"0";"1";"13";"1";""
"202200002379";"809 745";"A01";"2";"50";"0";"0";"0";"1";"3";""
"202200002380";"809 742";"A01";"2";"7";"3";"0";"9";"1";"1";""
"202200002381";"809 743";"A01";"1";"33";"6";"0";"1";"0";"1";""
"202200002382";"809 741";"A01";"2";"7";"2";"0";"0";"0";"1";""
"202200002383";"809 739";"A01";"1";"7";"2";"0";"2";"14";"1";""
"202200002384";"809 737";"B01";"1";"7";"0";"2";"1";"1";"1";""
"202200002384";"809 740";"A01";"2";"7";"0";"2";"1";"1";"1";""
"202200002385";"809 736";"B01";"2";"33";"0";"2";"1";"1";"1";""
"202200002385";"809 738";"A01";"1";"7";"0";"2";"2";"15";"1";""
"202200002386";"809 733";"A01";"1";"7";"0";"1";"1";"1";"1";""
"202200002387";"809 734";"A01";"0";"10";"0";"2";"8";"1";"1";""
"202200002387";"809 735";"B01";"3";"34";"0";"2";"8";"1";"1";""
"202200002388";"809 730";"A01";"2";"50";"0";"2";"1";"5";"3";""
"202200002388";"809 732";"B01";"1";"7";"0";"2";"2";"1";"1";""
"202200002389";"809 729";"A01";"2";"7";"0";"0";" -1";"23";"1";""
"202200002390";"809 728";"B01";"2";"43";"0";"2";"7";"1";"1";""
"202200002390";"809 731";"A01";"2";"7";"0";"2";"8";"13";"1";""
"202200002391";"809 727";"A01";"2";"50";"0";"0";"1";"1";"3";""
"202200002392";"809 726";"B01";"0";"34";"1";"2";"8";"15";"1";""