"Num_Acc";"id_vehicule";"num_veh";"senc";"catv";"obs";"obsm";"choc";"manv";"motor";"occutc"
"202200002614";"809 344";"B01";"1";"7";"0";"2";"1";"2";"1";""
"202200002614";"809 345";"C01";"1";"7";"0";"2";"4";"2";"1";""
"202200002614";"809 346";"D01";"1";"7";"0";"2";"4";"2";"1";""
"202200002615";"809 341";"B01";"2";"7";"0";"2";"4";"23";"1";""
"202200002615";"809 342";"A01";"2";"7";"0";"2";"1";"2";"1";""
"202200002616";"809 339";"B01";"1";"7";"0";"2";"3";"1";"1";""
"202200002616";"809 340";"A01";"1";"7";"0";"2";"3";"5";"1";""
"202200002617";"809 338";"A01";"1";"7";"0";"1";"2";"1";"1";""
"202200002618";"809 337";"A01";"2";"33";"4";"0";"1";"17";"1";""
"202200002619";"809 334";"C01";"2";"10";"0";"2";"1";"1";"1";""
"202200002619";"809 335";"B01";"2";"7";"0";"2";"4";"1";"1";""
"202200002619";"809 336";"A01";"2";"7";"0";"2";"6";"16";"1";""
"202200002620";"809 333";"A01";"1";"33";"0";"0";"7";"9";"1";""
"202200002621";"809 331";"A01";"2";"7";"0";"2";"3";"13";"1";""
"202200002621";"809 332";"B01";"1";"7";"0";"2";"3";"1";"1";""
"202200002622";"809 330";"A01";"3";"32";"15";"0";"3";"0";"1";""
"202200002623";"809 327";"A01";"2";"10";"0";"2";"2";"21";"1";""
"202200002623";"809 328";"B01";"2";"7";"0";"2";"6";"14";"1";""
"202200002623";"809 329";"C01";"2";"7";"0";"2";"0";"0";"1";""
"202200002624";"809 325";"A01";"0";"7";"0";"1";"1";"1";"1";""
"202200002625";"809 323";"A01";"3";"7";"0";"2";"1";"2";"1";""
"202200002625";"809 324";"B01";"3";"7";"0";"2";"4";"2";"1";""
"202200002626";"809 320";"A01";"1";"7";"0";"2";"1";"1";"1";""
"202200002626";"809 321";"B01";"1";"7";"0";"2";"4";"1";"1";""
"202200002626";"809 322";"C01";"1";"7";"0";"2";"4";"1";"1";""
"202200002627";"809 319";"A01";"1";"50";"0";"0";"0";"1";"3";""
"202200002628";"809 317";"A01";"0";"7";"0";"2";"1";"15";"1";""
"202200002628";"809 318";"B01";"0";"1";"0";"2";"1";"0";"5";""
"202200002629";"809 316";"A01";"1";"3";"0";"1";"1";"1";"1";""
"202200002630";"809 314";"B01";"1";"7";"0";"2";"3";"1";"1";""
"202200002630";"809 315";"A01";"1";"50";"0";"2";"7";"1";"3";""
"202200002631";"809 312";"A01";"3";"33";"0";"2";"1";"13";"1";""
"202200002631";"809 313";"B01";"2";"7";"0";"2";"2";"15";"1";""
"202200002632";"809 310";"A01";"1";"10";"0";"2";"2";"1";"1";""
"202200002632";"809 311";"B01";"1";"2";"0";"2";"4";"1";"1";""
"202200002633";"809 309";"A01";"1";"7";"0";"1";"1";"9";"1";""
"202200002634";"809 307";"Z01";"2";"7";"0";"2";"1";"2";"1";""
"202200002634";"809 308";"B01";"2";"7";"0";"2";"4";"2";"1";""
"202200002635";"809 304";"A01";"1";"7";"0";"2";"1";"16";"1";""
"202200002635";"809 305";"B01";"2";"7";"0";"2";"8";"23";"1";""
"202200002635";"809 306";"C01";"2";"7";"0";"2";"8";"23";"1";""
"202200002636";"809 302";"B01";"2";"13";"0";"2";"4";"23";"1";""
"202200002636";"809 303";"A01";"2";"1";"1";"0";"1";"1";"5";""
"202200002637";"809 300";"A01";"3";"2";"0";"2";"1";"17";"1";""
"202200002637";"809 301";"B01";"3";"7";"0";"2";"3";"1";"1";""
"202200002638";"809 298";"B01";"1";"1";"0";"2";"3";"9";"5";""
"202200002638";"809 299";"A01";"1";"7";"0";"2";"2";"9";"1";""
"202200002639";"809 297";"A01";"1";"7";"0";"1";"7";"26";"0";""
"202200002640";"809 296";"A01";"1";"7";"0";"1";"1";"1";"1";""
"202200002641";"809 293";"C01";"3";"10";"0";"0";"1";"0";"0";""
"202200002641";"809 294";"B01";"1";"10";"0";"0";"6";"2";"0";""
"202200002641";"809 295";"A01";"3";"10";"0";"2";"4";"23";"0";""
"202200002642";"809 291";"C01";"2";"80";"0";"2";"1";"21";"3";""
"202200002642";"809 292";"A01";"2";"15";"0";"2";"5";"1";"1";""
"202200002643";"809 289";"A01";"3";"7";"0";"2";"6";"15";"1";""
"202200002643";"809 290";"B01";"3";"33";"0";"2";"6";"1";"1";""
"202200002644";"809 288";"A01";"1";"37";"0";"1";"1";"1";"1";"1"
"202200002645";"809 286";"B01";"1";"1";"0";"2";"7";"1";"5";""
"202200002645";"809 287";"A01";"1";"7";"0";"2";"3";"9";"1";""
"202200002646";"809 284";"A01";"1";"33";"0";"2";"7";"1";"1";""
"202200002646";"809 285";"B01";"1";"7";"0";"2";"6";"1";"1";""
"202200002647";"809 283";"A01";"1";"10";"1";"0";"3";"21";"1";""
"202200002648";"809 280";"C01";"1";"10";"0";"2";"4";"1";"1";""
"202200002648";"809 281";"B01";"1";"7";"0";"2";"4";"1";"1";""
"202200002648";"809 282";"A01";"1";"7";"0";"2";"1";"1";"1";""
"202200002649";"809 278";"A01";"2";"7";"0";"2";"1";"1";"1";""
"202200002649";"809 279";"B01";"2";"7";"0";"2";"1";"15";"1";""
"202200002650";"809 276";"B01";"3";"50";"0";"2";"8";"7";"3";""
"202200002650";"809 277";"A01";"3";"37";"0";"2";"5";"17";"1";"1"
"202200002651";"809 274";"A01";"0";"30";"0";"2";"0";"2";"1";""
"202200002651";"809 275";"B01";"0";"7";"0";"2";"8";"15";"1";""
"202200002652";"809 272";"B01";"2";"7";"0";"2";"4";"26";"1";""
"202200002652";"809 273";"A01";"2";"7";"0";"2";"1";"26";"1";""
"202200002653";"809 271";"A01";"1";"2";"0";"1";"1";"26";"1";""
"202200002654";"809 269";"A01";"2";"7";"0";"2";"1";"2";"2";""
"202200002654";"809 270";"B01";"3";"50";"0";"2";"0";"19";"3";""
"202200002655";"809 267";"A01";"1";"10";"0";"2";"3";"9";"1";""
"202200002655";"809 268";"B01";"1";"2";"0";"2";"1";"1";"1";""
"202200002656";"809 265";"B01";"2";"7";"0";"2";"4";"23";"1";""
"202200002656";"809 266";"A01";"2";"1";"0";"2";"1";"1";"5";""
"202200002657";"809 263";"B01";"1";"1";"0";"2";"8";"1";"5";""
"202200002657";"809 264";"A01";"1";"7";"0";"2";"1";"1";"1";""
"202200002658";"809 261";"A01";"2";"7";"0";"2";"1";"1";"1";""
"202200002658";"809 262";"B01";"2";"7";"0";"2";"4";"23";"1";""
"202200002659";"809 258";"A01";"3";"7";"0";"1";"2";"1";"1";""
"202200002660";"809 257";"A01";"0";"33";"0";"0";"8";"1";"1";""
"202200002661";"809 256";"A01";"0";"31";"0";"0";"0";"1";"1";""
"202200002662";"809 254";"A01";"2";"7";"0";"2";"1";"2";"1";""
"202200002662";"809 255";"B01";"2";"7";"0";"2";"4";"1";"1";""
"202200002663";"809 252";"B01";"3";"1";"0";"2";"5";"16";"5";""
"202200002663";"809 253";"A01";"1";"2";"0";"2";"1";"1";"1";""
"202200002664";"809 250";"B01";"2";"34";"0";"2";"1";"1";"1";""
"202200002664";"809 251";"A01";"1";"7";"0";"2";"1";"17";"1";""
"202200002665";"809 249";"A01";"1";"7";"0";"1";"1";"1";"1";""
"202200002666";"809 247";"B01";"2";"7";"0";"2";"3";"15";"1";""
"202200002666";"809 248";"A01";"2";"30";"0";"2";"2";"17";"1";""
"202200002667";"809 245";"B01";"1";"32";"0";"2";"3";"1";"1";""
"202200002667";"809 246";"A01";"1";"7";"0";"2";"6";"9";"1";""
"202200002668";"809 243";"A01";"2";"10";"0";"4";"8";"19";"1";""
"202200002668";"809 244";"B01";" -1";"39";"0";"2";"1";"0";"0";""
"202200002669";"809 242";"A01";"0";"7";"0";"1";"3";"2";"1";""
"202200002670";"809 240";"A01";"3";"7";"0";"2";"0";"0";"1";""
"202200002670";"809 241";"B01";"3";"33";"0";"2";"5";"3";"0";""
"202200002671";"809 239";"A01";"0";"30";"0";"0";"6";"14";"1";""
"202200002672";"809 237";"A01";"0";"7";"0";"2";"5";"1";"1";""
"202200002672";"809 238";"B01";"1";"7";"0";"2";"2";"9";"1";""
"202200002673";"809 236";"A01";"3";"30";"0";"0";"8";"0";"1";""
"202200002674";"809 235";"A01";"2";"7";"4";"0";"2";"14";"1";""
"202200002675";"809 232";"A01";"2";"33";"0";"2";"1";"2";"1";""
"202200002675";"809 233";"B01";"2";"7";"0";"2";"4";"2";"1";""
"202200002675";"809 234";"C01";"2";"7";"0";"2";"4";"2";"1";""
"202200002676";"809 230";"A01";"2";"10";"0";"2";"8";"13";"1";""
"202200002676";"809 231";"B01";"1";"7";"0";"2";"8";"1";"1";""
"202200002677";"809 229";"A01";"2";"7";"1";"0";"2";"1";"1";""
"202200002678";"809 227";"B01";"3";"1";"0";"2";"1";"15";"5";""
"202200002678";"809 228";"A01";"3";"30";"0";"2";"1";"1";"3";""
"202200002679";"809 226";"A01";"1";"7";"0";"1";"1";"15";"1";""
"202200002680";"809 224";"A01";"0";"7";"8";"2";"1";"26";"1";""
"202200002680";"809 225";"B01";"0";"32";"0";"2";"1";"1";"1";""
"202200002681";"809 222";"A01";"2";"32";"0";"2";"3";"1";"1";""
"202200002681";"809 223";"B01";"1";"7";"0";"2";"3";"15";"1";""
"202200002682";"809 221";"Z01";"1";"3";"0";"1";"1";"1";"0";""
"202200002683";"809 220";"A01";"0";"7";"0";"1";"1";"9";"0";""
"202200002684";"809 218";"A01";"2";"7";"0";"2";"2";"1";"1";""
"202200002684";"809 219";"B01";"1";"1";"0";"2";"0";"0";"5";""
"202200002685";"809 214";"D01";"1";"7";"0";"2";"2";"0";"1";""
"202200002685";"809 215";"C01";"1";"7";"0";"2";"4";"0";"1";""
"202200002685";"809 216";"B01";"1";"7";"0";"2";"4";"2";"2";""
"202200002685";"809 217";"A01";"1";"7";"0";"2";"3";"11";"1";""
"202200002686";"809 212";"C01";"2";"7";"0";"2";"1";"21";"1";""
"202200002686";"809 213";"A01";"2";"7";"1";"0";"1";"13";"1";""
"202200002687";"809 210";"A01";"3";"7";"0";"2";"3";"19";"1";""
"202200002687";"809 211";"B01";"3";"33";"0";"2";"1";"1";"0";""
"202200002688";"809 208";"Z01";"1";"7";"0";"2";"2";"12";"0";""
"202200002688";"809 209";"A01";"1";"33";"0";"2";"3";"3";"1";""
"202200002689";"809 206";"A01";"2";"30";"0";"2";"8";"17";"3";""
"202200002689";"809 207";"B01";"2";"7";"0";"2";"2";"1";"1";""
"202200002690";"809 204";"B01";"3";"7";"0";"2";"6";"11";"1";""
"202200002690";"809 205";"A01";"3";"31";"0";"2";"1";"3";"1";""
"202200002691";"809 202";"A01";"1";"30";"0";"2";"2";"17";"1";""
"202200002691";"809 203";"B01";"1";"7";"0";"2";"3";"10";"1";""
"202200002692";"809 200";"B01";"2";"7";"0";"2";"4";"2";"1";""
"202200002692";"809 201";"A01";"2";"7";"0";"2";"1";"2";"1";""
"202200002693";"809 199";"A01";"1";"30";"6";"1";"1";"13";"3";""
"202200002694";"809 197";"B01";"1";"50";"0";"2";"1";"1";"3";""
"202200002694";"809 198";"A01";"1";"7";"0";"2";"2";"16";"2";""
"202200002695";"809 196";"Z01";"1";"7";"0";"1";"4";"4";"1";""
"202200002696";"809 195";"A01";"2";"80";"0";"1";"2";"1";"3";""
"202200002697";"809 193";"B01";"3";"33";"0";"2";"3";"1";"1";""
"202200002697";"809 194";"A01";"1";"7";"0";"2";"2";"1";"1";""
"202200002698";"809 192";"A01";"1";"1";"0";"0";"0";"13";"5";""
"202200002699";"809 190";"A01";"2";"7";"0";"2";"1";"1";"1";""
"202200002699";"809 191";"B01";"1";"7";"0";"2";"8";"1";"1";""
"202200002700";"809 189";"A01";"2";"1";"0";"1";"1";"1";"5";""
"202200002701";"809 188";"A01";"2";"1";"0";"1";"1";"5";"5";""
"202200002702";"809 187";"A01";"1";"7";"0";"1";"1";"16";"1";""
"202200002703";"809 185";"A01";"1";"7";"0";"2";"1";"1";"2";""
"202200002703";"809 186";"B01";"3";"1";"0";"2";"8";"19";"5";""
"202200002704";"809 184";"A01";"3";"7";"0";"1";"2";"9";"1";""
"202200002705";"809 182";"A01";"1";"10";"0";"2";"0";"0";"1";""
"202200002705";"809 183";"B01";"1";"30";"0";"2";"0";"0";"1";""
"202200002706";"809 181";"A01";"0";"32";"0";"1";"1";"1";"1";""
"202200002707";"809 180";"A01";"1";"50";"0";"0";"0";"1";"3";""
"202200002708";"809 179";"A01";"0";"7";"8";"0";"1";"1";"1";""
"202200002709";"809 177";"B01";"2";"7";"0";"2";"1";"1";"1";""
"202200002709";"809 178";"A01";"1";"7";"0";"2";"3";"1";"1";""
"202200002710";"809 176";"A01";"2";"7";"0";"1";"1";"1";"0";""
"202200002711";"809 174";"B01";"1";"50";"0";"2";"1";"1";"3";""
"202200002711";"809 175";"A01";"1";"7";"0";"2";"7";"16";"1";""
"202200002712";"809 172";"A01";"2";"7";"0";"2";"4";"10";"2";""
"202200002712";"809 173";"B01";"2";"34";"0";"2";"1";"1";"1";""
"202200002713";"809 169";"A01";"1";"34";"0";"2";"1";"13";"1";""
"202200002713";"809 170";"B01";"2";"34";"0";"2";"1";"1";"1";""
"202200002713";"809 171";"C01";"2";"7";"0";"2";"6";"1";"1";""
"202200002714";"809 167";"B01";"1";"43";"0";"2";"2";"1";"1";""
"202200002714";"809 168";"A01";"1";"32";"0";"2";"8";"13";"1";""
"202200002715";"809 166";"A01";"1";"7";"9";"0";"1";"5";"1";""
"202200002716";"809 163";"A01";"1";"33";"3";"0";"1";"1";"1";""
"202200002717";"809 162";"C01";"1";"7";"0";"2";"6";"1";"1";""
"202200002717";"809 164";"B01";"1";"7";"0";"2";"1";"1";"1";""
"202200002717";"809 165";"A01";"2";"7";"0";"2";"7";"1";"1";""
"202200002718";"809 161";"A01";"1";"7";"4";"0";"9";"1";"1";""
"202200002719";"809 159";"A01";"1";"7";"2";"0";"1";"1";"1";""
"202200002720";"809 160";"A01";"1";"10";"0";"0";"7";"1";"1";""
"202200002721";"809 157";"B01";"2";"7";"0";"2";"8";"1";"1";""
"202200002721";"809 158";"A01";"1";"1";"0";"2";"3";"13";"5";""
"202200002722";"809 153";"A01";"1";"7";"0";"2";"1";"1";"1";""
"202200002722";"809 155";"B01";"1";"7";"0";"2";"6";"2";"1";""
"202200002722";"809 156";"C01";"1";"7";"0";"0";"4";"1";"1";""
"202200002723";"809 154";"A01";"2";"7";"13";"0";"1";"1";"1";""
"202200002724";"809 150";"B01";"2";"15";"0";"0";"6";"1";"1";""
"202200002724";"809 152";"A01";"2";"7";"0";"2";"2";"14";"1";""
"202200002725";"809 149";"A01";"1";"10";"0";"2";"2";"13";"1";""
"202200002725";"809 151";"B01";"2";"7";"0";"2";"2";"21";"1";""
"202200002726";"809 147";"B01";"3";"7";"0";"2";"1";"1";"1";""
"202200002726";"809 148";"A01";"3";"33";"0";"2";"1";"13";"1";""
"202200002727";"809 145";"A01";"2";"31";"16";"0";"2";"1";"1";""
"202200002728";"809 144";"A01";"1";"7";"0";"0";"7";"15";"2";""
"202200002728";"809 146";"B01";"2";"1";"0";"2";"1";"1";"5";""
"202200002729";"809 143";"A01";"1";"50";"0";"0";"0";"1";"3";""
"202200002730";"809 142";"A01";"1";"33";"6";"0";"1";"1";"1";""
"202200002731";"809 141";"A01";"2";"7";"13";"0";"9";"21";"1";""
"202200002732";"809 140";"B01";"2";"7";"0";"1";"2";"1";"1";""
"202200002733";"809 137";"A01";"2";"1";"0";"2";"4";"19";"5";""
"202200002733";"809 138";"B01";"2";"10";"0";"9";"2";"1";"1";""
"202200002734";"809 135";"A01";"1";"7";"0";"1";"7";"1";"1";""
"202200002735";"809 136";"A01";"1";"7";"0";"2";"3";"15";"1";""
"202200002735";"809 139";"B01";"1";"2";"0";"2";"3";"1";"1";""
"202200002736";"809 134";"A01";"1";"7";"1";"0";"7";"6";"1";""
"202200002737";"809 133";"A01";"1";"7";"0";"1";"1";"1";"1";""
"202200002738";"809 131";"B01";"2";"13";"0";"2";"1";"1";"0";""
"202200002738";"809 132";"A01";"1";"7";"16";"2";"2";"6";"1";""
"202200002739";"809 130";"A01";"2";"7";"1";"2";"1";"2";"1";""
"202200002740";"809 128";"A01";"1";"7";"0";"0";"4";"1";"1";""
"202200002740";"809 129";"B01";"1";"33";"1";"0";"1";"1";"1";""
"202200002741";"809 126";"B01";"1";"7";"0";"2";"4";"1";"1";""
"202200002741";"809 127";"A01";"1";"7";"0";"2";"1";"1";"1";""
"202200002742";"809 125";"A01";"3";"7";"8";"0";"2";"1";"1";""
"202200002743";"809 123";"B01";"2";"7";"0";"0";"8";"15";"0";""
"202200002743";"809 124";"A01";"2";"7";"0";"2";"2";"17";"1";""
"202200002744";"809 121";"B01";"0";"1";"0";"2";"7";"0";"5";""
"202200002744";"809 122";"A01";"2";"2";"0";"9";"1";"0";"1";""
"202200002745";"809 120";"A01";"2";"36";"6";"0";"3";"13";"1";""
"202200002746";"809 119";"A01";"3";"7";"2";"0";"2";"1";"1";""
"202200002747";"809 118";"A01";"1";"31";"0";"0";"0";"0";"1";""
"202200002748";"809 115";"A01";"1";"7";"0";"2";"1";"5";"1";""
"202200002748";"809 116";"B01";"2";"7";"0";"2";"8";"1";"1";""
"202200002748";"809 117";"C01";"2";"7";"0";"2";"1";"1";"1";""
"202200002749";"809 113";"A01";"1";"7";"0";"2";"3";"15";"1";""
"202200002749";"809 114";"B01";"3";"34";"0";"2";"6";"1";"1";""
"202200002750";"809 111";"B01";"1";"31";"0";"2";"8";"2";"1";""
"202200002750";"809 112";"A01";"1";"10";"0";"2";"7";"16";"1";""
"202200002751";"809 109";"A01";"0";"7";"0";"2";"3";"1";"1";""
"202200002751";"809 110";"B01";"3";"1";"0";"2";"8";"19";"5";""
"202200002752";"809 108";"A01";"1";"7";"1";"0";"7";"1";"1";""
"202200002753";"809 107";"A01";"1";"7";"0";"0";"0";"0";"1";""
"202200002754";"809 106";"A01";"2";"33";"1";"0";"1";"1";"1";""
"202200002755";"809 105";"A01";"1";"2";"0";"0";"7";"13";"1";""
"202200002756";"809 103";"B01";"1";"7";"0";"2";"8";"1";"1";""
"202200002756";"809 104";"A01";"1";"7";"0";"2";"7";"17";"1";""
"202200002757";"809 101";"A01";"1";"7";"0";"2";"2";"1";"2";""
"202200002757";"809 102";"B01";"2";"31";"0";"2";"1";"13";"1";""
"202200002758";"809 100";"A01";"2";"10";"2";"0";"3";"1";"1";""
"202200002759";"809 098";"B01";"1";"33";"0";"2";"7";"1";"1";""
"202200002759";"809 099";"A01";"1";"7";"0";"2";"3";"10";"1";""
"202200002760";"809 096";"A01";"0";"31";"0";"2";"1";"1";"1";""
"202200002760";"809 097";"B01";"3";"7";"0";"2";"2";"1";"1";""
"202200002761";"809 094";"A01";"2";"2";"0";"2";"1";"15";"1";""
"202200002761";"809 095";"B01";"1";"10";"0";"2";"2";"1";"1";""
"202200002762";"809 092";"B01";"0";"1";"0";"2";"3";"15";"5";""
"202200002762";"809 093";"A01";"0";"7";"0";"9";"2";"1";"1";""
"202200002763";"809 090";"A01";"1";"7";"0";"2";"1";"1";"1";""
"202200002763";"809 091";"B01";"1";"30";"0";"2";"7";"1";"1";""
"202200002764";"809 088";"A01";"3";"21";"0";"2";"2";"19";"1";""
"202200002764";"809 089";"B01";"2";"2";"0";"2";"3";"21";"1";""
"202200002765";"809 087";"A01";"2";"10";"0";"1";"2";"16";"1";""
"202200002766";"809 085";"A01";"0";"7";"0";"2";"4";"2";"0";""
"202200002766";"809 086";"B01";"0";"7";"0";"2";"1";"2";"1";""
"202200002767";"809 084";"A01";"1";"7";"0";"1";"2";"2";"1";""
"202200002768";"809 082";"B01";"2";"10";"0";"2";"1";"26";"1";""
"202200002768";"809 083";"A01";"1";"7";"0";"2";"1";"1";"1";""
"202200002769";"809 081";"A01";"3";"33";"16";"0";"0";"1";"1";""
"202200002770";"809 078";"A01";"0";"7";"0";"1";"1";"1";"1";""
"202200002771";"809 077";"A01";"0";"36";"8";"0";"1";"0";"1";""
"202200002772";"809 075";"B01";"0";"1";"0";"2";"1";"5";"5";""
"202200002772";"809 076";"A01";"0";"7";"0";"9";"3";"15";"1";""
"202200002773";"809 073";"A01";"1";"10";"0";"2";"6";"23";"1";""
"202200002773";"809 074";"B01";"1";"31";"0";"2";"1";"2";"1";""
"202200002774";"809 069";"A01";"1";"10";"0";"2";"5";"23";"1";""
"202200002774";"809 070";"B01";"1";"10";"0";"2";"3";"1";"1";""
"202200002775";"809 068";"A01";"2";"33";"0";"0";"9";"2";"1";""
"202200002776";"809 065";"A01";"2";"7";"0";"2";"6";"1";"1";""
"202200002776";"809 066";"B01";"2";"7";"0";"2";"4";"0";"1";""
"202200002776";"809 067";"C01";"2";"7";"4";"2";"1";"2";"1";""
"202200002777";"809 064";"A01";"2";"7";"0";"9";"1";"12";"1";""
"202200002778";"809 062";"A01";"1";"7";"0";"2";"2";"14";"1";""
"202200002778";"809 063";"B01";"1";"7";"0";"2";"6";"1";"3";""
"202200002779";"809 058";"D01";"2";"7";"0";"2";"1";"2";"1";""
"202200002779";"809 059";"C01";"2";"7";"0";"2";"4";"2";"2";""
"202200002779";"809 060";"B01";"2";"7";"0";"2";"4";"2";"1";""
"202200002779";"809 061";"A01";"2";"7";"0";"2";"1";"2";"1";""
"202200002780";"809 054";"D01";"2";"15";"0";"2";"4";"2";"1";""
"202200002780";"809 055";"C01";"2";"10";"0";"2";"4";"2";"1";""
"202200002780";"809 056";"B01";"2";"7";"0";"2";"4";"1";"1";""
"202200002780";"809 057";"A01";"2";"15";"0";"2";"1";"2";"1";""
"202200002781";"809 052";"B01";"2";"10";"0";"2";"5";"1";"1";""
"202200002781";"809 053";"A01";"2";"33";"0";"9";"3";"3";"1";""
"202200002782";"809 049";"A01";"2";"43";"0";"2";"1";"3";"1";""
"202200002782";"809 050";"B01";"2";"33";"0";"2";"4";"3";"1";""
"202200002782";"809 051";"C01";"2";"7";"0";"2";"5";"1";"1";""
"202200002783";"809 045";"D01";"2";"7";"0";"2";"6";"1";"0";""
"202200002783";"809 046";"C01";"2";"7";"0";"2";"2";"1";"1";""
"202200002783";"809 047";"B01";"2";"7";"0";"2";"3";"1";"1";""
"202200002783";"809 048";"A01";"2";"14";"0";"2";"1";"1";"1";""
"202200002784";"809 042";"C01";"1";"7";"0";"2";"1";"0";"1";""
"202200002784";"809 043";"A01";"1";"7";"0";"2";"0";"0";"1";""
"202200002784";"809 044";"B01";"1";"7";"0";"2";"1";"0";"1";""
"202200002785";"809 040";"A01";"2";"33";"0";"2";"2";"3";"1";""
"202200002785";"809 041";"B01";"2";"7";"0";"2";"6";"12";"1";""
"202200002786";"809 036";"A01";"1";"7";"0";"2";"1";"1";"1";""
"202200002786";"809 037";"B01";"1";"7";"0";"2";"4";"2";"1";""
"202200002786";"809 038";"C01";"1";"7";"0";"2";"4";"2";"1";""
"202200002786";"809 039";"D01";"1";"7";"0";"2";"4";"2";"1";""
"202200002787";"809 034";"A01";"1";"7";"4";"2";"8";"11";"1";""
"202200002787";"809 035";"B01";"1";"15";"0";"2";"2";"1";"1";""
"202200002788";"809 032";"A01";"1";"7";"0";"2";"3";"1";"1";""
"202200002788";"809 033";"Z01";"1";"7";"0";"2";"2";"12";"0";""
"202200002789";"809 030";"B01";"1";"33";"0";"2";"3";"3";"0";""
"202200002789";"809 031";"A01";"1";"7";"0";"2";"7";"12";"1";""
"202200002790";"809 025";"A01";"2";"14";"0";"2";"8";"1";"1";""
"202200002790";"809 026";"B01";"2";"7";"0";"2";"6";"11";"1";""
"202200002790";"809 027";"C01";"2";"7";"0";"2";"7";"1";"1";""
"202200002790";"809 028";"D01";"2";"10";"0";"2";"1";"1";"1";""
"202200002790";"809 029";"E01";"2";"7";"0";"2";"1";"1";"1";""
"202200002791";"809 023";"B01";"2";"31";"0";"2";"1";"3";"1";""
"202200002791";"809 024";"A01";"2";"7";"0";"2";"4";"11";"1";""
"202200002792";"809 021";"A01";"1";"7";"0";"2";"1";"2";"1";""
"202200002792";"809 022";"B01";"1";"7";"0";"2";"4";"2";"1";""
"202200002793";"809 016";"D01";"2";"14";"0";"2";"4";"1";"1";""
"202200002793";"809 017";"E01";"2";"7";"0";"2";"4";"1";"1";""
"202200002793";"809 018";"A01";"2";"10";"0";"2";"1";"1";"1";""
"202200002793";"809 019";"B01";"2";"7";"0";"2";"4";"1";"1";""
"202200002793";"809 020";"C01";"2";"10";"0";"2";"4";"1";"1";""
"202200002794";"809 014";"A01";"0";"7";"0";"2";"8";"15";"1";""
"202200002794";"809 015";"Z01";"0";"7";"0";"2";"0";"15";"1";""
"202200002795";"809 013";"A01";"0";"7";"0";"1";"8";"1";"1";""
"202200002796";"809 012";"A01";"2";"7";"0";"1";"3";"1";"1";""
"202200002797";"809 011";"A01";"1";"37";"0";"1";"0";"0";"0";"1"
"202200002798";"809 009";"B01";"3";"50";"0";"9";"0";"19";"3";""
"202200002798";"809 010";"A01";"1";"33";"0";"9";"8";"1";"1";""
"202200002799";"809 001";"B01";"1";"7";"0";"1";"1";"1";"1";""
"202200002800";"808 999";"A01";"1";"7";"0";"1";"1";"16";"1";""
"202200002801";"808 997";"B01";"2";"30";"0";"2";"3";"1";"1";""
"202200002801";"808 998";"A01";"2";"10";"0";"2";"1";"15";"1";""
"202200002802";"808 996";"A01";"1";"7";"0";"0";"0";"1";"1";""
"202200002803";"808 995";"B01";"1";"7";"0";"1";"5";"20";"1";""
"202200002804";"808 993";"A01";"1";"2";"0";"2";"1";"1";"1";""
"202200002804";"808 994";"B01";"1";"7";"0";"2";"4";"1";"1";""
"202200002805";"808 992";"A01";"1";"10";"0";"1";"6";"4";"0";""
"202200002806";"808 991";"A01";"1";"33";"12";"0";"1";"1";"1";""
"202200002807";"808 988";"C01";"1";"7";"0";"2";"3";"1";"1";""
"202200002807";"808 989";"B01";"2";"33";"0";"2";"1";"1";"1";""
"202200002807";"808 990";"A01";"1";"10";"0";"2";"5";"15";"1";""
"202200002808";"808 987";"A01";"2";"7";"0";"1";"2";"1";"1";""
"202200002809";"808 985";"A01";"1";"7";"0";"2";"1";"13";"1";""
"202200002809";"808 986";"B01";"2";"10";"0";"2";"1";"1";"1";""
"202200002810";"808 983";"B01";"1";"7";"0";"2";"1";"1";"1";""
"202200002810";"808 984";"A01";"1";"7";"0";"2";"9";"1";"1";""
"202200002811";"808 980";"A01";"1";"7";"0";"1";"3";"2";"1";""
"202200002812";"808 979";"A01";"1";"7";"0";"1";"3";"1";"1";""
"202200002813";"808 978";"A01";"1";"33";"0";"9";"8";"15";"1";""
"202200002814";"808 976";"A01";"2";"1";"0";"2";"1";"25";"5";""
"202200002814";"808 977";"B01";"2";"7";"0";"2";"2";"26";"1";""
"202200002815";"808 974";"B01";"2";"7";"0";"2";"3";"9";"1";""
"202200002815";"808 975";"A01";"2";"33";"0";"2";"1";"17";"1";""
"202200002816";"808 972";"B01";"2";"7";"0";"2";"1";"1";"1";""
"202200002816";"808 973";"A01";"1";"7";"0";"2";"1";"13";"1";""
"202200002817";"808 970";"A01";"1";"99";"0";"2";"1";"19";"6";""
"202200002817";"808 971";"B01";"2";"1";"0";"2";"1";"1";"5";""
"202200002818";"808 968";"A01";"0";"33";"0";"2";"1";"7";"1";""
"202200002818";"808 969";"B01";"0";"7";"0";"2";"3";"1";"1";""
"202200002819";"808 966";"A01";"0";"7";"0";"1";"2";"16";"1";""
"202200002820";"808 960";"A01";"3";"7";"6";"2";"1";"17";"1";""
"202200002820";"808 961";"B01";"2";"7";"0";"2";"1";"15";"1";""
"202200002821";"808 958";"B01";"2";"80";"0";"2";"1";"7";"3";""
"202200002821";"808 959";"A01";"2";"10";"0";"2";"6";"20";"1";""
"202200002822";"808 956";"Z01";"1";"7";"0";"2";"2";"1";"1";""