"Num_Acc";"id_vehicule";"num_veh";"senc";"catv";"obs";"obsm";"choc";"manv";"motor";"occutc"
"202200002822";"808 957";"A01";"1";"30";"0";"2";"8";"1";"1";""
"202200002823";"808 953";"A01";"2";"7";"3";"0";"3";"12";"1";""
"202200002824";"808 951";"B01";"0";"32";"0";"2";"7";"1";"1";""
"202200002824";"808 952";"A01";"0";"7";"0";"2";"8";"9";"1";""
"202200002825";"808 950";"A01";"0";"7";"12";"2";"2";"9";"1";""
"202200002826";"808 948";"A01";"3";"7";"0";"2";"1";"2";"0";""
"202200002826";"808 949";"B01";"3";"7";"0";"2";"4";"2";"1";""
"202200002827";"808 946";"A01";"2";"7";"0";"2";"3";"1";"1";""
"202200002827";"808 947";"B01";"1";"30";"0";"2";"1";"1";"3";""
"202200002828";"808 944";"B01";"1";"7";"0";"2";"1";"2";"1";""
"202200002828";"808 945";"A01";"1";"2";"0";"2";"4";"18";"1";""
"202200002829";"808 942";"B01";"2";"33";"0";"2";"3";"1";"1";""
"202200002829";"808 943";"A01";"1";"7";"0";"2";"1";"15";"1";""
"202200002830";"808 940";"A01";"1";"7";"0";"2";"2";"17";"1";""
"202200002830";"808 941";"B01";"2";"1";"0";"2";"0";"1";"5";""
"202200002831";"808 938";"B01";"2";"33";"0";"2";"1";"1";"1";""
"202200002831";"808 939";"A01";"1";"7";"0";"2";"2";"15";"1";""
"202200002832";"808 936";"A01";"1";"7";"0";"2";"3";"15";"1";""
"202200002832";"808 937";"B01";"2";"32";"0";"2";"1";"1";"1";""
"202200002833";"808 934";"A01";"2";"30";"0";"2";"1";"1";"1";""
"202200002833";"808 935";"B01";"2";"30";"0";"2";"7";"1";"1";""
"202200002834";"808 933";"A01";"3";"2";"0";"0";"0";"1";"1";""
"202200002835";"808 931";"B01";"1";"7";"0";"2";"4";"2";"1";""
"202200002835";"808 932";"A01";"1";"33";"0";"2";"1";"2";"1";""
"202200002836";"808 929";"B01";"1";"33";"0";"2";"8";"19";"1";""
"202200002836";"808 930";"A01";"1";"7";"0";"2";"1";"19";"1";""
"202200002837";"808 928";"A01";"1";"7";"0";"1";"1";"26";"1";""
"202200002838";"808 926";"B01";"3";"7";"0";"0";"0";"0";"1";""
"202200002838";"808 927";"A01";"3";"33";"0";"0";"6";"9";"1";""
"202200002839";"808 924";"Z01";"1";"14";"0";"2";"7";"17";"0";""
"202200002839";"808 925";"A01";"3";"80";"0";"2";"8";"26";"3";""
"202200002840";"808 922";"B01";"3";"7";"0";"2";"1";"1";"1";""
"202200002840";"808 923";"A01";"3";"7";"0";"2";"1";"13";"1";""
"202200002841";"808 921";"A01";"1";"7";"2";"0";"1";"14";"2";""
"202200002842";"808 919";"A01";"1";"7";"0";"2";"1";"2";"1";""
"202200002842";"808 920";"B01";"1";"7";"0";"2";"4";"1";"1";""
"202200002843";"808 918";"A01";"2";"7";"0";"1";"3";"26";"1";""
"202200002844";"808 917";"A01";"1";"7";"0";"1";"7";"1";"1";""
"202200002845";"808 915";"A01";"1";"30";"0";"2";"1";"0";"1";""
"202200002845";"808 916";"B01";"1";"7";"0";"2";"2";"15";"1";""
"202200002846";"808 913";"A01";"3";"1";"0";"2";"1";"2";"5";""
"202200002846";"808 914";"B01";"3";"1";"0";"2";"4";"2";"5";""
"202200002847";"808 911";"A01";"1";"7";"0";"2";"1";"1";"1";""
"202200002847";"808 912";"B01";"2";"1";"0";"2";"8";"1";"5";""
"202200002848";"808 909";"B01";"3";"1";"0";"2";"1";"1";"5";""
"202200002848";"808 910";"A01";"3";"7";"0";"2";"6";"20";"1";""
"202200002849";"808 907";"B01";"1";"7";"0";"2";"4";"2";"1";""
"202200002849";"808 908";"A01";"1";"14";"0";"2";"1";"2";"1";""
"202200002850";"808 906";"A01";"2";"32";"13";"0";"1";"1";"1";""
"202200002851";"808 904";"A01";"2";"1";"0";"4";"7";"1";"5";""
"202200002851";"808 905";"B01";"1";"40";"0";"2";"1";"1";"3";""
"202200002852";"808 903";"A01";"1";"7";"0";"1";"1";"1";"1";""
"202200002853";"808 902";"A01";"1";"32";"0";"1";"1";"7";"1";""
"202200002854";"808 895";"D01";"1";"7";"0";"2";"4";"21";"1";""
"202200002854";"808 896";"A01";"1";"7";"0";"2";"1";"2";"1";""
"202200002854";"808 897";"B01";"1";"7";"0";"2";"1";"2";"1";""
"202200002854";"808 898";"C01";"1";"10";"0";"2";"1";"2";"1";""
"202200002855";"808 893";"B01";"3";"7";"0";"2";"5";"1";"1";""
"202200002855";"808 894";"A01";"3";"32";"0";"2";"1";"1";"1";""
"202200002856";"808 890";"A01";"0";"7";"0";"2";"2";"15";"1";""
"202200002856";"808 891";"B01";"0";"7";"0";"2";"2";"9";"1";""
"202200002856";"808 892";"C01";"3";"7";"0";"2";"7";"1";"1";""
"202200002857";"808 888";"B01";"0";"33";"0";"2";"4";"16";"1";""
"202200002857";"808 889";"A01";"0";"7";"0";"2";"3";"15";"2";""
"202200002858";"808 886";"B01";"2";"7";"0";"2";"1";"1";"1";""
"202200002858";"808 887";"A01";"1";"10";"0";"5";"0";"0";"1";""
"202200002859";"808 885";"A01";"0";"7";"0";"1";"1";"17";"1";""
"202200002860";"808 883";"B01";"2";"32";"0";"2";"8";"3";"1";""
"202200002860";"808 884";"A01";"2";"10";"0";"2";"2";"12";"1";""
"202200002861";"808 880";"C01";"1";"7";"0";"2";"8";"1";"1";""
"202200002861";"808 881";"B01";"1";"7";"0";"2";"7";"1";"1";""
"202200002861";"808 882";"A01";"2";"33";"0";"2";"6";"3";"1";""
"202200002862";"808 878";"B01";"2";"7";"0";"2";"1";"15";"2";""
"202200002862";"808 879";"A01";"1";"32";"0";"2";"3";"7";"1";""
"202200002863";"808 877";"A01";"2";"31";"0";"1";"2";"1";"1";""
"202200002864";"808 875";"A01";"2";"33";"0";"2";"8";"3";"1";""
"202200002864";"808 876";"B01";"2";"10";"0";"2";"8";"11";"1";""
"202200002865";"808 874";"A01";"1";"10";"0";"1";"2";"15";"1";""
"202200002866";"808 872";"B01";"1";"33";"0";"2";"7";"17";"1";""
"202200002866";"808 873";"A01";"1";"7";"0";"2";"8";"10";"1";""
"202200002867";"808 870";"B01";"1";"7";"0";"2";"3";"22";"2";""
"202200002867";"808 871";"A01";"1";"80";"0";"2";"5";"1";"3";""
"202200002868";"808 868";"B01";"3";"7";"0";"2";"2";"16";"1";""
"202200002868";"808 869";"A01";"3";"33";"0";"2";"8";"18";"1";""
"202200002869";"808 867";"A01";"3";"10";"0";"1";"4";"4";"1";""
"202200002870";"808 866";"A01";"1";"7";"0";"1";"2";"1";"1";""
"202200002871";"808 864";"B01";"2";"7";"0";"2";"5";"15";"2";""
"202200002871";"808 865";"A01";"2";"30";"0";"2";"1";"1";"3";""
"202200002872";"808 862";"A01";"1";"7";"0";"2";"3";"15";"1";""
"202200002872";"808 863";"B01";"1";"33";"0";"2";"7";"17";"1";""
"202200002873";"808 860";"A01";"2";"7";"0";"2";"2";"15";"2";""
"202200002873";"808 861";"B01";"2";"34";"0";"2";"8";"1";"1";""
"202200002874";"808 858";"B01";"2";"1";"0";"2";"3";"1";"5";""
"202200002874";"808 859";"A01";"2";"7";"0";"2";"5";"16";"1";""
"202200002875";"808 857";"A01";"1";"50";"1";"0";"0";"14";"3";""
"202200002876";"808 855";"B01";"2";"32";"0";"2";"7";"17";"1";""
"202200002876";"808 856";"A01";"2";"7";"0";"2";"3";"15";"1";""
"202200002877";"808 854";"A01";"2";"10";"0";"1";"3";"1";"3";""
"202200002878";"808 852";"A01";"3";"43";"0";"2";"1";"1";"1";""
"202200002878";"808 853";"B01";"3";"7";"0";"2";"3";"16";"1";""
"202200002879";"808 850";"Z01";"1";"1";"0";"2";"8";"15";"5";""
"202200002879";"808 851";"A01";"1";"1";"0";"2";"1";"17";"5";""
"202200002880";"808 848";"A01";"2";"7";"0";"2";"5";"19";"1";""
"202200002880";"808 849";"B01";"2";"1";"0";"2";"1";"1";"5";""
"202200002881";"808 846";"A01";"2";"3";"0";"2";"8";"1";"3";""
"202200002881";"808 847";"B01";"1";"34";"0";"2";"1";"1";"1";""
"202200002882";"808 845";"A01";"0";"10";"0";"1";"0";"26";"3";""
"202200002883";"808 843";"B01";"0";"50";"0";"2";"0";"0";"3";""
"202200002883";"808 844";"A01";"0";"7";"0";"2";"1";"0";"1";""
"202200002884";"808 841";"B01";"1";"32";"0";"2";"4";"0";"1";""
"202200002884";"808 842";"A01";"1";"43";"0";"2";"0";"0";"1";""
"202200002885";"808 839";"A01";"3";"17";"0";"2";"4";"15";"1";""
"202200002885";"808 840";"B01";"3";"31";"0";"2";"8";"18";"1";""
"202200002886";"808 838";"A01";"2";"7";"0";"1";"2";"0";"1";""
"202200002887";"808 836";"A01";"1";"13";"0";"2";"2";"14";"1";""
"202200002887";"808 837";"B01";"1";"7";"0";"2";"8";"1";"1";""
"202200002888";"808 834";"A01";"2";"7";"1";"0";"1";"1";"1";""
"202200002888";"808 835";"B01";"1";"2";"0";"2";"2";"5";"1";""
"202200002889";"808 833";"A01";"1";"7";"0";"1";"1";"1";"1";""
"202200002890";"808 831";"A01";"1";"7";"0";"0";"2";"0";"1";""
"202200002890";"808 832";"B01";"1";"7";"0";"0";"6";"11";"1";""
"202200002891";"808 830";"A01";"3";"1";"0";"0";"0";"0";"5";""
"202200002892";"808 828";"Y01";"3";"1";"0";"2";"8";"1";"5";""
"202200002892";"808 829";"A01";"3";"7";"0";"2";"5";"16";"1";""
"202200002893";"808 826";"A01";"1";"7";"0";"2";"3";"1";"1";""
"202200002893";"808 827";"B01";"1";"50";"0";"2";"1";"1";"3";""
"202200002894";"808 824";"B01";"2";"10";"0";"2";"6";"4";"1";""
"202200002894";"808 825";"A01";"2";"32";"0";"2";"3";"5";"1";""
"202200002895";"808 823";"A01";"2";"31";"0";"1";"2";"1";"1";""
"202200002896";"808 822";"A01";"1";"50";"0";"0";"0";"1";"3";""
"202200002897";"808 820";"B01";"2";"7";"0";"2";"1";"1";"1";""
"202200002897";"808 821";"A01";"1";"7";"0";"2";"1";"14";"2";""
"202200002898";"808 818";"B01";"1";"10";"0";"2";"4";"15";"0";""
"202200002898";"808 819";"A01";"1";"33";"0";"2";"1";"17";"0";""
"202200002899";"808 817";"A01";"1";"50";"14";"0";"1";"1";"3";""
"202200002900";"808 815";"B01";"2";"33";"0";"2";"1";"1";"1";""
"202200002900";"808 816";"A01";"1";"7";"0";"2";"2";"15";"1";""
"202200002901";"808 813";"A01";"2";"7";"0";"2";"1";"2";"1";""
"202200002901";"808 814";"B01";"2";"31";"0";"2";"4";"23";"1";""
"202200002902";"808 811";"B01";"1";"15";"0";"2";"4";"23";"1";""
"202200002902";"808 812";"A01";"1";"30";"1";"0";"1";"14";"1";""
"202200002903";"808 809";"Y01";"3";"1";"0";"2";"3";"19";"5";""
"202200002903";"808 810";"A01";"3";"10";"0";"2";"2";"16";"1";""
"202200002904";"808 808";"A01";"2";"7";"0";"1";"2";"1";"1";""
"202200002905";"808 805";"C01";"1";"7";"0";"2";"4";"1";"1";""
"202200002905";"808 806";"B01";"1";"7";"0";"2";"4";"2";"2";""
"202200002905";"808 807";"A01";"1";"7";"0";"2";"1";"2";"1";""
"202200002906";"808 804";"A01";"1";"32";"9";"0";"1";"1";"1";""
"202200002907";"808 803";"A01";"0";"2";"13";"9";"1";"14";"1";""
"202200002908";"808 801";"A01";"2";"7";"0";"0";"2";"1";"1";""
"202200002908";"808 802";"B01";"1";"7";"0";"2";"1";"16";"1";""
"202200002909";"808 800";"A01";"1";"33";"13";"2";"3";"9";"1";""
"202200002910";"808 799";"A01";"3";"36";"12";"0";"8";"1";"1";""
"202200002911";"808 797";"A01";"3";"2";"0";"2";"7";"1";"1";""
"202200002911";"808 798";"B01";"3";"7";"0";"2";"1";"14";"1";""
"202200002912";"808 796";"A01";"2";"15";"0";"1";"3";"1";"1";""
"202200002913";"808 794";"B01";"2";"7";"0";"2";"3";"1";"1";""
"202200002913";"808 795";"A01";"1";"7";"0";"2";"2";"15";"1";""
"202200002914";"808 792";"B01";"3";"1";"0";"2";"6";"26";"5";""
"202200002914";"808 793";"A01";"3";"7";"0";"2";"2";"1";"1";""
"202200002915";"808 790";"B01";"2";"15";"0";"0";"0";"19";"0";""
"202200002915";"808 791";"A01";"2";"7";"13";"0";"1";"21";"1";""
"202200002916";"808 789";"A01";"1";"10";"2";"0";"1";"1";"1";""
"202200002917";"808 788";"A01";"2";"7";"2";"0";"1";"1";"1";""
"202200002918";"808 787";"A01";"1";"7";"13";"0";"8";"13";"1";""
"202200002919";"808 786";"A01";"2";"3";"13";"0";"2";"14";"1";""
"202200002920";"808 785";"A01";"2";"33";"0";"0";"7";"0";"1";""
"202200002921";"808 784";"A01";"2";"33";"0";"0";"0";"1";"1";""
"202200002922";"808 782";"B01";"1";"1";"0";"2";"4";"1";"5";""
"202200002922";"808 783";"A01";"1";"7";"0";"2";"1";"1";"1";""
"202200002923";"808 780";"A01";"2";"7";"0";"2";"1";"13";"1";""
"202200002923";"808 781";"B01";"1";"7";"0";"2";"1";"1";"1";""
"202200002924";"808 779";"A01";"2";"80";"0";"0";"9";"1";"3";""
"202200002925";"808 778";"A01";"0";"7";"0";"1";"1";"20";"1";""
"202200002926";"808 775";"C01";"2";"7";"14";"0";"2";"1";"1";""
"202200002926";"808 776";"B01";"2";"7";"0";"2";"3";"1";"1";""
"202200002926";"808 777";"A01";"1";"7";"0";"2";"3";"1";"1";""
"202200002927";"808 774";"A01";"1";"1";"0";"0";"1";"0";"5";""
"202200002928";"808 773";"A01";"3";"2";"8";"0";"1";"2";"1";""
"202200002929";"808 771";"B01";"2";"7";"0";"2";"3";"21";"0";""
"202200002929";"808 772";"A01";"2";"7";"0";"0";"5";"23";"1";""
"202200002930";"808 769";"B01";"2";"7";"0";"2";"3";"1";"1";""
"202200002930";"808 770";"A01";"1";"1";"0";"2";"1";"13";"5";""
"202200002931";"808 767";"A01";"2";"7";"0";"2";"3";"1";"1";""
"202200002931";"808 768";"B01";"2";"80";"0";"2";"8";"19";"3";""
"202200002932";"808 766";"A01";"2";"7";"7";"0";"7";"1";"1";""
"202200002933";"808 765";"A01";"1";"2";"9";"0";"1";"0";"6";""
"202200002934";"808 763";"B01";"1";"7";"6";"2";"1";"21";"1";""
"202200002934";"808 764";"A01";"2";"7";"0";"2";"1";"13";"1";""
"202200002935";"808 762";"A01";"1";"7";"0";"1";"2";"1";"1";""
"202200002936";"808 761";"A01";"3";"2";"1";"0";"1";"1";"1";""
"202200002937";"808 758";"C01";"1";"10";"0";"2";"1";"1";"1";""
"202200002937";"808 759";"B01";"1";"7";"0";"2";"6";"1";"1";""
"202200002937";"808 760";"A01";"1";"7";"0";"2";"8";"1";"1";""
"202200002938";"808 756";"B01";"1";"7";"0";"2";"2";"14";"1";""
"202200002938";"808 757";"A01";"1";"7";"0";"2";"4";"1";"1";""
"202200002939";"808 753";"C01";"2";"7";"0";"2";"1";"2";"1";""
"202200002939";"808 754";"B01";"2";"7";"0";"2";"4";"2";"1";""
"202200002939";"808 755";"A01";"2";"7";"0";"2";"4";"2";"1";""
"202200002940";"808 750";"C01";"1";"7";"0";"2";"4";"2";"1";""
"202200002940";"808 751";"B01";"1";"7";"0";"2";"4";"2";"1";""
"202200002940";"808 752";"A01";"1";"7";"0";"2";"1";"2";"1";""
"202200002941";"808 749";"A01";"1";"7";"2";"0";"1";"1";"1";""
"202200002942";"808 748";"A01";"1";"7";"6";"0";"2";"14";"1";""
"202200002943";"808 746";"B01";"1";"7";"0";"2";"4";"2";"1";""
"202200002943";"808 747";"A01";"1";"7";"0";"2";"1";"2";"1";""
"202200002944";"808 745";"A01";"2";"7";"4";"0";"7";"1";"1";""
"202200002945";"808 743";"A01";"2";"7";"0";"2";"1";"1";"1";""
"202200002945";"808 744";"B01";"2";"7";"0";"2";"4";"1";"1";""
"202200002946";"808 742";"A01";"0";"7";"6";"0";"1";"16";"1";""
"202200002947";"808 741";"Z01";"3";"99";"0";"1";"0";"0";"3";""
"202200002948";"808 740";"A01";"1";"7";"0";"1";"1";"15";"1";""
"202200002949";"808 739";"A01";"2";"7";"0";"1";"1";"1";"1";""
"202200002950";"808 738";"A01";"1";"34";"0";"1";"1";"0";"1";""
"202200002951";"808 736";"A01";"1";"7";"0";"2";"1";"2";"1";""
"202200002951";"808 737";"B01";"1";"10";"0";"2";"4";"2";"1";""
"202200002952";"808 733";"A01";"1";"7";"0";"2";"3";"7";"1";""
"202200002952";"808 734";"B01";"2";"7";"0";"2";"2";"15";"1";""
"202200002952";"808 735";"C01";"1";"7";"0";"2";"4";"1";"1";""
"202200002953";"808 731";"Z01";"1";"10";"0";"2";"1";"1";"0";""
"202200002953";"808 732";"A01";"2";"99";"0";"2";"1";"5";"0";""
"202200002954";"808 729";"A01";"1";"33";"0";"2";"0";"0";"1";""
"202200002954";"808 730";"B01";"1";"7";"0";"2";"0";"26";"1";""
"202200002955";"808 727";"A01";"2";"32";"0";"2";"3";"2";"1";""
"202200002955";"808 728";"B01";"2";"7";"0";"2";"3";"15";"1";""
"202200002956";"808 725";"B01";"1";"3";"0";"2";"4";"1";"1";""
"202200002956";"808 726";"A01";"1";"32";"0";"2";"1";"2";"1";""
"202200002957";"808 724";"A01";"1";"32";"12";"0";"2";"0";"1";""
"202200002958";"808 723";"A01";"1";"7";"0";"1";"1";"1";"1";""
"202200002959";"808 721";"B01";"1";"30";"0";"2";"7";"1";"1";""
"202200002959";"808 722";"A01";"1";"7";"0";"2";"3";"15";"1";""
"202200002960";"808 717";"A01";"2";"7";"0";"2";"4";"23";"1";""
"202200002960";"808 718";"B01";"2";"7";"0";"2";"4";"23";"1";""
"202200002960";"808 719";"C01";"2";"7";"0";"2";"4";"23";"1";""
"202200002960";"808 720";"D01";"2";"10";"0";"2";"1";"2";"1";""
"202200002961";"808 715";"A01";"3";"30";"0";"2";"7";"1";"1";""
"202200002961";"808 716";"B01";"3";"7";"0";"2";"3";"0";"1";""
"202200002962";"808 712";"A01";"1";"30";"12";"0";"0";"26";"1";""
"202200002963";"808 710";"A01";"1";"7";"1";"1";"2";"14";"1";""
"202200002963";"808 711";"B01";"1";"7";"0";"2";"6";"24";"1";""
"202200002964";"808 708";"B01";"1";"33";"0";"2";"1";"1";"1";""
"202200002964";"808 709";"A01";"1";"7";"0";"2";"2";"5";"1";""
"202200002965";"808 706";"A01";"2";"7";"0";"2";"7";"10";"1";""
"202200002965";"808 707";"B01";"2";"2";"0";"2";"1";"1";"1";""
"202200002966";"808 704";"B01";"1";"7";"0";"2";"3";"15";"1";""
"202200002966";"808 705";"A01";"1";"33";"0";"2";"7";"17";"1";""
"202200002967";"808 701";"A01";"1";"7";"0";"1";"1";"16";"1";""
"202200002968";"808 699";"A01";"2";"7";"0";"2";"8";"19";"1";""
"202200002968";"808 700";"B01";"2";"7";"0";"2";"1";"1";"1";""
"202200002969";"808 697";"B01";"2";"7";"0";"2";"1";"26";"1";""
"202200002969";"808 698";"A01";"1";"30";"0";"2";"1";"13";"1";""
"202200002970";"808 695";"B01";"0";"7";"0";"2";"1";"0";"1";""
"202200002970";"808 696";"A01";"0";"7";"0";"2";"7";"0";"1";""
"202200002971";"808 694";"A01";"3";"7";"0";"1";"0";"20";"1";""
"202200002972";"808 692";"A01";"3";"50";"0";"2";"1";"1";"3";""
"202200002972";"808 693";"B01";"3";"7";"0";"2";"3";"1";"1";""
"202200002973";"808 689";"C01";"1";"37";"0";"2";"8";"23";"1";"1"
"202200002973";"808 690";"B01";"2";"1";"0";"2";"4";"1";"5";""
"202200002973";"808 691";"A01";"1";"7";"0";"2";"1";"17";"1";""
"202200002974";"808 688";"A01";"1";"33";"12";"0";"1";"13";"1";""
"202200002975";"808 687";"A01";"1";"1";"0";"0";"0";"1";"5";""
"202200002976";"808 686";"A01";"1";"7";"1";"0";"1";"26";"1";""
"202200002977";"808 685";"A01";"2";"7";"0";"1";"2";"1";"1";""
"202200002978";"808 684";"A01";"1";"7";"9";"0";"8";"1";"1";""
"202200002979";"808 683";"A01";"2";"7";"3";"0";"2";"14";"1";""
"202200002980";"808 680";"C01";"2";"7";"0";"2";"8";"1";"1";""
"202200002980";"808 681";"B01";"1";"7";"0";"2";"1";"1";"1";""
"202200002980";"808 682";"A01";"2";"7";"0";"2";"1";"13";"1";""
"202200002981";"808 679";"A01";"3";"30";"16";"1";"2";"21";"1";""
"202200002982";"808 677";"B01";"1";"7";"0";"2";"3";"16";"1";""
"202200002982";"808 678";"A01";"1";"1";"0";"2";"1";"1";"5";""
"202200002983";"808 675";"A01";"2";"7";"0";"2";"2";"26";"0";""
"202200002983";"808 676";"B01";"2";"7";"0";"2";"5";"9";"1";""
"202200002984";"808 674";"A01";"1";"15";"0";"0";"0";"1";"1";""
"202200002985";"808 672";"B01";"1";"7";"0";"2";"3";"1";"3";""
"202200002985";"808 673";"A01";"2";"7";"0";"2";"1";"15";"1";""
"202200002986";"808 670";"A01";"2";"1";"0";"2";"2";"17";"5";""
"202200002986";"808 671";"B01";"2";"7";"0";"2";"3";"15";"1";""
"202200002987";"808 667";"C01";"2";"7";"0";"2";"1";"2";"1";""
"202200002987";"808 668";"B01";"2";"7";"0";"2";"9";"2";"1";""
"202200002987";"808 669";"A01";"2";"7";"0";"2";"4";"26";"1";""
"202200002988";"808 665";"B01";"3";"7";"0";"2";"1";"1";"1";""
"202200002988";"808 666";"A01";"3";"7";"0";"2";"1";"1";"1";""
"202200002989";"808 663";"A01";"1";"33";"0";"2";"1";"17";"1";""
"202200002989";"808 664";"B01";"1";"10";"0";"2";"3";"15";"1";""
"202200002990";"808 661";"A01";"3";"7";"0";"2";"1";"15";"1";""
"202200002990";"808 662";"B01";"3";"7";"0";"2";"1";"1";"3";""
"202200002991";"808 659";"B01";"1";"30";"0";"2";"1";"1";"1";""
"202200002991";"808 660";"A01";"1";"33";"0";"2";"1";"1";"0";""
"202200002992";"808 658";"A01";"3";"7";"8";"0";"1";"1";"1";""
"202200002993";"808 656";"A01";"3";"10";"0";"2";"3";"1";"1";""
"202200002993";"808 657";"B01";"3";"1";"0";"2";"1";"15";"5";""
"202200002994";"808 655";"A01";"0";"7";"0";"1";"1";"15";"1";""
"202200002995";"808 653";"B01";"2";"7";"0";"2";"6";"2";"1";""
"202200002995";"808 654";"A01";"2";"32";"0";"2";"1";"2";"1";""
"202200002996";"808 651";"A01";"2";"14";"0";"2";"2";"16";"6";""
"202200002996";"808 652";"B01";"2";"80";"0";"2";"8";"18";"3";""
"202200002997";"808 650";"A01";"2";"50";"0";"0";"0";"21";"3";""
"202200002998";"808 649";"A01";"2";"7";"0";"1";"3";"15";"1";""
"202200002999";"808 647";"B01";"3";"1";"0";"2";"4";"2";"5";""
"202200002999";"808 648";"A01";"3";"33";"0";"2";"1";"2";"1";""
"202200003000";"808 645";"B01";"3";"1";"0";"2";"1";"1";"5";""
"202200003000";"808 646";"A01";"1";"7";"0";"2";"2";"16";"2";""
"202200003001";"808 643";"B01";"1";"2";"0";"2";"1";"1";"1";""
"202200003001";"808 644";"A01";"2";"7";"0";"2";"1";"15";"1";""
"202200003002";"808 642";"A01";"1";"32";"1";"0";"7";"12";"1";""
"202200003003";"808 641";"A01";"1";"7";"0";"1";"0";"15";"2";""
"202200003004";"808 640";"Z01";"1";"7";"0";"1";"1";"1";"0";""
"202200003005";"808 638";"B01";"2";"7";"0";"2";"3";"15";"1";""
"202200003005";"808 639";"A01";"2";"50";"0";"2";"1";"17";"3";""
"202200003006";"808 635";"A01";"2";"34";"1";"2";"7";"3";"1";""
"202200003006";"808 636";"B01";"2";"7";"0";"9";"7";"23";"1";""
"202200003006";"808 637";"C01";"2";"7";"0";"2";"7";"23";"1";""
"202200003007";"808 633";"B01";"1";"7";"0";"2";"1";"1";"2";""
"202200003007";"808 634";"A01";"1";"1";"0";"2";"1";"15";"5";""
"202200003008";"808 631";"B01";"2";"7";"0";"2";"4";"24";"1";""
"202200003008";"808 632";"A01";"2";"10";"0";"2";"1";"1";"1";""
"202200003009";"808 629";"B01";"3";"50";"0";"2";"8";"19";"3";""
"202200003009";"808 630";"A01";"2";"7";"0";"2";"2";"1";"1";""
"202200003010";"808 627";"A01";"3";"13";"0";"2";"1";"1";"1";""
"202200003010";"808 628";"B01";"3";"37";"0";"2";"7";"1";"6";"1"
"202200003011";"808 625";"B01";"1";"32";"0";"2";"8";"1";"1";""
"202200003011";"808 626";"A01";"1";"7";"0";"2";"1";"1";"1";""
"202200003012";"808 623";"A01";"3";"50";"0";"2";"1";"19";"3";""
"202200003012";"808 624";"B01";"2";"43";"0";"2";"2";"1";"1";""
"202200003013";"808 621";"A01";"3";"7";"0";"2";"8";"5";"1";""
"202200003013";"808 622";"B01";"3";"37";"0";"2";"1";"1";"1";"1"
"202200003014";"808 617";"A01";"3";"7";"0";"2";"5";"16";"1";""
"202200003014";"808 618";"B01";"3";"32";"0";"2";"3";"15";"1";""
"202200003015";"808 616";"A01";"1";"7";"15";"0";"1";"21";"1";""
"202200003016";"808 614";"A01";"1";"34";"0";"2";"1";"1";"1";""
"202200003016";"808 615";"B01";"1";"7";"12";"0";"7";"15";"1";""
"202200003017";"808 613";"A01";"1";"34";"9";"0";"7";"1";"1";""
"202200003018";"808 611";"B01";"1";"7";"0";"2";"2";"1";"1";""
"202200003018";"808 612";"A01";"2";"7";"0";"2";"7";"15";"1";""
"202200003019";"808 609";"B01";"3";"10";"0";"2";"3";"21";"1";""
"202200003019";"808 610";"A01";"3";"7";"0";"2";"3";"13";"1";""
"202200003020";"808 607";"A01";"1";"33";"0";"2";"3";"1";"1";""
"202200003020";"808 608";"B01";"2";"33";"0";"2";"3";"1";"1";""
"202200003021";"808 605";"A01";"1";"7";"0";"2";"5";"15";"1";""
"202200003021";"808 606";"B01";"2";"31";"0";"2";"1";"1";"1";""
"202200003022";"808 603";"B01";"1";"7";"0";"2";"2";"1";"1";""
"202200003022";"808 604";"A01";"2";"7";"0";"0";"1";"15";"1";""
"202200003023";"808 602";"A01";"2";"7";"15";"0";"1";"1";"1";""
"202200003024";"808 600";"A01";"2";"7";"0";"2";"1";"19";"1";""
"202200003024";"808 601";"B01";"2";"33";"0";"2";"7";"1";"1";""
"202200003025";"808 599";"A01";"1";"7";"12";"0";"0";"1";"0";""
"202200003026";"808 598";"A01";"2";"7";"2";"0";"8";"14";"1";""
"202200003027";"808 596";"A01";"3";"7";"0";"2";"1";"1";"1";""
"202200003027";"808 597";"B01";"3";"2";"0";"0";"8";"15";"1";""
"202200003028";"808 595";"A01";"3";"7";"2";"0";"7";"1";"1";""
"202200003029";"808 594";"A01";"2";"33";"6";"0";"2";"14";"1";""
"202200003030";"808 592";"A01";"2";"7";"13";"0";"1";"13";"1";""
"202200003031";"808 590";"B01";"1";"7";"0";"2";"1";"1";"1";""
"202200003031";"808 591";"A01";"2";"7";"0";"2";"5";"19";"1";""
"202200003032";"808 589";"A01";"1";"33";"0";"0";"1";"1";"1";""
"202200003033";"808 587";"B01";"2";"33";"0";"2";"4";"10";"1";""
"202200003033";"808 588";"A01";"2";"33";"0";"2";"1";"17";"1";""
"202200003034";"808 585";"B01";"2";"2";"0";"2";"3";"1";"1";""
"202200003034";"808 586";"A01";"1";"31";"0";"2";"1";"1";"1";""
"202200003035";"808 584";"A01";"1";"7";"2";"0";"1";"14";"2";""
"202200003036";"808 583";"A01";"1";"2";"0";"0";"9";"1";"1";""
"202200003037";"808 581";"A01";"2";"13";"0";"9";"7";"17";"1";""
"202200003037";"808 582";"B01";"2";"1";"0";"2";"0";"1";"5";""
"202200003038";"808 579";"A01";"1";"7";"0";"2";"3";"13";"1";""
"202200003038";"808 580";"B01";"2";"7";"0";"2";"3";"1";"1";""