"Num_Acc";"id_vehicule";"num_veh";"senc";"catv";"obs";"obsm";"choc";"manv";"motor";"occutc"
"202200003039";"808 577";"B01";"1";"7";"0";"2";"8";"15";"1";""
"202200003039";"808 578";"A01";"2";"33";"0";"2";"1";"1";"1";""
"202200003040";"808 575";"B01";"3";"7";"0";"0";"3";"1";"1";""
"202200003040";"808 576";"A01";"3";"7";"0";"2";"3";"1";"1";""
"202200003041";"808 573";"B01";"1";"1";"0";"2";"3";"1";"5";""
"202200003041";"808 574";"A01";"2";"7";"0";"2";"5";"15";"1";""
"202200003042";"808 571";"B01";"1";"7";"0";"2";"0";"15";"1";""
"202200003042";"808 572";"A01";"1";"33";"0";"2";"3";"17";"1";""
"202200003043";"808 570";"A01";"1";"7";"0";"1";"3";"1";"1";""
"202200003044";"808 568";"A01";"1";"33";"0";"2";"1";"1";"1";""
"202200003044";"808 569";"B01";"1";"7";"0";"2";"4";"26";"2";""
"202200003045";"808 566";"B01";"1";"7";"0";"0";"4";"2";"1";""
"202200003045";"808 567";"A01";"1";"7";"0";"2";"1";"2";"1";""
"202200003046";"808 565";"A01";"2";"33";"0";"0";"8";"16";"1";""
"202200003047";"808 563";"B01";"2";"33";"0";"2";"1";"1";"1";""
"202200003047";"808 564";"A01";"1";"7";"0";"2";"2";"15";"1";""
"202200003048";"808 562";"A01";"2";"10";"13";"0";"7";"1";"1";""
"202200003049";"808 561";"A01";"3";"7";"13";"0";"3";"1";"1";""
"202200003050";"808 560";"A01";"2";"7";"0";"1";"1";"1";"1";""
"202200003051";"808 559";"A01";"1";"33";"2";"0";"1";"0";"1";""
"202200003052";"808 558";"A01";"3";"2";"6";"0";"1";"14";"1";""
"202200003053";"808 557";"A01";"0";"7";"16";"0";"0";"0";"1";""
"202200003054";"808 556";"A01";"1";"33";"13";"0";"3";"1";"1";""
"202200003055";"808 555";"A01";"2";"1";"13";"0";"0";"0";"5";""
"202200003056";"808 554";"A01";"0";"7";"6";"0";"1";"1";"1";""
"202200003057";"808 552";"B01";"2";"7";"0";"0";"1";"21";"1";""
"202200003057";"808 553";"A01";"1";"7";"0";"2";"1";"13";"0";""
"202200003058";"808 551";"A01";"1";"2";"0";"0";"0";"1";"1";""
"202200003059";"808 549";"B01";"1";"1";"0";"2";"4";"2";"5";""
"202200003059";"808 550";"A01";"1";"7";"0";"9";"2";"2";"1";""
"202200003060";"808 548";"A01";"2";"33";"15";"0";"1";"14";"1";""
"202200003061";"808 543";"B01";"2";"7";"0";"2";"4";"2";"2";""
"202200003061";"808 544";"A01";"2";"7";"0";"2";"1";"2";"1";""
"202200003061";"808 545";"C01";"2";"7";"0";"2";"4";"2";"1";""
"202200003061";"808 546";"D01";"2";"7";"0";"2";"4";"2";"1";""
"202200003061";"808 547";"E01";"2";"7";"0";"2";"4";"2";"1";""
"202200003062";"808 541";"A01";"1";"7";"17";"0";"2";"1";"1";""
"202200003063";"808 539";"A01";"1";"2";"0";"2";"1";"17";"1";""
"202200003063";"808 540";"B01";"1";"7";"0";"2";"6";"15";"1";""
"202200003064";"808 538";"A01";"1";"30";"8";"0";"7";"1";"1";""
"202200003065";"808 537";"A01";"2";"15";"0";"0";"2";"0";"1";""
"202200003066";"808 536";"A01";"2";"7";"13";"0";"9";"14";"1";""
"202200003067";"808 535";"A01";"2";"7";"2";"0";"3";"19";"1";""
"202200003068";"808 534";"A01";"2";"10";"16";"0";"1";"14";"1";""
"202200003069";"808 532";"B01";"2";"7";"0";"2";"3";"1";"1";""
"202200003069";"808 533";"A01";"1";"2";"0";"2";"1";"13";"1";""
"202200003070";"808 530";"A01";"1";"7";"0";"2";"1";"13";"1";""
"202200003070";"808 531";"B01";"2";"7";"0";"2";"1";"2";"1";""
"202200003071";"808 528";"B01";"1";"7";"0";"0";"4";"26";"1";""
"202200003071";"808 529";"A01";"1";"7";"1";"0";"1";"1";"1";""
"202200003072";"808 527";"A01";"2";"7";"8";"0";"5";"13";"1";""
"202200003073";"808 525";"B01";"0";"39";"0";"4";"3";"1";"3";""
"202200003073";"808 526";"A01";"1";"7";"5";"4";"6";"15";"1";""
"202200003074";"808 523";"A01";"2";"7";"0";"2";"7";"15";"1";""
"202200003074";"808 524";"B01";"2";"31";"0";"2";"1";"13";"1";""
"202200003075";"808 521";"B01";"0";"7";"0";"2";"2";"1";"1";""
"202200003075";"808 522";"A01";"0";"7";"0";"2";"1";"13";"1";""
"202200003076";"808 519";"A01";"1";"10";"0";"2";"1";"15";"1";""
"202200003076";"808 520";"B01";"2";"1";"0";"2";"8";"1";"5";""
"202200003077";"808 518";"A01";"1";"7";"13";"0";"1";"1";"1";""
"202200003078";"808 516";"A01";"2";"2";"0";"0";"8";"19";"1";""
"202200003078";"808 517";"B01";"1";"7";"0";"0";"1";"1";"1";""
"202200003079";"808 514";"A01";"1";"7";"0";"1";"3";"2";"1";""
"202200003079";"808 515";"B01";"1";"50";"0";"2";"8";"15";"3";""
"202200003080";"808 512";"B01";"3";"7";"0";"2";"3";"5";"1";""
"202200003080";"808 513";"A01";"3";"1";"0";"2";"8";"1";"5";""
"202200003081";"808 511";"A01";"3";"2";"0";"0";"0";"1";"0";""
"202200003082";"808 510";"A01";"2";"33";"0";"0";"0";"17";"1";""
"202200003083";"808 508";"A01";"1";"1";"0";"9";"4";"21";"5";""
"202200003083";"808 509";"B01";"1";"1";"0";"9";"1";"0";"5";""
"202200003084";"808 507";"A01";"1";"7";"8";"0";"2";"1";"1";""
"202200003085";"808 506";"A01";"1";"7";"8";"0";"2";"14";"1";""
"202200003086";"808 505";"A01";"2";"31";"0";"0";"7";"2";"1";""
"202200003087";"808 504";"A01";"1";"7";"16";"0";"1";"1";"1";""
"202200003088";"808 503";"A01";"1";"14";"2";"0";"1";"17";"1";""
"202200003089";"808 501";"A01";"3";"7";"2";"0";"2";"1";"1";""
"202200003090";"808 500";"A01";"2";"17";"4";"0";"1";"0";"1";""
"202200003091";"808 498";"A01";"3";"7";"0";"1";"1";"1";"1";""
"202200003092";"808 499";"A01";"1";"7";"0";"2";"2";"13";"1";""
"202200003092";"808 502";"B01";"2";"10";"0";"2";"2";"1";"1";""
"202200003093";"808 497";"A01";"2";"7";"0";"0";"9";"1";"1";""
"202200003094";"808 496";"A01";"3";"33";"12";"0";"8";"0";"1";""
"202200003095";"808 495";"A01";"1";"7";"2";"0";"9";"1";"1";""
"202200003096";"808 492";"B01";"1";"10";"0";"2";"2";"1";"1";""
"202200003096";"808 494";"A01";"1";"7";"0";"2";"3";"16";"1";""
"202200003097";"808 490";"A01";"2";"7";"8";"0";"1";"2";"1";""
"202200003098";"808 488";"B01";"1";"99";"0";"2";"2";"21";"1";""
"202200003098";"808 489";"A01";"1";"30";"0";"0";"4";"2";"1";""
"202200003099";"808 486";"B01";"3";"50";"0";"2";"3";"2";"3";""
"202200003099";"808 487";"A01";"3";"7";"0";"9";"7";"2";"2";""
"202200003100";"808 484";"A01";"1";"7";"4";"0";"0";"0";"1";""
"202200003101";"808 483";"B01";"1";"33";"0";"2";"7";"9";"1";""
"202200003101";"808 485";"A01";"2";"10";"0";"2";"3";"9";"1";""
"202200003102";"808 482";"A01";"1";"7";"0";"1";"1";"16";"1";""
"202200003103";"808 480";"A01";"0";"7";"0";"1";"2";"21";"2";""
"202200003104";"808 479";"A01";"1";"33";"0";"2";"9";"1";"1";""
"202200003104";"808 481";"B01";"1";"7";"0";"2";"3";"15";"1";""
"202200003105";"808 477";"A01";"1";"7";"0";"2";"7";"1";"1";""
"202200003105";"808 478";"B01";"2";"7";"0";"2";"1";"1";"1";""
"202200003106";"808 476";"A01";"2";"7";"2";"0";"7";"15";"1";""
"202200003107";"808 473";"A01";"1";"7";"0";"2";"1";"13";"1";""
"202200003107";"808 475";"B01";"2";"7";"0";"0";"1";"1";"1";""
"202200003108";"808 469";"B01";"1";"33";"0";"2";"1";"2";"1";""
"202200003108";"808 470";"A01";"1";"7";"0";"2";"6";"2";"1";""
"202200003109";"808 468";"A01";"0";"7";"16";"0";"0";"1";"1";""
"202200003110";"808 467";"B01";"2";"7";"0";"2";"1";"1";"3";""
"202200003110";"808 472";"A01";"1";"7";"0";"2";"2";"13";"1";""
"202200003111";"808 464";"A01";"2";"7";"17";"0";"1";"1";"1";""
"202200003112";"808 463";"Z01";"2";"7";"0";"2";"0";"11";"0";""
"202200003112";"808 465";"B01";"2";"7";"0";"2";"7";"1";"1";""
"202200003112";"808 466";"A01";"2";"7";"0";"2";"4";"1";"1";""
"202200003113";"808 461";"A01";"2";"31";"4";"0";"8";"2";"1";""
"202200003114";"808 462";"A01";"0";"7";"0";"1";"3";"15";"1";""
"202200003115";"808 457";"A01";"1";"33";"0";"2";"8";"3";"1";""
"202200003115";"808 459";"B01";"1";"7";"0";"2";"5";"14";"1";""
"202200003116";"808 456";"B01";"2";"10";"0";"2";"3";"1";"1";""
"202200003116";"808 460";"A01";"1";"7";"16";"2";"3";"1";"1";""
"202200003117";"808 455";"A01";"3";"7";"0";"0";"1";"1";"1";""
"202200003118";"808 448";"A01";"2";"7";"0";"2";"7";"15";"1";""
"202200003118";"808 452";"B01";"0";"2";"0";"2";"1";"1";"1";""
"202200003119";"808 449";"A01";"2";"7";"0";"2";"1";"2";"1";""
"202200003119";"808 451";"B01";"2";"7";"0";"2";"2";"17";"1";""
"202200003119";"808 453";"C01";"2";"7";"0";"2";"6";"2";"1";""
"202200003119";"808 454";"D01";"2";"7";"0";"2";"8";"2";"1";""
"202200003120";"808 447";"B01";"2";"7";"0";"2";"1";"1";"1";""
"202200003120";"808 450";"A01";"1";"7";"0";"2";"1";"13";"1";""
"202200003121";"808 446";"A01";"3";"7";"8";"0";"1";"1";"3";""
"202200003122";"808 445";"A01";"3";"33";"0";"2";"0";"1";"1";""
"202200003123";"808 441";"A01";"1";"7";"0";"2";"2";"1";"1";""
"202200003123";"808 444";"B01";"2";"7";"0";"2";"3";"1";"1";""
"202200003124";"808 440";"B01";"2";"7";"0";"9";"6";"23";"1";""
"202200003124";"808 443";"A01";"2";"7";"1";"0";"2";"14";"1";""
"202200003125";"808 439";"A01";"1";"7";"0";"2";"7";"26";"1";""
"202200003125";"808 442";"B01";"1";"7";"0";"2";"1";"2";"1";""
"202200003126";"808 438";"A01";"1";"7";"0";"1";"4";"4";"1";""
"202200003127";"808 436";"A01";"2";"33";"15";"0";"1";"2";"1";""
"202200003128";"808 433";"C01";"2";"7";"4";"2";"4";"1";"1";""
"202200003128";"808 435";"B01";"2";"7";"0";"2";"4";"1";"1";""
"202200003128";"808 437";"A01";"2";"10";"0";"2";"1";"1";"1";""
"202200003129";"808 431";"B01";"1";"7";"0";"2";"2";"1";"1";""
"202200003129";"808 434";"A01";"3";"7";"0";"2";"1";"15";"1";""
"202200003130";"808 430";"B01";"1";"10";"0";"2";"4";"2";"1";""
"202200003130";"808 432";"A01";"1";"32";"0";"2";"1";"2";"1";""
"202200003131";"808 427";"A01";"1";"7";"0";"2";"6";"15";"1";""
"202200003131";"808 429";"B01";"1";"7";"0";"2";"1";"1";"2";""
"202200003132";"808 425";"A01";"3";"33";"0";"2";"7";"9";"1";""
"202200003132";"808 428";"B01";"3";"7";"0";"2";"8";"1";"1";""
"202200003133";"808 424";"A01";"1";"7";"2";"0";"3";"1";"1";""
"202200003134";"808 421";"A01";"3";"0";"0";"1";"0";"1";"0";""
"202200003135";"808 422";"A01";"2";"33";"0";"2";"1";"1";"1";""
"202200003135";"808 423";"B01";"2";"7";"0";"2";"4";"0";"1";""
"202200003136";"808 420";"A01";"0";"7";"0";"2";"1";"2";"1";""
"202200003136";"808 426";"B01";"0";"7";"0";"2";"6";"2";"1";""
"202200003137";"808 417";"A01";"3";"7";"0";"2";"0";"0";"1";""
"202200003137";"808 419";"B01";"3";"33";"0";"2";"1";"1";"1";""
"202200003138";"808 414";"B01";"0";"33";"0";"2";"0";"0";"1";""
"202200003138";"808 415";"A01";"1";"7";"0";"2";"3";"20";"1";""
"202200003139";"808 411";"C01";"2";"10";"0";"2";"3";"1";"1";""
"202200003139";"808 412";"B01";"1";"2";"0";"2";"1";"1";"1";""
"202200003139";"808 416";"A01";"2";"10";"0";"2";"7";"15";"1";""
"202200003140";"808 406";"A01";"1";"21";"0";"2";"6";"15";"1";""
"202200003140";"808 408";"B01";"2";"33";"0";"2";"1";"1";"1";""
"202200003141";"808 405";"B01";"1";"10";"0";"0";"1";"0";"1";""
"202200003141";"808 407";"C01";"1";"7";"0";"0";"0";"0";"1";""
"202200003141";"808 409";"A01";"2";"7";"0";"2";"1";"9";"6";""
"202200003142";"808 402";"A01";"2";"10";"16";"0";"7";"14";"1";""
"202200003143";"808 399";"B01";"3";"33";"0";"2";"1";"1";"1";""
"202200003143";"808 400";"A01";"3";"7";"0";"2";"2";"15";"1";""
"202200003144";"808 398";"A01";"2";"7";"0";"2";"1";"1";"1";""
"202200003144";"808 401";"B01";"1";"7";"0";"2";"1";"17";"1";""
"202200003145";"808 395";"B01";"1";"7";"0";"2";"0";"0";"0";""
"202200003145";"808 397";"A01";"2";"7";"0";"2";"0";"0";"0";""
"202200003146";"808 394";"A01";"3";"10";"0";"2";"1";"17";"1";""
"202200003147";"808 393";"A01";"2";"7";"0";"9";"8";"19";"1";""
"202200003147";"808 396";"B01";"2";"1";"0";"2";"8";"1";"5";""
"202200003148";"808 392";"A01";"1";"7";"17";"0";"1";"2";"1";""
"202200003149";"808 387";"A01";"3";"7";"0";"2";"7";"1";"1";""
"202200003149";"808 390";"B01";"3";"7";"0";"2";"1";"1";"1";""
"202200003150";"808 386";"C01";"3";"7";"0";"2";"1";"2";"1";""
"202200003150";"808 389";"B01";"3";"7";"0";"2";"9";"23";"1";""
"202200003150";"808 391";"A01";"3";"7";"0";"2";"4";"23";"1";""
"202200003151";"808 383";"B01";"1";"1";"0";"2";"1";"21";"5";""
"202200003151";"808 385";"C01";"1";"7";"0";"9";"1";"21";"1";""
"202200003151";"808 388";"A01";"1";"37";"0";"2";"2";"21";"1";"1"
"202200003152";"808 384";"A01";"1";"7";"6";"0";"8";"26";"1";""
"202200003153";"808 379";"A01";"1";"2";"0";"0";"0";"1";"0";""
"202200003154";"808 380";"B01";"2";"2";"0";"2";"1";"0";"1";""
"202200003154";"808 382";"A01";"1";"7";"0";"2";"8";"15";"1";""
"202200003155";"808 378";"B01";"2";"7";"0";"2";"4";"1";"1";""
"202200003155";"808 381";"A01";"2";"33";"0";"2";"1";"1";"1";""
"202200003156";"808 377";"A01";"1";"2";"8";"0";"1";"1";"1";""
"202200003157";"808 372";"A01";"1";"7";"0";"2";"1";"2";"1";""
"202200003157";"808 374";"B01";"1";"7";"0";"2";"4";"2";"1";""
"202200003157";"808 376";"C01";"1";"7";"0";"0";"5";"2";"1";""
"202200003158";"808 373";"B01";"2";"32";"0";"2";"1";"3";"1";""
"202200003158";"808 375";"A01";"2";"7";"0";"2";"3";"10";"1";""
"202200003159";"808 368";"B01";"2";"31";"0";"2";"8";"1";"1";""
"202200003159";"808 370";"A01";"1";"7";"0";"2";"1";"1";"1";""
"202200003160";"808 369";"B01";"1";"7";"0";"2";"3";"9";"1";""
"202200003160";"808 371";"A01";"1";"7";"0";"2";"3";"9";"1";""
"202200003161";"808 364";"A01";"1";"30";"0";"1";"1";"17";"1";""
"202200003162";"808 365";"A01";"2";"7";"4";"2";"1";"1";"1";""
"202200003162";"808 367";"B01";"2";"7";"4";"0";"4";"1";"1";""
"202200003163";"808 363";"A01";"3";"7";"0";"2";"0";"15";"1";""
"202200003163";"808 366";"B01";"3";"1";"0";"2";"0";"1";"5";""
"202200003164";"808 359";"A01";"3";"30";"0";"1";"0";"0";"1";""
"202200003165";"808 360";"B01";"0";"99";"0";"2";"0";"0";"0";""
"202200003165";"808 362";"A01";"0";"33";"0";"2";"1";"0";"0";""
"202200003166";"808 361";"A01";"2";"7";"8";"0";"1";"0";"1";""
"202200003167";"808 358";"A01";"2";"7";"0";"0";"9";"0";"1";""
"202200003168";"808 355";"A01";"1";"7";"12";"2";"1";"18";"1";""
"202200003168";"808 357";"B01";"1";"7";"0";"2";"5";"16";"1";""
"202200003169";"808 356";"A01";"1";"10";"0";"1";"1";"1";"1";""
"202200003170";"808 353";"B01";"1";"2";"0";"2";"1";"1";"1";""
"202200003170";"808 354";"A01";"1";"7";"0";"2";"3";"16";"1";""
"202200003171";"808 351";"A01";"3";"7";"0";"2";"1";"9";"1";""
"202200003171";"808 352";"B01";"2";"50";"0";"2";"8";"1";"3";""
"202200003172";"808 348";"B01";"2";"10";"0";"2";"2";"1";"1";""
"202200003172";"808 350";"A01";"1";"7";"0";"2";"6";"26";"1";""
"202200003173";"808 349";"A01";"1";"7";"2";"0";"2";"1";"1";""
"202200003174";"808 346";"A01";"3";"7";"0";"2";"1";"26";"1";""
"202200003174";"808 347";"B01";"3";"7";"0";"2";"4";"0";"2";""
"202200003175";"808 344";"B01";"3";"7";"0";"2";"4";"1";"1";""
"202200003175";"808 345";"A01";"3";"10";"0";"2";"1";"1";"1";""
"202200003176";"808 341";"B01";"2";"50";"1";"2";"1";"2";"3";""
"202200003176";"808 342";"A01";"2";"7";"0";"2";"5";"23";"1";""
"202200003177";"808 340";"B01";"2";"7";"0";"2";"3";"1";"1";""
"202200003177";"808 343";"A01";"1";"7";"0";"2";"3";"13";"1";""
"202200003178";"808 338";"B01";"1";"7";"9";"2";"6";"2";"1";""
"202200003178";"808 339";"A01";"1";"7";"9";"2";"2";"21";"1";""
"202200003179";"808 333";"D01";"1";"7";"0";"2";"4";"2";"1";""
"202200003179";"808 334";"C01";"1";"7";"0";"2";"1";"2";"1";""
"202200003179";"808 336";"B01";"1";"7";"0";"2";"1";"2";"1";""
"202200003179";"808 337";"A01";"1";"7";"0";"2";"1";"2";"1";""
"202200003180";"808 332";"A01";"1";"33";"0";"2";"1";"1";"1";""
"202200003181";"808 331";"B01";"2";"33";"0";"2";"1";"3";"1";""
"202200003181";"808 335";"A01";"2";"7";"0";"2";"5";"12";"1";""
"202200003182";"808 329";"B01";"2";"7";"0";"2";"1";"1";"1";""
"202200003182";"808 330";"A01";"1";"14";"0";"2";"1";"26";"1";""
"202200003183";"808 327";"A01";"3";"7";"8";"0";"1";"13";"2";""
"202200003184";"808 326";"B01";"1";"31";"0";"2";"2";"1";"1";""
"202200003184";"808 328";"A01";"1";"7";"0";"2";"2";"9";"1";""
"202200003185";"808 325";"A01";"1";"7";"0";"1";"3";"1";"1";""
"202200003186";"808 324";"A01";"2";"7";"13";"0";"9";"1";"1";""
"202200003187";"808 323";"A01";"1";"7";"0";"0";"9";"1";"1";""
"202200003188";"808 321";"B01";"3";"32";"0";"2";"2";"1";"1";""
"202200003188";"808 322";"A01";"3";"7";"0";"2";"7";"13";"1";""
"202200003189";"808 318";"A01";"1";"30";"0";"2";"3";"1";"1";""
"202200003189";"808 319";"B01";"1";"7";"0";"2";"4";"1";"1";""
"202200003190";"808 314";"A01";"2";"7";"13";"0";"1";"13";"1";""
"202200003190";"808 317";"B01";"1";"7";"0";"2";"1";"1";"2";""
"202200003190";"808 320";"C01";"1";"10";"0";"2";"1";"1";"1";""
"202200003191";"808 315";"B01";"1";"7";"0";"2";"8";"1";"0";""
"202200003191";"808 316";"A01";"1";"7";"0";"2";"1";"1";"1";""
"202200003192";"808 311";"A01";"1";"7";"0";"2";"1";"2";"1";""
"202200003192";"808 312";"B01";"1";"7";"0";"2";"4";"2";"1";""
"202200003192";"808 313";"C01";"1";"7";"0";"2";"4";"2";"1";""
"202200003193";"808 310";"A01";"1";"7";"0";"1";"2";"1";"1";""
"202200003194";"808 309";"A01";"1";"7";"2";"0";"3";"13";"1";""
"202200003195";"808 306";"A01";"3";"7";"0";"1";"2";"26";"0";""
"202200003196";"808 303";"A01";"1";"7";"0";"2";"4";"26";"1";""
"202200003196";"808 305";"B01";"1";"7";"0";"2";"4";"1";"1";""
"202200003196";"808 307";"C01";"1";"7";"0";"2";"1";"1";"1";""
"202200003196";"808 308";"D01";"1";"7";"0";"2";"1";"1";"1";""
"202200003197";"808 302";"B01";"2";"10";"0";"2";"3";"1";"1";""
"202200003197";"808 304";"A01";"1";"7";"0";"2";"3";"6";"1";""
"202200003198";"808 299";"A01";"1";"7";"0";"2";"2";"1";"1";""
"202200003198";"808 301";"B01";"1";"50";"0";"2";"3";"15";"3";""
"202200003199";"808 298";"A01";"3";"7";"1";"0";"3";"9";"1";""
"202200003199";"808 300";"B01";"3";"7";"0";"2";"5";"24";"1";""
"202200003200";"808 295";"A01";"1";"7";"0";"2";"7";"15";"1";""
"202200003200";"808 297";"B01";"1";"7";"0";"2";"1";"1";"1";""
"202200003201";"808 292";"A01";"2";"7";"0";"2";"7";"15";"1";""
"202200003201";"808 294";"B01";"2";"60";"0";"2";"1";"1";"3";""
"202200003202";"808 288";"B01";"1";"7";"0";"2";"7";"1";"1";""
"202200003202";"808 291";"A01";"1";"7";"0";"2";"1";"15";"1";""
"202200003203";"808 287";"A01";"2";"7";"0";"2";"5";"15";"1";""
"202200003203";"808 289";"B01";"1";"1";"0";"2";"1";"1";"0";""
"202200003204";"808 285";"A01";"1";"80";"0";"2";"8";"0";"3";""
"202200003204";"808 286";"B01";"1";"7";"0";"9";"0";"0";"1";""
"202200003205";"808 290";"A01";"2";"7";"1";"0";"1";"1";"1";""
"202200003205";"808 293";"C01";"2";"7";"0";"2";"1";"2";"1";""
"202200003205";"808 296";"D01";"2";"7";"0";"2";"7";"21";"1";""
"202200003206";"808 283";"A01";"2";"7";"0";"2";"1";"2";"1";""
"202200003206";"808 284";"B01";"2";"7";"0";"2";"6";"2";"1";""
"202200003207";"808 282";"A01";"3";"7";"0";"1";"1";"14";"1";""
"202200003208";"808 281";"A01";"1";"32";"0";"1";"3";"1";"1";""
"202200003209";"808 278";"A01";"2";"34";"0";"2";"1";"18";"1";""
"202200003209";"808 280";"B01";"2";"7";"0";"2";"7";"16";"1";""
"202200003210";"808 279";"A01";"2";"7";"5";"0";"2";"0";"3";""
"202200003211";"808 275";"B01";"1";"7";"0";"2";"1";"2";"1";""
"202200003211";"808 276";"C01";"1";"7";"0";"2";"4";"2";"1";""
"202200003211";"808 277";"A01";"1";"7";"0";"2";"1";"2";"1";""
"202200003212";"808 273";"A01";"2";"32";"0";"2";"1";"2";"1";""
"202200003212";"808 274";"B01";"2";"7";"0";"9";"4";"2";"1";""
"202200003213";"808 269";"B01";"1";"7";"2";"2";"1";"1";"1";""
"202200003213";"808 272";"A01";"2";"10";"0";"2";"5";"19";"1";""
"202200003214";"808 266";"D01";"2";"7";"0";"2";"4";"2";"1";""
"202200003214";"808 268";"C01";"2";"7";"0";"2";"4";"2";"1";""
"202200003214";"808 270";"B01";"2";"7";"0";"2";"4";"2";"1";""
"202200003214";"808 271";"A01";"2";"7";"0";"2";"1";"2";"1";""
"202200003215";"808 262";"A01";"1";"7";"0";"2";"2";"15";"2";""
"202200003215";"808 264";"B01";"2";"1";"0";"2";"9";"19";"5";""
"202200003216";"808 263";"A01";"2";"7";"0";"2";"1";"2";"1";""
"202200003216";"808 265";"B01";"2";"7";"0";"2";"4";"2";"1";""
"202200003216";"808 267";"C01";"2";"7";"0";"2";"4";"2";"1";""
"202200003217";"808 261";"A01";"1";"32";"12";"0";"1";"2";"1";""
"202200003218";"808 258";"A01";"2";"1";"0";"1";"1";"5";"5";""
"202200003219";"808 260";"A01";"2";"7";"0";"1";"1";"19";"1";""
"202200003220";"808 256";"A01";"2";"33";"0";"2";"2";"17";"1";""
"202200003220";"808 257";"B01";"1";"7";"0";"2";"3";"15";"1";""
"202200003220";"808 259";"C01";"1";"7";"0";"2";"3";"1";"1";""
"202200003221";"808 252";"B01";"1";"33";"0";"2";"3";"3";"1";""
"202200003221";"808 254";"A01";"1";"7";"0";"2";"5";"1";"1";""
"202200003222";"808 250";"A01";"2";"3";"0";"2";"1";"9";"1";""
"202200003222";"808 253";"B01";"1";"2";"0";"2";"7";"1";"1";""
"202200003223";"808 251";"A01";"1";"30";"0";"2";"7";"1";"1";""
"202200003223";"808 255";"B01";"2";"7";"0";"2";"2";"1";"1";""
"202200003224";"808 248";"B01";"1";"31";"0";"2";"1";"2";"1";""
"202200003224";"808 249";"A01";"1";"7";"0";"2";"5";"1";"1";""
"202200003225";"808 246";"A01";"1";"32";"10";"0";"1";"1";"1";""
"202200003226";"808 245";"B01";"2";"7";"0";"2";"5";"2";"1";""
"202200003226";"808 247";"A01";"2";"7";"0";"2";"3";"2";"1";""
"202200003227";"808 243";"B01";"2";"15";"0";"2";"4";"2";"1";""
"202200003227";"808 244";"A01";"2";"7";"0";"2";"1";"2";"1";""
"202200003228";"808 238";"B01";"2";"7";"0";"2";"8";"11";"1";""
"202200003228";"808 240";"A01";"2";"32";"0";"2";"7";"1";"1";""
"202200003229";"808 239";"A01";"1";"7";"0";"2";"1";"19";"1";""
"202200003229";"808 242";"B01";"2";"7";"0";"2";"5";"1";"2";""
"202200003230";"808 241";"A01";"1";"7";"12";"0";"2";"0";"1";""
"202200003231";"808 236";"A01";"1";"7";"0";"2";"4";"2";"1";""
"202200003231";"808 237";"B01";"1";"7";"0";"2";"4";"1";"1";""
"202200003232";"808 232";"B01";"1";"7";"0";"2";"3";"1";"1";""
"202200003232";"808 233";"A01";"1";"7";"0";"2";"0";"26";"1";""
"202200003233";"808 231";"B01";"3";"33";"0";"2";"1";"1";"1";""
"202200003233";"808 235";"A01";"3";"7";"0";"0";"6";"26";"1";""
"202200003234";"808 228";"B01";"1";"33";"0";"2";"3";"3";"1";""
"202200003234";"808 229";"A01";"1";"7";"0";"2";"7";"14";"1";""
"202200003235";"808 227";"B01";"1";"7";"0";"2";"1";"1";"1";""
"202200003235";"808 230";"A01";"2";"7";"0";"2";"7";"15";"1";""
"202200003235";"808 234";"C01";"1";"7";"0";"2";"1";"23";"1";""
"202200003236";"808 224";"A01";"1";"7";"0";"2";"4";"2";"2";""
"202200003236";"808 226";"B01";"1";"7";"0";"2";"1";"1";"1";""
"202200003237";"808 225";"A01";"3";"3";"0";"1";"1";"26";"1";""
"202200003238";"808 223";"A01";"2";"3";"0";"1";"1";"1";"2";""
"202200003239";"808 222";"A01";"2";"7";"0";"1";"2";"2";"1";""
"202200003240";"808 221";"A01";"0";"7";"0";"1";"3";"15";"1";""
"202200003241";"808 220";"A01";"3";"50";"0";"0";"0";"0";"3";""
"202200003242";"808 218";"A01";"1";"7";"0";"2";"5";"23";"6";""
"202200003242";"808 219";"B01";"1";"7";"0";"2";"1";"1";"1";""
"202200003243";"808 217";"B01";"1";"33";"0";"2";"3";"26";"1";""
"202200003244";"808 213";"B01";"1";"1";"0";"2";"1";"25";"5";""
"202200003244";"808 215";"A01";"1";"7";"0";"2";"3";"20";"1";""
"202200003245";"808 211";"A01";"2";"31";"0";"2";"1";"3";"1";""
"202200003245";"808 212";"B01";"2";"10";"0";"2";"2";"12";"1";""
"202200003246";"808 214";"A01";"0";"7";"0";"2";"2";"15";"1";""
"202200003246";"808 216";"B01";"3";"1";"0";"2";"1";"1";"5";""
"202200003247";"808 209";"A01";"2";"7";"0";"1";"1";"9";"1";""
"202200003248";"808 206";"A01";"1";"33";"0";"2";"1";"3";"1";""
"202200003248";"808 208";"B01";"1";"42";"0";"2";"5";"12";"1";""
"202200003248";"808 210";"C01";"1";"7";"0";"2";"4";"1";"3";""
"202200003249";"808 203";"B01";"1";"1";"0";"2";"7";"1";"5";""
"202200003249";"808 205";"A01";"1";"7";"0";"2";"1";"9";"1";""
"202200003250";"808 202";"B01";"3";"80";"0";"2";"8";"1";"3";""
"202200003250";"808 207";"A01";"3";"80";"0";"2";"1";"1";"3";""
"202200003251";"808 200";"C01";"2";"7";"0";"2";"6";"1";"1";""