"Num_Acc";"id_vehicule";"num_veh";"senc";"catv";"obs";"obsm";"choc";"manv";"motor";"occutc"
"202200003251";"808 201";"B01";"2";"31";"0";"2";"6";"13";"1";""
"202200003251";"808 204";"A01";"2";"43";"0";"2";"1";"3";"1";""
"202200003252";"808 197";"B01";"2";"1";"1";"0";"1";"1";"5";""
"202200003252";"808 198";"A01";"2";"7";"0";"2";"2";"22";"1";""
"202200003253";"808 196";"A01";"1";"0";"8";"2";"1";"1";"3";""
"202200003253";"808 199";"B01";"1";"7";"0";"2";"2";"1";"1";""
"202200003254";"808 192";"A01";"1";"34";"0";"2";"2";"1";"1";""
"202200003254";"808 194";"B01";"1";"1";"0";"2";"3";"1";"5";""
"202200003255";"808 193";"A01";"2";"7";"0";"2";"1";"1";"1";""
"202200003255";"808 195";"B01";"2";"7";"0";"2";"3";"15";"1";""
"202200003256";"808 190";"B01";"2";"31";"0";"2";"0";"0";"1";""
"202200003256";"808 191";"A01";"2";"10";"0";"2";"3";"9";"1";""
"202200003257";"808 188";"A01";"1";"30";"0";"2";"1";"18";"1";""
"202200003257";"808 189";"B01";"1";"14";"0";"2";"7";"16";"1";""
"202200003258";"808 187";"A01";"2";"7";"8";"0";"1";"13";"1";""
"202200003259";"808 184";"A01";"0";"7";"0";"2";"2";"16";"1";""
"202200003259";"808 186";"B01";"0";"1";"0";"2";"0";"0";"5";""
"202200003260";"808 183";"A01";"3";"10";"0";"2";"2";"1";"1";""
"202200003260";"808 185";"B01";"3";"7";"0";"2";"3";"16";"1";""
"202200003261";"808 181";"A01";"2";"33";"16";"0";"8";"12";"1";""
"202200003261";"808 182";"B01";"2";"10";"0";"2";"8";"2";"1";""
"202200003262";"808 180";"A01";"1";"7";"0";"1";"3";"1";"1";""
"202200003263";"808 178";"B01";"1";"1";"1";"0";"1";"1";"5";""
"202200003263";"808 179";"A01";"1";"14";"0";"2";"5";"24";"1";""
"202200003264";"808 177";"A01";"1";"7";"0";"1";"2";"1";"1";""
"202200003265";"808 175";"Z01";"2";"10";"0";"1";"0";"1";"1";""
"202200003266";"808 176";"A01";"1";"33";"4";"0";"0";"1";"1";""
"202200003267";"808 172";"A01";"0";"7";"0";"2";"3";"15";"1";""
"202200003267";"808 174";"B01";"0";"33";"0";"2";"7";"17";"1";""
"202200003268";"808 171";"B01";"2";"1";"0";"2";"1";"1";"5";""
"202200003268";"808 173";"A01";"2";"7";"0";"2";"2";"15";"1";""
"202200003269";"808 170";"A01";"1";"10";"0";"1";"1";"2";"1";""
"202200003270";"808 164";"A01";"3";"7";"0";"2";"3";"26";"1";""
"202200003270";"808 168";"B01";"3";"33";"0";"2";"1";"1";"0";""
"202200003271";"808 165";"A01";"1";"30";"0";"2";"4";"1";"1";""
"202200003271";"808 167";"B01";"1";"1";"0";"2";"4";"15";"5";""
"202200003272";"808 163";"A01";"3";"37";"0";"1";"2";"16";"1";"1"
"202200003273";"808 159";"A01";"1";"2";"0";"2";"1";"16";"1";""
"202200003273";"808 162";"B01";"1";"7";"0";"2";"3";"1";"1";""
"202200003274";"808 161";"A01";"2";"1";"1";"0";"1";"1";"5";""
"202200003275";"808 157";"A01";"1";"7";"6";"0";"1";"15";"1";""
"202200003276";"808 153";"A01";"1";"32";"0";"2";"0";"7";"1";""
"202200003276";"808 156";"B01";"1";"7";"0";"2";"2";"16";"2";""
"202200003277";"808 152";"A01";"1";"7";"6";"0";"3";"1";"1";""
"202200003278";"808 151";"B01";"1";"1";"0";"2";"1";"26";"5";""
"202200003278";"808 154";"A01";"2";"30";"0";"2";"3";"9";"1";""
"202200003279";"808 150";"B01";"3";"37";"0";"0";"0";"19";"6";"7"
"202200003279";"808 155";"A01";"3";"7";"0";"0";"0";"26";"1";""
"202200003280";"808 149";"A01";"1";"50";"0";"0";"0";"1";"3";""
"202200003281";"808 148";"A01";"2";"33";"2";"0";"1";"1";"1";""
"202200003282";"808 145";"A01";"1";"1";"12";"0";"1";"1";"5";""
"202200003283";"808 144";"A01";"0";"7";"0";"9";"4";"4";"1";""
"202200003284";"808 142";"B01";"2";"80";"0";"2";"1";"1";"3";""
"202200003284";"808 143";"A01";"2";"1";"0";"2";"4";"1";"5";""
"202200003285";"808 141";"A01";"3";"7";"0";"2";"5";"15";"1";""
"202200003285";"808 147";"B01";"3";"33";"0";"2";"1";"1";"1";""
"202200003286";"808 139";"B01";"3";"10";"0";"2";"0";"1";"1";""
"202200003286";"808 146";"A01";"2";"30";"0";"2";"1";"1";"3";""
"202200003287";"808 136";"A01";"2";"7";"0";"2";"4";"2";"1";""
"202200003287";"808 137";"B01";"2";"30";"0";"2";"1";"2";"3";""
"202200003288";"808 132";"A01";"3";"7";"0";"9";"3";"19";"1";""
"202200003288";"808 135";"B01";"1";"50";"0";"0";"0";"1";"3";""
"202200003289";"808 133";"A01";"1";"14";"0";"1";"4";"4";"1";""
"202200003290";"808 130";"Z01";"0";"32";"0";"1";"1";"25";"0";""
"202200003291";"808 131";"B01";"0";"43";"0";"2";"1";"2";"1";""
"202200003291";"808 134";"A01";"0";"7";"0";"2";"4";"2";"1";""
"202200003292";"808 128";"A01";"2";"7";"13";"0";"1";"1";"1";""
"202200003293";"808 127";"A01";"1";"10";"0";"0";"0";"0";"1";""
"202200003294";"808 124";"A01";"1";"1";"0";"0";"2";"20";"5";""
"202200003295";"808 121";"A01";"2";"7";"0";"1";"7";"1";"1";""
"202200003296";"808 123";"B01";"3";"50";"0";"2";"1";"19";"3";""
"202200003296";"808 125";"A01";"1";"7";"0";"9";"3";"19";"1";""
"202200003297";"808 122";"B01";"1";"7";"0";"2";"1";"1";"2";""
"202200003297";"808 126";"A01";"2";"7";"0";"2";"7";"19";"1";""
"202200003298";"808 120";"A01";"1";"43";"13";"0";"0";"1";"1";""
"202200003299";"808 117";"A01";"2";"10";"0";"0";"1";"26";"1";""
"202200003300";"808 116";"A01";"2";"7";"0";"2";"1";"15";"1";""
"202200003300";"808 119";"B01";"2";"32";"0";"2";"8";"1";"1";""
"202200003301";"808 114";"A01";"2";"7";"0";"1";"2";"1";"1";""
"202200003302";"808 115";"A01";"1";"10";"0";"9";"0";"0";"1";""
"202200003302";"808 118";"B01";"1";"50";"0";"2";"7";"9";"3";""
"202200003303";"808 113";"A01";"3";"99";"0";"0";"9";"14";"1";""
"202200003304";"808 112";"A01";"3";"7";"0";"1";"0";"16";"2";""
"202200003305";"808 110";"A01";"1";"7";"0";"1";"2";"26";"1";""
"202200003306";"808 107";"B01";"1";"32";"0";"2";"1";"1";"1";""
"202200003306";"808 109";"A01";"1";"7";"0";"0";"3";"9";"1";""
"202200003307";"808 106";"A01";"2";"7";"0";"2";"8";"10";"1";""
"202200003307";"808 111";"B01";"2";"33";"0";"2";"1";"1";"6";""
"202200003308";"808 105";"A01";"1";"7";"1";"2";"1";"1";"1";""
"202200003308";"808 108";"B01";"1";"7";"0";"2";"8";"1";"1";""
"202200003309";"808 102";"B01";"3";"7";"0";"2";"1";"9";"1";""
"202200003309";"808 104";"A01";"1";"34";"0";"2";"2";"1";"1";""
"202200003310";"808 100";"B01";"1";"7";"0";"9";"4";"0";"1";""
"202200003310";"808 103";"A01";"1";"7";"0";"2";"1";"0";"1";""
"202200003311";"808 099";"B01";"2";"7";"0";"2";"5";"17";"1";""
"202200003311";"808 101";"A01";"2";"7";"0";"2";"3";"13";"1";""
"202200003312";"808 097";"A01";"2";"10";"12";"0";"2";"16";"1";""
"202200003313";"808 095";"B01";"3";"7";"0";"2";"3";"15";"1";""
"202200003313";"808 096";"A01";"3";"32";"0";"2";"1";"1";"1";""
"202200003314";"808 094";"A01";"1";"30";"0";"2";"1";"1";"1";""
"202200003314";"808 098";"B01";"1";"7";"0";"2";"7";"1";"1";""
"202200003315";"808 092";"B01";"0";"7";"0";"2";"8";"1";"1";""
"202200003315";"808 093";"A01";"0";"10";"0";"2";"1";"1";"1";""
"202200003316";"808 090";"A01";"2";"2";"0";"1";"1";"1";"1";""
"202200003317";"808 088";"A01";"2";"7";"0";"2";"1";"2";"1";""
"202200003317";"808 089";"B01";"2";"7";"0";"2";"1";"23";"1";""
"202200003317";"808 091";"C01";"2";"10";"0";"0";"4";"23";"1";""
"202200003318";"808 087";"A01";"1";"7";"0";"1";"1";"1";"0";""
"202200003319";"808 084";"B01";"2";"33";"0";"2";"1";"1";"1";""
"202200003319";"808 086";"A01";"1";"7";"0";"2";"3";"16";"1";""
"202200003320";"808 083";"A01";"3";"32";"0";"1";"8";"0";"0";""
"202200003321";"808 082";"A01";"1";"10";"0";"2";"1";"2";"1";""
"202200003321";"808 085";"B01";"1";"33";"0";"0";"4";"1";"1";""
"202200003322";"808 078";"B01";"2";"10";"0";"2";"4";"1";"1";""
"202200003322";"808 080";"A01";"2";"7";"0";"2";"1";"1";"1";""
"202200003323";"808 074";"A01";"0";"7";"0";"1";"1";"15";"1";""
"202200003324";"808 075";"A01";"3";"2";"0";"2";"2";"17";"1";""
"202200003324";"808 077";"B01";"3";"7";"0";"2";"3";"1";"1";""
"202200003324";"808 079";"C01";"0";"7";"0";"2";"6";"1";"1";""
"202200003325";"808 076";"B01";"1";"7";"0";"2";"4";"2";"2";""
"202200003325";"808 081";"A01";"1";"10";"0";"2";"1";"2";"1";""
"202200003326";"808 072";"A01";"2";"7";"0";"2";"1";"1";"1";""
"202200003326";"808 073";"B01";"2";"14";"0";"2";"5";"15";"0";""
"202200003327";"808 066";"B01";"2";"7";"0";"2";"1";"26";"0";""
"202200003327";"808 068";"A01";"2";"7";"0";"0";"7";"0";"0";""
"202200003328";"808 069";"A01";"2";"1";"0";"1";"1";"1";"5";""
"202200003329";"808 064";"B01";"2";"7";"0";"2";"3";"17";"1";""
"202200003329";"808 067";"A01";"2";"1";"0";"2";"3";"16";"5";""
"202200003330";"808 065";"A01";"1";"7";"2";"0";"1";"0";"1";""
"202200003331";"808 062";"B01";"3";"50";"0";"2";"8";"19";"3";""
"202200003331";"808 063";"A01";"2";"7";"0";"2";"1";"1";"0";""
"202200003332";"808 059";"A01";"3";"30";"12";"0";"7";"14";"3";""
"202200003333";"808 058";"A01";"1";"7";"0";"2";"1";"15";"1";""
"202200003333";"808 061";"B01";"2";"2";"0";"2";"1";"1";"1";""
"202200003334";"808 057";"B01";"1";"7";"8";"2";"5";"1";"1";""
"202200003334";"808 060";"A01";"1";"7";"0";"2";"2";"19";"1";""
"202200003335";"808 056";"A01";"1";"30";"8";"0";"1";"5";"1";""
"202200003336";"808 054";"A01";"1";"7";"14";"1";"1";"16";"1";""
"202200003337";"808 055";"A01";"0";"7";"0";"1";"2";"1";"1";""
"202200003338";"808 052";"A01";"1";"7";"4";"2";"1";"17";"1";""
"202200003338";"808 053";"B01";"1";"1";"4";"0";"4";"26";"5";""
"202200003339";"808 049";"A01";"0";"10";"0";"2";"2";"16";"1";""
"202200003339";"808 050";"B01";"0";"50";"0";"2";"7";"1";"3";""
"202200003340";"808 048";"A01";"2";"1";"0";"2";"1";"1";"5";""
"202200003340";"808 051";"B01";"1";"34";"0";"2";"7";"15";"1";""
"202200003341";"808 046";"B01";"0";"7";"0";"2";"7";"1";"1";""
"202200003341";"808 047";"A01";"0";"10";"6";"2";"1";"16";"1";""
"202200003342";"808 044";"A01";"1";"7";"0";"2";"3";"13";"1";""
"202200003342";"808 045";"B01";"2";"7";"0";"2";"8";"1";"0";""
"202200003343";"808 043";"A01";"0";"15";"0";"1";"2";"1";"0";""
"202200003344";"808 041";"A01";"1";"32";"0";"0";"1";"17";"1";""
"202200003345";"808 042";"A01";"2";"33";"14";"0";"3";"13";"1";""
"202200003346";"808 038";"B01";"2";"7";"0";"0";"8";"23";"1";""
"202200003346";"808 040";"A01";"2";"32";"0";"2";"8";"17";"1";""
"202200003347";"808 035";"A01";"2";"7";"1";"0";"2";"1";"1";""
"202200003348";"808 033";"A01";"2";"7";"0";"2";"6";"23";"1";""
"202200003348";"808 036";"B01";"2";"33";"1";"0";"2";"17";"1";""
"202200003348";"808 039";"C01";"1";"7";"0";"2";"3";"1";"1";""
"202200003349";"808 034";"B01";"0";"7";"8";"0";"1";"17";"1";""
"202200003349";"808 037";"A01";"0";"7";"8";"0";"8";"15";"1";""
"202200003350";"808 028";"A01";"1";"32";"0";"2";"4";"1";"1";""
"202200003350";"808 031";"B01";"1";"7";"0";"2";"1";"1";"0";""
"202200003351";"808 026";"A01";"1";"7";"0";"2";"3";"15";"1";""
"202200003351";"808 030";"B01";"2";"1";"0";"2";"1";"1";"5";""
"202200003352";"808 027";"A01";"2";"10";"0";"1";"6";"2";"1";""
"202200003353";"808 022";"A01";"1";"10";"0";"1";"3";"1";"0";""
"202200003354";"808 020";"B01";"1";"33";"1";"0";"8";"13";"1";""
"202200003354";"808 024";"C01";"1";"7";"0";"2";"7";"1";"1";""
"202200003355";"808 019";"A01";"1";"33";"0";"2";"7";"17";"1";""
"202200003355";"808 021";"B01";"1";"1";"0";"2";"8";"13";"5";""
"202200003356";"808 018";"A01";"1";"32";"0";"0";"0";"16";"1";""
"202200003357";"808 014";"B01";"1";"7";"0";"2";"6";"2";"1";""
"202200003357";"808 016";"A01";"1";"10";"0";"2";"6";"2";"1";""
"202200003358";"808 017";"A01";"1";"10";"0";"1";"1";"15";"1";""
"202200003359";"808 013";"B01";"1";"2";"0";"2";"1";"1";"1";""
"202200003359";"808 015";"A01";"3";"7";"0";"2";"7";"19";"1";""
"202200003360";"808 011";"A01";"2";"10";"0";"2";"2";"15";"1";""
"202200003360";"808 012";"B01";"1";"7";"0";"2";"1";"1";"1";""
"202200003361";"808 008";"A01";"1";"7";"0";"1";"5";"19";"1";""
"202200003362";"808 009";"A01";"1";"33";"16";"0";"3";"14";"1";""
"202200003363";"808 006";"A01";"0";"7";"0";"1";"0";"0";"1";""
"202200003364";"808 005";"A01";"2";"33";"0";"5";"3";"1";"1";""
"202200003365";"807 997";"B01";"2";"10";"4";"2";"6";"2";"1";""
"202200003365";"808 000";"A01";"2";"7";"0";"2";"1";"1";"1";""
"202200003366";"808 001";"B01";"0";"7";"0";"2";"1";"1";"1";""
"202200003366";"808 003";"A01";"0";"15";"0";"2";"2";"15";"1";""
"202200003367";"807 995";"B01";"2";"10";"0";"2";"8";"1";"1";""
"202200003367";"807 998";"A01";"1";"7";"0";"2";"3";"13";"1";""
"202200003368";"807 992";"B01";"2";"17";"0";"0";"6";"23";"1";""
"202200003368";"807 994";"A01";"2";"7";"0";"0";"2";"1";"1";""
"202200003369";"807 993";"A01";"0";"50";"0";"0";"1";"15";"3";""
"202200003370";"807 989";"A01";"2";"7";"0";"2";"1";"13";"1";""
"202200003370";"807 991";"B01";"1";"10";"0";"2";"1";"1";"1";""
"202200003371";"807 988";"B01";"1";"15";"0";"2";"8";"2";"1";""
"202200003371";"807 990";"A01";"1";"7";"3";"2";"7";"17";"1";""
"202200003372";"807 987";"A01";"2";"7";"0";"1";"3";"19";"1";""
"202200003373";"807 985";"A01";"0";"7";"0";"1";"2";"1";"1";""
"202200003374";"807 984";"A01";"1";"7";"0";"1";"1";"1";"1";""
"202200003375";"807 983";"A01";"2";"7";"7";"0";"1";"1";"1";""
"202200003376";"807 982";"A01";"1";"10";"0";"2";"8";"15";"1";""
"202200003376";"807 986";"B01";"1";"32";"0";"2";"7";"2";"1";""
"202200003377";"807 977";"Z01";"1";"7";"0";"2";"1";"1";"1";""
"202200003377";"807 980";"B01";"1";"7";"0";"2";"4";"1";"1";""
"202200003378";"807 975";"A01";"2";"32";"13";"0";"1";"16";"1";""
"202200003379";"807 970";"B01";"2";"60";"0";"2";"8";"19";"5";""
"202200003379";"807 971";"A01";"2";"7";"0";"2";"1";"1";"1";""
"202200003380";"807 972";"A01";"1";"34";"0";"2";"8";"18";"1";""
"202200003380";"807 974";"B01";"1";"7";"0";"2";"7";"26";"1";""
"202200003381";"807 967";"B01";"0";"10";"0";"0";"4";"23";"1";""
"202200003381";"807 969";"A01";"0";"7";"0";"2";"1";"2";"1";""
"202200003382";"807 966";"A01";"1";"33";"15";"0";"4";"25";"1";""
"202200003383";"807 964";"B01";"1";"7";"0";"2";"4";"12";"1";""
"202200003383";"807 968";"A01";"1";"7";"0";"2";"1";"12";"1";""
"202200003384";"807 963";"A01";"2";"7";"2";"0";"2";"1";"1";""
"202200003385";"807 965";"A01";"2";"7";"8";"0";"3";"13";"1";""
"202200003386";"807 960";"A01";"1";"2";"0";"0";"7";"1";"1";""
"202200003387";"807 961";"A01";"3";"7";"8";"0";"1";"14";"1";""
"202200003388";"807 959";"A01";"1";"7";"4";"2";"4";"2";"1";""
"202200003388";"807 962";"B01";"1";"34";"4";"2";"1";"2";"1";""
"202200003389";"807 958";"A01";"3";"2";"0";"0";"0";"1";"1";""
"202200003390";"807 957";"A01";"2";"7";"13";"0";"1";"1";"1";""
"202200003391";"807 956";"A01";"1";"7";"4";"0";"2";"1";"0";""
"202200003392";"807 951";"B01";"1";"17";"0";"2";"4";"2";"1";""
"202200003392";"807 953";"A01";"1";"7";"0";"2";"1";"1";"1";""
"202200003393";"807 949";"A01";"0";"7";"0";"1";"1";"1";"1";""
"202200003394";"807 950";"A01";"1";"1";"0";"2";"1";"1";"5";""
"202200003394";"807 954";"B01";"2";"7";"0";"2";"2";"19";"1";""
"202200003395";"807 948";"A01";"1";"7";"0";"2";"1";"15";"1";""
"202200003395";"807 952";"C01";"2";"7";"0";"2";"1";"1";"1";""
"202200003395";"807 955";"B01";"1";"7";"0";"2";"8";"0";"1";""
"202200003396";"807 947";"A01";"2";"15";"13";"0";"2";"14";"1";""
"202200003397";"807 943";"B01";"1";"7";"0";"0";"3";"1";"2";""
"202200003397";"807 946";"A01";"2";"10";"0";"2";"7";"1";"1";""
"202200003398";"807 945";"A01";"2";"7";"8";"0";"9";"1";"1";""
"202200003399";"807 944";"A01";"3";"7";"0";"1";"1";"1";"2";""
"202200003400";"807 941";"B01";"2";"1";"0";"0";"0";"1";"5";""
"202200003401";"807 940";"A01";"1";"14";"0";"4";"5";"26";"1";""
"202200003401";"807 942";"B01";"2";"39";"0";"4";"1";"1";"3";""
"202200003402";"807 938";"A01";"1";"7";"0";"1";"2";"2";"1";""
"202200003403";"807 935";"B01";"1";"1";"0";"2";"8";"2";"5";""
"202200003403";"807 937";"A01";"1";"7";"0";"2";"7";"2";"1";""
"202200003404";"807 936";"B01";"2";"7";"0";"2";"3";"15";"1";""
"202200003404";"807 939";"A01";"1";"10";"0";"2";"1";"1";"1";""
"202200003405";"807 934";"A01";"3";"2";"0";"0";"0";"0";"1";""
"202200003406";"807 933";"A01";"2";"15";"5";"0";"1";"1";"1";""
"202200003407";"807 932";"A01";"1";"99";"0";"1";"5";"20";"1";""
"202200003408";"807 927";"B01";"3";"7";"0";"2";"0";"10";"1";""
"202200003408";"807 930";"A01";"3";"7";"6";"2";"1";"13";"1";""
"202200003409";"807 925";"A01";"1";"7";"0";"2";"2";"13";"1";""
"202200003409";"807 928";"B01";"2";"7";"0";"2";"1";"1";"1";""
"202200003410";"807 929";"A01";"1";"7";"0";"2";"3";"15";"1";""
"202200003410";"807 931";"B01";"2";"1";"0";"2";"1";"1";"5";""
"202200003411";"807 924";"B01";"2";"10";"0";"2";"3";"15";"1";""
"202200003411";"807 926";"A01";"2";"31";"0";"2";"7";"17";"1";""
"202200003412";"807 922";"A01";"1";"33";"8";"0";"0";"0";"1";""
"202200003413";"807 921";"A01";"3";"7";"0";"9";"2";"1";"1";""
"202200003413";"807 923";"B01";"3";"1";"0";"0";"1";"1";"5";""
"202200003414";"807 919";"A01";"2";"7";"0";"0";"2";"13";"1";""
"202200003414";"807 920";"B01";"1";"7";"0";"0";"3";"1";"1";""
"202200003415";"807 917";"A01";"3";"38";"0";"1";"8";"15";"1";"1"
"202200003416";"807 918";"A01";"1";"30";"0";"1";"3";"26";"1";""
"202200003417";"807 916";"A01";"0";"7";"0";"1";"7";"1";"1";""
"202200003418";"807 913";"C01";"2";"15";"0";"2";"1";"1";"1";""
"202200003418";"807 915";"A01";"1";"3";"1";"2";"1";"1";"1";""
"202200003419";"807 914";"A01";"2";"33";"13";"0";"1";"14";"1";""
"202200003420";"807 909";"B01";"1";"7";"0";"2";"1";"1";"1";""
"202200003420";"807 911";"A01";"2";"7";"0";"2";"3";"9";"1";""
"202200003421";"807 912";"A01";"0";"30";"1";"0";"1";"13";"1";""
"202200003422";"807 908";"A01";"2";"7";"0";"1";"7";"17";"1";""
"202200003423";"807 910";"A01";"2";"7";"2";"0";"2";"1";"1";""
"202200003424";"807 907";"A01";"1";"7";"0";"1";"1";"16";"1";""
"202200003425";"807 904";"A01";"3";"32";"0";"2";"7";"7";"1";""
"202200003425";"807 906";"B01";"1";"37";"0";"2";"1";"1";"1";"1"
"202200003426";"807 903";"A01";"3";"7";"0";"1";"2";"1";"1";""
"202200003427";"807 901";"B01";"3";"1";"0";"2";"1";"25";"5";""
"202200003427";"807 905";"A01";"3";"99";"0";"2";"5";"1";"0";""
"202200003428";"807 900";"B01";"1";"7";"0";"2";"1";"1";"1";""
"202200003428";"807 902";"A01";"2";"7";"0";"2";"1";"26";"1";""
"202200003429";"807 898";"A01";"3";"7";"0";"2";"1";"1";"1";""
"202200003429";"807 899";"B01";"3";"2";"0";"2";"1";"1";"1";""
"202200003430";"807 896";"A01";"2";"7";"0";"1";"2";"21";"1";""
"202200003431";"807 894";"A01";"2";"7";"0";"2";"0";"16";"1";""
"202200003431";"807 897";"B01";"2";"37";"0";"2";"0";"1";"1";"5"
"202200003432";"807 893";"B01";"3";"7";"0";"2";"3";"5";"1";""
"202200003432";"807 895";"A01";"3";"7";"0";"2";"3";"5";"1";""
"202200003433";"807 891";"A01";"2";"7";"0";"1";"2";"20";"1";""
"202200003434";"807 888";"A01";"0";"7";"0";"1";"4";"4";"1";""
"202200003435";"807 889";"A01";"1";"33";"0";"2";"8";"15";"1";""
"202200003435";"807 892";"B01";"1";"7";"0";"2";"1";"1";"2";""
"202200003436";"807 887";"A01";"1";"7";"0";"2";"7";"16";"1";""
"202200003436";"807 890";"B01";"1";"1";"0";"2";"1";"1";"5";""
"202200003437";"807 884";"B01";"2";"1";"0";"2";"4";"1";"5";""
"202200003437";"807 886";"A01";"2";"7";"0";"2";"1";"2";"1";""
"202200003438";"807 883";"A01";"2";"7";"6";"0";"1";"1";"1";""
"202200003439";"807 882";"A01";"3";"2";"0";"2";"1";"1";"1";""
"202200003440";"807 881";"B01";"1";"7";"0";"2";"2";"2";"1";""
"202200003440";"807 885";"A01";"1";"41";"0";"2";"4";"1";"1";""
"202200003441";"807 879";"A01";"2";"7";"0";"2";"2";"19";"1";""
"202200003441";"807 880";"B01";"2";"1";"0";"2";"1";"1";"5";""
"202200003442";"807 877";"A01";"1";"33";"0";"0";"8";"13";"1";""
"202200003443";"807 875";"B01";"2";"7";"0";"0";"4";"26";"1";""
"202200003443";"807 876";"A01";"2";"7";"0";"2";"1";"9";"1";""
"202200003444";"807 873";"A01";"2";"7";"0";"2";"1";"2";"1";""
"202200003444";"807 878";"B01";"2";"21";"0";"0";"4";"15";"1";""
"202200003445";"807 871";"B01";"1";"7";"0";"2";"6";"26";"1";""
"202200003445";"807 872";"A01";"1";"32";"0";"2";"1";"6";"1";""
"202200003446";"807 868";"A01";"1";"7";"0";"2";"1";"13";"1";""
"202200003446";"807 870";"B01";"2";"7";"0";"2";"3";"1";"1";""
"202200003447";"807 866";"B01";"0";"30";"0";"2";"3";"1";"1";""
"202200003447";"807 869";"A01";"0";"7";"0";"2";"1";"1";"1";""
"202200003448";"807 865";"A01";"3";"2";"0";"2";"3";"13";"3";""
"202200003448";"807 867";"B01";"3";"10";"0";"2";"3";"1";"1";""
"202200003449";"807 861";"B01";"2";"1";"0";"2";"6";"15";"5";""
"202200003449";"807 863";"A01";"2";"7";"0";"9";"6";"17";"1";""
"202200003450";"807 860";"A01";"0";"7";"0";"2";"8";"1";"1";""
"202200003450";"807 864";"B01";"0";"7";"0";"2";"1";"1";"1";""
"202200003451";"807 859";"B01";"0";"32";"0";"2";"8";"1";"1";""
"202200003451";"807 862";"A01";"0";"7";"0";"2";"1";"9";"1";""
"202200003452";"807 856";"A01";"1";"10";"0";"2";"1";"1";"1";""
"202200003452";"807 858";"B01";"1";"3";"0";"2";"4";"2";"1";""
"202200003453";"807 853";"A01";"3";"7";"0";"2";"3";"16";"1";""
"202200003453";"807 857";"B01";"2";"1";"0";"2";"7";"1";"5";""
"202200003454";"807 852";"B01";"0";"80";"0";"2";"1";"1";"3";""
"202200003454";"807 855";"A01";"0";"7";"0";"9";"2";"16";"1";""
"202200003455";"807 851";"A01";"1";"7";"0";"2";"7";"1";"1";""
"202200003455";"807 854";"B01";"3";"7";"0";"2";"7";"1";"1";""
"202200003456";"807 849";"B01";"1";"33";"0";"2";"1";"1";"1";""
"202200003456";"807 850";"A01";"2";"7";"0";"2";"2";"15";"1";""
"202200003457";"807 845";"B01";"0";"7";"0";"2";"5";"20";"1";""
"202200003457";"807 848";"A01";"0";"50";"0";"2";"1";"25";"3";""
"202200003458";"807 844";"A01";"1";"7";"0";"2";"3";"1";"1";""
"202200003458";"807 847";"B01";"2";"7";"2";"2";"3";"1";"3";""
"202200003459";"807 843";"B01";"1";"50";"0";"2";"7";"1";"3";""
"202200003459";"807 846";"A01";"2";"7";"0";"2";"1";"1";"0";""
"202200003460";"807 840";"A01";"0";"7";"0";"2";"3";"13";"1";""
"202200003460";"807 842";"B01";"0";"7";"0";"2";"3";"1";"1";""
"202200003461";"807 839";"A01";"2";"7";"6";"0";"2";"1";"1";""
"202200003462";"807 837";"B01";"0";"7";"0";"2";"1";"1";"2";""
"202200003462";"807 841";"A01";"0";"7";"0";"2";"7";"1";"1";""
"202200003463";"807 835";"A01";"0";"7";"0";"2";"1";"1";"1";""
"202200003463";"807 838";"B01";"0";"99";"0";"2";"0";"26";"1";""
"202200003464";"807 834";"A01";"2";"7";"0";"2";"7";"17";"1";""
"202200003464";"807 836";"B01";"2";"2";"13";"2";"8";"1";"1";""
"202200003465";"807 830";"B01";"2";"17";"0";"0";"6";"9";"1";""
"202200003465";"807 833";"A01";"2";"10";"0";"2";"1";"1";"1";""
"202200003466";"807 827";"A01";"3";"10";"0";"2";"2";"2";"1";""
"202200003466";"807 831";"B01";"3";"1";"0";"2";"4";"1";"5";""
"202200003467";"807 826";"B01";"1";"7";"0";"2";"2";"0";"1";""
"202200003467";"807 828";"A01";"1";"7";"0";"2";"3";"15";"1";""
"202200003468";"807 823";"A01";"1";"7";"4";"0";"1";"0";"1";""
"202200003469";"807 821";"A01";"1";"7";"0";"0";"5";"1";"1";""
"202200003469";"807 824";"B01";"1";"33";"0";"2";"3";"1";"1";""
"202200003470";"807 819";"C01";"2";"7";"0";"2";"1";"1";"1";""
"202200003470";"807 822";"B01";"1";"7";"0";"2";"6";"1";"1";""
"202200003470";"807 825";"A01";"1";"7";"0";"2";"2";"2";"1";""
"202200003471";"807 818";"A01";"2";"7";"10";"0";"1";"13";"1";""
"202200003472";"807 816";"C01";"3";"7";"0";"2";"3";"23";"2";""
"202200003472";"807 817";"B01";"3";"7";"0";"2";"3";"1";"1";""
"202200003472";"807 820";"A01";"3";"7";"0";"2";"3";"1";"1";""
"202200003473";"807 814";"A01";"1";"7";"12";"0";"2";"0";"1";""
"202200003474";"807 815";"A01";"3";"7";"13";"0";"1";"1";"1";""
"202200003475";"807 812";"A01";"3";"7";"0";"2";"3";"15";"1";""
"202200003475";"807 813";"B01";"3";"32";"0";"2";"1";"1";"1";""
"202200003476";"807 807";"A01";"1";"7";"0";"2";"2";"9";"1";""
"202200003476";"807 810";"B01";"1";"2";"0";"2";"1";"9";"1";""
"202200003477";"807 806";"A01";"1";"7";"0";"2";"1";"1";"1";""