"Num_Acc";"id_vehicule";"num_veh";"senc";"catv";"obs";"obsm";"choc";"manv";"motor";"occutc"
"202200003477";"807 808";"B01";"1";"7";"0";"2";"4";"23";"1";""
"202200003477";"807 811";"C01";"1";"7";"0";"2";"4";"23";"1";""
"202200003478";"807 805";"A01";"2";"34";"0";"2";"2";"17";"1";""
"202200003479";"807 803";"A01";"1";"7";"15";"0";"2";"14";"1";""
"202200003480";"807 799";"A01";"1";"7";"0";"2";"2";"15";"1";""
"202200003480";"807 802";"B01";"2";"1";"0";"2";"1";"1";"5";""
"202200003481";"807 800";"A01";"1";"7";"8";"1";"1";"16";"1";""
"202200003482";"807 795";"B01";"1";"7";"8";"2";"3";"1";"1";""
"202200003482";"807 797";"A01";"3";"7";"0";"2";"1";"1";"1";""
"202200003483";"807 790";"F01";"1";"10";"0";"2";"4";"2";"1";""
"202200003483";"807 793";"E01";"1";"7";"0";"2";"4";"2";"1";""
"202200003483";"807 796";"D01";"1";"7";"0";"2";"4";"2";"1";""
"202200003483";"807 798";"C01";"1";"7";"0";"2";"4";"2";"1";""
"202200003483";"807 801";"B01";"1";"7";"0";"2";"4";"2";"1";""
"202200003483";"807 804";"A01";"1";"15";"0";"2";"1";"2";"1";""
"202200003484";"807 788";"A01";"1";"30";"0";"2";"3";"1";"1";""
"202200003484";"807 792";"B01";"2";"7";"0";"2";"3";"15";"1";""
"202200003485";"807 786";"B01";"2";"15";"0";"2";"3";"21";"1";""
"202200003485";"807 789";"A01";"1";"7";"0";"2";"2";"5";"1";""
"202200003486";"807 787";"A01";"1";"7";"0";"2";"2";"15";"1";""
"202200003486";"807 791";"C01";"1";"10";"0";"2";"0";"1";"1";""
"202200003486";"807 794";"B01";"2";"31";"0";"2";"2";"1";"1";""
"202200003487";"807 783";"A01";"1";"80";"0";"9";"7";"19";"3";""
"202200003487";"807 785";"B01";"1";"33";"0";"9";"3";"1";"1";""
"202200003488";"807 782";"A01";"1";"7";"0";"1";"1";"1";"1";""
"202200003489";"807 780";"B01";"2";"1";"0";"2";"1";"1";"5";""
"202200003489";"807 784";"A01";"2";"10";"0";"2";"2";"16";"1";""
"202200003490";"807 777";"C01";"2";"10";"0";"2";"1";"2";"3";""
"202200003490";"807 779";"B01";"2";"7";"0";"2";"1";"1";"1";""
"202200003490";"807 781";"A01";"1";"7";"0";"2";"1";"5";"1";""
"202200003491";"807 778";"A01";"0";"7";"0";"0";"0";"1";"0";""
"202200003492";"807 775";"A01";"1";"7";"9";"0";"1";"13";"1";""
"202200003493";"807 773";"A01";"0";"7";"0";"1";"1";"1";"1";""
"202200003494";"807 769";"B01";"2";"7";"0";"0";"3";"1";"1";""
"202200003494";"807 770";"A01";"1";"7";"0";"2";"3";"0";"1";""
"202200003495";"807 771";"A01";"1";"30";"0";"0";"7";"1";"1";""
"202200003496";"807 774";"B01";"2";"1";"0";"2";"8";"1";"5";""
"202200003496";"807 776";"Z01";"1";"7";"0";"2";"1";"15";"0";""
"202200003497";"807 765";"B01";" -1";"7";"0";"2";"1";"2";"1";""
"202200003497";"807 768";"A01";" -1";"33";"0";"2";"4";"23";"1";""
"202200003498";"807 764";"B01";"2";"1";"0";"2";"6";"15";"5";""
"202200003498";"807 767";"A01";"2";"3";"0";"2";"2";"2";"1";""
"202200003499";"807 772";"A01";"2";"7";"13";"0";"3";"1";"1";""
"202200003500";"807 763";"B01";"2";"1";"0";"2";"7";"1";"5";""
"202200003500";"807 766";"A01";"1";"7";"0";"2";"2";"15";"1";""
"202200003501";"807 762";"A01";"2";"7";"0";"1";"1";"1";"1";""
"202200003502";"807 760";"A01";"2";"7";"14";"0";"9";"26";"1";""
"202200003503";"807 761";"Z01";"1";"7";"0";"1";"1";"1";"0";""
"202200003504";"807 759";"A01";"1";"7";"2";"0";"3";"13";"1";""
"202200003505";"807 756";"A01";"1";"7";"0";"2";"3";"1";"1";""
"202200003506";"807 754";"B01";"2";"7";"0";"2";"4";"16";"1";""
"202200003506";"807 757";"A01";"2";"1";"0";"2";"1";"2";"5";""
"202200003507";"807 758";"A01";"1";"7";"13";"0";"1";"14";"1";""
"202200003508";"807 753";"B01";"2";"33";"0";"2";"1";"1";"1";""
"202200003508";"807 755";"A01";"1";"7";"0";"0";"5";"26";"1";""
"202200003509";"807 748";"A01";"1";"7";"0";"2";"1";"1";"1";""
"202200003509";"807 752";"B01";"1";"7";"0";"2";"8";"1";"1";""
"202200003510";"807 750";"A01";"1";"7";"0";"1";"3";"1";"1";""
"202200003511";"807 745";"A01";"1";"50";"12";"0";"1";"1";"3";""
"202200003512";"807 744";"A01";"1";"7";"0";"2";"4";"2";"1";""
"202200003512";"807 749";"C01";"1";"7";"0";"2";"1";"2";"1";""
"202200003512";"807 751";"B01";"1";"7";"0";"2";"1";"2";"1";""
"202200003513";"807 741";"A01";"1";"7";"3";"2";"1";"2";"1";""
"202200003513";"807 742";"B01";"1";"7";"3";"2";"4";"2";"1";""
"202200003514";"807 740";"A01";"1";"7";"9";"1";"2";"16";"1";""
"202200003515";"807 743";"C01";"2";"7";"0";"2";"8";"2";"1";""
"202200003515";"807 746";"B01";"1";"10";"0";"2";"8";"1";"1";""
"202200003515";"807 747";"A01";"2";"10";"0";"2";"1";"13";"1";""
"202200003516";"807 739";"A01";"1";"7";"0";"1";"2";"16";"1";""
"202200003517";"807 737";"A01";"2";"10";"0";"1";"1";"1";"1";""
"202200003518";"807 736";"A01";"3";"7";"0";"2";"2";"9";"1";""
"202200003518";"807 738";"B01";"3";"1";"0";"2";"8";"9";"5";""
"202200003519";"807 733";"B01";"2";"7";"0";"2";"4";"2";"1";""
"202200003519";"807 735";"A01";"2";"10";"0";"2";"1";"2";"1";""
"202200003520";"807 727";"A01";"1";"33";"0";"2";"2";"18";"1";""
"202200003520";"807 731";"B01";"1";"7";"0";"2";"3";"1";"1";""
"202200003521";"807 732";"B01";"2";"7";"0";"2";"1";"1";"1";""
"202200003521";"807 734";"A01";"1";"21";"0";"0";"8";"9";"1";""
"202200003522";"807 726";"A01";"2";"7";"0";"2";"1";"2";"1";""
"202200003522";"807 728";"B01";"2";"3";"0";"2";"4";"2";"1";""
"202200003522";"807 730";"C01";"2";"7";"0";"1";"4";"2";"1";""
"202200003523";"807 729";"A01";"0";"7";"0";"1";"1";"26";"1";""
"202200003524";"807 724";"A01";"1";"2";"1";"0";"1";"1";"1";""
"202200003525";"807 725";"A01";"0";"43";"8";"0";"3";"1";"1";""
"202200003526";"807 722";"A01";"1";"2";"0";"2";"2";"17";"1";""
"202200003526";"807 723";"B01";"1";"7";"0";"2";"8";"15";"1";""
"202200003527";"807 720";"A01";"3";"7";"0";"2";"1";"2";"1";""
"202200003527";"807 721";"B01";"0";"7";"0";"2";"4";"1";"1";""
"202200003528";"807 716";"B01";"3";"1";"0";"2";"5";"1";"5";""
"202200003528";"807 718";"A01";"3";"7";"0";"9";"3";"9";"1";""
"202200003529";"807 714";"B01";"2";"2";"0";"2";"2";"26";"1";""
"202200003529";"807 717";"A01";"2";"7";"0";"2";"6";"26";"1";""
"202200003530";"807 711";"A01";"3";"33";"13";"0";"1";"13";"1";""
"202200003531";"807 708";"B01";"2";"37";"0";"2";"1";"1";"3";"3"
"202200003531";"807 713";"A01";"1";"7";"0";"2";"3";"5";"1";""
"202200003532";"807 710";"A01";"1";"37";"0";"2";"5";"17";"1";"1"
"202200003532";"807 712";"B01";"1";"1";"0";"2";"3";"14";"5";""
"202200003533";"807 706";"A01";"2";"7";"0";"0";"9";"1";"1";""
"202200003534";"807 703";"A01";"2";"7";"0";"1";"1";"1";"1";""
"202200003535";"807 700";"B01";"2";"7";"14";"0";"1";"12";"1";""
"202200003535";"807 702";"A01";"2";"15";"0";"0";"5";"23";"1";""
"202200003536";"807 701";"D01";"1";"10";"0";"2";"2";"2";"1";""
"202200003536";"807 704";"C01";"1";"7";"0";"2";"9";"2";"1";""
"202200003536";"807 707";"B01";"1";"7";"0";"2";"9";"2";"1";""
"202200003536";"807 709";"A01";"1";"14";"0";"0";"4";"2";"1";""
"202200003537";"807 699";"A01";"1";"10";"0";"9";"8";"15";"1";""
"202200003537";"807 705";"B01";"2";"50";"0";"2";"8";"1";"3";""
"202200003538";"807 696";"A01";"1";"7";"0";"2";"1";"26";"1";""
"202200003538";"807 698";"B01";"1";"7";"0";"2";"4";"1";"1";""
"202200003539";"807 694";"B01";"2";"7";"0";"2";"5";"2";"1";""
"202200003539";"807 697";"A01";"2";"31";"0";"2";"1";"2";"1";""
"202200003540";"807 693";"B01";"2";"33";"0";"2";"1";"2";"0";""
"202200003540";"807 695";"A01";"2";"7";"0";"2";"4";"23";"1";""
"202200003541";"807 692";"A01";"1";"7";"0";"1";"1";"16";"1";""
"202200003542";"807 690";"A01";"1";"7";"8";"0";"1";"14";"1";""
"202200003543";"807 689";"A01";"1";"7";"0";"2";"4";"1";"1";""
"202200003544";"807 688";"A01";"1";"7";"0";"2";"1";"13";"1";""
"202200003544";"807 691";"B01";"1";"10";"0";"2";"1";"2";"1";""
"202200003545";"807 687";"A01";"1";"7";"0";"1";"3";"1";"1";""
"202200003546";"807 685";"A01";"2";"43";"14";"0";"7";"21";"1";""
"202200003547";"807 682";"A01";"2";"33";"0";"2";"1";"26";"1";""
"202200003547";"807 683";"B01";"2";"7";"0";"2";"5";"23";"1";""
"202200003548";"807 679";"B01";"1";"7";"0";"2";"7";"1";"1";""
"202200003548";"807 681";"A01";"0";"2";"0";"2";"1";"15";"1";""
"202200003549";"807 678";"B01";"2";"7";"0";"2";"5";"2";"1";""
"202200003549";"807 680";"A01";"2";"10";"0";"2";"3";"2";"1";""
"202200003550";"807 677";"A01";"3";"50";"0";"1";"1";"1";"3";""
"202200003551";"807 675";"A01";"1";"7";"0";"2";"6";"10";"1";""
"202200003551";"807 676";"B01";"1";"33";"0";"2";"1";"1";"1";""
"202200003552";"807 671";"A01";"3";"30";"6";"0";"8";"13";"1";""
"202200003553";"807 670";"A01";"1";"7";"0";"2";"1";"13";"1";""
"202200003553";"807 672";"B01";"2";"7";"2";"0";"8";"1";"1";""
"202200003553";"807 674";"C01";"2";"10";"0";"2";"3";"1";"1";""
"202200003554";"807 668";"B01";"2";"32";"0";"2";"1";"3";"1";""
"202200003554";"807 673";"A01";"2";"7";"0";"2";"6";"12";"1";""
"202200003555";"807 664";"A01";"2";"7";"0";"2";"3";"13";"1";""
"202200003555";"807 666";"B01";"1";"7";"0";"2";"3";"1";"1";""
"202200003556";"807 663";"A01";"2";"10";"0";"2";"0";"0";"1";""
"202200003556";"807 667";"B01";"2";"10";"0";"0";"0";"0";"1";""
"202200003556";"807 669";"C01";"2";"10";"0";"0";"0";"0";"1";""
"202200003557";"807 659";"A01";"1";"33";"0";"0";"1";"2";"1";""
"202200003558";"807 658";"A01";"1";"7";"8";"0";"3";"1";"1";""
"202200003559";"807 657";"A01";"3";"10";"0";"2";"1";"19";"1";""
"202200003559";"807 662";"B01";"3";"7";"0";"2";"3";"19";"1";""
"202200003560";"807 656";"A01";"1";"7";"0";"2";"7";"12";"1";""
"202200003560";"807 660";"B01";"1";"43";"0";"2";"1";"3";"1";""
"202200003560";"807 661";"C01";"1";"7";"0";"2";"5";"23";"1";""
"202200003560";"807 665";"D01";"1";"7";"0";"2";"6";"23";"1";""
"202200003561";"807 655";"A01";"2";"7";"2";"0";"1";"0";"1";""
"202200003562";"807 653";"A01";"1";"7";"0";"0";"5";"15";"1";""
"202200003562";"807 654";"B01";"2";"33";"0";"2";"7";"21";"1";""
"202200003563";"807 650";"B01";"2";"43";"0";"2";"1";"3";"1";""
"202200003563";"807 651";"A01";"2";"7";"0";"2";"7";"12";"1";""
"202200003564";"807 647";"A01";"2";"33";"0";"0";"8";"1";"1";""
"202200003565";"807 648";"A01";"2";"7";"0";"2";"1";"2";"1";""
"202200003565";"807 652";"B01";"2";"10";"0";"2";"4";"1";"1";""
"202200003566";"807 646";"A01";"3";"7";"0";"2";"3";"15";"1";""
"202200003566";"807 649";"B01";"3";"30";"0";"2";"1";"1";"1";""
"202200003567";"807 643";"B01";"0";"1";"0";"0";"0";"0";"5";""
"202200003567";"807 645";"A01";"3";"7";"2";"0";"1";"15";"1";""
"202200003568";"807 640";"B01";"2";"7";"0";"2";"4";"1";"2";""
"202200003568";"807 644";"A01";"2";"7";"0";"2";"1";"2";"1";""
"202200003569";"807 638";"B01";"1";"7";"0";"2";"3";"1";"1";""
"202200003569";"807 642";"A01";"2";"33";"0";"2";"3";"13";"1";""
"202200003570";"807 635";"A01";"2";"7";"0";"2";"2";"1";"1";""
"202200003570";"807 637";"B01";"2";"13";"0";"2";"6";"23";"1";""
"202200003571";"807 632";"B01";"2";"7";"0";"2";"4";"11";"1";""
"202200003571";"807 636";"A01";"2";"33";"0";"2";"1";"3";"1";""
"202200003572";"807 630";"A01";"1";"33";"0";"2";"1";"1";"1";""
"202200003572";"807 633";"B01";"1";"7";"0";"2";"8";"15";"1";""
"202200003573";"807 629";"B01";"3";"7";"0";"2";"8";"0";"3";""
"202200003573";"807 634";"A01";"3";"10";"0";"2";"2";"1";"1";""
"202200003574";"807 628";"B01";"1";"7";"0";"2";"3";"1";"1";""
"202200003574";"807 631";"A01";"2";"7";"0";"2";"3";"13";"1";""
"202200003575";"807 624";"A01";"2";"3";"0";"9";"2";"2";"1";""
"202200003575";"807 625";"B01";"2";"1";"0";"0";"4";"2";"5";""
"202200003576";"807 623";"B01";"2";"10";"0";"2";"4";"2";"1";""
"202200003576";"807 626";"A01";"2";"10";"0";"2";"1";"2";"1";""
"202200003577";"807 622";"B01";"2";"7";"0";"2";"7";"1";"1";""
"202200003577";"807 627";"A01";"1";"7";"0";"2";"1";"19";"1";""
"202200003578";"807 621";"A01";"3";"7";"0";"1";"4";"20";"1";""
"202200003579";"807 617";"B01";"1";"7";"0";"2";"3";"13";"1";""
"202200003579";"807 619";"A01";"2";"2";"0";"2";"3";"1";"1";""
"202200003580";"807 616";"B01";"1";"33";"0";"2";"1";"1";"1";""
"202200003580";"807 620";"A01";"2";"7";"0";"2";"3";"16";"1";""
"202200003581";"807 615";"B01";"2";"7";"0";"2";"8";"0";"3";""
"202200003581";"807 618";"A01";"2";"33";"0";"2";"8";"1";"1";""
"202200003582";"807 613";"A01";"1";"40";"0";"1";"2";"1";"3";""
"202200003583";"807 612";"A01";"1";"7";"13";"0";"8";"1";"1";""
"202200003584";"807 609";"A01";"2";"7";"0";"2";"3";"9";"1";""
"202200003584";"807 614";"B01";"2";"33";"0";"2";"5";"1";"1";""
"202200003585";"807 605";"A01";"2";"10";"0";"2";"1";"2";"1";""
"202200003585";"807 610";"B01";"2";"7";"0";"0";"5";"2";"1";""
"202200003586";"807 603";"A01";"3";"33";"0";"2";"1";"13";"1";""
"202200003586";"807 607";"B01";"3";"30";"0";"2";"1";"1";"3";""
"202200003587";"807 604";"C01";"2";"10";"0";"2";"8";"1";"1";""
"202200003587";"807 608";"B01";"2";"33";"0";"2";"2";"3";"1";""
"202200003587";"807 611";"A01";"2";"33";"0";"2";"2";"9";"1";""
"202200003588";"807 602";"A01";"2";"1";"0";"2";"1";"25";"5";""
"202200003588";"807 606";"B01";"3";"10";"0";"2";"2";"9";"1";""
"202200003589";"807 599";"A01";"2";"34";"0";"0";"0";"1";"1";""
"202200003590";"807 600";"A01";"1";"33";"0";"0";"0";"1";"1";""
"202200003591";"807 598";"A01";"2";"7";"0";"2";"3";"15";"1";""
"202200003591";"807 601";"B01";"1";"1";"0";"2";"1";"1";"5";""
"202200003592";"807 595";"B01";"3";"32";"4";"2";"3";"2";"1";""
"202200003593";"807 596";"A01";"1";"7";"0";"2";"1";"2";"1";""
"202200003593";"807 597";"B01";"1";"7";"0";"2";"0";"2";"1";""
"202200003594";"807 594";"A01";"1";"7";"11";"0";"3";"1";"1";""
"202200003595";"807 590";"A01";"1";"7";"0";"9";"8";"20";"1";""
"202200003595";"807 592";"B01";"1";"30";"0";"2";"1";"1";"1";""
"202200003596";"807 588";"A01";"2";"7";"0";"2";"1";"1";"1";""
"202200003596";"807 591";"B01";"1";"7";"0";"2";"8";"15";"1";""
"202200003597";"807 589";"A01";"1";"1";"0";"1";"1";"1";"5";""
"202200003598";"807 586";"A01";"1";"7";"4";"0";"3";"1";"1";""
"202200003599";"807 584";"B01";"2";"31";"0";"2";"1";"1";"1";""
"202200003599";"807 587";"A01";"1";"10";"0";"2";"1";"15";"1";""
"202200003600";"807 582";"A01";"1";"7";"0";"2";"3";"13";"1";""
"202200003600";"807 583";"B01";"2";"7";"0";"2";"3";"15";"1";""
"202200003601";"807 581";"A01";"3";"7";"8";"0";"1";"1";"2";""
"202200003602";"807 579";"A01";"2";"7";"0";"1";"7";"21";"1";""
"202200003603";"807 574";"A01";"0";"10";"0";"2";"3";"1";"1";""
"202200003603";"807 577";"B01";"0";"1";"0";"2";"1";"1";"5";""
"202200003604";"807 575";"A01";"1";"7";"0";"1";"1";"26";"1";""
"202200003605";"807 576";"A01";"2";"7";"0";"2";"7";"7";"1";""
"202200003605";"807 580";"B01";"2";"7";"0";"2";"3";"11";"1";""
"202200003606";"807 571";"A01";"1";"3";"5";"0";"9";"1";"1";""
"202200003607";"807 570";"A01";"1";"2";"0";"2";"4";"0";"1";""
"202200003607";"807 572";"B01";"1";"7";"0";"2";"4";"23";"1";""
"202200003608";"807 568";"Z01";"1";"99";"0";"1";"0";"0";"0";""
"202200003609";"807 566";"A01";"1";"1";"0";"0";"3";"1";"5";""
"202200003610";"807 565";"A01";"1";"7";"3";"0";"3";"9";"1";""
"202200003611";"807 562";"A01";"0";"7";"0";"2";"1";"1";"0";""
"202200003611";"807 564";"B01";"0";"1";"0";"2";"4";"1";"5";""
"202200003612";"807 561";"A01";"2";"7";"0";"1";"1";"15";"0";""
"202200003613";"807 559";"A01";"2";"50";"1";"0";"1";"17";"3";""
"202200003614";"807 558";"B01";"3";"37";"0";"2";"7";"1";"1";"3"
"202200003614";"807 563";"A01";"3";"7";"0";"2";"1";"26";"1";""
"202200003615";"807 554";"A01";"0";"1";"0";"9";"1";"0";"5";""
"202200003616";"807 553";"A01";"3";"7";"0";"2";"4";"4";"1";""
"202200003616";"807 555";"B01";"3";"1";"0";"2";"1";"1";"5";""
"202200003617";"807 550";"D01";"2";"7";"0";"2";"4";"2";"1";""
"202200003617";"807 556";"C01";"2";"7";"0";"2";"4";"2";"1";""
"202200003617";"807 557";"B01";"2";"7";"0";"2";"4";"2";"1";""
"202200003617";"807 560";"A01";"2";"17";"0";"2";"1";"2";"1";""
"202200003618";"807 549";"A01";"1";"7";"0";"2";"8";"22";"1";""
"202200003618";"807 552";"B01";"1";"1";"1";"0";"1";"1";"5";""
"202200003619";"807 547";"B01";"2";"13";"0";"2";"1";"1";"1";""
"202200003619";"807 548";"A01";"1";"7";"0";"2";"2";"13";"1";""
"202200003620";"807 546";"B01";"3";"30";"0";"2";"3";"1";"1";""
"202200003620";"807 551";"A01";"3";"7";"0";"2";"3";"15";"1";""
"202200003621";"807 544";"A01";"2";"33";"0";"0";"8";"1";"1";""
"202200003622";"807 540";"A01";"2";"7";"0";"1";"2";"1";"1";""
"202200003623";"807 542";"A01";"1";"7";"0";"1";"3";"26";"1";""
"202200003624";"807 539";"B01";"3";"7";"0";"2";"4";"1";"2";""
"202200003624";"807 541";"A01";"3";"7";"0";"2";"1";"1";"1";""
"202200003625";"807 534";"B01";"2";"10";"0";"2";"6";"1";"1";""
"202200003625";"807 537";"A01";"2";"33";"0";"2";"1";"21";"1";""
"202200003626";"807 533";"B01";"1";"7";"0";"2";"3";"23";"1";""
"202200003626";"807 536";"A01";"2";"7";"0";"2";"3";"21";"1";""
"202200003627";"807 532";"A01";"1";"2";"0";"2";"1";"2";"1";""
"202200003627";"807 538";"B01";"1";"7";"0";"2";"4";"2";"1";""
"202200003628";"807 529";"A01";"1";"7";"0";"2";"2";"1";"1";""
"202200003628";"807 531";"B01";"1";"7";"0";"2";"1";"1";"1";""
"202200003629";"807 530";"B01";"2";"50";"0";"2";"7";"1";"3";""
"202200003629";"807 535";"A01";"2";"7";"0";"2";"1";"9";"1";""
"202200003630";"807 525";"B01";"2";"1";"0";"2";"5";"1";"5";""
"202200003630";"807 528";"A01";"2";"7";"0";"2";"1";"9";"1";""
"202200003631";"807 523";"B01";"1";"7";"4";"2";"5";"0";"1";""
"202200003631";"807 526";"A01";"1";"7";"4";"2";"3";"17";"1";""
"202200003632";"807 522";"A01";"1";"7";"0";"2";"0";"17";"1";""
"202200003632";"807 527";"B01";"1";"1";"0";"2";"0";"2";"5";""
"202200003633";"807 516";"A01";"0";"34";"0";"2";"3";"9";"0";""
"202200003633";"807 519";"B01";"1";"1";"0";"2";"1";"9";"5";""
"202200003634";"807 517";"C01";"1";"7";"0";"2";"1";"1";"1";""
"202200003634";"807 520";"B01";"2";"33";"0";"2";"2";"17";"1";""
"202200003634";"807 524";"A01";"2";"7";"0";"2";"8";"13";"1";""
"202200003635";"807 518";"B01";"3";"50";"0";"2";"1";"2";"3";""
"202200003635";"807 521";"A01";"3";"7";"0";"2";"8";"1";"1";""
"202200003636";"807 514";"A01";"1";"10";"1";"0";"2";"0";"1";""
"202200003636";"807 515";"B01";"1";"14";"1";"0";"6";"23";"1";""
"202200003637";"807 513";"A01";"1";"7";"13";"0";"8";"15";"1";""
"202200003638";"807 511";"Z01";"1";"2";"0";"1";"1";"25";"1";""
"202200003639";"807 510";"A01";"3";"30";"0";"0";"7";"14";"1";""
"202200003640";"807 509";"A01";"3";"7";"0";"1";"2";"26";"1";""
"202200003641";"807 504";"A01";"1";"7";"0";"2";"1";"2";"2";""
"202200003641";"807 506";"B01";"1";"7";"0";"2";"4";"2";"1";""
"202200003641";"807 512";"C01";"1";"7";"0";"2";"4";"2";"1";""
"202200003642";"807 501";"A01";"1";"7";"0";"2";"2";"9";"1";""
"202200003642";"807 508";"B01";"1";"7";"0";"2";"1";"1";"1";""
"202200003643";"807 498";"B01";"1";"1";"0";"2";"0";"26";"5";""
"202200003643";"807 502";"A01";"1";"32";"0";"9";"0";"26";"1";""
"202200003644";"807 497";"A01";"2";"33";"0";"9";"1";"1";"1";""
"202200003645";"807 500";"A01";"3";"7";"0";"2";"2";"15";"1";""
"202200003645";"807 503";"B01";"3";"1";"0";"2";"1";"0";"5";""
"202200003646";"807 495";"B01";"1";"1";"0";"2";"8";"19";"5";""
"202200003646";"807 496";"A01";"1";"7";"0";"2";"1";"1";"1";""
"202200003647";"807 492";"A01";"2";"32";"0";"0";"1";"1";"1";""
"202200003648";"807 490";"A01";"2";"7";"7";"0";"8";"1";"1";""
"202200003648";"807 493";"Z01";"2";"16";"0";"2";"0";"0";"0";""
"202200003649";"807 489";"A01";"1";"15";"0";"0";"7";"26";"1";""
"202200003650";"807 488";"B01";"2";"10";"0";"2";"3";"1";"1";""
"202200003650";"807 491";"A01";"1";"7";"0";"2";"1";"1";"1";""
"202200003651";"807 484";"A01";"1";"7";"3";"0";"1";"0";"1";""
"202200003652";"807 483";"A01";"1";"7";"0";"2";"8";"17";"2";""
"202200003652";"807 486";"B01";"1";"7";"0";"2";"2";"9";"1";""
"202200003653";"807 480";"A01";"1";"33";"1";"0";"1";"2";"1";""
"202200003653";"807 485";"C01";"1";"7";" -1";" -1";" -1";"0";" -1";""
"202200003654";"807 479";"B01";"1";"7";"0";"2";"4";"1";"1";""
"202200003654";"807 482";"A01";"1";"2";"0";"2";"1";"1";"1";""
"202200003655";"807 477";"A01";"3";"7";"0";"2";"3";"15";"0";""
"202200003655";"807 481";"B01";"2";"60";"0";"2";"1";"2";"5";""
"202200003656";"807 475";"B01";"1";"15";"0";"2";"0";"1";"6";""
"202200003656";"807 476";"A01";"1";"7";"0";"2";"1";"1";"1";""
"202200003657";"807 472";"A01";"2";"7";"0";"2";"4";"2";"1";""
"202200003657";"807 478";"B01";"2";"7";"0";"2";"1";"2";"1";""
"202200003658";"807 474";"A01";"2";"7";"13";"0";"1";"13";"6";""
"202200003659";"807 469";"A01";"1";"7";"0";"2";"7";"15";"1";""
"202200003659";"807 473";"B01";"2";"7";"0";"2";"2";"1";"1";""
"202200003660";"807 466";"B01";"3";"7";"0";"2";"1";"2";"1";""
"202200003660";"807 471";"A01";"1";"7";"0";"2";"7";"2";"1";""
"202200003661";"807 463";"B01";"2";"7";"0";"2";"1";"1";"1";""
"202200003661";"807 467";"A01";"2";"7";"0";"2";"4";"1";"1";""
"202200003662";"807 462";"A01";"3";"2";"0";"2";"1";"17";"1";""
"202200003662";"807 465";"B01";"3";"10";"0";"2";"1";"15";"1";""
"202200003663";"807 458";"A01";"1";"7";"0";"2";"0";"26";"1";""
"202200003663";"807 461";"B01";"1";"3";"0";"2";"7";"0";"3";""
"202200003664";"807 453";"G01";"1";"50";"0";"2";"7";"1";"3";""
"202200003664";"807 456";"F01";"1";"7";"0";"2";"3";"20";" -1";""
"202200003665";"807 455";"A01";"1";"7";"0";"2";"8";"11";"1";""
"202200003665";"807 459";"B01";"1";"80";"0";"2";"1";"1";"3";""
"202200003666";"807 452";"A01";"3";"7";"0";"1";"2";"1";"1";""
"202200003667";"807 447";"A01";"1";"7";"0";"1";"2";"1";"2";""
"202200003668";"807 448";"A01";"1";"7";"0";"2";"3";"1";"1";""
"202200003668";"807 450";"B01";"1";"50";"0";"2";"0";"26";"3";""
"202200003669";"807 445";"A01";"3";"7";"0";"1";"3";"1";"1";""
"202200003670";"807 442";"B01";"2";"7";"0";"2";"3";"16";"1";""
"202200003670";"807 446";"A01";"2";"10";"0";"2";"1";"26";"0";""
"202200003671";"807 437";"A01";"1";"7";"0";"2";"1";"1";"1";""
"202200003671";"807 443";"B01";"1";"7";"0";"2";"4";"1";"1";""
"202200003671";"807 444";"C01";"1";"7";"0";"2";"4";"0";"1";""
"202200003672";"807 438";"A01";"3";"7";"0";"2";"1";"15";"1";""
"202200003672";"807 441";"B01";"3";"7";"0";"2";"8";"1";"1";""
"202200003673";"807 436";"D01";"2";"7";"0";"2";"0";"1";"1";""
"202200003673";"807 439";"E01";"2";"7";"0";"2";"0";"1";"1";""
"202200003673";"807 440";"F01";"1";"7";"0";"2";"8";"1";"1";""
"202200003673";"807 449";"G01";"1";"7";"0";"2";"2";"1";"1";""
"202200003673";"807 451";"A01";"2";"14";"4";"2";"3";"1";"1";""
"202200003673";"807 454";"B01";"2";"7";"0";"2";"0";"0";"1";""
"202200003673";"807 457";"C01";"2";"7";"0";"2";"0";"0";"1";""
"202200003674";"807 434";"A01";"2";"7";"1";"0";"9";"13";"1";""
"202200003675";"807 432";"A01";"3";"7";"15";"0";"3";"21";"1";""
"202200003676";"807 433";"B01";"2";"2";"0";"2";"7";"15";"1";""
"202200003676";"807 435";"A01";"1";"7";"0";"2";"1";"1";"1";""
"202200003677";"807 430";"A01";"1";"30";"16";"0";"3";"15";"1";""
"202200003678";"807 429";"B01";"1";"1";"0";"2";"7";"1";"5";""
"202200003678";"807 431";"A01";"2";"7";"0";"2";"8";"19";"1";""
"202200003679";"807 427";"A01";"1";"7";"0";"1";"2";"21";"1";""
"202200003680";"807 425";"A01";"1";"7";"0";"2";"5";"20";"1";""
"202200003680";"807 428";"B01";"1";"50";"0";"2";"1";"1";"3";""
"202200003681";"807 422";"B01";"3";"7";"0";"2";"4";"1";"1";""
"202200003681";"807 426";"A01";"3";"7";"0";"2";"1";"1";"1";""
"202200003682";"807 421";"B01";"3";"7";"0";"2";"3";"11";"1";""
"202200003682";"807 424";"A01";"3";"31";"0";"2";"8";"1";"1";""
"202200003683";"807 420";"B01";"1";"32";"0";"2";"1";"1";"1";""
"202200003683";"807 423";"A01";"2";"7";"0";"2";"3";"15";"1";""
"202200003684";"807 417";"A01";"1";"10";"0";"1";"1";"1";"1";""