"Num_Acc";"id_vehicule";"num_veh";"senc";"catv";"obs";"obsm";"choc";"manv";"motor";"occutc"
"202200003685";"807 419";"A01";"1";"7";"1";"0";"3";"16";"1";""
"202200003686";"807 414";"A01";"3";"7";"0";"2";"1";"1";"0";""
"202200003686";"807 418";"B01";"3";"2";"0";"2";"3";"16";"1";""
"202200003687";"807 413";"A01";"1";"30";"0";"2";"8";"18";"1";""
"202200003687";"807 416";"B01";"1";"7";"0";"9";"7";"1";"1";""
"202200003688";"807 411";"A01";"1";"7";"0";"2";"1";"1";"1";""
"202200003688";"807 412";"B01";"1";"7";"0";"2";"4";"1";"2";""
"202200003689";"807 407";"A01";"2";"2";"0";"2";"1";"1";"1";""
"202200003689";"807 408";"B01";"1";"7";"0";"2";"3";"23";"1";""
"202200003690";"807 404";"B01";"1";"30";"0";"2";"1";"9";"1";""
"202200003690";"807 410";"A01";"2";"7";"0";"2";"2";"1";"1";""
"202200003691";"807 405";"B01";"2";"32";"0";"2";"8";"18";"1";""
"202200003691";"807 409";"A01";"2";"7";"0";"2";"7";"1";"1";""
"202200003692";"807 401";"B01";"1";"10";"0";"0";"8";"10";"1";""
"202200003692";"807 402";"A01";"1";"50";"0";"2";"1";"1";"3";""
"202200003693";"807 398";"B01";"1";"7";"1";"0";"4";"20";"1";""
"202200003693";"807 400";"A01";"1";"7";"0";"2";"1";"2";"1";""
"202200003694";"807 396";"B01";"1";"7";"0";"2";"3";"1";"1";""
"202200003694";"807 397";"A01";"2";"7";"0";"2";"3";"13";"1";""
"202200003695";"807 406";"A01";"1";"34";"0";"2";"1";"17";"1";""
"202200003695";"807 415";"B01";"2";"7";"0";"2";"3";"15";"1";""
"202200003696";"807 394";"A01";"2";"7";"0";"2";"1";"1";"1";""
"202200003696";"807 395";"B01";"2";"7";"0";"2";"4";"23";"1";""
"202200003696";"807 399";"C01";"2";"7";"0";"2";"4";"23";"1";""
"202200003697";"807 393";"A01";"1";"33";"0";"0";"0";"1";"1";""
"202200003698";"807 392";"A01";"2";"80";"0";"0";"0";"0";"3";""
"202200003699";"807 403";"A01";"3";"10";"0";"1";"1";"21";"1";""
"202200003700";"807 388";"B01";"2";"1";"0";"2";"3";"1";"5";""
"202200003700";"807 391";"A01";"2";"10";"0";"2";"2";"1";" -1";""
"202200003701";"807 390";"A01";"1";"7";"0";"1";"7";"1";"1";""
"202200003702";"807 389";"A01";"2";"7";"0";"1";"1";"1";"1";""
"202200003703";"807 386";"A01";"2";"7";"0";"1";"1";"1";"0";""
"202200003704";"807 382";"A01";"1";"7";"4";"0";"2";"1";" -1";""
"202200003705";"807 383";"A01";"0";"33";"0";"2";"1";"15";"1";""
"202200003705";"807 385";"B01";"1";"7";"0";"2";"1";"1";"1";""
"202200003706";"807 381";"A01";"2";"99";"0";"2";"2";"1";"1";""
"202200003706";"807 384";"B01";"1";"7";"0";"2";"3";"1";"1";""
"202200003707";"807 377";"B01";"1";"7";"0";"2";"1";"1";"1";""
"202200003707";"807 379";"A01";"1";"7";"3";"2";"1";"4";" -1";""
"202200003708";"807 375";"B01";"1";"32";"0";"2";"7";"1";"1";""
"202200003708";"807 378";"A01";"1";"38";"0";"2";"8";"1";"1";"1"
"202200003709";"807 371";"B01";"1";"7";"0";"2";"3";"2";"1";""
"202200003709";"807 373";"A01";"2";"7";"0";"2";"1";"2";"1";""
"202200003710";"807 372";"A01";"2";"33";"0";"2";"7";"17";"1";""
"202200003710";"807 374";"B01";"2";"7";"0";"2";"8";"15";"1";""
"202200003711";"807 380";"B01";"1";"7";"0";"2";"6";"1";"1";""
"202200003711";"807 387";"A01";"1";"43";"0";"2";"1";"3";"1";""
"202200003712";"807 370";"A01";"1";"7";"3";"0";"9";"0";"1";""
"202200003713";"807 365";"A01";"1";"7";"0";"9";"2";"17";"1";""
"202200003713";"807 368";"B01";"1";"1";"0";"2";"4";"2";"5";""
"202200003714";"807 366";"A01";"3";"7";"0";"2";"1";"15";"1";""
"202200003714";"807 369";"B01";"3";"7";"0";"2";"6";"2";"1";""
"202200003715";"807 367";"A01";"1";"7";"0";"2";"1";"1";"1";""
"202200003715";"807 376";"B01";"1";"7";"0";"1";"1";"1";"1";""
"202200003716";"807 362";"B01";"2";"1";"0";"0";"3";"0";"5";""
"202200003716";"807 364";"A01";"1";"7";"0";"9";"2";"16";"1";""
"202200003717";"807 359";"A01";"2";"7";"4";"0";"8";"13";"1";""
"202200003718";"807 360";"A01";"3";"7";"0";"1";"1";"16";"1";""
"202200003719";"807 357";"A01";"0";"7";"8";"0";"1";"7";"0";""
"202200003720";"807 355";"A01";"1";"7";"1";"0";"2";"21";"1";""
"202200003721";"807 354";"B01";"2";"1";"0";"2";"4";"15";"5";""
"202200003721";"807 356";"A01";"2";"7";"0";"9";"1";"2";"1";""
"202200003722";"807 361";"A01";"2";"33";"0";"2";"1";"12";"1";""
"202200003722";"807 363";"B01";"2";"7";"0";"2";"6";"1";"1";""
"202200003723";"807 350";"A01";"1";"7";"8";"0";"7";"13";"1";""
"202200003724";"807 351";"A01";"1";"7";"0";"2";"1";"1";"1";""
"202200003724";"807 353";"B01";"2";"32";"0";"2";"7";"1";"1";""
"202200003725";"807 349";"A01";"3";"7";"2";"0";"2";"1";"1";""
"202200003726";"807 347";"B01";"1";"37";"0";"2";"3";"1";"4";"1"
"202200003726";"807 348";"A01";"1";"7";"0";"2";"8";"1";"1";""
"202200003727";"807 352";"B01";"2";"7";"0";"2";"1";"2";"1";""
"202200003727";"807 358";"A01";"2";"2";"0";"2";"4";"2";"1";""
"202200003728";"807 344";"A01";"2";"7";"0";"2";"2";"18";"1";""
"202200003728";"807 346";"B01";"2";"7";"0";"2";"4";"0";"1";""
"202200003729";"807 345";"A01";"1";"7";"0";"1";"1";"1";"1";""
"202200003730";"807 342";"A01";"1";"1";"0";"2";"4";"0";"5";""
"202200003730";"807 343";"B01";"1";"7";"0";"2";"4";"0";"1";""
"202200003731";"807 338";"B01";"2";"7";"0";"2";"3";"1";"1";""
"202200003731";"807 339";"A01";"1";"7";"0";"2";"1";"15";"1";""
"202200003732";"807 336";"A01";"2";"7";"0";"1";"3";"1";"1";""
"202200003733";"807 335";"A01";"3";"7";"1";"0";"2";"1";"1";""
"202200003734";"807 333";"B01";"1";"7";"0";"2";"3";"15";"1";""
"202200003734";"807 340";"A01";"1";"33";"0";"2";"1";"1";"1";""
"202200003735";"807 334";"A01";"2";"33";"0";"0";"0";"1";"1";""
"202200003736";"807 330";"A01";"2";"33";"0";"2";"4";"2";"1";""
"202200003736";"807 337";"B01";"2";"33";"0";"2";"4";"2";"1";""
"202200003736";"807 341";"C01";"2";"7";"14";"0";"4";"2";"1";""
"202200003737";"807 329";"B01";"1";"33";"0";"2";"2";"17";"1";""
"202200003737";"807 332";"A01";"2";"7";"0";"2";"3";"10";"1";""
"202200003738";"807 328";"A01";"1";"33";"0";"2";"1";"2";"1";""
"202200003738";"807 331";"B01";"1";"33";"0";"2";"4";"2";"1";""
"202200003739";"807 327";"A01";"3";"32";"8";"0";"1";"1";"1";""
"202200003740";"807 325";"A01";"2";"7";"0";"1";"2";"16";"1";""
"202200003741";"807 326";"A01";"2";"7";"0";"1";"2";"2";"1";""
"202200003742";"807 324";"A01";"0";"80";"0";"1";"8";"1";"3";""
"202200003743";"807 323";"A01";"1";"33";"3";"0";"0";"26";"1";""
"202200003744";"807 321";"A01";"1";"32";"13";"0";"7";"14";"3";""
"202200003745";"807 318";"B01";"3";"1";"0";"2";"2";"1";"5";""
"202200003745";"807 319";"C01";"3";"50";"0";"2";"2";"1";"3";""
"202200003745";"807 322";"A01";"3";"10";"0";"2";"3";"1";"1";""
"202200003746";"807 313";"A01";"3";"7";"0";"1";"2";"16";"1";""
"202200003747";"807 314";"B01";"2";"1";"0";"2";"8";"1";"5";""
"202200003747";"807 317";"A01";"2";"14";"0";"2";"2";"16";"1";""
"202200003748";"807 311";"A01";"3";"7";"0";"2";"3";"1";"1";""
"202200003748";"807 316";"B01";"3";"30";"0";"2";"1";"1";"1";""
"202200003749";"807 315";"A01";"2";"10";"0";"2";"1";"2";"1";""
"202200003749";"807 320";"B01";"2";"7";"0";"2";"4";"2";"1";""
"202200003750";"807 310";"A01";"2";"10";"0";"2";"2";"1";"1";""
"202200003750";"807 312";"B01";"2";"30";"0";"2";"8";"15";"1";""
"202200003751";"807 309";"A01";"2";"7";"0";"1";"3";"1";"1";""
"202200003752";"807 308";"Z01";"0";"7";"0";"1";"0";"1";"0";""
"202200003753";"807 306";"A01";"1";"17";"13";"0";"1";"19";"1";""
"202200003754";"807 304";"B01";"3";"1";"0";"2";"7";"19";"5";""
"202200003754";"807 307";"A01";"3";"7";"0";"2";"1";"16";"1";""
"202200003755";"807 303";"A01";"1";"7";"0";"1";"3";"1";"1";""
"202200003756";"807 302";"A01";"1";"34";"0";"1";"1";"1";"1";""
"202200003757";"807 299";"A01";"2";"7";"0";"1";"2";"14";"1";""
"202200003758";"807 300";"C01";"1";"7";"10";"0";"4";"1";"0";""
"202200003758";"807 301";"B01";"1";"10";"0";"2";"4";"1";"1";""
"202200003758";"807 305";"A01";"1";"7";"5";"2";"1";"26";"1";""
"202200003759";"807 298";"A01";"3";"7";"9";"0";"1";"13";"0";""
"202200003760";"807 297";"A01";"2";"50";"0";"0";"0";"5";"3";""
"202200003761";"807 295";"A01";"2";"7";"0";"1";"3";"15";"1";""
"202200003762";"807 290";"A01";"1";"2";"0";"2";"1";"17";"1";""
"202200003762";"807 292";"B01";"1";"7";"0";"2";"3";"1";"1";""
"202200003762";"807 296";"C01";"2";"7";"0";"2";"3";"9";"1";""
"202200003763";"807 288";"A01";"3";"7";"0";"2";"3";"9";"1";""
"202200003763";"807 294";"B01";"1";"33";"0";"2";"1";"1";"1";""
"202200003764";"807 289";"A01";"2";"30";"0";"1";"1";"1";"1";""
"202200003765";"807 286";"A01";"2";"33";"0";"6";"2";"1";"1";""
"202200003766";"807 284";"B01";"2";"1";"0";"0";"0";"0";"5";""
"202200003766";"807 287";"A01";"2";"7";"0";"2";"7";"20";"1";""
"202200003767";"807 283";"A01";"1";"7";"0";"2";"2";"15";"1";""
"202200003767";"807 285";"B01";"2";"7";"0";"2";"3";"1";"1";""
"202200003768";"807 280";"A01";"1";"10";"0";"1";"1";"1";"1";""
"202200003769";"807 279";"A01";"2";"32";"0";"2";"8";"18";"1";""
"202200003769";"807 281";"B01";"2";"7";"0";"2";"7";"16";"1";""
"202200003770";"807 277";"A01";"1";"7";"0";"1";"1";"1";"2";""
"202200003771";"807 274";"A01";"1";"10";"0";"2";"1";"13";"1";""
"202200003771";"807 275";"B01";"2";"10";"0";"2";"1";"1";"1";""
"202200003772";"807 272";"B01";"3";"99";"0";"2";"1";"6";"3";""
"202200003772";"807 276";"A01";"3";"7";"0";"2";"1";"9";"1";""
"202200003773";"807 269";"A01";"2";"7";"0";"1";"2";"1";"1";""
"202200003774";"807 268";"A01";"2";"7";"0";"2";"4";"2";"1";""
"202200003774";"807 271";"B01";"2";"7";"0";"2";"1";"2";"1";""
"202200003774";"807 273";"C01";"2";"7";"0";"2";"4";"2";"1";""
"202200003774";"807 278";"D01";"2";"7";"0";"2";"1";"2";"1";""
"202200003775";"807 266";"A01";"1";"1";"10";"0";"1";"1";"5";""
"202200003776";"807 265";"C01";"1";"7";"0";"0";"4";"1";"1";""
"202200003776";"807 267";"B01";"1";"7";"0";"2";"4";"1";"1";""
"202200003776";"807 270";"A01";"1";"7";"0";"2";"1";"2";"1";""
"202200003777";"807 263";"A01";"2";"33";"0";"6";"1";"21";"1";""
"202200003778";"807 262";"A01";"1";"7";"1";"0";"9";"9";"1";""
"202200003779";"807 261";"B01";"1";"30";"0";"2";"1";"1";"3";""
"202200003779";"807 264";"A01";"1";"1";"0";"1";"8";"1";"5";""
"202200003780";"807 260";"A01";"3";"0";"9";"0";"1";"1";" -1";""
"202200003781";"807 257";"A01";"3";"7";"0";"1";"1";"19";"0";""
"202200003782";"807 258";"A01";"1";"7";"3";"0";"7";"14";"1";""
"202200003783";"807 256";"A01";"1";"7";"1";"2";"3";"17";"1";""
"202200003783";"807 259";"B01";"1";"60";"0";"2";"0";"0";"5";""
"202200003784";"807 255";"A01";"3";"43";"3";"0";"1";"1";"1";""
"202200003785";"807 253";"A01";"2";"37";"0";"1";"3";"15";"2";"1"
"202200003786";"807 252";"A01";"2";"7";"0";"2";"1";"2";"1";""
"202200003786";"807 254";"B01";"2";"7";"0";"2";"4";"1";"1";""
"202200003787";"807 246";"A01";"1";"7";"0";"1";"1";"1";"1";""
"202200003788";"807 245";"A01";"3";"7";"0";"2";"1";"1";"1";""
"202200003788";"807 250";"B01";"3";"7";"0";"2";"2";"1";"1";""
"202200003789";"807 248";"A01";"2";"7";"0";"1";"2";"1";"1";""
"202200003790";"807 247";"A01";"1";"7";"0";"2";"1";"1";"1";""
"202200003790";"807 249";"B01";"3";"99";"0";"2";"7";"1";"3";""
"202200003791";"807 244";"A01";"1";"43";"14";"0";"1";"6";"1";""
"202200003792";"807 241";"B01";"2";"33";"0";"2";"2";"17";"1";""
"202200003792";"807 243";"A01";"2";"7";"0";"2";"3";"15";"1";""
"202200003793";"807 239";"A01";"1";"7";"13";"0";"1";"0";"1";""
"202200003794";"807 236";"B01";"3";"7";"0";"2";"1";"1";"1";""
"202200003794";"807 240";"A01";"3";"32";"0";"2";"7";"1";"1";""
"202200003795";"807 233";"A01";"1";"7";"0";"2";"2";"14";"1";""
"202200003795";"807 238";"B01";"1";"7";"0";"2";"6";"1";"1";""
"202200003795";"807 242";"C01";"1";"7";"0";"2";"1";"1";"1";""
"202200003796";"807 234";"B01";"3";"2";"0";"2";"1";"17";"1";""
"202200003796";"807 237";"A01";"3";"7";"0";"2";"8";"15";"1";""
"202200003797";"807 232";"A01";"1";"7";"0";"2";"1";"1";"1";""
"202200003797";"807 235";"B01";"2";"7";"0";"2";"8";"9";"1";""
"202200003798";"807 227";"B01";"1";"10";"0";"2";"4";"1";"1";""
"202200003798";"807 230";"A01";"1";"33";"0";"2";"1";"1";"1";""
"202200003799";"807 229";"B01";"2";"1";"0";"2";"4";"15";"5";""
"202200003799";"807 231";"A01";"2";"34";"0";"2";"1";"17";"1";""
"202200003800";"807 226";"B01";"1";"32";"0";"2";"3";"1";"1";""
"202200003800";"807 228";"A01";"2";"7";"0";"2";"1";"15";"1";""
"202200003801";"807 224";"B01";"3";"10";"0";"2";"3";"9";"1";""
"202200003801";"807 225";"A01";"2";"3";"0";"2";"3";"1";"1";""
"202200003802";"807 222";"A01";"3";"32";"8";"0";"0";"0";"1";""
"202200003803";"807 223";"A01";"0";"7";"0";"1";"2";"0";"0";""
"202200003804";"807 221";"A01";"1";"10";"0";"1";"3";"15";"1";""
"202200003805";"807 219";"A01";"2";"10";"8";"2";"3";"15";"1";""
"202200003805";"807 220";"B01";"2";"32";"0";"2";"1";"11";"1";""
"202200003806";"807 217";"A01";"2";"50";"1";"0";"1";"14";"3";""
"202200003807";"807 213";"A01";"2";"7";"0";"2";"1";"0";"1";""
"202200003807";"807 216";"B01";"2";"10";"0";"2";"1";"23";"1";""
"202200003808";"807 214";"B01";"2";"33";"0";"2";"1";"1";"1";""
"202200003808";"807 218";"A01";"2";"7";"0";"2";"6";"11";"1";""
"202200003809";"807 212";"A01";"1";"7";"0";"2";"2";"2";"1";""
"202200003809";"807 215";"B01";"1";"7";"0";"0";"4";"23";"1";""
"202200003810";"807 210";"A01";"1";"7";"15";"0";"1";"1";"1";""
"202200003811";"807 208";"B01";"2";"7";"0";"2";"1";"1";"1";""
"202200003811";"807 211";"A01";"2";"7";"0";"2";"7";"1";"1";""
"202200003812";"807 207";"B01";"3";"1";"0";"2";"1";"1";"5";""
"202200003812";"807 209";"A01";"2";"10";"0";"2";"7";"23";"1";""
"202200003813";"807 203";"A01";"1";"7";"1";"0";"3";"24";"1";""
"202200003813";"807 206";"B01";"1";"33";"0";"2";"1";"21";"1";""
"202200003814";"807 199";"B01";"2";"1";"1";"0";"1";"1";"5";""
"202200003814";"807 201";"A01";"2";"7";"0";"2";"8";"22";"1";""
"202200003815";"807 200";"B01";"1";"32";"0";"2";"2";"1";"1";""
"202200003815";"807 202";"A01";"1";"10";"0";"2";"8";"15";"1";""
"202200003816";"807 195";"B01";"2";"7";"0";"2";"1";"1";"1";""
"202200003816";"807 197";"A01";"2";"7";"0";"2";"3";"9";"1";""
"202200003817";"807 196";"B01";"2";"33";"0";"2";"3";"1";"1";""
"202200003817";"807 198";"A01";"2";"38";"0";"2";"2";"12";"1";"1"
"202200003818";"807 192";"B01";"0";"10";"0";"2";"7";"1";"1";""
"202200003818";"807 194";"A01";"0";"50";"0";"2";"8";"15";"3";""
"202200003819";"807 191";"B01";"2";"7";"0";"2";"6";"2";"2";""
"202200003819";"807 193";"A01";"2";"1";"0";"2";"6";"2";"5";""
"202200003820";"807 188";"A01";"1";"7";"0";"2";"0";"15";"1";""
"202200003820";"807 190";"B01";"2";"1";"0";"2";"0";"1";"5";""
"202200003821";"807 187";"A01";"3";"7";"0";"1";"7";"1";"1";""
"202200003822";"807 186";"A01";"2";"30";"0";"2";"1";"1";"1";""
"202200003822";"807 189";"B01";"1";"7";"0";"2";"8";"1";"1";""
"202200003823";"807 180";"B01";"2";"7";"0";"2";"0";"0";"1";""
"202200003823";"807 183";"A01";"2";"7";"0";"2";"3";"1";"1";""
"202200003824";"807 179";"A01";"3";"30";"0";"2";"8";"2";"3";""
"202200003824";"807 181";"B01";"3";"7";"0";"2";"2";"2";"3";""
"202200003825";"807 176";"A01";"1";"7";"0";"2";"3";"15";"1";""
"202200003825";"807 184";"B01";"2";"1";"0";"2";"2";"9";"5";""
"202200003826";"807 182";"A01";"2";"7";"0";"2";"2";"16";"1";""
"202200003826";"807 185";"B01";"2";"1";"0";"2";"1";"1";"5";""
"202200003827";"807 175";"B01";"2";"7";"9";"2";"5";"1";"1";""
"202200003827";"807 178";"A01";"2";"7";"0";"2";"1";"1";"1";""
"202200003828";"807 173";"A01";"2";"7";"0";"2";"7";"1";"1";""
"202200003828";"807 177";"B01";"1";"7";"0";"2";"1";"1";"1";""
"202200003829";"807 172";"A01";"3";"7";"0";"2";"3";"19";"1";""
"202200003829";"807 174";"B01";"2";"10";"0";"2";"2";"1";"1";""
"202200003830";"807 169";"A01";"1";"30";"0";"2";"1";"2";"3";""
"202200003830";"807 171";"B01";"1";"7";"0";"2";"4";"23";"2";""
"202200003831";"807 166";"B01";"1";"50";"0";"2";"4";"1";"3";""
"202200003831";"807 170";"A01";"1";"7";"0";"9";"1";"1";"1";""
"202200003832";"807 165";"A01";"2";"7";"0";"2";"1";"1";"1";""
"202200003832";"807 167";"B01";"2";"1";"0";"2";"1";"1";"5";""
"202200003833";"807 164";"A01";"1";"7";"0";"1";"3";"1";"1";""
"202200003834";"807 163";"A01";"1";"33";"0";"1";"1";"1";"1";""
"202200003835";"807 159";"A01";"1";"32";"15";"0";"1";"1";"1";""
"202200003836";"807 160";"A01";"2";"20";"0";"2";"4";"1";"1";""
"202200003836";"807 161";"B01";"2";"33";"0";"2";"1";"1";"1";""
"202200003837";"807 157";"A01";"1";"50";"1";"0";"1";"14";"3";""
"202200003838";"807 158";"B01";"3";"1";"0";"2";"3";"25";"5";""
"202200003838";"807 162";"A01";"2";"7";"0";"2";"2";"1";"1";""
"202200003839";"807 155";"A01";"2";"7";"0";"1";"2";"16";"1";""
"202200003840";"807 151";"B01";"3";"1";"0";"2";"8";"19";"5";""
"202200003840";"807 154";"A01";"2";"7";"0";"2";"1";"1";"1";""
"202200003841";"807 150";"B01";"1";"10";"0";"2";"4";"2";"1";""
"202200003841";"807 152";"A01";"1";"33";"0";"2";"1";"2";"1";""
"202200003842";"807 145";"A01";"2";"2";"0";"2";"1";"1";"1";""
"202200003842";"807 147";"B01";"1";"7";"0";"2";"1";"15";"1";""
"202200003843";"807 144";"A01";"1";"7";"0";"1";"1";"1";"1";""
"202200003844";"807 141";"A01";"1";"14";"0";"2";"2";"2";"1";""
"202200003844";"807 142";"B01";"1";"7";"0";"2";"4";"2";"1";""
"202200003845";"807 143";"A01";"1";"7";"0";"4";"7";"16";"1";""
"202200003845";"807 146";"B01";"1";"40";"0";"2";"8";"1";"3";""
"202200003846";"807 138";"A01";"2";"7";"13";"0";"1";"13";"1";""
"202200003847";"807 140";"A01";"1";"33";"0";"9";"0";"0";"1";""
"202200003848";"807 137";"A01";"1";"1";"16";"0";"1";"1";"5";""
"202200003849";"807 135";"A01";"1";"7";"2";"0";"1";"13";"0";""
"202200003850";"807 136";"B01";"2";"99";"9";"0";"0";"0";"3";""
"202200003850";"807 139";"A01";"3";"7";"0";"2";"1";"2";"1";""
"202200003851";"807 134";"Z01";"1";"7";"0";"1";"0";"1";"0";""
"202200003852";"807 132";"A01";"1";"31";"11";"0";"1";"1";"1";""
"202200003853";"807 131";"A01";"2";"7";"0";"2";"3";"9";"1";""
"202200003853";"807 133";"B01";"2";"7";"0";"2";"2";"1";"1";""
"202200003854";"807 130";"A01";"1";"7";"0";"1";"7";"16";"1";""
"202200003855";"807 128";"B01";"2";"37";"0";"2";"2";"7";"1";"1"
"202200003855";"807 129";"A01";"2";"7";"0";"2";"8";"8";"1";""
"202200003856";"807 126";"A01";"1";"7";"0";"1";"2";"1";"1";""
"202200003857";"807 124";"A01";"1";"7";"0";"9";"2";"2";"1";""
"202200003857";"807 127";"B01";"1";"1";"0";"0";"4";"2";"5";""
"202200003858";"807 123";"A01";"3";"7";"0";"2";"3";"9";"2";""
"202200003858";"807 125";"B01";"0";"34";"0";"2";"1";"17";"1";""
"202200003859";"807 121";"A01";"1";"33";"0";"0";"2";"1";"1";""
"202200003860";"807 120";"A01";"1";"7";"0";"1";"2";"1";"3";""
"202200003861";"807 119";"A01";"1";"43";"0";"2";"8";"2";"1";""
"202200003861";"807 122";"B01";"1";"30";"0";"2";"0";"0";"1";""
"202200003862";"807 118";"A01";"1";"7";"5";"0";"2";"14";"1";""
"202200003863";"807 115";"B01";"2";"7";"0";"2";"3";"11";"1";""
"202200003863";"807 117";"Z01";"2";"7";"0";"2";"1";"1";"1";""
"202200003864";"807 113";"A01";"3";"7";"0";"2";"3";"15";"1";""
"202200003864";"807 116";"B01";"3";"30";"0";"2";"1";"25";"1";""
"202200003865";"807 110";"C01";"2";"10";"0";"2";"8";"1";"1";""
"202200003865";"807 111";"B01";"2";"7";"0";"2";"6";"23";"1";""
"202200003865";"807 114";"A01";"2";"7";"0";"2";"1";"1";"1";""
"202200003866";"807 108";"A01";"1";"10";"0";"1";"3";"1";"1";""
"202200003867";"807 106";"B01";"1";"7";"0";"2";"3";"15";"1";""
"202200003867";"807 109";"A01";"1";"7";"6";"2";"4";"17";"1";""
"202200003868";"807 105";"B01";"1";"7";"0";"2";"1";"1";"1";""
"202200003868";"807 107";"A01";"2";"7";"0";"2";"5";"15";"1";""
"202200003868";"807 112";"C01";"1";"7";"0";"2";"3";"1";"1";""
"202200003869";"807 103";"A01";"2";"7";"0";"1";"1";"26";"0";""
"202200003870";"807 100";"A01";"1";"7";"0";"2";"1";"0";"1";""
"202200003870";"807 102";"B01";"2";"30";"0";"2";"1";"1";"1";""
"202200003871";"807 097";"A01";"2";"7";"0";"1";"1";"15";"1";""
"202200003872";"807 098";"B01";"1";"7";"0";"2";"4";"2";"1";""
"202200003872";"807 099";"A01";"1";"7";"0";"2";"1";"2";"1";""
"202200003873";"807 096";"A01";"2";"7";"6";"0";"2";"26";"1";""
"202200003874";"807 101";"A01";"0";"7";"0";"0";"0";"1";"2";""
"202200003874";"807 104";"B01";"0";"50";"0";"2";"1";"25";"3";""
"202200003875";"807 091";"B01";"3";"33";"0";"2";"8";"1";"1";""
"202200003875";"807 092";"A01";"3";"7";"0";"2";"1";"13";"1";""
"202200003876";"807 093";"B01";"1";"33";"0";"2";"1";"2";"1";""
"202200003876";"807 095";"A01";"2";"7";"0";"2";"2";"10";"1";""
"202200003877";"807 088";"A01";"3";"1";"0";"0";"0";"1";"5";""
"202200003878";"807 085";"B01";"2";"33";"0";"2";"2";"17";"1";""
"202200003878";"807 086";"A01";"2";"7";"0";"2";"3";"15";"1";""
"202200003879";"807 084";"A01";"2";"7";"6";"0";"1";"19";"1";""
"202200003880";"807 087";"C01";"2";"7";"0";"2";"4";"2";"1";""
"202200003880";"807 090";"B01";"2";"7";"0";"2";"4";"2";"1";""
"202200003880";"807 094";"A01";"2";"7";"0";"2";"1";"2";"1";""
"202200003881";"807 082";"A01";"1";"50";"0";"0";"0";"1";"3";""
"202200003882";"807 081";"A01";"1";"7";"0";"2";"2";"2";"1";""
"202200003882";"807 089";"B01";"1";"2";"0";"2";"7";"2";"1";""
"202200003883";"807 080";"B01";"2";"1";"12";"2";"8";"1";"5";""
"202200003883";"807 083";"A01";"2";"14";"0";"2";"7";"20";"1";""
"202200003884";"807 077";"B01";"0";"1";"0";"2";"3";"1";"5";""
"202200003884";"807 078";"A01";"0";"7";"0";"9";"2";"9";"1";""
"202200003885";"807 076";"A01";"3";"7";"0";"1";"7";"12";"1";""
"202200003886";"807 075";"A01";"1";"33";"0";"2";"1";"14";"1";""
"202200003886";"807 079";"B01";"1";"7";"0";"2";"4";"1";"1";""
"202200003887";"807 073";"A01";"3";"7";"0";"1";"1";"1";"1";""
"202200003888";"807 072";"B01";"2";"2";"0";"2";"2";"2";"1";""
"202200003888";"807 074";"A01";"2";"7";"0";"2";"3";"15";"1";""
"202200003889";"807 070";"A01";"1";"7";"2";"1";"3";"19";"1";""
"202200003890";"807 069";"B01";"1";"32";"0";"2";"3";"1";"1";""
"202200003890";"807 071";"A01";"1";"7";"0";"2";"5";"16";"1";""
"202200003891";"807 067";"A01";"1";"7";"1";"0";"2";"1";"1";""
"202200003892";"807 066";"B01";"2";"33";"0";"2";"8";"16";"1";""
"202200003892";"807 068";"A01";"1";"7";"0";"2";"2";"2";"1";""
"202200003893";"807 064";"B01";"2";"7";"0";"2";"3";"1";"1";""
"202200003893";"807 065";"A01";"1";"7";"0";"2";"1";"15";"1";""
"202200003894";"807 062";"B01";"1";"7";"0";"2";"3";"24";"1";""
"202200003894";"807 063";"A01";"1";"1";"1";"0";"1";"15";"5";""
"202200003895";"807 061";"A01";"2";"30";"1";"0";"7";"14";"3";""
"202200003896";"807 058";"B01";"3";"50";"0";"2";"1";"1";"3";""
"202200003896";"807 060";"A01";"3";"7";"0";"2";"6";"9";"1";""
"202200003897";"807 053";"Z01";"1";"7";"0";"2";"0";"1";"0";""
"202200003897";"807 055";"A01";"1";"2";"0";"2";"4";"1";"1";""
"202200003898";"807 052";"D01";"1";"7";"0";"2";"4";"2";"1";""
"202200003898";"807 054";"C01";"1";"7";"0";"2";"4";"2";"1";""
"202200003898";"807 057";"B01";"1";"7";"0";"2";"4";"2";"1";""
"202200003898";"807 059";"A01";"1";"10";"0";"2";"1";"2";"1";""
"202200003899";"807 051";"A01";"1";"33";"0";"2";"2";"1";"1";""
"202200003899";"807 056";"B01";"1";"7";"0";"2";"3";"16";"1";""
"202200003900";"807 049";"B01";"2";"7";"0";"2";"3";"15";"1";""
"202200003900";"807 050";"A01";"2";"30";"0";"2";"7";"1";"1";""
"202200003901";"807 044";"B01";"3";"7";"0";"2";"5";"1";"1";""
"202200003901";"807 046";"A01";"3";"7";"0";"2";"4";"1";"1";""
"202200003902";"807 043";"A01";"1";"30";"0";"2";"5";"17";"3";""
"202200003902";"807 045";"B01";"1";"30";"0";"2";"3";"1";"3";""
"202200003903";"807 042";"A01";"2";"7";"0";"1";"4";"26";"1";""
"202200003904";"807 047";"A01";"1";"33";"0";"2";"2";"1";"1";""
"202200003904";"807 048";"Y01";"1";"60";"0";"2";"3";"0";"5";""