"Num_Acc";"id_vehicule";"num_veh";"senc";"catv";"obs";"obsm";"choc";"manv";"motor";"occutc"
"202200004319";"806 274";"A01";"1";"7";"0";"1";"0";"16";"1";""
"202200004320";"806 273";"A01";"1";"7";"0";"1";"1";"13";"1";""
"202200004321";"806 271";"A01";"1";"7";"14";"2";"5";"1";"1";""
"202200004321";"806 272";"B01";"1";"1";"1";"2";"8";"11";"5";""
"202200004322";"806 267";"A01";"3";"31";"0";"2";"1";"13";"1";""
"202200004322";"806 269";"B01";"3";"7";"0";"2";"3";"1";"0";""
"202200004323";"806 268";"B01";"1";"1";"0";"2";"0";"1";"5";""
"202200004323";"806 270";"A01";"1";"7";"0";"2";"0";"1";"1";""
"202200004324";"806 264";"A01";"3";"10";"0";"2";"1";"15";"1";""
"202200004324";"806 266";"B01";"3";"99";"0";"2";"1";"1";"0";""
"202200004325";"806 265";"A01";"1";"7";"0";"1";"5";"17";"1";""
"202200004326";"806 263";"A01";"1";"7";"1";"0";"2";"1";"1";""
"202200004327";"806 260";"B01";"1";"7";"9";"2";"4";"23";"1";""
"202200004327";"806 261";"A01";"1";"7";"9";"2";"1";"1";"1";""
"202200004328";"806 259";"A01";"3";"1";"0";"0";"0";"0";"5";""
"202200004328";"806 262";"Z01";"0";"7";"0";"9";"0";"0";"0";""
"202200004329";"806 257";"A01";"2";"7";"0";"1";"1";"1";"1";""
"202200004330";"806 256";"B01";"2";"7";"0";"2";"3";"15";"1";""
"202200004330";"806 258";"A01";"2";"2";"0";"2";"3";"13";"1";""
"202200004331";"806 252";"A01";"1";"7";"0";"0";"0";"9";"1";""
"202200004332";"806 248";"A01";"3";"10";"0";"1";"2";"1";"1";""
"202200004333";"806 247";"G01";"1";"7";"0";"2";"0";"1";"1";""
"202200004333";"806 249";"F01";"1";"7";"14";"2";"0";"1";"1";""
"202200004333";"806 250";"E01";"1";"7";"14";"2";"5";"1";"1";""
"202200004333";"806 251";"D01";"1";"7";"0";"2";"0";"0";"1";""
"202200004333";"806 253";"C01";"1";"7";"0";"2";"0";"1";"1";""
"202200004333";"806 254";"B01";"1";"10";"0";"2";"0";"1";"1";""
"202200004333";"806 255";"A01";"1";"15";"14";"0";"1";"1";"1";""
"202200004334";"806 244";"A01";"1";"7";"0";"2";"6";"1";"1";""
"202200004334";"806 246";"B01";"1";"2";"0";"2";"2";"1";"1";""
"202200004335";"806 243";"B01";"3";"7";"0";"2";"3";"1";"1";""
"202200004335";"806 245";"A01";"3";"7";"0";"2";"5";"17";"1";""
"202200004336";"806 242";"A01";"1";"7";"0";"1";"1";"1";"1";""
"202200004337";"806 241";"A01";"1";"7";"6";"0";"1";"15";"0";""
"202200004338";"806 240";"A01";"1";"7";"1";"1";"1";"1";"1";""
"202200004339";"806 238";"A01";"3";"2";"6";"0";"1";"13";"1";""
"202200004340";"806 235";"B01";"0";"10";"0";"2";"3";"26";"1";""
"202200004340";"806 237";"A01";"1";"33";"0";"2";"3";"25";"1";""
"202200004341";"806 236";"A01";"3";"10";"0";"2";"1";"1";"1";""
"202200004341";"806 239";"B01";"3";"7";"0";"2";"2";"19";"1";""
"202200004342";"806 232";"A01";"1";"32";"0";"2";"7";"17";"1";""
"202200004342";"806 234";"B01";"2";"7";"0";"2";"1";"15";"1";""
"202200004343";"806 233";"A01";"2";"7";"0";"1";"3";"2";"1";""
"202200004344";"806 231";"A01";"2";"7";"0";"1";"1";"1";"1";""
"202200004345";"806 230";"A01";"1";"7";"8";"1";"2";"14";"1";""
"202200004346";"806 228";"B01";"3";"10";"0";"2";"3";"1";"1";""
"202200004346";"806 229";"A01";"0";"7";"0";"2";"3";"1";"1";""
"202200004347";"806 227";"A01";"1";"7";"0";"1";"7";"1";"1";""
"202200004348";"806 223";"A01";"1";"7";"0";"2";"4";"4";"1";""
"202200004348";"806 226";"B01";"1";"1";"0";"2";"7";"1";"5";""
"202200004349";"806 224";"A01";"1";"14";"0";"0";"2";"14";"1";""
"202200004349";"806 225";"B01";"1";"32";"0";"0";"3";"1";"1";""
"202200004350";"806 221";"A01";"3";"13";"0";"1";"1";"1";"1";""
"202200004351";"806 220";"B01";"3";"1";"0";"2";"7";"1";"5";""
"202200004351";"806 222";"A01";"3";"7";"0";"2";"1";"9";"1";""
"202200004352";"806 218";"A01";"0";"40";"0";"1";"3";"1";"0";""
"202200004353";"806 217";"B01";"2";"33";"16";"2";"1";"12";"1";""
"202200004353";"806 219";"A01";"0";"10";"0";"2";"1";"9";"1";""
"202200004354";"806 216";"A01";"3";"7";"0";"1";"2";"1";"1";""
"202200004355";"806 213";"A01";"1";"7";"0";"2";"1";"1";"1";""
"202200004355";"806 215";"B01";"1";"50";"0";"2";"7";"1";"3";""
"202200004356";"806 212";"B01";"2";"30";"0";"2";"1";"1";"1";""
"202200004356";"806 214";"A01";"1";"7";"0";"2";"1";"15";"3";""
"202200004357";"806 208";"B01";"3";"30";"0";"2";"0";"0";"1";""
"202200004357";"806 210";"A01";"3";"7";"0";"2";"7";"22";"1";""
"202200004358";"806 209";"B01";"2";"1";"0";"2";"1";"1";"5";""
"202200004358";"806 211";"A01";"2";"7";"0";"2";"1";"15";"1";""
"202200004359";"806 206";"B01";"1";"7";"0";"2";"3";"2";"1";""
"202200004359";"806 207";"A01";"1";"7";"0";"2";"1";"2";"1";""
"202200004360";"806 205";"Z01";"2";"0";"0";"1";"0";"0";"0";""
"202200004361";"806 203";"A01";"1";"33";"0";"0";"8";"21";"1";""
"202200004361";"806 204";"Z01";"1";"7";"0";"0";"0";"12";"0";""
"202200004362";"806 201";"B01";"2";"31";"0";"2";"1";"1";"1";""
"202200004362";"806 202";"A01";"1";"7";"0";"2";"5";"15";"1";""
"202200004363";"806 200";"A01";"1";"50";"0";"0";"1";"21";"3";""
"202200004364";"806 197";"B01";"1";"50";"0";"2";"0";"1";"3";""
"202200004364";"806 198";"A01";"1";"1";"12";"2";"7";"17";"5";""
"202200004365";"806 195";"C01";"1";"7";"0";"2";"1";"0";"1";""
"202200004365";"806 196";"B01";"1";"7";"0";"2";"4";"2";"1";""
"202200004365";"806 199";"A01";"1";"7";"0";"2";"1";"2";"1";""
"202200004366";"806 194";"A01";"1";"50";"0";"1";"1";"1";"3";""
"202200004367";"806 190";"B01";"3";"7";"0";"2";"3";"1";"2";""
"202200004367";"806 192";"A01";"3";"1";"0";"2";"0";"1";"5";""
"202200004368";"806 191";"B01";"2";"7";"0";"2";"1";"1";"1";""
"202200004368";"806 193";"A01";"1";"7";"0";"2";"2";"15";"1";""
"202200004369";"806 187";"B01";"3";"7";"0";"2";"3";"23";"1";""
"202200004369";"806 188";"A01";"3";"1";"0";"2";"1";"1";"5";""
"202200004370";"806 186";"B01";"1";"37";"0";"2";"1";"0";"1";"1"
"202200004370";"806 189";"A01";"1";"7";"0";"9";"8";"1";"1";""
"202200004371";"806 185";"A01";"1";"10";"0";"1";"4";"4";"6";""
"202200004372";"806 184";"A01";"1";"7";"8";"0";"1";"13";"1";""
"202200004373";"806 182";"A01";"2";"38";"10";"0";"2";"14";"1";"1"
"202200004374";"806 181";"B01";"1";"1";"0";"2";"1";"22";"5";""
"202200004374";"806 183";"A01";"1";"7";"0";"0";"7";"1";"1";""
"202200004375";"806 177";"Z01";"2";"7";"0";"2";"1";"2";"1";""
"202200004375";"806 179";"A01";"2";"1";"0";"2";"4";"2";"5";""
"202200004376";"806 176";"C01";"2";"7";"1";"0";"0";"0";"1";""
"202200004376";"806 178";"B01";"2";"37";"0";"2";"2";"0";"1";"1"
"202200004376";"806 180";"A01";"2";"30";"0";"2";"3";"9";"1";""
"202200004377";"806 175";"A01";"1";"30";"0";"1";"1";"1";"1";""
"202200004378";"806 171";"B01";"3";"1";"0";"2";"2";"1";"5";""
"202200004378";"806 173";"A01";"3";"7";"0";"9";"6";"11";"1";""
"202200004379";"806 170";"B01";"3";"1";"0";"2";"8";"12";"5";""
"202200004379";"806 172";"A01";"3";"43";"0";"2";"2";"16";"1";""
"202200004380";"806 169";"A01";"2";"1";"0";"0";"0";"9";"5";""
"202200004381";"806 168";"A01";"2";"7";"2";"0";"7";"1";"1";""
"202200004382";"806 165";"A01";"2";"30";"0";"2";"1";"17";"3";""
"202200004382";"806 167";"B01";"2";"31";"0";"2";"3";"23";"1";""
"202200004383";"806 166";"A01";"2";"7";"13";"0";"0";"16";"1";""
"202200004384";"806 162";"A01";"1";"7";"0";"2";"5";"17";"2";""
"202200004384";"806 164";"B01";"1";"50";"0";"2";"3";"13";"3";""
"202200004385";"806 161";"B01";"1";"7";"0";"2";"1";"1";"1";""
"202200004385";"806 163";"A01";"2";"7";"0";"2";"1";"5";"1";""
"202200004386";"806 160";"A01";"1";"50";"0";"0";"0";"1";"3";""
"202200004387";"806 158";"B01";"2";"7";"0";"2";"1";"1";"1";""
"202200004387";"806 159";"A01";"3";"7";"0";"2";"1";"15";"1";""
"202200004388";"806 157";"A01";"2";"34";"0";"0";"1";"1";"1";""
"202200004389";"806 155";"B01";"1";"3";"0";"2";"1";"1";"1";""
"202200004389";"806 156";"A01";"1";"7";"0";"2";"1";"1";"1";""
"202200004390";"806 153";"A01";"3";"1";"0";"9";"8";"13";"5";""
"202200004390";"806 154";"B01";"3";"80";"0";"9";"7";"2";"3";""
"202200004391";"806 151";"B01";"1";"7";"0";"2";"4";"23";"1";""
"202200004391";"806 152";"A01";"1";"7";"0";"2";"1";"2";"1";""
"202200004392";"806 149";"B01";"1";"2";"0";"2";"2";"17";"1";""
"202200004392";"806 150";"A01";"1";"7";"0";"2";"6";"10";"1";""
"202200004393";"806 147";"B01";"3";"7";"0";"2";"1";"2";"1";""
"202200004393";"806 148";"A01";"3";"7";"0";"2";"4";"23";"1";""
"202200004394";"806 146";"A01";"1";"7";"0";"1";"4";"4";"1";""
"202200004395";"806 144";"A01";"2";"7";"0";"2";"6";"15";"1";""
"202200004395";"806 145";"B01";"3";"33";"0";"2";"1";"1";"1";""
"202200004396";"806 142";"A01";" -1";"10";"0";"9";"4";"2";"1";""
"202200004396";"806 143";"B01";" -1";"10";"0";"0";"0";"0";"1";""
"202200004397";"806 141";"A01";"1";"7";"2";"0";"8";"1";"1";""
"202200004398";"806 139";"B01";"3";"7";"1";"2";"2";"0";"1";""
"202200004398";"806 140";"A01";"3";"10";"6";"2";"3";"2";"1";""
"202200004399";"806 137";"B01";"3";"80";"0";"2";"8";"15";"3";""
"202200004399";"806 138";"A01";"1";"7";"0";"2";"3";"9";"1";""
"202200004400";"806 135";"B01";"1";"2";"0";"2";"1";"8";"1";""
"202200004400";"806 136";"A01";"2";"7";"0";"2";"1";"1";"1";""
"202200004401";"806 133";"A01";"1";"33";"0";"2";"1";"1";"1";""
"202200004401";"806 134";"B01";"3";"10";"0";"2";"2";"9";"1";""
"202200004402";"806 132";"A01";"3";"7";"0";"1";"1";"1";"0";""
"202200004403";"806 130";"A01";"1";"7";"0";"2";"3";"1";"1";""
"202200004403";"806 131";"B01";"1";"7";"0";"2";"3";"1";"1";""
"202200004404";"806 128";"B01";"1";"33";"0";"2";"4";"23";"1";""
"202200004404";"806 129";"A01";"1";"7";"0";"2";"3";"2";"1";""
"202200004405";"806 126";"A01";"2";"17";"0";"2";"2";"16";"1";""
"202200004405";"806 127";"B01";"2";"1";"0";"2";"8";"2";"5";""
"202200004406";"806 124";"B01";"2";"0";"0";"0";"0";"0";"0";""
"202200004406";"806 125";"A01";"2";"50";"0";"0";"4";"1";"3";""
"202200004407";"806 122";"B01";"1";"7";"0";"2";"4";"2";"1";""
"202200004407";"806 123";"A01";"1";"10";"0";"2";"1";"2";"1";""
"202200004408";"806 120";"B01";"1";"32";"0";"2";"7";"1";"1";""
"202200004408";"806 121";"A01";"1";"7";"0";"2";"8";"15";"1";""
"202200004409";"806 119";"A01";"1";"7";"0";"1";"7";"1";"1";""
"202200004410";"806 116";"B01";"1";"43";"0";"2";"2";"1";"1";""
"202200004410";"806 118";"A01";"1";"7";"0";"2";"3";"9";"1";""
"202200004411";"806 115";"A01";"2";"1";"0";"2";"1";"2";"5";""
"202200004411";"806 117";"B01";"2";"7";"0";"2";"5";"23";"1";""
"202200004412";"806 112";"B01";"2";"7";"0";"2";"1";"1";"1";""
"202200004412";"806 113";"A01";"1";"7";"0";"2";"1";"13";"1";""
"202200004413";"806 114";"A01";"2";"1";"0";"0";"2";"1";"5";""
"202200004414";"806 110";"A01";"2";"7";"0";"1";"3";"2";"1";""
"202200004415";"806 109";"B01";"2";"1";"0";"2";"6";"1";"5";""
"202200004415";"806 111";"A01";"2";"7";"0";"2";"2";"2";"1";""
"202200004416";"806 106";"A01";"1";"7";"0";"2";"1";"1";"1";""
"202200004416";"806 107";"B01";"2";"7";"0";"2";"1";"1";"1";""
"202200004417";"806 104";"B01";"2";"34";"0";"0";"2";"2";"0";""
"202200004417";"806 108";"A01";"2";"3";"0";"2";"3";"15";"1";""
"202200004418";"806 102";"A01";"2";"99";"0";"0";"1";"1";"3";""
"202200004419";"806 100";"B01";"2";"7";"0";"2";"5";"2";"1";""
"202200004419";"806 101";"A01";"2";"10";"15";"2";"3";"2";"1";""
"202200004420";"806 103";"D01";"0";"7";"0";"2";"3";"1";"1";""
"202200004420";"806 105";"A01";"2";"10";"0";"2";"3";"15";"1";""
"202200004421";"806 099";"A01";"1";"7";"0";"0";"0";"1";"0";""
"202200004422";"806 097";"A01";"3";"21";"0";"2";"1";"1";"1";""
"202200004422";"806 098";"B01";"3";"30";"0";"2";"1";"1";"1";""
"202200004423";"806 094";"C01";"1";"7";"0";"2";"1";"1";"1";""
"202200004423";"806 095";"B01";"2";"10";"0";"2";"6";"15";"1";""
"202200004423";"806 096";"A01";"2";"7";"0";"2";"1";"2";"1";""
"202200004424";"806 092";"A01";"1";"16";"0";"2";"3";"19";"1";""
"202200004424";"806 093";"B01";"2";"7";"0";"2";"6";"1";"1";""
"202200004425";"806 091";"A01";"2";"1";"1";"0";"2";"1";"5";""
"202200004426";"806 088";"A01";"1";"7";"0";"2";"3";"13";"1";""
"202200004426";"806 089";"B01";"2";"7";"15";"2";"1";"1";"1";""
"202200004426";"806 090";"C01";"2";"7";"0";"2";"1";"1";"1";""
"202200004427";"806 085";"A01";"2";"17";"0";"2";"3";"13";"1";""
"202200004427";"806 086";"B01";"2";"7";"0";"2";"7";"1";"1";""
"202200004427";"806 087";"C01";"2";"7";"4";"2";"2";"1";"1";""
"202200004428";"806 083";"B01";"2";"7";"0";"2";"8";"1";"1";""
"202200004428";"806 084";"A01";"1";"7";"0";"2";"3";"13";"1";""
"202200004429";"806 082";"A01";"3";"1";"0";"1";"1";"1";"5";""
"202200004430";"806 081";"A01";"2";"7";"3";"0";"2";"14";"1";""
"202200004431";"806 078";"B01";"1";"7";"0";"2";"4";"2";"1";""
"202200004431";"806 079";"A01";"1";"7";"0";"2";"1";"2";"1";""
"202200004432";"806 076";"A01";"2";"7";"0";"2";"1";"13";"1";""
"202200004432";"806 077";"B01";"1";"7";"0";"2";"1";"1";"1";""
"202200004433";"806 075";"A01";"2";"7";"0";"0";"0";"1";"1";""
"202200004434";"806 074";"A01";"3";"7";"13";"0";"1";"13";"1";""
"202200004435";"806 072";"B01";"1";"7";"0";"2";"3";"1";"1";""
"202200004435";"806 073";"A01";"2";"33";"0";"2";"3";"0";"0";""
"202200004436";"806 070";"B01";"2";"21";"0";"0";"3";"1";"1";""
"202200004436";"806 071";"A01";"1";"7";"0";"0";"3";"1";"1";""
"202200004437";"806 069";"A01";"1";"7";"0";"1";"3";"1";"1";""
"202200004438";"806 068";"A01";"2";"7";"13";"0";"1";"1";"1";""
"202200004439";"806 066";"B01";"1";"7";"0";"2";"3";"1";"1";""
"202200004439";"806 067";"A01";"2";"3";"0";"2";"1";"13";"1";""
"202200004440";"806 064";"A01";"1";"33";"0";"2";"5";"17";"1";""
"202200004440";"806 065";"B01";"1";"7";"0";"2";"3";"15";"2";""
"202200004441";"806 062";"B01";"2";"10";"0";"2";"3";"1";"1";""
"202200004441";"806 063";"A01";"1";"7";"0";"2";"3";"13";"1";""
"202200004442";"806 059";"C01";"2";"7";"0";"2";"6";"1";"1";""
"202200004442";"806 060";"B01";"2";"10";"0";"2";"1";"1";"1";""
"202200004442";"806 061";"A01";"1";"7";"0";"2";"1";"13";"1";""
"202200004443";"806 058";"A01";"0";"33";"0";"0";"8";"0";"1";""
"202200004444";"806 057";"A01";"0";"7";"2";"0";"1";"1";"1";""
"202200004445";"806 055";"B01";"3";"10";"0";"2";"1";"1";"1";""
"202200004445";"806 056";"A01";"3";"7";"13";"2";"2";"17";"1";""
"202200004446";"806 051";"C01";"1";"7";"0";"2";"0";"0";"1";""
"202200004446";"806 052";"B01";"1";"7";"4";"2";"1";"13";"1";""
"202200004446";"806 053";"A01";"1";"7";"0";"2";"4";"0";"1";""
"202200004447";"806 049";"B01";"3";"7";"0";"2";"2";"1";"1";""
"202200004447";"806 050";"A01";"3";"2";"0";"2";"3";"11";"1";""
"202200004448";"806 047";"A01";"2";"21";"0";"2";"2";"9";"1";""
"202200004448";"806 048";"B01";"1";"33";"13";"2";"1";"1";"1";""
"202200004449";"806 046";"A01";"1";"7";"0";"0";"3";"1";"1";""
"202200004450";"806 043";"C01";"1";"31";"0";"2";"2";"1";"1";""
"202200004450";"806 044";"B01";"1";"7";"0";"2";"6";"1";"1";""
"202200004450";"806 045";"A01";"1";"7";"0";"0";"4";"1";"1";""
"202200004451";"806 040";"B01";"1";"7";"13";"2";"0";"13";"1";""
"202200004451";"806 041";"A01";"1";"33";"0";"0";"1";"1";"1";""
"202200004452";"806 039";"A01";"1";"31";"8";"0";"9";"1";"1";""
"202200004453";"806 037";"A01";"0";"7";"0";"2";"3";"13";"1";""
"202200004453";"806 038";"B01";"0";"7";"0";"2";"3";"1";"1";""
"202200004454";"806 036";"A01";"2";"7";"0";"1";"2";"1";"1";""
"202200004455";"806 033";"C01";"0";"1";"0";"2";"0";"21";"5";""
"202200004455";"806 034";"B01";"0";"1";"0";"2";"1";"21";"5";""
"202200004455";"806 035";"A01";"0";"1";"12";"0";"1";"1";"5";""
"202200004456";"806 031";"A01";"0";"7";"0";"1";"5";"20";"1";""
"202200004457";"806 030";"A01";"1";"7";"6";"0";"1";"14";"1";""
"202200004458";"806 029";"A01";"1";"7";"13";"0";"1";"13";"1";""
"202200004459";"806 027";"A01";"2";"7";"0";"0";"8";"9";"1";""
"202200004459";"806 028";"B01";"1";"80";"0";"2";"1";"9";"3";""
"202200004460";"806 025";"B01";"3";"10";"0";"0";"3";"1";"1";""
"202200004460";"806 026";"A01";"2";"10";"9";"0";"1";"1";"1";""
"202200004461";"806 024";"A01";"1";"33";"0";"0";"7";"23";"1";""
"202200004462";"806 022";"A01";"2";"7";"12";"2";"1";"9";"1";""
"202200004462";"806 023";"B01";"1";"7";"0";"2";"1";"15";"1";""
"202200004463";"806 021";"A01";"1";"2";"1";"1";"1";"13";"1";""
"202200004464";"806 020";"A01";"1";"7";"0";"0";"9";"1";"1";""
"202200004465";"806 019";"A01";"2";"7";"13";"0";"3";"2";"1";""
"202200004466";"806 015";"A01";"1";"7";"0";"2";"8";"17";"1";""
"202200004466";"806 016";"B01";"2";"1";"0";"2";"8";"1";"5";""
"202200004467";"806 014";"A01";"1";"7";"3";"0";"1";"1";"0";""
"202200004468";"806 012";"B01";"1";"99";"0";"2";"7";"19";"1";""
"202200004468";"806 013";"A01";"2";"7";"0";"2";"1";"1";"1";""
"202200004469";"806 011";"A01";"1";"10";"0";"1";"2";"0";"0";""
"202200004470";"806 009";"A01";"2";"7";"0";"1";"2";"1";"0";""
"202200004471";"806 007";"B01";"2";"33";"0";"2";"1";"17";"1";""
"202200004471";"806 008";"A01";"2";"14";"0";"2";"8";"15";"1";""
"202200004472";"806 006";"A01";"1";"7";"2";"0";"1";"1";"1";""
"202200004473";"806 004";"A01";"3";"7";"0";"2";"7";"19";"1";""
"202200004473";"806 005";"B01";"2";"7";"0";"2";"1";"19";"1";""
"202200004474";"805 999";"C01";"1";"7";"0";"2";"1";"2";"1";""
"202200004474";"806 000";"B01";"1";"7";"0";"0";"4";"2";"1";""
"202200004474";"806 001";"A01";"1";"7";"0";"0";"4";"2";"1";""
"202200004475";"805 998";"A01";"1";"10";"4";"0";"3";"13";"1";""
"202200004476";"805 996";"B01";"1";"10";"0";"2";"1";"13";"1";""
"202200004476";"805 997";"A01";"2";"7";"0";"2";"1";"1";"1";""
"202200004477";"805 995";"A01";"0";"2";"0";"9";"1";"1";"1";""
"202200004478";"805 993";"A01";"2";"7";"0";"2";"2";"1";"1";""
"202200004478";"805 994";"B01";"3";"50";"0";"2";"2";"23";"3";""
"202200004479";"805 991";"B01";"1";"7";"0";"2";"2";"13";"1";""
"202200004479";"805 992";"A01";"2";"7";"0";"2";"3";"1";"1";""
"202200004480";"805 989";"A01";"0";"2";"0";"0";"6";"15";"1";""
"202200004480";"805 990";"B01";"0";"7";"0";"0";"2";"17";"1";""
"202200004481";"805 988";"A01";"2";"33";"8";"0";"2";"0";"1";""
"202200004482";"805 987";"A01";"3";"1";"0";"0";"0";"0";"5";""
"202200004483";"805 985";"B01";"2";"2";"0";"2";"3";"1";"1";""
"202200004483";"805 986";"A01";"1";"7";"0";"2";"8";"13";"0";""
"202200004484";"805 983";"A01";"3";"7";"0";"9";"3";"26";"1";""
"202200004484";"805 984";"B01";"3";"1";"0";"2";"1";"1";"5";""
"202200004485";"805 981";"A01";"2";"7";"0";"2";"2";"15";"1";""
"202200004485";"805 982";"B01";"1";"2";"0";"2";"1";"1";"1";""
"202200004486";"805 978";"C01";"2";"7";"0";"2";"1";"2";"1";""
"202200004486";"805 979";"B01";"2";"7";"0";"2";"4";"23";"1";""
"202200004486";"805 980";"A01";"2";"7";"0";"0";"4";"23";"1";""
"202200004487";"805 977";"A01";"2";"31";"13";"0";"1";"1";"1";""
"202200004488";"805 975";"A01";"3";"7";"0";"2";"1";"1";"1";""
"202200004488";"805 976";"B01";"3";"1";"0";"2";"8";"1";"5";""
"202200004489";"805 974";"A01";"1";"7";"13";"0";"1";"1";"1";""
"202200004490";"805 973";"A01";"1";"33";"13";"0";"3";"13";"1";""
"202200004491";"805 971";"B01";"2";"2";"0";"2";"7";"9";"1";""
"202200004491";"805 972";"A01";"1";"7";"0";"2";"1";"1";"1";""
"202200004492";"805 969";"A01";"0";"33";"0";"2";"2";"2";"1";""
"202200004492";"805 970";"B01";"0";"33";"0";"2";"3";"2";"1";""
"202200004493";"805 968";"A01";"3";"7";"1";"0";"1";"1";"1";""
"202200004494";"805 967";"A01";"1";"7";"7";"0";"2";"21";"1";""
"202200004495";"805 966";"A01";"1";"7";"15";"0";"1";"13";"1";""
"202200004496";"805 964";"B01";"0";"1";"0";"2";"8";"19";"5";""
"202200004496";"805 965";"A01";"1";"10";"0";"9";"2";"19";"1";""
"202200004497";"805 962";"A01";"2";"7";"0";"2";"2";"13";"1";""
"202200004497";"805 963";"B01";"2";"17";"0";"2";"2";"1";"1";""
"202200004498";"805 960";"B01";"2";"7";"0";"2";"4";"2";"1";""
"202200004498";"805 961";"A01";"1";"7";"0";"2";"1";"2";"1";""
"202200004499";"805 959";"A01";"1";"32";"0";"0";"0";"0";"1";""
"202200004500";"805 958";"A01";"2";"33";"0";"0";"0";"1";"1";""
"202200004501";"805 956";"A01";"1";"17";"0";"2";"7";"12";"1";""
"202200004501";"805 957";"B01";"1";"10";"0";"2";"3";"2";"1";""
"202200004502";"805 954";"A01";"2";"10";"0";"2";"8";"11";"1";""
"202200004502";"805 955";"B01";"2";"33";"0";"2";"7";"3";"1";""
"202200004503";"805 951";"C01";"2";"7";"0";"2";"4";"23";"1";""
"202200004503";"805 952";"B01";"2";"7";"0";"2";"4";"23";"1";""
"202200004503";"805 953";"A01";"2";"7";"0";"2";"1";"2";"1";""
"202200004504";"805 950";"A01";"2";"15";"3";"0";"2";"1";"1";""
"202200004505";"805 948";"B01";"2";"33";"0";"2";"1";"1";"1";""
"202200004505";"805 949";"A01";"2";"7";"0";"2";"5";"12";"1";""
"202200004506";"805 947";"A01";"2";"10";"0";"0";"2";"1";"1";""
"202200004507";"805 945";"A01";"2";"7";"0";"2";"7";"17";"1";""
"202200004507";"805 946";"B01";"3";"2";"0";"2";"0";"0";"1";""
"202200004508";"805 943";"B01";"1";"7";"0";"2";"1";"1";"0";""
"202200004508";"805 944";"A01";"2";"7";"12";"2";"1";"13";"0";""
"202200004509";"805 941";"A01";"3";"30";"0";"2";"1";"1";"1";""
"202200004509";"805 942";"B01";"3";"7";"0";"2";"3";"19";"1";""
"202200004510";"805 939";"B01";"1";"7";"13";"2";"3";"1";"1";""
"202200004510";"805 940";"A01";"2";"7";"0";"2";"1";"11";"1";""
"202200004511";"805 937";"B01";"2";"7";"0";"2";"6";"1";"1";""
"202200004511";"805 938";"A01";"1";"10";"1";"2";"1";"1";"1";""
"202200004512";"805 935";"A01";"3";"33";"0";"2";"1";"2";"1";""
"202200004512";"805 936";"B01";"3";"7";"0";"2";"2";"2";"1";""
"202200004513";"805 933";"B01";"2";"2";"0";"2";"1";"1";"1";""
"202200004513";"805 934";"A01";"1";"7";"0";"2";"1";"1";"1";""
"202200004514";"805 932";"A01";"1";"2";"0";"0";"3";"1";"1";""
"202200004515";"805 931";"A01";"1";"7";"6";"0";"1";"9";"1";""
"202200004516";"805 929";"B01";"1";"3";"0";"2";"2";"1";" -1";""
"202200004516";"805 930";"A01";"2";"10";"0";"2";"3";"9";"1";""
"202200004517";"805 925";"B01";"2";"50";"0";"2";"3";"2";"3";""
"202200004517";"805 926";"A01";"2";"7";"0";"2";"7";"26";"1";""
"202200004518";"805 923";"B01";"2";"7";"0";"2";"4";"21";"1";""
"202200004518";"805 924";"A01";"2";"7";"0";"2";"1";"2";"1";""
"202200004519";"805 921";"A01";"3";"7";"0";"2";"3";"1";"1";""
"202200004519";"805 922";"B01";"3";"33";"0";"2";"1";"6";"1";""
"202200004520";"805 919";"B01";"3";"7";"0";"2";"1";"0";"1";""
"202200004520";"805 920";"A01";"3";"33";"0";"2";"1";"13";"1";""
"202200004521";"805 917";"A01";"3";"7";"0";"2";"2";"1";"1";""
"202200004521";"805 918";"B01";"3";"1";"0";"2";"1";"9";"5";""
"202200004522";"805 915";"A01";"3";"3";"0";"1";"1";"1";"0";""
"202200004522";"805 916";"B01";"3";"3";"0";"2";"4";"1";"0";""
"202200004523";"805 912";"A01";"2";"7";"0";"2";"3";"13";"1";""
"202200004523";"805 913";"B01";"1";"17";"0";"2";"3";"1";"1";""
"202200004523";"805 914";"C01";"1";"7";"0";"2";"0";"26";"1";""
"202200004524";"805 910";"B01";"1";"7";"0";"0";"5";"0";"1";""
"202200004524";"805 911";"A01";"1";"2";"0";"2";"1";"15";"1";""
"202200004525";"805 909";"A01";"2";"7";"1";"0";"2";"14";"1";""
"202200004526";"805 907";"B01";"1";"7";"0";"2";"3";"1";"2";""
"202200004526";"805 908";"A01";"1";"7";"0";"2";"2";"15";"2";""
"202200004527";"805 906";"A01";"3";"7";"8";"0";"1";"1";"1";""
"202200004528";"805 903";"C01";"3";"7";"0";"2";"3";"23";"1";""
"202200004528";"805 904";"A01";"3";"7";"0";"2";"3";"15";"1";""
"202200004528";"805 905";"B01";"3";"33";"0";"2";"1";"1";"1";""
"202200004529";"805 902";"A01";"3";"10";"16";"0";"1";"24";"1";""
"202200004530";"805 900";"B01";"3";"1";"0";"2";"8";"1";"5";""
"202200004530";"805 901";"A01";"3";"7";"0";"2";"7";"26";"1";""
"202200004531";"805 898";"B01";"1";"7";"0";"2";"8";"1";"0";""
"202200004531";"805 899";"A01";"1";"7";"0";"2";"1";"1";"0";""
"202200004532";"805 895";"C01";"3";"7";"0";"2";"3";"1";"1";""