"Num_Acc";"id_vehicule";"num_veh";"senc";"catv";"obs";"obsm";"choc";"manv";"motor";"occutc"
"202200004756";"805 512";"A01";"3";"7";"0";"2";"1";"15";"1";""
"202200004757";"805 508";"A01";"3";"7";"0";"2";"2";"19";"1";""
"202200004757";"805 511";"B01";"1";"33";"0";"2";"1";"1";"1";""
"202200004758";"805 507";"B01";"2";"37";"0";"2";"3";"24";"1";"1"
"202200004758";"805 509";"A01";"1";"7";"1";"0";"3";"9";"1";""
"202200004759";"805 505";"A01";"2";"7";"0";"0";"9";"1";"1";""
"202200004760";"805 504";"A01";"1";"7";"3";"2";"2";"9";"1";""
"202200004760";"805 506";"B01";"1";"7";"0";"2";"6";"2";"1";""
"202200004761";"805 502";"A01";"1";"36";"8";"0";"3";"1";"1";""
"202200004762";"805 501";"A01";"2";"7";"0";"2";"3";"9";"2";""
"202200004762";"805 503";"B01";"1";"31";"0";"2";"1";"1";"1";""
"202200004763";"805 499";"A01";"2";"7";"0";"9";"1";"1";"1";""
"202200004763";"805 500";"B01";"2";"50";"0";"2";"2";"1";"3";""
"202200004764";"805 498";"A01";"2";"7";"0";"1";"3";"0";"1";""
"202200004765";"805 495";"A01";"2";"7";"0";"2";"1";"19";"1";""
"202200004765";"805 497";"B01";"1";"7";"0";"2";"3";"15";"1";""
"202200004766";"805 494";"A01";"1";"2";"0";"6";"1";"1";"1";""
"202200004767";"805 493";"A01";"1";"0";"0";"2";"8";"2";"0";""
"202200004767";"805 496";"B01";"1";"33";"4";"2";"7";"2";"0";""
"202200004768";"805 488";"A01";"2";"50";"0";"2";"1";"25";"3";""
"202200004768";"805 491";"B01";"2";"7";"0";"2";"7";"16";"1";""
"202200004769";"805 489";"A01";"2";"32";"0";"2";"1";"1";"1";""
"202200004769";"805 492";"B01";"0";"7";"0";"2";"4";"0";"0";""
"202200004770";"805 487";"A01";"2";"7";"6";"0";"7";"0";"1";""
"202200004771";"805 485";"A01";"1";"7";"0";"1";"3";"1";"1";""
"202200004772";"805 482";"B01";"1";"1";"0";"2";"4";"1";"5";""
"202200004772";"805 484";"A01";"1";"7";"0";"2";"7";"1";"1";""
"202200004773";"805 483";"A01";"1";"7";"1";"0";"1";"1";"1";""
"202200004774";"805 481";"A01";"2";"7";"2";"0";"1";"1";"1";""
"202200004775";"805 480";"A01";"2";"7";"16";"0";"9";"14";"1";""
"202200004776";"805 477";"B01";"2";"7";"0";"2";"3";"2";"1";""
"202200004776";"805 479";"A01";"1";"7";"0";"2";"1";"15";"1";""
"202200004777";"805 476";"A01";"2";"7";"0";"9";"2";"16";"1";""
"202200004777";"805 478";"B01";"2";"1";"0";"2";"0";"2";"5";""
"202200004778";"805 475";"A01";"2";"33";"7";"0";"1";"1";"1";""
"202200004779";"805 471";"Z01";"2";"7";"0";"2";"7";"10";"0";""
"202200004779";"805 474";"B01";"1";"34";"0";"2";"1";"1";"1";""
"202200004780";"805 470";"B01";"1";"7";"0";"2";"1";"1";"1";""
"202200004780";"805 472";"A01";"1";"7";"0";"2";"8";"0";"1";""
"202200004781";"805 469";"A01";"3";"7";"2";"2";"8";"13";"1";""
"202200004781";"805 473";"B01";"3";"7";"0";"2";"5";"1";"1";""
"202200004782";"805 467";"B01";"3";"32";"0";"0";"4";"23";"1";""
"202200004782";"805 468";"A01";"3";"30";"0";"2";"1";"1";"1";""
"202200004783";"805 465";"A01";"1";"7";"6";"0";"1";"17";"1";""
"202200004784";"805 458";"B01";"2";"99";"16";"2";"1";"2";"1";""
"202200004784";"805 463";"A01";"1";"99";"10";"2";"1";"26";"1";""
"202200004785";"805 460";"A01";"1";"1";"0";"2";"1";"1";"5";""
"202200004785";"805 461";"B01";"2";"7";"0";"2";"8";"1";"1";""
"202200004786";"805 457";"B01";"1";"7";"0";"2";"1";"1";"1";""
"202200004786";"805 459";"A01";"2";"7";"0";"2";"3";"10";"1";""
"202200004787";"805 455";"A01";"3";"7";"0";"0";"0";"1";"1";""
"202200004788";"805 453";"A01";"1";"7";"0";"2";"1";"1";"1";""
"202200004788";"805 456";"B01";"3";"1";"0";"2";"8";"19";"5";""
"202200004789";"805 452";"B01";"3";"32";"0";"2";"1";"1";"1";""
"202200004789";"805 454";"A01";"3";"7";"0";"2";"3";"15";"1";""
"202200004790";"805 451";"A01";"1";"7";"0";"1";"1";"26";"1";""
"202200004791";"805 450";"A01";"3";"2";"1";"0";"1";"1";"1";""
"202200004792";"805 449";"A01";"1";"7";"0";"1";"3";"15";"1";""
"202200004793";"805 447";"A01";"1";"7";"0";"1";"3";"1";"1";""
"202200004794";"805 445";"A01";"1";"7";"0";"2";"1";"1";"1";""
"202200004794";"805 448";"B01";"1";"14";"0";"0";"4";"1";"1";""
"202200004795";"805 444";"A01";"2";"10";"0";"2";"1";"2";"1";""
"202200004795";"805 446";"B01";"2";"7";"0";"2";"4";"2";"1";""
"202200004796";"805 441";"B01";"1";"31";"0";"2";"1";"15";"1";""
"202200004796";"805 442";"A01";"2";"7";"0";"2";"1";"1";"1";""
"202200004797";"805 440";"A01";"1";"10";"3";"0";"3";"14";"1";""
"202200004798";"805 439";"A01";"1";"2";"0";"2";"1";"14";"1";""
"202200004798";"805 443";"B01";"0";"7";"0";"2";"3";"23";"1";""
"202200004799";"805 438";"A01";"2";"15";"3";"0";"2";"2";"1";""
"202200004800";"805 435";"B01";"1";"7";"0";"2";"3";"18";"1";""
"202200004800";"805 436";"A01";"1";"7";"0";"2";"7";"16";"1";""
"202200004801";"805 434";"A01";"1";"31";"0";"2";"8";"1";"1";""
"202200004801";"805 437";"B01";"2";"10";"0";"2";"8";"15";"1";""
"202200004802";"805 431";"A01";"3";"32";"0";"0";"1";"1";"1";""
"202200004803";"805 432";"A01";"1";"7";"0";"0";"2";"21";"1";""
"202200004804";"805 427";"A01";"2";"7";"0";"1";"8";"1";"1";""
"202200004805";"805 426";"B01";"0";"7";"0";"2";"3";"15";"1";""
"202200004805";"805 428";"A01";"0";"32";"0";"2";"1";"17";"1";""
"202200004806";"805 425";"A01";"3";"7";"16";"0";"9";"1";"1";""
"202200004807";"805 423";"A01";"1";"30";"0";"2";"1";"2";"1";""
"202200004807";"805 424";"B01";"1";"7";"0";"2";"6";"23";"2";""
"202200004808";"805 420";"B01";"3";"7";"0";"2";"1";"1";"1";""
"202200004808";"805 422";"A01";"3";"7";"0";"2";"2";"15";"1";""
"202200004809";"805 418";"A01";"2";"7";"1";"0";"1";"13";"1";""
"202200004810";"805 417";"A01";"1";"7";"0";"2";"2";"10";"1";""
"202200004810";"805 419";"B01";"1";"43";"0";"2";"1";"1";"1";""
"202200004811";"805 414";"B01";"2";"1";"0";"2";"3";"1";"5";""
"202200004811";"805 416";"A01";"2";"7";"0";"2";"5";"1";"1";""
"202200004812";"805 413";"B01";"1";"7";"0";"2";"3";"0";"1";""
"202200004812";"805 415";"A01";"1";"31";"0";"2";"1";"13";"1";""
"202200004813";"805 412";"A01";"1";"7";"0";"1";"1";"1";"1";""
"202200004814";"805 411";"A01";"1";"7";"2";"0";"1";"0";"1";""
"202200004815";"805 409";"Z01";"1";"7";"0";"1";"4";"4";"2";""
"202200004816";"805 408";"B01";"2";"7";"0";"0";"1";"16";"2";""
"202200004816";"805 410";"A01";"1";"7";"0";"0";"1";"15";"1";""
"202200004817";"805 405";"A01";"0";"32";"14";"0";"0";"0";"1";""
"202200004818";"805 404";"A01";"1";"32";"0";"2";"1";"13";"1";""
"202200004818";"805 406";"B01";"2";"30";"0";"2";"1";"1";"1";""
"202200004819";"805 402";"C01";"3";"7";"0";"2";"4";"21";"1";""
"202200004819";"805 403";"B01";"3";"7";"0";"2";"4";"1";"1";""
"202200004819";"805 407";"A01";"3";"7";"0";"2";"1";"2";"1";""
"202200004820";"805 399";"A01";"2";"7";"0";"1";"3";"1";"2";""
"202200004821";"805 398";"A01";"2";"33";"0";"2";"3";"17";"1";""
"202200004821";"805 401";"B01";"2";"7";"0";"2";"3";"15";"1";""
"202200004822";"805 397";"B01";"2";"7";"0";"2";"4";"1";"1";""
"202200004822";"805 400";"A01";"2";"7";"0";"2";"1";"1";"1";""
"202200004823";"805 394";"A01";"1";"2";"0";"1";"1";"1";"0";""
"202200004824";"805 392";"A01";"1";"7";"0";"2";"1";"1";"1";""
"202200004824";"805 396";"B01";"1";"7";"0";"2";"2";"1";"1";""
"202200004825";"805 393";"A01";"3";"1";"0";"2";"1";"1";"5";""
"202200004825";"805 395";"B01";"3";"7";"0";"2";"6";"23";"1";""
"202200004826";"805 389";"A01";"1";"7";"0";"1";"1";"1";"1";""
"202200004827";"805 390";"A01";"1";"37";"0";"1";"1";"7";"1";"1"
"202200004828";"805 386";"A01";"1";"7";"1";"0";"2";"14";"1";""
"202200004828";"805 388";"B01";"1";"7";"0";"2";"1";"1";"1";""
"202200004828";"805 391";"C01";"1";"15";"0";"0";"6";"24";"1";""
"202200004829";"805 385";"A01";"2";"32";"0";"1";"3";"21";"1";""
"202200004830";"805 384";"B01";"2";"7";"0";"2";"1";"9";" -1";""
"202200004830";"805 387";"A01";"2";"1";"0";"2";"1";"1";"5";""
"202200004831";"805 382";"A01";"2";"7";"1";"2";"1";"1";"1";""
"202200004832";"805 380";"A01";"2";"33";"3";"0";"1";"0";"1";""
"202200004833";"805 379";"B01";"1";"40";"0";"2";"1";"1";"2";""
"202200004833";"805 381";"A01";"2";"7";"0";"4";"8";"1";"1";""
"202200004834";"805 377";"B01";"0";"7";"0";"2";"7";"16";"0";""
"202200004834";"805 378";"A01";"3";"2";"0";"2";"2";"7";"3";""
"202200004835";"805 373";"A01";"2";"33";"15";"0";"1";"1";"1";""
"202200004836";"805 375";"A01";"2";"38";"0";"1";"1";"1";"1";"2"
"202200004837";"805 372";"A01";"1";"7";"0";"2";"5";"22";"1";""
"202200004837";"805 374";"B01";"1";"50";"0";"2";"1";"18";"3";""
"202200004838";"805 371";"A01";"2";"50";"0";"0";"0";"0";"3";""
"202200004839";"805 368";"A01";"1";"7";"13";"0";"0";"1";"1";""
"202200004840";"805 366";"A01";"3";"7";"0";"2";"1";"9";"1";""
"202200004840";"805 370";"B01";"3";"7";"0";"2";"3";"1";"1";""
"202200004841";"805 367";"B01";"2";"30";"0";"2";"1";"1";"1";""
"202200004841";"805 369";"A01";"1";"7";"0";"2";"7";"15";"2";""
"202200004842";"805 364";"B01";"2";"7";"0";"0";"8";"15";"1";""
"202200004842";"805 365";"A01";"2";"7";"0";"2";"3";"17";"1";""
"202200004843";"805 363";"A01";"2";"7";"0";"1";"6";"1";"2";""
"202200004844";"805 360";"B01";"2";"7";"0";"0";"6";"1";"1";""
"202200004844";"805 361";"A01";"2";"33";"0";"2";"1";"1";"1";""
"202200004845";"805 359";"B01";"1";"7";"0";"2";"3";"1";"1";""
"202200004845";"805 362";"A01";"1";"7";"0";"2";"1";"1";"1";""
"202200004846";"805 358";"A01";"1";"50";"0";"1";"1";"25";"3";""
"202200004847";"805 355";"B01";"1";"14";"0";"2";"8";"1";"1";""
"202200004847";"805 357";"A01";"2";"43";"0";"2";"1";"13";"1";""
"202200004848";"805 354";"A01";"1";"7";"0";"1";"3";"1";"1";""
"202200004849";"805 353";"A01";"1";"10";"0";"2";"2";"1";"1";""
"202200004849";"805 356";"B01";"2";"7";"0";"2";"3";"0";"1";""
"202200004850";"805 352";"A01";"1";"7";"13";"0";"0";"0";"1";""
"202200004851";"805 350";"A01";"2";"7";"1";"0";"2";"1";"1";""
"202200004852";"805 349";"B01";"2";"32";"0";"2";"1";"1";"1";""
"202200004852";"805 351";"A01";"1";"7";"2";"2";"1";"13";"1";""
"202200004853";"805 345";"A01";"0";"7";"0";"2";"5";"15";"1";""
"202200004853";"805 348";"B01";"0";"33";"0";"2";"1";"1";"1";""
"202200004854";"805 344";"B01";"0";"7";"0";"2";"1";"1";"1";""
"202200004854";"805 347";"A01";"0";"7";"0";"2";"8";"19";"1";""
"202200004855";"805 343";"A01";"1";"7";"0";"2";"1";"10";"1";""
"202200004855";"805 346";"B01";"1";"7";"1";"2";"1";"1";"1";""
"202200004856";"805 342";"A01";"0";"7";"0";"1";"1";"1";"1";""
"202200004857";"805 341";"A01";"1";"33";"6";"0";"0";"0";"0";""
"202200004858";"805 339";"A01";"1";"7";"1";"0";"3";"0";"1";""
"202200004859";"805 338";"B01";"1";"7";"0";"2";"4";"10";"1";""
"202200004859";"805 340";"A01";"1";"31";"0";"2";"1";"1";"1";""
"202200004860";"805 337";"A01";"2";"7";"0";"1";"1";"1";"1";""
"202200004861";"805 334";"B01";"1";"1";"0";"2";"7";"1";"5";""
"202200004861";"805 336";"A01";"3";"7";"0";"2";"3";"0";"0";""
"202200004862";"805 331";"B01";"0";"33";"0";"2";"1";"1";"1";""
"202200004862";"805 333";"A01";"0";"7";"0";"2";"8";"15";"0";""
"202200004863";"805 330";"A01";"1";"10";"0";"2";"4";"1";"1";""
"202200004863";"805 332";"B01";"1";"7";"0";"2";"1";"12";"1";""
"202200004864";"805 329";"A01";"2";"7";"0";"1";"1";"1";"1";""
"202200004865";"805 325";"A01";"2";"10";"0";"2";"1";"1";"1";""
"202200004865";"805 327";"B01";"2";"7";"0";"2";"4";"2";"1";""
"202200004866";"805 324";"A01";"2";"7";"0";"2";"4";"23";"1";""
"202200004866";"805 326";"B01";"2";"10";"0";"2";"1";"1";"1";""
"202200004867";"805 323";"A01";"3";"7";"0";"2";"3";"15";"1";""
"202200004867";"805 328";"B01";"1";"2";"0";"2";"1";"1";"1";""
"202200004868";"805 320";"A01";"2";"7";"0";"2";"1";"2";"1";""
"202200004868";"805 322";"B01";"2";"7";"0";"2";"4";"2";"1";""
"202200004869";"805 319";"A01";"1";"7";"0";"1";"3";"1";"1";""
"202200004870";"805 318";"A01";"1";"7";"0";"0";"3";"1";"1";""
"202200004870";"805 321";"B01";"2";"1";"0";"0";"0";"19";"5";""
"202200004871";"805 316";"B01";"2";"7";"0";"2";"4";"2";"1";""
"202200004871";"805 317";"A01";"2";"10";"0";"2";"1";"2";"1";""
"202200004872";"805 314";"A01";"1";"7";"0";"1";"1";"16";"1";""
"202200004873";"805 313";"A01";"1";"7";"0";"2";"1";"15";"1";""
"202200004873";"805 315";"B01";"1";"37";"0";"2";"2";"1";"1";"2"
"202200004874";"805 311";"A01";"2";"7";"0";"2";"7";"1";"1";""
"202200004874";"805 312";"B01";"2";"7";"0";"2";"2";"1";"0";""
"202200004875";"805 309";"A01";"3";"7";"0";"1";"1";"1";"1";""
"202200004876";"805 308";"A01";"1";"7";"0";"9";"1";"16";"1";""
"202200004876";"805 310";"B01";"2";"1";"0";"2";"8";"1";"5";""
"202200004877";"805 306";"B01";"2";"7";"0";"0";"4";"2";"1";""
"202200004877";"805 307";"A01";"2";"7";"0";"2";"1";"2";"1";""
"202200004878";"805 305";"A01";"1";"7";"0";"1";"3";"26";"1";""
"202200004879";"805 304";"A01";"3";"7";"4";"0";"1";"12";"1";""
"202200004880";"805 302";"A01";"1";"7";"0";"2";"1";"1";"1";""
"202200004881";"805 300";"A01";"1";"10";"0";"2";"1";"1";"1";""
"202200004881";"805 303";"B01";"1";"7";"0";"2";"4";"3";"1";""
"202200004882";"805 299";"A01";"2";"33";"0";"2";"1";"2";"1";""
"202200004882";"805 301";"B01";"2";"7";"0";"2";"4";"2";"1";""
"202200004883";"805 297";"Z01";"2";"15";"0";"2";"0";"0";"0";""
"202200004883";"805 298";"A01";"2";"33";"0";"2";"5";"3";"1";""
"202200004884";"805 295";"A01";"1";"7";"0";"2";"8";"10";"1";""
"202200004884";"805 296";"B01";"1";"33";"0";"2";"1";"1";"0";""
"202200004885";"805 292";"B01";"3";"33";"15";"9";"1";"1";"1";""
"202200004885";"805 294";"A01";"3";"7";"0";"2";"4";"15";"1";""
"202200004886";"805 288";"B01";"1";"7";"0";"0";"2";"15";"1";""
"202200004886";"805 290";"A01";"1";"33";"0";"2";"0";"1";"1";""
"202200004887";"805 289";"Z01";"1";"7";"0";"2";"0";"0";"0";""
"202200004887";"805 291";"B01";"1";"7";"0";"2";"4";"1";"0";""
"202200004887";"805 293";"A01";"1";"10";"0";"2";"2";"11";"0";""
"202200004888";"805 286";"A01";"2";"7";"0";"1";"6";"4";"1";""
"202200004889";"805 285";"A01";"2";"15";"3";"0";"1";"1";"1";""
"202200004890";"805 284";"A01";"1";"2";"0";"2";"7";"1";"1";""
"202200004890";"805 287";"B01";"2";"15";"0";"2";"1";"15";"1";""
"202200004891";"805 280";"B01";"1";"7";"0";"2";"6";"2";"1";""
"202200004891";"805 282";"A01";"1";"17";"0";"2";"1";"12";"1";""
"202200004892";"805 278";"B01";"3";"3";"12";"0";"4";"16";"1";""
"202200004892";"805 283";"A01";"3";"3";"1";"2";"1";"2";"1";""
"202200004893";"805 279";"A01";"2";"7";"0";"2";"1";"2";"1";""
"202200004893";"805 281";"B01";"2";"7";"0";"2";"4";"2";"1";""
"202200004894";"805 275";"A01";"3";"7";"15";"0";"2";"16";"1";""
"202200004895";"805 274";"A01";"1";"7";"5";"0";"1";"0";"1";""
"202200004896";"805 276";"A01";"1";"50";"0";"2";"1";"1";"3";""
"202200004896";"805 277";"B01";"1";"50";"0";"2";"1";"1";"3";""
"202200004897";"805 271";"Z01";"2";"7";"0";"1";"0";"1";"0";""
"202200004898";"805 270";"B01";"3";"7";"0";"2";"8";"1";"1";""
"202200004898";"805 272";"A01";"3";"7";"0";"2";"1";"1";"1";""
"202200004899";"805 269";"A01";"3";"33";"0";"2";"1";"2";"1";""
"202200004899";"805 273";"B01";"3";"21";"0";"0";"5";"1";"1";""
"202200004900";"805 266";"B01";"2";"7";"0";"2";"3";"1";"1";""
"202200004900";"805 268";"A01";"2";"7";"0";"2";"1";"1";"1";""
"202200004901";"805 265";"B01";" -1";"80";"0";"2";"1";"9";"3";""
"202200004901";"805 267";"A01";" -1";"7";"0";"2";"2";"1";"1";""
"202200004902";"805 263";"A01";"3";"7";"0";"1";"1";"15";"1";""
"202200004903";"805 261";"A01";"2";"7";"4";"0";"2";"1";"1";""
"202200004904";"805 260";"C01";"1";"7";"0";"2";"4";"2";"1";""
"202200004904";"805 262";"B01";"1";"7";"0";"2";"4";"2";"1";""
"202200004904";"805 264";"A01";"1";"7";"0";"2";"1";"2";"1";""
"202200004905";"805 258";"A01";"1";"7";"0";"9";"2";"9";"2";""
"202200004905";"805 259";"B01";"2";"1";"0";"2";"8";"5";"5";""
"202200004906";"805 257";"A01";"1";"7";"13";"0";"9";"13";"1";""
"202200004907";"805 255";"B01";"3";"7";"0";"2";"7";"1";"1";""
"202200004907";"805 256";"A01";"3";"1";"0";"2";"1";"26";"5";""
"202200004908";"805 253";"A01";"1";"7";"0";"1";"1";"1";"1";""
"202200004909";"805 251";"A01";"2";"7";"4";"2";"9";"1";"1";""
"202200004909";"805 254";"B01";"2";"7";"0";"2";"8";"1";"2";""
"202200004910";"805 250";"A01";"1";"33";"0";"2";"1";"17";"1";""
"202200004910";"805 252";"B01";"1";"7";"0";"2";"3";"15";"1";""
"202200004911";"805 248";"A01";"3";"7";"0";"1";"6";"4";"1";""
"202200004912";"805 249";"A01";"3";"7";"0";"1";"0";"1";"1";""
"202200004913";"805 246";"B01";"2";"7";"0";"2";"1";"1";"1";""
"202200004913";"805 247";"A01";"2";"1";"0";"2";"7";"1";"5";""
"202200004914";"805 243";"A01";"3";"7";"0";"9";"3";"22";"1";""
"202200004914";"805 245";"B01";"3";"1";"1";"0";"7";"1";"5";""
"202200004915";"805 242";"B01";"1";"33";"0";"2";"2";"1";"1";""
"202200004915";"805 244";"A01";"1";"7";"0";"2";"3";"9";"2";""
"202200004916";"805 240";"B01";"2";"7";"0";"2";"2";"1";"1";""
"202200004916";"805 241";"A01";"2";"33";"0";"2";"0";"16";"0";""
"202200004917";"805 238";"A01";"1";"7";"0";"0";"2";"1";"1";""
"202200004918";"805 239";"A01";"0";"7";"8";"0";"1";"26";"0";""
"202200004919";"805 237";"A01";"1";"33";"0";"0";"8";"1";"1";""
"202200004920";"805 235";"A01";"1";"7";"0";"1";"0";"0";"1";""
"202200004921";"805 234";"B01";"3";"7";"0";"9";"0";"1";"1";""
"202200004921";"805 236";"A01";"3";"30";"0";"2";"0";"1";"1";""
"202200004922";"805 231";"A01";"2";"32";"0";"2";"1";"3";"1";""
"202200004922";"805 233";"B01";"2";"7";"0";"2";"6";"11";"1";""
"202200004923";"805 229";"A01";"2";"7";"0";"2";"3";"16";"1";""
"202200004923";"805 232";"B01";"2";"31";"0";"2";"1";"1";"1";""
"202200004924";"805 224";"A01";"2";"7";"0";"1";"3";"1";"1";""
"202200004925";"805 225";"A01";"1";"7";"0";"2";"1";"2";"1";""
"202200004925";"805 227";"B01";"1";"7";"0";"2";"4";"2";"1";""
"202200004926";"805 223";"A01";"1";"7";"0";"2";"4";"23";"1";""
"202200004926";"805 226";"B01";"1";"7";"0";"2";"1";"23";"1";""
"202200004926";"805 228";"C01";"1";"7";"0";"2";"1";"23";"1";""
"202200004926";"805 230";"D01";"1";"37";"0";"2";"1";"1";"1";"1"
"202200004927";"805 219";"A01";"1";"7";"12";"0";"1";"15";"1";""
"202200004928";"805 220";"A01";"1";"7";"0";"2";"3";"22";"1";""
"202200004928";"805 222";"B01";"1";"1";"0";"2";"1";"1";"5";""
"202200004929";"805 218";"B01";"1";"7";"3";"2";"1";"1";"1";""
"202200004929";"805 221";"A01";"2";"7";"2";"2";"1";"13";"1";""
"202200004930";"805 215";"A01";"2";"7";"0";"2";"1";"2";"1";""
"202200004930";"805 217";"B01";"2";"7";"0";"2";"4";"23";"1";""
"202200004931";"805 216";"Z01";"3";"7";"0";"1";"7";"1";"0";""
"202200004932";"805 214";"A01";"2";"33";"11";"0";"1";"1";"1";""
"202200004933";"805 211";"A01";"1";"7";"0";"2";"8";"22";"1";""
"202200004933";"805 213";"B01";"1";"80";"0";"2";"1";"1";"3";""
"202200004934";"805 208";"C01";"2";"7";"0";"2";"3";"1";"1";""
"202200004934";"805 210";"B01";"2";"7";"0";"2";"1";"1";"1";""
"202200004934";"805 212";"A01";"1";"7";"0";"2";"1";"13";"1";""
"202200004935";"805 207";"B01";"1";"1";"0";"0";"8";"1";"5";""
"202200004935";"805 209";"A01";"1";"7";"0";"0";"0";"15";"1";""
"202200004936";"805 205";"A01";"1";"7";"14";"0";"1";"13";"1";""
"202200004937";"805 204";"B01";"1";"7";"0";"2";"3";"3";"1";""
"202200004937";"805 206";"A01";"2";"7";"0";"2";"3";"0";"1";""
"202200004938";"805 203";"A01";"2";"7";"0";"1";"7";"14";"1";""
"202200004939";"805 202";"A01";"2";"2";"15";"0";"1";"0";"1";""
"202200004940";"805 200";"A01";"1";"33";"0";"0";"0";"1";"1";""
"202200004941";"805 199";"A01";"1";"32";"1";"2";"2";"17";"1";""
"202200004941";"805 201";"B01";"2";"7";"0";"2";"3";"9";"1";""
"202200004942";"805 198";"A01";"2";"7";"0";"1";"1";"2";"1";""
"202200004943";"805 194";"A01";"1";"7";"0";"2";"1";"1";"1";""
"202200004943";"805 197";"B01";"2";"7";"0";"2";"4";"11";"1";""
"202200004944";"805 193";"A01";"1";"7";"8";"0";"8";"13";"1";""
"202200004945";"805 195";"A01";"1";"10";"0";"2";"7";"14";"1";""
"202200004945";"805 196";"B01";"1";"1";"0";"2";"8";"1";"5";""
"202200004946";"805 191";"A01";"1";"33";"0";"0";"3";"1";"1";""
"202200004947";"805 189";"A01";"2";"7";"0";"2";"2";"15";"1";""
"202200004947";"805 192";"B01";"1";"32";"0";"2";"1";"1";"1";""
"202200004948";"805 187";"A01";"2";"7";"0";"2";"2";"1";"1";""
"202200004948";"805 190";"B01";"2";"50";"0";"2";"7";"19";"3";""
"202200004949";"805 186";"A01";"0";"33";"0";"2";"5";"21";"1";""
"202200004949";"805 188";"B01";"0";"10";"0";"2";"3";"15";"1";""
"202200004950";"805 185";"A01";"1";"7";"0";"0";"9";"1";"1";""
"202200004951";"805 184";"A01";"1";"7";"0";"1";"2";"1";"1";""
"202200004952";"805 183";"A01";"2";"7";"3";"0";"8";"1";"1";""
"202200004953";"805 182";"A01";"1";"7";"0";"1";"3";"1";"1";""
"202200004954";"805 180";"A01";"1";"7";"0";"0";"3";"26";"1";""
"202200004955";"805 178";"A01";"1";"7";"0";"2";"8";"15";"2";""
"202200004955";"805 181";"B01";"1";"32";"0";"2";"1";"17";"1";""
"202200004956";"805 174";"A01";"1";"7";"0";"1";"1";"1";"1";""
"202200004957";"805 175";"B01";"1";"33";"0";"2";"7";"1";"1";""
"202200004957";"805 177";"A01";"1";"7";"0";"2";"3";"15";"1";""
"202200004958";"805 173";"B01";"1";"7";"0";"0";"4";"2";"1";""
"202200004958";"805 176";"A01";"1";"2";"14";"0";"1";"2";"1";""
"202200004959";"805 171";"B01";"1";"7";"0";"2";"0";"15";"1";""
"202200004959";"805 172";"A01";"2";"31";"0";"2";"7";"17";"1";""
"202200004960";"805 168";"A01";"3";"30";"0";"2";"1";"9";"1";""
"202200004960";"805 170";"B01";"1";"7";"0";"2";"3";"9";"1";""
"202200004961";"805 169";"A01";"2";"7";"2";"0";"8";"1";"1";""
"202200004962";"805 166";"A01";"1";"7";"0";"2";"3";"17";"1";""
"202200004962";"805 167";"B01";"1";"31";"0";"2";"7";"15";"1";""
"202200004963";"805 162";"B01";"1";"7";"0";"0";"6";"2";"1";""
"202200004963";"805 164";"A01";"1";"33";"1";"2";"1";"2";"1";""
"202200004964";"805 163";"A01";"1";"7";"0";"2";"3";"13";"1";""
"202200004964";"805 165";"B01";"2";"1";"0";"2";"1";"13";"5";""
"202200004965";"805 160";"A01";"1";"10";"0";"2";"1";"2";"1";""
"202200004965";"805 161";"B01";"1";"7";"0";"2";"4";"23";"1";""
"202200004966";"805 159";"A01";"1";"7";"17";"0";"3";"13";"1";""
"202200004967";"805 157";"A01";"1";"7";"0";"2";"1";"1";"1";""
"202200004967";"805 158";"B01";"1";"7";"0";"2";"4";"1";"1";""
"202200004968";"805 154";"A01";" -1";"33";"0";"2";"1";"17";"1";""
"202200004968";"805 155";"B01";" -1";"7";"0";"2";"3";"15";"1";""
"202200004969";"805 153";"Z01";"2";"10";"0";"2";"8";"1";"1";""
"202200004969";"805 156";"A01";"2";"32";"0";"2";"1";"1";"1";""
"202200004970";"805 152";"A01";"0";"50";"0";"0";"0";"0";"3";""
"202200004971";"805 150";"A01";"1";"14";"0";"1";"6";"15";"1";""
"202200004972";"805 149";"B01";"2";"7";"0";"2";"4";"20";"1";""
"202200004972";"805 151";"A01";"2";"7";"0";"2";"1";"1";"1";""
"202200004973";"805 147";"B01";"1";"7";"0";"2";"1";"1";"1";""
"202200004973";"805 148";"A01";"2";"7";"0";"2";"7";"13";"1";""
"202200004974";"805 144";"A01";"3";"7";"0";"2";"1";"19";"1";""
"202200004974";"805 145";"B01";"3";"7";"0";"2";"8";"19";"1";""
"202200004975";"805 142";"B01";"1";"7";"0";"2";"0";"0";"1";""
"202200004975";"805 143";"A01";"1";"7";"0";"2";"2";"1";"1";""
"202200004976";"805 140";"B01";"2";"7";"0";"0";"6";"2";"1";""
"202200004976";"805 141";"A01";"2";"7";"0";"2";"2";"2";"1";""
"202200004977";"805 138";"A01";"1";"7";"3";"0";"8";"1";"1";""
"202200004978";"805 137";"A01";"1";"33";"0";"2";"1";"2";"1";""
"202200004978";"805 139";"B01";"1";"7";"0";"2";"4";"1";"1";""
"202200004979";"805 135";"A01";"1";"7";"0";"0";"9";"13";"1";""
"202200004980";"805 134";"B01";"1";"50";"0";"2";"1";"2";"3";""
"202200004980";"805 136";"A01";"3";"7";"0";"2";"3";"16";"1";""
"202200004981";"805 133";"A01";"1";"34";"11";"0";"0";"1";"1";""
"202200004982";"805 131";"B01";"3";"7";"0";"2";"1";"16";"1";""