"Num_Acc";"id_vehicule";"num_veh";"senc";"catv";"obs";"obsm";"choc";"manv";"motor";"occutc"
"202200004982";"805 132";"A01";"3";"7";"0";"2";"7";"15";"3";""
"202200004983";"805 130";"A01";"1";"33";"0";"0";"0";"23";"1";""
"202200004984";"805 126";"A01";"0";"99";"0";"2";"2";"12";"0";""
"202200004984";"805 128";"B01";"0";"1";"0";"2";"3";"1";"5";""
"202200004985";"805 127";"A01";"3";"10";"0";"2";"3";"2";"1";""
"202200004985";"805 129";"B01";"3";"32";"0";"2";"2";"1";"1";""
"202200004986";"805 124";"A01";"1";"7";"0";"1";"1";"1";"1";""
"202200004987";"805 122";"B01";"2";"33";"0";"2";"8";"1";"1";""
"202200004987";"805 123";"A01";"3";"7";"0";"2";"3";"15";"1";""
"202200004987";"805 125";"C01";"3";"7";"0";"0";"8";"23";"1";""
"202200004988";"805 121";"A01";"0";"14";"0";"1";"7";"0";"0";""
"202200004989";"805 119";"A01";"1";"21";"0";"2";"4";"1";"1";""
"202200004989";"805 120";"B01";"1";"10";"0";"2";"1";"2";"1";""
"202200004990";"805 116";"B01";"3";"7";"0";"0";"0";"0";"0";""
"202200004990";"805 118";"A01";"3";"30";"0";"2";"1";"1";"1";""
"202200004991";"805 115";"A01";"3";"10";"0";"2";"3";"13";"1";""
"202200004991";"805 117";"B01";"3";"7";"0";"2";"3";"1";"1";""
"202200004992";"805 113";"A01";"1";"2";"6";"0";"1";"0";"1";""
"202200004993";"805 112";"B01";"1";"7";"0";"2";"4";"2";"2";""
"202200004993";"805 114";"A01";"1";"10";"0";"2";"1";"2";"1";""
"202200004994";"805 111";"A01";"0";"7";"0";"1";"4";"24";"1";""
"202200004995";"805 110";"A01";"2";"7";"0";"1";"7";"1";"2";""
"202200004996";"805 109";"A01";"2";"2";"11";"0";"1";"1";"1";""
"202200004997";"805 107";"A01";"1";"33";"3";"0";"0";"1";"1";""
"202200004998";"805 106";"B01";"1";"99";"0";"2";"1";"1";"3";""
"202200004998";"805 108";"A01";"0";"7";"0";"2";"5";"1";"2";""
"202200004999";"805 104";"B01";"1";"1";"0";"2";"8";"1";"5";""
"202200004999";"805 105";"A01";"1";"7";"0";"2";"2";"17";"1";""
"202200005000";"805 101";"B01";"3";"32";"0";"2";"0";"0";"1";""
"202200005000";"805 103";"A01";"2";"7";"0";"2";"3";"1";"1";""
"202200005001";"805 100";"B01";"2";"33";"0";"2";"1";"1";"1";""
"202200005001";"805 102";"A01";"1";"33";"0";"2";"1";"17";"1";""
"202200005002";"805 098";"B01";"2";"50";"0";"2";"1";"2";"3";""
"202200005002";"805 099";"A01";"2";"34";"0";"2";"8";"15";"1";""
"202200005003";"805 097";"A01";"3";"7";"0";"1";"0";"15";"1";""
"202200005004";"805 096";"A01";"3";"7";"0";"1";"1";"1";"1";""
"202200005005";"805 095";"A01";"1";"32";"0";"1";"2";"1";"3";""
"202200005006";"805 094";"A01";"2";"2";"0";"6";"1";"1";"1";""
"202200005007";"805 092";"A01";"0";"30";"0";"2";"1";"2";"1";""
"202200005007";"805 093";"B01";"3";"7";"0";"0";"4";"2";"1";""
"202200005008";"805 091";"A01";"2";"7";"0";"9";"1";"2";"1";""
"202200005009";"805 088";"A01";"3";"7";"15";"0";"7";"14";"1";""
"202200005010";"805 089";"A01";"3";"10";"0";"2";"7";"6";"1";""
"202200005010";"805 090";"B01";"1";"30";"0";"2";"1";"3";"1";""
"202200005011";"805 086";"A01";"3";"7";"0";"1";"2";"1";"1";""
"202200005012";"805 085";"A01";"2";"7";"0";"2";"4";"1";"1";""
"202200005012";"805 087";"B01";"2";"7";"0";"2";"4";"1";"1";""
"202200005013";"805 081";"B01";"1";"7";"0";"0";"1";"1";"1";""
"202200005013";"805 084";"A01";"2";"7";"1";"2";"1";"5";"1";""
"202200005014";"805 078";"A01";"1";"7";"0";"2";"0";"0";"1";""
"202200005014";"805 079";"B01";"1";"10";"0";"2";"4";"1";"1";""
"202200005014";"805 080";"C01";"1";"7";"0";"2";"4";"2";"1";""
"202200005014";"805 082";"D01";"1";"7";"0";"2";"4";"2";"1";""
"202200005014";"805 083";"E01";"1";"7";"0";"2";"1";"1";"1";""
"202200005015";"805 077";"A01";"1";"7";"0";"1";"1";"1";"1";""
"202200005016";"805 075";"A01";"2";"33";"0";"1";"0";"17";"1";""
"202200005017";"805 072";"A01";"1";"7";"0";"2";"5";"2";"2";""
"202200005017";"805 073";"D01";"1";"33";"0";"2";"1";"2";"1";""
"202200005017";"805 074";"C01";"1";"33";"0";"2";"1";"2";"0";""
"202200005017";"805 076";"B01";"1";"10";"0";"2";"7";"2";"1";""
"202200005018";"805 071";"A01";"0";"2";"0";"0";"0";"0";"1";""
"202200005019";"805 069";"A01";"2";"7";"2";"0";"1";"1";"1";""
"202200005020";"805 068";"B01";"2";"7";"0";"2";"4";"2";"1";""
"202200005020";"805 070";"A01";"2";"7";"0";"2";"1";"2";"1";""
"202200005021";"805 066";"A01";"1";"33";"0";"0";"9";"9";"1";""
"202200005022";"805 065";"A01";"2";"7";"0";"2";"3";"14";"1";""
"202200005022";"805 067";"B01";"2";"7";"0";"2";"6";"2";"1";""
"202200005023";"805 064";"A01";"1";"7";"13";"0";"2";"14";"1";""
"202200005024";"805 059";"D01";"2";"7";"0";"2";"4";"2";"1";""
"202200005024";"805 061";"C01";"2";"7";"0";"2";"4";"2";"1";""
"202200005024";"805 062";"B01";"2";"7";"0";"2";"1";"2";"1";""
"202200005024";"805 063";"A01";"2";"7";"0";"2";"1";"2";"1";""
"202200005025";"805 057";"C01";"1";"7";"0";"2";"3";"1";"1";""
"202200005025";"805 058";"B01";"2";"7";"0";"2";"3";"21";"2";""
"202200005025";"805 060";"A01";"2";"7";"0";"2";"3";"9";"1";""
"202200005026";"805 056";"A01";"1";"33";"16";"0";"7";"1";"1";""
"202200005027";"805 055";"A01";"2";"7";"8";"0";"1";"1";"1";""
"202200005028";"805 053";"B01";"2";"7";"0";"2";"0";"0";"1";""
"202200005028";"805 054";"A01";"2";"7";"0";"2";"0";"0";"1";""
"202200005029";"805 050";"A01";"1";"7";"0";"2";"3";"1";"1";""
"202200005029";"805 052";"B01";"2";"20";"0";"0";"6";"1";"1";""
"202200005030";"805 049";"A01";"2";"7";"0";"2";"6";"1";"1";""
"202200005030";"805 051";"B01";"2";"7";"0";"2";"1";"1";"1";""
"202200005031";"805 047";"A01";"1";"7";"4";"0";"1";"1";"1";""
"202200005032";"805 048";"A01";"3";"3";"8";"0";"2";"1";"1";""
"202200005033";"805 042";"B01";"2";"7";"0";"2";"4";"1";"1";""
"202200005033";"805 045";"A01";"2";"7";"0";"2";"1";"1";"1";""
"202200005034";"805 043";"A01";"2";"7";"0";"2";"5";"9";"1";""
"202200005034";"805 046";"B01";"1";"33";"0";"2";"1";"1";"1";""
"202200005035";"805 041";"B01";"1";"7";"1";"0";"1";"2";"1";""
"202200005035";"805 044";"A01";"1";"7";"0";"0";"4";"23";"1";""
"202200005036";"805 040";"A01";"1";"7";"3";"0";"3";"1";"2";""
"202200005037";"805 038";"A01";"0";"2";"0";"0";"0";"0";"1";""
"202200005038";"805 034";"B01";"2";"33";"0";"2";"1";"7";"1";""
"202200005038";"805 037";"A01";"2";"7";"0";"2";"7";"16";"1";""
"202200005039";"805 036";"B01";"2";"10";"0";"2";"6";"1";"1";""
"202200005039";"805 039";"A01";"1";"7";"0";"2";"1";"13";"1";""
"202200005040";"805 033";"B01";"0";"33";"0";"2";"1";"1";"1";""
"202200005040";"805 035";"A01";"0";"7";"0";"2";"8";"15";"1";""
"202200005041";"805 028";"A01";"2";"7";"0";"2";"3";"1";"1";""
"202200005041";"805 030";"B01";"2";"50";"0";"2";"1";"1";"3";""
"202200005042";"805 025";"A01";"2";"10";"0";"2";"1";"1";"1";""
"202200005042";"805 027";"B01";"2";"7";"13";"2";"6";"1";"1";""
"202200005042";"805 029";"C01";"1";"7";"0";"2";"1";"1";"1";""
"202200005043";"805 024";"A01";"2";"7";"0";"2";"1";"15";"1";""
"202200005043";"805 026";"B01";"1";"31";"0";"2";"7";"1";"1";""
"202200005044";"805 023";"A01";"1";"7";"12";"0";"2";"21";"1";""
"202200005045";"805 019";"A01";"1";"2";"0";"2";"1";"3";"1";""
"202200005045";"805 021";"B01";"1";"7";"0";"2";"3";"15";"1";""
"202200005046";"805 018";"A01";"1";"7";"3";"2";"3";"1";"1";""
"202200005046";"805 020";"B01";"1";"14";"1";"0";"4";"1";"1";""
"202200005046";"805 022";"C01";"1";"7";"14";"0";"1";"1";"1";""
"202200005047";"805 017";"A01";"0";"7";"0";"2";"1";"15";"1";""
"202200005048";"805 015";"A01";"3";"7";"0";"2";"1";"19";"1";""
"202200005048";"805 016";"B01";"3";"1";"0";"2";"7";"1";"5";""
"202200005049";"805 013";"B01";"2";"15";"0";"2";"1";"1";"1";""
"202200005049";"805 014";"A01";"1";"7";"0";"2";"1";"13";"1";""
"202200005050";"805 010";"B01";"2";"0";"0";"2";"0";"0";"0";""
"202200005050";"805 011";"A01";"1";"10";"0";"2";"3";"15";"1";""
"202200005051";"805 005";"A01";"3";"7";"8";"0";"2";"1";"1";""
"202200005052";"805 004";"D01";"3";"7";"0";"2";"4";"2";"1";""
"202200005052";"805 006";"C01";"3";"7";"0";"2";"4";"2";"1";""
"202200005052";"805 008";"B01";"3";"7";"0";"2";"4";"26";"1";""
"202200005052";"805 012";"A01";"1";"7";"1";"0";"1";"26";"1";""
"202200005053";"804 999";"B01";"1";"32";"0";"2";"8";"1";"1";""
"202200005053";"805 002";"A01";"1";"7";"0";"2";"3";"15";"1";""
"202200005054";"804 998";"A01";"2";"7";"0";"2";"1";"5";"1";""
"202200005054";"805 001";"B01";"1";"7";"0";"2";"1";"1";"1";""
"202200005054";"805 003";"C01";"2";"7";"0";"2";"1";"1";"1";""
"202200005055";"804 997";"A01";"3";"30";"0";"2";"1";"9";"1";""
"202200005055";"805 000";"B01";"3";"7";"16";"0";"0";"0";"0";""
"202200005056";"804 996";"A01";"1";"7";"0";"1";"3";"1";"1";""
"202200005057";"804 991";"B01";"0";"2";"0";"0";"1";"1";"1";""
"202200005057";"804 994";"A01";"0";"7";"0";"2";"1";"15";"1";""
"202200005058";"804 990";"B01";"2";"3";"0";"2";"1";"2";"1";""
"202200005058";"804 993";"A01";"1";"3";"0";"2";"5";"16";"1";""
"202200005059";"804 988";"A01";"1";"2";"0";"0";"6";"5";"1";""
"202200005059";"804 989";"B01";"2";"7";"0";"2";"3";"1";"1";""
"202200005060";"804 987";"A01";"1";"7";"0";"1";"2";"1";"1";""
"202200005061";"804 985";"B01";"1";"1";"0";"2";"4";"16";"5";""
"202200005061";"804 986";"A01";"3";"7";"0";"2";"2";"14";"1";""
"202200005062";"804 983";"A01";"2";"7";"0";"1";"1";"1";"1";""
"202200005063";"804 982";"A01";"3";"7";"0";"2";"2";"19";"1";""
"202200005063";"804 984";"B01";"3";"31";"0";"2";"1";"1";"1";""
"202200005064";"804 981";"A01";"0";"7";"0";"0";"0";"1";"1";""
"202200005065";"804 979";"A01";"2";"7";"2";"9";"1";"1";"1";""
"202200005066";"804 978";"A01";"0";"7";"0";"0";"1";"1";"1";""
"202200005067";"804 977";"B01";"1";"7";"0";"2";"1";"1";"1";""
"202200005067";"804 980";"A01";"2";"7";"0";"2";"2";"9";"1";""
"202200005068";"804 975";"B01";"1";"1";"0";"2";"7";"1";"5";""
"202200005068";"804 976";"A01";"1";"7";"0";"9";"1";"9";"1";""
"202200005069";"804 974";"A01";"1";"7";"15";"0";"1";"14";"1";""
"202200005070";"804 972";"A01";"1";"10";"4";"0";"3";"1";"1";""
"202200005071";"804 967";"C01";"1";"7";"0";"2";"1";"2";"1";""
"202200005071";"804 969";"B01";"2";"7";"10";"2";"3";"1";"1";""
"202200005071";"804 970";"A01";"1";"7";"0";"2";"3";"13";"1";""
"202200005072";"804 965";"A01";"2";"30";"0";"2";"8";"15";"1";""
"202200005072";"804 968";"B01";"1";"7";"0";"2";"1";"1";"1";""
"202200005073";"804 963";"A01";"2";"7";"4";"2";"2";"14";"1";""
"202200005073";"804 966";"B01";"2";"10";"0";"2";"9";"1";"1";""
"202200005074";"804 962";"A01";"2";"2";"7";"0";"1";"14";"1";""
"202200005075";"804 958";"B01";"2";"50";"0";"2";"1";"1";"3";""
"202200005075";"804 960";"A01";"2";"7";"0";"2";"1";"9";"1";""
"202200005076";"804 957";"A01";"1";"7";"0";"2";"1";"2";"1";""
"202200005076";"804 959";"B01";"1";"7";"0";"2";"4";"1";"1";""
"202200005077";"804 955";"A01";"3";"7";"0";"1";"2";"1";"1";""
"202200005078";"804 951";"A01";"0";"2";"0";"0";"0";"1";"1";""
"202200005079";"804 949";"A01";"2";"7";"13";"0";"1";"0";"1";""
"202200005080";"804 948";"B01";"2";"33";"0";"2";"8";"1";"1";""
"202200005080";"804 952";"A01";"2";"7";"0";"2";"1";"12";"1";""
"202200005081";"804 946";"A01";"1";"7";"2";"0";"1";"1";"1";""
"202200005082";"804 945";"A01";"0";"7";"0";"2";"1";"1";"1";""
"202200005082";"804 947";"B01";"0";"7";"0";"2";"4";"0";"3";""
"202200005083";"804 942";"B01";"2";"31";"0";"2";"1";"21";"1";""
"202200005083";"804 944";"A01";"2";"80";"0";"2";"4";"10";"3";""
"202200005084";"804 940";"A01";"1";"7";"0";"2";"1";"2";"2";""
"202200005084";"804 941";"B01";"1";"7";"0";"2";"4";"2";"1";""
"202200005084";"804 943";"C01";"1";"7";"0";"2";"4";"1";"2";""
"202200005085";"804 938";"A01";"1";"30";"12";"0";"3";"2";"1";""
"202200005086";"804 937";"B01";"0";"7";"0";"2";"4";"1";"1";""
"202200005086";"804 939";"A01";"0";"7";"0";"2";"1";"1";"1";""
"202200005087";"804 933";"A01";"2";"33";"0";"2";"1";"2";"1";""
"202200005087";"804 935";"B01";"2";"7";"0";"2";"4";"12";"1";""
"202200005088";"804 934";"B01";"2";"1";"0";"2";"3";"1";"5";""
"202200005088";"804 936";"A01";"1";"7";"0";"2";"1";"15";"1";""
"202200005089";"804 930";"A01";"2";"1";"0";"2";"1";"1";"5";""
"202200005089";"804 931";"B01";"1";"30";"0";"2";"1";"1";"1";""
"202200005090";"804 929";"A01";"0";"7";"0";"2";"3";"10";"2";""
"202200005090";"804 932";"B01";"0";"2";"0";"2";"1";"17";"1";""
"202200005091";"804 926";"A01";"1";"7";"8";"0";"1";"14";"1";""
"202200005092";"804 925";"B01";"2";"7";"0";"2";"1";"1";"1";""
"202200005092";"804 928";"A01";"1";"7";"0";"2";"7";"19";"1";""
"202200005093";"804 924";"A01";"1";"7";"4";"0";"9";"13";"1";""
"202200005094";"804 920";"A01";"1";"7";"3";"0";"9";"1";"1";""
"202200005095";"804 916";"Y01";"2";"50";"0";"2";"1";"25";"3";""
"202200005095";"804 921";"A01";"1";"7";"0";"2";"1";"9";"0";""
"202200005096";"804 917";"B01";"1";"7";"0";"0";"4";"26";"1";""
"202200005096";"804 919";"A01";"1";"7";"0";"2";"1";"2";"1";""
"202200005097";"804 913";"A01";"1";"7";"0";"2";"3";"1";"1";""
"202200005097";"804 915";"B01";"0";"7";"0";"0";"5";"15";"1";""
"202200005098";"804 910";"A01";"1";"7";"0";"1";"2";"1";"1";""
"202200005099";"804 907";"A01";"3";"7";"0";"1";"2";"1";"3";""
"202200005100";"804 908";"B01";"2";"7";"0";"2";"4";"1";"1";""
"202200005100";"804 912";"A01";"2";"7";"0";"2";"1";"1";"1";""
"202200005101";"804 909";"A01";"3";"7";"0";"2";"3";"10";"1";""
"202200005101";"804 911";"B01";"3";"33";"0";"2";"1";"1";"1";""
"202200005102";"804 905";"B01";"3";"80";"0";"2";"1";"0";"3";""
"202200005102";"804 906";"A01";"3";"7";"0";"2";"3";"9";"1";""
"202200005103";"804 904";"A01";"1";"7";"0";"1";"1";"1";"1";""
"202200005104";"804 897";"B01";"2";"7";"0";"2";"4";"1";"1";""
"202200005104";"804 900";"A01";"2";"7";"0";"2";"2";"9";"1";""
"202200005105";"804 899";"B01";"1";"7";"0";"2";"4";"1";"2";""
"202200005105";"804 902";"C01";"1";"7";"0";"2";"1";"2";"1";""
"202200005105";"804 903";"A01";"1";"7";"0";"2";"1";"1";"1";""
"202200005106";"804 895";"C01";"2";"7";"0";"2";"4";"1";"1";""
"202200005106";"804 898";"B01";"2";"7";"0";"2";"4";"1";"1";""
"202200005106";"804 901";"A01";"2";"17";"0";"2";"1";"1";"1";""
"202200005107";"804 894";"A01";"1";"7";"0";"0";"0";"26";"1";""
"202200005108";"804 891";"A01";"1";"7";"0";"1";"2";"15";"1";""
"202200005109";"804 889";"A01";"0";"10";"0";"2";"0";"26";"1";""
"202200005109";"804 892";"B01";"0";"10";"0";"2";"0";"0";"0";""
"202200005110";"804 896";"A01";"1";"33";"0";"0";"0";"14";"1";""
"202200005111";"804 886";"Z01";"2";"7";"0";"2";"2";"16";"1";""
"202200005111";"804 888";"A01";"2";"32";"0";"2";"1";"1";"1";""
"202200005112";"804 890";"B01";"2";"7";"0";"2";"0";"0";"3";""
"202200005112";"804 893";"A01";"2";"15";"0";"2";"2";"12";"1";""
"202200005113";"804 884";"C01";"1";"7";"0";"2";"4";"1";"1";""
"202200005113";"804 885";"B01";"1";"7";"0";"2";"4";"1";"0";""
"202200005113";"804 887";"A01";"1";"10";"0";"2";"1";"1";"1";""
"202200005114";"804 881";"B01";"2";"7";"0";"2";"4";"2";"1";""
"202200005114";"804 882";"A01";"2";"7";"0";"2";"1";"2";"1";""
"202200005115";"804 878";"A01";"2";"7";"0";"2";"2";"19";"1";""
"202200005115";"804 883";"B01";"1";"2";"0";"2";"1";"1";"1";""
"202200005116";"804 880";"A01";"1";"33";"0";"2";"4";"3";"1";""
"202200005117";"804 876";"B01";"1";"7";"0";"2";"4";"2";"1";""
"202200005117";"804 877";"A01";"1";"7";"0";"2";"1";"2";"1";""
"202200005118";"804 874";"B01";"1";"13";"0";"2";"4";"1";"1";""
"202200005118";"804 875";"A01";"1";"2";"0";"2";"1";"1";"1";""
"202200005119";"804 870";"A01";"1";"30";"0";"1";"1";"7";"1";""
"202200005120";"804 873";"A01";"2";"7";"0";"2";"1";"1";"1";""
"202200005121";"804 869";"A01";"2";"10";"0";"2";"1";"2";"1";""
"202200005121";"804 871";"B01";"2";"7";"0";"2";"4";"2";"1";""
"202200005122";"804 872";"A01";"1";"31";"0";"2";"1";"1";"1";""
"202200005122";"804 879";"B01";"1";"7";"0";"2";"4";"1";"2";""
"202200005123";"804 864";"A01";"1";"17";"0";"2";"1";"9";"1";""
"202200005123";"804 865";"B01";"1";"7";"0";"2";"1";"1";"1";""
"202200005124";"804 863";"C01";"0";"1";"0";"2";"0";"0";"5";""
"202200005124";"804 866";"B01";"0";"7";"0";"9";"0";"6";"1";""
"202200005124";"804 868";"A01";"2";"7";"0";"9";"0";"1";"1";""
"202200005125";"804 862";"A01";"1";"7";"0";"2";"1";"2";"1";""
"202200005125";"804 867";"B01";"1";"7";"0";"2";"4";"2";"1";""
"202200005126";"804 860";"A01";"2";"7";"0";"1";"3";"1";"1";""
"202200005127";"804 859";"A01";"2";"33";"0";"0";"9";"1";"1";""
"202200005127";"804 861";"B01";"2";"7";"0";"2";"4";"12";"1";""
"202200005128";"804 856";"A01";"1";"33";"14";"0";"1";"17";"1";""
"202200005128";"804 858";"B01";"1";"7";"14";"0";"1";"23";"1";""
"202200005129";"804 857";"A01";"1";"7";"0";"2";"3";"2";"1";""
"202200005130";"804 851";"B01";"1";"1";"0";"2";"4";"1";"5";""
"202200005130";"804 853";"A01";"1";"7";"0";"2";"1";"1";"1";""
"202200005131";"804 850";"A01";"1";"7";"0";"2";"4";"26";"1";""
"202200005131";"804 854";"B01";"1";"7";"0";"2";"1";"1";"1";""
"202200005131";"804 855";"C01";"1";"34";"0";"2";"1";"1";"1";""
"202200005132";"804 846";"B01";"2";"33";"0";"2";"1";"1";"1";""
"202200005132";"804 849";"A01";"2";"31";"0";"2";"4";"1";"1";""
"202200005133";"804 844";"B01";"2";"7";"0";"2";"4";"2";"2";""
"202200005133";"804 847";"A01";"2";"7";"0";"2";"1";"2";"1";""
"202200005134";"804 845";"A01";"1";"7";"0";"2";"3";"9";"1";""
"202200005134";"804 852";"B01";"2";"30";"0";"2";"1";"1";"1";""
"202200005135";"804 841";"A01";"3";"7";"8";"0";"1";"13";"1";""
"202200005136";"804 840";"B01";"1";"7";"0";"2";"2";"2";"1";""
"202200005136";"804 842";"A01";"1";"7";"0";"2";"6";"1";"1";""
"202200005137";"804 833";"B01";"2";"7";"0";"0";"8";"1";"1";""
"202200005137";"804 837";"A01";"0";"1";"0";"2";"1";"19";"5";""
"202200005138";"804 836";"B01";"1";"1";"0";"2";"0";"0";"5";""
"202200005138";"804 838";"A01";"1";"7";"0";"2";"2";"16";"1";""
"202200005139";"804 835";"B01";"1";"7";"0";"2";"7";"2";"0";""
"202200005139";"804 839";"A01";"1";"7";"0";"2";"8";"1";"1";""
"202200005140";"804 832";"B01";"1";"10";"0";"2";"4";"11";"1";""
"202200005140";"804 834";"A01";"1";"33";"0";"2";"1";"3";"1";""
"202200005141";"804 829";"A01";"0";"10";"0";"1";"3";"16";"1";""
"202200005142";"804 830";"A01";"1";"43";"0";"0";"8";"1";"1";""
"202200005143";"804 828";"A01";"2";"17";"3";"0";"1";"1";"1";""
"202200005144";"804 827";"B01";"1";"2";"0";"2";"1";"15";"1";""
"202200005144";"804 831";"A01";"1";"33";"0";"2";"1";"1";"1";""
"202200005145";"804 823";"B01";"2";"2";"0";"2";"1";"1";"1";""
"202200005145";"804 826";"A01";"1";"7";"0";"2";"2";"15";"1";""
"202200005146";"804 820";"A01";"2";"7";"0";"2";"3";"13";"1";""
"202200005146";"804 825";"B01";"1";"10";"0";"2";"3";"1";"1";""
"202200005147";"804 819";"C01";"2";"7";"0";"0";"4";"2";"2";""
"202200005147";"804 822";"B01";"2";"7";"0";"2";"4";"2";"1";""
"202200005147";"804 824";"A01";"2";"10";"0";"2";"1";"2";"1";""
"202200005148";"804 817";"A01";"1";"1";"0";"0";"0";"1";"5";""
"202200005149";"804 818";"A01";"1";"7";"0";"2";"1";"15";"2";""
"202200005149";"804 821";"B01";"2";"50";"0";"2";"1";"1";"3";""
"202200005150";"804 815";"A01";"2";"7";"0";"2";"1";"13";"1";""
"202200005150";"804 816";"B01";"1";"10";"0";"2";"1";"1";"1";""
"202200005151";"804 810";"A01";"2";"7";"0";"2";"3";"9";"1";""
"202200005151";"804 813";"B01";"2";"30";"0";"2";"1";"1";"1";""
"202200005152";"804 811";"A01";"3";"7";"0";"1";"1";"15";"1";""
"202200005153";"804 809";"B01";"2";"2";"0";"2";"0";"1";"1";""
"202200005153";"804 812";"A01";"1";"7";"0";"2";"0";"15";"1";""
"202200005154";"804 808";"A01";"1";"7";"0";"2";"7";"16";"1";""
"202200005154";"804 814";"B01";"2";"99";"0";"2";"8";"0";"3";""
"202200005155";"804 803";"B01";"1";"80";"1";"2";"4";"1";"3";""
"202200005155";"804 806";"A01";"1";"7";"0";"2";"2";"2";"1";""
"202200005156";"804 805";"A01";"1";"7";"0";"1";"1";"1";"1";""
"202200005157";"804 804";"B01";"1";"7";"0";"2";"0";"0";"0";""
"202200005157";"804 807";"A01";"1";"33";"0";"9";"0";"0";"1";""
"202200005158";"804 799";"A01";"1";"7";"0";"2";"2";"1";"1";""
"202200005158";"804 802";"B01";"2";"50";"0";"2";"0";"19";"3";""
"202200005159";"804 801";"A01";"1";"7";"13";"0";"8";"13";"1";""
"202200005160";"804 797";"B01";"2";"7";"0";"2";"3";"1";"1";""
"202200005160";"804 800";"A01";"1";"7";"0";"2";"1";"15";"3";""
"202200005161";"804 795";"A01";"1";"7";"0";"1";"3";"15";"1";""
"202200005162";"804 796";"Z01";"1";"7";"0";"2";"2";"1";"0";""
"202200005162";"804 798";"A01";"2";"43";"0";"2";"8";"20";"1";""
"202200005163";"804 793";"A01";"3";"7";"1";"0";"2";"14";"1";""
"202200005164";"804 792";"A01";"2";"7";"0";"0";"3";"15";"1";""
"202200005164";"804 794";"B01";"1";"7";"0";"2";"3";"1";"1";""
"202200005165";"804 788";"A01";"1";"7";"0";"2";"1";"13";"1";""
"202200005165";"804 790";"B01";"1";"7";"0";"2";"1";"1";"1";""
"202200005166";"804 787";"A01";"1";"7";"0";"2";"1";"2";"1";""
"202200005166";"804 791";"B01";"1";"7";"0";"2";"4";"2";"2";""
"202200005167";"804 785";"A01";"1";"7";"2";"0";"1";"14";"1";""
"202200005168";"804 786";"A01";"0";"7";"0";"2";"1";"19";"1";""
"202200005168";"804 789";"B01";"0";"7";"0";"2";"8";"1";"1";""
"202200005169";"804 781";"A01";"1";"33";"0";"2";"1";"2";"1";""
"202200005169";"804 783";"B01";"1";"7";"0";"2";"4";"2";"1";""
"202200005170";"804 782";"A01";"1";"7";"0";"9";"2";"1";"1";""
"202200005170";"804 784";"B01";"1";"1";"0";"2";"4";"2";"5";""
"202200005171";"804 779";"A01";"1";"7";"6";"0";"1";"13";"1";""
"202200005172";"804 778";"A01";"3";"7";"0";"2";"1";"2";"1";""
"202200005172";"804 780";"B01";"3";"7";"0";"2";"4";"2";"1";""
"202200005173";"804 776";"B01";"2";"1";"0";"2";"4";"2";"5";""
"202200005173";"804 777";"A01";"2";"7";"0";"2";"3";"2";"1";""
"202200005174";"804 772";"A01";"1";"7";"0";"2";"8";"13";"1";""
"202200005174";"804 775";"B01";"2";"7";"0";"2";"1";"1";"1";""
"202200005175";"804 770";"A01";"2";"7";"0";"1";"1";"2";"1";""
"202200005176";"804 769";"A01";"3";"10";"0";"2";"3";"15";"1";""
"202200005176";"804 773";"B01";"3";"7";"0";"2";"8";"1";"1";""
"202200005177";"804 767";"A01";"1";"7";"0";"2";"1";"1";"1";""
"202200005177";"804 771";"B01";"2";"7";"0";"2";"1";"1";"1";""
"202200005177";"804 774";"C01";"2";"7";"0";"2";"1";"1";"1";""
"202200005178";"804 766";"B01";"1";"7";"0";"2";"2";"1";"1";""
"202200005178";"804 768";"A01";"1";"30";"0";"2";"1";"18";"1";""
"202200005179";"804 763";"A01";"2";"7";"0";"2";"3";"9";"1";""
"202200005179";"804 765";"B01";"2";"1";"0";"2";"1";"6";"5";""
"202200005180";"804 764";"A01";"3";"30";"0";"0";"8";"1";"1";""
"202200005181";"804 759";"A01";"2";"7";"0";"2";"8";"15";"1";""
"202200005181";"804 761";"B01";"2";"33";"0";"2";"1";"18";"1";""
"202200005182";"804 758";"B01";"3";"1";"0";"2";"1";"0";"5";""
"202200005182";"804 760";"A01";"3";"2";"0";"2";"0";"0";"1";""
"202200005183";"804 757";"B01";"0";"7";"0";"2";"8";"15";"1";""
"202200005183";"804 762";"A01";"0";"32";"0";"2";"1";"17";"1";""
"202200005184";"804 755";"A01";"2";"7";"0";"2";"1";"13";"1";""
"202200005184";"804 756";"B01";"1";"7";"0";"2";"3";"1";"1";""
"202200005185";"804 753";"A01";"2";"7";"13";"0";"0";"1";"1";""
"202200005186";"804 751";"A01";"3";"7";"0";"2";"3";"9";"1";""
"202200005186";"804 754";"B01";"3";"50";"0";"2";"1";"1";"3";""
"202200005187";"804 752";"A01";"1";"7";"0";"1";"2";"1";"1";""
"202200005188";"804 749";"B01";"0";"33";"0";"2";"1";"1";"1";""
"202200005188";"804 750";"A01";"0";"7";"0";"2";"5";"15";"1";""
"202200005189";"804 745";"A01";"1";"30";"0";"0";"1";"26";"1";""
"202200005190";"804 744";"A01";"2";"30";"5";"0";"7";"0";"1";""
"202200005191";"804 743";"A01";"3";"3";"0";"1";"1";"15";"1";""
"202200005192";"804 741";"A01";"3";"7";"1";"1";"1";"26";"1";""
"202200005193";"804 746";"A01";"1";"7";"0";"2";"2";"15";"1";""