"Num_Acc";"id_vehicule";"num_veh";"senc";"catv";"obs";"obsm";"choc";"manv";"motor";"occutc"
"202200005193";"804 747";"B01";"2";"2";"0";"2";"1";"1";"1";""
"202200005194";"804 737";"C01";"1";"7";"0";"2";"2";"2";"1";""
"202200005194";"804 740";"B01";"1";"7";"0";"2";"4";"2";"1";""
"202200005194";"804 742";"A01";"1";"7";"0";"2";"1";"17";"1";""
"202200005195";"804 733";"B01";"3";"7";"0";"2";"3";"1";"1";""
"202200005195";"804 736";"A01";"0";"7";"0";"2";"2";"15";"1";""
"202200005196";"804 735";"A01";"1";"7";"0";"2";"2";"1";"1";""
"202200005196";"804 739";"B01";"2";"50";"0";"2";"2";"1";"3";""
"202200005197";"804 732";"A01";"0";"1";"0";"0";"0";"1";"5";""
"202200005198";"804 734";"B01";"2";"7";"0";"2";"4";"2";"1";""
"202200005198";"804 738";"A01";"2";"7";"0";"2";"1";"2";"1";""
"202200005199";"804 727";"A01";"3";"2";"0";"2";"3";"1";"3";""
"202200005199";"804 730";"B01";"3";"7";"0";"2";"2";"1";"1";""
"202200005200";"804 728";"A01";"2";"7";"0";"2";"1";"13";"1";""
"202200005200";"804 731";"B01";"2";"7";"0";"2";"1";"0";"1";""
"202200005201";"804 725";"A01";"1";"33";"15";"0";"1";"1";"1";""
"202200005202";"804 726";"B01";"2";"7";"0";"2";"2";"1";"1";""
"202200005202";"804 729";"A01";"2";"99";"0";"2";"7";"18";"3";""
"202200005203";"804 722";"A01";"3";"7";"0";"2";"1";"15";"1";""
"202200005203";"804 724";"B01";"3";"33";"0";"2";"8";"1";"1";""
"202200005204";"804 723";"A01";"3";"7";"0";"1";"1";"1";"1";""
"202200005205";"804 721";"B01";"2";"2";"9";"0";"7";"1";"1";""
"202200005206";"804 717";"A01";"3";"33";"0";"2";"1";"2";"1";""
"202200005206";"804 719";"B01";"3";"7";"0";"2";"4";"2";"1";""
"202200005207";"804 715";"A01";"0";"30";"1";"0";"1";"14";"1";""
"202200005208";"804 716";"A01";"2";"7";"0";"9";"3";"15";"1";""
"202200005208";"804 720";"B01";"2";"32";"0";"2";"2";"17";"1";""
"202200005209";"804 718";"A01";"3";"7";"0";"1";"3";"1";"1";""
"202200005210";"804 712";"A01";"3";"7";"0";"2";"0";"2";"1";""
"202200005210";"804 714";"B01";"3";"50";"0";"2";"0";"2";"3";""
"202200005211";"804 709";"A01";"2";"33";"0";"2";"1";"17";"1";""
"202200005211";"804 713";"B01";"1";"3";"0";"2";"1";"1";"1";""
"202200005212";"804 708";"B01";"1";"7";"0";"2";"3";"0";" -1";""
"202200005212";"804 710";"A01";"1";"7";"0";"2";"7";"1";"1";""
"202200005213";"804 706";"A01";"3";"7";"1";"0";"1";"1";"1";""
"202200005214";"804 702";"A01";"2";"33";"0";"2";"1";"1";"1";""
"202200005214";"804 705";"B01";"2";"7";"0";"2";"4";"1";"1";""
"202200005215";"804 701";"B01";"2";"7";"0";"2";"6";"15";"1";""
"202200005215";"804 703";"A01";"2";"34";"0";"2";"3";"17";" -1";""
"202200005216";"804 699";"Z01";"1";"2";"0";"1";"0";"1";"1";""
"202200005217";"804 696";"A01";"1";"7";"0";"1";"1";"26";"1";""
"202200005218";"804 698";"A01";"1";"33";"1";"0";"1";"0";"1";""
"202200005219";"804 694";"A01";"3";"30";"0";"2";"1";"16";"1";""
"202200005219";"804 697";"B01";"3";"14";"0";"2";"3";"1";"1";""
"202200005220";"804 692";"A01";"1";"7";"0";"9";"1";"15";"1";""
"202200005220";"804 693";"B01";"1";"33";"0";"2";"1";"1";"1";""
"202200005221";"804 688";"B01";"1";"14";"0";"2";"6";"1";"1";""
"202200005221";"804 691";"A01";"1";"10";"0";"2";"2";"2";"1";""
"202200005222";"804 687";"A01";"2";"0";"0";"1";"1";"17";"0";""
"202200005223";"804 690";"B01";"1";"7";"0";"2";"8";"1";"1";""
"202200005223";"804 695";"A01";"1";"7";"0";"2";"1";"1";"2";""
"202200005224";"804 686";"A01";"2";"31";"0";"2";"7";"17";"1";""
"202200005224";"804 689";"B01";"1";"7";"0";"2";"2";"15";"1";""
"202200005225";"804 685";"A01";"1";"7";"0";"1";"2";"26";"1";""
"202200005226";"804 684";"A01";"2";"10";"0";"1";"3";"13";"1";""
"202200005227";"804 683";"A01";"1";"32";"14";"0";"7";"16";"1";""
"202200005228";"804 682";"A01";"1";"7";"0";"1";"7";"1";"1";""
"202200005229";"804 675";"B01";"2";"1";"0";"2";"0";"2";"5";""
"202200005229";"804 678";"A01";"2";"30";"0";"2";"0";"2";"1";""
"202200005230";"804 679";"B01";"3";"33";"0";"2";"3";"0";"1";""
"202200005230";"804 681";"A01";"2";"7";"0";"2";"1";"0";"1";""
"202200005231";"804 674";"B01";"1";"7";"0";"2";"1";"0";"1";""
"202200005231";"804 676";"A01";"2";"10";"14";"2";"2";"5";"1";""
"202200005232";"804 671";"A01";"1";"7";"0";"1";"3";"15";"1";""
"202200005233";"804 670";"A01";"2";"50";"0";"2";"3";"1";"3";""
"202200005233";"804 672";"B01";"1";"30";"0";"2";"2";"15";"1";""
"202200005234";"804 673";"A01";"2";"7";"2";"0";"1";"0";"1";""
"202200005235";"804 668";"A01";"2";"33";"0";"2";"5";"3";"1";""
"202200005235";"804 669";"B01";"3";"7";"0";"2";"0";"0";"1";""
"202200005236";"804 666";"A01";"1";"7";"0";"1";"1";"1";"1";""
"202200005237";"804 667";"A01";"1";"32";"0";"0";"0";"14";"1";""
"202200005238";"804 661";"B01";"2";"50";"0";"2";"1";"1";"3";""
"202200005238";"804 663";"A01";"1";"10";"0";"2";"3";"20";"1";""
"202200005239";"804 662";"A01";"3";"7";"0";"2";"3";"0";"3";""
"202200005239";"804 665";"B01";"3";"50";"0";"2";"7";"0";"3";""
"202200005240";"804 660";"B01";"1";"7";"0";"2";"3";"1";"1";""
"202200005240";"804 664";"A01";"2";"99";"0";"2";"1";"13";"1";""
"202200005241";"804 656";"A01";"1";"33";"0";"2";"1";"2";"1";""
"202200005241";"804 659";"B01";"1";"7";"0";"2";"6";"2";"1";""
"202200005242";"804 657";"A01";"1";"10";"0";"1";"4";"20";"3";""
"202200005243";"804 654";"B01";"0";"31";"0";"2";"0";"0";"1";""
"202200005243";"804 658";"A01";"0";"7";"0";"2";"5";"15";"1";""
"202200005244";"804 652";"A01";"1";"32";"0";"2";"3";"1";"1";""
"202200005244";"804 655";"B01";"1";"7";"0";"2";"3";"1";"1";""
"202200005245";"804 650";"B01";"1";"50";"0";"2";"7";"1";"3";""
"202200005245";"804 653";"A01";"1";"7";"0";"2";"3";"9";"1";""
"202200005246";"804 648";"B01";"1";"7";"0";"2";"3";"1";"1";""
"202200005246";"804 649";"A01";"2";"30";"0";"2";"3";"13";"1";""
"202200005247";"804 646";"A01";"2";"34";"1";"0";"3";"1";"1";""
"202200005248";"804 647";"A01";"3";"99";"8";"0";"1";"13";"1";""
"202200005249";"804 645";"B01";"0";"1";"0";"2";"8";"19";"5";""
"202200005249";"804 651";"A01";"0";"7";"0";"9";"2";"16";"1";""
"202200005250";"804 643";"A01";"3";"31";"0";"0";"0";"15";"1";""
"202200005251";"804 641";"B01";"2";"50";"0";"2";"8";"1";"3";""
"202200005251";"804 644";"A01";"2";"7";"0";"2";"1";"1";"1";""
"202200005252";"804 640";"A01";"3";"7";"0";"1";"3";"1";"1";""
"202200005253";"804 642";"A01";"2";"7";"0";"1";"1";"15";"1";""
"202200005254";"804 635";"B01";"1";"50";"0";"2";"1";"1";"3";""
"202200005254";"804 638";"A01";"1";"31";"0";"2";"3";"1";"6";""
"202200005255";"804 634";"A01";"2";"10";"0";"2";"1";"1";"1";""
"202200005255";"804 637";"B01";"2";"7";"0";"2";"4";"1";"1";""
"202200005256";"804 633";"B01";"2";"7";"0";"2";"1";"15";"1";""
"202200005256";"804 639";"A01";"2";"7";"0";"2";"1";"1";"1";""
"202200005257";"804 632";"A01";"2";"7";"0";"2";"4";"1";"1";""
"202200005257";"804 636";"[01";"1";"7";" -1";" -1";" -1";"0";" -1";""
"202200005258";"804 630";"B01";"2";"33";"0";"2";"1";"16";"1";""
"202200005258";"804 631";"A01";"1";"33";"0";"2";"1";"15";"0";""
"202200005259";"804 628";"A01";"3";"7";"0";"2";"7";"17";"0";""
"202200005259";"804 629";"B01";"3";"1";"0";"2";"8";"1";"6";""
"202200005260";"804 623";"B01";"0";"7";"0";"0";"6";"16";"0";""
"202200005260";"804 626";"A01";"0";"7";"0";"2";"8";"14";"0";""
"202200005261";"804 624";"A01";"3";"7";"0";"2";"2";"1";"1";""
"202200005261";"804 625";"B01";"3";"99";"0";"2";"3";"13";"1";""
"202200005262";"804 620";"Z01";"1";"7";"0";"2";"3";"18";"1";""
"202200005262";"804 621";"A01";"1";"7";"0";"2";"2";"17";"1";""
"202200005263";"804 618";"Z01";"1";"7";"0";"1";"0";"0";"0";""
"202200005264";"804 616";"B01";"2";"7";"0";"2";"0";"16";"1";""
"202200005264";"804 619";"A01";"2";"31";"0";"2";"1";"17";"1";""
"202200005265";"804 615";"A01";"2";"7";"4";"0";"1";"1";"1";""
"202200005266";"804 613";"A01";"1";"7";"0";"0";"9";"1";"1";""
"202200005267";"804 612";"B01";"3";"7";"0";"2";"4";"2";"1";""
"202200005267";"804 617";"A01";"0";"7";"0";"2";"1";"2";"1";""
"202200005268";"804 611";"B01";"1";"7";"0";"2";"4";"1";"1";""
"202200005268";"804 614";"A01";"1";"7";"0";"2";"1";"1";"1";""
"202200005269";"804 609";"A01";"3";"7";"0";"2";"8";"10";"1";""
"202200005269";"804 610";"B01";"3";"32";"0";"2";"1";"1";"1";""
"202200005270";"804 604";"A01";"1";"7";"0";"1";"3";"15";"1";""
"202200005271";"804 605";"A01";"1";"10";"0";"2";"3";"13";"1";""
"202200005271";"804 608";"B01";"2";"7";"0";"2";"3";"0";"1";""
"202200005272";"804 607";"A01";"3";"7";"4";"0";"1";"6";"1";""
"202200005273";"804 602";"A01";"2";"7";"0";"0";"0";"13";"1";""
"202200005274";"804 603";"B01";"2";"7";"0";"2";"2";"1";"1";""
"202200005274";"804 606";"A01";"1";"7";"0";"2";"1";"15";"1";""
"202200005275";"804 597";"B01";"2";"7";"0";"2";"4";"2";"1";""
"202200005275";"804 600";"A01";"2";"7";"0";"2";"1";"2";"1";""
"202200005276";"804 596";"A01";"1";"7";"0";"2";"5";"15";"1";""
"202200005276";"804 601";"B01";"2";"33";"0";"2";"8";"1";"1";""
"202200005277";"804 594";"A01";"3";"7";"0";"2";"9";"1";"1";""
"202200005277";"804 598";"B01";"3";"7";"0";"2";"3";"1";"1";""
"202200005278";"804 593";"A01";"1";"7";"0";"2";"1";"2";"1";""
"202200005278";"804 595";"B01";"1";"7";"0";"2";"4";"2";"1";""
"202200005278";"804 599";"C01";"1";"7";"0";"2";"4";"2";"1";""
"202200005279";"804 590";"A01";"1";"7";"0";"2";"1";"2";"1";""
"202200005279";"804 592";"B01";"1";"7";"0";"2";"4";"2";"1";""
"202200005280";"804 587";"A01";"3";"7";"0";"1";"1";"1";"1";""
"202200005281";"804 589";"A01";"1";"7";"6";"0";"1";"15";"1";""
"202200005282";"804 588";"A01";"1";"7";"0";"1";"0";"16";"1";""
"202200005283";"804 586";"B01";"1";"7";"0";"2";"4";"1";"1";""
"202200005283";"804 591";"A01";"1";"7";"0";"2";"1";"1";"1";""
"202200005284";"804 578";"A01";"1";"50";"0";"2";"0";"0";"3";""
"202200005284";"804 583";"B01";"1";"7";"0";"2";"0";"0";"1";""
"202200005285";"804 580";"A01";"1";"7";"5";"0";"1";"1";"1";""
"202200005286";"804 579";"A01";"3";"7";"1";"0";"2";"1";"1";""
"202200005287";"804 577";"A01";"0";"7";"0";"2";"2";"1";"1";""
"202200005287";"804 582";"B01";"1";"7";"0";"2";"4";"1";"1";""
"202200005287";"804 585";"C01";"0";"7";"0";"2";"4";"1";"1";""
"202200005288";"804 572";"A01";"1";"7";"0";"0";"3";"1";"1";""
"202200005288";"804 576";"B01";"2";"30";"0";"9";"0";"1";"1";""
"202200005289";"804 574";"A01";"0";"7";"0";"1";"1";"1";"1";""
"202200005290";"804 569";"A01";"1";"7";"0";"2";"3";"13";"1";""
"202200005290";"804 573";"B01";"2";"7";"0";"2";"3";"1";"1";""
"202200005291";"804 571";"B01";"3";"7";"0";"2";"8";"1";"1";""
"202200005291";"804 575";"A01";"3";"7";"0";"2";"3";"15";"1";""
"202200005292";"804 568";"A01";"3";"32";"0";"2";"1";"17";"1";""
"202200005292";"804 570";"B01";"3";"7";"0";"2";"3";"15";"1";""
"202200005293";"804 565";"B01";"2";"7";"0";"2";"3";"1";"1";""
"202200005293";"804 567";"A01";"2";"7";"0";"2";"3";"15";"1";""
"202200005294";"804 562";"A01";"3";"7";"0";"2";"1";"0";"1";""
"202200005294";"804 566";"B01";"1";"10";"0";"2";"6";"1";"1";""
"202200005295";"804 563";"B01";"1";"7";"0";"2";"1";"1";"1";""
"202200005295";"804 564";"A01";"2";"7";"0";"2";"1";"1";"1";""
"202200005296";"804 559";"A01";"1";"7";"0";"1";"1";"1";"1";""
"202200005297";"804 558";"B01";"3";"2";"0";"2";"7";"12";"1";""
"202200005297";"804 561";"A01";"1";"7";"0";"2";"3";"9";"1";""
"202200005298";"804 557";"B01";"2";"7";"0";"2";"1";"1";"1";""
"202200005298";"804 560";"A01";"1";"7";"0";"2";"1";"13";"1";""
"202200005299";"804 554";"B01";"1";"50";"1";"0";"2";"2";"3";""
"202200005299";"804 556";"A01";"1";"10";"0";"9";"3";"22";"1";""
"202200005300";"804 553";"B01";"2";"7";"0";"2";"3";"13";"0";""
"202200005300";"804 555";"A01";"1";"31";"0";"2";"8";"1";"1";""
"202200005301";"804 552";"A01";"2";"7";"14";"0";"3";"13";"2";""
"202200005302";"804 551";"A01";"3";"7";"0";"1";"1";"20";"1";""
"202200005303";"804 550";"A01";"1";"7";"0";"1";"2";"1";"2";""
"202200005304";"804 547";"A01";"1";"31";"0";"6";"9";"1";"1";""
"202200005305";"804 545";"A01";"2";"7";"0";"2";"2";"19";"1";""
"202200005305";"804 548";"B01";"2";"3";"0";"2";"9";"2";"1";""
"202200005305";"804 549";"C01";"1";"7";"0";"2";"2";"2";"1";""
"202200005306";"804 543";"B01";"2";"33";"0";"2";"7";"16";"1";""
"202200005306";"804 546";"A01";"2";"7";"0";"2";"1";"19";"1";""
"202200005307";"804 541";"A01";"1";"7";"0";"9";"1";"1";"1";""
"202200005307";"804 544";"B01";"1";"3";"0";"2";"4";"1";"1";""
"202200005308";"804 537";"A01";"2";"7";"0";"2";"3";"9";"1";""
"202200005308";"804 540";"B01";"2";"34";"0";"2";"5";"16";"1";""
"202200005309";"804 539";"A01";"3";"7";"0";"2";"1";"2";"1";""
"202200005309";"804 542";"B01";"3";"7";"0";"2";"5";"1";"1";""
"202200005310";"804 536";"A01";"2";"7";"0";"0";"5";"15";"1";""
"202200005310";"804 538";"B01";"1";"7";"0";"2";"2";"1";"1";""
"202200005311";"804 534";"A01";"0";"7";"4";"0";"1";"1";"1";""
"202200005312";"804 533";"B01";"1";"50";"0";"0";"4";"1";"3";""
"202200005312";"804 535";"A01";"1";"10";"0";"2";"1";"14";"1";""
"202200005313";"804 529";"B01";"2";"10";"0";"2";"3";"1";"1";""
"202200005313";"804 532";"A01";"1";"10";"0";"2";"1";"1";"2";""
"202200005314";"804 523";"B01";"2";"7";"0";"2";"3";"1";"1";""
"202200005314";"804 526";"A01";"1";"7";"0";"2";"3";"15";"1";""
"202200005315";"804 521";"A01";"1";"7";"9";"0";"0";"1";"1";""
"202200005316";"804 522";"A01";"1";"7";"0";"2";"3";"9";"1";""
"202200005316";"804 524";"B01";"1";"33";"0";"2";"1";"1";"1";""
"202200005317";"804 530";"A01";"1";"15";"6";"0";"3";"1";"1";""
"202200005318";"804 525";"B01";"3";"10";"0";"2";"1";"1";"1";""
"202200005318";"804 528";"A01";"3";"14";"9";"0";"8";"1";"1";""
"202200005319";"804 519";"A01";"2";"33";"3";"0";"8";"2";"1";""
"202200005320";"804 527";"B01";"3";"33";"0";"2";"1";"1";"1";""
"202200005320";"804 531";"A01";"3";"20";"0";"2";"3";"15";"1";""
"202200005321";"804 520";"A01";"1";"7";"0";"1";"1";"1";"1";""
"202200005322";"804 517";"A01";"2";"7";"14";"0";"1";"2";"1";""
"202200005323";"804 518";"A01";"3";"33";"0";"0";"8";"26";"1";""
"202200005324";"804 513";"A01";"2";"50";"0";"2";"8";"10";"3";""
"202200005324";"804 516";"B01";"2";"7";"0";"2";"1";"17";"1";""
"202200005325";"804 509";"A01";"2";"50";"0";"2";"1";"1";"3";""
"202200005325";"804 510";"B01";"2";"7";"0";"2";"4";"23";"2";""
"202200005326";"804 511";"A01";"1";"10";"0";"2";"6";"15";"1";""
"202200005326";"804 515";"B01";"3";"31";"0";"2";"1";"2";"1";""
"202200005327";"804 505";"B01";"2";"33";"0";"2";"8";"1";"1";""
"202200005327";"804 508";"A01";"1";"7";"0";"2";"3";"15";"1";""
"202200005328";"804 504";"A01";"1";"2";"0";"1";"7";"8";"1";""
"202200005329";"804 503";"A01";"2";"7";"0";"2";"8";"15";"1";""
"202200005329";"804 506";"B01";"1";"7";"0";"2";"1";"1";"1";""
"202200005330";"804 502";"A01";"1";"7";"0";"2";"2";"15";"1";""
"202200005330";"804 507";"B01";"1";"7";"0";"2";"1";"1";"1";""
"202200005331";"804 500";"A01";"1";"2";"12";"0";"2";"15";"1";""
"202200005332";"804 496";"B01";"2";"1";"0";"2";"1";"1";"5";""
"202200005332";"804 498";"A01";"2";"7";"0";"2";"2";"15";"1";""
"202200005333";"804 497";"B01";"1";"14";"0";"2";"3";"1";"1";""
"202200005333";"804 499";"A01";"1";"7";"12";"2";"3";"5";"1";""
"202200005334";"804 495";"A01";"1";"7";"0";"1";"1";"1";"1";""
"202200005335";"804 494";"A01";"0";"2";"15";"0";"2";"0";"1";""
"202200005336";"804 491";"A01";"1";"7";"0";"1";"1";"9";"1";""
"202200005337";"804 488";"B01";"1";"7";"0";"0";"0";"0";"1";""
"202200005337";"804 492";"A01";"1";"2";"0";"0";"6";"15";"1";""
"202200005338";"804 489";"A01";"1";"33";"0";"2";"3";"17";"1";""
"202200005338";"804 490";"B01";"2";"10";"0";"2";"8";"1";"1";""
"202200005338";"804 493";"C01";"1";"7";"0";"2";"8";"1";"1";""
"202200005339";"804 487";"A01";"3";"7";"0";"1";"1";"9";"1";""
"202200005340";"804 486";"A01";"1";"7";"13";"0";"2";"13";"1";""
"202200005341";"804 483";"A01";"1";"7";"0";"1";"2";"16";"1";""
"202200005342";"804 480";"B01";"1";"7";"0";"2";"1";"1";"1";""
"202200005342";"804 485";"A01";"2";"7";"0";"2";"3";"19";"1";""
"202200005343";"804 478";"A01";"2";"7";"0";"1";"2";"2";"1";""
"202200005344";"804 481";"B01";"2";"1";"0";"2";"8";"2";"5";""
"202200005344";"804 484";"A01";"2";"7";"0";"2";"2";"2";"1";""
"202200005345";"804 476";"B01";"3";"50";"0";"2";"7";"9";"3";""
"202200005345";"804 477";"A01";"3";"7";"0";"2";"6";"1";"1";""
"202200005346";"804 479";"B01";"2";"7";"0";"0";"0";"16";" -1";""
"202200005346";"804 482";"A01";"2";"31";"0";"2";"0";"21";"1";""
"202200005347";"804 475";"A01";"3";"7";"0";"1";"2";"2";"1";""
"202200005348";"804 473";"A01";"1";"7";"0";"1";"1";"15";"1";""
"202200005349";"804 470";"A01";"2";"7";"0";"0";"0";"0";"1";""
"202200005349";"804 472";"B01";"1";"10";"0";"2";"8";"1";"1";""
"202200005350";"804 471";"B01";"3";"34";"0";"2";"1";"26";"1";""
"202200005350";"804 474";"A01";"3";"32";"0";"1";"1";"17";"1";""
"202200005351";"804 467";"B01";"1";"15";"0";"2";"6";"2";"1";""
"202200005351";"804 469";"A01";"1";"10";"0";"2";"2";"17";"1";""
"202200005352";"804 463";"B01";"3";"1";"0";"2";"5";"9";"5";""
"202200005352";"804 466";"A01";"1";"7";"0";"2";"2";"9";"1";""
"202200005353";"804 464";"B01";"3";"7";"0";"2";"8";"15";"1";""
"202200005353";"804 468";"A01";"3";"2";"0";"2";"1";"17";"3";""
"202200005354";"804 462";"B01";"2";"2";"0";"2";"3";"1";"1";""
"202200005354";"804 465";"A01";"3";"10";"0";"2";"1";"19";"1";""
"202200005355";"804 460";"A01";"0";"7";"1";"0";"1";"26";"1";""
"202200005356";"804 457";"A01";"3";"7";"6";"0";"1";"1";"1";""
"202200005357";"804 458";"A01";"1";"10";"0";"2";"1";"2";"1";""
"202200005357";"804 461";"B01";"1";"7";"0";"0";"4";"2";"1";""
"202200005358";"804 456";"B01";"2";"2";"0";"2";"1";"1";"1";""
"202200005358";"804 459";"A01";"2";"7";"0";"2";"3";"16";"2";""
"202200005359";"804 455";"A01";"2";"7";"4";"0";"9";"1";"1";""
"202200005360";"804 453";"A01";"1";"7";"0";"1";"2";"1";"1";""
"202200005361";"804 452";"A01";"1";"7";"0";"2";"3";"15";"1";""
"202200005361";"804 454";"B01";"1";"33";"0";"2";"1";"2";"1";""
"202200005362";"804 448";"A01";"2";"7";"0";"2";"1";"1";"1";""
"202200005362";"804 450";"B01";"2";"7";"0";"2";"0";"0";"1";""
"202200005363";"804 449";"A01";"1";"7";"0";"2";"2";"1";"1";""
"202200005363";"804 451";"B01";"2";"50";"0";"2";"1";"1";"3";""
"202200005364";"804 447";"A01";"0";"33";"0";"0";"8";"1";"1";""
"202200005365";"804 445";"A01";"1";"7";"14";"2";"6";"15";"2";""
"202200005365";"804 446";"B01";"1";"33";"0";"2";"2";"17";"1";""
"202200005366";"804 442";"B01";"3";"7";"0";"2";"2";"1";"1";""
"202200005366";"804 444";"A01";"3";"50";"0";"2";"7";"19";"3";""
"202200005367";"804 440";"A01";"1";"3";"0";"2";"3";"19";"1";""
"202200005367";"804 443";"B01";"1";"30";"0";"2";"7";"1";"1";""
"202200005368";"804 439";"A01";"1";"7";"0";"1";"7";"1";"1";""
"202200005369";"804 437";"A01";"1";"7";"13";"0";"8";"9";"1";""
"202200005370";"804 438";"A01";"2";"7";"0";"2";"8";"11";"1";""
"202200005370";"804 441";"B01";"2";"33";"0";"2";"7";"15";"1";""
"202200005371";"804 433";"A01";"1";"7";"0";"1";"2";"26";"1";""
"202200005372";"804 430";"A01";"1";"33";"0";"2";"5";"1";"1";""
"202200005372";"804 434";"B01";"2";"7";"0";"2";"2";"19";"1";""
"202200005373";"804 431";"B01";"3";"1";"0";"2";"3";"26";"5";""
"202200005373";"804 436";"A01";"3";"7";"0";"9";"1";"9";"1";""
"202200005374";"804 428";"D01";"2";"7";"0";"2";"4";"1";"1";""
"202200005374";"804 429";"C01";"2";"7";"0";"2";"4";"1";"1";""
"202200005374";"804 432";"B01";"2";"7";"0";"2";"4";"1";"1";""
"202200005374";"804 435";"A01";"2";"7";"0";"2";"1";"2";"1";""
"202200005375";"804 426";"A01";"1";"33";"0";"0";"0";"2";"1";""
"202200005376";"804 424";"B01";"1";"17";"0";"2";"1";"0";"1";""
"202200005376";"804 427";"A01";"2";"7";"0";"2";"1";"26";"1";""
"202200005377";"804 422";"B01";"2";"37";"0";"2";"1";"0";"1";"1"
"202200005377";"804 423";"A01";"1";"7";"0";"2";"1";"13";"1";""
"202200005378";"804 421";"A01";"3";"7";"0";"9";"1";"9";"1";""
"202200005378";"804 425";"B01";"3";"50";"0";"2";"7";"1";"3";""
"202200005379";"804 419";"A01";"2";"7";"0";"0";"4";"0";"0";""
"202200005379";"804 420";"B01";"2";"33";"0";"0";"1";"0";"0";""
"202200005380";"804 416";"A01";"1";"7";"0";"2";"3";"15";"1";""
"202200005380";"804 418";"B01";"1";"50";"0";"2";"1";"25";"3";""
"202200005381";"804 413";"A01";"1";"30";"0";"2";"1";"19";"1";""
"202200005381";"804 417";"B01";"2";"7";"0";"2";"7";"1";"2";""
"202200005382";"804 412";"A01";"2";"10";"0";"2";"1";"16";"1";""
"202200005382";"804 415";"B01";"3";"1";"0";"2";"0";"0";"5";""
"202200005383";"804 411";"B01";"1";"7";"0";"2";"3";"15";"1";""
"202200005383";"804 414";"A01";"1";"33";"0";"2";"1";"17";"1";""
"202200005384";"804 409";"A01";"2";"7";"13";"0";"9";"1";"1";""
"202200005385";"804 406";"A01";"2";"7";"2";"0";"1";"14";"1";""
"202200005386";"804 405";"A01";"1";"2";"0";"2";"1";"26";"1";""
"202200005386";"804 408";"B01";"1";"7";"0";"2";"7";"13";"1";""
"202200005387";"804 402";"D01";"2";"37";"0";"2";"6";"23";"1";"1"
"202200005387";"804 404";"C01";"1";"37";"0";"2";"6";"23";"1";"1"
"202200005387";"804 407";"B01";"2";"7";"0";"2";"2";"23";"1";""
"202200005387";"804 410";"A01";"1";"7";"0";"2";"9";"16";"1";""
"202200005388";"804 401";"B01";"3";"50";"0";"2";"1";"1";"3";""
"202200005388";"804 403";"A01";"1";"10";"0";"9";"3";"9";"1";""
"202200005389";"804 398";"B01";"1";"7";"0";"2";"1";"1";"1";""
"202200005389";"804 399";"A01";"1";"30";"0";"2";"1";"26";"1";""
"202200005390";"804 394";"A01";"3";"7";"0";"0";"1";"26";"1";""
"202200005391";"804 393";"A01";"2";"31";"0";"2";"7";"3";"1";""
"202200005391";"804 396";"B01";"2";"7";"0";"2";"7";"2";"1";""
"202200005392";"804 391";"A01";"2";"3";"1";"0";"1";"1";"1";""
"202200005393";"804 390";"A01";"1";"7";"2";"0";"8";"21";"1";""
"202200005394";"804 387";"A01";"3";"32";"0";"2";"8";"17";"1";""
"202200005394";"804 389";"B01";"3";"7";"0";"2";"7";"21";"1";""
"202200005395";"804 386";"A01";"3";"33";"0";"2";"1";"17";"1";""
"202200005395";"804 388";"B01";"3";"7";"0";"2";"3";"1";"1";""
"202200005395";"804 392";"C01";"3";"7";"0";"2";"2";"1";"1";""
"202200005396";"804 385";"A01";"2";"30";"0";"0";"0";"0";"1";""
"202200005397";"804 384";"A01";"1";"7";"13";"0";"2";"1";"2";""
"202200005398";"804 382";"B01";"1";"7";"0";"2";"2";"12";"1";""
"202200005398";"804 383";"A01";"1";"33";"0";"2";"3";"3";"1";""
"202200005399";"804 381";"A01";"1";"10";"0";"1";"3";"26";"1";""
"202200005400";"804 378";"A01";"0";"7";"1";"2";"6";"16";"1";""
"202200005400";"804 380";"B01";"2";"7";"1";"2";"2";"1";"1";""
"202200005401";"804 377";"B01";"3";"2";"0";"2";"8";"1";"1";""
"202200005401";"804 379";"A01";"3";"7";"0";"2";"2";"16";"1";""
"202200005402";"804 375";"A01";"2";"31";"0";"0";"7";"21";"1";""
"202200005403";"804 374";"A01";"3";"7";"0";"2";"1";"15";"2";""
"202200005403";"804 376";"B01";"1";"7";"0";"2";"8";"1";"1";""
"202200005404";"804 370";"A01";"1";"50";"11";"0";"1";"1";"3";""
"202200005405";"804 369";"Z01";"0";"7";"0";"2";"1";"2";"1";""
"202200005405";"804 373";"B01";"1";"33";"1";"2";"4";"15";"1";""
"202200005406";"804 366";"Z01";"2";"7";"0";"2";"1";"1";"1";""
"202200005406";"804 367";"B01";"2";"7";"0";"2";"6";"2";"2";""
"202200005406";"804 371";"A01";"2";"34";"0";"2";"4";"2";"1";""
"202200005407";"804 363";"B01";"1";"7";"0";"2";"3";"1";"1";""
"202200005407";"804 365";"A01";"1";"33";"0";"2";"2";"19";"1";""
"202200005408";"804 359";"B01";"2";"30";"0";"2";"1";"18";"1";""
"202200005408";"804 362";"A01";"1";"7";"0";"2";"1";"15";"1";""
"202200005409";"804 358";"B01";"2";"7";"0";"2";"5";"1";"1";""
"202200005409";"804 360";"A01";"2";"7";"0";"2";"3";"12";"1";""
"202200005410";"804 356";"C01";"2";"7";"0";"2";"3";"1";"1";""