"Num_Acc";"id_vehicule";"num_veh";"senc";"catv";"obs";"obsm";"choc";"manv";"motor";"occutc"
"202200005410";"804 361";"B01";"2";"7";"0";"2";"1";"1";"1";""
"202200005410";"804 364";"A01";"1";"7";"0";"2";"3";"13";"1";""
"202200005411";"804 355";"A01";"3";"7";"0";"2";"2";"1";"1";""
"202200005411";"804 357";"B01";"3";"30";"0";"2";"1";"1";"1";""
"202200005412";"804 354";"A01";"2";"2";"0";"0";"0";"1";"1";""
"202200005413";"804 351";"B01";"1";"31";"0";"2";"7";"1";"1";""
"202200005413";"804 353";"A01";"1";"33";"0";"2";"4";"12";"1";""
"202200005414";"804 350";"A01";"1";"34";"0";"1";"6";"21";"1";""
"202200005415";"804 349";"A01";"1";"33";"0";"0";"1";"1";"1";""
"202200005415";"804 352";"B01";"2";"7";"0";"2";"2";"15";"1";""
"202200005416";"804 346";"A01";"1";"34";"0";"0";"8";"1";"1";""
"202200005417";"804 344";"A01";"3";"7";"0";"2";"2";"9";"1";""
"202200005417";"804 348";"B01";"3";"33";"0";"2";"3";"1";"1";""
"202200005418";"804 343";"A01";"1";"14";"0";"2";"1";"2";"1";""
"202200005418";"804 347";"B01";"1";"7";"0";"2";"4";"2";"1";""
"202200005419";"804 341";"A01";"1";"7";"0";"2";"4";"26";"2";""
"202200005419";"804 345";"B01";"0";"7";"0";"2";"1";"0";"1";""
"202200005420";"804 335";"A01";"1";"7";"0";"2";"3";"14";"1";""
"202200005420";"804 338";"B01";"1";"7";"0";"2";"6";"12";"1";""
"202200005421";"804 336";"A01";"1";"43";"0";"2";"1";"2";"1";""
"202200005421";"804 339";"B01";"1";"7";"0";"2";"6";"2";"2";""
"202200005422";"804 333";"C01";"1";"7";"0";"2";"4";"1";"1";""
"202200005422";"804 337";"B01";"1";"7";"0";"2";"4";"1";"1";""
"202200005422";"804 340";"A01";"1";"7";"0";"2";"1";"1";"1";""
"202200005423";"804 331";"A01";"2";"7";"1";"1";"1";"19";"1";""
"202200005424";"804 332";"A01";"1";"7";"0";"2";"1";"0";"1";""
"202200005424";"804 334";"B01";"1";"7";"0";"2";"4";"0";"1";""
"202200005425";"804 330";"A01";"1";"32";"11";"0";"1";"13";"1";""
"202200005426";"804 327";"A01";"1";"7";"0";"1";"1";"15";"2";""
"202200005427";"804 326";"A01";"2";"32";"0";"2";"1";"3";"3";""
"202200005427";"804 329";"Z01";"2";"7";"0";"2";"5";"18";"0";""
"202200005428";"804 325";"B01";"2";"7";"0";"2";"1";"2";"1";""
"202200005428";"804 328";"A01";"2";"7";"0";"2";"4";"2";"1";""
"202200005429";"804 324";"A01";"2";"1";"0";"0";"1";"15";"5";""
"202200005430";"804 321";"A01";"1";"7";"7";"0";"1";"1";"2";""
"202200005431";"804 320";"B01";"1";"7";"0";"2";"5";"12";"1";""
"202200005431";"804 323";"A01";"1";"31";"0";"2";"8";"3";"1";""
"202200005432";"804 319";"B01";"2";"10";"0";"2";"1";"2";"1";""
"202200005432";"804 322";"A01";"2";"17";"0";"2";"4";"23";"1";""
"202200005433";"804 316";"A01";"2";"1";"0";"2";"1";"2";"5";""
"202200005433";"804 318";"B01";"2";"7";"0";"2";"6";"2";"1";""
"202200005434";"804 313";"A01";"2";"14";"0";"1";"1";"1";"1";""
"202200005435";"804 311";"C01";"1";"7";"0";"0";"0";"0";"1";""
"202200005435";"804 314";"B01";"1";"7";"0";"0";"6";"0";"1";""
"202200005435";"804 317";"A01";"1";"7";"0";"0";"3";"0";"1";""
"202200005436";"804 309";"A01";"2";"1";"0";"2";"1";"13";"5";""
"202200005436";"804 310";"B01";"1";"1";"0";"2";"1";"1";"5";""
"202200005437";"804 306";"A01";"1";"33";"0";"1";"7";"1";"1";""
"202200005438";"804 304";"B01";"1";"33";"0";"2";"2";"2";"1";""
"202200005438";"804 307";"A01";"1";"7";"0";"2";"6";"2";"1";""
"202200005439";"804 305";"B01";"0";"7";"0";"2";"2";"1";"0";""
"202200005439";"804 308";"A01";"0";"7";"0";"2";"3";"1";"0";""
"202200005440";"804 301";"Z01";"1";"10";"0";"2";"0";"12";"1";""
"202200005440";"804 303";"A01";"1";"32";"0";"2";"0";"1";"1";""
"202200005441";"804 300";"A01";"2";"30";"0";"1";"1";"21";"1";""
"202200005442";"804 298";"A01";"2";"33";"0";"2";"2";"11";"1";""
"202200005442";"804 299";"B01";"2";"7";"0";"2";"5";"1";"1";""
"202200005442";"804 302";"C01";"2";"7";"0";"2";"8";"1";"1";""
"202200005443";"804 297";"A01";"2";"7";"0";"1";"4";"4";"1";""
"202200005444";"804 295";"A01";"1";"1";"0";"1";"1";"1";"5";""
"202200005445";"804 293";"A01";"0";"7";"0";"0";"0";"26";"1";""
"202200005446";"804 292";"A01";"1";"10";"0";"1";"2";"1";"1";""
"202200005447";"804 294";"A01";"1";"7";"8";"2";"1";"1";"1";""
"202200005447";"804 296";"B01";"2";"10";"1";"2";"5";"1";"1";""
"202200005448";"804 291";"A01";"1";"32";"0";"0";"8";"21";"1";""
"202200005449";"804 287";"A01";"2";"10";"11";"2";"2";"1";"1";""
"202200005449";"804 288";"B01";"2";"7";"0";"2";"8";"1";"1";""
"202200005450";"804 286";"Z01";"3";"15";"0";"2";"4";"4";"0";""
"202200005450";"804 289";"A01";"1";"50";"0";"2";"2";"7";"3";""
"202200005451";"804 285";"A01";"2";"7";"0";"2";"7";"2";"1";""
"202200005451";"804 290";"B01";"2";"7";"0";"2";"8";"2";"1";""
"202200005452";"804 283";"B01";"2";"32";"0";"2";"7";"1";"1";""
"202200005452";"804 284";"A01";"1";"7";"0";"2";"2";"10";"1";""
"202200005453";"804 282";"A01";"2";"30";"0";"0";"0";"21";"1";""
"202200005454";"804 279";"A01";"1";"7";"0";"2";"7";"14";"1";""
"202200005454";"804 281";"B01";"1";"15";"0";"2";"8";"1";"1";""
"202200005455";"804 277";"A01";"1";"7";"0";"1";"1";"1";"1";""
"202200005456";"804 278";"B01";"1";"80";"0";"2";"3";"18";"3";""
"202200005456";"804 280";"A01";"1";"7";"0";"2";"2";"1";"1";""
"202200005457";"804 274";"A01";"0";"43";"12";"0";"1";"1";"1";""
"202200005458";"804 275";"A01";"1";"32";"0";"2";"7";"1";"1";""
"202200005458";"804 276";"Z01";"1";"7";"0";"2";"0";"13";"0";""
"202200005459";"804 272";"A01";"1";"7";"0";"2";"1";"2";"1";""
"202200005459";"804 273";"B01";"1";"7";"0";"2";"4";"1";"1";""
"202200005460";"804 270";"A01";"1";"1";"0";"0";"0";"1";"5";""
"202200005461";"804 268";"A01";"3";"10";"0";"1";"3";"5";"0";""
"202200005462";"804 267";"A01";"1";"30";"0";"2";"1";"2";"1";""
"202200005462";"804 271";"B01";"1";"7";"0";"2";"6";"2";"1";""
"202200005463";"804 266";"B01";"2";"7";"4";"2";"6";"1";"2";""
"202200005463";"804 269";"A01";"2";"14";"0";"2";"2";"1";"1";""
"202200005464";"804 264";"A01";"1";"7";"0";"2";"2";"16";"1";""
"202200005464";"804 265";"B01";"1";"30";"0";"2";"1";"1";"1";""
"202200005465";"804 262";"A01";"2";"7";"0";"1";"3";"1";"1";""
"202200005466";"804 260";"B01";"1";"7";"0";"2";"7";"1";"1";""
"202200005466";"804 263";"A01";"1";"33";"0";"2";"1";"3";"1";""
"202200005467";"804 261";"A01";"2";"10";"0";"1";"1";"16";"3";""
"202200005468";"804 257";"A01";"1";"30";"0";"2";"2";"15";"1";""
"202200005468";"804 259";"B01";"2";"7";"0";"2";"2";"1";"1";""
"202200005469";"804 256";"A01";"2";"7";"0";"2";"3";"2";"1";""
"202200005469";"804 258";"B01";"1";"33";"0";"2";"2";"15";"1";""
"202200005470";"804 255";"A01";"3";"7";"2";"0";"1";"0";"1";""
"202200005471";"804 253";"B01";"2";"31";"0";"2";"8";"1";"3";""
"202200005471";"804 254";"A01";"1";"7";"0";"2";"3";"15";"1";""
"202200005472";"804 249";"A01";"2";"50";"0";"2";"0";"0";"3";""
"202200005472";"804 252";"B01";"2";"7";"0";"2";"0";"0";"1";""
"202200005473";"804 248";"A01";"1";"7";"0";"2";"3";"15";"1";""
"202200005473";"804 251";"B01";"2";"33";"0";"2";"1";"1";"1";""
"202200005474";"804 247";"B01";"2";"7";"0";"2";"6";"1";"2";""
"202200005474";"804 250";"A01";"1";"30";"0";"2";"4";"16";"1";""
"202200005475";"804 245";"A01";"1";"7";"0";"2";"7";"1";"1";""
"202200005475";"804 246";"B01";"2";"7";"0";"2";"1";"1";"2";""
"202200005476";"804 243";"A01";"1";"7";"13";"0";"1";"1";"1";""
"202200005477";"804 244";"A01";"1";"7";"0";"1";"2";"1";"1";""
"202200005478";"804 242";"Z01";"1";"50";"0";"1";"7";"1";"3";""
"202200005479";"804 237";"B01";"2";"7";"0";"2";"3";"1";"1";""
"202200005479";"804 240";"A01";"1";"7";"0";"2";"3";"13";"1";""
"202200005480";"804 238";"B01";"2";"1";"0";"0";"2";"17";"5";""
"202200005480";"804 241";"A01";"2";"10";"0";"0";"3";"22";"1";""
"202200005481";"804 234";"A01";"2";"7";"2";"0";"9";"13";"1";""
"202200005482";"804 233";"C01";"3";"7";"0";"2";"4";"23";"1";""
"202200005482";"804 236";"B01";"3";"7";"0";"2";"4";"23";"1";""
"202200005482";"804 239";"A01";"3";"7";"0";"2";"1";"1";"1";""
"202200005483";"804 232";"A01";"2";"7";"0";"2";"2";"9";"2";""
"202200005483";"804 235";"B01";"1";"50";"0";"2";"3";"5";"3";""
"202200005484";"804 229";"A01";"1";"50";"0";"2";"7";"19";"3";""
"202200005484";"804 231";"B01";"1";"7";"0";"2";"1";"1";"1";""
"202200005485";"804 226";"A01";"1";"7";"0";"2";"1";"1";"1";""
"202200005485";"804 230";"B01";"2";"7";"0";"2";"2";"1";"1";""
"202200005486";"804 225";"B01";"3";"10";"0";"2";"0";"0";"0";""
"202200005486";"804 227";"A01";"0";"7";"0";"2";"1";"26";"1";""
"202200005487";"804 224";"A01";"3";"10";"0";"2";"7";"1";"1";""
"202200005487";"804 228";"B01";"3";"30";"0";"2";"1";"1";"1";""
"202200005488";"804 223";"A01";"1";"33";"12";"0";"1";"1";"1";""
"202200005489";"804 221";"A01";"3";"7";"0";"1";"1";"2";"1";""
"202200005490";"804 220";"B01";"3";"2";"0";"2";"5";"1";"1";""
"202200005490";"804 222";"A01";"3";"7";"0";"2";"3";"15";"1";""
"202200005491";"804 219";"A01";"1";"30";"0";"1";"1";"1";"1";""
"202200005492";"804 218";"A01";"1";"31";"0";"0";"7";"0";"1";""
"202200005493";"804 215";"A01";"1";"7";"0";"1";"1";"1";"1";""
"202200005494";"804 213";"B01";"0";"1";"0";"2";"0";"26";"5";""
"202200005494";"804 216";"A01";"3";"7";"0";"2";"3";"1";"1";""
"202200005495";"804 210";"D01";"0";"7";"0";"2";"1";"1";"1";""
"202200005495";"804 212";"C01";"0";"7";"0";"2";"3";"1";"1";""
"202200005495";"804 214";"B01";"2";"7";"0";"2";"4";"2";"1";""
"202200005495";"804 217";"A01";"2";"7";"0";"2";"1";"0";"1";""
"202200005496";"804 211";"A01";"2";"7";"0";"1";"1";"1";"1";""
"202200005497";"804 207";"A01";"2";"7";"0";"2";"3";"13";"1";""
"202200005497";"804 209";"B01";"1";"1";"0";"2";"0";"1";"5";""
"202200005498";"804 204";"B01";"1";"7";"0";"2";"4";"2";"1";""
"202200005498";"804 208";"A01";"1";"7";"0";"2";"1";"2";"1";""
"202200005499";"804 202";"A01";"2";"33";"0";"2";"2";"1";"1";""
"202200005499";"804 205";"B01";"2";"10";"0";"0";"0";"11";"1";""
"202200005500";"804 201";"A01";"1";"7";"0";"1";"1";"1";"1";""
"202200005500";"804 206";"B01";"1";"7";"0";"2";"4";"1";"1";""
"202200005501";"804 200";"A01";"1";"2";"12";"0";"7";"1";"1";""
"202200005502";"804 197";"A01";"2";"7";"15";"0";"2";"26";"1";""
"202200005503";"804 196";"A01";"1";"1";"0";"2";"3";"1";"5";""
"202200005503";"804 199";"Z01";"2";"7";"0";"2";"3";"15";"0";""
"202200005504";"804 193";"A01";"1";"7";"0";"2";"7";"15";"1";""
"202200005504";"804 195";"B01";"1";"32";"0";"2";"1";"15";"1";""
"202200005504";"804 198";"C01";"3";"7";"1";"2";"6";"26";"1";""
"202200005505";"804 192";"B01";"1";"33";"0";"2";"1";"2";"1";""
"202200005505";"804 194";"A01";"1";"7";"0";"2";"2";"10";"1";""
"202200005506";"804 189";"A01";"3";"7";"14";"0";"1";"1";"2";""
"202200005507";"804 187";"B01";"2";"7";"0";"2";"6";"1";"2";""
"202200005507";"804 188";"A01";"2";"33";"0";"2";"1";"3";"1";""
"202200005508";"804 186";"B01";"3";"7";"0";"2";"1";"2";"1";""
"202200005508";"804 190";"A01";"3";"7";"0";"2";"4";"1";"1";""
"202200005509";"804 185";"B01";"1";"7";"0";"2";"4";"26";"1";""
"202200005509";"804 191";"A01";"1";"10";"0";"2";"1";"2";"1";""
"202200005510";"804 181";"A01";"1";"7";"4";"0";"3";"1";"1";""
"202200005511";"804 179";"A01";"3";"1";"0";"2";"1";"1";"5";""
"202200005511";"804 182";"C01";"3";"1";"0";"2";"1";"1";"5";""
"202200005511";"804 183";"D01";"3";"1";"0";"2";"1";"1";"5";""
"202200005511";"804 184";"B01";"3";"1";"0";"2";"1";"1";"5";""
"202200005512";"804 178";"A01";"0";"7";"0";"1";"3";"1";"0";""
"202200005513";"804 177";"B01";"2";"60";"0";"2";"8";"13";"5";""
"202200005513";"804 180";"A01";"2";"7";"0";"2";"7";"17";"6";""
"202200005514";"804 176";"A01";"1";"7";"4";"0";"2";"1";"1";""
"202200005515";"804 168";"A01";"1";"7";"0";"2";"2";"14";"1";""
"202200005515";"804 170";"B01";"1";"17";"0";"2";"3";"0";"1";""
"202200005516";"804 171";"B01";"3";"7";"0";"9";"8";"0";"1";""
"202200005516";"804 174";"A01";"0";"33";"0";"9";"1";"19";"1";""
"202200005517";"804 169";"Z01";"0";"10";"0";"2";"0";"0";"0";""
"202200005517";"804 173";"A01";"1";"43";"0";"2";"1";"1";"1";""
"202200005517";"804 175";"B01";"2";"7";"0";"2";"2";"1";"1";""
"202200005518";"804 167";"B01";"3";"32";"0";"2";"8";"1";"1";""
"202200005518";"804 172";"A01";" -1";"7";"0";"2";"1";"15";"1";""
"202200005519";"804 163";"B01";"2";"2";"0";"2";"1";"13";"1";""
"202200005519";"804 165";"A01";"1";"7";"0";"2";"3";"1";"1";""
"202200005520";"804 162";"A01";"2";"30";"0";"1";"1";"1";"1";""
"202200005521";"804 160";"A01";"2";"7";"0";"1";"1";"1";"1";""
"202200005522";"804 159";"A01";"1";"7";"0";"2";"1";"2";"1";""
"202200005522";"804 161";"B01";"1";"7";"0";"2";"1";"2";"1";""
"202200005522";"804 164";"C01";"1";"7";"0";"2";"4";"2";"1";""
"202200005522";"804 166";"D01";"1";"7";"0";"2";"4";"2";"1";""
"202200005523";"804 157";"A01";"2";"7";"0";"1";"1";"1";"1";""
"202200005524";"804 156";"B01";"2";"15";"0";"2";"1";"12";"1";""
"202200005524";"804 158";"A01";"2";"7";"1";"0";"4";"2";"1";""
"202200005525";"804 153";"Z01";"1";"7";"0";"2";"0";"0";"0";""
"202200005525";"804 155";"A01";"2";"7";"0";"2";"3";"1";"1";""
"202200005526";"804 152";"Z01";"3";"30";"0";"2";"1";"6";"0";""
"202200005526";"804 154";"A01";"3";"1";"0";"9";"1";"1";"5";""
"202200005527";"804 150";"A01";"1";"1";"0";"2";"5";"12";"5";""
"202200005527";"804 151";"B01";"1";"34";"0";"2";"3";"1";"1";""
"202200005528";"804 143";"A01";"1";"7";"0";"2";"3";"1";"1";""
"202200005528";"804 146";"B01";"2";"7";"0";"2";"1";"0";"1";""
"202200005529";"804 147";"B01";"1";"7";"0";"2";"2";"16";"1";""
"202200005529";"804 149";"A01";"1";"33";"0";"2";"3";"18";"1";""
"202200005530";"804 141";"A01";"1";"7";"0";"2";"2";"9";"1";""
"202200005530";"804 144";"B01";"1";"34";"1";"2";"1";"1";"1";""
"202200005531";"804 140";"A01";"1";"7";"0";"2";"1";"1";"1";""
"202200005531";"804 142";"B01";"1";"7";"0";"2";"4";"2";"1";""
"202200005531";"804 145";"C01";"1";"7";"0";"2";"4";"2";"1";""
"202200005531";"804 148";"D01";"1";"7";"0";"2";"4";"2";"1";""
"202200005532";"804 138";"B01";"2";"33";"0";"2";"1";"1";"1";""
"202200005532";"804 139";"A01";"1";"7";"0";"2";"3";"15";"1";""
"202200005533";"804 137";"A01";"1";"7";"0";"1";"1";"2";"1";""
"202200005534";"804 135";"A01";"1";"7";"4";"0";"3";"1";"1";""
"202200005535";"804 134";"A01";"2";"7";"0";"2";"1";"2";"1";""
"202200005535";"804 136";"B01";"2";"7";"0";"2";"4";"2";"1";""
"202200005536";"804 132";"B01";"3";"7";"0";"2";"0";"0";"1";""
"202200005536";"804 133";"A01";"3";"7";"0";"2";"5";"1";"1";""
"202200005537";"804 131";"A01";"1";"7";"5";"0";"1";"1";"1";""
"202200005538";"804 129";"A01";"0";"7";"0";"0";"0";"1";"1";""
"202200005539";"804 130";"A01";"1";"1";"0";"0";"0";"1";"5";""
"202200005540";"804 128";"A01";"2";"7";"3";"0";"1";"1";"1";""
"202200005541";"804 125";"A01";"1";"10";"0";"2";"8";"15";"1";""
"202200005541";"804 126";"B01";"1";"33";"0";"2";"7";"17";"1";""
"202200005542";"804 124";"A01";"0";"7";"0";"2";"1";"1";"1";""
"202200005542";"804 127";"B01";"0";"7";"0";"2";"3";"15";"1";""
"202200005543";"804 123";"A01";"1";"7";"4";"0";"2";"14";"1";""
"202200005544";"804 121";"B01";"1";"7";"0";"2";"5";"1";"1";""
"202200005544";"804 122";"A01";"1";"30";"0";"2";"4";"18";"3";""
"202200005545";"804 120";"A01";"1";"33";"4";"0";"1";"1";"1";""
"202200005546";"804 118";"A01";"2";"7";"0";"0";"0";"1";"1";""
"202200005547";"804 115";"A01";"1";"7";"3";"0";"3";"21";"1";""
"202200005548";"804 117";"B01";"1";"7";"0";"2";"3";"9";"1";""
"202200005548";"804 119";"A01";"1";"15";"0";"2";"0";"0";"1";""
"202200005549";"804 113";"B01";"2";"50";"0";"2";"1";"1";"3";""
"202200005549";"804 116";"A01";"2";"7";"0";"2";"8";"15";"1";""
"202200005550";"804 112";"A01";"1";"7";"0";"2";"6";"23";"1";""
"202200005550";"804 114";"X01";"1";"7";"0";"2";"2";"21";"1";""
"202200005551";"804 109";"B01";"1";"7";"0";"2";"4";"1";"1";""
"202200005551";"804 111";"A01";"1";"7";"3";"2";"1";"2";"1";""
"202200005552";"804 107";"B01";"1";"7";"0";"2";"1";"1";"1";""
"202200005552";"804 110";"A01";"1";"7";"0";"2";"8";"9";"1";""
"202200005553";"804 105";"A01";"2";"33";"0";"0";"0";"26";"1";""
"202200005554";"804 104";"A01";"3";"7";"0";"2";"7";"1";"2";""
"202200005554";"804 108";"B01";"1";"10";"0";"2";"1";"1";"1";""
"202200005555";"804 102";"A01";"2";"7";"0";"2";"1";"13";"1";""
"202200005555";"804 106";"B01";"1";"7";"0";"2";"1";"1";"1";""
"202200005556";"804 101";"B01";"1";"30";"0";"2";"1";"1";"1";""
"202200005556";"804 103";"A01";"2";"7";"0";"2";"8";"1";"2";""
"202200005557";"804 098";"B01";"2";"7";"0";"2";"4";"23";"1";""
"202200005557";"804 100";"A01";"2";"7";"0";"2";"1";"1";"1";""
"202200005558";"804 094";"A01";"2";"10";"0";"2";"8";"9";"1";""
"202200005558";"804 097";"B01";"1";"7";"0";"2";"2";"1";"1";""
"202200005559";"804 096";"B01";"1";"1";"0";"2";"4";"7";"5";""
"202200005559";"804 099";"A01";"1";"1";"0";"2";"1";"7";"5";""
"202200005560";"804 092";"A01";"2";"7";"0";"1";"1";"7";"1";""
"202200005561";"804 093";"A01";"1";"10";"0";"2";"3";"1";"1";""
"202200005561";"804 095";"B01";"1";"1";"0";"0";"5";"1";"5";""
"202200005562";"804 089";"B01";"3";"7";"0";"2";"1";"1";"1";""
"202200005562";"804 091";"A01";"3";"10";"0";"2";"1";"15";"1";""
"202200005563";"804 087";"Z01";"3";"7";"0";"1";"0";"15";"1";""
"202200005564";"804 086";"A01";"1";"1";"0";"2";"0";"19";"5";""
"202200005564";"804 088";"B01";"1";"2";"0";"2";"1";"1";"1";""
"202200005564";"804 090";"C01";"1";"7";"0";"2";"4";"1";"2";""
"202200005565";"804 084";"A01";"1";"7";"4";"0";"7";"1";"1";""
"202200005566";"804 082";"B01";"2";"1";"1";"0";"4";"23";"5";""
"202200005566";"804 083";"A01";"2";"7";"0";"2";"1";"1";"1";""
"202200005567";"804 081";"A01";"1";"1";"0";"2";"1";"5";"5";""
"202200005567";"804 085";"B01";"1";"7";"0";"2";"8";"16";"1";""
"202200005568";"804 076";"A01";"1";"7";"13";"0";"9";"17";"1";""
"202200005569";"804 077";"B01";"3";"33";"0";"2";"1";"21";"1";""
"202200005569";"804 079";"A01";"3";"7";"0";"2";"6";"4";"1";""
"202200005570";"804 078";"B01";"3";"30";"0";"2";"2";"1";"1";""
"202200005570";"804 080";"A01";"3";"7";"0";"2";"5";"15";"1";""
"202200005571";"804 071";"A01";"1";"7";"0";"0";"0";"9";"1";""
"202200005571";"804 073";"B01";"1";"2";"0";"0";"0";"0";"1";""
"202200005572";"804 070";"A01";"2";"7";"0";"2";"8";"26";"0";""
"202200005572";"804 074";"C01";"2";"7";"0";"2";"3";"1";"0";""
"202200005572";"804 075";"B01";"2";"7";"0";"2";"1";"2";"0";""
"202200005573";"804 069";"B01";"2";"7";"0";"2";"6";"2";"1";""
"202200005573";"804 072";"A01";"2";"7";"0";"2";"2";"17";"1";""
"202200005574";"804 064";"A01";"3";"30";"0";"2";"2";"13";"1";""
"202200005574";"804 066";"B01";"3";"7";"0";"2";"3";"15";"1";""
"202200005574";"804 067";"C01";"3";"7";"0";"2";"1";"23";"1";""
"202200005575";"804 062";"A01";"3";"7";"0";"2";"6";"15";"1";""
"202200005575";"804 065";"B01";"3";"33";"0";"2";"2";"17";"1";""
"202200005576";"804 063";"B01";"1";"7";"0";"2";"1";"1";"1";""
"202200005576";"804 068";"A01";"2";"7";"0";"2";"2";"1";"1";""
"202200005577";"804 059";"B01";"2";"33";"0";"2";"1";"17";"1";""
"202200005577";"804 061";"A01";"2";"7";"0";"2";"3";"10";"1";""
"202200005578";"804 058";"A01";"1";"7";"0";"1";"3";"15";"1";""
"202200005579";"804 056";"A01";"2";"32";"12";"0";"1";"13";"1";""
"202200005580";"804 057";"B01";"3";"1";"0";"0";"4";"2";"5";""
"202200005580";"804 060";"A01";"3";"7";"0";"0";"2";"2";"0";""
"202200005581";"804 053";"A01";"0";"7";"0";"2";"0";"9";"1";""
"202200005581";"804 055";"B01";"0";"50";"0";"0";"0";"0";"3";""
"202200005582";"804 051";"B01";"3";"7";"0";"2";"3";"11";"1";""
"202200005582";"804 054";"A01";"3";"1";"0";"2";"3";"17";"5";""
"202200005583";"804 050";"B01";"2";"60";"0";"2";"0";"1";"5";""
"202200005583";"804 052";"A01";"2";"7";"0";"2";"6";"15";"2";""
"202200005584";"804 048";"A01";"0";"7";"6";"0";"1";"1";"1";""
"202200005585";"804 047";"B01";"2";"1";"0";"2";"7";"1";"5";""
"202200005585";"804 049";"A01";"1";"7";"0";"2";"3";"9";"1";""
"202200005586";"804 045";"B01";"1";"37";"0";"2";"6";"23";"1";"1"
"202200005586";"804 046";"A01";"1";"1";"0";"2";"1";"1";"5";""
"202200005587";"804 044";"A01";"2";"50";"14";"0";"1";"14";"3";""
"202200005588";"804 042";"A01";"2";"30";"0";"2";"1";"1";"0";""
"202200005588";"804 043";"B01";"3";"7";"0";"2";"3";"1";"1";""
"202200005589";"804 041";"A01";"1";"33";"0";"6";"1";"1";"1";""
"202200005590";"804 040";"A01";"3";"33";"12";"0";"2";"14";"1";""
"202200005591";"804 037";"B01";"0";"32";"0";"2";"1";"1";"0";""
"202200005591";"804 038";"A01";"0";"7";"0";"2";"6";"20";"0";""
"202200005592";"804 033";"A01";"1";"7";"0";"1";"3";"2";"1";""
"202200005593";"804 036";"A01";"1";"7";"0";"2";"8";"15";"1";""
"202200005593";"804 039";"B01";"1";"2";"0";"2";"7";"1";"1";""
"202200005594";"804 034";"A01";"3";"7";"8";"0";"2";"1";"1";""
"202200005595";"804 032";"A01";"1";"30";"0";"2";"3";"19";"1";""
"202200005595";"804 035";"B01";"2";"10";"0";"2";"2";"19";"1";""
"202200005596";"804 031";"A01";"2";"7";"1";"0";"1";"2";"1";""
"202200005597";"804 029";"A01";"1";"7";"1";"0";"2";"10";"1";""
"202200005598";"804 028";"B01";"0";"7";"0";"2";"4";"1";"1";""
"202200005598";"804 030";"A01";"0";"7";"0";"2";"1";"1";"1";""
"202200005599";"804 025";"A01";"2";"10";"0";"2";"5";"17";"1";""
"202200005599";"804 027";"B01";"2";"2";"0";"2";"8";"0";"1";""
"202200005600";"804 024";"B01";"2";"1";"0";"2";"8";"15";"5";""
"202200005600";"804 026";"A01";"1";"7";"0";"2";"2";"9";"1";""
"202200005601";"804 022";"A01";"2";"2";"8";"0";"1";"1";"1";""
"202200005602";"804 021";"A01";"1";"10";"0";"2";"1";"1";"1";""
"202200005602";"804 023";"B01";"1";"2";"0";"2";"7";"1";"1";""
"202200005603";"804 018";"A01";"1";"7";"0";"2";"3";"13";"1";""
"202200005603";"804 020";"B01";"0";"7";"0";"2";"3";"1";"1";""
"202200005604";"804 016";"A01";"3";"10";"0";"1";"6";"1";"1";""
"202200005605";"804 014";"A01";"2";"10";"0";"2";"1";"2";"1";""
"202200005605";"804 017";"B01";"2";"7";"0";"0";"4";"15";"1";""
"202200005605";"804 019";"C01";"1";"7";"15";"0";"8";"1";"1";""
"202200005606";"804 013";"A01";"2";"7";"0";"2";"2";"16";"1";""
"202200005606";"804 015";"B01";"2";"50";"0";"2";"1";"1";"3";""
"202200005607";"804 011";"A01";"2";"7";"0";"2";"1";"5";"2";""
"202200005607";"804 012";"B01";"1";"7";"0";"2";"1";"1";"1";""
"202200005608";"804 007";"B01";"2";"7";"0";"2";"1";"1";"1";""
"202200005608";"804 010";"A01";"3";"7";"0";"2";"3";"17";"1";""
"202200005609";"804 006";"A01";"1";"7";"0";"1";"1";"1";"1";""
"202200005610";"804 004";"A01";"2";"10";"0";"2";"1";"13";"1";""
"202200005610";"804 008";"B01";"1";"7";"0";"2";"1";"1";"1";""
"202200005610";"804 009";"C01";"1";"7";"0";"2";"3";"1";"1";""
"202200005611";"804 003";"B01";"1";"1";"0";"2";"1";"19";"5";""
"202200005611";"804 005";"A01";"1";"10";"0";"2";"1";"9";"1";""
"202200005612";"803 998";"B01";"1";"50";"0";"2";"7";"19";"3";""
"202200005612";"804 002";"A01";"2";"7";"0";"9";"1";"1";"1";""
"202200005613";"803 997";"A01";"1";"1";"0";"2";"1";"7";"5";""
"202200005613";"803 999";"B01";"1";"7";"0";"2";"4";"7";"1";""
"202200005614";"803 996";"A01";"2";"7";"10";"2";"1";"13";"1";""
"202200005614";"804 000";"B01";"1";"10";"0";"2";"1";"1";"1";""
"202200005615";"803 995";"A01";"2";"7";"0";"0";"3";"1";"1";""
"202200005615";"804 001";"B01";"0";"7";"8";"0";"1";"1";"0";""
"202200005616";"803 990";"A01";"1";"7";"0";"1";"1";"12";"0";""
"202200005617";"803 992";"A01";"1";"7";"0";"2";"2";"15";"1";""
"202200005617";"803 994";"B01";"2";"7";"0";"2";"1";"1";"1";""
"202200005618";"803 989";"A01";"2";"30";"0";"2";"2";"16";"1";""
"202200005618";"803 993";"Z01";"2";"7";"0";"2";"0";"7";"2";""
"202200005619";"803 988";"A01";"3";"7";"0";"2";"7";"15";"1";""
"202200005619";"803 991";"B01";"3";"33";"0";"2";"1";"1";"1";""