"Num_Acc";"id_vehicule";"num_veh";"senc";"catv";"obs";"obsm";"choc";"manv";"motor";"occutc"
"202200005620";"803 983";"A01";"3";"7";"0";"9";"1";"1";"1";""
"202200005620";"803 987";"B01";"1";"1";"0";"2";"8";"1";"5";""
"202200005621";"803 981";"A01";"2";"2";"0";"2";"1";"1";"1";""
"202200005621";"803 985";"B01";"2";"7";"0";"2";"8";"13";"1";""
"202200005622";"803 984";"B01";"3";"7";"0";"2";"3";"1";"1";""
"202200005622";"803 986";"A01";"3";"2";"0";"2";"1";"26";"1";""
"202200005623";"803 980";"B01";"2";"1";"0";"2";"7";"1";"5";""
"202200005623";"803 982";"A01";"2";"7";"0";"2";"8";"18";"1";""
"202200005624";"803 978";"A01";"1";"1";"0";"2";"7";"19";"5";""
"202200005624";"803 979";"B01";"1";"7";"0";"2";"3";"1";"1";""
"202200005625";"803 977";"A01";"1";"7";"0";"1";"2";"1";"1";""
"202200005626";"803 975";"A01";"2";"80";"0";"1";"1";"1";"3";""
"202200005627";"803 974";"B01";"3";"2";"0";"2";"1";"1";"1";""
"202200005627";"803 976";"A01";"3";"7";"0";"2";"3";"10";"1";""
"202200005628";"803 972";"A01";"1";"10";"0";"1";"3";"16";"1";""
"202200005629";"803 967";"A01";"1";"7";"0";"2";"2";"14";"1";""
"202200005629";"803 970";"B01";"1";"1";"0";"2";"3";"1";"5";""
"202200005630";"803 965";"A01";"2";"7";"0";"2";"3";"15";"1";""
"202200005630";"803 966";"B01";"2";"1";"0";"2";"5";"1";"5";""
"202200005631";"803 969";"B01";"2";"7";"0";"2";"1";"0";"3";""
"202200005631";"803 973";"A01";"2";"7";"0";"2";"7";"1";"1";""
"202200005632";"803 963";"D01";"2";"1";"0";"2";"0";"1";"6";""
"202200005632";"803 964";"C01";"2";"1";"0";"2";"0";"1";"6";""
"202200005632";"803 968";"B01";"2";"1";"0";"2";"0";"1";"5";""
"202200005632";"803 971";"A01";"1";"7";"0";"9";"1";"26";"1";""
"202200005633";"803 958";"A01";"2";"7";"0";"2";"3";"22";"2";""
"202200005633";"803 962";"B01";"2";"50";"0";"2";"0";"1";"3";""
"202200005634";"803 957";"B01";"1";"50";"0";"2";"3";"1";"3";""
"202200005634";"803 960";"A01";"1";"10";"0";"2";"3";"15";"1";""
"202200005635";"803 956";"B01";"1";"7";"0";"2";"7";"1";"1";""
"202200005635";"803 959";"C01";"2";"7";"0";"2";"4";"1";"1";""
"202200005635";"803 961";"A01";"2";"7";"0";"2";"1";"5";"1";""
"202200005636";"803 955";"A01";"1";"32";"0";"0";"7";"1";"1";""
"202200005637";"803 952";"B01";"0";"50";"0";"2";"1";"19";"3";""
"202200005637";"803 954";"A01";"2";"7";"0";"2";"3";"1";"1";""
"202200005638";"803 951";"B01";"1";"17";"0";"2";"4";"2";"1";""
"202200005638";"803 953";"A01";"1";"7";"0";"2";"1";"2";"1";""
"202200005639";"803 949";"A01";"3";"7";"0";"2";"8";"26";"1";""
"202200005639";"803 950";"B01";"3";"7";"0";"2";"1";"26";"1";""
"202200005640";"803 946";"B01";"3";"80";"0";"2";"4";"1";"3";""
"202200005640";"803 948";"A01";"3";"7";"0";"2";"1";"18";"1";""
"202200005641";"803 943";"A01";"1";"7";"0";"2";"2";"16";"1";""
"202200005641";"803 947";"B01";"1";"30";"0";"2";"1";"7";"3";""
"202200005642";"803 941";"A01";"2";"7";"17";"0";"2";"1";"1";""
"202200005643";"803 937";"A01";"1";"34";"0";"2";"7";"17";"1";""
"202200005643";"803 939";"B01";"1";"7";"0";"2";"8";"15";"1";""
"202200005644";"803 938";"A01";"1";"33";"6";"0";"7";"14";"1";""
"202200005645";"803 936";"A01";"3";"1";"0";"2";"2";"1";"5";""
"202200005645";"803 940";"Z01";"1";"30";"0";"2";"0";"1";"0";""
"202200005646";"803 935";"A01";"1";"10";"7";"0";"7";"1";"1";""
"202200005647";"803 931";"A01";"3";"34";"0";"1";"1";"1";"1";""
"202200005648";"803 930";"B01";"1";"2";"0";"2";"1";"1";"1";""
"202200005648";"803 934";"A01";"2";"7";"0";"2";"7";"15";"1";""
"202200005649";"803 929";"A01";"1";"7";"0";"2";"1";"0";"0";""
"202200005649";"803 932";"B01";"2";"7";"0";"2";"1";"0";"1";""
"202200005649";"803 933";"C01";"2";"7";"0";"2";"1";"0";"1";""
"202200005650";"803 922";"A01";"2";"10";"0";"2";"3";"15";"1";""
"202200005650";"803 926";"B01";"1";"33";"0";"2";"8";"1";"1";""
"202200005651";"803 921";"B01";"2";"1";"0";"2";"3";"2";"5";""
"202200005651";"803 925";"A01";"2";"13";"0";"2";"2";"17";"1";""
"202200005652";"803 920";"C01";"0";"7";"0";"2";"4";"2";"1";""
"202200005652";"803 923";"B01";"1";"7";"0";"2";"0";"0";"0";""
"202200005652";"803 927";"A01";"1";"7";"0";"2";"1";"2";"1";""
"202200005653";"803 919";"A01";"2";"50";"0";"0";"8";"1";"3";""
"202200005654";"803 924";"B01";"1";"7";"0";"2";"3";"19";"1";""
"202200005654";"803 928";"A01";"2";"1";"0";"2";"3";"1";"5";""
"202200005655";"803 917";"A01";"1";"7";"13";"2";"3";"13";"1";""
"202200005655";"803 918";"B01";"2";"7";"0";"2";"1";"1";"1";""
"202200005656";"803 916";"A01";"3";"7";"0";"2";"2";"1";"1";""
"202200005657";"803 914";"A01";"1";"7";"0";"1";"2";"19";"1";""
"202200005658";"803 911";"A01";"3";"7";"2";"0";"3";"15";"1";""
"202200005659";"803 912";"B01";"2";"37";"0";"2";"3";"7";"2";"3"
"202200005659";"803 915";"A01";"2";"7";"0";"2";"5";"16";"1";""
"202200005660";"803 913";"A01";"1";"7";"0";"1";"2";"1";"1";""
"202200005661";"803 909";"A01";"1";"7";"0";"1";"1";"1";"1";""
"202200005662";"803 908";"B01";"1";"10";"0";"2";"1";"0";"1";""
"202200005662";"803 910";"A01";"2";"7";"0";"2";"1";"13";"1";""
"202200005663";"803 907";"A01";"1";"7";"0";"1";"6";"4";"1";""
"202200005664";"803 905";"Z01";"2";"30";"0";"0";"0";"21";"0";""
"202200005665";"803 903";"B01";"2";"43";"0";"2";"6";"1";"1";""
"202200005665";"803 906";"A01";"2";"10";"0";"2";"2";"12";"1";""
"202200005666";"803 904";"A01";"2";"7";"2";"0";"2";"1";"1";""
"202200005667";"803 901";"A01";"1";"50";"0";"0";"7";"1";"3";""
"202200005668";"803 899";"A01";"0";"7";"2";"0";"1";"1";"1";""
"202200005669";"803 897";"Z01";"2";"7";"0";"2";"3";"15";"0";""
"202200005669";"803 898";"A01";"2";"1";"0";"2";"1";"17";"5";""
"202200005670";"803 896";"A01";"1";"1";"0";"0";"0";"21";"5";""
"202200005671";"803 900";"B01";"1";"33";"0";"2";"1";"1";"1";""
"202200005671";"803 902";"A01";"2";"7";"0";"2";"2";"15";"1";""
"202200005672";"803 895";"A01";"0";"50";"0";"0";"0";"1";"3";""
"202200005673";"803 890";"B01";"1";"1";"0";"2";"1";"1";"5";""
"202200005673";"803 893";"A01";"1";"7";"0";"2";"8";"22";"1";""
"202200005674";"803 891";"A01";"3";"1";"12";"0";"7";"12";"5";""
"202200005675";"803 892";"A01";"2";"33";"0";"0";"8";"1";"1";""
"202200005676";"803 887";"A01";"0";"10";"8";"0";"3";"13";"1";""
"202200005677";"803 886";"A01";"2";"1";"0";"0";"8";"1";"5";""
"202200005678";"803 885";"A01";"1";"34";"0";"2";"0";"17";"1";""
"202200005678";"803 888";"B01";"1";"7";"0";"2";"8";"15";"1";""
"202200005679";"803 889";"A01";"0";"30";"0";"2";"7";"1";"1";""
"202200005679";"803 894";"B01";"0";"7";"0";"2";"3";"1";"1";""
"202200005680";"803 884";"A01";"2";"7";"0";"0";"2";"1";"1";""
"202200005681";"803 881";"A01";"1";"7";"0";"2";"2";"1";"1";""
"202200005681";"803 883";"B01";"2";"7";"0";"2";"3";"1";"1";""
"202200005682";"803 880";"B01";"2";"7";"0";"2";"6";"18";"1";""
"202200005682";"803 882";"A01";"2";"15";"0";"2";"5";"15";"6";""
"202200005683";"803 879";"A01";"3";"7";"8";"0";"1";"1";"1";""
"202200005684";"803 877";"Z01";"2";"32";"0";"1";"1";"1";"1";""
"202200005685";"803 876";"A01";"1";"7";"13";"0";"3";"13";"1";""
"202200005686";"803 875";"B01";"1";"7";"0";"2";"3";"1";"1";""
"202200005686";"803 878";"A01";"1";"1";"0";"2";"1";"1";"5";""
"202200005687";"803 870";"A01";"2";"10";"0";"2";"1";"1";"0";""
"202200005687";"803 874";"B01";"2";"7";"0";"2";"4";"23";"1";""
"202200005688";"803 869";"A01";"1";"7";"0";"2";"3";"15";"1";""
"202200005688";"803 873";"B01";"1";"7";"0";"2";"1";"17";"1";""
"202200005689";"803 868";"A01";"3";"1";"0";"2";"1";"1";"5";""
"202200005689";"803 871";"B01";"2";"7";"0";"2";"8";"1";"1";""
"202200005690";"803 867";"A01";"3";"7";"0";"1";"2";"1";"1";""
"202200005691";"803 866";"A01";"1";"7";"0";"1";"1";"2";"1";""
"202200005692";"803 865";"A01";"2";"7";"0";"1";"1";"1";"1";""
"202200005693";"803 862";"A01";"3";"7";"2";"0";"1";"1";"1";""
"202200005694";"803 864";"A01";"1";"7";"8";"0";"2";"14";"1";""
"202200005695";"803 859";"A01";"3";"33";"0";"0";"3";"0";"1";""
"202200005695";"803 861";"B01";"3";"10";"0";"0";"3";"0";"1";""
"202200005696";"803 856";"A01";"2";"50";"0";"1";"8";"1";"3";""
"202200005697";"803 853";"A01";"1";"7";"0";"2";"2";"14";"1";""
"202200005697";"803 854";"B01";"1";"7";"0";"2";"6";"1";"1";""
"202200005697";"803 857";"C01";"1";"7";"0";"2";"4";"1";"1";""
"202200005698";"803 855";"D01";"1";"7";"0";"2";"4";"2";"1";""
"202200005698";"803 858";"C01";"1";"7";"0";"2";"4";"2";"1";""
"202200005698";"803 860";"B01";"1";"7";"0";"2";"4";"2";"1";""
"202200005698";"803 863";"A01";"1";"7";"0";"2";"1";"2";"1";""
"202200005699";"803 848";"A01";"1";"7";"0";"2";"1";"15";"1";""
"202200005699";"803 851";"B01";"2";"32";"0";"2";"1";"1";"1";""
"202200005700";"803 849";"A01";"0";"7";"0";"2";"1";"12";"1";""
"202200005701";"803 846";"B01";"1";"7";"0";"2";"6";"13";"1";""
"202200005701";"803 850";"A01";"1";"34";"0";"2";"1";"17";"1";""
"202200005702";"803 842";"A01";"0";"31";"0";"1";"0";"1";"1";""
"202200005703";"803 840";"A01";"1";"7";"8";"0";"9";"17";"0";""
"202200005704";"803 834";"A01";"2";"7";"8";"2";"1";"14";"1";""
"202200005705";"803 833";"A01";"1";"7";"0";"1";"2";"1";"0";""
"202200005706";"803 831";"B01";"1";"10";"0";"2";"4";"1";"1";""
"202200005706";"803 832";"C01";"1";"10";"0";"2";"4";"1";"1";""
"202200005706";"803 836";"D01";"1";"13";"0";"2";"4";"1";"1";""
"202200005706";"803 838";"E01";"1";"10";"0";"2";"4";"1";"1";""
"202200005706";"803 841";"F01";"1";"15";"0";"2";"1";"1";"1";""
"202200005706";"803 844";"A01";"1";"15";"0";"2";"5";"1";"1";""
"202200005707";"803 835";"A01";"1";"10";"0";"2";"2";"10";"1";""
"202200005707";"803 837";"B01";"2";"34";"0";"2";"1";"7";"1";""
"202200005708";"803 827";"A01";"1";"50";"0";"0";"0";"1";"3";""
"202200005709";"803 828";"A01";"1";"7";"0";"2";"7";"12";"0";""
"202200005709";"803 829";"B01";"1";"1";"0";"2";"6";"1";"5";""
"202200005710";"803 825";"A01";"3";"7";"0";"2";"3";"15";"1";""
"202200005710";"803 830";"B01";"3";"7";"0";"2";"1";"13";"1";""
"202200005711";"803 822";"A01";"2";"7";"0";"2";"7";"15";"2";""
"202200005711";"803 824";"B01";"1";"33";"0";"2";"0";"1";"1";""
"202200005712";"803 821";"A01";"3";"17";"0";"1";"7";"1";"1";""
"202200005713";"803 820";"A01";"2";"7";"0";"2";"3";"15";"1";""
"202200005713";"803 823";"B01";"2";"33";"0";"2";"0";"2";"1";""
"202200005714";"803 818";"A01";"1";"7";"0";"2";"1";"26";"1";""
"202200005714";"803 819";"B01";"1";"31";"0";"2";"4";"0";"1";""
"202200005715";"803 815";"A01";"1";"7";"0";"1";"1";"1";"2";""
"202200005716";"803 813";"A01";"1";"7";"0";"2";"2";"1";"1";""
"202200005716";"803 816";"B01";"2";"7";"0";"2";"3";"1";"1";""
"202200005717";"803 814";"A01";"3";"7";"0";"1";"1";"1";"1";""
"202200005718";"803 812";"Z01";"1";"30";"0";"1";"2";"1";"0";""
"202200005719";"803 811";"A01";"2";"7";"0";"1";"2";"1";"1";""
"202200005720";"803 809";"B01";"2";"7";"0";"2";"5";"15";"1";""
"202200005720";"803 810";"A01";"2";"31";"0";"2";"1";"1";"3";""
"202200005721";"803 806";"B01";"1";"33";"0";"2";"0";"0";"1";""
"202200005721";"803 808";"A01";"1";"50";"0";"2";"1";"1";"3";""
"202200005722";"803 802";"A01";"2";"7";"0";"2";"1";"2";"1";""
"202200005722";"803 805";"B01";"2";"7";"0";"2";"4";"2";"1";""
"202200005723";"803 800";"B01";"1";"1";"0";"2";"1";"1";"5";""
"202200005723";"803 804";"A01";"1";"10";"0";"2";"2";"16";"3";""
"202200005724";"803 798";"B01";"2";"7";"0";"2";"1";"0";"1";""
"202200005724";"803 801";"A01";"2";"7";"0";"2";"4";"0";"1";""
"202200005725";"803 797";"A01";"3";"1";"0";"0";"0";"26";"5";""
"202200005726";"803 796";"A01";"2";"7";"0";"2";"5";"23";"1";""
"202200005726";"803 799";"B01";"2";"7";"0";"2";"6";"23";"3";""
"202200005726";"803 803";"C01";"2";"7";"0";"2";"1";"1";"1";""
"202200005727";"803 793";"A01";"3";"30";"9";"0";"1";"15";"1";""
"202200005728";"803 791";"B01";"1";"33";"0";"2";"3";"1";"1";""
"202200005728";"803 794";"A01";"1";"7";"0";"2";"5";"4";"1";""
"202200005729";"803 790";"A01";"2";"7";"0";"2";"4";"1";"1";""
"202200005729";"803 795";"B01";"2";"13";"1";"2";"1";"2";"1";""
"202200005730";"803 789";"B01";"1";"33";"0";"2";"8";"23";"1";""
"202200005730";"803 792";"A01";"1";"7";"0";"2";"7";"2";"1";""
"202200005731";"803 787";"A01";"1";"7";"8";"0";"1";"1";"1";""
"202200005732";"803 784";"A01";"3";"14";"0";"1";"2";"16";"1";""
"202200005733";"803 786";"B01";"2";"50";"0";"2";"1";"3";"3";""
"202200005733";"803 788";"A01";"1";"7";"0";"2";"8";"15";"1";""
"202200005734";"803 783";"Z01";"1";"50";"0";"2";"1";"13";"3";""
"202200005734";"803 785";"A01";"2";"1";"0";"2";"1";"1";"5";""
"202200005735";"803 781";"B01";"2";"33";"0";"2";"3";"1";"1";""
"202200005735";"803 782";"A01";"2";"10";"0";"2";"5";"14";"1";""
"202200005736";"803 780";"A01";"2";"37";"0";"1";"3";"1";"1";"1"
"202200005737";"803 777";"C01";"1";"7";"0";"2";"4";"23";"1";""
"202200005737";"803 778";"B01";"1";"7";"0";"2";"1";"23";"1";""
"202200005737";"803 779";"A01";"1";"7";"0";"2";"1";"1";"1";""
"202200005738";"803 775";"A01";"3";"7";"0";"1";"1";"24";"1";""
"202200005739";"803 773";"B01";"1";"33";"0";"2";"7";"16";"1";""
"202200005739";"803 774";"A01";"1";"7";"0";"2";"2";"16";"1";""
"202200005740";"803 769";"A01";"3";"7";"0";"2";"2";"9";"1";""
"202200005740";"803 771";"B01";"3";"2";"0";"2";"4";"9";"1";""
"202200005741";"803 770";"A01";"1";"32";"0";"2";"1";"1";"0";""
"202200005741";"803 772";"Z01";"2";"7";"0";"2";"0";"15";"1";""
"202200005742";"803 776";"A01";"1";"2";"12";"0";"2";"16";"3";""
"202200005743";"803 766";"B01";"1";"7";"1";"2";"4";"1";"0";""
"202200005743";"803 767";"A01";"1";"30";"14";"2";"1";"1";"1";""
"202200005744";"803 763";"A01";"3";"37";"0";"2";"0";"21";"1";"2"
"202200005745";"803 765";"B01";"2";"7";"0";"2";"3";"1";"0";""
"202200005745";"803 768";"A01";"1";"7";"0";"2";"5";"0";"0";""
"202200005746";"803 761";"A01";"1";"10";"0";"1";"1";"1";"1";""
"202200005747";"803 758";"A01";"1";"30";"0";"0";"1";"2";"1";""
"202200005747";"803 759";"B01";"1";"7";"0";"2";"4";"1";"1";""
"202200005748";"803 762";"A01";"3";"10";"0";"2";"5";"23";"1";""
"202200005748";"803 764";"B01";"3";"1";"1";"0";"1";"1";"5";""
"202200005749";"803 755";"B01";"3";"33";"0";"2";"2";"17";"1";""
"202200005749";"803 756";"A01";"3";"7";"0";"2";"0";"13";"1";""
"202200005750";"803 752";"A01";"1";"33";"0";"2";"0";"21";"1";""
"202200005750";"803 757";"B01";"0";"33";"0";"0";"0";"16";" -1";""
"202200005751";"803 751";"A01";"2";"7";"0";"2";"3";"13";"1";""
"202200005751";"803 754";"B01";"1";"33";"0";"2";"3";"13";"1";""
"202200005752";"803 753";"A01";"2";"7";"0";"2";"1";"12";"1";""
"202200005752";"803 760";"B01";"1";"32";"0";"2";"7";"1";"1";""
"202200005753";"803 746";"A01";"1";"7";"0";"1";"0";"1";"0";""
"202200005754";"803 747";"B01";"1";"7";"0";"2";"1";"1";"1";""
"202200005754";"803 749";"A01";"1";"7";"0";"2";"4";"1";"1";""
"202200005755";"803 740";"B01";"2";"7";"0";"2";"1";"2";"1";""
"202200005755";"803 743";"A01";"2";"7";"0";"2";"4";"23";"1";""
"202200005756";"803 738";"A01";"1";"7";"0";"2";"2";"1";"1";""
"202200005756";"803 742";"B01";"1";"10";"0";"2";"5";"4";"0";""
"202200005757";"803 741";"C01";"0";"33";"0";"2";"1";"1";"0";""
"202200005757";"803 744";"B01";"0";"7";"0";"2";"1";"1";"0";""
"202200005757";"803 745";"A01";"3";"7";"0";"0";"4";"1";"0";""
"202200005758";"803 737";"A01";"2";"7";"0";"1";"1";"15";"1";""
"202200005759";"803 733";"B01";"3";"7";"0";"2";"3";"15";"1";""
"202200005759";"803 734";"A01";"3";"33";"0";"2";"4";"15";"1";""
"202200005760";"803 729";"A01";"1";"7";"0";"2";"7";"9";"1";""
"202200005760";"803 732";"B01";"1";"37";"0";"2";"3";"1";"1";"1"
"202200005761";"803 731";"A01";"3";"1";"16";"0";"0";"1";"5";""
"202200005762";"803 727";"A01";"1";"33";"1";"0";"1";"13";"1";""
"202200005762";"803 728";"B01";"1";"7";"0";"2";"1";"24";"1";""
"202200005763";"803 723";"A01";"2";"7";"0";"1";"1";"16";"1";""
"202200005764";"803 718";"C01";"0";"7";"0";"2";"4";"1";"1";""
"202200005764";"803 721";"B01";"0";"7";"0";"2";"4";"1";"1";""
"202200005764";"803 725";"A01";"0";"7";"0";"2";"1";"2";"1";""
"202200005765";"803 719";"B01";"2";"7";"1";"2";"6";"2";"2";""
"202200005765";"803 722";"A01";"0";"7";"0";"2";"2";"9";"1";""
"202200005766";"803 714";"A01";"1";"30";"0";"1";"1";"9";"0";""
"202200005767";"803 717";"D01";"1";"10";"0";"2";"4";"23";"1";""
"202200005767";"803 720";"A01";"1";"7";"0";"2";"1";"1";"1";""
"202200005767";"803 724";"B01";"1";"7";"0";"2";"4";"1";"1";""
"202200005767";"803 726";"C01";"1";"7";"0";"2";"4";"1";"1";""
"202200005767";"803 730";"E01";"1";"7";"0";"2";"4";"1";"1";""
"202200005767";"803 735";"F01";"1";"7";"0";"2";"4";"0";"1";""
"202200005768";"803 712";"A01";"3";"7";"0";"2";"2";"19";"0";""
"202200005768";"803 715";"B01";"3";"34";"15";"0";"1";"19";"6";""
"202200005769";"803 713";"B01";"1";"7";"0";"2";"7";"2";"1";""
"202200005769";"803 716";"A01";"1";"7";"0";"2";"1";"2";"1";""
"202200005770";"803 710";"A01";"1";"3";"0";"1";"3";"1";"0";""
"202200005771";"803 709";"A01";"1";"7";"1";"1";"1";"1";"1";""
"202200005772";"803 705";"A01";"3";"7";"14";"2";"1";"2";"1";""
"202200005772";"803 706";"B01";"3";"7";"0";"2";"3";"0";"1";""
"202200005773";"803 708";"B01";"2";"7";"0";"2";"3";"1";"1";""
"202200005773";"803 711";"A01";"2";"7";"0";"2";"1";"15";"1";""
"202200005774";"803 701";"A01";"3";"7";"0";"2";"8";"0";"1";""
"202200005774";"803 703";"B01";"1";"2";"0";"2";"1";"1";"1";""
"202200005775";"803 704";"A01";"1";"33";"9";"0";"3";"26";"1";""
"202200005776";"803 698";"A01";"1";"7";"0";"2";"5";"15";"1";""
"202200005776";"803 700";"Z01";"1";"7";"0";"2";"3";"1";"1";""
"202200005777";"803 699";"A01";"0";"7";"0";"2";"3";"18";"1";""
"202200005777";"803 702";"B01";"0";"7";"0";"2";"4";"23";"1";""
"202200005777";"803 707";"C01";"0";"7";"0";"2";"2";"16";"1";""
"202200005778";"803 696";"A01";"3";"10";"0";"2";"1";"26";"6";""
"202200005779";"803 697";"A01";"1";"7";"4";"0";"1";"2";"1";""
"202200005780";"803 693";"A01";"1";"30";"0";"0";"0";"0";"1";""
"202200005781";"803 694";"A01";"2";"7";"0";"1";"1";"1";"1";""
"202200005782";"803 692";"A01";"2";"7";"0";"2";"1";"15";"2";""
"202200005782";"803 695";"B01";"3";"7";"0";"2";"2";"1";"1";""
"202200005783";"803 689";"B01";"0";"60";"0";"2";"8";"0";"5";""
"202200005783";"803 691";"A01";"0";"7";"0";"9";"1";"26";"1";""
"202200005784";"803 687";"C01";" -1";"0";" -1";" -1";" -1";" -1";" -1";""
"202200005784";"803 690";"B01";"2";"1";"0";"2";"1";"1";"5";""
"202200005785";"803 688";"A01";"2";"7";"6";"0";"1";"1";"1";""
"202200005786";"803 686";"A01";"3";"7";"0";"1";"3";"15";"1";""
"202200005787";"803 685";"A01";"1";"50";"14";"0";"1";"1";"3";""
"202200005788";"803 682";"A01";"0";"1";"0";"0";"0";"1";"5";""
"202200005789";"803 681";"A01";"1";"7";"0";"2";"1";"2";"1";""
"202200005789";"803 684";"B01";"1";"14";"0";"0";"6";"2";"1";""
"202200005790";"803 679";"B01";"1";"7";"0";"2";"8";"1";"1";""
"202200005790";"803 683";"A01";"1";"7";"0";"2";"2";"17";"1";""
"202200005791";"803 680";"A01";"3";"7";"0";"1";"2";"17";"1";""
"202200005792";"803 675";"D01";"1";"7";"9";"2";"3";"23";"1";""
"202200005792";"803 677";"B01";"2";"7";"0";"2";"2";"1";"1";""
"202200005792";"803 678";"A01";"2";"7";"9";"2";"1";"18";"1";""
"202200005793";"803 674";"A01";"1";"7";"0";"2";"2";"17";"1";""
"202200005793";"803 676";"B01";"1";"7";"0";"2";"3";"13";"1";""
"202200005794";"803 673";"A01";"3";"7";"1";"1";"1";"1";"1";""
"202200005795";"803 672";"A01";"2";"7";"0";"0";"1";"0";"1";""
"202200005796";"803 670";"A01";"2";"10";"0";"2";"1";"1";"1";""
"202200005796";"803 671";"B01";"2";"2";"0";"2";"4";"1";"1";""
"202200005797";"803 669";"A01";"0";"7";"0";"0";"9";"0";"1";""
"202200005798";"803 665";"A01";"1";"7";"0";"2";"1";"1";"1";""
"202200005798";"803 668";"B01";"2";"7";"0";"2";"3";"1";"1";""
"202200005799";"803 667";"A01";"3";"7";"8";"0";"1";"0";"1";""
"202200005800";"803 664";"A01";"1";"33";"0";"2";"1";"1";"1";""
"202200005800";"803 666";"B01";"2";"7";"0";"2";"5";"15";"1";""
"202200005801";"803 662";"A01";"1";"7";"15";"2";"4";"13";"1";""
"202200005801";"803 663";"B01";"3";"7";"0";"2";"1";"24";"1";""
"202200005802";"803 661";"A01";"3";"7";"0";"1";"2";"16";"1";""
"202200005803";"803 660";"A01";"1";"10";"4";"0";"0";"24";"1";""
"202200005804";"803 655";"B01";"1";"10";"0";"2";"6";"15";"1";""
"202200005804";"803 657";"A01";"2";"32";"0";"2";"1";"1";"1";""
"202200005805";"803 654";"B01";"2";"7";"0";"2";"2";"1";"1";""
"202200005805";"803 658";"A01";"1";"1";"0";"2";"8";"19";"5";""
"202200005806";"803 652";"B01";"1";"7";"0";"2";"1";"1";"1";""
"202200005806";"803 656";"A01";"1";"7";"0";"2";"6";"1";"1";""
"202200005807";"803 653";"B01";"1";"7";"0";"2";"3";"2";"1";""
"202200005807";"803 659";"A01";"1";"7";"0";"2";"5";"1";"1";""
"202200005808";"803 648";"A01";"2";"10";"0";"2";"1";"13";"1";""
"202200005808";"803 650";"B01";"1";"7";"0";"2";"1";"1";"1";""
"202200005809";"803 646";"B01";"1";"17";"1";"0";"5";"23";"1";""
"202200005809";"803 649";"A01";"1";"20";"0";"2";"3";"2";"1";""
"202200005810";"803 645";"C01";"2";"7";"0";"9";"3";"0";"1";""
"202200005810";"803 647";"B01";"1";"7";"0";"2";"1";"1";"1";""
"202200005810";"803 651";"A01";"2";"7";"0";"2";"1";"5";"1";""
"202200005811";"803 642";"A01";"1";"7";"0";"1";"1";"1";"1";""
"202200005812";"803 644";"A01";"1";"7";"0";"1";"4";"16";"1";""
"202200005813";"803 640";"B01";"3";"7";"0";"2";"8";"9";"1";""
"202200005813";"803 643";"A01";"3";"7";"0";"2";"2";"1";"1";""
"202200005814";"803 635";"B01";"0";"7";"0";"2";"1";"1";"1";""
"202200005814";"803 637";"A01";"0";"7";"0";"2";"6";"23";"1";""
"202200005815";"803 631";"A01";"2";"7";"14";"0";"9";"21";"1";""
"202200005816";"803 630";"B01";"0";"7";"9";"2";"3";"1";"1";""
"202200005816";"803 633";"A01";"0";"7";"9";"2";"3";"15";"1";""
"202200005817";"803 629";"B01";"3";"37";"0";"2";"0";"0";"1";"1"
"202200005817";"803 632";"A01";"1";"3";"0";"2";"8";"16";"1";""
"202200005818";"803 628";"A01";"2";"31";"6";"0";"1";"1";"1";""
"202200005819";"803 627";"A01";"1";"7";"0";"1";"3";"9";"1";""
"202200005820";"803 625";"B01";"1";"33";"0";"2";"7";"0";"1";""
"202200005820";"803 626";"A01";"1";"31";"0";"2";"8";"26";"1";""
"202200005821";"803 621";"A01";"1";"7";"0";"2";"1";"1";"0";""
"202200005821";"803 624";"B01";"1";"34";"0";"2";"7";"17";"1";""
"202200005822";"803 619";"B01";"1";"7";"3";"2";"3";"1";"1";""
"202200005822";"803 622";"A01";"2";"7";"0";"2";"3";"13";"1";""
"202200005823";"803 618";"A01";"1";"7";"0";"1";"8";"1";"1";""
"202200005824";"803 617";"B01";"2";"7";"0";"2";"1";"1";"1";""
"202200005824";"803 623";"A01";"1";"7";"0";"2";"7";"19";"1";""
"202200005825";"803 616";"A01";"3";"7";"0";"2";"1";"1";"1";""
"202200005825";"803 620";"B01";"3";"7";"0";"2";"1";"1";"1";""
"202200005826";"803 615";"A01";"1";"2";"12";"0";"1";"14";"1";""
"202200005827";"803 613";"A01";"2";"31";"0";"2";"1";"17";"1";""
"202200005827";"803 614";"B01";"2";"7";"0";"2";"3";"15";"1";""
"202200005828";"803 612";"A01";"1";"7";"4";"0";"2";"26";"1";""
"202200005829";"803 609";"B01";"1";"7";"0";"2";"1";"1";"1";""
"202200005829";"803 610";"A01";"1";"99";"3";"0";"4";"1";"1";""
"202200005830";"803 608";"B01";"2";"7";"0";"2";"4";"23";"1";""
"202200005830";"803 611";"A01";"2";"7";"0";"2";"1";"2";"1";""
"202200005831";"803 606";"A01";"1";"33";"15";"0";"0";"0";"0";""
"202200005832";"803 605";"A01";"1";"7";"1";"2";"9";"2";"1";""
"202200005832";"803 607";"Z01";"1";"7";"0";"2";"2";"14";"1";""
"202200005833";"803 604";"A01";"1";"7";"11";"0";"9";"1";"1";""
"202200005834";"803 602";"A01";"0";"7";"1";"0";"2";"1";"1";""
"202200005835";"803 601";"B01";"0";"10";"0";"2";"3";"1";"1";""
"202200005835";"803 603";"A01";"2";"7";"0";"2";"8";"9";"1";""