"Num_Acc";"id_vehicule";"num_veh";"senc";"catv";"obs";"obsm";"choc";"manv";"motor";"occutc"
"202200005836";"803 599";"A01";"2";"7";"0";"1";"3";"9";"1";""
"202200005837";"803 598";"B01";"1";"21";"0";"2";"1";"19";"1";""
"202200005837";"803 600";"A01";"2";"7";"13";"2";"7";"21";"1";""
"202200005838";"803 594";"B01";"2";"10";"0";"0";"4";"2";"1";""
"202200005838";"803 596";"A01";"2";"33";"0";"2";"1";"2";"1";""
"202200005839";"803 595";"A01";"2";"80";"0";"1";"1";"1";"3";""
"202200005840";"803 593";"B01";"2";"7";"0";"2";"4";"2";"1";""
"202200005840";"803 597";"A01";"2";"7";"0";"2";"1";"2";"1";""
"202200005841";"803 591";"A01";"2";"7";"0";"2";"6";"1";"1";""
"202200005841";"803 592";"B01";"2";"7";"0";"2";"3";"13";"1";""
"202200005842";"803 590";"A01";"2";"33";"0";"0";"8";"1";"1";""
"202200005843";"803 588";"A01";"2";"7";"6";"0";"9";"1";"1";""
"202200005844";"803 584";"A01";"3";"14";"13";"0";"0";"1";"1";""
"202200005845";"803 585";"B01";"2";"50";"0";"2";"1";"1";"3";""
"202200005845";"803 586";"A01";"1";"10";"0";"2";"3";"5";"1";""
"202200005846";"803 580";"B01";"1";"7";"0";"2";"8";"13";"1";""
"202200005846";"803 582";"A01";"2";"7";"0";"2";"2";"5";"1";""
"202200005847";"803 581";"B01";"1";"7";"0";"2";"3";"1";"1";""
"202200005847";"803 583";"A01";"2";"33";"0";"2";"8";"1";"1";""
"202200005848";"803 578";"A01";"2";"7";"2";"2";"7";"14";"1";""
"202200005848";"803 579";"B01";"1";"7";"0";"2";"1";"1";"1";""
"202200005849";"803 576";"A01";"2";"10";"0";"0";"0";"1";"1";""
"202200005850";"803 574";"A01";"2";"7";"0";"2";"1";"2";"1";""
"202200005850";"803 577";"B01";"2";"7";"0";"2";"4";"2";"1";""
"202200005851";"803 571";"B01";"2";"7";"0";"2";"1";"1";"1";""
"202200005851";"803 575";"A01";"3";"7";"6";"2";"2";"1";"1";""
"202200005852";"803 569";"B01";"2";"7";"0";"2";"1";"15";"1";""
"202200005852";"803 572";"A01";"1";"30";"0";"2";"3";"18";"1";""
"202200005853";"803 570";"B01";"3";"7";"0";"0";"0";"24";"2";""
"202200005853";"803 573";"A01";"3";"7";"0";"1";"3";"1";"1";""
"202200005854";"803 567";"B01";"2";"2";"0";"2";"1";"1";"1";""
"202200005854";"803 568";"A01";"1";"7";"0";"2";"8";"15";"1";""
"202200005855";"803 565";"A01";"2";"1";"8";"0";"1";"1";"5";""
"202200005856";"803 566";"A01";"0";"7";"0";"1";"1";"9";"1";""
"202200005857";"803 564";"A01";"0";"7";"0";"1";"2";"1";"1";""
"202200005858";"803 561";"A01";"1";"1";"1";"0";"1";"1";"5";""
"202200005858";"803 563";"B01";"1";"7";"0";"0";"1";"24";"1";""
"202200005859";"803 558";"A01";"2";"33";"0";"0";"1";"14";"0";""
"202200005860";"803 560";"A01";"1";"7";"0";"2";"8";"15";"1";""
"202200005860";"803 562";"B01";"1";"30";"0";"2";"1";"1";"1";""
"202200005861";"803 559";"A01";"2";"7";"2";"0";"8";"1";"1";""
"202200005862";"803 557";"A01";"1";"31";"0";"0";"0";"1";"1";""
"202200005863";"803 555";"A01";"2";"33";"3";"0";"1";"1";"1";""
"202200005864";"803 554";"A01";"1";"7";"0";"2";"1";"2";"1";""
"202200005864";"803 556";"B01";"1";"7";"0";"2";"4";"2";"1";""
"202200005865";"803 551";"B01";"1";"33";"0";"2";"2";"17";"1";""
"202200005865";"803 553";"A01";"1";"7";"0";"0";"6";"20";"1";""
"202200005866";"803 548";"A01";"1";"30";"0";"2";"1";"2";"1";""
"202200005866";"803 550";"B01";"1";"7";"0";"2";"6";"2";"1";""
"202200005867";"803 547";"A01";"2";"7";"0";"1";"2";"1";"1";""
"202200005868";"803 545";"A01";"3";"1";"0";"1";"1";"1";"5";""
"202200005869";"803 543";"A01";"2";"7";"0";"1";"8";"17";"1";""
"202200005870";"803 542";"A01";"2";"1";"0";"2";"3";"1";"5";""
"202200005870";"803 544";"B01";"3";"7";"0";"2";"3";"9";"1";""
"202200005871";"803 541";"A01";"0";"1";"0";"0";"0";"0";"5";""
"202200005872";"803 546";"C01";"1";"7";"0";"2";"1";"21";"1";""
"202200005872";"803 549";"B01";"1";"7";"0";"2";"3";"21";"1";""
"202200005872";"803 552";"A01";"2";"7";"0";"2";"3";"5";"1";""
"202200005873";"803 539";"A01";"1";"7";"6";"0";"2";"1";"1";""
"202200005874";"803 538";"A01";"1";"10";"0";"2";"7";"15";"1";""
"202200005874";"803 540";"B01";"2";"33";"0";"2";"1";"1";"1";""
"202200005875";"803 537";"A01";"2";"7";"2";"0";"9";"14";"1";""
"202200005876";"803 535";"A01";"2";"33";"0";"2";"1";"17";"1";""
"202200005876";"803 536";"B01";"2";"7";"0";"0";"6";"17";"1";""
"202200005877";"803 533";"B01";"0";"31";"0";"2";"1";"1";"1";""
"202200005877";"803 534";"A01";"0";"7";"0";"2";"7";"1";"1";""
"202200005878";"803 529";"A01";"2";"7";"0";"2";"3";"5";"1";""
"202200005878";"803 530";"B01";"1";"7";"0";"2";"0";"1";"1";""
"202200005878";"803 532";"C01";"1";"15";"0";"2";"3";"1";"1";""
"202200005879";"803 531";"A01";"2";"7";"0";"1";"3";"15";"1";""
"202200005880";"803 528";"A01";"1";"7";"0";"1";"1";"1";"2";""
"202200005881";"803 527";"A01";"2";"7";"13";"0";"9";"1";"1";""
"202200005882";"803 524";"B01";"2";"7";"0";"9";"0";"0";"1";""
"202200005882";"803 526";"A01";"2";"7";"0";"2";"1";"2";"1";""
"202200005883";"803 523";"A01";"2";"35";"0";"0";"0";"0";"0";""
"202200005884";"803 525";"A01";"3";"7";"2";"0";"2";"14";"1";""
"202200005885";"803 522";"A01";"1";"7";"16";"0";"9";"1";"1";""
"202200005886";"803 520";"A01";"0";"7";"13";"0";"3";"0";"1";""
"202200005887";"803 519";"B01";"2";"7";"0";"2";"2";"1";"1";""
"202200005887";"803 521";"A01";"1";"7";"0";"2";"3";"15";"1";""
"202200005888";"803 518";"A01";"1";"31";"6";"0";"3";"0";"1";""
"202200005889";"803 517";"A01";"1";"33";"13";"0";"0";"0";"1";""
"202200005890";"803 515";"A01";"2";"7";"0";"1";"8";"0";"1";""
"202200005891";"803 514";"A01";"2";"34";"0";"0";"0";"1";"1";""
"202200005892";"803 513";"A01";"2";"10";"0";"1";"1";"1";"1";""
"202200005893";"803 511";"A01";"3";"37";"0";"1";"2";"15";"1";"1"
"202200005894";"803 510";"B01";"2";"10";"0";"2";"3";"1";"1";""
"202200005894";"803 512";"A01";"1";"7";"0";"2";"3";"13";"1";""
"202200005895";"803 509";"A01";"2";"2";"14";"0";"1";"0";"1";""
"202200005896";"803 508";"A01";"1";"7";"0";"1";"5";"1";"1";""
"202200005897";"803 506";"A01";"2";"7";"15";"0";"3";"0";"1";""
"202200005898";"803 505";"B01";"2";"7";"0";"2";"4";"1";"1";""
"202200005898";"803 507";"A01";"2";"7";"0";"2";"1";"1";"1";""
"202200005899";"803 504";"A01";"1";"7";"0";"1";"3";"1";"1";""
"202200005900";"803 502";"A01";"1";"7";"0";"2";"1";"2";"1";""
"202200005900";"803 503";"B01";"1";"7";"0";"2";"4";"2";"1";""
"202200005901";"803 500";"A01";"2";"7";"15";"1";"1";"1";"1";""
"202200005902";"803 498";"C01";"2";"17";"0";"0";"4";"23";"1";""
"202200005902";"803 499";"B01";"2";"10";"1";"0";"1";"1";"1";""
"202200005902";"803 501";"A01";"2";"7";"0";"0";"8";"21";"1";""
"202200005903";"803 495";"A01";"1";"7";"0";"2";"1";"1";"1";""
"202200005903";"803 497";"B01";"2";"7";"0";"2";"1";"1";"1";""
"202200005904";"803 494";"A01";"1";"33";"0";"2";"5";"2";"1";""
"202200005904";"803 496";"B01";"1";"33";"0";"2";"3";"21";"1";""
"202200005905";"803 493";"A01";"2";"7";"16";"0";"1";"14";"1";""
"202200005906";"803 489";"C01";"1";"7";"0";"2";"0";"1";"1";""
"202200005906";"803 491";"B01";"1";"7";"0";"2";"3";"1";"1";""
"202200005906";"803 492";"A01";"1";"7";"0";"2";"1";"5";"1";""
"202200005907";"803 487";"B01";"1";"50";"0";"0";"4";"23";"3";""
"202200005907";"803 488";"A01";"1";"2";"0";"2";"1";"1";"1";""
"202200005908";"803 486";"A01";"1";"7";"0";"1";"1";"26";"1";""
"202200005909";"803 485";"A01";"1";"7";"2";"0";"9";"1";"2";""
"202200005910";"803 481";"A01";"2";"7";"8";"0";"8";"15";"1";""
"202200005910";"803 482";"B01";"2";"33";"0";"2";"2";"17";"1";""
"202200005911";"803 483";"B01";"2";"1";"2";"2";"1";"13";"5";""
"202200005911";"803 484";"A01";"1";"7";"0";"2";"2";"1";"1";""
"202200005912";"803 478";"A01";"3";"10";"3";"2";"3";"0";"1";""
"202200005912";"803 480";"B01";"3";"7";"0";"2";"3";"0";"1";""
"202200005913";"803 477";"B01";"1";"7";"1";"0";"8";"26";"1";""
"202200005913";"803 479";"A01";"2";"7";"0";"2";"1";"1";"1";""
"202200005914";"803 474";"B01";"1";"32";"0";"2";"1";"1";"1";""
"202200005914";"803 476";"A01";"3";"7";"0";"0";"8";"19";"1";""
"202200005915";"803 473";"B01";"3";"33";"0";"2";"1";"1";"1";""
"202200005915";"803 475";"A01";"3";"7";"0";"2";"3";"5";"1";""
"202200005916";"803 472";"A01";"1";"2";"13";"0";"0";"1";"1";""
"202200005917";"803 469";"A01";"1";"7";"0";"2";"4";"23";"1";""
"202200005917";"803 470";"B01";"1";"7";"0";"2";"1";"1";"1";""
"202200005918";"803 468";"B01";"1";"2";"0";"2";"8";"1";"1";""
"202200005918";"803 471";"A01";"2";"7";"0";"2";"1";"15";"1";""
"202200005919";"803 466";"B01";"3";"50";"0";"2";"1";"26";"3";""
"202200005919";"803 467";"A01";"0";"15";"0";"2";"7";"26";"1";""
"202200005920";"803 465";"A01";"2";"7";"0";"1";"1";"15";"0";""
"202200005921";"803 463";"A01";"2";"7";"0";"2";"7";"15";"1";""
"202200005921";"803 464";"B01";"1";"2";"0";"2";"1";"1";"1";""
"202200005922";"803 460";"A01";"1";"7";"13";"0";"4";"16";"0";""
"202200005922";"803 462";"B01";"1";"10";"0";"0";"1";"1";"0";""
"202200005923";"803 459";"A01";"2";"31";"0";"2";"1";"13";"1";""
"202200005923";"803 461";"B01";"1";"7";"0";"2";"1";"1";"1";""
"202200005924";"803 456";"B01";"2";"7";"0";"2";"3";"1";"1";""
"202200005924";"803 458";"A01";"1";"2";"0";"2";"1";"26";"1";""
"202200005925";"803 455";"B01";"1";"7";"0";"2";"1";"1";"1";""
"202200005925";"803 457";"A01";"2";"7";"0";"2";"1";"13";"1";""
"202200005926";"803 452";"B01";"2";"33";"0";"0";"1";"2";"1";""
"202200005926";"803 453";"A01";"2";"7";"0";"0";"4";"23";"1";""
"202200005927";"803 454";"A01";"2";"7";"0";"1";"5";"20";"1";""
"202200005928";"803 451";"A01";"2";"33";"13";"0";"1";"1";"1";""
"202200005929";"803 450";"A01";"1";"31";"0";"0";"3";"1";"1";""
"202200005930";"803 448";"A01";"3";"21";"15";"0";"9";"1";"1";""
"202200005931";"803 445";"B01";"1";"16";"0";"2";"7";"12";"1";""
"202200005931";"803 446";"A01";"1";"7";"0";"2";"8";"1";"1";""
"202200005932";"803 443";"B01";"1";"7";"0";"2";"1";"2";"1";""
"202200005932";"803 444";"A01";"1";"7";"0";"2";"4";"1";"1";""
"202200005933";"803 439";"B01";"1";"30";"0";"2";"1";"1";"0";""
"202200005933";"803 441";"Z01";"0";"30";"0";"2";"6";"19";"0";""
"202200005934";"803 436";"B01";"1";"7";"0";"2";"7";"1";"1";""
"202200005934";"803 437";"A01";"1";"2";"0";"2";"1";"9";"0";""
"202200005935";"803 435";"Z01";"2";"7";"0";"2";"1";"2";"1";""
"202200005935";"803 438";"B01";"2";"7";"0";"2";"6";"1";"1";""
"202200005935";"803 440";"C01";"2";"7";"0";"2";"7";"1";"1";""
"202200005935";"803 442";"D01";"2";"7";"0";"2";"7";"1";"1";""
"202200005936";"803 432";"B01";"2";"10";"0";"2";"5";"1";"1";""
"202200005936";"803 434";"A01";"2";"7";"4";"2";"1";"14";"1";""
"202200005937";"803 431";"B01";"2";"7";"0";"2";"6";"15";"1";""
"202200005937";"803 433";"A01";"2";"31";"0";"2";"1";"1";"1";""
"202200005938";"803 428";"B01";"0";"31";"0";"2";"0";"0";"1";""
"202200005938";"803 430";"A01";"1";"7";"0";"2";"0";"11";"1";""
"202200005939";"803 427";"A01";"0";"30";"0";"2";"1";"1";"1";""
"202200005939";"803 429";"Z01";"0";"7";"0";"2";"1";"13";"0";""
"202200005940";"803 425";"A01";"1";"7";"0";"2";"1";"2";"1";""
"202200005940";"803 426";"B01";"1";"7";"0";"2";"4";"2";"1";""
"202200005941";"803 424";"A01";"3";"7";"2";"0";"2";"1";"1";""
"202200005942";"803 422";"A01";"3";"33";"0";"2";"3";"17";"1";""
"202200005942";"803 423";"B01";"3";"7";"0";"2";"3";"17";"1";""
"202200005943";"803 420";"B01";"2";"7";"0";"2";"3";"1";"0";""
"202200005943";"803 421";"A01";"3";"7";"0";"2";"6";"9";"1";""
"202200005944";"803 419";"A01";"1";"7";"12";"0";"1";"16";"1";""
"202200005945";"803 417";"B01";"2";"7";"0";"2";"6";"2";"1";""
"202200005945";"803 418";"A01";"2";"7";"0";"2";"7";"17";"1";""
"202200005946";"803 416";"A01";"1";"7";"17";"0";"1";"13";"1";""
"202200005947";"803 415";"A01";"1";"80";"12";"0";"0";"13";"3";""
"202200005948";"803 414";"A01";"2";"32";"0";"0";"7";"1";"3";""
"202200005949";"803 412";"B01";"1";"30";"0";"2";"1";"2";"3";""
"202200005949";"803 413";"A01";"1";"10";"0";"2";"6";"4";"1";""
"202200005950";"803 411";"A01";"1";"7";"9";"1";"1";"21";"2";""
"202200005951";"803 409";"B01";"3";"7";"0";"2";"3";"1";"3";""
"202200005951";"803 410";"A01";"3";"50";"0";"2";"1";"9";"3";""
"202200005952";"803 407";"B01";"1";"7";"0";"2";"3";"15";"1";""
"202200005952";"803 408";"A01";"1";"30";"0";"2";"2";"17";"3";""
"202200005953";"803 405";"B01";"1";"14";"0";"2";"4";"1";"1";""
"202200005953";"803 406";"A01";"2";"31";"0";"2";"1";"1";"1";""
"202200005954";"803 404";"A01";"2";"30";"0";"1";"1";"1";"3";""
"202200005955";"803 402";"B01";"2";"7";"0";"2";"3";"1";"1";""
"202200005955";"803 403";"A01";"1";"10";"0";"2";"8";"1";"1";""
"202200005956";"803 401";"A01";"3";"1";"12";"0";"0";"14";"5";""
"202200005957";"803 399";"A01";"2";"30";"0";"2";"1";"1";"1";""
"202200005957";"803 400";"B01";"1";"7";"0";"2";"3";"1";"1";""
"202200005958";"803 397";"Z01";"1";"7";"0";"2";"3";"13";"2";""
"202200005958";"803 398";"A01";"1";"30";"0";"2";"2";"1";"3";""
"202200005959";"803 396";"A01";"1";"1";"0";"2";"0";"1";"5";""
"202200005960";"803 394";"A01";"1";"15";"0";"2";"7";"1";"1";""
"202200005960";"803 395";"B01";"1";"7";"0";"2";"6";"23";"1";""
"202200005961";"803 392";"A01";"3";"7";"0";"9";"0";"0";"1";""
"202200005961";"803 393";"B01";"3";"33";"0";"2";"2";"0";"1";""
"202200005962";"803 390";"B01";"3";"10";"0";"9";"3";"1";"1";""
"202200005962";"803 391";"A01";"3";"99";"0";"2";"2";"1";"3";""
"202200005963";"803 388";"B01";"0";"7";"0";"2";"3";"1";"2";""
"202200005963";"803 389";"A01";"0";"30";"0";"2";"1";"15";"1";""
"202200005964";"803 386";"A01";"2";"7";"0";"2";"4";"1";"1";""
"202200005964";"803 387";"B01";"2";"0";"0";"2";"0";"0";" -1";""
"202200005965";"803 384";"B01";"3";"1";"0";"2";"1";"1";"5";""
"202200005965";"803 385";"A01";"3";"7";"0";"2";"5";"4";"1";""
"202200005966";"803 382";"A01";"2";"10";"0";"2";"7";"16";"1";""
"202200005966";"803 383";"B01";"2";"1";"0";"2";"1";"1";"5";""
"202200005967";"803 380";"A01";"0";"33";"0";"2";"6";"26";"1";""
"202200005967";"803 381";"B01";"0";"7";"0";"0";"6";"2";"1";""
"202200005968";"803 379";"A01";"0";"50";"0";"1";"1";"1";"3";""
"202200005969";"803 377";"A01";"0";"7";"0";"2";"3";"15";"1";""
"202200005969";"803 378";"B01";"3";"34";"0";"2";"3";"1";"1";""
"202200005970";"803 375";"A01";"2";"7";"0";"1";"3";"1";"2";""
"202200005971";"803 373";"B01";"1";"1";"0";"2";"1";"2";"5";""
"202200005971";"803 374";"A01";"1";"10";"0";"0";"4";"23";"1";""
"202200005972";"803 372";"A01";"2";"33";"13";"0";"2";"1";"1";""
"202200005973";"803 371";"A01";"2";"7";"0";"1";"2";"1";"1";""
"202200005974";"803 370";"A01";"2";"7";"13";"0";"1";"1";"1";""
"202200005975";"803 367";"A01";"3";"7";"0";"1";"1";"1";"1";""
"202200005976";"803 368";"B01";"3";"1";"0";"2";"1";"1";"5";""
"202200005976";"803 369";"A01";"3";"10";"0";"9";"7";"1";"1";""
"202200005977";"803 364";"B01";"1";"43";"0";"2";"1";"2";"1";""
"202200005977";"803 366";"A01";"1";"7";"0";"0";"4";"15";"1";""
"202200005978";"803 363";"A01";"1";"7";"0";"2";"3";"5";"1";""
"202200005978";"803 365";"B01";"2";"2";"0";"2";"1";"1";"3";""
"202200005979";"803 361";"B01";"1";"7";"0";"2";"6";"1";"1";""
"202200005979";"803 362";"A01";"2";"7";"9";"2";"3";"1";"1";""
"202200005980";"803 357";"A01";"0";"7";"0";"2";"7";"17";"1";""
"202200005980";"803 359";"B01";"0";"1";"0";"2";"3";"13";"5";""
"202200005981";"803 358";"B01";"1";"1";"0";"2";"0";"2";"5";""
"202200005981";"803 360";"A01";"1";"7";"0";"2";"4";"23";"0";""
"202200005982";"803 354";"A01";"3";"15";"0";"2";"3";"13";"1";""
"202200005982";"803 356";"B01";"3";"7";"0";"2";"1";"1";"1";""
"202200005983";"803 353";"B01";"1";"32";"0";"2";"1";"18";"1";""
"202200005983";"803 355";"A01";"1";"7";"0";"2";"5";"16";"1";""
"202200005984";"803 351";"B01";"2";"7";"0";"0";"6";"15";"1";""
"202200005984";"803 352";"A01";"2";"2";"0";"2";"1";"2";"1";""
"202200005985";"803 349";"B01";"3";"7";"0";"0";"2";"21";"6";""
"202200005985";"803 350";"A01";"3";"2";"0";"2";"1";"19";"1";""
"202200005986";"803 345";"A01";"1";"7";"2";"0";"3";"14";"1";""
"202200005987";"803 344";"A01";"1";"7";"0";"2";"4";"1";"1";""
"202200005987";"803 346";"B01";"1";"7";"0";"2";"1";"2";"1";""
"202200005987";"803 347";"C01";"1";"7";"0";"0";"4";"2";"1";""
"202200005987";"803 348";"D01";"1";"15";"0";"2";"3";"1";"1";""
"202200005988";"803 341";"A01";"1";"33";"0";"0";"2";"1";"1";""
"202200005988";"803 343";"B01";"2";"14";"0";"9";"0";"1";"1";""
"202200005989";"803 340";"A01";"3";"7";"0";"1";"1";"1";"1";""
"202200005990";"803 338";"A01";"3";"7";"0";"1";"1";"1";"1";""
"202200005991";"803 337";"A01";"0";"7";"0";"2";"2";"15";"1";""
"202200005991";"803 339";"B01";"0";"2";"0";"2";"1";"1";"1";""
"202200005992";"803 336";"A01";"2";"33";"5";"0";"1";"1";"1";""
"202200005993";"803 333";"A01";"1";"31";"0";"2";"1";"5";"1";""
"202200005993";"803 335";"B01";"2";"7";"0";"2";"1";"0";"1";""
"202200005994";"803 331";"A01";"3";"31";"0";"0";"0";"1";"1";""
"202200005995";"803 328";"B01";"2";"16";"0";"0";"0";"1";"1";""
"202200005995";"803 330";"A01";"2";"7";"1";"2";"2";"14";"1";""
"202200005996";"803 327";"B01";"2";"10";"0";"2";"1";"1";"1";""
"202200005996";"803 329";"A01";"1";"10";"0";"2";"7";"1";"1";""
"202200005997";"803 325";"A01";"0";"33";"12";"0";"8";"1";"1";""
"202200005998";"803 324";"B01";"1";"7";"0";"2";"1";"1";"1";""
"202200005998";"803 326";"A01";"2";"10";"0";"2";"1";"1";"1";""
"202200005999";"803 322";"A01";"3";"2";"0";"0";"9";"14";"1";""
"202200006000";"803 321";"A01";"2";"15";"0";"9";"5";"1";"1";""
"202200006000";"803 323";"B01";"3";"1";"0";"2";"1";"9";"5";""
"202200006001";"803 318";"B01";"1";"7";"0";"0";"1";"1";"1";""
"202200006001";"803 320";"A01";"2";"7";"0";"0";"6";"13";"1";""
"202200006002";"803 317";"B01";"2";"10";"0";"2";"1";"2";"1";""
"202200006002";"803 319";"A01";"2";"7";"0";"2";"4";"2";"1";""
"202200006003";"803 316";"A01";"1";"33";"0";"0";"7";"2";"1";""
"202200006004";"803 314";"A01";"2";"7";"0";"2";"1";"2";"1";""
"202200006004";"803 315";"B01";"2";"7";"0";"2";"4";"2";"1";""
"202200006005";"803 312";"A01";"2";"33";"0";"1";"1";"18";"1";""
"202200006006";"803 310";"A01";"1";"7";"0";"2";"6";"9";"1";""
"202200006006";"803 311";"B01";"1";"7";"0";"2";"1";"1";"1";""
"202200006006";"803 313";"C01";"1";"15";"0";"2";"2";"1";"1";""
"202200006007";"803 309";"A01";"3";"3";"0";"1";"1";"1";"1";""
"202200006008";"803 307";"A01";"1";"33";"0";"2";"3";"3";"1";""
"202200006008";"803 308";"Z01";"1";"10";"0";"2";"0";"0";"0";""
"202200006009";"803 305";"A01";"2";"10";"0";"1";"1";"1";"1";""
"202200006010";"803 303";"A01";"1";"7";"0";"2";"1";"1";"1";""
"202200006010";"803 304";"B01";"1";"7";"0";"0";"0";"0";"1";""
"202200006010";"803 306";"C01";"1";"7";"0";"0";"0";"0";"1";""
"202200006011";"803 301";"A01";"1";"7";"0";"0";"9";"1";"1";""
"202200006012";"803 300";"B01";"2";"7";"0";"2";"3";"1";"1";""
"202200006012";"803 302";"A01";"1";"7";"0";"2";"7";"15";"1";""
"202200006013";"803 299";"A01";"1";"7";"0";"9";"1";"1";"1";""
"202200006014";"803 296";"A01";"1";"31";"0";"2";"3";"3";"1";""
"202200006014";"803 297";"B01";"1";"7";"0";"2";"5";"12";"1";""
"202200006014";"803 298";"C01";"1";"10";"0";"2";"0";"1";"1";""
"202200006015";"803 294";"B01";"2";"7";"0";"0";"2";"17";"1";""
"202200006015";"803 295";"A01";"2";"7";"0";"2";"3";"13";"1";""
"202200006016";"803 290";"D01";"1";"7";"0";"0";"6";"1";"1";""
"202200006016";"803 291";"C01";"1";"7";"0";"0";"6";"1";"1";""
"202200006016";"803 292";"B01";"1";"7";"0";"0";"1";"1";"1";""
"202200006016";"803 293";"A01";"1";"7";"0";"2";"1";"11";"1";""
"202200006017";"803 289";"A01";"2";"7";"2";"0";"1";"1";"0";""
"202200006018";"803 285";"A01";"1";"33";"0";"2";"8";"3";"1";""
"202200006018";"803 287";"B01";"1";"17";"0";"2";"7";"2";"1";""
"202200006018";"803 288";"C01";"1";"7";"0";"2";"6";"1";"1";""
"202200006019";"803 286";"A01";"1";"7";"13";"0";"1";"1";"1";""
"202200006020";"803 283";"A01";"1";"7";"2";"0";"1";"13";"1";""
"202200006021";"803 281";"C01";"1";"7";"0";"2";"1";"1";"1";""
"202200006021";"803 282";"B01";"1";"7";"0";"2";"6";"1";"1";""
"202200006021";"803 284";"A01";"1";"7";"0";"2";"2";"1";"1";""
"202200006022";"803 280";"A01";"2";"10";"8";"0";"3";"13";"1";""
"202200006023";"803 279";"A01";"1";"7";"3";"0";"2";"14";"1";""
"202200006024";"803 276";"B01";"2";"10";"0";"2";"4";"2";"1";""
"202200006024";"803 278";"A01";"2";"10";"0";"2";"1";"2";"1";""
"202200006025";"803 277";"A01";"1";"7";"2";"0";"2";"1";"1";""
"202200006026";"803 273";"A01";"1";"15";"0";"2";"2";"1";"1";""
"202200006026";"803 275";"B01";"1";"7";"0";"2";"8";"11";"1";""
"202200006027";"803 272";"B01";"1";"7";"0";"2";"1";"1";"1";""
"202200006027";"803 274";"A01";"2";"7";"0";"2";"3";"13";"1";""
"202200006028";"803 270";"A01";"2";"7";"0";"2";"8";"11";"1";""
"202200006028";"803 271";"B01";"2";"33";"0";"2";"7";"3";"1";""
"202200006029";"803 268";"A01";"1";"7";"0";"2";"1";"5";"1";""
"202200006029";"803 269";"B01";"2";"37";"4";"2";"3";"1";"6";"1"
"202200006030";"803 267";"A01";"2";"1";"0";"0";"0";"1";"5";""
"202200006031";"803 264";"B01";"1";"33";"0";"2";"0";"0";"1";""
"202200006031";"803 266";"A01";"1";"7";"0";"2";"8";"20";"1";""
"202200006032";"803 263";"B01";"2";"7";"0";"2";"1";"0";"1";""
"202200006032";"803 265";"A01";"1";"7";"0";"2";"1";"13";"1";""
"202200006033";"803 262";"A01";"1";"3";"0";"0";"9";"13";"1";""
"202200006034";"803 257";"A01";"2";"34";"0";"2";"3";"1";"1";""
"202200006034";"803 259";"B01";"0";"50";"0";"2";"7";"19";"3";""
"202200006035";"803 258";"A01";"1";"7";"0";"2";"1";"2";"1";""
"202200006035";"803 260";"B01";"1";"7";"0";"2";"4";"2";"1";""
"202200006035";"803 261";"C01";"1";"7";"0";"2";"4";"2";"1";""
"202200006036";"803 255";"A01";"2";"33";"13";"0";"2";"1";"1";""
"202200006037";"803 254";"B01";"2";"7";"0";"2";"6";"1";"1";""
"202200006037";"803 256";"A01";"2";"30";"0";"1";"1";"16";"1";""
"202200006038";"803 252";"B01";"2";"7";"0";"2";"3";"13";"1";""
"202200006038";"803 253";"A01";"1";"7";"0";"2";"3";"0";"1";""
"202200006039";"803 250";"A01";"2";"7";"1";"1";"1";"1";"1";""
"202200006040";"803 247";"B01";"2";"38";"0";"2";"1";"1";"1";"4"
"202200006040";"803 249";"A01";"1";"7";"0";"2";"1";"13";"1";""
"202200006041";"803 245";"B01";"0";"33";"0";"2";"7";"17";"1";""
"202200006041";"803 246";"A01";"0";"7";"0";"2";"3";"10";"1";""
"202200006042";"803 242";"B01";"2";"10";"0";"2";"1";"19";"1";""
"202200006042";"803 244";"A01";"1";"7";"3";"2";"1";"1";"1";""
"202200006043";"803 241";"A01";"1";"33";"0";"2";"0";"0";"1";""
"202200006043";"803 243";"B01";"0";"7";"0";"2";"0";"0";"1";""
"202200006044";"803 238";"A01";"1";"7";"7";"0";"0";"0";"1";""
"202200006045";"803 239";"A01";"1";"7";"13";"2";"1";"2";"1";""
"202200006045";"803 240";"B01";"1";"7";"0";"0";"6";"2";"1";""
"202200006046";"803 236";"B01";"2";"2";"0";"2";"2";"1";"1";""
"202200006046";"803 237";"A01";"1";"7";"0";"2";"2";"1";"1";""
"202200006047";"803 234";"A01";"1";"10";"0";"2";"1";"2";"1";""
"202200006047";"803 235";"B01";"1";"7";"3";"2";"4";"2";"1";""
"202200006048";"803 232";"A01";"3";"7";"0";"2";"0";"15";"1";""
"202200006048";"803 233";"B01";"3";"2";"0";"2";"1";"17";"1";""
"202200006049";"803 231";"A01";"2";"7";"2";"0";"5";"17";"1";""
"202200006050";"803 230";"A01";"2";"7";"0";"1";"1";"1";"1";""
"202200006051";"803 229";"A01";"1";"10";"0";"1";"1";"19";"1";""
"202200006052";"803 228";"A01";"1";"1";"0";"1";"1";"1";"5";""
"202200006053";"803 225";"B01";"1";"33";"0";"2";"1";"1";"1";""
"202200006053";"803 227";"A01";"1";"7";"0";"0";"6";"1";"3";""
"202200006054";"803 224";"B01";"1";"7";"0";"2";"8";"0";"1";""
"202200006054";"803 226";"A01";"2";"7";"0";"2";"1";"1";"2";""
"202200006055";"803 221";"A01";"3";"7";"0";"2";"1";"1";"1";""