"Num_Acc";"id_vehicule";"num_veh";"senc";"catv";"obs";"obsm";"choc";"manv";"motor";"occutc"
"202200006055";"803 223";"B01";"3";"7";"0";"2";"7";"26";"1";""
"202200006056";"803 219";"A01";"1";"7";"0";"2";"1";"1";"1";""
"202200006056";"803 220";"B01";"1";"7";"0";"2";"4";"23";"1";""
"202200006056";"803 222";"C01";"1";"7";"0";"0";"4";"23";"1";""
"202200006057";"803 216";"B01";"3";"10";"0";"2";"1";"0";"1";""
"202200006057";"803 217";"C01";"3";"10";"0";"2";"4";"0";"1";""
"202200006057";"803 218";"A01";"3";"7";"0";"2";"1";"2";"1";""
"202200006058";"803 212";"A01";"3";"7";"0";"9";"1";"1";"1";""
"202200006058";"803 213";"B01";"3";"50";"0";"2";"8";"19";"3";""
"202200006059";"803 214";"B01";"2";"33";"0";"0";"1";"1";"1";""
"202200006059";"803 215";"A01";"1";"7";"0";"0";"7";"15";"1";""
"202200006060";"803 209";"A01";"2";"7";"0";"2";"1";"1";"1";""
"202200006060";"803 211";"B01";"2";"10";"0";"2";"6";"1";"1";""
"202200006061";"803 210";"A01";"1";"7";"16";"0";"0";"21";"1";""
"202200006062";"803 207";"A01";"2";"33";"0";"2";"3";"18";"1";""
"202200006062";"803 208";"B01";"1";"15";"0";"2";"2";"16";"1";""
"202200006063";"803 206";"A01";"2";"7";"0";"1";"3";"1";"1";""
"202200006064";"803 204";"A01";"2";"7";"2";"0";"2";"1";"1";""
"202200006065";"803 203";"A01";"0";"7";"0";"2";"2";"19";"1";""
"202200006065";"803 205";"B01";"0";"7";"0";"2";"8";"1";"1";""
"202200006066";"803 202";"A01";"2";"7";"13";"0";"2";"26";"1";""
"202200006067";"803 199";"A01";"1";"7";"0";"2";"1";"9";"1";""
"202200006067";"803 201";"B01";"1";"7";"0";"2";"5";"1";"1";""
"202200006068";"803 197";"A01";"1";"7";"0";"1";"1";"15";"1";""
"202200006069";"803 195";"A01";"0";"7";"0";"2";"1";"2";"1";""
"202200006069";"803 196";"B01";"0";"99";"0";"9";"4";"1";"0";""
"202200006070";"803 193";"B01";"1";"7";"0";"2";"3";"1";"0";""
"202200006070";"803 194";"A01";"2";"7";"0";"2";"3";"5";"1";""
"202200006071";"803 192";"A01";"1";"7";"15";"0";"1";"14";"1";""
"202200006072";"803 191";"A01";"2";"7";"0";"1";"3";"1";"1";""
"202200006073";"803 190";"A01";"2";"7";"3";"0";"1";"1";"1";""
"202200006074";"803 189";"A01";"2";"7";"0";"1";"3";"15";"1";""
"202200006075";"803 186";"A01";"2";"7";"0";"2";"1";"2";"1";""
"202200006075";"803 187";"B01";"2";"7";"0";"2";"4";"2";"1";""
"202200006076";"803 185";"A01";"3";"7";"0";"1";"2";"1";"1";""
"202200006077";"803 181";"A01";"2";"7";"0";"2";"1";"1";"1";""
"202200006077";"803 182";"B01";"1";"7";"0";"2";"4";"1";"1";""
"202200006078";"803 180";"A01";"2";"7";"1";"2";"2";"1";"2";""
"202200006078";"803 183";"B01";"2";"17";"0";"2";"6";"24";"0";""
"202200006078";"803 184";"C01";"2";"10";"0";"2";"1";"1";"1";""
"202200006079";"803 177";"A01";"2";"2";"0";"2";"6";"9";"1";""
"202200006079";"803 179";"B01";"2";"2";"0";"2";"6";"1";"1";""
"202200006080";"803 178";"A01";"2";"7";"4";"0";"3";"1";"1";""
"202200006081";"803 173";"A01";"1";"7";"0";"2";"1";"1";"1";""
"202200006081";"803 175";"B01";"1";"7";"0";"2";"4";"1";"1";""
"202200006082";"803 174";"B01";"1";"50";"0";"2";"1";"1";"3";""
"202200006082";"803 176";"A01";"1";"7";"0";"2";"6";"15";"1";""
"202200006083";"803 171";"A01";"2";"7";"0";"1";"2";"1";"1";""
"202200006084";"803 170";"B01";"1";"7";"0";"2";"5";"2";"1";""
"202200006084";"803 172";"A01";"1";"43";"0";"2";"1";"3";"1";""
"202200006085";"803 169";"A01";"3";"7";"0";"1";"1";"1";"0";""
"202200006086";"803 165";"A01";"2";"39";"0";"1";"1";"1";"3";""
"202200006087";"803 166";"C01";"2";"15";"0";"2";"8";"1";"1";""
"202200006087";"803 167";"B01";"2";"7";"0";"2";"5";"1";"1";""
"202200006087";"803 168";"A01";"2";"33";"0";"2";"8";"3";"1";""
"202200006088";"803 162";"B01";"3";"7";"0";"2";"8";"15";"1";""
"202200006088";"803 164";"A01";"3";"33";"0";"2";"1";"1";"1";""
"202200006089";"803 161";"A01";"2";"7";"0";"2";"1";"1";"1";""
"202200006089";"803 163";"B01";"2";"7";"0";"2";"4";"1";"2";""
"202200006090";"803 159";"A01";"0";"7";"0";"1";"6";"1";"1";""
"202200006091";"803 160";"A01";"1";"7";"4";"0";"8";"13";"1";""
"202200006092";"803 158";"A01";"1";"7";"0";"1";"1";"1";"1";""
"202200006093";"803 156";"B01";"1";"7";"0";"2";"4";"2";"1";""
"202200006093";"803 157";"A01";"1";"7";"0";"2";"1";"2";"1";""
"202200006094";"803 154";"A01";"1";"10";"0";"2";"2";"1";"1";""
"202200006094";"803 155";"B01";"1";"31";"0";"2";"2";"1";"1";""
"202200006095";"803 153";"A01";"1";"7";"0";"2";"9";"1";"1";""
"202200006096";"803 148";"C01";"3";"7";"0";"2";"1";"1";"1";""
"202200006096";"803 150";"B01";"3";"7";"0";"2";"3";"1";"1";""
"202200006096";"803 152";"A01";"3";"7";"0";"2";"1";"13";"1";""
"202200006097";"803 146";"D01";"2";"7";"0";"2";"4";"1";"1";""
"202200006097";"803 147";"C01";"2";"7";"0";"2";"4";"1";"1";""
"202200006097";"803 149";"B01";"2";"10";"0";"2";"4";"1";"1";""
"202200006097";"803 151";"A01";"2";"14";"0";"2";"1";"1";"1";""
"202200006098";"803 145";"A01";"0";"50";"0";"9";"1";"1";"3";""
"202200006099";"803 144";"A01";"1";"7";"0";"9";"3";"2";"1";""
"202200006100";"803 143";"A01";"1";"7";"0";"0";"1";"1";"1";""
"202200006101";"803 141";"A01";"1";"7";"0";"2";"2";"2";"1";""
"202200006101";"803 142";"B01";"1";"1";"0";"2";"4";"2";"5";""
"202200006102";"803 140";"A01";"1";"32";"1";"0";"5";"1";"1";""
"202200006103";"803 139";"A01";"1";"33";"0";"0";"1";"11";"1";""
"202200006104";"803 137";"A01";"1";"7";"0";"2";"9";"16";"1";""
"202200006104";"803 138";"B01";"1";"7";"0";"2";"9";"1";"1";""
"202200006105";"803 135";"B01";"1";"7";"0";"2";"0";"23";"0";""
"202200006105";"803 136";"A01";"1";"7";"0";"2";"1";"1";"0";""
"202200006106";"803 133";"A01";"1";"7";"0";"2";"8";"19";"1";""
"202200006106";"803 134";"B01";"0";"30";"0";"2";"7";"1";"1";""
"202200006107";"803 131";"A01";"2";"10";"0";"9";"1";"15";"1";""
"202200006107";"803 132";"B01";"2";"50";"0";"9";"1";"15";"3";""
"202200006108";"803 129";"B01";"2";"7";"0";"2";"3";"15";"1";""
"202200006108";"803 130";"A01";"2";"7";"1";"2";"2";"1";"1";""
"202200006109";"803 127";"A01";"2";"7";"0";"1";"2";"0";"1";""
"202200006110";"803 126";"B01";"1";"7";"1";"2";"7";"22";"1";""
"202200006110";"803 128";"A01";"1";"60";"1";"2";"1";"26";"5";""
"202200006111";"803 124";"B01";"0";"7";"0";"2";"1";"1";"1";""
"202200006111";"803 125";"A01";"0";"7";"8";"2";"1";"1";"1";""
"202200006112";"803 122";"B01";"2";"50";"0";"2";"0";"0";"3";""
"202200006112";"803 123";"A01";"1";"7";"0";"2";"1";"15";"1";""
"202200006113";"803 121";"A01";"0";"7";"0";"1";"2";"15";"1";""
"202200006114";"803 119";"A01";"3";"1";"0";"2";"4";"17";"5";""
"202200006114";"803 120";"B01";"3";"80";"0";"2";"1";"17";"3";""
"202200006115";"803 117";"B01";"1";"31";"0";"2";"7";"1";"3";""
"202200006115";"803 118";"A01";"1";"7";"0";"2";"8";"15";"1";""
"202200006116";"803 114";"A01";"2";"7";"0";"2";"1";"2";"1";""
"202200006116";"803 115";"B01";"2";"7";"0";"2";"4";"15";"1";""
"202200006117";"803 112";"A01";"1";"7";"6";"0";"3";"1";"1";""
"202200006118";"803 111";"B01";"2";"7";"0";"2";"4";"2";"1";""
"202200006118";"803 113";"A01";"2";"7";"0";"2";"1";"2";"1";""
"202200006119";"803 108";"A01";"2";"7";"0";"2";"1";"18";"1";""
"202200006119";"803 110";"B01";"2";"1";"0";"2";"4";"1";"5";""
"202200006120";"803 104";"A01";"2";"7";"0";"2";"1";"13";"1";""
"202200006120";"803 106";"B01";"1";"10";"0";"2";"1";"1";"1";""
"202200006121";"803 103";"D01";"1";"7";"0";"2";"4";"23";"1";""
"202200006121";"803 105";"C01";"1";"7";"0";"2";"4";"23";"1";""
"202200006121";"803 107";"B01";"1";"7";"0";"2";"4";"23";"1";""
"202200006121";"803 109";"Z01";"1";"7";"0";"2";"1";"2";"1";""
"202200006122";"803 101";"B01";"2";"33";"0";"2";"4";"1";"1";""
"202200006122";"803 102";"A01";"2";"7";"0";"2";"1";"1";"1";""
"202200006123";"803 099";"A01";"2";"33";"0";"2";"1";"2";"1";""
"202200006123";"803 100";"B01";"2";"33";"0";"2";"4";"2";"1";""
"202200006124";"803 098";"A01";"3";"2";"0";"0";"0";"0";"1";""
"202200006125";"803 094";"A01";"2";"80";"0";"2";"1";"1";"3";""
"202200006125";"803 097";"B01";"1";"7";"0";"2";"1";"15";"1";""
"202200006126";"803 093";"B01";"3";"7";"0";"2";"5";"15";"1";""
"202200006126";"803 095";"C01";"1";"7";"0";"2";"1";"5";"1";""
"202200006126";"803 096";"A01";"2";"33";"0";"2";"1";"21";"1";""
"202200006127";"803 091";"A01";"3";"7";"1";"0";"3";"9";"1";""
"202200006128";"803 092";"A01";"3";"30";"0";"1";"1";"1";"1";""
"202200006129";"803 090";"A01";"3";"7";"0";"1";"1";"20";"1";""
"202200006130";"803 088";"A01";"1";"32";"0";"2";"8";"1";"1";""
"202200006130";"803 089";"Z01";"1";"7";"0";"2";"3";"15";"0";""
"202200006131";"803 086";"A01";"3";"33";"0";"2";"1";"15";"1";""
"202200006131";"803 087";"B01";"3";"33";"0";"2";"1";"1";"1";""
"202200006132";"803 084";"B01";"2";"30";"0";"2";"2";"1";"3";""
"202200006132";"803 085";"A01";"1";"7";"0";"2";"2";"15";"2";""
"202200006133";"803 082";"B01";"1";"2";"0";"2";"1";"2";"1";""
"202200006133";"803 083";"A01";"1";"7";"0";"2";"3";"15";"1";""
"202200006134";"803 080";"B01";"2";"1";"0";"2";"8";"1";"5";""
"202200006134";"803 081";"A01";"1";"7";"0";"2";"1";"15";"1";""
"202200006135";"803 079";"A01";"2";"30";"0";"0";"7";"15";"1";""
"202200006136";"803 075";"A01";"0";"7";"0";"2";"8";"9";"1";""
"202200006136";"803 077";"B01";"1";"50";"0";"2";"1";"1";"3";""
"202200006137";"803 076";"A01";"2";"7";"0";"2";"3";"10";"1";""
"202200006137";"803 078";"B01";"2";"33";"0";"2";"1";"17";"1";""
"202200006138";"803 074";"A01";"1";"7";"2";"0";"9";"1";"1";""
"202200006139";"803 072";"A01";"2";"43";"0";"2";"1";"1";"1";""
"202200006139";"803 073";"B01";"2";"30";"0";"2";"7";"16";"1";""
"202200006140";"803 069";"B01";"2";"7";"0";"2";"8";"1";"1";""
"202200006140";"803 070";"Z01";"2";"7";"0";"2";"8";"11";"1";""
"202200006140";"803 071";"A01";"2";"33";"0";"2";"7";"17";"1";""
"202200006141";"803 065";"A01";"0";"7";"0";"2";"3";"15";"1";""
"202200006141";"803 067";"B01";"0";"33";"0";"2";"1";"1";"1";""
"202200006142";"803 066";"B01";"1";"2";"0";"2";"1";"1";"1";""
"202200006142";"803 068";"A01";"1";"7";"0";"2";"6";"15";"1";""
"202200006143";"803 061";"A01";"2";"7";"0";"2";"3";"15";"1";""
"202200006143";"803 064";"B01";"2";"1";"0";"2";"1";"1";"5";""
"202200006144";"803 062";"A01";"0";"10";"0";"2";"2";"1";"0";""
"202200006144";"803 063";"B01";"0";"1";"0";"2";"3";"1";"5";""
"202200006145";"803 060";"A01";"1";"10";"1";"0";"1";"1";"1";""
"202200006146";"803 058";"B01";"1";"10";"0";"2";"2";"1";"3";""
"202200006146";"803 059";"A01";"1";"30";"0";"2";"1";"1";"3";""
"202200006147";"803 057";"A01";"0";"10";" -1";"1";" -1";" -1";" -1";""
"202200006148";"803 055";"B01";"2";"1";"0";"2";"4";"1";"5";""
"202200006148";"803 056";"A01";"1";"33";"0";"2";"1";"1";"1";""
"202200006149";"803 052";"A01";"2";"10";"0";"2";"1";"15";"1";""
"202200006149";"803 054";"B01";"1";"7";"0";"2";"8";"1";"1";""
"202200006150";"803 051";"A01";"1";"50";"0";"0";"8";"16";"3";""
"202200006151";"803 049";"A01";"1";"37";"0";"2";"8";"1";"1";"2"
"202200006151";"803 050";"B01";"1";"7";"0";"2";"0";"17";"0";""
"202200006152";"803 048";"A01";"2";"7";"0";"1";"2";"1";"1";""
"202200006153";"803 045";"B01";"1";"10";"0";"2";"1";"1";"1";""
"202200006153";"803 047";"A01";"2";"7";"0";"2";"7";"1";"1";""
"202200006154";"803 044";"A01";"1";"32";"0";"2";"1";"1";"3";""
"202200006154";"803 046";"B01";"1";"2";"0";"2";"4";"23";"3";""
"202200006155";"803 043";"A01";"3";"7";"6";"0";"1";"1";"1";""
"202200006156";"803 041";"B01";"2";"50";"0";"2";"2";"15";"3";""
"202200006156";"803 042";"A01";"1";"33";"0";"2";"1";"1";"1";""
"202200006157";"803 038";"B01";"1";"31";"0";"2";"1";"1";"1";""
"202200006157";"803 040";"A01";"2";"7";"0";"2";"3";"13";"1";""
"202200006158";"803 037";"B01";"2";"50";"0";"2";"8";"1";"3";""
"202200006158";"803 039";"A01";"2";"10";"0";"2";"7";"16";"1";""
"202200006159";"803 036";"A01";"1";"32";"0";"0";"8";"1";"1";""
"202200006160";"803 033";"B01";"2";"7";"0";"2";"6";"24";"2";""
"202200006160";"803 035";"A01";"2";"30";"0";"2";"1";"18";"3";""
"202200006161";"803 032";"A01";"1";"7";"0";"2";"7";"13";"1";""
"202200006161";"803 034";"B01";"2";"32";"0";"2";"1";"1";"1";""
"202200006162";"803 029";"B01";"2";"7";"0";"2";"3";"15";"1";""
"202200006162";"803 030";"A01";"2";"32";"0";"2";"1";"17";"1";""
"202200006163";"803 028";"B01";"2";"7";"0";"2";"3";"1";"1";""
"202200006163";"803 031";"A01";"1";"7";"0";"2";"3";"1";"1";""
"202200006164";"803 025";"A01";"2";"37";"0";"2";"5";"1";"2";"1"
"202200006164";"803 027";"B01";"2";"50";"14";"2";"8";"16";"3";""
"202200006165";"803 024";"A01";"3";"7";"0";"2";"8";"15";"1";""
"202200006165";"803 026";"B01";"0";"7";"0";"2";"1";"1";"1";""
"202200006166";"803 023";"A01";"2";"60";"14";"1";"1";"1";"5";""
"202200006167";"803 022";"A01";"1";"36";"8";"0";"2";"1";"1";""
"202200006168";"803 020";"A01";"2";"7";"0";"0";"1";"1";"1";""
"202200006169";"803 019";"B01";"1";"7";"0";"2";"1";"21";"1";""
"202200006169";"803 021";"A01";"2";"31";"0";"2";"0";"17";"0";""
"202200006170";"803 018";"A01";"2";"50";"0";"0";"0";"26";"3";""
"202200006171";"803 014";"D01";"1";"7";"0";"2";"0";"0";"1";""
"202200006171";"803 015";"C01";"1";"10";"0";"2";"0";"0";"1";""
"202200006171";"803 016";"B01";"1";"7";"0";"2";"3";"0";"2";""
"202200006171";"803 017";"A01";"1";"7";"0";"2";"1";"0";"2";""
"202200006172";"803 012";"B01";"1";"1";"0";"2";"1";"1";"5";""
"202200006172";"803 013";"A01";"2";"7";"0";"2";"2";"15";"1";""
"202200006173";"803 010";"B01";"1";"1";"0";"2";"8";"1";"5";""
"202200006173";"803 011";"A01";"1";"7";"0";"9";"0";"0";"0";""
"202200006174";"803 007";"B01";"2";"7";"0";"2";"3";"1";"1";""
"202200006174";"803 009";"A01";"1";"7";"0";"2";"3";"13";"1";""
"202200006175";"803 006";"B01";"3";"60";"0";"2";"0";"13";"5";""
"202200006175";"803 008";"A01";"3";"7";"0";"2";"7";"1";"1";""
"202200006176";"803 003";"A01";"1";"7";"4";"0";"2";"1";"1";""
"202200006177";"803 001";"B01";"1";"7";"1";"0";"3";"1";"1";""
"202200006177";"803 002";"A01";"2";"7";"12";"2";"3";"21";"3";""
"202200006178";"802 999";"B01";"3";"17";"0";"2";"8";"0";"1";""
"202200006178";"803 000";"A01";"3";"7";"0";"2";"3";"5";"1";""
"202200006179";"802 997";"A01";"0";"7";"0";"2";"2";"16";"1";""
"202200006179";"802 998";"B01";"0";"33";"0";"2";"8";"18";"1";""
"202200006180";"802 995";"A01";"2";"7";"1";"1";"7";"0";"0";""
"202200006181";"802 994";"B01";"2";"1";"0";"2";"3";"1";"5";""
"202200006181";"802 996";"A01";"2";"7";"0";"2";"1";"15";"1";""
"202200006182";"802 993";"A01";"1";"7";"0";"1";"1";"20";"1";""
"202200006183";"802 990";"C01";"1";"7";"0";"2";"8";"1";"1";""
"202200006183";"802 991";"B01";"1";"10";"0";"2";"3";"1";"1";""
"202200006183";"802 992";"A01";"2";"10";"0";"2";"2";"1";"1";""
"202200006184";"802 989";"A01";"0";"7";"0";"1";"1";"2";"3";""
"202200006185";"802 987";"A01";"3";"7";"14";" -1";"1";"1";"1";""
"202200006186";"802 986";"A01";" -1";"50";"0";"2";"1";"15";"3";""
"202200006186";"802 988";"B01";" -1";"7";"0";"9";"3";"0";"0";""
"202200006187";"802 984";"A01";"2";"17";"0";"2";"3";"26";"1";""
"202200006187";"802 985";"B01";"1";"17";"0";"2";"3";"1";"1";""
"202200006188";"802 983";"A01";"0";"7";"5";"0";"1";"1";"0";""
"202200006189";"802 979";"A01";"1";"7";"0";"2";"2";"1";"1";""
"202200006189";"802 981";"B01";"1";"33";"0";"2";"1";"16";"1";""
"202200006190";"802 980";"A01";"1";"7";"0";"2";"7";"13";"1";""
"202200006190";"802 982";"B01";"2";"10";"0";"2";"1";"1";"1";""
"202200006191";"802 978";"A01";"1";"7";"0";"1";"1";"1";"1";""
"202200006192";"802 976";"A01";"1";"7";"0";"1";"2";"1";"1";""
"202200006193";"802 974";"A01";"1";"7";"0";"2";"3";"24";"1";""
"202200006193";"802 975";"B01";"0";"1";"0";"0";"0";"0";"5";""
"202200006194";"802 977";"A01";"0";"7";"0";"0";"9";"0";"2";""
"202200006195";"802 973";"A01";"1";"33";"0";"0";"7";"1";"1";""
"202200006196";"802 972";"A01";"1";"37";"0";"1";"2";"16";"0";"1"
"202200006197";"802 971";"A01";"1";"1";"8";"0";"1";"13";"5";""
"202200006198";"802 969";"A01";"2";"7";"0";"2";"7";"10";"1";""
"202200006198";"802 970";"B01";"1";"2";"0";"2";"8";"1";"1";""
"202200006199";"802 968";"A01";"2";"7";"0";"1";"2";"2";"1";""
"202200006200";"802 964";"A01";"2";"10";"0";"2";"1";"2";"1";""
"202200006200";"802 967";"B01";"2";"14";"0";"2";"4";"2";"1";""
"202200006201";"802 963";"A01";"0";"30";"0";"0";"7";"0";"1";""
"202200006202";"802 961";"A01";"1";"7";"0";"2";"1";"9";"1";""
"202200006202";"802 962";"B01";"1";"1";"0";"2";"1";"19";"5";""
"202200006203";"802 959";"D01";"1";"7";"0";"2";"3";"1";"1";""
"202200006203";"802 960";"B01";"1";"7";"0";"2";"1";"1";"1";""
"202200006203";"802 965";"A01";"1";"7";"0";"2";"4";"15";"1";""
"202200006203";"802 966";"C01";"2";"15";"0";"2";"8";"1";"0";""
"202200006204";"802 958";"A01";"1";"7";"0";"0";"0";"1";"1";""
"202200006205";"802 956";"A01";"3";"7";"0";"9";"3";"16";"1";""
"202200006205";"802 957";"B01";"3";"1";"0";"2";"1";"19";"5";""
"202200006206";"802 955";"A01";"2";"33";"3";"5";"1";"0";"1";""
"202200006207";"802 952";"A01";"0";"50";"0";"2";"1";"26";"3";""
"202200006207";"802 953";"B01";"1";"34";"0";"9";"2";"0";"1";""
"202200006207";"802 954";"C01";"2";"7";"0";"9";"3";"0";"1";""
"202200006208";"802 950";"A01";"2";"15";"0";"2";"7";"1";"1";""
"202200006208";"802 951";"B01";"1";"7";"0";"2";"1";"1";"0";""
"202200006209";"802 949";"A01";"0";"7";"0";"1";"0";"0";"1";""
"202200006210";"802 948";"A01";"1";"33";"0";"9";"2";"1";"1";""
"202200006211";"802 946";"A01";"1";"7";"13";"2";"6";"15";"1";""
"202200006211";"802 947";"B01";"2";"17";"0";"2";"1";"1";"1";""
"202200006212";"802 945";"A01";"2";"7";"15";"0";"7";"1";"1";""
"202200006213";"802 943";"B01";"3";"1";"0";"2";"9";"1";"5";""
"202200006213";"802 944";"A01";"3";"7";"0";"0";"3";"15";"0";""
"202200006214";"802 942";"A01";"1";"31";"12";"0";"7";"9";"1";""
"202200006215";"802 940";"B01";"1";"15";"0";"0";"4";"2";"1";""
"202200006215";"802 941";"A01";"1";"10";"0";"2";"1";"2";"1";""
"202200006216";"802 939";"A01";"2";"7";"2";"0";"0";"13";"1";""
"202200006217";"802 938";"A01";"3";"2";"0";"0";"8";"26";"1";""
"202200006218";"802 937";"A01";"1";"7";"6";"0";"1";"13";"1";""
"202200006219";"802 936";"A01";"2";"7";"13";"0";"2";"1";"1";""
"202200006220";"802 934";"A01";"2";"7";"0";"1";"3";"1";"1";""
"202200006221";"802 933";"B01";"3";"10";"0";"2";"3";"1";"1";""
"202200006221";"802 935";"A01";"3";"7";"13";"2";"3";"1";"1";""
"202200006222";"802 932";"A01";"2";"7";"3";"0";"0";"1";"1";""
"202200006223";"802 931";"A01";"3";"7";"14";"0";"3";"2";"1";""
"202200006224";"802 928";"B01";"2";"10";"0";"0";"6";"2";"1";""
"202200006224";"802 930";"A01";"2";"33";"3";"2";"2";"17";"1";""
"202200006225";"802 927";"B01";"1";"7";"0";"2";"1";"1";"1";""
"202200006225";"802 929";"A01";"2";"7";"0";"2";"7";"1";"1";""
"202200006226";"802 925";"A01";"1";"7";"0";"2";"1";"2";"1";""
"202200006226";"802 926";"B01";"1";"7";"0";"0";"4";"1";"1";""
"202200006227";"802 924";"A01";"0";"7";"8";"0";"2";"0";"0";""
"202200006228";"802 923";"A01";"2";"7";"0";"6";"8";"1";"1";""
"202200006229";"802 921";"A01";"2";"7";"13";"0";"1";"1";"1";""
"202200006230";"802 920";"A01";"1";"7";"4";"0";"1";"0";"1";""
"202200006230";"802 922";"B01";"1";"7";"0";"2";"2";"0";"1";""
"202200006231";"802 919";"A01";"3";"2";"6";"0";"1";"1";"1";""
"202200006232";"802 918";"A01";"1";"7";"9";"0";"1";"1";"1";""
"202200006233";"802 916";"B01";"2";"7";"0";"2";"2";"1";"1";""
"202200006233";"802 917";"A01";"2";"7";"0";"2";"3";"15";"1";""
"202200006234";"802 913";"C01";"1";"7";"0";"2";"2";"15";"1";""
"202200006234";"802 914";"B01";"2";"7";"0";"2";"2";"1";"1";""
"202200006234";"802 915";"A01";"1";"2";"0";"2";"1";"17";"1";""
"202200006235";"802 911";"A01";"2";"7";"0";"0";"0";"9";"1";""
"202200006235";"802 912";"B01";"1";"33";"0";"0";"0";"1";"1";""
"202200006236";"802 910";"A01";"2";"10";"0";"1";"2";"2";"1";""
"202200006237";"802 909";"A01";"2";"7";"2";"0";"1";"13";"1";""
"202200006238";"802 908";"A01";"2";"10";"0";"1";"2";"1";"1";""
"202200006239";"802 905";"C01";"0";"1";"0";"0";"0";"26";"5";""
"202200006239";"802 906";"B01";"0";"1";"0";"0";"4";"1";"5";""
"202200006239";"802 907";"A01";"0";"7";"0";"9";"3";"26";"1";""
"202200006240";"802 903";"A01";"2";"7";"0";"2";"3";"1";"1";""
"202200006240";"802 904";"B01";"1";"80";"0";"2";"1";"1";"3";""
"202200006241";"802 902";"A01";"1";"7";"2";"0";"7";"1";"1";""
"202200006242";"802 901";"A01";"1";"2";"13";"0";"7";"1";"1";""
"202200006243";"802 899";"B01";"1";"37";"0";"2";"1";"2";"1";"1"
"202200006243";"802 900";"A01";"2";"7";"0";"2";"4";"26";"1";""
"202200006244";"802 897";"A01";"2";"33";"0";"2";"1";"1";"1";""
"202200006244";"802 898";"B01";"1";"7";"0";"2";"2";"15";"1";""
"202200006245";"802 895";"B01";"3";"7";"0";"2";"1";"1";"1";""
"202200006245";"802 896";"A01";"3";"2";"0";"2";"8";"15";"1";""
"202200006246";"802 893";"B01";"2";"99";"0";"2";"8";"15";"1";""
"202200006246";"802 894";"A01";"2";"33";"0";"2";"2";"17";"1";""
"202200006247";"802 891";"A01";"1";"7";"0";"2";"3";"10";"1";""
"202200006247";"802 892";"B01";"1";"32";"0";"2";"1";"17";"1";""
"202200006248";"802 888";"B01";"1";"30";"0";"2";"1";"2";"1";""
"202200006248";"802 889";"A01";"1";"7";"0";"0";"6";"4";"1";""
"202200006249";"802 886";"B01";"0";"1";"0";"2";"1";"1";"5";""
"202200006249";"802 887";"A01";"0";"7";"0";"9";"2";"1";"1";""
"202200006250";"802 883";"A01";"2";"7";"0";"2";"3";"13";"1";""
"202200006250";"802 884";"B01";"1";"7";"7";"2";"3";"1";"1";""
"202200006251";"802 882";"A01";"1";"7";"2";"0";"1";"14";"1";""
"202200006252";"802 881";"A01";"1";"7";"13";"0";"9";"1";"1";""
"202200006253";"802 880";"A01";"2";"7";"0";"0";"9";"21";"1";""
"202200006254";"802 879";"A01";"1";"7";"13";"0";"2";"1";"1";""
"202200006255";"802 876";"A01";"1";"7";"0";"2";"3";"9";"1";""
"202200006255";"802 877";"B01";"1";"50";"0";"2";"2";"1";"3";""
"202200006256";"802 875";"B01";"2";"7";"0";"2";"3";"1";"1";""
"202200006256";"802 878";"A01";"1";"7";"0";"2";"1";"1";"1";""
"202200006257";"802 872";"B01";"2";"7";"0";"2";"1";"2";"1";""
"202200006257";"802 873";"A01";"2";"7";"0";"0";"4";"1";"1";""
"202200006258";"802 869";"B01";"2";"7";"0";"2";"1";"1";"1";""
"202200006258";"802 871";"A01";"2";"14";"15";"2";"1";"1";"1";""
"202200006259";"802 866";"A01";"1";"7";"0";"2";"2";"15";"3";""
"202200006259";"802 870";"B01";"2";"7";"0";"2";"1";"1";"1";""
"202200006259";"802 874";"C01";"2";"7";"0";"2";"3";"23";"1";""
"202200006260";"802 865";"C01";"1";"7";"0";"2";"3";"1";"1";""
"202200006260";"802 867";"B01";"1";"7";"0";"2";"3";"1";"1";""
"202200006260";"802 868";"A01";"2";"7";"0";"2";"3";"17";"1";""
"202200006261";"802 864";"A01";"0";"33";"7";"0";"9";"2";"1";""
"202200006262";"802 863";"A01";"2";"7";"8";"9";"2";"1";"1";""
"202200006263";"802 862";"A01";"3";"7";"0";"1";"8";"1";"3";""
"202200006264";"802 860";"A01";"1";"7";"0";"2";"2";"2";"1";""
"202200006264";"802 861";"B01";"1";"1";"0";"2";"8";"2";"5";""
"202200006265";"802 854";"C01";"1";"7";"0";"2";"1";"2";"1";""
"202200006265";"802 855";"B01";"1";"7";"0";"2";"4";"2";"1";""
"202200006265";"802 857";"A01";"1";"7";"0";"0";"4";"1";"1";""
"202200006266";"802 853";"A01";"2";"7";"0";"9";"7";"5";"1";""
"202200006266";"802 856";"B01";"1";"33";"0";"2";"1";"1";"1";""
"202200006267";"802 850";"B01";"1";"7";"0";"2";"1";"13";"1";""
"202200006267";"802 851";"A01";"2";"38";"0";"2";"3";"1";"1";"1"
"202200006268";"802 846";"B01";"2";"10";"0";"0";"6";"23";"1";""
"202200006268";"802 848";"A01";"2";"13";"0";"2";"2";"13";"1";""
"202200006269";"802 845";"A01";"3";"10";"0";"2";"3";"15";"1";""
"202200006269";"802 847";"B01";"3";"1";"0";"2";"8";"1";"5";""
"202200006270";"802 843";"A01";"2";"10";"0";"2";"2";"2";"1";""