"Num_Acc";"id_vehicule";"num_veh";"senc";"catv";"obs";"obsm";"choc";"manv";"motor";"occutc"
"202200006270";"802 844";"B01";"2";"7";"0";"2";"4";"1";"1";""
"202200006271";"802 840";"A01";"1";"7";"13";"0";"1";"1";"1";""
"202200006272";"802 838";"A01";"2";"7";"2";"0";"1";"0";"1";""
"202200006273";"802 835";"A01";"0";"7";"15";"1";"1";"1";"1";""
"202200006274";"802 834";"A01";"2";"33";"0";"2";"4";"2";"1";""
"202200006274";"802 836";"B01";"2";"7";"0";"2";"6";"2";"3";""
"202200006274";"802 837";"C01";"2";"7";"0";"2";"1";"2";"1";""
"202200006274";"802 839";"D01";"2";"7";"0";"2";"1";"2";"1";""
"202200006274";"802 841";"E01";"2";"7";"0";"2";"1";"2";"1";""
"202200006274";"802 842";"F01";"2";"7";"0";"0";"0";"26";"1";""
"202200006275";"802 833";"A01";"2";"7";"2";"0";"1";"14";"1";""
"202200006276";"802 826";"D01";"1";"7";"0";"2";"2";"14";"1";""
"202200006276";"802 828";"C01";"1";"33";"0";"2";"8";"23";"1";""
"202200006276";"802 830";"B01";"1";"7";"0";"2";"6";"23";"1";""
"202200006276";"802 832";"A01";"1";"33";"0";"2";"4";"23";"1";""
"202200006277";"802 825";"A01";"2";"10";"0";"2";"1";"2";"1";""
"202200006277";"802 827";"B01";"2";"15";"0";"2";"6";"2";"1";""
"202200006277";"802 829";"C01";"2";"7";"0";"2";"1";"2";"1";""
"202200006277";"802 831";"D01";"2";"14";"0";"2";"6";"2";"1";""
"202200006278";"802 821";"A01";"2";"7";"0";"1";"3";"1";"2";""
"202200006278";"802 823";"B01";"2";"7";"0";"2";"1";"23";"1";""
"202200006279";"802 820";"A01";"1";"10";"4";"2";"9";"13";"1";""
"202200006279";"802 822";"B01";"2";"7";"0";"2";"1";"1";"2";""
"202200006279";"802 824";"C01";"2";"10";"0";"2";"1";"2";"1";""
"202200006280";"802 818";"A01";"3";"7";"0";"2";"1";"13";"1";""
"202200006280";"802 819";"B01";"3";"10";"0";"2";"3";"1";"1";""
"202200006281";"802 816";"A01";"1";"7";"0";"2";"1";"2";"1";""
"202200006281";"802 817";"B01";"1";"32";"0";"2";"4";"2";"1";""
"202200006282";"802 814";"A01";"2";"7";"0";"2";"1";"15";"1";""
"202200006282";"802 815";"B01";"1";"7";"0";"2";"3";"1";"1";""
"202200006283";"802 811";"A01";"1";"7";"0";"2";"1";"1";"1";""
"202200006283";"802 813";"B01";"1";"7";"0";"2";"4";"23";"1";""
"202200006284";"802 810";"B01";"2";"7";"0";"2";"4";"23";"1";""
"202200006284";"802 812";"A01";"2";"7";"0";"2";"2";"2";"1";""
"202200006285";"802 807";"B01";"2";"1";"0";"2";"3";"1";"5";""
"202200006285";"802 808";"A01";"1";"7";"0";"9";"3";"1";"1";""
"202200006286";"802 806";"A01";"2";"7";"0";"2";"1";"21";"1";""
"202200006286";"802 809";"B01";"2";"7";"0";"2";"4";"12";"1";""
"202200006287";"802 804";"A01";"1";"7";"16";"0";"0";"14";"1";""
"202200006288";"802 803";"A01";"3";"10";"0";"2";"1";"15";"1";""
"202200006288";"802 805";"B01";"3";"2";"0";"2";"1";"1";"1";""
"202200006289";"802 801";"A01";"1";"32";"0";"0";"0";"1";"1";""
"202200006290";"802 800";"B01";"1";"7";"0";"2";"6";"23";"1";""
"202200006290";"802 802";"A01";"1";"7";"0";"2";"1";"2";"1";""
"202200006291";"802 798";"A01";"1";"34";"0";"0";"7";"1";"1";""
"202200006292";"802 796";"A01";"1";"10";"0";"0";"4";"1";"1";""
"202200006292";"802 797";"B01";"1";"10";"0";"2";"4";"1";"1";""
"202200006292";"802 799";"C01";"1";"10";"0";"2";"1";"1";"1";""
"202200006293";"802 794";"B01";"2";"7";"0";"2";"4";"23";"1";""
"202200006293";"802 795";"A01";"2";"2";"1";"0";"1";"2";"1";""
"202200006294";"802 792";"A01";"2";"7";"1";"1";"1";"21";"1";""
"202200006295";"802 791";"B01";"2";"7";"0";"2";"4";"1";"1";""
"202200006295";"802 793";"A01";"2";"7";"0";"2";"1";"1";"1";""
"202200006296";"802 790";"A01";"2";"15";"3";"0";"2";"14";"1";""
"202200006297";"802 789";"A01";"1";"7";"4";"0";"1";"1";"1";""
"202200006298";"802 785";"A01";"2";"7";"4";"2";"1";"21";"1";""
"202200006298";"802 787";"B01";"2";"7";"0";"2";"8";"2";"1";""
"202200006299";"802 786";"A01";"1";"10";"0";"2";"1";"2";"1";""
"202200006299";"802 788";"B01";"1";"15";"0";"2";"4";"2";"1";""
"202200006300";"802 783";"A01";"1";"7";"9";"0";"1";"6";"1";""
"202200006301";"802 778";"C01";"2";"7";"0";"2";"4";"2";"1";""
"202200006301";"802 781";"B01";"2";"7";"0";"2";"4";"2";"1";""
"202200006301";"802 784";"A01";"2";"15";"0";"2";"1";"2";"0";""
"202200006302";"802 777";"A01";"1";"10";"4";"0";"1";"1";"1";""
"202200006303";"802 775";"A01";"1";"7";"0";"2";"1";"2";"1";""
"202200006303";"802 776";"B01";"1";"7";"0";"2";"1";"2";"1";""
"202200006303";"802 779";"C01";"1";"7";"0";"2";"4";"2";"1";""
"202200006303";"802 780";"D01";"1";"7";"0";"2";"4";"2";"1";""
"202200006303";"802 782";"E01";"1";"7";"0";"2";"4";"2";"1";""
"202200006304";"802 772";"A01";"2";"7";"0";"0";"6";"10";"2";""
"202200006304";"802 774";"B01";"2";"33";"0";"2";"3";"1";"1";""
"202200006305";"802 771";"B01";"2";"10";"4";"2";"0";"0";"1";""
"202200006305";"802 773";"A01";"2";"34";"0";"2";"1";"3";"1";""
"202200006306";"802 765";"A01";"2";"33";"0";"2";"1";"0";"1";""
"202200006306";"802 768";"B01";"1";"21";"0";"2";"3";"1";"1";""
"202200006307";"802 764";"B01";"1";"7";"0";"2";"6";"11";"1";""
"202200006307";"802 767";"A01";"1";"43";"0";"2";"1";"3";"1";""
"202200006308";"802 762";"E01";"1";"7";"0";"2";"4";"1";"1";""
"202200006308";"802 763";"D01";"1";"10";"0";"2";"4";"0";"1";""
"202200006308";"802 766";"C01";"1";"7";"0";"2";"4";"1";"1";""
"202200006308";"802 769";"B01";"1";"10";"0";"2";"1";"1";"1";""
"202200006308";"802 770";"A01";"1";"7";"14";"0";"1";"1";"1";""
"202200006309";"802 759";"B01";"1";"7";"0";"2";"8";"0";"1";""
"202200006309";"802 760";"A01";"1";"43";"0";"2";"2";"3";"1";""
"202200006310";"802 757";"C01";"1";"7";"0";"2";"6";"1";"1";""
"202200006310";"802 758";"B01";"1";"10";"0";"2";"1";"2";"1";""
"202200006310";"802 761";"A01";"1";"7";"0";"2";"4";"1";"1";""
"202200006311";"802 753";"A01";"2";"14";"0";"2";"2";"1";"1";""
"202200006311";"802 755";"B01";"2";"7";"0";"2";"6";"9";"1";""
"202200006312";"802 754";"A01";"3";"10";"0";"2";"3";"1";"1";""
"202200006312";"802 756";"B01";"3";"1";"0";"2";"1";"1";"5";""
"202200006313";"802 751";"A01";"1";"7";"3";"0";"2";"2";"1";""
"202200006314";"802 750";"A01";"1";"7";"13";"0";"2";"1";"1";""
"202200006315";"802 749";"B01";"1";"7";"0";"2";"2";"2";"1";""
"202200006315";"802 752";"A01";"1";"30";"0";"2";"4";"2";"1";""
"202200006316";"802 745";"A01";"2";"7";"0";"2";"7";"12";"1";""
"202200006316";"802 748";"B01";"2";"33";"0";"2";"8";"3";"1";""
"202200006317";"802 744";"A01";"2";"7";"0";"2";"1";"2";"1";""
"202200006317";"802 746";"B01";"2";"7";"0";"2";"4";"2";"1";""
"202200006318";"802 739";"Z01";"2";"7";"0";"2";"5";"15";"0";""
"202200006318";"802 743";"A01";"1";"30";"0";"2";"1";"1";"3";""
"202200006319";"802 738";"A01";"1";"33";"0";"2";"8";"1";"1";""
"202200006319";"802 741";"B01";"1";"7";"0";"2";"6";"1";"1";""
"202200006320";"802 737";"A01";"1";"7";"3";"2";"1";"2";"1";""
"202200006320";"802 740";"B01";"1";"7";"0";"2";"4";"2";"1";""
"202200006320";"802 742";"C01";"1";"7";"0";"2";"6";"2";"1";""
"202200006321";"802 731";"A01";"2";"7";"4";"2";"1";"1";"1";""
"202200006321";"802 734";"B01";"2";"10";"0";"2";"3";"2";"1";""
"202200006322";"802 732";"C01";"2";"7";"0";"2";"1";"1";"0";""
"202200006322";"802 733";"B01";"2";"7";"0";"2";"9";"23";"1";""
"202200006322";"802 736";"A01";"2";"7";"0";"2";"4";"23";"1";""
"202200006323";"802 729";"A01";"1";"7";"0";"2";"7";"16";"1";""
"202200006323";"802 730";"B01";"1";"30";"0";"2";"0";"1";"1";""
"202200006324";"802 725";"A01";"1";"7";"0";"2";"8";"1";"1";""
"202200006324";"802 727";"B01";"1";"14";"0";"2";"2";"14";"1";""
"202200006325";"802 724";"B01";"2";"7";"0";"2";"4";"1";"1";""
"202200006325";"802 728";"A01";"2";"33";"0";"2";"1";"3";"1";""
"202200006326";"802 723";"A01";"2";"7";"0";"2";"3";"15";"1";""
"202200006326";"802 726";"Y01";"1";"1";"0";"2";"8";"1";"5";""
"202200006327";"802 722";"A01";"1";"7";"15";"0";"2";"14";"1";""
"202200006328";"802 720";"A01";"2";"30";"0";"2";"1";"17";"3";""
"202200006328";"802 721";"B01";"2";"7";"0";"2";"3";"15";"1";""
"202200006329";"802 719";"A01";"1";"30";"16";"0";"8";"1";"3";""
"202200006330";"802 715";"A01";"1";"7";"0";"2";"1";"19";"1";""
"202200006330";"802 717";"B01";"1";"7";"0";"2";"1";"1";"1";""
"202200006331";"802 714";"C01";"2";"7";"3";"2";"5";"1";"1";""
"202200006331";"802 716";"B01";"2";"7";"3";"2";"6";"11";"1";""
"202200006331";"802 718";"A01";"2";"34";"3";"2";"2";"3";"1";""
"202200006332";"802 713";"A01";"2";"33";"0";"2";"1";"2";"1";""
"202200006333";"802 712";"A01";"2";"7";"0";"1";"2";"1";"1";""
"202200006334";"802 708";"C01";"2";"7";"0";"2";"1";"1";"1";""
"202200006334";"802 710";"B01";"2";"7";"0";"2";"4";"1";"1";""
"202200006334";"802 711";"A01";"2";"7";"0";"2";"4";"1";"1";""
"202200006335";"802 709";"A01";"3";"7";"0";"1";"3";"1";"1";""
"202200006336";"802 707";"A01";"1";"37";"0";"1";"3";"1";"1";"1"
"202200006337";"802 705";"A01";"3";"2";"0";"2";"2";"15";"1";""
"202200006337";"802 706";"B01";"3";"7";"0";"2";"2";"1";"1";""
"202200006338";"802 704";"Z01";"1";"32";"0";"1";"1";"15";"1";""
"202200006339";"802 703";"A01";"0";"7";"0";"1";"2";"16";"1";""
"202200006340";"802 700";"C01";"1";"7";"0";"2";"5";"2";"1";""
"202200006340";"802 701";"B01";"1";"7";"0";"2";"5";"21";"1";""
"202200006340";"802 702";"A01";"1";"33";"0";"2";"1";"3";"1";""
"202200006341";"802 699";"A01";"2";"7";"1";"0";"1";"13";"1";""
"202200006342";"802 697";"B01";"2";"2";"0";"2";"1";"10";"1";""
"202200006342";"802 698";"A01";"2";"7";"0";"2";"1";"1";"1";""
"202200006343";"802 692";"A01";"2";"7";"0";"2";"1";"2";"1";""
"202200006343";"802 693";"B01";"2";"10";"0";"2";"4";"2";"1";""
"202200006343";"802 694";"C01";"2";"7";"0";"2";"4";"2";"1";""
"202200006343";"802 695";"D01";"2";"7";"0";"2";"4";"2";"1";""
"202200006343";"802 696";"E01";"2";"7";"0";"0";"0";"2";"1";""
"202200006344";"802 691";"A01";"1";"30";"0";"2";"7";"15";"1";""
"202200006345";"802 689";"Z01";"1";"34";"0";"2";"0";"0";"0";""
"202200006345";"802 690";"B01";"1";"30";"0";"2";"4";"14";"1";""
"202200006346";"802 687";"A01";"2";"7";"0";"2";"6";"24";"1";""
"202200006346";"802 688";"B01";"2";"50";"1";"2";"1";"2";"3";""
"202200006347";"802 685";"A01";"2";"7";"0";"2";"2";"19";"1";""
"202200006347";"802 686";"B01";"1";"80";"0";"2";"7";"0";"3";""
"202200006348";"802 683";"B01";"1";"7";"0";"2";"3";"9";"1";""
"202200006348";"802 684";"A01";"1";"33";"0";"2";"1";"1";"1";""
"202200006349";"802 682";"A01";"1";"7";"1";"0";"1";"1";"1";""
"202200006350";"802 681";"A01";"1";"7";"0";"1";"1";"1";"1";""
"202200006351";"802 675";"B01";"0";"7";" -1";" -1";" -1";"0";" -1";""
"202200006351";"802 676";"A01";" -1";"1";" -1";" -1";" -1";" -1";"5";""
"202200006352";"802 674";"A01";"0";"7";"1";"0";"1";"1";"1";""
"202200006353";"802 672";"Z01";"2";"7";"0";"2";"2";"1";"1";""
"202200006353";"802 673";"A01";"2";"50";"0";"2";"6";"1";"3";""
"202200006354";"802 670";"A01";"2";"7";"0";"2";"5";"1";"1";""
"202200006354";"802 671";"B01";"2";"80";"0";"2";"1";"1";"3";""
"202200006355";"802 668";"B01";"1";"33";"0";"2";"1";"1";"1";""
"202200006355";"802 669";"A01";"2";"10";"0";"2";"4";"10";"1";""
"202200006356";"802 667";"A01";"0";"7";"8";"0";"2";"26";"1";""
"202200006357";"802 665";"A01";"1";"7";"0";"2";"4";"2";"1";""
"202200006357";"802 666";"B01";"1";"7";"0";"2";"1";"2";"4";""
"202200006358";"802 663";"B01";"1";"7";"2";"2";"8";"11";"1";""
"202200006358";"802 664";"A01";"3";"7";"2";"2";"1";"17";"1";""
"202200006359";"802 661";"B01";"2";"30";"0";"2";"8";"2";"1";""
"202200006359";"802 662";"A01";"2";"7";"0";"2";"3";"9";"1";""
"202200006360";"802 659";"B01";"1";"7";"0";"2";"4";"2";"1";""
"202200006360";"802 660";"A01";"1";"1";"0";"2";"1";"2";"5";""
"202200006361";"802 657";"B01";"1";"7";"0";"2";"3";"26";"1";""
"202200006361";"802 658";"A01";"2";"33";"0";"2";"1";"17";"1";""
"202200006362";"802 655";"A01";"1";"7";"0";"2";"1";"1";"1";""
"202200006362";"802 656";"Y01";"3";"1";"0";"2";"8";"19";"5";""
"202200006363";"802 654";"A01";"1";"7";"0";"1";"3";"9";"1";""
"202200006364";"802 652";"A01";"3";"7";"0";"2";"8";"10";"1";""
"202200006364";"802 653";"B01";"3";"33";"0";"2";"1";"1";"1";""
"202200006365";"802 650";"A01";"1";"7";"0";"2";"3";"15";"1";""
"202200006365";"802 651";"B01";"1";"7";"0";"2";"3";"16";"1";""
"202200006366";"802 648";"B01";"3";"7";"0";"2";"8";"24";"1";""
"202200006366";"802 649";"A01";"3";"7";"1";"1";"8";"26";"1";""
"202200006367";"802 647";"A01";"3";"7";"0";"1";"8";"0";"2";""
"202200006368";"802 646";"A01";"1";"7";"15";"0";"3";"14";"1";""
"202200006369";"802 644";"A01";"1";"7";"0";"2";"7";"1";"1";""
"202200006369";"802 645";"B01";"2";"7";"0";"2";"1";"16";"1";""
"202200006370";"802 642";"A01";"2";"7";"0";"2";"1";"2";"1";""
"202200006370";"802 643";"B01";"2";"31";"0";"2";"0";"0";"1";""
"202200006371";"802 641";"A01";"3";"10";"0";"1";"1";"16";"1";""
"202200006372";"802 639";"A01";"3";"1";"0";"2";"1";"15";"5";""
"202200006372";"802 640";"B01";"3";"7";"0";"9";"4";"15";"1";""
"202200006373";"802 637";"A01";"3";"7";"0";"2";"1";"1";"2";""
"202200006373";"802 638";"B01";"3";"80";"0";"2";"4";"1";"3";""
"202200006374";"802 636";"A01";"1";"7";"0";"1";"3";"1";"1";""
"202200006375";"802 633";"B01";"2";"7";"0";"2";"4";"23";"1";""
"202200006375";"802 634";"Z01";"2";"7";"0";"2";"1";"2";"1";""
"202200006375";"802 635";"A01";"2";"7";"0";"2";"4";"23";"1";""
"202200006376";"802 630";"A01";"2";"7";"0";"2";"4";"2";"1";""
"202200006376";"802 631";"B01";"2";"7";"0";"2";"1";"2";"1";""
"202200006376";"802 632";"C01";"2";"7";"0";"2";"1";"2";"1";""
"202200006377";"802 629";"A01";"3";"30";"6";"0";"1";"16";"1";""
"202200006378";"802 627";"B01";"1";"7";"0";"0";"7";"2";"2";""
"202200006378";"802 628";"A01";"1";"1";"0";"2";"7";"26";"5";""
"202200006379";"802 625";"B01";"1";"33";"0";"2";"4";"15";"1";""
"202200006379";"802 626";"A01";"1";"31";"0";"2";"1";"13";"1";""
"202200006380";"802 623";"B01";"3";"1";"0";"2";"2";"19";"5";""
"202200006380";"802 624";"A01";"3";"7";"0";"2";"3";"1";"1";""
"202200006381";"802 618";"C01";"2";"7";"0";"2";"4";"2";"1";""
"202200006381";"802 619";"B01";"2";"7";"0";"2";"4";"2";"1";""
"202200006381";"802 620";"A01";"2";"7";"0";"2";"1";"2";"1";""
"202200006382";"802 617";"A01";"2";"7";"0";"1";"1";"1";"1";""
"202200006383";"802 615";"A01";"3";"7";"0";"2";"2";"1";"1";""
"202200006383";"802 616";"B01";"3";"80";"0";"2";"8";"0";"3";""
"202200006384";"802 614";"A01";"0";"2";"6";"0";"1";"26";"1";""
"202200006385";"802 612";"B01";"1";"7";"0";"2";"1";"1";"1";""
"202200006385";"802 613";"A01";"1";"7";"0";"2";"7";"19";"1";""
"202200006386";"802 609";"A01";"1";"7";"0";"2";"3";"12";"1";""
"202200006386";"802 610";"B01";"1";"7";"0";"2";"4";"1";"1";""
"202200006386";"802 611";"C01";"1";"15";"0";"2";"3";"1";"1";""
"202200006387";"802 607";"A01";"1";"7";"0";"2";"6";"22";"2";""
"202200006387";"802 608";"B01";"1";"1";"0";"2";"1";"1";"5";""
"202200006388";"802 605";"B01";"1";"33";"0";"2";"8";"1";"1";""
"202200006388";"802 606";"A01";"2";"7";"0";"2";"1";"15";"1";""
"202200006389";"802 604";"A01";"1";"7";"0";"1";"1";"1";"1";""
"202200006390";"802 602";"B01";"3";"7";"0";"2";"6";"13";"1";""
"202200006390";"802 603";"A01";"3";"34";"0";"2";"2";"14";"1";""
"202200006391";"802 600";"A01";"1";"1";"0";"2";"1";"5";"5";""
"202200006391";"802 601";"B01";"2";"7";"0";"2";"2";"1";"1";""
"202200006392";"802 598";"A01";"1";"7";"0";"2";"3";"1";"1";""
"202200006392";"802 599";"B01";"1";"32";"0";"2";"4";"1";"1";""
"202200006393";"802 597";"A01";"1";"10";"0";"1";"6";"15";"1";""
"202200006394";"802 596";"A01";"2";"7";"0";"1";"0";"1";"1";""
"202200006395";"802 595";"A01";"1";"50";"12";"0";"7";"14";"3";""
"202200006396";"802 594";"A01";"1";"50";"12";"0";"7";"14";"3";""
"202200006397";"802 592";"A01";"1";"2";"0";"2";"4";"1";"1";""
"202200006397";"802 593";"B01";"2";"0";" -1";"2";"8";"13";"0";""
"202200006398";"802 590";"B01";"3";"31";"0";"2";"1";"18";"1";""
"202200006398";"802 591";"A01";"3";"7";"0";"2";"3";"17";"1";""
"202200006399";"802 588";"A01";"2";"7";"8";"2";"4";"18";"1";""
"202200006399";"802 589";"B01";"1";"1";"8";"2";"4";"2";"5";""
"202200006400";"802 586";"A01";"2";"7";"0";"2";"3";"10";"1";""
"202200006400";"802 587";"B01";"2";"32";"0";"2";"2";"2";"1";""
"202200006401";"802 585";"A01";"1";"37";"0";"1";"2";"1";"1";"1"
"202200006402";"802 583";"A01";"2";"2";"0";"0";"0";"5";"1";""
"202200006402";"802 584";"B01";"1";"7";"0";"0";"0";"0";"1";""
"202200006403";"802 581";"B01";"1";"50";"0";"2";"4";"11";"3";""
"202200006403";"802 582";"A01";"1";"7";"0";"9";"3";"1";"1";""
"202200006404";"802 579";"A01";"2";"7";"0";"2";"1";"15";"1";""
"202200006404";"802 580";"B01";"1";"33";"0";"2";"1";"1";"1";""
"202200006405";"802 577";"A01";"3";"7";"0";"2";"2";"21";"1";""
"202200006405";"802 578";"B01";"3";"33";"0";"2";"8";"18";"1";""
"202200006406";"802 573";"B01";"0";"30";"0";"2";"1";"13";"1";""
"202200006406";"802 574";"A01";"0";"7";"0";"2";"3";"1";"1";""
"202200006407";"802 571";"A01";"1";"7";"0";"2";"5";"23";"2";""
"202200006407";"802 572";"B01";"1";"7";"0";"2";"3";"2";"1";""
"202200006408";"802 570";"A01";"3";"7";"0";"1";"1";"1";"1";""
"202200006409";"802 568";"A01";"3";"7";"0";"2";"2";"1";"1";""
"202200006409";"802 569";"B01";"3";"37";"0";"2";"3";"1";"1";"2"
"202200006410";"802 566";"A01";"2";"10";"0";"2";"2";"16";"0";""
"202200006410";"802 567";"B01";"2";"2";"0";"2";"6";"2";"1";""
"202200006411";"802 565";"A01";"2";"33";"0";"1";"0";"0";"1";""
"202200006412";"802 563";"B01";"0";"10";"0";"2";"1";"1";"1";""
"202200006412";"802 564";"A01";"0";"10";"0";"2";"8";"9";"0";""
"202200006413";"802 562";"A01";"0";"7";"15";"0";"1";"15";"1";""
"202200006414";"802 561";"A01";"2";"7";"11";"0";"1";"3";"0";""
"202200006415";"802 560";"A01";"2";"7";"2";"0";"1";"13";"1";""
"202200006416";"802 558";"B01";"2";"1";"1";"0";"1";"1";"5";""
"202200006416";"802 559";"A01";"0";"7";"0";"2";"8";"22";"0";""
"202200006417";"802 555";"A01";"1";"14";"0";"2";"3";"1";"1";""
"202200006417";"802 556";"B01";"2";"7";"0";"2";"1";"24";"0";""
"202200006417";"802 557";"F01";"2";"7";"0";"2";"1";"26";"1";""
"202200006418";"802 553";"A01";"1";"7";"0";"9";"3";"22";"1";""
"202200006418";"802 554";"B01";"1";"99";"1";"0";"1";"1";"3";""
"202200006419";"802 551";"B01";"1";"7";"0";"2";"4";"2";"1";""
"202200006419";"802 552";"A01";"1";"7";"0";"2";"1";"2";"1";""
"202200006420";"802 550";"A01";"3";"7";"13";"0";"1";"1";"1";""
"202200006421";"802 549";"A01";"1";"7";"0";"1";"1";"1";"1";""
"202200006422";"802 547";"B01";"2";"7";"0";"2";"1";"15";"1";""
"202200006422";"802 548";"A01";"1";"2";"0";"2";"3";"13";"1";""
"202200006423";"802 546";"A01";"1";"7";"0";"0";"1";"1";"1";""
"202200006424";"802 545";"A01";"3";"7";"2";"0";"7";"0";"1";""
"202200006425";"802 544";"A01";"2";"7";"2";"0";"1";"1";"1";""
"202200006426";"802 543";"A01";"1";"7";"5";"0";"1";"1";"1";""
"202200006427";"802 541";"B01";"3";"7";"0";"2";"1";"13";"1";""
"202200006427";"802 542";"A01";"3";"7";"0";"2";"1";"13";"1";""
"202200006428";"802 539";"A01";"1";"7";"0";"2";"3";"1";"1";""
"202200006428";"802 540";"B01";"1";"7";"0";"2";"3";"1";"1";""
"202200006429";"802 537";"A01";"1";"10";"0";"2";"7";"17";"1";""
"202200006429";"802 538";"B01";"2";"99";"0";"2";"3";"1";"1";""
"202200006430";"802 535";"B01";"1";"7";"3";"0";"4";"2";"1";""
"202200006430";"802 536";"A01";"1";"10";"0";"2";"1";"2";"1";""
"202200006431";"802 533";"B01";"2";"7";"0";"0";"4";"2";"1";""
"202200006431";"802 534";"A01";"2";"7";"0";"2";"1";"2";"1";""
"202200006432";"802 531";"B01";"2";"33";"0";"2";"1";"1";"1";""
"202200006432";"802 532";"A01";"1";"7";"0";"2";"5";"15";"2";""
"202200006433";"802 530";"A01";"3";"7";"6";"0";"1";"19";"1";""
"202200006434";"802 529";"A01";"0";"7";"0";"0";"1";"0";"1";""
"202200006435";"802 527";"B01";"1";"7";"0";"0";"5";"15";"1";""
"202200006435";"802 528";"A01";"1";"13";"0";"2";"1";"1";"1";""
"202200006436";"802 525";"A01";"2";"33";"0";"0";"4";"16";"1";""
"202200006436";"802 526";"B01";"2";"7";"0";"2";"1";"1";"1";""
"202200006437";"802 524";"A01";"0";"7";"7";"0";"1";"1";"1";""
"202200006438";"802 523";"A01";"2";"7";"0";"0";"9";"17";"1";""
"202200006439";"802 521";"B01";"1";"7";"0";"2";"1";"1";"1";""
"202200006439";"802 522";"A01";"2";"7";"0";"2";"1";"13";"1";""
"202200006440";"802 520";"A01";"1";"33";"0";"0";"3";"1";"1";""
"202200006441";"802 519";"A01";"0";"21";"0";"1";"4";"24";"1";""
"202200006442";"802 518";"A01";"0";"80";"0";"0";"0";"0";"3";""
"202200006443";"802 517";"A01";"1";"3";"0";"1";"2";"1";"1";""
"202200006444";"802 516";"A01";"3";"7";"0";"0";"0";"1";"1";""
"202200006445";"802 515";"A01";"1";"7";"6";"0";"1";"1";"1";""
"202200006446";"802 514";"A01";"1";"34";"13";"0";"7";"1";"1";""
"202200006447";"802 512";"B01";"2";"30";"0";"2";"1";"1";"1";""
"202200006447";"802 513";"A01";"1";"7";"0";"2";"7";"15";"1";""
"202200006448";"802 510";"B01";"1";"7";"0";"2";"3";"1";"1";""
"202200006448";"802 511";"A01";"2";"7";"0";"2";"1";"1";"1";""
"202200006449";"802 509";"A01";"2";"7";"0";"0";"0";"1";"1";""
"202200006450";"802 507";"B01";"1";"7";"7";"2";"7";"9";"1";""
"202200006450";"802 508";"A01";"2";"7";"0";"2";"1";"1";"1";""
"202200006451";"802 505";"B01";"2";"2";"0";"2";"1";"1";"1";""
"202200006451";"802 506";"A01";"1";"7";"0";"2";"6";"15";"1";""
"202200006452";"802 501";"A01";"2";"7";"0";"2";"2";"13";"1";""
"202200006452";"802 502";"B01";"1";"7";"0";"2";"2";"1";"1";""
"202200006453";"802 500";"A01";"1";"33";"13";"0";"2";"1";"1";""
"202200006454";"802 499";"A01";"1";"7";"2";"0";"0";"1";"1";""
"202200006455";"802 498";"A01";"2";"2";"2";"0";"2";"1";"1";""
"202200006456";"802 496";"A01";"1";"7";"0";"2";"3";"9";"1";""
"202200006456";"802 497";"B01";"2";"7";"0";"2";"3";"17";"1";""
"202200006457";"802 494";"A01";"3";"7";"0";"2";"2";"0";"1";""
"202200006457";"802 495";"B01";"3";"7";"0";"2";"1";"0";"1";""
"202200006458";"802 492";"B01";"2";"7";"0";"0";"8";"1";"1";""
"202200006458";"802 493";"A01";"1";"7";"4";"0";"3";"5";"1";""
"202200006459";"802 491";"A01";"2";"1";"0";"0";"1";"1";"5";""
"202200006460";"802 490";"A01";"1";"7";"13";"0";"2";"14";"1";""
"202200006461";"802 487";"A01";"2";"10";"2";"0";"1";"1";"1";""
"202200006462";"802 486";"A01";"2";"7";"13";"0";"3";"1";"1";""
"202200006463";"802 485";"A01";"1";"7";"13";"0";"1";"1";"1";""
"202200006464";"802 484";"A01";"3";"32";"8";"0";"8";"14";"1";""
"202200006465";"802 482";"A01";"1";"7";"0";"2";"8";"16";"1";""
"202200006465";"802 483";"B01";"1";"7";"0";"2";"1";"1";"1";""
"202200006466";"802 480";"A01";"1";"7";"0";"2";"2";"2";"1";""
"202200006466";"802 481";"B01";"1";"2";"0";"0";"4";"2";"1";""
"202200006467";"802 478";"B01";"2";"1";"0";"2";"0";"1";"5";""
"202200006467";"802 479";"A01";"2";"7";"0";"9";"3";"9";"1";""
"202200006468";"802 477";"A01";"2";"33";"13";"0";"1";"1";"1";""
"202200006469";"802 476";"A01";"1";"33";"4";"0";"2";"1";"1";""
"202200006470";"802 475";"A01";"0";"43";"15";"0";"2";"0";"1";""
"202200006471";"802 474";"A01";"2";"2";"8";"0";"1";"1";"1";""
"202200006472";"802 473";"A01";"2";"31";"4";"0";"8";"13";"1";""
"202200006473";"802 472";"A01";"1";"7";"7";"0";"1";"1";"0";""
"202200006474";"802 471";"A01";"1";"7";"4";"0";"1";"26";"1";""
"202200006475";"802 469";"B01";"3";"7";"0";"2";"1";"1";"1";""
"202200006475";"802 470";"A01";"3";"10";"0";"2";"1";"13";"1";""
"202200006476";"802 468";"A01";"2";"33";"0";"0";"0";"1";"1";""
"202200006477";"802 467";"A01";"2";"7";"0";"9";"1";"1";"1";""
"202200006478";"802 465";"B01";"1";"33";"0";"2";"1";"1";"1";""
"202200006478";"802 466";"A01";"1";"7";"0";"2";"2";"15";"1";""
"202200006479";"802 464";"A01";"0";"36";"3";"0";"1";"0";"1";""