"Num_Acc";"id_vehicule";"num_veh";"senc";"catv";"obs";"obsm";"choc";"manv";"motor";"occutc"
"202200006916";"801 683";"A01";"3";"10";"0";"2";"1";"2";"1";""
"202200006916";"801 685";"B01";"3";"7";"0";"2";"4";"2";"1";""
"202200006917";"801 681";"A01";"1";"7";"0";"0";"2";"1";"1";""
"202200006918";"801 679";"A01";"2";"7";"2";"0";"1";"1";"1";""
"202200006919";"801 675";"A01";"1";"1";"0";"2";"1";"19";"5";""
"202200006919";"801 677";"B01";"2";"7";"0";"2";"2";"1";"1";""
"202200006920";"801 674";"A01";"1";"7";"0";"2";"2";"15";"1";""
"202200006920";"801 676";"B01";"2";"7";"0";"2";"3";"1";"1";""
"202200006921";"801 673";"A01";"3";"7";"12";"2";"3";"1";"1";""
"202200006922";"801 670";"B01";"3";"7";"0";"2";"4";"1";"1";""
"202200006922";"801 672";"A01";"3";"7";"0";"2";"1";"1";"1";""
"202200006923";"801 671";"A01";"3";"7";"0";"1";"2";"1";"1";""
"202200006924";"801 666";"A01";"3";"7";"0";"2";"7";"16";"1";""
"202200006924";"801 668";"B01";"3";"80";"0";"2";"8";"1";"3";""
"202200006925";"801 667";"B01";"0";"2";"0";"2";"1";"1";"1";""
"202200006925";"801 669";"A01";"2";"7";"0";"2";"2";"15";"1";""
"202200006926";"801 663";"A01";"1";"7";"0";"2";"0";"1";"1";""
"202200006926";"801 665";"B01";"3";"50";"0";"2";"0";"19";"3";""
"202200006927";"801 662";"A01";"1";"30";"0";"2";"3";"9";"1";""
"202200006927";"801 664";"B01";"2";"7";"0";"2";"1";"1";"1";""
"202200006928";"801 660";"A01";"3";"7";"0";"9";"1";"26";"1";""
"202200006928";"801 661";"B01";"3";"50";"0";"2";"1";"1";"3";""
"202200006929";"801 658";"B01";"1";"32";"0";"2";"7";"1";"1";""
"202200006929";"801 659";"A01";"2";"7";"0";"2";"3";"1";"1";""
"202200006930";"801 657";"A01";"0";"7";"1";"0";"1";"26";"1";""
"202200006931";"801 656";"A01";"2";"7";"1";"0";"7";"14";"1";""
"202200006932";"801 653";"B01";"3";"32";"16";"2";"8";"1";"1";""
"202200006932";"801 655";"A01";"3";"7";"16";"2";"1";"16";"1";""
"202200006933";"801 652";"B01";"1";"10";"0";"2";"3";"9";"1";""
"202200006933";"801 654";"A01";"1";"32";"0";"2";"1";"3";"1";""
"202200006934";"801 650";"A01";"2";"7";"8";"0";"1";"1";"1";""
"202200006935";"801 649";"A01";"1";"33";"0";"2";"8";"15";"1";""
"202200006935";"801 651";"B01";"1";"7";"0";"2";"2";"1";"1";""
"202200006936";"801 648";"A01";"0";"33";"12";"0";"1";"14";"1";""
"202200006937";"801 644";"B01";"0";"30";"0";"0";"0";"0";"0";""
"202200006937";"801 646";"A01";"0";"7";"0";"2";"6";"4";"1";""
"202200006938";"801 645";"B01";"2";"7";"0";"2";"1";"1";"1";""
"202200006938";"801 647";"A01";"1";"2";"0";"2";"0";"1";"3";""
"202200006939";"801 642";"A01";"1";"7";"0";"2";"3";"15";"1";""
"202200006939";"801 643";"B01";"2";"7";"0";"2";"3";"1";"1";""
"202200006940";"801 640";"A01";"1";"7";"0";"2";"1";"16";"1";""
"202200006940";"801 641";"B01";"2";"80";"0";"2";"1";"1";"3";""
"202200006941";"801 638";"A01";"2";"7";"0";"2";"1";"15";"1";""
"202200006941";"801 639";"B01";"1";"1";"0";"2";"1";"1";"5";""
"202200006942";"801 636";"A01";"2";"37";"0";"2";"7";"15";"1";"1"
"202200006942";"801 637";"B01";"1";"50";"0";"2";"1";"1";"3";""
"202200006943";"801 634";"B01";"2";"7";"0";"2";"5";"16";"1";""
"202200006943";"801 635";"A01";"2";"50";"0";"2";"1";"1";"3";""
"202200006944";"801 629";"A01";"0";"2";"0";"2";"1";"1";"1";""
"202200006944";"801 631";"B01";"0";"7";"0";"2";"5";"1";"1";""
"202200006945";"801 628";"A01";"1";"7";"0";"2";"1";"1";"1";""
"202200006945";"801 630";"B01";"1";"7";"0";"2";"4";"1";"1";""
"202200006945";"801 632";"C01";"1";"7";"0";"2";"4";"1";"1";""
"202200006945";"801 633";"D01";"1";"7";"0";"2";"4";"1";"1";""
"202200006946";"801 626";"A01";"2";"31";"1";"0";"3";"1";"1";""
"202200006947";"801 624";"C01";"0";"7";"0";"2";"1";"0";"2";""
"202200006947";"801 625";"B01";"0";"30";"0";"2";"2";"0";"1";""
"202200006947";"801 627";"A01";"0";"7";"0";"2";"1";"0";"1";""
"202200006948";"801 620";"B01";"0";"30";"0";"2";"4";"1";"1";""
"202200006948";"801 621";"A01";"0";"7";"0";"2";"1";"1";"1";""
"202200006949";"801 622";"B01";"1";"7";"0";"2";"1";"19";"1";""
"202200006949";"801 623";"A01";"2";"7";"0";"2";"1";"15";"1";""
"202200006950";"801 618";"A01";"1";"7";"0";"2";"3";"11";"1";""
"202200006950";"801 619";"B01";"2";"13";"0";"2";"2";"1";"0";""
"202200006951";"801 616";"A01";"1";"7";"0";"2";"5";"15";"1";""
"202200006951";"801 617";"B01";"1";"33";"0";"2";"1";"1";"1";""
"202200006952";"801 614";"B01";"1";"7";"0";"2";"3";"9";"1";""
"202200006952";"801 615";"A01";"1";"7";"0";"2";"7";"9";"1";""
"202200006953";"801 613";"A01";"3";"10";"0";"1";"1";"1";"1";""
"202200006954";"801 610";"A01";"1";"7";"9";"2";"6";"2";"1";""
"202200006954";"801 611";"B01";"1";"7";"0";"2";"0";"0";"1";""
"202200006954";"801 612";"C01";"1";"7";"0";"2";"1";"2";"1";""
"202200006955";"801 608";"B01";"2";"1";"0";"2";"1";"1";"5";""
"202200006955";"801 609";"A01";"2";"7";"0";"2";"7";"16";"1";""
"202200006956";"801 607";"A01";"2";"7";"0";"1";"3";"15";"1";""
"202200006957";"801 606";"A01";"0";"10";"0";"1";"2";"1";"3";""
"202200006958";"801 604";"A01";"1";"7";"0";"2";"1";"1";"1";""
"202200006958";"801 605";"B01";"1";"7";"0";"2";"5";"1";"1";""
"202200006959";"801 601";"A01";"1";"7";"0";"2";"8";"1";"1";""
"202200006959";"801 603";"B01";"3";"7";"0";"2";"1";"1";"1";""
"202200006960";"801 600";"A01";"1";"7";"0";"2";"1";"1";"1";""
"202200006960";"801 602";"B01";"1";"50";"0";"2";"1";"19";"3";""
"202200006961";"801 597";"B01";"3";"1";"0";"2";"8";"26";"5";""
"202200006961";"801 599";"A01";"1";"7";"0";"2";"1";"2";"1";""
"202200006962";"801 596";"A01";"1";"7";"0";"2";"7";"15";"1";""
"202200006962";"801 598";"B01";"2";"7";"0";"2";"1";"1";"1";""
"202200006963";"801 595";"A01";"1";"7";"0";"1";"1";"1";"1";""
"202200006964";"801 593";"B01";"3";"7";"0";"2";"2";"15";"1";""
"202200006964";"801 594";"A01";"2";"50";"0";"2";"1";"0";"3";""
"202200006965";"801 592";"A01";"1";"7";"0";"1";"2";"15";"1";""
"202200006966";"801 591";"A01";"1";"31";"0";"1";"4";"1";"1";""
"202200006967";"801 590";"A01";"1";"7";"0";"1";"0";"1";"1";""
"202200006968";"801 588";"B01";"3";"10";"0";"2";"4";"2";"1";""
"202200006968";"801 589";"A01";"3";"7";"0";"2";"1";"2";"1";""
"202200006969";"801 586";"B01";"1";"7";"0";"9";"8";"1";"1";""
"202200006969";"801 587";"A01";"1";"1";"0";"2";"1";"1";"5";""
"202200006970";"801 583";"A01";"1";"10";"0";"2";"8";"9";"1";""
"202200006970";"801 584";"B01";"1";"33";"0";"2";"8";"9";"1";""
"202200006971";"801 582";"B01";"1";"33";"0";"0";"0";"0";"1";""
"202200006971";"801 585";"A01";"1";"7";"0";"0";"3";"1";"1";""
"202200006972";"801 579";"A01";"3";"1";"0";"2";"6";"19";"5";""
"202200006972";"801 580";"B01";"3";"7";"0";"2";"2";"1";"1";""
"202200006972";"801 581";"C01";"3";"7";"0";"2";"1";"1";"1";""
"202200006973";"801 577";"A01";"0";"7";"0";"2";"3";"9";"0";""
"202200006973";"801 578";"B01";"2";"7";"0";"2";"1";"1";"0";""
"202200006974";"801 575";"A01";"3";"7";"0";"2";"2";"15";"1";""
"202200006974";"801 576";"B01";"3";"50";"0";"2";"1";"1";"3";""
"202200006975";"801 572";"A01";"1";"7";"0";"2";"7";"1";"1";""
"202200006975";"801 574";"B01";"1";"1";"0";"2";"3";"26";"5";""
"202200006976";"801 571";"A01";"2";"30";"0";"2";"1";"15";"1";""
"202200006976";"801 573";"B01";"1";"7";"0";"2";"3";"1";"1";""
"202200006977";"801 569";"A01";"1";"7";"0";"2";"2";"1";"1";""
"202200006977";"801 570";"B01";"1";"99";"0";"2";"1";"1";"1";""
"202200006978";"801 567";"B01";"1";"33";"0";"2";"8";"3";"1";""
"202200006978";"801 568";"A01";"1";"10";"0";"2";"2";"17";"1";""
"202200006979";"801 566";"A01";"1";"7";"0";"1";"1";"1";"3";""
"202200006980";"801 565";"A01";"2";"7";"13";"0";"2";"1";"1";""
"202200006981";"801 563";"A01";"1";"1";"16";"0";"9";"1";"5";""
"202200006982";"801 562";"B01";"1";"13";"0";"2";"4";"15";"1";""
"202200006982";"801 564";"A01";"1";"7";"0";"2";"1";"2";"1";""
"202200006983";"801 560";"A01";"2";"7";"0";"2";"6";"9";"1";""
"202200006983";"801 561";"B01";"2";"1";"0";"2";"2";"2";"5";""
"202200006984";"801 559";"A01";"1";"7";"0";"1";"1";"1";"1";""
"202200006985";"801 558";"A01";"1";"2";"15";"0";"0";"26";"3";""
"202200006986";"801 554";"B01";"2";"33";"0";"2";"1";"17";"1";""
"202200006986";"801 555";"A01";"2";"7";"0";"2";"8";"9";"1";""
"202200006987";"801 556";"B01";"3";"7";"0";"2";"1";"15";"1";""
"202200006987";"801 557";"A01";"3";"7";"0";"2";"0";"0";"1";""
"202200006988";"801 552";"B01";"3";"33";"0";"2";"2";"1";"1";""
"202200006988";"801 553";"Z01";"3";"7";"0";"2";"3";"1";"0";""
"202200006989";"801 548";"B01";"1";"1";"0";"0";"4";"1";"5";""
"202200006989";"801 549";"A01";"1";"7";"0";"2";"1";"26";"0";""
"202200006990";"801 550";"A01";"3";"7";"0";"9";"0";"0";"1";""
"202200006990";"801 551";"B01";"3";"1";"0";"2";"0";"0";"5";""
"202200006991";"801 546";"A01";"1";"33";"0";"2";"4";"17";"1";""
"202200006991";"801 547";"B01";"1";"3";"0";"2";"4";"1";"1";""
"202200006992";"801 544";"B01";"1";"7";"0";"2";"1";"1";"1";""
"202200006992";"801 545";"A01";"3";"7";"0";"2";"1";"21";"1";""
"202200006993";"801 541";"A01";"1";"7";"11";"1";"1";"14";"1";""
"202200006994";"801 535";"B01";"3";"1";"3";"2";"7";"2";"5";""
"202200006994";"801 539";"A01";"1";"7";"3";"2";"1";"13";"1";""
"202200006995";"801 536";"A01";"2";"7";"0";"2";"3";"15";"1";""
"202200006995";"801 538";"B01";"2";"32";"0";"2";"2";"17";"1";""
"202200006996";"801 534";"A01";"1";"7";"0";"2";"3";"16";"1";""
"202200006996";"801 537";"B01";"2";"1";"0";"2";"1";"1";"5";""
"202200006997";"801 533";"A01";"3";"30";"0";"0";"0";"0";"1";""
"202200006998";"801 531";"B01";"2";"32";"0";"2";"1";"17";"1";""
"202200006998";"801 532";"A01";"2";"7";"0";"2";"3";"15";"2";""
"202200006999";"801 528";"A01";"3";"7";"2";"0";"1";"1";"1";""
"202200007000";"801 527";"A01";"2";"7";"0";"2";"1";"2";"1";""
"202200007000";"801 529";"B01";"2";"10";"0";"2";"4";"23";"1";""
"202200007000";"801 530";"C01";"2";"7";"0";"2";"4";"23";"1";""
"202200007001";"801 524";"A01";"3";"2";"0";"2";"1";"1";"1";""
"202200007001";"801 526";"B01";"3";"7";"0";"2";"6";"20";"1";""
"202200007002";"801 521";"A01";"2";"10";"0";"2";"6";"1";"0";""
"202200007002";"801 522";"B01";"2";"32";"0";"2";"1";"1";"1";""
"202200007003";"801 517";"A01";"2";"7";"14";"0";"4";"2";"1";""
"202200007003";"801 519";"B01";"2";"7";"14";"0";"1";"2";"1";""
"202200007003";"801 520";"C01";"2";"7";"14";"0";"1";"2";"1";""
"202200007004";"801 518";"A01";"1";"7";"6";"0";"1";"14";"1";""
"202200007005";"801 515";"A01";"2";"7";"2";"0";"1";"1";"1";""
"202200007006";"801 514";"A01";"1";"2";"1";"1";"1";"17";"1";""
"202200007007";"801 510";"A01";"1";"43";"0";"2";"3";"3";"1";""
"202200007007";"801 511";"B01";"1";"7";"0";"2";"2";"2";"1";""
"202200007007";"801 513";"C01";"1";"7";"0";"2";"4";"2";"1";""
"202200007008";"801 509";"C01";"2";"7";"0";"0";"4";"1";"1";""
"202200007008";"801 512";"B01";"2";"7";"0";"2";"4";"23";"1";""
"202200007008";"801 516";"A01";"2";"7";"0";"2";"1";"2";"1";""
"202200007009";"801 505";"A01";"0";"30";"0";"2";"1";"1";"1";""
"202200007009";"801 507";"B01";"0";"7";"0";"2";"1";"1";"1";""
"202200007010";"801 504";"B01";"1";"7";"0";"2";"3";"1";"1";""
"202200007010";"801 508";"A01";"1";"33";"0";"2";"2";"3";"1";""
"202200007011";"801 503";"A01";"2";"1";"0";"2";"1";"1";"5";""
"202200007011";"801 506";"Z01";"2";"13";"0";"2";"3";"22";"0";""
"202200007012";"801 501";"A01";"2";"7";"0";"1";"1";"1";"1";""
"202200007013";"801 499";"A01";"2";"7";"0";"2";"3";"10";"1";""
"202200007013";"801 502";"B01";"2";"2";"0";"2";"2";"1";"1";""
"202200007014";"801 497";"A01";"1";"33";"0";"2";"1";"1";"1";""
"202200007014";"801 498";"B01";"1";"7";"0";"2";"4";"14";"2";""
"202200007014";"801 500";"C01";"1";"43";"0";"2";"1";"3";"1";""
"202200007015";"801 495";"A01";"2";"10";"0";"1";"1";"10";"1";""
"202200007016";"801 496";"A01";"3";"7";"2";"0";"2";"16";"2";""
"202200007017";"801 494";"A01";"1";"7";"4";"0";"2";"1";"1";""
"202200007018";"801 491";"A01";"3";"30";"0";"0";"1";"13";"1";""
"202200007019";"801 492";"A01";"1";"33";"0";"2";"8";"1";"1";""
"202200007019";"801 493";"Z01";"3";"7";"0";"2";"0";"1";"0";""
"202200007020";"801 487";"A01";"1";"10";"0";"2";"3";"15";"1";""
"202200007020";"801 490";"B01";"3";"50";"0";"2";"3";"1";"3";""
"202200007021";"801 488";"B01";"2";"7";"0";"2";"3";"15";"1";""
"202200007021";"801 489";"A01";"2";"30";"0";"2";"2";"17";"1";""
"202200007022";"801 483";"A01";"1";"7";"0";"2";"2";"15";"1";""
"202200007022";"801 485";"B01";"1";"33";"0";"2";"1";"1";"3";""
"202200007023";"801 482";"B01";"1";"7";"0";"2";"1";"1";"1";""
"202200007023";"801 484";"C01";"1";"7";"0";"2";"4";"1";"1";""
"202200007023";"801 486";"A01";"1";"30";"0";"2";"0";"1";"1";""
"202200007024";"801 480";"A01";"2";"7";"0";"0";"6";"15";"1";""
"202200007024";"801 481";"B01";"2";"50";"0";"2";"1";"17";"3";""
"202200007025";"801 478";"B01";"2";"34";"0";"2";"8";"1";"1";""
"202200007025";"801 479";"A01";"2";"7";"0";"2";"7";"12";"2";""
"202200007026";"801 476";"B01";"2";"2";"0";"2";"1";"1";"1";""
"202200007026";"801 477";"A01";"1";"31";"0";"2";"1";"13";"1";""
"202200007027";"801 474";"B01";"1";"50";"0";"2";"1";"1";"3";""
"202200007027";"801 475";"A01";"1";"7";"0";"2";"2";"16";"1";""
"202200007028";"801 472";"A01";"2";"13";"0";"2";"5";"4";"6";""
"202200007028";"801 473";"B01";"2";"2";"0";"2";"8";"23";"6";""
"202200007029";"801 468";"B01";"1";"1";"0";"0";"7";"0";"5";""
"202200007029";"801 469";"A01";"1";"10";"2";"0";"3";"15";"0";""
"202200007030";"801 470";"A01";"2";"33";"0";"2";"8";"5";"1";""
"202200007030";"801 471";"B01";"1";"80";"0";"2";"1";"1";"3";""
"202200007031";"801 465";"B01";"1";"30";"0";"2";"1";"1";"3";""
"202200007031";"801 467";"A01";"2";"7";"0";"2";"7";"1";"1";""
"202200007032";"801 464";"B01";"2";"31";"0";"2";"1";"0";"1";""
"202200007032";"801 466";"A01";"1";"10";"9";"2";"1";"26";"1";""
"202200007033";"801 463";"A01";"1";"7";"0";"1";"3";"1";"1";""
"202200007034";"801 462";"A01";"2";"7";"0";"1";"2";"1";"1";""
"202200007035";"801 460";"B01";"2";"2";"0";"2";"1";"3";"1";""
"202200007035";"801 461";"A01";"1";"7";"0";"2";"3";"9";"1";""
"202200007036";"801 458";"B01";"2";"7";"0";"2";"2";"14";"1";""
"202200007036";"801 459";"A01";"1";"1";"0";"2";"2";"1";"5";""
"202200007037";"801 457";"A01";"2";"7";"0";"1";"1";"1";"1";""
"202200007038";"801 456";"A01";"2";"50";"0";"0";"1";"1";"3";""
"202200007039";"801 454";"A01";"1";"10";"0";"9";"3";"11";"1";""
"202200007039";"801 455";"B01";"1";"1";"0";"9";"4";"11";"5";""
"202200007040";"801 451";"B01";"2";"7";"0";"2";"5";"2";"1";""
"202200007040";"801 453";"A01";"2";"1";"0";"2";"8";"2";"5";""
"202200007041";"801 450";"B01";"2";"33";"0";"2";"8";"1";"1";""
"202200007041";"801 452";"A01";"1";"7";"0";"2";"3";"15";"1";""
"202200007042";"801 448";"A01";"2";"32";"0";"2";"8";"1";"1";""
"202200007042";"801 449";"B01";"2";"7";"0";"2";"7";"16";"2";""
"202200007043";"801 446";"A01";"1";"7";"0";"2";"3";"20";"2";""
"202200007043";"801 447";"B01";"1";"43";"0";"2";"2";"2";"1";""
"202200007044";"801 445";"A01";"2";"7";"0";"1";"3";"15";"0";""
"202200007045";"801 442";"A01";"1";"7";"0";"2";"2";"1";"1";""
"202200007045";"801 444";"B01";"1";"7";"0";"2";"3";"1";"1";""
"202200007046";"801 439";"A01";"1";"7";"0";"2";"5";"1";"1";""
"202200007046";"801 441";"B01";"1";"33";"0";"2";"1";"1";"1";""
"202200007047";"801 440";"A01";"1";"10";"0";"2";"5";"1";"1";""
"202200007047";"801 443";"B01";"1";"1";"0";"2";"3";"1";"5";""
"202200007048";"801 437";"B01";"2";"7";"0";"2";"8";"15";"1";""
"202200007048";"801 438";"A01";"1";"30";"0";"0";"0";"0";"1";""
"202200007049";"801 434";"A01";"1";"43";"0";"2";"1";"17";"1";""
"202200007049";"801 435";"B01";"1";"7";"0";"2";"3";"15";"1";""
"202200007050";"801 433";"B01";"1";"33";"0";"2";"1";"1";"1";""
"202200007050";"801 436";"A01";"1";"7";"0";"2";"1";"17";"1";""
"202200007051";"801 431";"B01";"3";"7";"0";"2";"5";"2";"1";""
"202200007051";"801 432";"A01";"2";"7";"0";"2";"1";"2";"1";""
"202200007052";"801 430";"A01";"1";"7";"0";"1";"1";"15";"1";""
"202200007053";"801 428";"A01";"1";"3";"0";"1";"2";"1";"1";""
"202200007054";"801 429";"A01";"2";"7";"0";"1";"1";"15";"1";""
"202200007055";"801 426";"A01";"0";"7";"0";"2";"3";"1";"1";""
"202200007055";"801 427";"B01";"0";"10";"0";"2";"3";"5";"1";""
"202200007056";"801 422";"B01";"1";"33";"0";"2";"0";"1";"0";""
"202200007056";"801 424";"A01";"3";"7";"0";"2";"0";"9";"1";""
"202200007057";"801 423";"A01";"2";"7";"0";"2";"6";"19";"1";""
"202200007057";"801 425";"B01";"1";"34";"0";"2";"1";"1";"1";""
"202200007058";"801 421";"A01";"2";"7";"1";"1";"1";"26";"1";""
"202200007059";"801 419";"B01";"1";"1";"0";"9";"7";"1";"5";""
"202200007059";"801 420";"A01";"1";"1";"0";"9";"8";"1";"5";""
"202200007060";"801 418";"A01";"3";"7";"0";"1";"1";"1";"0";""
"202200007061";"801 416";"A01";"2";"7";"0";"2";"8";"9";"1";""
"202200007061";"801 417";"B01";"2";"32";"0";"2";"1";"1";"1";""
"202200007062";"801 415";"A01";"3";"7";"0";"1";"2";"9";"1";""
"202200007063";"801 412";"A01";"2";"32";"0";"2";"3";"1";"1";""
"202200007063";"801 414";"B01";"2";"13";"0";"2";"7";"1";"1";""
"202200007064";"801 410";"A01";"1";"10";"0";"1";"1";"1";"1";""
"202200007065";"801 411";"A01";"2";"36";"13";"0";"2";"1";"1";""
"202200007066";"801 408";"A01";"0";"7";"0";"0";"7";"16";"1";""
"202200007066";"801 409";"B01";"1";"50";"0";"0";"1";"19";"3";""
"202200007067";"801 407";"A01";"2";"7";"0";"2";"0";"1";"1";""
"202200007068";"801 406";"A01";"1";"7";"13";"0";"1";"13";"1";""
"202200007069";"801 403";"B01";"3";"1";"0";"2";"3";"19";"5";""
"202200007069";"801 405";"A01";"0";"7";"0";"2";"2";"1";"0";""
"202200007070";"801 399";"B01";"1";"7";"0";"2";"1";"1";"1";""
"202200007070";"801 400";"A01";"2";"7";"0";"2";"1";"13";"1";""
"202200007071";"801 397";"E01";"1";"7";"0";"2";"1";"1";"1";""
"202200007071";"801 398";"D01";"1";"7";"0";"2";"1";"1";"1";""
"202200007071";"801 401";"C01";"1";"3";"0";"2";"1";"1";"0";""
"202200007071";"801 402";"B01";"1";"7";"0";"2";"4";"1";"3";""
"202200007071";"801 404";"A01";"1";"7";"0";"2";"4";"1";"1";""
"202200007072";"801 392";"A01";"3";"31";"0";"2";"1";"2";"1";""
"202200007072";"801 393";"B01";"0";"7";"0";"0";"6";"2";"1";""
"202200007073";"801 388";"B01";"2";"7";"0";"2";"1";"1";"1";""
"202200007073";"801 390";"A01";"1";"7";"0";"2";"1";"13";"1";""
"202200007074";"801 389";"C01";"1";"7";"0";"2";"4";"2";"1";""
"202200007074";"801 391";"B01";"1";"7";"0";"2";"4";"2";"1";""
"202200007074";"801 394";"A01";"1";"10";"0";"2";"1";"1";"1";""
"202200007075";"801 387";"A01";"1";"14";"0";"1";"3";"15";"1";""
"202200007076";"801 385";"A01";"2";"7";"2";"0";"8";"1";"1";""
"202200007077";"801 383";"A01";"1";"10";"0";"2";"4";"1";"1";""
"202200007077";"801 386";"B01";"1";"7";"0";"2";"1";"1";"1";""
"202200007078";"801 382";"A01";"1";"7";"2";"0";"3";"13";"1";""
"202200007079";"801 379";"A01";"2";"7";"13";"0";"2";"14";"1";""
"202200007080";"801 378";"B01";"1";"7";"0";"0";"4";"1";"1";""
"202200007080";"801 380";"A01";"1";"7";"0";"2";"1";"0";"1";""
"202200007081";"801 376";"A01";"3";"2";"14";"0";"1";"1";"1";""
"202200007082";"801 374";"A01";"2";"33";"4";"0";"3";"13";"1";""
"202200007083";"801 370";"A01";"2";"2";"0";"2";"1";"5";"1";""
"202200007083";"801 372";"B01";"1";"2";"0";"2";"1";"1";"1";""
"202200007084";"801 371";"B01";"2";"7";"0";"2";"8";"10";"1";""
"202200007084";"801 373";"A01";"2";"33";"0";"2";"1";"17";"1";""
"202200007085";"801 367";"A01";"2";"7";"4";"0";"9";"1";"1";""
"202200007086";"801 366";"A01";"1";"7";"4";"0";"1";"1";"1";""
"202200007087";"801 364";"A01";"2";"7";"0";"2";"1";"1";"1";""
"202200007087";"801 365";"B01";"2";"7";"0";"2";"4";"1";"1";""
"202200007087";"801 368";"C01";"2";"7";"0";"2";"4";"1";"1";""
"202200007087";"801 369";"D01";"2";"7";"0";"0";"4";"1";"1";""
"202200007088";"801 362";"A01";"2";"7";"4";"0";"2";"1";"1";""
"202200007089";"801 360";"C01";"1";"10";"0";"2";"1";"1";"1";""
"202200007089";"801 361";"B01";"1";"10";"0";"2";"4";"1";"1";""
"202200007089";"801 363";"A01";"1";"7";"0";"0";"5";"1";"3";""
"202200007090";"801 357";"A01";"2";"7";"0";"2";"1";"1";"1";""
"202200007090";"801 359";"B01";"2";"7";"0";"2";"4";"23";"1";""
"202200007091";"801 355";"B01";"2";"1";"0";"0";"7";"1";"5";""
"202200007091";"801 356";"A01";"2";"7";"0";"2";"1";"9";"1";""
"202200007092";"801 354";"A01";"1";"7";"0";"2";"1";"1";"3";""
"202200007092";"801 358";"B01";"2";"7";"0";"2";"2";"13";"1";""
"202200007093";"801 353";"A01";"2";"7";"2";"0";"9";"14";"1";""
"202200007094";"801 352";"A01";"1";"7";"3";"0";"2";"14";"1";""
"202200007095";"801 350";"B01";"0";"1";"0";"2";"1";"1";"5";""
"202200007095";"801 351";"A01";"3";"7";"0";"2";"8";"9";"1";""
"202200007096";"801 348";"A01";"1";"7";"4";"0";"9";"26";"1";""
"202200007097";"801 340";"A01";"1";"7";"17";"0";"1";"0";"1";""
"202200007098";"801 341";"B01";"1";"7";"0";"2";"4";"1";"1";""
"202200007098";"801 343";"A01";"1";"7";"0";"2";"1";"1";"1";""
"202200007099";"801 339";"B01";"1";"7";"0";"2";"6";"1";"1";""
"202200007099";"801 342";"A01";"1";"32";"0";"2";"7";"0";"1";""
"202200007100";"801 337";"A01";"1";"7";"4";"0";"2";"14";"1";""
"202200007101";"801 336";"A01";"0";"7";"0";"0";"0";"0";"1";""
"202200007102";"801 335";"A01";"3";"7";"0";"2";"2";"1";"1";""
"202200007102";"801 338";"B01";"2";"1";"0";"2";"1";"1";"5";""
"202200007103";"801 333";"A01";"1";"7";"0";"1";"2";"1";"1";""
"202200007104";"801 332";"B01";"2";"2";"0";"2";"1";"1";"1";""
"202200007104";"801 334";"A01";"3";"1";"0";"2";"3";"19";"5";""
"202200007105";"801 329";"A01";"2";"7";"0";"2";"1";"2";"1";""
"202200007105";"801 331";"B01";"2";"7";"0";"2";"4";"2";"1";""
"202200007106";"801 328";"B01";"2";"30";"0";"2";"8";"1";"1";""
"202200007106";"801 330";"A01";"1";"7";"0";"2";"3";"13";"1";""
"202200007107";"801 327";"A01";"1";"7";"0";"1";"3";"1";"1";""
"202200007108";"801 322";"A01";"2";"7";"0";"2";"3";"0";"1";""
"202200007108";"801 325";"B01";"2";"16";"0";"2";"2";"0";"1";""
"202200007109";"801 320";"D01";"2";"7";"0";"2";"0";"1";"1";""
"202200007109";"801 321";"C01";"1";"7";"0";"0";"4";"23";"1";""
"202200007109";"801 324";"B01";"1";"7";"0";"2";"4";"23";"1";""
"202200007109";"801 326";"A01";"1";"7";"0";"2";"1";"1";"1";""
"202200007110";"801 323";"A01";"1";"1";"0";"0";"0";"1";"5";""
"202200007111";"801 319";"A01";"3";"7";"13";"0";"7";"1";"1";""
"202200007112";"801 317";"A01";"2";"33";"0";"0";"0";"1";"1";""
"202200007113";"801 316";"A01";"2";"7";"0";"2";"1";"5";"1";""
"202200007113";"801 318";"B01";"2";"2";"0";"2";"1";"1";"1";""
"202200007114";"801 315";"A01";"1";"7";"4";"0";"9";"15";"1";""
"202200007115";"801 313";"A01";"2";"43";"0";"0";"5";"1";"1";""
"202200007115";"801 314";"B01";"2";"7";"0";"2";"3";"16";"1";""
"202200007116";"801 308";"A01";"2";"7";"0";"2";"2";"1";"1";""
"202200007116";"801 311";"B01";"2";"80";"0";"2";"4";"1";"3";""
"202200007117";"801 306";"B01";"1";"7";"0";" -1";"1";"9";"1";""
"202200007117";"801 309";"A01";"1";"7";"0";"2";"1";"21";"1";""
"202200007118";"801 304";"B01";"3";"1";"0";"2";"3";"3";"5";""
"202200007118";"801 307";"A01";"3";"1";"0";"2";"3";"1";"5";""
"202200007119";"801 303";"A01";"1";"7";"0";"2";"6";"1";"1";""
"202200007119";"801 305";"B01";"1";"7";"0";"2";"9";"1";"1";""
"202200007119";"801 310";"C01";"1";"7";"0";"2";"9";"1";"1";""
"202200007119";"801 312";"D01";"1";"99";"0";"2";"1";"1";"0";""
"202200007120";"801 302";"A01";"1";"7";"0";"1";"2";"1";"3";""
"202200007121";"801 301";"A01";"1";"7";"4";"0";"3";"13";"1";""
"202200007122";"801 299";"A01";"2";"7";"4";"0";"1";"13";"1";""
"202200007123";"801 297";"A01";"2";"7";"0";"2";"1";"1";"1";""
"202200007123";"801 300";"B01";"2";"7";"0";"2";"4";"1";"1";""