"Num_Acc";"id_vehicule";"num_veh";"senc";"catv";"obs";"obsm";"choc";"manv";"motor";"occutc"
"202200007124";"801 296";"B01";"2";"1";"0";"2";"1";"13";"5";""
"202200007124";"801 298";"A01";"1";"7";"0";"2";"1";"1";"1";""
"202200007125";"801 292";"B01";"2";"43";"0";"2";"3";"3";"1";""
"202200007125";"801 294";"A01";"1";"7";"0";"2";"7";"2";"1";""
"202200007126";"801 293";"B01";"2";"7";"0";"2";"3";"17";"1";""
"202200007126";"801 295";"A01";"1";"33";"0";"0";"8";"1";"1";""
"202200007127";"801 288";"B01";"1";"7";"0";"2";"0";"0";"1";""
"202200007127";"801 291";"A01";"1";"7";"0";"2";"0";"0";"1";""
"202200007128";"801 289";"A01";"0";"7";"0";"0";"6";"0";"1";""
"202200007128";"801 290";"B01";"0";"32";"0";"2";"1";"0";"1";""
"202200007129";"801 285";"B01";"1";"1";"0";"0";"7";"1";"5";""
"202200007129";"801 287";"A01";"1";"7";"0";"9";"1";"0";"1";""
"202200007130";"801 282";"A01";"1";"10";"0";"2";"4";"2";"1";""
"202200007130";"801 284";"B01";"1";"10";"0";"2";"1";"2";"1";""
"202200007130";"801 286";"C01";"1";"7";"0";"2";"1";"2";"1";""
"202200007131";"801 280";"A01";"1";"33";"0";"6";"1";"1";"1";""
"202200007132";"801 278";"A01";"2";"10";"0";"2";"1";"2";"1";""
"202200007132";"801 281";"B01";"2";"10";"0";"2";"4";"2";"1";""
"202200007132";"801 283";"C01";"2";"7";"0";"2";"1";"2";"1";""
"202200007133";"801 275";"A01";"2";"7";"0";"2";"8";"15";"1";""
"202200007133";"801 279";"B01";"1";"33";"0";"2";"8";"1";"1";""
"202200007134";"801 273";"B01";"1";"7";"0";"2";"4";"1";"1";""
"202200007134";"801 276";"A01";"1";"7";"0";"2";"1";"1";"1";""
"202200007135";"801 272";"C01";"1";"7";"0";"2";"1";"2";"1";""
"202200007135";"801 274";"A01";"1";"10";"0";"2";"1";"2";"1";""
"202200007135";"801 277";"B01";"1";"7";"0";"2";"1";"2";"1";""
"202200007136";"801 265";"B01";"2";"7";"4";"2";"8";"1";"1";""
"202200007136";"801 269";"A01";"2";"7";"0";"2";"2";"12";"1";""
"202200007137";"801 268";"B01";"0";"7";"0";"0";"6";"2";"1";""
"202200007137";"801 270";"A01";"0";"31";"0";"2";"1";"2";"1";""
"202200007138";"801 264";"A01";"2";"33";"0";"2";"3";"1";"1";""
"202200007138";"801 266";"B01";"1";"7";"0";"2";"2";"15";"0";""
"202200007139";"801 263";"A01";"1";"7";"13";"0";"9";"14";"1";""
"202200007140";"801 262";"B01";"2";"7";"0";"2";"5";"12";"2";""
"202200007140";"801 267";"A01";"2";"33";"0";"2";"1";"3";"1";""
"202200007141";"801 261";"A01";"1";"7";"0";"1";"1";"15";"1";""
"202200007142";"801 257";"A01";"1";"7";"0";"2";"1";"2";"1";""
"202200007142";"801 260";"B01";"1";"7";"0";"2";"4";"2";"1";""
"202200007143";"801 255";"A01";"1";"10";"0";"9";"1";"9";"1";""
"202200007143";"801 259";"B01";"2";"1";"0";"2";"2";"9";"5";""
"202200007144";"801 254";"A01";"2";"7";"0";"2";"1";"2";"1";""
"202200007144";"801 256";"B01";"2";"7";"0";"2";"4";"2";"1";""
"202200007144";"801 258";"C01";"2";"7";"0";"2";"4";"2";"1";""
"202200007145";"801 253";"A01";"2";"7";"0";"1";"3";"15";"1";""
"202200007146";"801 250";"A01";"1";"7";"0";"1";"1";"1";"1";""
"202200007147";"801 249";"A01";"1";"7";"0";"2";"6";"1";"1";""
"202200007147";"801 252";"B01";"1";"33";"0";"2";"7";"12";"1";""
"202200007148";"801 248";"B01";"1";"10";"0";"0";"0";"0";"1";""
"202200007148";"801 251";"A01";"1";"10";"0";"2";"1";"2";"1";""
"202200007149";"801 247";"A01";"0";"7";"0";"1";"1";"1";"1";""
"202200007150";"801 244";"A01";"2";"33";"4";"0";"7";"14";"1";""
"202200007151";"801 245";"A01";"1";"30";"0";"2";"4";"1";"0";""
"202200007152";"801 243";"A01";"2";"7";"4";"2";"2";"17";"1";""
"202200007152";"801 246";"B01";"2";"7";"4";"2";"8";"1";"1";""
"202200007153";"801 238";"A01";"1";"7";"0";"1";"2";"9";"1";""
"202200007154";"801 239";"B01";"2";"7";"0";"2";"6";"2";"1";""
"202200007154";"801 240";"A01";"2";"7";"0";"2";"1";"2";"1";""
"202200007155";"801 236";"A01";"1";"7";"0";"2";"1";"12";"1";""
"202200007155";"801 241";"B01";"1";"7";"0";"2";"6";"1";"1";""
"202200007156";"801 235";"A01";"2";"7";"0";"2";"8";"10";"1";""
"202200007156";"801 237";"B01";"2";"2";"0";"2";"1";"3";"1";""
"202200007157";"801 233";"A01";"1";"7";"0";"1";"0";"7";"0";""
"202200007158";"801 232";"A01";"1";"10";"3";"0";"9";"14";"1";""
"202200007159";"801 229";"B01";"1";"7";"0";"2";"1";"2";"1";""
"202200007159";"801 231";"A01";"1";"7";"0";"2";"1";"2";"1";""
"202200007159";"801 234";"C01";"1";"7";"0";"2";"1";"2";"1";""
"202200007160";"801 228";"B01";"2";"31";"0";"2";"7";"17";"1";""
"202200007160";"801 230";"A01";"2";"7";"0";"2";"3";"1";"1";""
"202200007161";"801 224";"A01";"2";"33";"0";"2";"1";"3";"1";""
"202200007161";"801 227";"B01";"2";"7";"0";"2";"4";"11";"1";""
"202200007162";"801 222";"A01";"1";"7";"0";"2";"8";"15";"1";""
"202200007162";"801 226";"B01";"1";"32";"0";"2";"1";"7";"1";""
"202200007163";"801 223";"B01";"2";"33";"3";"2";"4";"1";"0";""
"202200007163";"801 225";"Z01";"2";"0";"0";"2";"0";"0";"0";""
"202200007164";"801 221";"A01";"1";"7";"0";"1";"3";"1";"1";""
"202200007165";"801 219";"A01";"3";"1";"0";"0";"1";"14";"5";""
"202200007166";"801 216";"A01";"2";"7";"0";"2";"4";"12";"1";""
"202200007166";"801 218";"B01";"2";"33";"0";"2";"1";"3";"1";""
"202200007167";"801 217";"B01";"3";"7";"0";"2";"2";"1";"1";""
"202200007167";"801 220";"A01";"3";"33";"0";"2";"6";"15";"1";""
"202200007168";"801 214";"A01";"1";"7";"0";"2";"8";"19";"1";""
"202200007168";"801 215";"B01";"1";"7";"8";"2";"2";"1";"1";""
"202200007169";"801 210";"A01";"1";"7";"12";"0";"3";"1";"1";""
"202200007170";"801 212";"B01";"2";"7";"0";"2";"4";"23";"2";""
"202200007170";"801 213";"A01";"2";"3";"1";"2";"1";"2";"1";""
"202200007171";"801 208";"C01";"2";"7";"0";"2";"1";"2";"1";""
"202200007171";"801 209";"B01";"2";"7";"0";"2";"4";"23";"1";""
"202200007171";"801 211";"A01";"2";"7";"0";"2";"4";"23";"1";""
"202200007172";"801 203";"A01";"2";"32";"0";"2";"0";"21";"1";""
"202200007172";"801 206";"B01";"1";"34";"0";"2";"3";"1";"1";""
"202200007173";"801 202";"A01";"1";"7";"0";"2";"1";"1";"1";""
"202200007173";"801 205";"B01";"1";"7";"4";"0";"4";"1";"1";""
"202200007173";"801 207";"C01";"1";"7";"4";"0";"3";"1";"1";""
"202200007174";"801 200";"B01";"1";"7";"0";"2";"1";"1";"1";""
"202200007174";"801 204";"A01";"2";"50";"0";"2";"7";"15";"3";""
"202200007175";"801 198";"B01";"1";"33";"0";"2";"1";"2";"1";""
"202200007175";"801 201";"A01";"1";"7";"0";"2";"4";"1";"2";""
"202200007176";"801 197";"B01";"1";"50";"0";"2";"1";"1";"3";""
"202200007176";"801 199";"A01";"2";"10";"0";"2";"3";"16";"1";""
"202200007177";"801 190";"C01";"2";"7";"4";"2";"1";"2";"2";""
"202200007177";"801 194";"B01";"2";"7";"0";"2";"4";"2";"1";""
"202200007177";"801 196";"A01";"2";"7";"0";"2";"4";"2";"1";""
"202200007178";"801 188";"B01";"3";"7";"0";"2";"2";"15";"1";""
"202200007178";"801 191";"A01";"3";"31";"0";"2";"2";"1";"1";""
"202200007179";"801 187";"A01";"2";"7";"0";"2";"1";"2";"1";""
"202200007179";"801 192";"B01";"2";"7";"0";"2";"4";"23";"1";""
"202200007180";"801 186";"A01";"1";"7";"0";"2";"1";"2";"1";""
"202200007180";"801 189";"B01";"1";"7";"0";"2";"4";"2";"1";""
"202200007180";"801 193";"C01";"1";"7";"0";"2";"4";"2";"1";""
"202200007180";"801 195";"D01";"1";"10";"0";"2";"4";"2";"1";""
"202200007181";"801 184";"B01";"3";"10";"0";"2";"1";"1";"1";""
"202200007181";"801 185";"A01";"3";"7";"0";"2";"1";"13";"1";""
"202200007182";"801 183";"A01";"3";"32";"12";"0";"0";"14";"1";""
"202200007183";"801 180";"A01";"1";"10";"0";"2";"6";"13";"1";""
"202200007183";"801 181";"B01";"1";"7";"0";"2";"2";"1";"1";""
"202200007184";"801 179";"A01";"3";"7";"0";"2";"3";"1";"1";""
"202200007184";"801 182";"B01";"3";"7";"12";"2";"6";"15";"1";""
"202200007185";"801 178";"A01";"1";"2";"0";"0";"1";"0";"1";""
"202200007186";"801 177";"A01";"1";"1";"0";"1";"1";"1";"5";""
"202200007187";"801 172";"A01";"0";"7";"0";"1";"4";"20";"1";""
"202200007188";"801 171";"B01";"2";"33";"0";"2";"1";"1";"1";""
"202200007188";"801 175";"A01";"1";"7";"0";"2";"2";"15";"1";""
"202200007189";"801 169";"A01";"1";"33";"0";"2";"1";"2";"1";""
"202200007189";"801 173";"B01";"1";"7";"0";"2";"4";"2";"2";""
"202200007189";"801 176";"C01";"1";"7";"0";"2";"4";"23";"1";""
"202200007190";"801 167";"A01";"3";"14";"0";"2";"3";"15";"1";""
"202200007190";"801 168";"B01";"3";"33";"0";"2";"2";"13";"1";""
"202200007191";"801 166";"A01";"1";"7";"0";"2";"2";"1";"1";""
"202200007191";"801 170";"B01";"1";"7";"0";"2";"5";"1";"1";""
"202200007191";"801 174";"C01";"1";"7";"0";"2";"1";"2";"1";""
"202200007192";"801 163";"B01";"2";"7";"0";"2";"2";"1";"1";""
"202200007192";"801 165";"A01";"2";"37";"0";"2";"1";"1";"1";"1"
"202200007193";"801 159";"B01";"3";"2";"0";"2";"1";"1";"0";""
"202200007193";"801 162";"A01";"3";"7";"0";"2";"2";"15";"1";""
"202200007194";"801 157";"A01";"1";"33";"0";"2";"1";"2";"1";""
"202200007194";"801 161";"B01";"1";"10";"0";"2";"4";"2";"1";""
"202200007194";"801 164";"C01";"1";"7";"0";"2";"4";"1";"1";""
"202200007195";"801 156";"A01";"1";"2";"12";"0";"7";"14";"1";""
"202200007196";"801 155";"C01";"1";"7";"0";"2";"1";"2";"1";""
"202200007196";"801 158";"B01";"1";"10";"0";"2";"1";"2";"1";""
"202200007196";"801 160";"A01";"1";"7";"0";"2";"4";"2";"1";""
"202200007197";"801 153";"B01";"2";"30";"0";"2";"6";"11";"1";""
"202200007197";"801 154";"A01";"1";"7";"0";"2";"2";"14";"1";""
"202200007198";"801 149";"A01";"2";"7";"0";"2";"1";"9";"2";""
"202200007198";"801 150";"B01";"1";"7";"0";"2";"7";"1";"1";""
"202200007199";"801 147";"A01";"1";"7";"1";"1";"7";"1";"1";""
"202200007200";"801 145";"B01";"2";"7";"0";"2";"5";"2";"1";""
"202200007200";"801 152";"A01";"2";"7";"0";"2";"1";"2";"1";""
"202200007201";"801 144";"A01";"3";"33";"0";"9";"0";"0";"1";""
"202200007202";"801 141";"A01";"3";"7";"0";"1";"3";"15";"1";""
"202200007203";"801 136";"A01";"3";"7";"0";"2";"1";"1";"1";""
"202200007203";"801 139";"B01";"3";"7";"0";"2";"8";"1";"1";""
"202200007204";"801 134";"A01";"1";"7";"0";"1";"1";"3";"1";""
"202200007205";"801 135";"C01";"1";"14";"0";"2";"3";"1";"1";""
"202200007205";"801 138";"B01";"1";"7";"0";"2";"5";"12";"1";""
"202200007205";"801 140";"A01";"1";"33";"0";"2";"1";"3";"1";""
"202200007206";"801 133";"G01";"2";"7";"14";"0";"0";"0";"1";""
"202200007206";"801 137";"F01";"2";"10";"14";"0";"0";"0";"0";""
"202200007206";"801 142";"E01";"0";"7";"14";"0";"0";"0";"1";""
"202200007206";"801 143";"D01";"2";"10";"0";"0";"0";"2";"1";""
"202200007206";"801 146";"C01";"2";"7";"14";"0";"0";"2";"1";""
"202200007206";"801 148";"B01";"2";"7";"14";"0";"0";"2";"1";""
"202200007206";"801 151";"A01";"2";"10";"0";"0";"0";"1";"1";""
"202200007207";"801 132";"A01";"1";"7";"0";"1";"2";"0";"2";""
"202200007208";"801 128";"A01";"2";"7";"0";"2";"5";"12";"1";""
"202200007208";"801 130";"B01";"2";"31";"0";"2";"8";"3";"1";""
"202200007209";"801 126";"A01";"1";"7";"2";"0";"1";"1";"1";""
"202200007210";"801 127";"A01";"3";"7";"0";"2";"2";"9";"1";""
"202200007210";"801 131";"B01";"3";"7";"0";"2";"8";"16";"1";""
"202200007211";"801 125";"A01";"2";"7";"0";"2";"4";"1";"1";""
"202200007211";"801 129";"Z01";"2";"0";"0";"2";"0";"0";"0";""
"202200007212";"801 124";"A01";"2";"2";"0";"0";"2";"1";"1";""
"202200007213";"801 121";"A01";"2";"10";"3";"0";"2";"14";"1";""
"202200007214";"801 120";"B01";"3";"33";"0";"2";"1";"1";"1";""
"202200007214";"801 122";"A01";"3";"7";"0";"2";"3";"15";"1";""
"202200007215";"801 119";"A01";"1";"7";"0";"2";"4";"2";"1";""
"202200007215";"801 123";"B01";"1";"7";"0";"2";"1";"2";"1";""
"202200007216";"801 116";"A01";"2";"7";"0";"2";"1";"13";"1";""
"202200007216";"801 118";"B01";"1";"7";"0";"2";"1";"1";"1";""
"202200007217";"801 115";"B01";"1";"10";"0";"2";"6";"1";"1";""
"202200007217";"801 117";"A01";"1";"7";"0";"2";"1";"14";"1";""
"202200007218";"801 113";"B01";"1";"7";"0";"2";"2";"15";"1";""
"202200007218";"801 114";"A01";"1";"7";"12";"2";"1";"2";"1";""
"202200007219";"801 110";"B01";"2";"7";"0";"2";"1";"14";"1";""
"202200007219";"801 111";"A01";"2";"7";"3";"0";"4";"1";"1";""
"202200007220";"801 109";"A01";"1";"7";"0";"2";"1";"1";"1";""
"202200007220";"801 112";"B01";"1";"7";"0";"2";"4";"1";"1";""
"202200007221";"801 106";"A01";"1";"7";"10";"0";"1";"16";"1";""
"202200007222";"801 103";"A01";"1";"10";"0";"2";"1";"2";"1";""
"202200007222";"801 105";"B01";"1";"7";"0";"2";"4";"2";"1";""
"202200007222";"801 107";"C01";"1";"15";"0";"2";"6";"2";"1";""
"202200007223";"801 101";"A01";"1";"7";"1";"0";"1";"1";"1";""
"202200007223";"801 104";"B01";"1";"10";"0";"0";"4";"24";" -1";""
"202200007224";"801 100";"B01";"3";"2";"0";"2";"1";"1";"1";""
"202200007224";"801 102";"A01";"3";"7";"0";"2";"5";"9";"1";""
"202200007225";"801 099";"A01";"1";"7";"6";"0";"3";"1";"1";""
"202200007226";"801 098";"A01";"1";"7";"0";"1";"2";"1";"1";""
"202200007227";"801 094";"A01";"2";"7";"0";"2";"1";"2";"1";""
"202200007227";"801 096";"B01";"2";"7";"0";"0";"4";"1";"1";""
"202200007228";"801 095";"A01";"1";"1";"0";"2";"1";"1";"5";""
"202200007228";"801 097";"B01";"1";"7";"0";"2";"1";"1";"0";""
"202200007229";"801 092";"A01";"2";"7";"0";"1";"3";"15";"2";""
"202200007230";"801 091";"B01";"3";"7";"0";"2";"8";"9";"1";""
"202200007230";"801 093";"A01";"1";"7";"0";"2";"2";"1";"1";""
"202200007231";"801 090";"A01";"3";"7";"1";"1";"2";"1";"1";""
"202200007232";"801 089";"A01";"1";"10";"0";"1";"1";"1";"1";""
"202200007233";"801 088";"A01";"1";"33";"12";"0";"0";"21";"1";""
"202200007234";"801 085";"A01";"1";"7";"0";"1";"1";"9";"1";""
"202200007235";"801 084";"A01";"1";"7";"0";"2";"1";"13";"1";""
"202200007235";"801 087";"B01";"2";"7";"0";"2";"2";"1";"1";""
"202200007236";"801 083";"A01";"2";"10";"0";"2";"1";"15";"1";""
"202200007236";"801 086";"B01";"1";"30";"0";"2";"1";"1";"1";""
"202200007237";"801 080";"A01";"3";"7";"0";"1";"1";"1";"1";""
"202200007238";"801 079";"B01";"1";"33";"0";"2";"1";"1";"1";""
"202200007238";"801 081";"A01";"1";"7";"0";"2";"3";"15";"1";""
"202200007239";"801 077";"B01";"1";"7";"0";"2";"3";"21";"1";""
"202200007239";"801 082";"A01";"2";"7";"0";"2";"3";"13";"1";""
"202200007240";"801 075";"B01";"1";"7";"0";"2";"6";"1";"1";""
"202200007240";"801 078";"A01";"1";"7";"0";"2";"0";"17";"1";""
"202200007241";"801 074";"A01";"2";"7";"16";"0";"0";"1";"1";""
"202200007242";"801 071";"C01";"2";"15";"0";"2";"1";"2";"1";""
"202200007242";"801 073";"B01";"2";"7";"0";"2";"4";"2";"1";""
"202200007242";"801 076";"A01";"2";"15";"0";"0";"4";"2";"1";""
"202200007243";"801 070";"B01";"2";"7";"0";"2";"3";"1";"1";""
"202200007243";"801 072";"A01";"1";"7";"1";"2";"3";"13";"1";""
"202200007244";"801 067";"A01";"1";"7";"0";"2";"3";"10";"1";""
"202200007244";"801 069";"B01";"1";"33";"0";"2";"7";"2";"1";""
"202200007245";"801 068";"A01";"1";"7";"2";"0";"3";"14";"1";""
"202200007246";"801 066";"A01";"2";"7";"13";"0";"2";"26";"1";""
"202200007247";"801 065";"A01";"1";"40";"0";"1";"2";"1";"3";""
"202200007248";"801 064";"A01";"3";"7";"2";"0";"1";"1";"1";""
"202200007249";"801 062";"A01";"1";"7";"13";"0";"3";"26";"1";""
"202200007250";"801 063";"A01";"1";"7";"0";"1";"1";"16";"1";""
"202200007251";"801 060";"A01";"1";"33";"0";"5";"1";"1";"1";""
"202200007252";"801 059";"B01";"2";"17";"0";"2";"1";"1";"1";""
"202200007252";"801 061";"A01";"1";"7";"0";"2";"1";"13";"1";""
"202200007253";"801 058";"A01";"3";"31";"9";"0";"2";"14";"1";""
"202200007254";"801 056";"B01";"1";"17";"0";"2";"8";"1";"1";""
"202200007254";"801 057";"A01";"2";"32";"0";"2";"3";"16";"1";""
"202200007255";"801 054";"A01";"1";"14";"13";"0";"3";"13";"1";""
"202200007256";"801 053";"A01";"1";"7";"13";"0";"2";"1";"1";""
"202200007257";"801 052";"A01";"1";"1";"0";"2";"4";"15";"5";""
"202200007257";"801 055";"Z01";"1";"32";"0";"2";"0";"2";"0";""
"202200007258";"801 051";"A01";"1";"7";"2";"0";"1";"1";"1";""
"202200007259";"801 049";"A01";"2";"7";"6";"0";"1";"1";"1";""
"202200007260";"801 048";"A01";"1";"7";"4";"0";"3";"1";"1";""
"202200007261";"801 047";"Z01";"2";"7";"0";"2";"8";"17";"1";""
"202200007261";"801 050";"B01";"2";"7";"0";"2";"6";"15";"1";""
"202200007262";"801 045";"A01";"1";"7";"9";"0";"1";"1";"1";""
"202200007263";"801 044";"A01";"3";"7";"0";"2";"5";"1";"1";""
"202200007263";"801 046";"B01";"3";"7";"0";"2";"1";"9";"1";""
"202200007264";"801 042";"A01";"1";"7";"0";"1";"3";"15";"1";""
"202200007265";"801 041";"A01";"2";"7";"13";"0";"1";"13";"1";""
"202200007266";"801 039";"B01";"1";"7";"0";"2";"1";"1";"1";""
"202200007266";"801 043";"A01";"1";"7";"0";"2";"7";"15";"1";""
"202200007267";"801 038";"B01";"1";"2";"0";"2";"1";"1";"1";""
"202200007267";"801 040";"A01";"2";"7";"0";"2";"3";"17";"1";""
"202200007268";"801 036";"A01";"1";"7";"2";"0";"9";"14";"1";""
"202200007269";"801 032";"A01";"2";"7";"0";"2";"3";"13";"1";""
"202200007269";"801 035";"B01";"1";"7";"0";"2";"2";"1";"1";""
"202200007270";"801 034";"Z01";"1";"80";"0";"2";"1";"13";"3";""
"202200007270";"801 037";"A01";"2";"1";"0";"2";"1";"1";"5";""
"202200007271";"801 031";"A01";"1";"7";"0";"2";"6";"12";"1";""
"202200007271";"801 033";"B01";"1";"33";"0";"2";"1";"12";"1";""
"202200007272";"801 028";"A01";"1";"7";"0";"1";"3";"1";"1";""
"202200007273";"801 029";"B01";"2";"2";"0";"2";"7";"21";"1";""
"202200007273";"801 030";"A01";"1";"7";"0";"2";"7";"21";"1";""
"202200007274";"801 027";"A01";"0";"7";"0";"1";"4";"4";"1";""
"202200007275";"801 024";"A01";"2";"10";"17";"0";"1";"1";"1";""
"202200007276";"801 025";"A01";"1";"7";"2";"0";"8";"1";"1";""
"202200007277";"801 023";"A01";"3";"50";"0";"2";"2";"1";"3";""
"202200007277";"801 026";"B01";"3";"7";"0";"2";"2";"1";"1";""
"202200007278";"801 021";"A01";"3";"7";"0";"1";"1";"1";"1";""
"202200007279";"801 015";"C01";"2";"7";"0";"2";"3";"23";"1";""
"202200007279";"801 017";"B01";"2";"7";"0";"2";"3";"21";"1";""
"202200007279";"801 020";"D01";"1";"7";"0";"2";"8";"1";"0";""
"202200007279";"801 022";"A01";"2";"7";"0";"2";"1";"9";"1";""
"202200007280";"801 016";"B01";"3";"31";"0";"2";"8";"1";"1";""
"202200007280";"801 019";"A01";"3";"7";"2";"2";"1";"15";"1";""
"202200007281";"801 013";"A01";"2";"7";"0";"1";"1";"1";"1";""
"202200007282";"801 014";"A01";"2";"50";"0";"2";"1";"25";"3";""
"202200007282";"801 018";"B01";"3";"7";"0";"0";"2";"16";"1";""
"202200007283";"801 011";"A01";"1";"7";"0";"2";"1";"2";"2";""
"202200007283";"801 012";"B01";"1";"7";"0";"2";"4";"2";"1";""
"202200007284";"801 010";"A01";"2";"33";"0";"0";"9";"17";"1";""
"202200007285";"801 008";"A01";"0";"7";"0";"1";"2";"19";"1";""
"202200007286";"801 007";"B01";"3";"33";"0";"2";"7";"1";"1";""
"202200007286";"801 009";"A01";"1";"7";"0";"2";"3";"13";"1";""
"202200007287";"801 004";"A01";"2";"7";"11";"0";"1";"14";"1";""
"202200007288";"801 003";"B01";"1";"7";"0";"2";"1";"17";"1";""
"202200007288";"801 005";"A01";"1";"7";"0";"2";"4";"1";"1";""
"202200007289";"801 002";"B01";"1";"33";"0";"2";"2";"1";"1";""
"202200007289";"801 006";"A01";"3";"7";"0";"2";"8";"9";"1";""
"202200007290";"800 999";"A01";"0";"33";"0";"2";"2";"17";"1";""
"202200007290";"801 001";"B01";"0";"7";"0";"2";"3";"2";"1";""
"202200007291";"800 996";"A01";"3";"10";"0";"2";"2";"15";"1";""
"202200007291";"801 000";"B01";"3";"32";"0";"2";"3";"3";"1";""
"202200007292";"800 994";"A01";"2";"7";"0";"2";"3";"13";"1";""
"202200007292";"800 997";"B01";"1";"7";"3";"2";"1";"1";"1";""
"202200007293";"800 995";"B01";"1";"7";"0";"2";"3";"1";"1";""
"202200007293";"800 998";"A01";"2";"7";"0";"2";"2";"15";"1";""
"202200007294";"800 992";"A01";"1";"33";"13";"0";"8";"0";"1";""
"202200007295";"800 990";"A01";"0";"7";"0";"1";"1";"21";"1";""
"202200007296";"800 987";"A01";"1";"7";"2";"2";"7";"3";"1";""
"202200007296";"800 991";"B01";"1";"7";"2";"2";"3";"1";"1";""
"202200007297";"800 988";"B01";"1";"7";"0";"2";"3";"1";"1";""
"202200007297";"800 993";"A01";"3";"1";"0";"2";"3";"25";"5";""
"202200007298";"800 985";"A01";"0";"30";"0";"0";"0";"26";"0";""
"202200007299";"800 986";"A01";"2";"7";"0";"2";"1";"1";"1";""
"202200007299";"800 989";"B01";"1";"7";"0";"2";"3";"1";"1";""
"202200007300";"800 983";"A01";"1";"7";"8";"0";"2";"1";"1";""
"202200007301";"800 981";"A01";"2";"7";"0";"2";"1";"15";"0";""
"202200007301";"800 984";"B01";"1";"7";"0";"2";"4";"1";"1";""
"202200007302";"800 979";"A01";"1";"10";"0";"1";"1";"1";"1";""
"202200007303";"800 980";"B01";"3";"7";"0";"2";"8";"15";"1";""
"202200007303";"800 982";"A01";"3";"30";"14";"2";"7";"17";"1";""
"202200007304";"800 976";"A01";"1";"2";"6";"0";"3";"1";"1";""
"202200007305";"800 975";"B01";"1";"7";"0";"2";"3";"1";"1";""
"202200007305";"800 977";"A01";"2";"7";"0";"2";"3";"13";"1";""
"202200007306";"800 974";"B01";"0";"7";"0";"2";"1";"1";"1";""
"202200007306";"800 978";"A01";"0";"7";"0";"2";"7";"1";"2";""
"202200007307";"800 973";"A01";"3";"7";"6";"0";"0";"15";"1";""
"202200007308";"800 972";"A01";"1";"7";"0";"1";"2";"1";"1";""
"202200007309";"800 970";"A01";"2";"7";"8";"0";"1";"1";"1";""
"202200007310";"800 969";"A01";"2";"31";"0";"0";"0";"1";"1";""
"202200007311";"800 967";"A01";"1";"7";"0";"2";"1";"2";"1";""
"202200007311";"800 971";"B01";"1";"2";"0";"2";"4";"1";"1";""
"202200007312";"800 966";"B01";"1";"21";"0";"2";"4";"2";"1";""
"202200007312";"800 968";"A01";"1";"33";"0";"2";"1";"12";"1";""
"202200007313";"800 963";"A01";"2";"10";"0";"2";"1";"15";"1";""
"202200007313";"800 965";"B01";"1";"7";"0";"2";"1";"1";"2";""
"202200007314";"800 962";"A01";"2";"33";"13";"0";"1";"13";"1";""
"202200007315";"800 957";"A01";"2";"7";"9";"2";"1";"9";"1";""
"202200007315";"800 960";"B01";"3";"7";"0";"2";"1";"15";"1";""
"202200007315";"800 961";"C01";"3";"7";"0";"2";"3";"9";"1";""
"202200007316";"800 958";"A01";"2";"7";"8";"0";"1";"1";"1";""
"202200007317";"800 955";"A01";"1";"33";"0";"0";"0";"1";"1";""
"202200007318";"800 954";"C01";"1";"7";"0";"2";"1";"1";"1";""
"202200007318";"800 956";"B01";"1";"7";"0";"2";"6";"1";"1";""
"202200007318";"800 964";"A01";"1";"7";"0";"2";"4";"1";"1";""
"202200007319";"800 949";"A01";"2";"7";"0";"2";"1";"19";"1";""
"202200007319";"800 953";"B01";"1";"7";"0";"2";"7";"1";"1";""
"202200007320";"800 951";"B01";"2";"33";"0";"2";"4";"1";"1";""
"202200007320";"800 952";"A01";"2";"17";"0";"2";"2";"1";"1";""
"202200007321";"800 947";"A01";"1";"7";"0";"2";"4";"2";"1";""
"202200007321";"800 950";"B01";"1";"7";"0";"2";"1";"2";"1";""
"202200007322";"800 946";"A01";"1";"7";"0";"2";"3";"6";"1";""
"202200007322";"800 948";"B01";"2";"7";"0";"2";"3";"1";"1";""
"202200007323";"800 943";"A01";"2";"7";"0";"0";"2";"0";"1";""
"202200007324";"800 942";"A01";"0";"7";"8";"0";"7";"0";"1";""
"202200007325";"800 941";"B01";"1";"7";"0";"2";"1";"2";"1";""
"202200007325";"800 944";"A01";"1";"7";"0";"2";"4";"2";"1";""
"202200007326";"800 940";"A01";"2";"7";"0";"2";"1";"15";"1";""
"202200007326";"800 945";"B01";"2";"1";"0";"2";"7";"1";"5";""
"202200007327";"800 939";"A01";"3";"7";"13";"0";"1";"2";"1";""
"202200007328";"800 935";"B01";"2";"43";"0";"2";"8";"1";"1";""
"202200007328";"800 937";"A01";"2";"7";"0";"2";"7";"12";"1";""
"202200007329";"800 936";"A01";"3";"33";"0";"2";"1";"15";"1";""
"202200007329";"800 938";"B01";"3";"7";"0";"2";"1";"5";"1";""
"202200007330";"800 933";"A01";"1";"7";"1";"0";"1";"14";"1";""
"202200007331";"800 932";"A01";"0";"7";"0";"2";"7";"15";"1";""
"202200007331";"800 934";"B01";"3";"7";"0";"2";"1";"1";"1";""
"202200007332";"800 930";"A01";"1";"33";"13";"0";"1";"1";"1";""
"202200007333";"800 929";"A01";"0";"7";"8";"0";"2";"0";"1";""
"202200007334";"800 928";"A01";"1";"7";"0";"2";"1";"1";"1";""
"202200007334";"800 931";"B01";"1";"7";"0";"2";"4";"1";"1";""
"202200007335";"800 926";"B01";"0";"7";"0";"2";"3";"1";"1";""