"Num_Acc";"id_vehicule";"num_veh";"senc";"catv";"obs";"obsm";"choc";"manv";"motor";"occutc"
"202200007335";"800 927";"A01";"0";"33";"0";"2";"1";"9";"1";""
"202200007336";"800 923";"A01";"2";"7";"13";"0";"1";"15";"1";""
"202200007337";"800 922";"A01";"2";"7";"2";"0";"8";"1";"1";""
"202200007338";"800 921";"B01";"1";"7";"0";"2";"1";"1";"1";""
"202200007338";"800 925";"A01";"2";"7";"0";"2";"3";"9";"1";""
"202200007339";"800 920";"B01";"2";"7";"0";"2";"1";"2";"1";""
"202200007339";"800 924";"A01";"2";"7";"0";"2";"4";"1";"1";""
"202200007340";"800 919";"A01";"2";"7";"14";"0";"3";"1";"1";""
"202200007341";"800 917";"A01";"3";"7";"1";"0";"2";"1";"1";""
"202200007342";"800 911";"A01";"1";"34";"0";"0";"8";"1";"1";""
"202200007343";"800 910";"A01";"1";"15";"0";"2";"8";"11";"1";""
"202200007343";"800 914";"B01";"1";"7";"0";"2";"7";"2";"1";""
"202200007344";"800 909";"A01";"2";"10";"0";"2";"6";"2";"1";""
"202200007344";"800 913";"B01";"2";"33";"0";"2";"1";"2";"1";""
"202200007344";"800 915";"T01";"2";"14";"0";"0";"0";"0";"1";""
"202200007345";"800 908";"B01";"2";"7";"0";"2";"8";"15";"1";""
"202200007345";"800 912";"A01";"2";"30";"0";"2";"1";"17";"1";""
"202200007346";"800 906";"B01";"1";"33";"0";"2";"7";"1";"1";""
"202200007346";"800 907";"A01";"1";"7";"0";"2";"2";"1";"1";""
"202200007347";"800 903";"A01";"1";"33";"0";"0";"3";"13";"1";""
"202200007348";"800 904";"A01";"2";"7";"4";"0";"3";"26";"1";""
"202200007349";"800 902";"B01";"2";"32";"0";"2";"3";"1";"1";""
"202200007349";"800 905";"A01";"2";"30";"0";"2";"7";"9";"1";""
"202200007350";"800 900";"A01";"1";"7";"3";"2";"9";"13";"1";""
"202200007350";"800 901";"B01";"1";"7";"0";"2";"2";"21";"1";""
"202200007351";"800 896";"A01";"1";"17";"1";"0";"2";"14";"1";""
"202200007351";"800 898";"B01";"1";"10";"3";"0";"6";"0";"1";""
"202200007352";"800 895";"A01";"1";"10";"15";"2";"1";"1";"1";""
"202200007352";"800 899";"B01";"2";"7";"0";"2";"6";"15";"3";""
"202200007353";"800 894";"A01";"2";"99";"0";"2";"2";"5";"0";""
"202200007353";"800 897";"B01";"1";"33";"0";"2";"0";"13";"1";""
"202200007354";"800 892";"A01";"1";"7";"4";"2";"1";"2";"1";""
"202200007354";"800 893";"B01";"1";"7";"4";"2";"4";"2";"1";""
"202200007355";"800 888";"A01";"1";"31";"0";"0";"0";"0";"1";""
"202200007356";"800 887";"A01";"1";"7";"4";"0";"2";"14";"1";""
"202200007357";"800 885";"B01";"2";"30";"0";"2";"1";"1";"1";""
"202200007357";"800 889";"A01";"2";"7";"0";"2";"3";"26";"1";""
"202200007358";"800 882";"A01";"1";"33";"0";"0";"0";"1";"1";""
"202200007359";"800 879";"A01";"2";"7";"9";"0";"1";"9";"1";""
"202200007360";"800 878";"B01";"1";"7";"0";"2";"4";"1";"1";""
"202200007360";"800 881";"A01";"1";"7";"0";"2";"1";"2";"1";""
"202200007361";"800 875";"A01";"2";"7";"0";"2";"8";"11";"1";""
"202200007361";"800 876";"B01";"2";"31";"0";"2";"7";"3";"1";""
"202200007362";"800 871";"B01";"1";"7";"0";"2";"2";"2";"1";""
"202200007362";"800 874";"A01";"1";"7";"0";"2";"1";"9";"1";""
"202200007363";"800 869";"A01";"1";"7";"0";"5";"2";"1";"1";""
"202200007364";"800 870";"B01";"2";"1";"0";"2";"2";"26";"5";""
"202200007364";"800 873";"A01";"1";"7";"0";"9";"3";"9";"1";""
"202200007365";"800 868";"A01";"1";"7";"0";"2";"1";"2";"1";""
"202200007365";"800 872";"B01";"1";"7";"0";"2";"4";"2";"1";""
"202200007366";"800 864";"A01";"1";"7";"8";"0";"1";"15";"1";""
"202200007367";"800 863";"B01";"2";"7";"0";"0";"2";"17";"1";""
"202200007367";"800 866";"A01";"2";"7";"4";"2";"6";"2";"1";""
"202200007368";"800 862";"B01";"3";"7";"0";"2";"3";"1";"1";""
"202200007368";"800 867";"A01";"3";"60";"0";"2";"7";"26";"5";""
"202200007369";"800 861";"B01";"1";"7";"0";"2";"4";"2";"1";""
"202200007369";"800 865";"A01";"1";"7";"0";"2";"1";"2";"1";""
"202200007370";"800 858";"B01";"2";"17";"0";"2";"8";"1";"1";""
"202200007370";"800 860";"A01";"2";"31";"0";"2";"1";"11";"1";""
"202200007371";"800 855";"B01";"1";"33";"0";"2";"1";"1";"1";""
"202200007371";"800 857";"A01";"1";"10";"0";"2";"7";"15";"1";""
"202200007372";"800 856";"B01";"2";"1";"0";"2";"1";"1";"5";""
"202200007372";"800 859";"A01";"1";"7";"0";"9";"3";"15";"1";""
"202200007373";"800 853";"B01";"1";"7";"0";"2";"4";"2";"1";""
"202200007373";"800 854";"A01";"1";"7";"0";"2";"1";"2";"1";""
"202200007374";"800 851";"A01";"1";"34";"0";"0";"0";"3";"1";""
"202200007375";"800 847";"A01";"2";"7";"0";"2";"1";"1";"1";""
"202200007375";"800 852";"B01";"2";"10";"0";"2";"5";"2";"1";""
"202200007376";"800 846";"B01";"2";"33";"0";"2";"2";"1";"1";""
"202200007376";"800 849";"A01";"2";"7";"0";"2";"6";"11";"1";""
"202200007377";"800 840";"A01";"3";"1";"0";"9";"3";"1";"5";""
"202200007377";"800 844";"B01";"3";"1";"0";"9";"1";"0";"5";""
"202200007378";"800 842";"B01";"2";"15";"0";"2";"5";"1";"1";""
"202200007378";"800 845";"A01";"2";"31";"0";"2";"3";"9";"1";""
"202200007379";"800 838";"A01";"1";"10";"0";"2";"1";"1";"1";""
"202200007379";"800 841";"B01";"1";"10";"0";"2";"4";"2";"1";""
"202200007379";"800 843";"C01";"1";"10";"0";"2";"4";"2";"1";""
"202200007380";"800 837";"B01";"1";"17";"0";"0";"1";"0";"1";""
"202200007380";"800 839";"A01";"1";"7";"0";"0";"9";"9";"1";""
"202200007381";"800 835";"A01";"2";"7";"0";"0";"0";"1";"1";""
"202200007382";"800 834";"A01";"2";"10";"3";"0";"3";"1";"1";""
"202200007383";"800 827";"B01";"3";"7";"0";"2";"8";"26";"1";""
"202200007383";"800 830";"A01";"1";"7";"0";"2";"1";"1";"1";""
"202200007384";"800 828";"B01";"2";"33";"0";"2";"1";"18";"1";""
"202200007384";"800 832";"A01";"2";"7";"0";"2";"4";"12";"2";""
"202200007385";"800 825";"A01";"2";"7";"0";"2";"1";"1";"1";""
"202200007385";"800 829";"B01";"2";"7";"0";"2";"4";"1";"1";""
"202200007385";"800 831";"C01";"2";"7";"0";"2";"4";"23";"1";""
"202200007385";"800 833";"D01";"2";"7";"0";"2";"4";"23";"1";""
"202200007385";"800 836";"E01";"2";"7";"0";"2";"4";"23";"2";""
"202200007386";"800 823";"B01";"1";"10";"0";"2";"8";"23";"1";""
"202200007386";"800 826";"A01";"1";"33";"14";"0";"7";"26";"1";""
"202200007387";"800 820";"A01";"2";"7";"2";"0";"1";"0";"1";""
"202200007388";"800 819";"A01";"2";"7";"0";"2";"8";"11";"1";""
"202200007388";"800 822";"B01";"2";"33";"0";"2";"1";"3";"1";""
"202200007388";"800 824";"C01";"2";"7";"0";"2";"5";"1";"0";""
"202200007389";"800 817";"A01";"1";"14";"3";"0";"1";"13";"1";""
"202200007390";"800 818";"B01";"2";"7";"0";"2";"2";"1";"2";""
"202200007390";"800 821";"A01";"1";"30";"0";"2";"1";"5";"3";""
"202200007391";"800 814";"B01";"1";"33";"0";"2";"1";"1";"1";""
"202200007391";"800 816";"A01";"2";"10";"0";"0";"5";"10";"1";""
"202200007392";"800 812";"B01";"2";"15";"0";"2";"4";"1";"1";""
"202200007392";"800 815";"A01";"2";"15";"0";"2";"1";"1";"1";""
"202200007393";"800 813";"A01";"1";"7";"15";"0";"2";"19";"1";""
"202200007394";"800 810";"A01";"1";"7";"0";"1";"1";"15";"1";""
"202200007395";"800 808";"A01";"3";"10";"0";"1";"2";"20";"1";""
"202200007396";"800 807";"A01";"1";"38";"0";"2";"3";"15";"1";"1"
"202200007396";"800 811";"B01";"2";"30";"0";"2";"3";"1";"1";""
"202200007397";"800 806";"B01";"2";"31";"0";"2";"1";"3";"1";""
"202200007397";"800 809";"A01";"2";"7";"0";"2";"3";"13";"1";""
"202200007398";"800 800";"B01";"2";"30";"0";"2";"1";"1";"1";""
"202200007398";"800 805";"A01";"1";"7";"0";"2";"3";"1";"1";""
"202200007399";"800 802";"B01";"1";"33";"0";"2";"0";"17";"1";""
"202200007399";"800 804";"A01";"1";"7";"0";"2";"0";"15";"2";""
"202200007400";"800 797";"A01";"1";"7";"0";"2";"2";"26";"1";""
"202200007400";"800 801";"B01";"1";"2";"0";"2";"1";"1";"1";""
"202200007401";"800 796";"D01";"1";"7";"0";"2";"8";"1";"1";""
"202200007401";"800 798";"C01";"1";"7";"0";"2";"8";"1";"2";""
"202200007401";"800 799";"B01";"1";"10";"0";"2";"7";"12";"1";""
"202200007401";"800 803";"A01";"1";"31";"0";"2";"2";"3";"1";""
"202200007402";"800 794";"A01";"1";"7";"0";"2";"8";"13";"1";""
"202200007402";"800 795";"B01";"2";"7";"1";"2";"8";"1";"1";""
"202200007403";"800 793";"A01";"2";"1";"0";"0";"0";"0";"5";""
"202200007404";"800 788";"A01";"2";"7";"14";"0";"1";"0";"1";""
"202200007405";"800 790";"B01";"2";"33";"0";"2";"3";"7";"1";""
"202200007405";"800 792";"A01";"1";"10";"0";"2";"1";"15";"1";""
"202200007406";"800 787";"C01";"1";"7";"0";"2";"4";"2";"1";""
"202200007406";"800 789";"B01";"1";"7";"0";"2";"1";"2";"1";""
"202200007406";"800 791";"A01";"1";"7";"0";"2";"1";"1";"1";""
"202200007407";"800 784";"Z01";"0";"7";"0";"1";"0";"1";"0";""
"202200007408";"800 785";"B01";"1";"7";"0";"2";"1";"2";"1";""
"202200007408";"800 786";"A01";"1";"7";"0";"2";"4";"2";"1";""
"202200007409";"800 783";"A01";"2";"7";"0";"1";"1";"15";"1";""
"202200007410";"800 782";"A01";"2";"33";"0";"0";"3";"3";"1";""
"202200007411";"800 780";"A01";"1";"7";"3";"0";"2";"2";"1";""
"202200007412";"800 775";"A01";"2";"7";"0";"1";"1";"2";"1";""
"202200007412";"800 779";"B01";"2";"7";"0";"2";"4";"23";"1";""
"202200007413";"800 774";"B01";"1";"33";"0";"2";"4";"23";"1";""
"202200007413";"800 777";"A01";"1";"30";"0";"2";"1";"2";"1";""
"202200007414";"800 771";"A01";"2";"7";"0";"2";"6";"13";"1";""
"202200007414";"800 772";"B01";"2";"33";"0";"2";"7";"1";"1";""
"202200007414";"800 776";"C01";"2";"33";"0";"2";"0";"0";"1";""
"202200007414";"800 778";"D01";"2";"33";"0";"2";"0";"0";"1";""
"202200007414";"800 781";"E01";"2";"33";"0";"2";"0";"1";"1";""
"202200007415";"800 769";"A01";"2";"10";"0";"2";"1";"11";"1";""
"202200007415";"800 773";"B01";"2";"17";"0";"2";"1";"1";"1";""
"202200007416";"800 768";"B01";"3";"30";"0";"2";"0";"0";"1";""
"202200007416";"800 770";"A01";"3";"7";"0";"2";"0";"0";"1";""
"202200007417";"800 766";"B01";"2";"7";"0";"2";"3";"15";"1";""
"202200007417";"800 767";"A01";"2";"30";"1";"2";"7";"5";"1";""
"202200007418";"800 761";"B01";"2";"7";"0";"2";"4";"1";"1";""
"202200007418";"800 764";"A01";"2";"33";"0";"2";"1";"26";"1";""
"202200007419";"800 760";"B01";"1";"33";"0";"2";"1";"1";"1";""
"202200007419";"800 762";"A01";"1";"7";"0";"2";"3";"15";"1";""
"202200007420";"800 759";"A01";"2";"7";"0";"2";"1";"2";"2";""
"202200007420";"800 763";"B01";"2";"7";"0";"2";"4";"2";"1";""
"202200007420";"800 765";"C01";"2";"10";"0";"2";"4";"2";"1";""
"202200007421";"800 755";"B01";"1";"7";"0";"2";"2";"16";"1";""
"202200007421";"800 758";"A01";"1";"32";"0";"2";"8";"18";"1";""
"202200007422";"800 754";"B01";"1";"7";"4";"2";"4";"1";"1";""
"202200007422";"800 757";"A01";"1";"34";"4";"2";"1";"3";"1";""
"202200007423";"800 753";"A01";"2";"33";"3";"0";"2";"14";"1";""
"202200007424";"800 752";"A01";"1";"7";"0";"2";"1";"1";"3";""
"202200007424";"800 756";"B01";"2";"33";"0";"2";"7";"1";"1";""
"202200007425";"800 748";"Z01";"2";"10";"0";"2";"4";"1";"0";""
"202200007425";"800 750";"A01";"2";"33";"0";"2";"1";"11";"1";""
"202200007426";"800 747";"A01";"1";"7";"0";"0";"0";"14";"1";""
"202200007427";"800 749";"A01";"2";"7";"0";"2";"3";"15";"1";""
"202200007427";"800 751";"B01";"2";"31";"0";"2";"2";"17";"1";""
"202200007428";"800 746";"A01";"1";"7";"0";"1";"1";"1";"1";""
"202200007429";"800 744";"A01";"1";"7";"5";"2";"1";"21";"1";""
"202200007430";"800 743";"A01";"1";"7";"4";"0";"1";"19";"1";""
"202200007431";"800 742";"A01";"2";"7";"0";"2";"5";"11";"1";""
"202200007431";"800 745";"B01";"2";"33";"0";"2";"1";"1";"1";""
"202200007432";"800 740";"B01";"1";"14";"0";"2";"4";"23";"1";""
"202200007432";"800 741";"A01";"1";"10";"0";"2";"1";"2";"1";""
"202200007433";"800 737";"A01";"2";"7";"0";"2";"2";"1";"1";""
"202200007433";"800 739";"B01";"2";"7";"0";"2";"6";"1";"1";""
"202200007434";"800 735";"A01";"2";"7";"13";"0";"1";"1";"1";""
"202200007435";"800 734";"A01";"2";"80";"0";"1";"1";"5";"3";""
"202200007436";"800 731";"D01";"1";"7";"0";"2";"4";"1";"2";""
"202200007436";"800 733";"C01";"1";"7";"1";"0";"4";"1";"1";""
"202200007436";"800 736";"B01";"1";"7";"1";"0";"4";"23";"1";""
"202200007436";"800 738";"A01";"1";"10";"1";"0";"1";"1";"1";""
"202200007437";"800 730";"A01";"1";"7";"0";"2";"3";"0";"1";""
"202200007437";"800 732";"B01";"1";"10";"0";"0";"4";"0";"1";""
"202200007438";"800 726";"A01";"1";"7";"0";"2";"1";"1";"2";""
"202200007438";"800 728";"B01";"1";"7";"0";"2";"1";"1";"1";""
"202200007438";"800 729";"C01";"1";"7";"0";"2";"4";"1";"0";""
"202200007439";"800 724";"A01";"3";"7";"13";"0";"1";"1";"2";""
"202200007440";"800 725";"B01";"1";"7";"0";"2";"8";"15";"1";""
"202200007440";"800 727";"A01";"1";"30";"0";"2";"1";"17";"1";""
"202200007441";"800 722";"A01";"2";"33";"0";"2";"7";"21";"1";""
"202200007441";"800 723";"B01";"1";"7";"0";"2";"6";"26";"0";""
"202200007442";"800 721";"A01";"2";"7";"0";"2";"1";"1";"1";""
"202200007443";"800 718";"A01";"3";"32";"0";"2";"3";"26";"1";""
"202200007443";"800 720";"B01";"3";"2";"0";"2";"1";"1";"1";""
"202200007444";"800 717";"A01";"0";"1";"0";"1";"1";"1";"5";""
"202200007445";"800 716";"B01";"2";"7";"0";"2";"3";"1";"1";""
"202200007445";"800 719";"A01";"2";"30";"0";"2";"1";"17";"3";""
"202200007446";"800 709";"A01";"3";"7";"0";"1";"4";"26";"1";""
"202200007447";"800 708";"A01";"2";"10";"0";"2";"1";"1";"1";""
"202200007447";"800 712";"B01";"2";"7";"0";"2";"4";"1";"0";""
"202200007447";"800 714";"C01";"2";"7";"0";"2";"4";"1";"0";""
"202200007447";"800 715";"D01";"2";"7";"0";"2";"4";"1";"0";""
"202200007448";"800 707";"A01";"2";"1";"0";"2";"1";"2";"5";""
"202200007448";"800 710";"B01";"2";"7";"0";"2";"4";"23";"1";""
"202200007449";"800 705";"A01";"1";"7";"2";"0";"8";"0";"1";""
"202200007450";"800 701";"Z01";"1";"7";"0";"2";"8";"14";"1";""
"202200007450";"800 704";"A01";"1";"7";"4";"2";"1";"1";"1";""
"202200007451";"800 700";"A01";"1";"7";"0";"2";"0";"10";"0";""
"202200007451";"800 702";"B01";"1";"7";"0";"2";"1";"1";"1";""
"202200007451";"800 703";"C01";"2";"7";"0";"2";"1";"1";"1";""
"202200007451";"800 706";"D01";"2";"7";"0";"2";"1";"1";"1";""
"202200007452";"800 698";"A01";"1";"7";"0";"1";"1";"1";"1";""
"202200007453";"800 697";"A01";"2";"33";"0";"2";"3";"15";"1";""
"202200007453";"800 699";"B01";"2";"32";"0";"2";"7";"17";"1";""
"202200007454";"800 696";"A01";"1";"7";"4";"0";"3";"13";"1";""
"202200007455";"800 691";"B01";"3";"7";"0";"2";"6";"1";"1";""
"202200007455";"800 695";"A01";"3";"7";"1";"2";"1";"1";"1";""
"202200007456";"800 694";"A01";"3";"7";"0";"1";"2";"15";"1";""
"202200007457";"800 689";"A01";"1";"14";"0";"2";"8";"13";"1";""
"202200007457";"800 692";"B01";"1";"33";"0";"2";"7";"23";"1";""
"202200007458";"800 688";"C01";"1";"10";"0";"2";"3";"1";"1";""
"202200007458";"800 690";"B01";"1";"7";"0";"2";"6";"1";"1";""
"202200007458";"800 693";"A01";"1";"7";"0";"2";"1";"5";"1";""
"202200007459";"800 686";"A01";"3";"7";"0";"1";"1";"1";"1";""
"202200007460";"800 684";"A01";"1";"50";"0";"2";"0";"19";"3";""
"202200007460";"800 687";"B01";"1";"99";"0";"2";"0";"1";"1";""
"202200007461";"800 681";"B01";"3";"30";"0";"2";"1";"1";"1";""
"202200007461";"800 685";"A01";"3";"7";"0";"2";"2";"15";"1";""
"202200007462";"800 680";"A01";"1";"80";"0";"2";"0";"13";"3";""
"202200007462";"800 683";"B01";"2";"1";"0";"2";"0";"1";"5";""
"202200007463";"800 679";"A01";"1";"33";"14";"0";"7";"1";"1";""
"202200007464";"800 678";"B01";"2";"7";"0";"2";"3";"1";"0";""
"202200007464";"800 682";"A01";"1";"7";"0";"2";"1";"13";"0";""
"202200007465";"800 676";"A01";"1";"7";"0";"1";"1";"26";"1";""
"202200007466";"800 675";"A01";"2";"30";"0";"2";"3";"26";"1";""
"202200007466";"800 677";"B01";"2";"30";"0";"2";"5";"1";"1";""
"202200007467";"800 672";"B01";"3";"2";"0";"2";"7";"21";"1";""
"202200007467";"800 674";"A01";"3";"7";"0";"0";"5";"15";"1";""
"202200007468";"800 670";"Z01";"2";"7";"0";"2";"0";"0";"0";""
"202200007468";"800 673";"B01";"1";"33";"0";"2";"6";"1";"1";""
"202200007469";"800 668";"B01";"2";"1";"0";"2";"0";"1";"5";""
"202200007469";"800 671";"A01";"1";"7";"0";"2";"3";"15";"1";""
"202200007470";"800 666";"A01";"1";"7";"13";"0";"2";"1";"1";""
"202200007471";"800 667";"A01";"1";"7";"0";"2";"4";"23";"1";""
"202200007471";"800 669";"B01";"1";"10";"0";"2";"1";"2";"1";""
"202200007472";"800 665";"A01";"1";"7";"0";"1";"2";"26";"1";""
"202200007473";"800 664";"A01";"1";"30";"3";"0";"1";"13";"1";""
"202200007474";"800 662";"A01";"0";"7";"0";"1";"6";"26";"1";""
"202200007475";"800 659";"B01";"1";"1";"0";"9";"1";"0";"5";""
"202200007475";"800 663";"A01";"2";"7";"0";"9";"1";"5";"0";""
"202200007476";"800 660";"A01";"1";"7";"0";"1";"1";"1";"1";""
"202200007477";"800 657";"A01";"2";"7";"0";"1";"1";"1";"2";""
"202200007478";"800 655";"C01";"2";"7";"0";"2";"4";"23";"1";""
"202200007478";"800 658";"B01";"2";"10";"0";"2";"4";"23";"1";""
"202200007478";"800 661";"A01";"2";"7";"0";"2";"1";"2";"1";""
"202200007479";"800 653";"A01";"1";"7";"0";"2";"7";"15";"1";""
"202200007479";"800 656";"B01";"1";"2";"0";"2";"1";"0";"1";""
"202200007480";"800 651";"A01";"1";"7";"0";"2";"3";"9";"1";""
"202200007480";"800 654";"B01";"1";"7";"4";"0";"0";"0";"1";""
"202200007481";"800 650";"A01";"1";"10";"0";"1";"4";"20";"1";""
"202200007482";"800 648";"A01";"0";"33";"0";"2";"5";"2";"1";""
"202200007483";"800 646";"A01";"3";"1";"9";"0";"0";"26";"5";""
"202200007484";"800 647";"B01";"2";"7";"0";"2";"1";"1";"1";""
"202200007484";"800 649";"A01";"3";"7";"0";"2";"1";"17";"1";""
"202200007485";"800 645";"A01";"1";"7";"0";"1";"1";"2";"1";""
"202200007486";"800 641";"A01";"3";"31";"0";"2";"1";"6";"0";""
"202200007486";"800 642";"B01";"1";"3";"0";"2";"1";"1";"0";""
"202200007487";"800 640";"A01";"2";"7";"0";"2";"1";"26";"1";""
"202200007487";"800 643";"B01";"1";"60";"0";"2";" -1";"19";"5";""
"202200007488";"800 637";"B01";"1";"7";"0";"2";"4";"0";"1";""
"202200007488";"800 644";"A01";"1";"10";"0";"2";"1";"9";"1";""
"202200007489";"800 638";"B01";"1";"10";"0";"0";"8";"15";"1";""
"202200007489";"800 639";"A01";"1";"34";"0";"2";"2";"3";"1";""
"202200007490";"800 635";"A01";"1";"7";"0";"1";"2";"17";"1";""
"202200007491";"800 633";"A01";"1";"7";"0";"2";"2";"16";"3";""
"202200007491";"800 636";"B01";"2";"1";"0";"2";"6";"1";"5";""
"202200007492";"800 631";"A01";"3";"15";"0";"0";"8";"2";"1";""
"202200007492";"800 634";"B01";"3";"33";"0";"2";"2";"17";"1";""
"202200007493";"800 630";"A01";"2";"33";"0";"2";"2";"1";"1";""
"202200007493";"800 632";"B01";"2";"1";"14";"2";"0";"1";"5";""
"202200007494";"800 629";"A01";"2";"7";"0";"1";"1";"1";"1";""
"202200007495";"800 626";"B01";"1";"2";"0";"2";"1";"1";"1";""
"202200007495";"800 628";"A01";"1";"7";"0";"2";"1";"9";"1";""
"202200007496";"800 624";"B01";"1";"1";"0";"2";"1";"1";"5";""
"202200007496";"800 627";"A01";"2";"7";"0";"2";"1";"11";"1";""
"202200007497";"800 621";"B01";"1";"1";"1";"0";"3";"7";"5";""
"202200007497";"800 625";"A01";"1";"7";"0";"2";"3";"22";"1";""
"202200007498";"800 622";"B01";"2";"31";"0";"2";"4";"26";"1";""
"202200007498";"800 623";"A01";"2";"7";"0";"2";"1";"26";"1";""
"202200007499";"800 619";"A01";"1";"33";"13";"0";"9";"1";"1";""
"202200007500";"800 618";"A01";"1";"7";"0";"2";"3";"2";"1";""
"202200007500";"800 620";"B01";"1";"7";"0";"2";"4";"15";"1";""
"202200007501";"800 615";"A01";"1";"1";"0";"0";"0";"1";"5";""
"202200007502";"800 613";"A01";"3";"30";"0";"2";"1";"1";"1";""
"202200007502";"800 616";"B01";"3";"7";"0";"2";"3";"15";"1";""
"202200007503";"800 611";"B01";"1";"7";"0";"2";"3";"1";"1";""
"202200007503";"800 612";"A01";"2";"7";"0";"2";"1";"1";"1";""
"202200007504";"800 608";"A01";"0";"2";"0";"2";"1";"0";"1";""
"202200007504";"800 610";"B01";"3";"7";"0";"2";"3";"1";"1";""
"202200007505";"800 606";"A01";"2";"32";"0";"0";"0";"1";"1";""
"202200007506";"800 605";"A01";"3";"7";"0";"0";"4";"23";"1";""
"202200007506";"800 609";"B01";"3";"7";"0";"0";"1";"1";"1";""
"202200007507";"800 604";"B01";"1";"7";"0";"2";"1";"26";"1";""
"202200007507";"800 607";"A01";"1";"1";"0";"2";"2";"26";"5";""
"202200007508";"800 601";"B01";"2";"7";"0";"2";"1";"13";"1";""
"202200007508";"800 603";"A01";"1";"7";"0";"2";"1";"1";"1";""
"202200007509";"800 599";"A01";"1";"7";"0";"2";"0";"9";"1";""
"202200007509";"800 602";"B01";"1";"31";"0";"2";"1";"1";"1";""
"202200007510";"800 598";"A01";"1";"7";"0";"1";"3";"1";"1";""
"202200007511";"800 597";"Y01";"1";"0";"0";"2";"8";"0";"0";""
"202200007511";"800 600";"A01";"1";"7";"0";"2";"3";"1";"1";""
"202200007512";"800 595";"A01";"1";"7";"13";"0";"1";"13";"1";""
"202200007513";"800 596";"A01";"0";"7";"15";"0";"1";"0";"1";""
"202200007514";"800 594";"A01";"3";"7";"0";"1";"1";"15";"1";""
"202200007515";"800 591";"A01";"2";"31";"13";"0";"1";"1";"1";""
"202200007516";"800 589";"A01";"2";"50";"16";"0";"9";"1";"3";""
"202200007517";"800 588";"B01";"1";"30";"0";"2";"1";"2";"1";""
"202200007517";"800 590";"A01";"2";"7";"0";"2";"2";"15";"1";""
"202200007518";"800 587";"A01";"3";"3";"15";"0";"0";"15";"1";""
"202200007519";"800 585";"Z01";"3";"7";"0";"1";"1";"0";"1";""
"202200007520";"800 583";"B01";"1";"32";"0";"2";"1";"1";"1";""
"202200007520";"800 586";"A01";"0";"7";"0";"2";"3";"15";"1";""
"202200007521";"800 581";"B01";"2";"7";"0";"2";"7";"1";"1";""
"202200007521";"800 584";"A01";"1";"7";"0";"2";"1";"15";"1";""
"202200007522";"800 580";"A01";"3";"10";"0";"2";"1";"2";"1";""
"202200007522";"800 582";"B01";"3";"7";"0";"2";"4";"2";"1";""
"202200007523";"800 578";"A01";"2";"7";"0";"2";"7";"15";"1";""
"202200007523";"800 579";"B01";"1";"33";"0";"2";"0";"1";"1";""
"202200007524";"800 577";"A01";"3";"7";"13";"0";"2";"1";"1";""
"202200007525";"800 573";"A01";"3";"7";"0";"1";"3";"20";"1";""
"202200007526";"800 574";"A01";"1";"7";"0";"2";"5";"15";"1";""
"202200007526";"800 576";"B01";"1";"2";"0";"2";"3";"17";"0";""
"202200007527";"800 571";"A01";"2";"34";"8";"0";"1";"0";"1";""
"202200007528";"800 572";"A01";"3";"7";"0";"9";"3";"26";"1";""
"202200007528";"800 575";"B01";"3";"1";"0";"2";"1";"1";"5";""
"202200007529";"800 565";"B01";"0";"7";"0";"2";"4";"1";"1";""
"202200007529";"800 569";"A01";"0";"7";"0";"2";"1";"1";"1";""
"202200007530";"800 562";"C01";"2";"7";"0";"0";"5";"1";"1";""
"202200007530";"800 564";"B01";"2";"7";"0";"2";"3";"21";"1";""
"202200007530";"800 567";"A01";"2";"7";"3";"0";"2";"0";"1";""
"202200007531";"800 563";"B01";"2";"7";"0";"2";"2";"19";"3";""
"202200007531";"800 566";"A01";"2";"33";"0";"2";"8";"2";"1";""
"202200007532";"800 558";"C01";"3";"7";"0";"2";"3";"2";"1";""
"202200007532";"800 559";"A01";"2";"7";"0";"2";"3";"13";"1";""
"202200007532";"800 561";"B01";"1";"7";"0";"2";"3";"1";"1";""
"202200007533";"800 555";"B01";"0";"7";"0";"2";"4";"1";"1";""
"202200007533";"800 560";"A01";"0";"7";"0";"2";"1";"1";"1";""
"202200007534";"800 554";"B01";"2";"33";"0";"2";"1";"1";"1";""
"202200007534";"800 557";"A01";"1";"7";"0";"2";"5";"15";"1";""
"202200007535";"800 553";"B01";"2";"1";"0";"2";"8";"26";"5";""
"202200007535";"800 556";"A01";"1";"7";"0";"2";"1";"15";"1";""
"202200007536";"800 552";"A01";"1";"7";"1";"0";"1";"2";"1";""
"202200007537";"800 549";"A01";"0";"7";"0";"2";"2";"16";"1";""
"202200007537";"800 551";"Y01";"0";"1";"0";"2";"1";"1";"5";""
"202200007538";"800 548";"A01";"1";"7";"0";"1";"3";"1";"1";""
"202200007539";"800 547";"A01";"2";"33";"0";"2";"1";"1";"0";""
"202200007539";"800 550";"B01";"2";"7";"0";"2";"3";"15";"1";""
"202200007540";"800 544";"A01";"1";"7";"0";"2";"3";"15";"1";""
"202200007540";"800 545";"B01";"1";"32";"0";"2";"7";"17";"1";""
"202200007541";"800 542";"B01";"0";"10";"0";"2";"7";"1";"1";""
"202200007541";"800 546";"A01";"3";"7";"0";"2";"1";"1";"1";""
"202200007542";"800 541";"A01";"1";"7";"0";"9";"1";"26";"1";""
"202200007542";"800 543";"B01";"1";"1";"0";"2";"4";"0";"5";""