"Num_Acc";"id_vehicule";"num_veh";"senc";"catv";"obs";"obsm";"choc";"manv";"motor";"occutc"
"202200007763";"800 156";"A01";"2";"7";"0";"2";"2";"13";"1";""
"202200007763";"800 157";"B01";"1";"7";"0";"2";"5";"13";"1";""
"202200007764";"800 153";"A01";"2";"7";"6";"0";"2";"0";"1";""
"202200007765";"800 152";"A01";"2";"7";"0";"2";"4";"1";"1";""
"202200007765";"800 154";"B01";"2";"7";"0";"2";"4";"2";"1";""
"202200007765";"800 155";"C01";"2";"10";"0";"0";"0";"0";"1";""
"202200007766";"800 150";"B01";"2";"17";"0";"0";"6";"2";"1";""
"202200007766";"800 151";"A01";"2";"7";"0";"2";"2";"1";"1";""
"202200007767";"800 147";"A01";"1";"7";"2";"0";"1";"13";"1";""
"202200007768";"800 148";"A01";"2";"7";"0";"2";"4";"1";"1";""
"202200007768";"800 149";"B01";"2";"7";"0";"2";"1";"2";"1";""
"202200007769";"800 145";"B01";"2";"2";"0";"2";"4";"1";"1";""
"202200007769";"800 146";"A01";"2";"7";"0";"2";"1";"1";"1";""
"202200007770";"800 142";"A01";"2";"7";"0";"0";"5";"16";"1";""
"202200007770";"800 143";"B01";"2";"7";"0";"2";"1";"1";"0";""
"202200007771";"800 141";"B01";"1";"7";"0";"2";"4";"2";"1";""
"202200007771";"800 144";"A01";"1";"10";"0";"2";"1";"2";"1";""
"202200007772";"800 139";"B01";"3";"0";"0";"0";"8";"18";"0";""
"202200007772";"800 140";"A01";"3";"7";"0";"2";"2";"16";"1";""
"202200007773";"800 136";"A01";"1";"7";"0";"2";"8";"11";"1";""
"202200007773";"800 138";"B01";"1";"33";"0";"2";"1";"3";"1";""
"202200007774";"800 134";"B01";"3";"1";"0";"2";"1";"1";"5";""
"202200007774";"800 135";"A01";"1";"7";"0";"9";"2";"15";"1";""
"202200007775";"800 131";"B01";"2";"7";"0";"0";"4";"2";"1";""
"202200007775";"800 132";"A01";"2";"33";"0";"2";"1";"2";"1";""
"202200007776";"800 130";"A01";"1";"14";"0";"2";"4";"2";"1";""
"202200007776";"800 133";"B01";"1";"10";"0";"2";"4";"2";"1";""
"202200007777";"800 129";"A01";"2";"7";"15";"0";"1";"1";"1";""
"202200007778";"800 125";"A01";"0";"7";"0";"0";"0";"0";"1";""
"202200007778";"800 126";"B01";"0";"32";"0";"0";"8";"0";"1";""
"202200007779";"800 127";"B01";"1";"15";"0";"2";"5";"2";"1";""
"202200007779";"800 128";"A01";"1";"7";"0";"2";"3";"2";"1";""
"202200007780";"800 124";"A01";"2";"2";"12";"0";"7";"1";"1";""
"202200007781";"800 122";"B01";"1";"7";"0";"2";"7";"1";"1";""
"202200007781";"800 123";"A01";"1";"33";"0";"2";"3";"13";"1";""
"202200007782";"800 120";"B01";"1";"33";"0";"2";"1";"1";"1";""
"202200007782";"800 121";"A01";"2";"7";"0";"2";"6";"15";"1";""
"202200007783";"800 118";"A01";"3";"7";"2";"0";"1";"1";"1";""
"202200007784";"800 117";"A01";"1";"15";"0";"2";"2";"0";"1";""
"202200007784";"800 119";"B01";"1";"7";"0";"2";"6";"0";"1";""
"202200007785";"800 116";"A01";"2";"7";"1";"0";"1";"13";"1";""
"202200007786";"800 113";"A01";"1";"33";"0";"2";"2";"17";"1";""
"202200007786";"800 115";"B01";"1";"21";"0";"2";"6";"15";"1";""
"202200007787";"800 112";"A01";"1";"7";"0";"5";"1";"1";"1";""
"202200007788";"800 111";"B01";"1";"7";"0";"2";"4";"2";"2";""
"202200007788";"800 114";"A01";"1";"10";"0";"2";"1";"2";"1";""
"202200007789";"800 110";"A01";"3";"7";"8";"0";"1";"0";"1";""
"202200007790";"800 107";"A01";"2";"33";"0";"2";"1";"13";"1";""
"202200007790";"800 108";"B01";"1";"7";"0";"2";"2";"1";"1";""
"202200007791";"800 103";"A01";"1";"7";"0";"2";"1";"2";"1";""
"202200007791";"800 105";"B01";"1";"7";"0";"2";"4";"2";"1";""
"202200007791";"800 106";"C01";"1";"7";"0";"2";"4";"2";"1";""
"202200007791";"800 109";"D01";"1";"15";"0";"2";"4";"2";"1";""
"202200007792";"800 101";"A01";"1";"7";"0";"2";"7";"15";"1";""
"202200007792";"800 102";"B01";"2";"1";"0";"2";"1";"1";"5";""
"202200007793";"800 097";"B01";"1";"33";"0";"2";"2";"1";"1";""
"202200007793";"800 099";"A01";"1";"7";"0";"2";"6";"11";"1";""
"202200007794";"800 094";"B01";"3";"0";"0";"2";"0";"0";"0";""
"202200007794";"800 096";"A01";"2";"1";"0";"0";"2";"2";"5";""
"202200007795";"800 095";"A01";"1";"33";"0";"2";"1";"3";"1";""
"202200007795";"800 098";"B01";"1";"33";"0";"2";"3";"13";"1";""
"202200007795";"800 100";"C01";"1";"7";"0";"2";"4";"1";"1";""
"202200007796";"800 093";"A01";"3";"33";"13";"0";"8";"1";"1";""
"202200007797";"800 091";"A01";"1";"7";"2";"0";"1";"1";"1";""
"202200007798";"800 088";"B01";"1";"7";"0";"2";"1";"1";"1";""
"202200007798";"800 089";"A01";"2";"7";"0";"2";"1";"15";"1";""
"202200007799";"800 087";"C01";"2";"7";"0";"2";"4";"1";"1";""
"202200007799";"800 090";"B01";"2";"32";"0";"2";"1";"3";"1";""
"202200007799";"800 092";"A01";"2";"7";"0";"2";"3";"1";"1";""
"202200007800";"800 086";"A01";"2";"33";"0";"0";"0";"1";"1";""
"202200007801";"800 084";"A01";"1";"7";"0";"0";"0";"1";"1";""
"202200007802";"800 083";"A01";"3";"33";"13";"0";"9";"1";"1";""
"202200007803";"800 082";"A01";"1";"7";"0";"2";"1";"2";"1";""
"202200007803";"800 085";"B01";"1";"7";"0";"2";"4";"1";"1";""
"202200007804";"800 081";"A01";"1";"33";"0";"0";"0";"1";"1";""
"202200007805";"800 077";"C01";"1";"7";"0";"0";"4";"1";"1";""
"202200007805";"800 079";"B01";"0";"7";"0";"0";"6";"24";"1";""
"202200007805";"800 080";"A01";"1";"7";"1";"2";"1";"1";"1";""
"202200007806";"800 076";"A01";"1";"10";"0";"2";"1";"2";"1";""
"202200007806";"800 078";"B01";"1";"7";"0";"2";"4";"1";"1";""
"202200007807";"800 074";"B01";"0";"1";"0";"2";"1";"26";"5";""
"202200007807";"800 075";"A01";"2";"7";"0";"9";"2";"1";"1";""
"202200007808";"800 071";"A01";"0";"33";"0";"2";"0";"17";"1";""
"202200007808";"800 073";"B01";"0";"7";"0";"2";"6";"1";"1";""
"202200007809";"800 069";"C01";"1";"7";"0";"2";"0";"0";"1";""
"202200007809";"800 070";"A01";"1";"31";"0";"2";"1";"1";"1";""
"202200007809";"800 072";"B01";"1";"7";"0";"2";"0";"0";"1";""
"202200007810";"800 067";"B01";"2";"30";"0";"2";"1";"1";"1";""
"202200007810";"800 068";"A01";"1";"7";"0";"2";"2";"15";"2";""
"202200007811";"800 064";"B01";"3";"7";"0";"0";"7";"1";"1";""
"202200007811";"800 065";"A01";"3";"10";"0";"2";"1";"0";"1";""
"202200007812";"800 063";"B01";"1";"10";"1";"0";"1";"1";"1";""
"202200007812";"800 066";"A01";"1";"7";"0";"2";"4";"24";"1";""
"202200007813";"800 061";"A01";"2";"7";"13";"0";"0";"1";"1";""
"202200007814";"800 058";"B01";"3";"1";"0";"2";"1";"26";"5";""
"202200007814";"800 060";"A01";"2";"7";"0";"2";"3";"15";"1";""
"202200007815";"800 056";"A01";"2";"7";"13";"0";"0";"1";"1";""
"202200007816";"800 054";"A01";"2";"2";"13";"0";"0";"1";"1";""
"202200007817";"800 055";"B01";"2";"1";"0";"0";"8";"23";"5";""
"202200007817";"800 057";"B01";"0";"1";"0";"0";"0";"23";"5";""
"202200007817";"800 059";"A01";"1";"7";"0";"0";"1";"1";"1";""
"202200007818";"800 053";"A01";"0";"7";"6";"0";"7";"1";"1";""
"202200007819";"800 050";"A01";"1";"7";"0";"2";"3";"13";"1";""
"202200007819";"800 052";"B01";"2";"7";"0";"2";"3";"1";"1";""
"202200007820";"800 051";"A01";"1";"33";"3";"0";"3";"26";"1";""
"202200007821";"800 049";"A01";"1";"7";"2";"0";"2";"1";"1";""
"202200007822";"800 045";"A01";"1";"7";"0";"2";"1";"2";"1";""
"202200007822";"800 046";"B01";"1";"7";"0";"2";"1";"2";"1";""
"202200007822";"800 047";"C01";"1";"7";"0";"0";"4";"2";"1";""
"202200007823";"800 042";"B01";"1";"7";"0";"2";"3";"1";"1";""
"202200007823";"800 043";"A01";"2";"7";"0";"2";"3";"13";"1";""
"202200007824";"800 044";"A01";"1";"1";"0";"2";"7";"18";"5";""
"202200007824";"800 048";"B01";"1";"37";"0";"2";"7";"1";"1";"1"
"202200007825";"800 039";"A01";"2";"2";"0";"2";"8";"15";"1";""
"202200007825";"800 041";"B01";"1";"7";"0";"2";"3";"15";"0";""
"202200007826";"800 038";"B01";"1";"7";"0";"2";"1";"1";"1";""
"202200007826";"800 040";"A01";"1";"7";"0";"2";"5";"19";"1";""
"202200007827";"800 036";"B01";"0";"7";"0";"2";"7";"1";"1";""
"202200007827";"800 037";"A01";"0";"99";"0";"2";"3";"9";"0";""
"202200007828";"800 034";"B01";"2";"33";"0";"2";"1";"1";"0";""
"202200007828";"800 035";"A01";"2";"7";"0";"2";"2";"10";"0";""
"202200007829";"800 031";"A01";"1";"7";"0";"0";"4";"23";"1";""
"202200007829";"800 032";"B01";"1";"31";"0";"2";"0";"0";"1";""
"202200007829";"800 033";"C01";"1";"7";"0";"2";"1";"2";"1";""
"202200007830";"800 028";"B01";"1";"33";"0";"2";"0";"0";"1";""
"202200007830";"800 030";"A01";"3";"7";"0";"2";"0";"26";"1";""
"202200007831";"800 026";"A01";"2";"7";"0";"1";"3";"1";"1";""
"202200007832";"800 024";"A01";"2";"7";"0";"1";"1";"1";"1";""
"202200007833";"800 025";"A01";"2";"7";"2";"0";"9";"14";"1";""
"202200007834";"800 022";"B01";"1";"2";"0";"2";"1";"1";"1";""
"202200007834";"800 023";"A01";"2";"7";"0";"2";"8";"15";"1";""
"202200007835";"800 021";"A01";"0";"0";"0";"1";"1";"1";"0";""
"202200007836";"800 020";"A01";"1";"7";"14";"1";"1";"1";"1";""
"202200007837";"800 019";"A01";"3";"99";"2";"0";"2";"1";"3";""
"202200007838";"800 017";"A01";"2";"7";"1";"0";"0";"26";"1";""
"202200007838";"800 018";"B01";"2";"30";"1";"0";"8";"1";"1";""
"202200007839";"800 014";"A01";"1";"33";"0";"2";"8";"10";"1";""
"202200007839";"800 016";"B01";"1";"33";"0";"2";"1";"2";"1";""
"202200007840";"800 013";"A01";"1";"7";"0";"2";"3";"9";"1";""
"202200007840";"800 015";"B01";"2";"1";"0";"2";"1";"1";"5";""
"202200007841";"800 012";"A01";"1";"7";"2";"0";"1";"14";"1";""
"202200007842";"800 010";"B01";"2";"99";"0";"2";"1";"1";"3";""
"202200007842";"800 011";"A01";"2";"7";"0";"2";"5";"16";"1";""
"202200007843";"800 009";"A01";"0";"7";"8";"0";"1";"13";"1";""
"202200007844";"800 007";"A01";"1";"31";"0";"2";"1";"17";"1";""
"202200007844";"800 008";"B01";"1";"10";"0";"2";"3";"15";"1";""
"202200007845";"800 005";"B01";"1";"50";"0";"2";"1";"1";"3";""
"202200007845";"800 006";"A01";"2";"7";"0";"2";"1";"19";"1";""
"202200007846";"800 002";"B01";"2";"7";"0";"2";"3";"15";"0";""
"202200007846";"800 003";"A01";"3";"7";"0";"2";"3";"15";"1";""
"202200007847";"800 000";"A01";"2";"10";"0";"2";"3";"2";"1";""
"202200007847";"800 001";"B01";"2";"7";"0";"2";"4";"15";"1";""
"202200007848";"799 999";"A01";"3";"50";"0";"1";"1";"1";"3";""
"202200007849";"799 997";"B01";"1";"7";"3";"2";"3";"2";"1";""
"202200007849";"799 998";"A01";"1";"7";"0";"2";"5";"2";"1";""
"202200007850";"799 995";"B01";"1";"31";"0";"2";"8";"21";"1";""
"202200007850";"799 996";"A01";"1";"33";"0";"2";"7";"21";"1";""
"202200007851";"799 994";"A01";"0";"30";"0";"1";"4";"21";"1";""
"202200007852";"799 993";"A01";"2";"30";"12";"0";"1";"14";"1";""
"202200007853";"799 992";"Z01";"1";"7";"0";"1";"0";"0";"0";""
"202200007854";"799 991";"A01";"2";"30";"12";"0";"1";"0";"1";""
"202200007855";"799 989";"A01";"2";"33";"0";"2";"1";"17";"1";""
"202200007855";"799 990";"B01";"3";"30";"0";"2";"3";"15";"1";""
"202200007856";"799 987";"B01";"1";"10";"0";"2";"3";"1";"1";""
"202200007856";"799 988";"A01";"2";"33";"0";"2";"3";"1";"1";""
"202200007857";"799 985";"A01";"2";"1";"0";"9";"1";"17";"5";""
"202200007857";"799 986";"B01";"3";"50";"0";"2";"1";"1";"3";""
"202200007858";"799 983";"A01";"3";"7";"0";"2";"5";"4";"1";""
"202200007858";"799 984";"B01";"3";"1";"0";"2";"1";"1";"5";""
"202200007859";"799 981";"B01";"1";"7";"0";"2";"1";"16";"1";""
"202200007859";"799 982";"A01";"2";"2";"0";"2";"1";"1";"1";""
"202200007860";"799 979";"B01";"3";"50";"0";"2";"7";"19";"3";""
"202200007860";"799 980";"A01";"1";"14";"0";"2";"1";"1";"1";""
"202200007861";"799 977";"B01";"2";"10";"0";"2";"6";"1";"1";""
"202200007861";"799 978";"A01";"2";"7";"0";"2";"2";"12";"1";""
"202200007862";"799 976";"A01";"1";"32";"0";"1";"1";"18";"1";""
"202200007863";"799 975";"A01";"1";"7";"10";"0";"1";"19";"1";""
"202200007864";"799 973";"B01";"1";"7";"0";"2";"3";"9";"1";""
"202200007864";"799 974";"A01";"1";"37";"0";"2";"2";"6";"1";"5"
"202200007865";"799 971";"B01";"1";"31";"0";"2";"8";"18";"1";""
"202200007865";"799 972";"A01";"1";"7";"0";"2";"7";"14";"1";""
"202200007866";"799 969";"A01";"1";"31";"0";"2";"1";"3";"1";""
"202200007866";"799 970";"B01";"1";"7";"0";"0";"6";"11";"1";""
"202200007867";"799 967";"A01";"1";"7";"0";"2";"1";"1";"1";""
"202200007867";"799 968";"B01";"1";"2";"0";"2";"4";"1";"1";""
"202200007868";"799 965";"B01";"2";"2";"0";"2";"1";"1";"1";""
"202200007868";"799 966";"A01";"3";"7";"0";"2";"6";"15";"2";""
"202200007869";"799 963";"A01";"1";"7";"0";"2";"7";"15";"1";""
"202200007869";"799 964";"B01";"2";"31";"0";"2";"1";"1";"1";""
"202200007870";"799 961";"B01";"1";"7";"0";"2";"4";"1";"2";""
"202200007870";"799 962";"A01";"1";"7";"0";"2";"1";"1";"2";""
"202200007871";"799 959";"A01";"1";"7";"0";"9";"3";"9";"1";""
"202200007871";"799 960";"B01";"1";"1";"0";"2";"1";"26";"5";""
"202200007872";"799 957";"B01";"3";"7";"0";"2";"4";"2";"1";""
"202200007872";"799 958";"A01";"3";"7";"0";"2";"1";"2";"1";""
"202200007873";"799 954";"A01";"3";"10";"0";"2";"4";"2";"1";""
"202200007873";"799 955";"B01";"3";"2";"0";"2";"1";"3";"1";""
"202200007873";"799 956";"C01";"3";"15";"0";"2";"4";"1";"1";""
"202200007874";"799 952";"B01";"1";"30";"0";"2";"1";"1";"1";""
"202200007874";"799 953";"Z01";"2";"7";"0";"2";"3";"19";"0";""
"202200007875";"799 951";"A01";"0";"10";"0";"1";"3";"1";"3";""
"202200007876";"799 950";"A01";"0";"7";"0";"1";"1";"0";"1";""
"202200007877";"799 948";"B01";"1";"7";"0";"9";"2";"23";"1";""
"202200007877";"799 949";"A01";"0";"1";"0";"2";"1";"25";"5";""
"202200007878";"799 946";"B01";"1";"7";"0";"2";"1";"1";"1";""
"202200007878";"799 947";"A01";"2";"10";"0";"2";"1";"19";"1";""
"202200007879";"799 945";"A01";"3";"7";"16";"0";"1";"1";"1";""
"202200007880";"799 943";"B01";"1";"1";"0";"2";"7";"2";"5";""
"202200007880";"799 944";"A01";"1";"7";"0";"9";"1";"2";"1";""
"202200007881";"799 942";"A01";"3";"7";"0";"1";"2";"1";"1";""
"202200007882";"799 940";"B01";"1";"1";"0";"0";"4";"1";"5";""
"202200007882";"799 941";"A01";"1";"10";"0";"2";"2";"2";"1";""
"202200007883";"799 938";"B01";"2";"7";"0";"2";"1";"1";"1";""
"202200007883";"799 939";"A01";"1";"1";"0";"2";"0";"0";"5";""
"202200007884";"799 937";"A01";"1";"32";"0";"1";"2";"2";"1";""
"202200007885";"799 936";"A01";"1";"7";"0";"1";"1";"1";"1";""
"202200007886";"799 935";"A01";"1";"7";"6";"0";"1";"26";"1";""
"202200007887";"799 933";"A01";"1";"7";"0";"1";"3";"1";"1";""
"202200007887";"799 934";"C01";"1";"7";"0";"2";"0";"1";"1";""
"202200007888";"799 931";"B01";"2";"7";"0";"2";"8";"15";"1";""
"202200007888";"799 932";"A01";"1";"7";"7";"0";"8";"24";"1";""
"202200007889";"799 929";"B01";"2";"31";"0";"2";"3";"1";"1";""
"202200007889";"799 930";"A01";"1";"7";"0";"2";"1";"15";"1";""
"202200007890";"799 928";"A01";"1";"50";"0";"0";"0";"1";"3";""
"202200007891";"799 926";"A01";"1";"7";"0";"2";"6";"1";"1";""
"202200007891";"799 927";"B01";"1";"33";"0";"2";"6";"1";"1";""
"202200007892";"799 924";"A01";"1";"30";"0";"2";"1";"2";"1";""
"202200007892";"799 925";"B01";"1";"7";"0";"2";"4";"2";"1";""
"202200007893";"799 922";"B01";"3";"1";"0";"2";"1";"9";"5";""
"202200007893";"799 923";"A01";"1";"7";"0";"2";"2";"1";"1";""
"202200007894";"799 920";"A01";"1";"7";"0";"2";"3";"17";"1";""
"202200007894";"799 921";"B01";"2";"38";"0";"2";"3";"1";"0";"1"
"202200007895";"799 917";"A01";"1";"7";"0";"1";"1";"15";"1";""
"202200007896";"799 915";"B01";"3";"80";"0";"2";"7";"15";"3";""
"202200007896";"799 916";"A01";"0";"7";"0";"0";"0";"0";"1";""
"202200007897";"799 913";"B01";"2";"7";"0";"2";"6";"2";"1";""
"202200007897";"799 914";"A01";"2";"33";"0";"2";"1";"2";"1";""
"202200007898";"799 911";"B01";"1";"30";"0";"2";"7";"1";"1";""
"202200007898";"799 912";"A01";"3";"7";"0";"2";"3";"15";"1";""
"202200007899";"799 909";"B01";"2";"1";"0";"2";"4";"1";"5";""
"202200007899";"799 910";"A01";"2";"7";"0";"2";"2";"16";"1";""
"202200007900";"799 908";"A01";"2";"10";"2";"0";"1";"1";"1";""
"202200007901";"799 906";"A01";"0";"30";"0";"2";"1";"1";"1";""
"202200007901";"799 907";"B01";"0";"7";"0";"2";"4";"23";"1";""
"202200007902";"799 904";"A01";"2";"7";"0";"9";"2";"1";"1";""
"202200007902";"799 905";"B01";"3";"50";"0";"2";"1";"19";"3";""
"202200007903";"799 902";"A01";"3";"7";"15";"0";"1";"9";"1";""
"202200007904";"799 899";"A01";"2";"7";"0";"2";"2";"9";"1";""
"202200007904";"799 900";"B01";"2";"50";"0";"2";"7";"1";"3";""
"202200007905";"799 896";"A01";"3";"7";"0";"1";"1";"16";"1";""
"202200007906";"799 895";"A01";"2";"7";"0";"2";"3";"15";"1";""
"202200007906";"799 897";"B01";"1";"33";"15";"2";"1";"1";"1";""
"202200007907";"799 891";"B01";"1";"7";"0";"2";"3";"1";"1";""
"202200007907";"799 894";"A01";"1";"7";"8";"2";"2";"9";"1";""
"202200007908";"799 892";"B01";"3";"1";"0";"2";"4";"2";"5";""
"202200007908";"799 893";"Z01";"3";"7";"0";"2";"1";"2";"0";""
"202200007909";"799 888";"A01";"2";"1";"0";"2";"8";"19";"5";""
"202200007909";"799 890";"B01";"1";"7";"0";"9";"2";"1";"1";""
"202200007910";"799 887";"A01";"3";"7";"0";"2";"3";"9";"1";""
"202200007910";"799 889";"B01";"2";"2";"0";"2";"2";"17";"1";""
"202200007911";"799 884";"B01";"2";"7";"0";"2";"5";"2";"1";""
"202200007911";"799 886";"A01";"2";"30";"0";"2";"1";"9";"1";""
"202200007912";"799 883";"A01";"2";"10";"0";"2";"0";"0";"1";""
"202200007912";"799 885";"B01";"1";"7";"0";"2";"8";"1";"1";""
"202200007913";"799 880";"A01";"3";"7";"14";"0";"3";"13";"1";""
"202200007914";"799 875";"D01";"1";"7";"0";"2";"1";"1";"2";""
"202200007914";"799 876";"C01";"1";"7";"0";"2";"4";"1";"1";""
"202200007914";"799 877";"B01";"1";"7";"0";"2";"1";"1";"1";""
"202200007914";"799 879";"A01";"1";"7";"0";"2";"6";"1";"0";""
"202200007915";"799 874";"B01";"3";"10";"0";"2";"1";"0";"0";""
"202200007915";"799 878";"A01";"3";"7";"0";"2";"1";"26";"1";""
"202200007916";"799 871";"A01";"3";"1";"0";"2";"1";"5";"5";""
"202200007916";"799 873";"B01";"3";"33";"0";"2";"1";"1";"1";""
"202200007917";"799 872";"A01";"2";"50";"0";"0";"1";"1";"3";""
"202200007918";"799 870";"A01";"1";"30";"14";"0";"1";"26";"3";""
"202200007919";"799 868";"A01";"2";"1";"0";"2";"8";"15";"5";""
"202200007919";"799 869";"B01";"2";"7";"0";"2";"2";"1";"1";""
"202200007920";"799 866";"A01";"1";"7";"0";"2";"3";"15";"1";""
"202200007920";"799 867";"B01";"2";"33";"0";"2";"8";"1";"1";""
"202200007921";"799 865";"A01";"3";"7";"0";"1";"1";"1";"1";""
"202200007922";"799 861";"A01";"3";"7";"0";"2";"8";"19";"1";""
"202200007922";"799 863";"B01";"3";"2";"0";"2";"1";"17";"1";""
"202200007923";"799 862";"B01";"2";"7";"0";"2";"3";"21";"1";""
"202200007923";"799 864";"A01";"1";"10";"0";"2";"3";"17";"1";""
"202200007924";"799 857";"A01";"2";"7";"0";"2";"3";"13";"1";""
"202200007924";"799 858";"B01";"1";"10";"3";"2";"3";"1";"1";""
"202200007924";"799 859";"C01";"1";"10";"0";"2";"3";"1";"1";""
"202200007925";"799 856";"A01";"3";"7";"0";"2";"4";"1";"0";""
"202200007925";"799 860";"B01";"3";"7";"0";"2";"1";"1";"0";""
"202200007926";"799 853";"B01";"2";"31";"0";"2";"1";"1";"1";""
"202200007926";"799 855";"A01";"2";"7";"0";"2";"5";"19";"1";""
"202200007927";"799 852";"A01";"3";"3";"0";"0";"3";"0";"1";""
"202200007927";"799 854";"B01";"3";"7";"0";"0";"6";"0";"1";""
"202200007928";"799 850";"A01";"1";"7";"0";"9";"0";"15";"1";""
"202200007928";"799 851";"B01";"3";"1";"0";"2";"0";"0";"5";""
"202200007929";"799 847";"A01";"2";"7";"0";"2";"8";"1";"2";""
"202200007929";"799 848";"B01";"1";"7";"0";"2";"8";"0";"1";""
"202200007929";"799 849";"C01";"1";"1";"0";"2";"1";"0";"5";""
"202200007930";"799 846";"A01";"2";"7";"0";"1";"1";"1";"1";""
"202200007931";"799 842";"B01";"2";"30";"0";"2";"8";"1";"1";""
"202200007931";"799 844";"A01";"1";"7";"0";"2";"3";"15";"1";""
"202200007932";"799 841";"A01";"1";"7";"0";"2";"1";"1";"1";""
"202200007932";"799 843";"B01";"1";"7";"0";"2";"4";"23";"1";""
"202200007932";"799 845";"C01";"1";"7";"0";"2";"4";"23";"1";""
"202200007933";"799 839";"A01";"2";"7";"0";"2";"1";"15";"1";""
"202200007933";"799 840";"B01";"1";"34";"0";"2";"1";"1";"1";""
"202200007934";"799 837";"B01";"3";"31";"0";"2";"7";"1";"1";""
"202200007934";"799 838";"A01";"3";"7";"0";"2";"3";"9";"1";""
"202200007935";"799 835";"B01";"1";"7";"0";"2";"1";"1";"1";""
"202200007935";"799 836";"A01";"1";"7";"0";"2";"2";"15";"1";""
"202200007936";"799 833";"B01";"1";"7";"0";"2";"8";"1";"1";""
"202200007936";"799 834";"A01";"2";"21";"0";"2";"1";"19";"1";""
"202200007937";"799 832";"A01";"0";"7";"6";"0";"0";"0";"1";""
"202200007938";"799 831";"A01";"1";"1";"0";"1";"1";"1";"5";""
"202200007939";"799 830";"B01";"0";"31";"0";"2";"0";"0";"1";""
"202200007940";"799 827";"B01";"2";"30";"0";"2";"1";"1";"1";""
"202200007940";"799 829";"A01";"2";"30";"0";"2";"4";"23";"1";""
"202200007941";"799 826";"A01";"2";"33";"0";"2";"1";"17";"1";""
"202200007941";"799 828";"B01";"2";"7";"0";"2";"8";"15";"1";""
"202200007942";"799 822";"A01";"0";"10";"0";"2";"1";"15";"1";""
"202200007942";"799 824";"B01";"0";"1";"0";"2";"8";"15";"5";""
"202200007943";"799 823";"A01";"3";"7";"0";"2";"8";"15";"1";""
"202200007943";"799 825";"B01";"3";"34";"0";"2";"8";"1";"1";""
"202200007944";"799 819";"A01";"1";"7";"0";"1";"1";"1";"1";""
"202200007945";"799 817";"A01";"1";"7";"0";"2";"1";"2";"1";""
"202200007945";"799 818";"B01";"1";"7";"0";"2";"4";"2";"1";""
"202200007945";"799 820";"C01";"1";"7";"0";"2";"4";"2";"2";""
"202200007945";"799 821";"D01";"1";"7";"0";"2";"4";"2";"1";""
"202200007946";"799 816";"A01";"1";"1";"14";"0";"0";"1";"5";""
"202200007947";"799 813";"B01";"2";"34";"0";"2";"4";"2";"1";""
"202200007947";"799 815";"A01";"2";"33";"0";"2";"1";"2";"1";""
"202200007948";"799 812";"A01";"1";"10";"0";"2";"7";"15";"1";""
"202200007948";"799 814";"B01";"2";"32";"0";"2";"1";"1";"1";""
"202200007949";"799 810";"A01";"2";"33";"0";"2";"1";"3";"1";""
"202200007949";"799 811";"B01";"2";"7";"0";"2";"7";"12";"1";""
"202200007950";"799 808";"B01";"1";"7";"0";"2";"5";"23";"1";""
"202200007950";"799 809";"A01";"1";"31";"0";"2";"1";"11";"1";""
"202200007951";"799 807";"A01";"1";"32";"0";"0";"7";"16";"1";""
"202200007952";"799 804";"A01";"1";"7";"0";"2";"1";"2";"1";""
"202200007952";"799 806";"B01";"1";"7";"0";"2";"4";"2";"1";""
"202200007953";"799 805";"A01";"2";"7";"0";"1";"7";"16";"1";""
"202200007954";"799 802";"A01";"2";"7";"0";"2";"3";"9";"1";""
"202200007954";"799 803";"B01";"2";"80";"0";"2";"1";"1";"3";""
"202200007955";"799 801";"A01";"3";"50";"0";"0";"7";"1";"3";""
"202200007956";"799 798";"B01";"3";"32";"0";"2";"1";"1";"1";""
"202200007956";"799 800";"A01";"3";"7";"0";"2";"2";"1";"2";""
"202200007957";"799 797";"A01";"3";"7";"0";"2";"3";"9";"1";""
"202200007957";"799 799";"B01";"3";"7";"0";"2";"2";"1";"1";""
"202200007958";"799 794";"A01";"3";"7";"1";"0";"2";"1";"1";""
"202200007959";"799 795";"Z01";"1";"7";"0";"2";"1";"13";"1";""
"202200007959";"799 796";"A01";"2";"1";"0";"2";"1";"1";"5";""
"202200007960";"799 793";"A01";"1";"7";"6";"0";"3";"13";"1";""
"202200007961";"799 791";"B01";"2";"7";"0";"2";"3";"15";"2";""
"202200007961";"799 792";"A01";"2";"2";"0";"2";"2";"17";"1";""
"202200007962";"799 790";"A01";"3";"7";"0";"0";"9";"1";"1";""
"202200007963";"799 788";"A01";"2";"1";"0";"2";"2";"15";"5";""
"202200007963";"799 789";"Z01";"1";"30";"0";"2";"1";"1";"0";""
"202200007964";"799 786";"B01";"1";"7";"0";"2";"1";"0";"1";""
"202200007964";"799 787";"A01";"2";"7";"0";"2";"2";"0";"1";""
"202200007965";"799 784";"A01";"1";"10";"0";"2";"1";"2";"1";""
"202200007965";"799 785";"B01";"1";"7";"0";"2";"4";"2";"1";""
"202200007966";"799 783";"A01";"2";"7";"8";"0";"8";"0";"1";""
"202200007967";"799 782";"A01";"1";"1";"0";"0";"1";"1";"5";""
"202200007968";"799 779";"A01";"3";"33";"0";"2";"0";"26";"1";""
"202200007968";"799 781";"B01";"3";"7";"0";"2";"1";"26";"1";""
"202200007969";"799 778";"A01";"2";"31";"0";"2";"1";"11";"1";""
"202200007969";"799 780";"B01";"2";"7";"0";"2";"4";"1";"1";""