"Num_Acc";"id_vehicule";"num_veh";"senc";"catv";"obs";"obsm";"choc";"manv";"motor";"occutc"
"202200008391";"799 028";"B01";"2";"7";"0";"2";"2";"1";"1";""
"202200008392";"799 025";"A01";"1";"7";"0";"2";"5";"1";"1";""
"202200008392";"799 026";"B01";"1";"1";"0";"2";"1";"2";"5";""
"202200008393";"799 023";"A01";"1";"31";"0";"2";"3";"2";"1";""
"202200008393";"799 024";"B01";"1";"17";"0";"0";"2";"1";"6";""
"202200008394";"799 021";"A01";"1";"1";"0";"2";"3";"0";"5";""
"202200008394";"799 022";"B01";"2";"14";"0";"2";"8";"1";"1";""
"202200008395";"799 019";"B01";"2";"7";"0";"2";"1";"1";"1";""
"202200008395";"799 020";"A01";"2";"7";"0";"2";"6";"10";"1";""
"202200008396";"799 018";"A01";"1";"7";"0";"0";"9";"14";"1";""
"202200008397";"799 016";"B01";"1";"7";"0";"2";"3";"1";"1";""
"202200008397";"799 017";"A01";"1";"2";"0";"2";"1";"1";"1";""
"202200008398";"799 015";"A01";"2";"33";"3";"0";"8";"1";"1";""
"202200008399";"799 014";"A01";"1";"33";"13";"0";"1";"1";"1";""
"202200008400";"799 013";"A01";"2";"7";"2";"0";"2";"14";"1";""
"202200008401";"799 012";"A01";"2";"7";"2";"0";"0";"0";"1";""
"202200008402";"799 010";"A01";"2";"33";"0";"2";"1";"2";"1";""
"202200008402";"799 011";"B01";"2";"7";"0";"0";"4";"1";"1";""
"202200008403";"799 008";"A01";"1";"7";"0";"2";"8";"15";"1";""
"202200008403";"799 009";"B01";"1";"15";"0";"2";"1";"17";"1";""
"202200008404";"799 005";"B01";"2";"7";"0";"2";"4";"2";"1";""
"202200008404";"799 006";"A01";"2";"7";"0";"2";"1";"2";"0";""
"202200008404";"799 007";"C01";"2";"7";"0";"2";"4";"2";"1";""
"202200008405";"799 002";"C01";"2";"7";"0";"0";"4";"2";"1";""
"202200008405";"799 003";"B01";"2";"7";"0";"2";"4";"2";"1";""
"202200008405";"799 004";"A01";"2";"7";"0";"2";"1";"2";"1";""
"202200008406";"799 001";"A01";"1";"7";"0";"0";"1";"1";"1";""
"202200008407";"798 999";"B01";"2";"17";"0";"0";"6";"1";"1";""
"202200008407";"799 000";"A01";"2";"7";"3";"2";"2";"1";"1";""
"202200008408";"798 997";"B01";"2";"33";"0";"2";"3";"13";"1";""
"202200008408";"798 998";"A01";"1";"7";"0";"2";"3";"13";"1";""
"202200008409";"798 995";"A01";"1";"31";"0";"2";"1";"1";"1";""
"202200008409";"798 996";"B01";"2";"2";"0";"2";"1";"15";"1";""
"202200008410";"798 993";"A01";"1";"7";"0";"2";"1";"14";"1";""
"202200008410";"798 994";"B01";"2";"7";"0";"2";"2";"17";"1";""
"202200008411";"798 991";"A01";"1";"33";"0";"2";"1";"2";"1";""
"202200008411";"798 992";"B01";"1";"33";"0";"0";"6";"15";"1";""
"202200008412";"798 989";"A01";"1";"10";"5";"0";"1";"13";"1";""
"202200008412";"798 990";"B01";"2";"7";"5";"2";"1";"1";"1";""
"202200008413";"798 987";"A01";"1";"7";"0";"2";"8";"19";"1";""
"202200008413";"798 988";"B01";"2";"33";"0";"2";"1";"19";"1";""
"202200008414";"798 986";"A01";"1";"7";"7";"0";"1";"14";"1";""
"202200008415";"798 984";"B01";"1";"32";"0";"2";"1";"1";"1";""
"202200008415";"798 985";"A01";"2";"7";"0";"2";"3";"15";"1";""
"202200008416";"798 982";"B01";"0";"31";"0";"2";"7";"0";"1";""
"202200008416";"798 983";"A01";"0";"7";"0";"2";"1";"9";"1";""
"202200008417";"798 981";"A01";"2";"33";"13";"0";"1";"1";"1";""
"202200008418";"798 980";"A01";"2";"2";"6";"0";"7";"0";"1";""
"202200008419";"798 978";"A01";"2";"7";"0";"2";"1";"9";"1";""
"202200008419";"798 979";"B01";"1";"33";"0";"2";"7";"1";"1";""
"202200008420";"798 977";"A01";"0";"7";"0";"1";"1";"2";"1";""
"202200008421";"798 975";"A01";"1";"7";"0";"0";"1";"1";"1";""
"202200008421";"798 976";"B01";"2";"33";"0";"2";"7";"1";"1";""
"202200008422";"798 974";"A01";"1";"7";"0";"1";"2";"0";"1";""
"202200008423";"798 972";"B01";"3";"1";"0";"2";"2";"1";"5";""
"202200008423";"798 973";"A01";"3";"7";"0";"9";"3";"1";"1";""
"202200008424";"798 970";"B01";"1";"7";"0";"2";"1";"1";"1";""
"202200008424";"798 971";"A01";"2";"7";"7";"2";"7";"19";"1";""
"202200008425";"798 968";"A01";"2";"7";"0";"2";"3";"5";"1";""
"202200008425";"798 969";"B01";"1";"33";"0";"2";"1";"1";"1";""
"202200008426";"798 966";"B01";"2";"37";"0";"2";"1";"1";"1";"1"
"202200008426";"798 967";"A01";"1";"7";"0";"2";"8";"19";"1";""
"202200008427";"798 961";"C01";"1";"7";"0";"2";"5";"1";"1";""
"202200008427";"798 962";"B01";"1";"7";"0";"2";"2";"2";"1";""
"202200008427";"798 963";"A01";"1";"33";"0";"2";"1";"3";"1";""
"202200008428";"798 958";"C01";"2";"7";"0";"0";"0";"0";"1";""
"202200008428";"798 959";"B01";"2";"7";"0";"2";"7";"12";"1";""
"202200008428";"798 960";"A01";"2";"32";"0";"2";"8";"3";"1";""
"202200008429";"798 956";"B01";"1";"7";"0";"2";"5";"1";"1";""
"202200008429";"798 957";"A01";"1";"7";"0";"2";"2";"1";"1";""
"202200008430";"798 954";"Z01";"3";"7";"0";"2";"0";"0";"1";""
"202200008430";"798 955";"B01";"0";"2";"0";"2";"1";"26";"1";""
"202200008431";"798 953";"A01";"1";"31";"0";"1";"0";"0";"1";""
"202200008432";"798 951";"Z01";"1";"3";"0";"2";"1";"2";"1";""
"202200008432";"798 952";"B01";"1";"7";"0";"2";"4";"23";"1";""
"202200008433";"798 949";"A01";"0";"7";"0";"2";"1";"1";"0";""
"202200008433";"798 950";"B01";"0";"7";"1";"2";"4";"1";"0";""
"202200008434";"798 947";"B01";"1";"7";"0";"2";"1";"1";"1";""
"202200008434";"798 948";"A01";"1";"50";"0";"2";"1";"5";"3";""
"202200008435";"798 945";"B01";"1";"1";"0";"2";"2";"1";"5";""
"202200008435";"798 946";"A01";"2";"7";"0";"9";"1";"15";"1";""
"202200008436";"798 943";"A01";"2";"3";"0";"2";"1";"2";"1";""
"202200008436";"798 944";"B01";"2";"7";"0";"2";"4";"0";"0";""
"202200008437";"798 941";"A01";"3";"7";"15";"0";"1";"0";"1";""
"202200008437";"798 942";"B01";"3";"7";"0";"2";"0";"0";"1";""
"202200008438";"798 940";"A01";"2";"30";"0";"1";"1";"18";"1";""
"202200008439";"798 938";"B01";"1";"2";"0";"2";"7";"1";"1";""
"202200008439";"798 939";"A01";"0";"7";"0";"2";"2";"19";"1";""
"202200008440";"798 937";"A01";"1";"32";"0";"0";"0";"1";"1";""
"202200008441";"798 934";"A01";"1";"10";"0";"2";"1";"5";"1";""
"202200008441";"798 935";"B01";"2";"14";"12";"2";"8";"1";"1";""
"202200008441";"798 936";"C01";"2";"10";"0";"2";"1";"1";"1";""
"202200008442";"798 932";"Z01";"2";"7";"0";"2";"0";"12";"0";""
"202200008442";"798 933";"A01";"2";"34";"0";"2";"8";"1";"1";""
"202200008443";"798 930";"A01";"1";"10";"0";"2";"2";"12";"1";""
"202200008443";"798 931";"B01";"1";"7";"0";"2";"6";"1";"1";""
"202200008444";"798 929";"Z01";"2";"30";"0";"1";"8";"1";"0";""
"202200008445";"798 928";"Z01";"2";"1";"0";"0";"1";"1";"5";""
"202200008446";"798 927";"Z01";"2";"7";"0";"1";"1";"1";"1";""
"202200008447";"798 925";"B01";"3";"15";"0";"2";"2";"1";"1";""
"202200008447";"798 926";"A01";"3";"7";"0";"2";"3";"11";"1";""
"202200008448";"798 923";"A01";"1";"2";"0";"2";"2";"1";"3";""
"202200008448";"798 924";"B01";"2";"7";"0";"2";"3";"24";"2";""
"202200008449";"798 921";"B01";"1";"7";"0";"2";"3";"15";"1";""
"202200008449";"798 922";"A01";"2";"1";"0";"2";"2";"1";"5";""
"202200008450";"798 920";"A01";"1";"10";"0";"1";"4";"4";"1";""
"202200008451";"798 919";"A01";"2";"30";"0";"1";"1";"1";"3";""
"202200008452";"798 917";"A01";"1";"10";"0";"2";"5";"24";"1";""
"202200008452";"798 918";"Z01";"1";"32";"0";"1";"1";"1";"1";""
"202200008453";"798 916";"A01";"2";"10";"0";"1";"2";"1";"3";""
"202200008454";"798 914";"A01";"2";"32";"0";"2";"1";"1";"1";""
"202200008454";"798 915";"B01";"2";"1";"0";"2";"6";"19";"5";""
"202200008455";"798 912";"B01";"2";"50";"0";"2";"2";"18";"3";""
"202200008455";"798 913";"A01";"2";"37";"0";"2";"5";"7";"2";"1"
"202200008456";"798 911";"A01";"1";"1";"0";"0";"1";"1";"5";""
"202200008457";"798 910";"A01";"1";"7";"0";"1";"1";"7";"2";""
"202200008458";"798 908";"A01";"2";"33";"0";"2";"1";"17";"1";""
"202200008458";"798 909";"B01";"2";"13";"0";"2";"2";"15";"1";""
"202200008459";"798 906";"B01";"1";"30";"14";"0";"8";"18";"3";""
"202200008459";"798 907";"A01";"1";"7";"0";"2";"7";"23";"1";""
"202200008460";"798 904";"A01";"1";"7";"0";"2";"2";"1";"1";""
"202200008460";"798 905";"B01";"1";"33";"0";"2";"8";"3";"1";""
"202200008461";"798 902";"B01";"2";"7";"0";"0";"6";"23";"3";""
"202200008461";"798 903";"A01";"2";"7";"0";"2";"2";"1";"1";""
"202200008462";"798 899";"A01";"1";"10";"0";"2";"1";"2";"1";""
"202200008462";"798 900";"B01";"1";"7";"0";"2";"4";"2";"1";""
"202200008462";"798 901";"C01";"1";"7";"0";"2";"4";"2";"1";""
"202200008463";"798 897";"A01";"1";"7";"0";"0";"7";"9";"1";""
"202200008463";"798 898";"B01";"1";"99";"0";"2";"7";"0";"0";""
"202200008464";"798 896";"A01";"1";"30";"0";"0";"0";"26";"1";""
"202200008465";"798 893";"C01";"1";"7";"0";"2";"3";"1";"1";""
"202200008465";"798 894";"A01";"2";"30";"0";"2";"1";"1";"1";""
"202200008465";"798 895";"B01";"1";"7";"0";"2";"1";"16";"1";""
"202200008466";"798 891";"B01";"1";"43";"0";"2";"0";"0";"1";""
"202200008466";"798 892";"A01";"0";"7";"0";"2";"2";"10";"1";""
"202200008467";"798 890";"A01";"3";"33";"0";"1";"2";"1";"1";""
"202200008468";"798 889";"A01";"1";"10";"0";"1";"7";"1";"1";""
"202200008469";"798 887";"A01";"0";"33";"0";"2";"8";"1";"1";""
"202200008469";"798 888";"B01";"0";"7";"0";"2";"1";"1";"0";""
"202200008470";"798 886";"A01";"1";"15";"0";"1";"3";"1";"1";""
"202200008471";"798 885";"A01";"1";"7";"16";"0";"1";"1";"1";""
"202200008472";"798 884";"A01";"3";"7";"0";"1";"2";"20";"1";""
"202200008473";"798 882";"B01";"2";"33";"0";"2";"1";"1";"1";""
"202200008473";"798 883";"A01";"2";"7";"0";"2";"4";"9";"1";""
"202200008474";"798 880";"A01";"2";"7";"0";"2";"3";"9";"1";""
"202200008474";"798 881";"B01";"1";"33";"0";"2";"1";"1";"1";""
"202200008475";"798 878";"A01";"2";"7";"0";"0";"7";"15";"1";""
"202200008475";"798 879";"B01";"1";"15";"0";"0";"1";"1";"1";""
"202200008476";"798 876";"B01";"0";"7";"0";"2";"4";"15";"1";""
"202200008476";"798 877";"A01";"0";"32";"0";"2";"3";"2";"1";""
"202200008477";"798 874";"B01";"1";"10";"0";"2";"1";"0";"1";""
"202200008477";"798 875";"A01";"2";"7";"0";"2";"1";"5";"1";""
"202200008478";"798 872";"A01";"0";"33";"0";"2";"3";"1";"1";""
"202200008478";"798 873";"B01";"0";"7";"0";"2";"3";"15";"1";""
"202200008479";"798 871";"A01";"3";"7";"0";"1";"1";"1";"1";""
"202200008480";"798 870";"A01";"1";"7";"0";"1";"1";"1";"1";""
"202200008481";"798 868";"B01";"1";"80";"0";"2";"8";"13";"3";""
"202200008481";"798 869";"A01";"1";"7";"0";"2";"2";"1";"1";""
"202200008482";"798 867";"A01";"1";"7";"0";"1";"7";"1";"1";""
"202200008483";"798 866";"A01";"1";"7";"0";"1";"1";"1";"1";""
"202200008484";"798 864";"A01";"2";"7";"0";"1";"2";"1";"1";""
"202200008485";"798 863";"A01";"2";"7";"0";"0";"9";"1";"1";""
"202200008486";"798 861";"B01";"3";"7";"0";"2";"1";"1";"1";""
"202200008486";"798 862";"A01";"3";"2";"0";"2";"1";"13";"1";""
"202200008487";"798 860";"A01";"1";"17";"1";"0";"1";"1";"1";""
"202200008488";"798 859";"A01";"0";"7";"0";"1";"1";"1";"1";""
"202200008489";"798 855";"B01";"2";"7";"0";"2";"3";"1";"1";""
"202200008489";"798 856";"A01";"1";"7";"0";"2";"3";"13";"1";""
"202200008490";"798 854";"A01";"1";"33";"0";"0";"1";"2";"1";""
"202200008491";"798 852";"B01";"1";"7";"0";"2";"3";"1";"1";""
"202200008491";"798 853";"A01";"2";"10";"0";"2";"3";"13";"1";""
"202200008492";"798 848";"B01";"2";"7";"0";"2";"1";"21";"1";""
"202200008492";"798 849";"A01";"2";"7";"0";"2";"8";"11";"1";""
"202200008493";"798 846";"B01";"2";"33";"0";"2";"7";"17";"1";""
"202200008493";"798 847";"A01";"2";"7";"0";"2";"3";"15";"1";""
"202200008494";"798 845";"A01";"3";"7";"12";"0";"2";"19";"1";""
"202200008495";"798 844";"A01";"2";"7";"0";"0";"0";"1";"1";""
"202200008496";"798 843";"A01";"1";"7";"0";"0";"1";"0";"1";""
"202200008497";"798 842";"A01";"1";"33";"0";"0";"8";"1";"1";""
"202200008498";"798 839";"A01";"0";"7";"0";"1";"6";"4";"1";""
"202200008499";"798 838";"A01";"2";"7";"13";"0";"1";"17";"1";""
"202200008500";"798 836";"A01";"2";"7";"0";"0";"4";"23";"1";""
"202200008500";"798 837";"B01";"2";"15";"1";"0";"2";"2";"1";""
"202200008501";"798 835";"A01";"1";"7";"3";"0";"1";"1";"1";""
"202200008502";"798 832";"C01";"2";"7";"0";"2";"1";"2";"1";""
"202200008502";"798 833";"B01";"2";"7";"0";"2";"1";"1";"1";""
"202200008502";"798 834";"A01";"1";"7";"0";"2";"7";"0";"1";""
"202200008503";"798 830";"A01";"1";"1";"0";"2";"4";"1";"5";""
"202200008503";"798 831";"B01";"1";"7";"0";"2";"1";"1";"1";""
"202200008504";"798 828";"B01";"2";"7";"0";"2";"3";"2";"2";""
"202200008504";"798 829";"A01";"1";"7";"0";"2";"2";"15";"1";""
"202200008505";"798 826";"A01";"2";"7";"0";"2";"1";"13";"1";""
"202200008505";"798 827";"B01";"1";"17";"0";"2";"1";"1";"1";""
"202200008506";"798 825";"A01";"1";"7";"3";"0";"2";"1";"1";""
"202200008507";"798 824";"A01";"1";"7";"2";"0";"1";"1";"1";""
"202200008508";"798 823";"A01";"0";"7";"0";"1";"3";"26";"1";""
"202200008509";"798 821";"B01";"2";"7";"0";"2";"9";"1";"1";""
"202200008509";"798 822";"A01";"2";"7";"0";"2";"3";"19";"1";""
"202200008510";"798 819";"B01";"1";"10";"0";"2";"5";"15";"1";""
"202200008510";"798 820";"A01";"2";"2";"0";"2";"1";"1";"1";""
"202200008511";"798 817";"B01";"3";"33";"0";"2";"1";"1";"1";""
"202200008511";"798 818";"A01";"3";"7";"5";"2";"1";"13";"1";""
"202200008512";"798 816";"A01";"2";"7";"0";"1";"2";"26";"1";""
"202200008513";"798 814";"A01";"1";"7";"0";"0";"6";"1";"1";""
"202200008513";"798 815";"B01";"1";"14";"0";"2";"7";"12";"1";""
"202200008514";"798 813";"A01";"1";"7";"2";"0";"9";"1";"1";""
"202200008515";"798 811";"B01";"1";"2";"0";"0";"3";"16";"1";""
"202200008515";"798 812";"A01";"1";"7";"0";"2";"7";"1";"1";""
"202200008516";"798 809";"A01";"2";"7";"0";"2";"4";"0";"1";""
"202200008516";"798 810";"B01";"2";"10";"0";"2";"1";"0";"1";""
"202200008517";"798 808";"A01";"1";"7";"3";"0";"1";"0";"1";""
"202200008518";"798 805";"B01";"2";"33";"0";"2";"2";"3";"1";""
"202200008518";"798 806";"C01";"2";"7";"0";"2";"6";"1";"1";""
"202200008518";"798 807";"Z01";"2";"7";"0";"2";"2";"12";"0";""
"202200008519";"798 803";"A01";"1";"7";"0";"2";"1";"1";"1";""
"202200008519";"798 804";"B01";"1";"7";"0";"2";"4";"1";"1";""
"202200008520";"798 802";"A01";"1";"7";"6";"0";"9";"13";"1";""
"202200008521";"798 800";"B01";"2";"33";"0";"2";"2";"1";"1";""
"202200008521";"798 801";"A01";"2";"7";"0";"2";"3";"11";"1";""
"202200008522";"798 797";"C01";"1";"7";"0";"2";"4";"2";"1";""
"202200008522";"798 798";"B01";"1";"7";"0";"2";"4";"2";"1";""
"202200008522";"798 799";"A01";"1";"10";"0";"2";"1";"2";"1";""
"202200008523";"798 794";"C01";"2";"15";"0";"2";"8";"2";"0";""
"202200008523";"798 795";"B01";"2";"7";"0";"2";"5";"1";"1";""
"202200008523";"798 796";"A01";"2";"31";"0";"2";"1";"3";"1";""
"202200008524";"798 792";"B01";"2";"7";"0";"2";"2";"1";"1";""
"202200008524";"798 793";"A01";"2";"33";"0";"2";"3";"3";"1";""
"202200008525";"798 790";"B01";"2";"7";"4";"2";"4";"2";"1";""
"202200008525";"798 791";"A01";"2";"7";"4";"2";"1";"1";"1";""
"202200008526";"798 788";"B01";"1";"7";"0";"2";"8";"0";"0";""
"202200008526";"798 789";"A01";"1";"7";"0";"2";"2";"1";"0";""
"202200008527";"798 786";"A01";"1";"7";"4";"2";"1";"1";"1";""
"202200008527";"798 787";"Z01";"1";"0";"0";"0";"0";"0";"0";""
"202200008528";"798 784";"A01";"2";"33";"0";"2";"0";"3";"1";""
"202200008528";"798 785";"B01";"2";"7";"0";"2";"3";"11";"1";""
"202200008529";"798 782";"Z01";"2";"7";"0";"2";"1";"12";"1";""
"202200008529";"798 783";"A01";"2";"32";"0";"2";"4";"1";"1";""
"202200008530";"798 781";"A01";"3";"7";"0";"1";"1";"1";"1";""
"202200008531";"798 779";"B01";"1";"7";"0";"2";"2";"15";"1";""
"202200008531";"798 780";"A01";"1";"30";"0";"2";"1";"18";"1";""
"202200008532";"798 777";"A01";"1";"7";"0";"2";"2";"2";"1";""
"202200008532";"798 778";"B01";"1";"99";"0";"2";"8";"19";"5";""
"202200008533";"798 774";"C01";"1";"7";"0";"2";"2";"17";"1";""
"202200008533";"798 775";"B01";"1";"38";"0";"2";"8";"1";"1";"1"
"202200008533";"798 776";"A01";"2";"33";"0";"2";"1";"1";"1";""
"202200008534";"798 772";"A01";"3";"7";"0";"2";"3";"15";"1";""
"202200008534";"798 773";"B01";"3";"33";"0";"2";"1";"0";"1";""
"202200008535";"798 770";"B01";"1";"7";"0";"2";"7";"16";"1";""
"202200008535";"798 771";"A01";"1";"30";"0";"2";"8";"18";"1";""
"202200008536";"798 769";"A01";"1";"7";"0";"1";"0";"1";"1";""
"202200008537";"798 767";"A01";"1";"7";"0";"2";"1";"15";"1";""
"202200008537";"798 768";"B01";"2";"7";"0";"2";"3";"19";"1";""
"202200008538";"798 765";"A01";"1";"7";"0";"2";"1";"1";"1";""
"202200008538";"798 766";"B01";"1";"7";"0";"2";"7";"1";"1";""
"202200008539";"798 764";"A01";"3";"7";"0";"1";"8";"26";"1";""
"202200008540";"798 763";"A01";"3";"7";"0";"1";"3";"26";"1";""
"202200008541";"798 761";"A01";"3";"30";"1";"0";"1";"26";"1";""
"202200008541";"798 762";"B01";"3";"7";"0";"2";"4";"24";"1";""
"202200008542";"798 760";"A01";"3";"7";"0";"1";"2";"1";"1";""
"202200008543";"798 759";"A01";"3";"7";"6";"0";"1";"1";"1";""
"202200008544";"798 758";"A01";"2";"2";"0";"0";"0";"1";"1";""
"202200008545";"798 756";"A01";"2";"7";"0";"2";"2";"11";"1";""
"202200008545";"798 757";"B01";"1";"7";"0";"2";"3";"1";"1";""
"202200008546";"798 754";"B01";"2";"7";"3";"0";"9";"1";"1";""
"202200008546";"798 755";"A01";"2";"17";"0";"2";"2";"1";"1";""
"202200008547";"798 752";"B01";"2";"33";"0";"2";"6";"26";"0";""
"202200008547";"798 753";"A01";"1";"13";"0";"2";"3";"15";"0";""
"202200008548";"798 750";"A01";"3";"7";"0";"2";"2";"11";"1";""
"202200008548";"798 751";"B01";"3";"31";"0";"2";"1";"1";"0";""
"202200008549";"798 749";"A01";"2";"7";"0";"1";"2";"1";"1";""
"202200008550";"798 747";"A01";"2";"7";"0";"2";"7";"16";"1";""
"202200008550";"798 748";"B01";"2";"50";"0";"2";"9";"1";"3";""
"202200008551";"798 745";"A01";"3";"7";"0";"2";"2";"16";"1";""
"202200008551";"798 746";"B01";"3";"50";"0";"2";"1";"5";"3";""
"202200008552";"798 743";"A01";"1";"34";"0";"2";"1";"1";"1";""
"202200008552";"798 744";"B01";"2";"10";"0";"0";"1";"15";"1";""
"202200008553";"798 741";"A01";"2";"10";"0";"2";"2";"1";"1";""
"202200008553";"798 742";"B01";"2";"99";"0";"2";"6";"1";"0";""
"202200008554";"798 739";"A01";"1";"7";"0";"2";"2";"1";"1";""
"202200008554";"798 740";"B01";"2";"37";"0";"2";"3";"1";"1";"7"
"202200008555";"798 738";"A01";"1";"7";"0";"1";"1";"16";"1";""
"202200008556";"798 737";"A01";"1";"7";"0";"1";"1";"1";"1";""
"202200008557";"798 735";"B01";"1";"7";"0";"2";"3";"1";"1";""
"202200008557";"798 736";"A01";"3";"1";"0";"2";"8";"19";"5";""
"202200008558";"798 733";"B01";"1";"7";"0";"2";"6";"1";"1";""
"202200008558";"798 734";"A01";"1";"1";"0";"2";"2";"14";"5";""
"202200008559";"798 731";"A01";"1";"7";"0";"2";"1";"26";"3";""
"202200008559";"798 732";"B01";"1";"7";"0";"2";"4";"26";"1";""
"202200008560";"798 730";"A01";"2";"10";"0";"1";"2";"1";"1";""
"202200008561";"798 728";"B01";"2";"7";"0";"2";"3";"15";"1";""
"202200008561";"798 729";"A01";"2";"33";"0";"2";"1";"17";"1";""
"202200008562";"798 726";"A01";"3";"33";"0";"2";"8";"0";"1";""
"202200008562";"798 727";"B01";"3";"7";"0";"2";"1";"0";"1";""
"202200008563";"798 724";"B01";"1";"7";"0";"2";"3";"1";"1";""
"202200008563";"798 725";"A01";"2";"7";"0";"2";"6";"23";"1";""
"202200008564";"798 723";"A01";"1";"10";"6";"0";"1";"1";"1";""
"202200008565";"798 721";"A01";"0";"37";"0";"0";"3";"0";"1";"1"
"202200008565";"798 722";"B01";"0";"2";"0";"0";"0";"0";"1";""
"202200008566";"798 720";"A01";"2";"10";"0";"1";"3";"1";"0";""
"202200008567";"798 718";"B01";"3";"7";"0";"2";"3";"1";"1";""
"202200008567";"798 719";"A01";"2";"7";"0";"2";"1";"1";"1";""
"202200008568";"798 716";"E01";"3";"3";"0";"2";"1";"1";"3";""
"202200008568";"798 717";"B01";"1";"2";"0";"2";"1";"9";"1";""
"202200008569";"798 714";"A01";"1";"7";"0";"2";"1";"2";"1";""
"202200008569";"798 715";"B01";"1";"7";"0";"2";"4";"2";"1";""
"202200008570";"798 712";"B01";"1";"30";"0";"2";"3";"1";"1";""
"202200008570";"798 713";"A01";"1";"7";"0";"2";"2";"16";"1";""
"202200008571";"798 710";"A01";"2";"50";"0";"2";"1";"1";"3";""
"202200008571";"798 711";"B01";"2";"1";"0";"2";"0";"1";"5";""
"202200008572";"798 708";"A01";"1";"2";"0";"2";"8";"1";"1";""
"202200008572";"798 709";"B01";"3";"2";"1";"2";"2";"0";"1";""
"202200008573";"798 707";"A01";"1";"1";"0";"1";"0";"1";"5";""
"202200008574";"798 705";"A01";"3";"10";"0";"2";"1";"2";"0";""
"202200008574";"798 706";"B01";"3";"7";"0";"2";"4";"2";"1";""
"202200008575";"798 704";"A01";"3";"7";"9";"0";"1";"1";"1";""
"202200008576";"798 703";"A01";"1";"7";"4";"0";"3";"2";"1";""
"202200008577";"798 702";"A01";"1";"7";"2";"0";"1";"17";"1";""
"202200008578";"798 700";"A01";"1";"7";"0";"2";"3";"9";"1";""
"202200008578";"798 701";"B01";"1";"1";"0";"2";"1";"1";"5";""
"202200008579";"798 699";"A01";"3";"7";"0";"0";"0";"0";"1";""
"202200008580";"798 697";"A01";"1";"7";"0";"2";"7";"2";"1";""
"202200008580";"798 698";"B01";"1";"33";"0";"2";"8";"2";"1";""
"202200008581";"798 696";"A01";"1";"7";"13";"0";"2";"15";"1";""
"202200008582";"798 695";"A01";"2";"7";"13";"0";"1";"1";"1";""
"202200008583";"798 693";"B01";"2";"2";"0";"2";"4";"9";"1";""
"202200008583";"798 694";"A01";"2";"7";"0";"2";"1";"2";"1";""
"202200008584";"798 692";"A01";"3";"7";"0";"1";"3";"2";"1";""
"202200008585";"798 690";"C01";"2";"7";" -1";"2";"1";"26";" -1";""
"202200008585";"798 691";"B01";"2";"34";"0";"2";"4";"1";"1";""
"202200008586";"798 689";"A01";"3";"3";"0";"1";"2";"1";"1";""
"202200008587";"798 687";"B01";"3";"7";"0";"2";"3";"1";"1";""
"202200008587";"798 688";"A01";"3";"7";"8";"2";"7";"14";"1";""
"202200008588";"798 685";"A01";"2";"7";"0";"2";"3";"9";"1";""
"202200008588";"798 686";"B01";"1";"34";"0";"2";"1";"1";"1";""
"202200008589";"798 683";"B01";"0";"7";"0";"9";"6";"23";"1";""
"202200008589";"798 684";"A01";"3";"33";"14";"0";"1";"26";"1";""
"202200008590";"798 681";"A01";"1";"7";"0";"2";"2";"26";"1";""
"202200008590";"798 682";"B01";"1";"1";"0";"2";"4";"1";"5";""
"202200008591";"798 679";"B01";"2";"14";"0";"2";"5";"2";"1";""
"202200008591";"798 680";"A01";"2";"33";"0";"2";"3";"2";"1";""
"202200008592";"798 678";"A01";"2";"80";"0";"0";"3";"1";"3";""
"202200008593";"798 676";"A01";"1";"10";"0";"2";"2";"12";"3";""
"202200008593";"798 677";"B01";"1";"33";"0";"2";"3";"1";"1";""
"202200008594";"798 674";"B01";"1";"40";"0";"2";"1";"1";"3";""
"202200008594";"798 675";"A01";"2";"7";"0";"4";"8";"1";"1";""
"202200008595";"798 672";"B01";"2";"7";"0";"2";"3";"10";"1";""
"202200008595";"798 673";"A01";"2";"30";"0";"2";"7";"1";"1";""
"202200008596";"798 670";"Z01";"1";"30";"0";"2";"2";"17";"0";""
"202200008596";"798 671";"A01";"1";"50";"0";"2";"3";"1";"3";""
"202200008597";"798 668";"A01";"2";"10";"0";"2";"1";"9";"1";""
"202200008597";"798 669";"B01";"1";"50";"0";"2";"1";"1";"3";""
"202200008598";"798 666";"A01";"2";"30";"0";"2";"2";"1";"1";""
"202200008598";"798 667";"B01";"2";"32";"0";"2";"6";"15";"1";""
"202200008599";"798 665";"A01";"1";"10";"0";"1";"1";"1";"1";""
"202200008600";"798 663";"A01";"1";"7";"0";"2";"1";"2";"1";""
"202200008600";"798 664";"B01";"1";"7";"0";"2";"4";"2";"1";""
"202200008601";"798 661";"A01";"2";"30";"0";"2";"3";"1";"1";""
"202200008601";"798 662";"Z01";"1";"10";"0";"2";"0";"15";"0";""
"202200008602";"798 660";"A01";"1";"33";"0";"2";"0";"21";"1";""
"202200008603";"798 659";"A01";"3";"1";"12";"0";"1";"16";"5";""
"202200008604";"798 658";"A01";"1";"7";"0";"1";"2";"16";"1";""
"202200008605";"798 656";"B01";"1";"7";"0";"2";"5";"16";"1";""
"202200008605";"798 657";"A01";"1";"32";"8";"2";"0";"7";"1";""
"202200008606";"798 654";"B01";"2";"33";"0";"2";"7";"21";"1";""
"202200008606";"798 655";"A01";"2";"7";"0";"2";"8";"1";"1";""
"202200008607";"798 652";"B01";"2";"7";"0";"2";"1";"1";"1";""
"202200008607";"798 653";"A01";"2";"37";"0";"2";"7";"1";"1";"1"