"Num_Acc";"id_vehicule";"num_veh";"senc";"catv";"obs";"obsm";"choc";"manv";"motor";"occutc"
"202200008822";"798 278";"A01";"2";"32";"0";"2";"8";"17";"1";""
"202200008822";"798 279";"B01";"2";"7";"0";"2";"0";"15";"2";""
"202200008823";"798 277";"A01";"2";"7";"0";"1";"2";"15";"2";""
"202200008824";"798 276";"A01";"3";"0";"0";"0";"0";"16";"0";""
"202200008825";"798 273";"B01";"1";"1";"0";"2";"4";"1";"5";""
"202200008825";"798 275";"A01";"1";"50";"12";"2";"1";"18";"3";""
"202200008826";"798 272";"A01";"2";"50";"0";"2";"1";"1";"3";""
"202200008826";"798 274";"B01";"2";"30";"0";"9";"8";"1";"1";""
"202200008827";"798 271";"A01";"3";"7";"0";"1";"3";"0";"1";""
"202200008828";"798 270";"A01";"2";"10";"0";"1";"4";"20";"1";""
"202200008829";"798 269";"A01";"2";"7";"3";"0";"3";"12";"1";""
"202200008830";"798 267";"B01";"2";"7";"13";"2";"3";"1";"1";""
"202200008830";"798 268";"A01";"1";"7";"0";"2";"3";"19";"1";""
"202200008831";"798 266";"A01";"2";"1";"0";"1";"1";"1";"5";""
"202200008832";"798 263";"B01";"2";"32";"0";"2";"1";"17";"1";""
"202200008832";"798 265";"A01";"2";"7";"0";"2";"8";"15";"1";""
"202200008833";"798 262";"A01";"1";"7";"0";"2";"7";"15";"1";""
"202200008833";"798 264";"B01";"2";"32";"0";"2";"1";"1";"1";""
"202200008834";"798 260";"B01";"1";"14";"0";"2";"1";"0";"1";""
"202200008834";"798 261";"A01";"2";"7";"0";"2";"1";"5";"1";""
"202200008835";"798 259";"Z01";"1";"2";"0";"1";"0";"1";"0";""
"202200008836";"798 257";"A01";"0";"7";"0";"1";"6";"20";"1";""
"202200008837";"798 256";"A01";"2";"30";"0";"2";"1";"1";"3";""
"202200008837";"798 258";"B01";"2";"80";"0";"2";"3";"1";"3";""
"202200008838";"798 254";"A01";"2";"1";"0";"1";"1";"1";"5";""
"202200008839";"798 252";"B01";"2";"7";"0";"2";"1";"1";"1";""
"202200008839";"798 255";"A01";"1";"33";"0";"2";"7";"1";"1";""
"202200008840";"798 250";"A01";"2";"1";"0";"2";"0";"11";"5";""
"202200008840";"798 253";"B01";"2";"30";"1";"2";"1";"1";"3";""
"202200008841";"798 249";"A01";"3";"7";"0";"2";"2";"0";"1";""
"202200008841";"798 251";"B01";"1";"50";"0";"2";"3";"11";"3";""
"202200008842";"798 248";"A01";"1";"17";"3";"0";"7";"14";"1";""
"202200008843";"798 244";"B01";"2";"7";"0";"2";"1";"1";"1";""
"202200008843";"798 246";"A01";"1";"7";"0";"2";"1";"1";"1";""
"202200008844";"798 243";"B01";"1";"7";"0";"2";"1";"2";"1";""
"202200008844";"798 247";"Z01";"1";"7";"0";"2";"4";"4";"1";""
"202200008845";"798 241";"A01";"1";"7";"0";"1";"1";"1";"1";""
"202200008846";"798 242";"Z01";"1";"50";"0";"1";"0";"25";"3";""
"202200008847";"798 237";"A01";"1";"13";"0";"2";"3";"1";"1";""
"202200008847";"798 238";"B01";"2";"10";"0";"2";"3";"13";"1";""
"202200008848";"798 239";"B01";"1";"7";"0";"2";"7";"15";"1";""
"202200008848";"798 240";"A01";"1";"30";"0";"2";"3";"1";"1";""
"202200008849";"798 235";"B01";"3";"30";"0";"2";"1";"1";"1";""
"202200008849";"798 236";"A01";"2";"50";"0";"2";"7";"1";"3";""
"202200008850";"798 233";"B01";"1";"10";"0";"2";"8";"1";"1";""
"202200008850";"798 234";"A01";"1";"31";"0";"2";"2";"15";"1";""
"202200008851";"798 232";"A01";"3";"7";"0";"1";"1";"26";"1";""
"202200008852";"798 231";"A01";"1";"33";"2";"0";"7";"13";"1";""
"202200008853";"798 230";"A01";"1";"50";"0";"1";"1";"1";"3";""
"202200008854";"798 228";"A01";"1";"31";"0";"2";"3";"26";"1";""
"202200008854";"798 229";"B01";"1";"10";"0";"2";"3";"26";"1";""
"202200008855";"798 225";"A01";"1";"32";"0";"0";"8";"1";"1";""
"202200008856";"798 226";"B01";"3";"7";"0";"2";"2";"16";"1";""
"202200008856";"798 227";"A01";"3";"34";"0";"2";"3";"18";"1";""
"202200008857";"798 218";"A01";"2";"7";"0";"2";"3";"22";"1";""
"202200008857";"798 219";"B01";"2";"1";"0";"2";"1";"1";"5";""
"202200008858";"798 216";"B01";"0";"1";"0";"2";"5";"1";"5";""
"202200008858";"798 217";"A01";"1";"7";"0";"2";"3";"9";"1";""
"202200008859";"798 214";"A01";"1";"30";"0";"2";"3";"13";"1";""
"202200008860";"798 212";"C01";"2";"7";"0";"2";"4";"26";"1";""
"202200008860";"798 213";"B01";"2";"7";"0";"2";"4";"26";"2";""
"202200008860";"798 215";"A01";"2";"14";"0";"2";"1";"26";"1";""
"202200008861";"798 209";"B01";"2";"34";"0";"2";"1";"1";"1";""
"202200008861";"798 210";"A01";"1";"10";"0";"2";"2";"1";"1";""
"202200008862";"798 208";"B01";"1";"43";"0";"2";"1";"1";"1";""
"202200008862";"798 211";"A01";"1";"7";"0";"2";"2";"15";"2";""
"202200008863";"798 205";"C01";"2";"7";"0";"0";"4";"1";"1";""
"202200008863";"798 206";"B01";"2";"7";"0";"2";"4";"1";"1";""
"202200008863";"798 207";"A01";"2";"7";"0";"2";"1";"1";"1";""
"202200008864";"798 203";"Z01";"1";"30";"9";"2";"3";"1";"0";""
"202200008864";"798 204";"A01";"1";"1";"0";"2";"6";"11";"5";""
"202200008865";"798 201";"B01";"2";"7";"0";"2";"2";"15";"1";""
"202200008865";"798 202";"A01";"1";"32";"0";"2";"7";"1";"1";""
"202200008866";"798 198";"B01";"0";"34";"0";"2";"1";"1";"1";""
"202200008866";"798 199";"A01";"0";"7";"0";"2";"3";"15";"1";""
"202200008867";"798 195";"B01";"1";"0";"0";"2";"0";"26";"0";""
"202200008867";"798 196";"A01";"1";"7";"0";"2";"3";"1";"1";""
"202200008868";"798 193";"B01";"2";"30";"0";"2";"2";"1";"1";""
"202200008868";"798 194";"A01";"2";"7";"0";"2";"3";"11";"1";""
"202200008869";"798 190";"A01";"1";"37";"0";"1";"1";"1";"1";"1"
"202200008870";"798 186";"A01";"1";"7";"0";"1";"7";"15";"1";""
"202200008871";"798 185";"A01";"2";"7";"0";"1";"1";"1";"1";""
"202200008872";"798 183";"A01";"3";"7";"0";"2";"3";"16";"1";""
"202200008872";"798 184";"B01";"3";"7";"0";"2";"1";"1";"1";""
"202200008873";"798 181";"A01";"1";"7";"0";"1";"3";"1";"1";""
"202200008874";"798 180";"B01";"1";"1";"0";"2";"2";"1";"5";""
"202200008874";"798 182";"A01";"2";"7";"12";"2";"3";"9";"1";""
"202200008875";"798 177";"B01";"0";"7";"0";"2";"0";"0";"1";""
"202200008875";"798 179";"A01";"0";"7";"0";"2";"0";"0";"1";""
"202200008876";"798 176";"B01";"2";"7";"0";"2";"3";"15";"6";""
"202200008876";"798 178";"A01";"2";"30";"0";"2";"1";"0";"6";""
"202200008877";"798 172";"B01";"2";"2";"0";"2";"1";"1";"1";""
"202200008877";"798 174";"A01";"1";"7";"0";"2";"1";"19";"1";""
"202200008878";"798 171";"A01";"3";"7";"0";"2";"1";"2";"1";""
"202200008878";"798 173";"B01";"3";"7";"0";"2";"1";"2";"1";""
"202200008878";"798 175";"C01";"3";"7";"0";"2";"4";"2";"1";""
"202200008879";"798 168";"A01";"1";"33";"0";"2";"1";"17";"1";""
"202200008879";"798 169";"B01";"1";"7";"0";"2";"8";"10";"1";""
"202200008880";"798 167";"A01";"2";"7";"0";"2";"3";"1";"1";""
"202200008880";"798 170";"B01";"2";"7";"0";"2";"8";"2";"1";""
"202200008881";"798 165";"A01";"1";"50";"0";"2";"8";"19";"3";""
"202200008881";"798 166";"Z01";"2";"10";"0";"2";"1";"16";"0";""
"202200008882";"798 162";"B01";"2";"7";"0";"2";"4";"2";"2";""
"202200008882";"798 164";"A01";"2";"7";"0";"2";"1";"2";"1";""
"202200008883";"798 161";"B01";"1";"7";"0";"2";"0";"17";"1";""
"202200008883";"798 163";"A01";"1";"3";"0";"0";"3";"1";"1";""
"202200008884";"798 159";"B01";"2";"1";"0";"2";"1";"1";"5";""
"202200008884";"798 160";"A01";"2";"7";"0";"2";"6";"9";"1";""
"202200008885";"798 158";"A01";" -1";"7";" -1";" -1";" -1";" -1";" -1";""
"202200008886";"798 156";"B01";"2";"2";"0";"2";"4";"2";"1";""
"202200008886";"798 157";"A01";"2";"7";"0";"2";"1";"9";"1";""
"202200008887";"798 155";"A01";"1";"7";"0";"1";"1";"1";"1";""
"202200008888";"798 152";"B01";"3";"1";"0";"2";"2";"1";"5";""
"202200008888";"798 153";"A01";"3";"1";"0";"2";"1";"9";"5";""
"202200008888";"798 154";"C01";"3";"7";"0";"2";"1";"1";"1";""
"202200008889";"798 151";"A01";"1";"7";"0";"1";"1";"2";"2";""
"202200008890";"798 149";"A01";"3";"7";"0";"2";"2";"1";"1";""
"202200008890";"798 150";"B01";"3";"7";"0";"2";"6";"2";"1";""
"202200008891";"798 148";"A01";"2";"7";"1";"0";"1";"14";"1";""
"202200008892";"798 146";"A01";"3";"7";"0";"2";"1";"15";"1";""
"202200008892";"798 147";"B01";"3";"7";"0";"2";"3";"1";"1";""
"202200008893";"798 144";"B01";"2";"33";"0";"2";"1";"1";"1";""
"202200008893";"798 145";"A01";"1";"10";"0";"2";"6";"19";"1";""
"202200008894";"798 141";"A01";"3";"7";"0";"1";"1";"1";"1";""
"202200008895";"798 140";"A01";"0";"7";"0";"2";"1";"1";"2";""
"202200008895";"798 142";"C01";"0";"7";"0";"2";"1";"1";"1";""
"202200008895";"798 143";"B01";"0";"7";"0";"2";"6";"1";"1";""
"202200008896";"798 138";"B01";"2";"1";"0";"2";"4";"2";"5";""
"202200008896";"798 139";"A01";"2";"14";"0";"2";"1";"2";"1";""
"202200008897";"798 136";"B01";"3";"10";"0";"2";"3";"1";"1";""
"202200008897";"798 137";"A01";"3";"1";"0";"2";"3";"14";"5";""
"202200008898";"798 133";"A01";"2";"37";"0";"2";"3";"1";"1";"1"
"202200008898";"798 134";"C01";"2";"7";"0";"2";"8";"1";"1";""
"202200008898";"798 135";"B01";"2";"7";"0";"2";"4";"15";"1";""
"202200008899";"798 129";"B01";"1";"1";"0";"2";"9";"2";"5";""
"202200008899";"798 131";"A01";"1";"7";"0";"2";"2";"17";"1";""
"202200008900";"798 130";"A01";"1";"7";"0";"2";"1";"1";"1";""
"202200008900";"798 132";"B01";"1";"7";"0";"2";"8";"16";"1";""
"202200008901";"798 127";"B01";"1";"7";"0";"9";"4";"15";"1";""
"202200008901";"798 128";"A01";"1";"1";"0";"2";"1";"1";"5";""
"202200008902";"798 125";"A01";"2";"1";"0";"2";"8";"15";"5";""
"202200008902";"798 126";"B01";"1";"34";"0";"2";"3";"21";"1";""
"202200008903";"798 123";"B01";"1";"80";"0";"2";"2";"26";"3";""
"202200008903";"798 124";"A01";"0";"7";"0";"2";"2";"9";"1";""
"202200008904";"798 121";"B01";"2";"2";"0";"2";"1";"0";"1";""
"202200008904";"798 122";"A01";"2";"7";"0";"2";"2";"9";"1";""
"202200008905";"798 118";"B01";"0";"30";"0";"2";"1";"2";"3";""
"202200008905";"798 119";"A01";"0";"7";"0";"2";"1";"2";"1";""
"202200008906";"798 117";"A01";"0";"7";"0";"2";"1";"9";"1";""
"202200008906";"798 120";"B01";"1";"7";"0";"2";"7";"1";"1";""
"202200008907";"798 116";"A01";"2";"7";"0";"1";"8";"9";"1";""
"202200008908";"798 113";"A01";"3";"7";"0";"2";"5";"16";"1";""
"202200008908";"798 115";"B01";"3";"1";"0";"2";"1";"1";"5";""
"202200008909";"798 112";"A01";"1";"7";"0";"2";"2";"15";"1";""
"202200008909";"798 114";"B01";"2";"43";"0";"2";"3";"16";"1";""
"202200008910";"798 110";"B01";"2";"33";"3";"2";"4";"2";"1";""
"202200008910";"798 111";"A01";"2";"7";"3";"2";"2";"2";"1";""
"202200008911";"798 108";"A01";"1";"7";"0";"2";"1";"1";"1";""
"202200008911";"798 109";"B01";"1";"7";"0";"2";"0";"1";"1";""
"202200008912";"798 105";"B01";"1";"10";"0";"2";"1";"0";"1";""
"202200008912";"798 107";"A01";"2";"7";"0";"2";"1";"11";"1";""
"202200008913";"798 103";"A01";"2";"7";"0";"2";"1";"16";"1";""
"202200008913";"798 104";"B01";"2";"7";"0";"2";"2";"1";"1";""
"202200008913";"798 106";"C01";"1";"7";"0";"2";"1";"1";"1";""
"202200008914";"798 102";"A01";"1";"7";"0";"0";"1";"1";"1";""
"202200008915";"798 100";"B01";"3";"7";"0";"2";"3";"13";"1";""
"202200008915";"798 101";"A01";"3";"2";"0";"2";"1";"1";"1";""
"202200008916";"798 097";"B01";"1";"37";"0";"2";"4";"2";"1";"1"
"202200008916";"798 099";"A01";"1";"30";"0";"2";"1";"2";"1";""
"202200008917";"798 096";"B01";"2";"1";"0";"2";"8";"1";"5";""
"202200008917";"798 098";"A01";"1";"7";"0";"2";"1";"15";"1";""
"202200008918";"798 093";"A01";"1";"7";"0";"2";"1";"19";"1";""
"202200008918";"798 095";"Y01";"1";"50";"0";"2";"1";"1";"3";""
"202200008919";"798 092";"B01";"1";"7";"0";"2";"8";"1";"1";""
"202200008919";"798 094";"A01";"1";"2";"0";"2";"1";"1";"1";""
"202200008920";"798 091";"A01";"3";"1";"0";"0";"0";"1";"5";""
"202200008921";"798 086";"C01";"2";"7";"0";"2";"4";"2";"1";""
"202200008921";"798 088";"B01";"2";"7";"0";"2";"4";"2";"1";""
"202200008921";"798 089";"A01";"2";"7";"0";"2";"1";"2";"1";""
"202200008922";"798 085";"A01";"1";"7";"0";"2";"1";"1";"1";""
"202200008922";"798 090";"B01";"2";"7";"0";"2";"0";"0";"1";""
"202200008923";"798 084";"B01";"1";"17";"0";"2";"1";"1";"1";""
"202200008923";"798 087";"A01";"2";"33";"0";"2";"1";"5";"1";""
"202200008924";"798 081";"A01";"3";"10";"0";"1";"0";"5";"1";""
"202200008925";"798 082";"A01";"1";"14";"0";"1";"0";"23";"0";""
"202200008926";"798 080";"A01";"1";"7";"0";"2";"1";"13";"1";""
"202200008926";"798 083";"B01";"2";"10";"0";"2";"1";"1";"1";""
"202200008927";"798 076";"A01";"3";"7";"0";"2";"2";"1";"1";""
"202200008927";"798 079";"B01";"3";"7";"0";"0";"6";"9";"1";""
"202200008928";"798 074";"A01";"1";"31";"0";"2";"1";"2";"1";""
"202200008928";"798 077";"B01";"1";"7";"0";"2";"4";"2";"1";""
"202200008929";"798 075";"B01";"0";"2";"0";"2";"1";"1";"0";""
"202200008929";"798 078";"A01";"1";"7";"0";"2";"3";"9";"1";""
"202200008930";"798 072";"A01";"2";"7";"2";"0";"1";"13";"1";""
"202200008931";"798 071";"A01";"0";"10";"8";"0";"1";"21";"1";""
"202200008932";"798 070";"A01";"3";"7";"0";"2";"1";"2";"1";""
"202200008932";"798 073";"B01";"3";"7";"0";"2";"3";"16";"1";""
"202200008933";"798 068";"A01";"2";"10";"0";"2";"3";"1";"1";""
"202200008933";"798 069";"B01";"1";"30";"0";"2";"1";"13";"1";""
"202200008934";"798 066";"A01";"1";"1";"14";"0";"0";"26";"5";""
"202200008935";"798 065";"A01";"1";"7";"0";"0";"0";"19";"1";""
"202200008935";"798 067";"B01";"0";"7";"0";"0";"0";"1";"1";""
"202200008936";"798 063";"A01";"0";"7";"0";"1";"1";"1";"1";""
"202200008937";"798 062";"A01";"1";"7";"0";"2";"1";"1";"1";""
"202200008937";"798 064";"B01";"3";"7";"0";"2";"3";"15";"1";""
"202200008938";"798 059";"A01";"2";"50";"0";"2";"1";"1";"3";""
"202200008938";"798 060";"B01";"2";"7";"0";"0";"6";"16";"1";""
"202200008939";"798 057";"A01";"2";"14";"0";"2";"1";"15";"1";""
"202200008939";"798 061";"B01";"1";"33";"0";"2";"1";"1";"1";""
"202200008940";"798 055";"B01";"1";"10";"0";"2";"1";"1";"1";""
"202200008940";"798 056";"A01";"2";"7";"0";"2";"1";"13";"2";""
"202200008941";"798 054";"B01";"3";"7";"0";"2";"1";"1";"1";""
"202200008941";"798 058";"A01";"2";"30";"8";"2";"8";"19";"1";""
"202200008942";"798 052";"B01";"2";"7";"0";"2";"3";"15";"1";""
"202200008942";"798 053";"A01";"1";"33";"0";"2";"1";"1";"1";""
"202200008943";"798 051";"A01";"1";"7";"0";"1";"2";"1";"1";""
"202200008944";"798 050";"A01";"3";"7";"0";"1";"1";"1";"1";""
"202200008945";"798 048";"A01";"1";"33";"16";"0";"0";"17";"1";""
"202200008946";"798 046";"C01";"3";"7";"0";"2";"4";"2";"1";""
"202200008946";"798 047";"B01";"3";"7";"0";"2";"4";"2";"1";""
"202200008946";"798 049";"A01";"3";"7";"0";"2";"1";"2";"1";""
"202200008947";"798 041";"C01";"1";"7";"0";"2";"4";"2";"1";""
"202200008947";"798 043";"B01";"1";"7";"0";"2";"4";"2";"1";""
"202200008947";"798 044";"A01";"1";"7";"0";"2";"1";"2";"1";""
"202200008948";"798 040";"A01";"1";"7";"0";"1";"1";"15";"1";""
"202200008948";"798 045";"B01";"1";"7";"0";"2";"3";"1";"1";""
"202200008949";"798 038";"A01";"1";"38";"0";"1";"7";"1";"1";"1"
"202200008950";"798 037";"A01";"1";"7";"0";"2";"3";"15";"1";""
"202200008950";"798 039";"B01";"2";"33";"0";"2";"1";"1";"1";""
"202200008951";"798 036";"A01";"1";"7";"0";"1";"1";"1";"1";""
"202200008952";"798 035";"A01";"1";"33";"0";"0";"0";"1";"1";""
"202200008953";"798 032";"B01";"3";"38";"0";"2";"3";"0";"1";"1"
"202200008953";"798 034";"A01";"3";"33";"0";"2";"1";"1";"1";""
"202200008954";"798 030";"B01";"3";"2";"0";"2";"1";"1";"1";""
"202200008954";"798 033";"A01";"3";"7";"0";"2";"1";"9";"1";""
"202200008955";"798 026";"D01";"1";"7";"0";"0";"4";"1";"1";""
"202200008955";"798 027";"C01";"1";"7";"0";"2";"4";"1";"3";""
"202200008955";"798 029";"B01";"1";"7";"0";"2";"4";"1";"2";""
"202200008955";"798 031";"A01";"1";"13";"0";"2";"1";"1";"1";""
"202200008956";"798 024";"A01";"2";"7";"0";"2";"1";"9";"1";""
"202200008956";"798 025";"B01";"2";"1";"0";"2";"4";"1";"5";""
"202200008957";"798 022";"A01";"0";"33";"0";"0";"9";"1";"1";""
"202200008958";"798 023";"A01";"1";"7";"13";"0";"8";"2";"1";""
"202200008959";"798 018";"A01";"2";"7";"13";"0";"2";"1";"1";""
"202200008960";"798 016";"C01";"1";"7";"0";"2";"1";"1";"1";""
"202200008960";"798 019";"B01";"1";"7";"0";"2";"6";"1";"1";""
"202200008960";"798 020";"A01";"2";"7";"0";"2";"1";"1";"1";""
"202200008961";"798 017";"B01";"1";"7";"0";"2";"1";"1";"1";""
"202200008961";"798 021";"A01";"1";"7";"0";"2";"3";"15";"1";""
"202200008962";"798 014";"A01";"2";"7";"0";"1";"2";"17";"1";""
"202200008963";"798 015";"A01";"1";"10";"13";"0";"3";"1";"1";""
"202200008964";"798 011";"A01";"1";"7";"0";"1";"1";"1";"1";""
"202200008965";"798 009";"A01";"3";"7";"0";"9";"3";"9";"1";""
"202200008965";"798 012";"B01";"3";"50";"0";"2";"1";"1";"3";""
"202200008966";"798 005";"B01";"3";"1";"0";"2";"1";"19";"5";""
"202200008966";"798 007";"A01";"3";"7";"0";"9";"1";"1";"1";""
"202200008967";"798 006";"A01";"2";"7";"0";"0";"0";"1";"1";""
"202200008968";"798 008";"A01";"3";"14";"0";"2";"1";"1";"1";""
"202200008968";"798 010";"B01";"3";"37";"0";"2";"4";"1";"1";"1"
"202200008968";"798 013";"C01";"3";"7";"0";"0";"0";"0";"1";""
"202200008969";"797 999";"B01";"2";"32";"0";"2";"1";"1";"1";""
"202200008969";"798 003";"A01";"1";"7";"0";"2";"2";"15";"1";""
"202200008970";"797 998";"D01";"2";"7";"0";"2";"7";"1";"1";""
"202200008970";"798 000";"C01";"2";"7";"0";"2";"1";"1";"1";""
"202200008970";"798 002";"B01";"2";"7";"0";"2";"4";"1";"1";""
"202200008970";"798 004";"A01";"2";"7";"3";"0";"3";"1";"1";""
"202200008971";"797 997";"Z01";"1";"0";"0";"2";"1";"14";"0";""
"202200008971";"798 001";"A01";"1";"33";"0";"2";"4";"1";"1";""
"202200008972";"797 992";"A01";"1";"10";"0";"2";"1";"2";"1";""
"202200008972";"797 993";"B01";"1";"7";"0";"2";"6";"2";"1";""
"202200008972";"797 996";"C01";"1";"17";"0";"0";"0";"2";"1";""
"202200008973";"797 991";"A01";"2";"30";"0";"2";"2";"1";"1";""
"202200008973";"797 995";"B01";"1";"32";"0";"2";"1";"1";"1";""
"202200008974";"797 988";"B01";"1";"7";"0";"2";"1";"0";"1";""
"202200008974";"797 990";"A01";"1";"7";"3";"0";"0";"0";"1";""
"202200008975";"797 985";"A01";"1";"7";"4";"0";"1";"0";"1";""
"202200008976";"797 986";"A01";"1";"33";"0";"0";"7";"0";"1";""
"202200008977";"797 989";"A01";"1";"7";"15";"0";"1";"1";"1";""
"202200008978";"797 984";"A01";"2";"7";"4";"0";"9";"0";"1";""
"202200008979";"797 987";"A01";"2";"7";"0";"2";"2";"6";"1";""
"202200008979";"797 994";"B01";"2";"7";"0";"2";"3";"21";"1";""
"202200008980";"797 982";"A01";"1";"33";"4";"0";"3";"1";"1";""
"202200008981";"797 981";"A01";"3";"3";"0";"2";"1";"2";"1";""
"202200008981";"797 983";"B01";"3";"7";"1";"0";"4";"2";"1";""
"202200008982";"797 980";"A01";"3";"7";"0";"1";"1";"1";"1";""
"202200008983";"797 979";"A01";"2";"33";"0";"0";"5";"26";"1";""
"202200008984";"797 977";"A01";"0";"37";"0";"1";"2";"7";"1";"1"
"202200008985";"797 976";"A01";"3";"7";"0";"2";"1";"15";"1";""
"202200008985";"797 978";"B01";"3";"1";"0";"2";"1";"1";"5";""
"202200008986";"797 972";"B01";"2";"7";"0";"2";"4";"1";"1";""
"202200008986";"797 975";"A01";"2";"7";"0";"2";"1";"1";"1";""
"202200008987";"797 969";"A01";"2";"7";"0";"2";"8";"19";"1";""
"202200008987";"797 973";"B01";"0";"10";"0";"2";"1";"1";"1";""
"202200008988";"797 970";"A01";"2";"7";"0";"2";"1";"2";"1";""
"202200008988";"797 974";"B01";"2";"7";"0";"0";"4";"1";"1";""
"202200008989";"797 968";"A01";"1";"31";"5";"0";"2";"1";"1";""
"202200008990";"797 971";"A01";"2";"7";"0";"0";"9";"1";"1";""
"202200008991";"797 963";"B01";"3";"7";"0";"1";"6";"1";"1";""
"202200008991";"797 966";"A01";"3";"7";"0";"2";"2";"13";"1";""
"202200008992";"797 962";"B01";"1";"2";"0";"2";"6";"23";"1";""
"202200008992";"797 965";"A01";"1";"7";"0";"2";"1";"1";"1";""
"202200008993";"797 964";"B01";"3";"50";"0";"2";"8";"19";"3";""
"202200008993";"797 967";"A01";"1";"7";"0";"2";"1";"1";"1";""
"202200008994";"797 959";"A01";"1";"7";"1";"0";"1";"19";"1";""
"202200008995";"797 957";"A01";"1";"7";"8";"2";"7";"15";"1";""
"202200008995";"797 960";"B01";"1";"7";"0";"2";"1";"1";"1";""
"202200008996";"797 954";"A01";"1";"7";"0";"1";"1";"1";"1";""
"202200008997";"797 955";"A01";"3";"10";"0";"2";"4";"26";"1";""
"202200008997";"797 961";"B01";"3";"1";"0";"0";"0";"0";"5";""
"202200008998";"797 951";"C01";"2";"7";"0";"2";"5";"2";"1";""
"202200008998";"797 956";"B01";"2";"7";"0";"2";"4";"2";"1";""
"202200008998";"797 958";"A01";"2";"7";"0";"2";"1";"2";"1";""
"202200008999";"797 950";"B01";"1";"7";"0";"2";"1";"0";"1";""
"202200008999";"797 953";"A01";"2";"33";"0";"2";"1";"13";"1";""
"202200009000";"797 942";"A01";"1";"7";"0";"2";"1";"15";"1";""
"202200009000";"797 947";"B01";"1";"80";"0";"2";"1";"1";"3";""
"202200009001";"797 941";"B01";"1";"7";"0";"2";"1";"1";"1";""
"202200009001";"797 945";"A01";"2";"7";"4";"2";"7";"1";"1";""
"202200009002";"797 943";"B01";"3";"7";"0";"2";"7";"15";"1";""
"202200009002";"797 948";"A01";"3";"33";"0";"2";"1";"17";"1";""
"202200009003";"797 940";"A01";"3";"7";"4";"2";"2";"1";"1";""
"202200009003";"797 946";"B01";"3";"7";"0";"2";"6";"1";"1";""
"202200009004";"797 939";"B01";" -1";"33";"0";"2";"1";"0";"1";""
"202200009004";"797 944";"A01";" -1";"7";"0";"0";"4";"17";"1";""
"202200009005";"797 935";"A01";"0";"7";"0";"1";"7";"1";"1";""
"202200009006";"797 934";"A01";"3";"7";"12";"0";"1";"9";"1";""
"202200009007";"797 932";"B01";"1";"7";"0";"2";"1";"1";"1";""
"202200009007";"797 937";"A01";"2";"7";"0";"2";"1";"5";"1";""
"202200009008";"797 931";"A01";"1";"7";"0";"2";"2";"2";"1";""
"202200009008";"797 936";"B01";"1";"1";"0";"2";"0";"0";"5";""
"202200009009";"797 930";"A01";"1";"7";"0";"2";"1";"13";"1";""
"202200009009";"797 933";"B01";"2";"7";"0";"2";"3";"1";"1";""
"202200009009";"797 938";"C01";"2";"7";"0";"2";"1";"1";"1";""
"202200009010";"797 928";"A01";"1";"7";"0";"1";"1";"1";"1";""
"202200009011";"797 929";"A01";"3";"7";"6";"0";"9";"0";"1";""
"202200009012";"797 926";"A01";"1";"30";"0";"2";"0";"21";"1";""
"202200009013";"797 925";"A01";"1";"31";"0";"2";"1";"2";"1";""
"202200009013";"797 927";"B01";"1";"7";"0";"2";"5";"15";"1";""
"202200009014";"797 923";"A01";"1";"7";"1";"0";"1";"1";"1";""
"202200009015";"797 924";"Z01";"1";"7";"0";"1";"2";"0";"0";""
"202200009016";"797 922";"A01";"3";"7";"15";"0";"1";"21";"1";""
"202200009017";"797 920";"A01";"1";"10";"0";"2";"1";"2";"1";""
"202200009017";"797 921";"B01";"1";"3";"0";"2";"4";"20";"1";""
"202200009018";"797 919";"A01";"1";"33";"0";"1";"2";"1";"1";""
"202200009019";"797 918";"A01";"1";"7";"6";"0";"1";"13";"1";""
"202200009020";"797 917";"A01";"2";"33";"13";"0";"1";"0";"1";""
"202200009021";"797 912";"A01";"1";"7";"8";"0";"2";"1";"1";""
"202200009022";"797 914";"A01";"2";"10";"0";"1";"1";"15";"3";""
"202200009023";"797 910";"A01";"2";"7";"0";"2";"1";"2";"1";""
"202200009023";"797 913";"B01";"2";"7";"0";"2";"4";"1";"1";""
"202200009023";"797 916";"C01";"2";"7";"0";"2";"4";"2";"1";""
"202200009024";"797 909";"A01";"1";"7";"0";"2";"8";"16";"1";""
"202200009024";"797 915";"B01";"2";"1";"0";"2";"7";"19";"5";""
"202200009025";"797 905";"A01";"1";"2";"0";"2";"4";"2";"1";""
"202200009025";"797 907";"B01";"1";"10";"0";"2";"2";"2";"1";""
"202200009026";"797 903";"B01";"2";"7";"0";"2";"1";"1";"1";""
"202200009026";"797 908";"A01";"2";"7";"0";"2";"1";"26";"1";""
"202200009027";"797 900";"A01";"1";"7";"0";"2";"3";"13";"1";""
"202200009027";"797 904";"B01";"2";"7";"0";"2";"1";"1";"1";""
"202200009028";"797 899";"B01";"1";"1";"0";"2";"7";"1";"5";""
"202200009028";"797 901";"A01";"1";"7";"0";"2";"1";"16";"1";""
"202200009029";"797 898";"A01";"2";"1";"0";"0";"8";"1";"5";""
"202200009030";"797 895";"A01";"1";"7";"0";"1";"1";"1";"1";""
"202200009031";"797 894";"A01";"1";"7";"1";"0";"3";"1";"1";""
"202200009031";"797 897";"B01";"1";"10";"1";"0";"3";"1";"0";""
"202200009032";"797 893";"A01";"2";"7";"0";"1";"2";"15";"1";""