"Num_Acc";"id_vehicule";"num_veh";"senc";"catv";"obs";"obsm";"choc";"manv";"motor";"occutc"
"202200009033";"797 888";"A01";"1";"7";"3";"0";"3";"13";"1";""
"202200009034";"797 889";"C01";"1";"7";"0";"0";"3";"0";"1";""
"202200009034";"797 892";"B01";"2";"7";"0";"2";"5";"15";"1";""
"202200009034";"797 896";"A01";"2";"7";"0";"2";"3";"1";"1";""
"202200009035";"797 884";"C01";"3";"7";"0";"2";"3";"23";"1";""
"202200009035";"797 887";"B01";"2";"7";"0";"2";"1";"1";"1";""
"202200009035";"797 890";"A01";"1";"7";"0";"2";"1";"15";"1";""
"202200009036";"797 882";"A01";"1";"7";"0";"2";"4";"2";"1";""
"202200009036";"797 886";"B01";"1";"7";"0";"2";"1";"0";"1";""
"202200009037";"797 881";"A01";"1";"7";"0";"2";"8";"22";"2";""
"202200009037";"797 885";"B01";"1";"32";"0";"2";"7";"1";"1";""
"202200009038";"797 877";"A01";"2";"7";"6";"0";"3";"1";"1";""
"202200009039";"797 878";"A01";"2";"7";"0";"2";"2";"16";"1";""
"202200009039";"797 879";"B01";"2";"30";"0";"2";"8";"1";"1";""
"202200009040";"797 876";"A01";"1";"7";"2";"0";"5";"1";"1";""
"202200009041";"797 874";"A01";"3";"7";"0";"1";"2";"1";"1";""
"202200009042";"797 875";"A01";"1";"80";"0";"0";"0";"1";"3";""
"202200009043";"797 871";"A01";"2";"7";"0";"2";"8";"1";"2";""
"202200009044";"797 868";"C01";"1";"14";"0";"2";"8";"1";"1";""
"202200009044";"797 870";"B01";"2";"15";"0";"2";"1";"14";"1";""
"202200009044";"797 873";"A01";"1";"7";"0";"2";"1";"13";"1";""
"202200009045";"797 869";"B01";"3";"1";"0";"2";"8";"1";"5";""
"202200009045";"797 872";"Z01";"3";"7";"0";"2";"7";"17";"1";""
"202200009046";"797 866";"A01";"0";"7";"0";"1";"0";"0";"0";""
"202200009047";"797 863";"A01";"2";"10";"0";"2";"3";"13";"1";""
"202200009047";"797 867";"B01";"1";"1";"0";"2";"0";"1";"5";""
"202200009048";"797 861";"B01";"1";"15";"0";"2";"5";"9";"0";""
"202200009048";"797 864";"A01";"1";"30";"0";"2";"8";"1";"1";""
"202200009049";"797 860";"A01";"2";"31";"0";"1";"1";"1";"1";""
"202200009050";"797 858";"A01";"0";"7";"0";"1";"3";"1";"1";""
"202200009051";"797 857";"A01";"2";"7";"0";"2";"1";"2";"1";""
"202200009051";"797 859";"B01";"2";"7";"0";"2";"3";"2";"1";""
"202200009051";"797 862";"C01";"2";"10";"0";"2";"5";"2";"1";""
"202200009051";"797 865";"D01";"2";"7";"0";"2";"5";"2";"1";""
"202200009052";"797 855";"A01";"3";"7";"8";"0";"1";"1";"1";""
"202200009053";"797 856";"A01";"1";"50";"0";"0";"0";"1";"3";""
"202200009054";"797 852";"A01";"2";"7";"0";"2";"1";"2";"0";""
"202200009054";"797 854";"B01";"2";"7";"0";"2";"3";"23";"1";""
"202200009055";"797 851";"A01";"1";"7";"6";"0";"1";"1";"1";""
"202200009056";"797 850";"A01";"1";"32";"14";"0";"2";"17";"1";""
"202200009056";"797 853";"B01";"1";"7";"0";"2";"4";"23";"1";""
"202200009057";"797 849";"A01";"1";"7";"6";"0";"1";"1";"1";""
"202200009058";"797 847";"A01";"1";"7";"0";"2";"3";"10";"2";""
"202200009058";"797 848";"B01";"2";"1";"0";"2";"3";"1";"5";""
"202200009059";"797 845";"A01";"1";"7";"0";"1";"1";"1";"1";""
"202200009060";"797 841";"B01";"2";"7";"0";"2";"6";"1";"1";""
"202200009060";"797 844";"A01";"2";"15";"0";"2";"2";"12";"1";""
"202200009061";"797 840";"A01";"0";"7";"0";"2";"1";"9";"1";""
"202200009061";"797 843";"B01";"0";"7";"0";"2";"9";"1";"1";""
"202200009062";"797 835";"A01";"0";"7";"0";"2";"1";"0";"0";""
"202200009062";"797 838";"B01";"3";"7";"0";"2";"4";"2";"1";""
"202200009063";"797 832";"A01";"2";"7";"0";"2";"1";"2";"1";""
"202200009063";"797 836";"B01";"2";"7";"0";"2";"4";"2";"2";""
"202200009063";"797 839";"C01";"2";"7";"0";"2";"1";"2";"1";""
"202200009063";"797 842";"D01";"2";"7";"0";"2";"1";"2";"1";""
"202200009063";"797 846";"E01";"2";"10";"0";"2";"0";"0";"0";""
"202200009064";"797 834";"A01";"2";"34";"0";"2";"1";"1";"1";""
"202200009064";"797 837";"B01";"0";"50";"0";"2";"8";"19";"3";""
"202200009065";"797 829";"B01";"1";"7";"0";"2";"4";"2";"1";""
"202200009065";"797 833";"A01";"1";"7";"0";"2";"1";"2";"1";""
"202200009066";"797 830";"B01";"3";"7";"0";"2";"0";"0";"1";""
"202200009066";"797 831";"A01";"3";"7";"0";"2";"1";"1";"1";""
"202200009067";"797 828";"A01";"0";"7";"0";"1";"2";"2";"1";""
"202200009068";"797 826";"A01";"1";"32";"14";"0";"0";"3";"1";""
"202200009069";"797 825";"A01";"2";"7";"3";"0";"1";"1";"1";""
"202200009070";"797 822";"A01";"3";"7";"0";"2";"0";"26";"0";""
"202200009071";"797 823";"A01";"2";"50";"0";"2";"1";"17";"3";""
"202200009071";"797 827";"B01";"2";"1";"0";"2";"6";"13";"5";""
"202200009072";"797 816";"A01";"1";"7";"0";"2";"1";"2";"1";""
"202200009072";"797 819";"B01";"1";"7";"0";"2";"4";"2";"2";""
"202200009073";"797 813";"C01";"1";"14";"0";"2";"1";"1";"1";""
"202200009073";"797 818";"B01";"1";"7";"0";"2";"8";"1";"1";""
"202200009073";"797 820";"A01";"1";"17";"0";"2";"8";"12";"1";""
"202200009074";"797 815";"B01";"1";"7";"0";"2";"3";"1";"1";""
"202200009074";"797 817";"A01";"3";"7";"0";"2";"6";"19";"1";""
"202200009075";"797 810";"B01";"3";"7";"0";"2";"2";"1";"1";""
"202200009075";"797 812";"A01";"3";"99";"0";"2";"0";"0";"0";""
"202200009076";"797 809";"A01";"2";"10";"0";"2";"1";"1";"1";""
"202200009077";"797 806";"B01";"1";"7";"0";"2";"1";"0";"1";""
"202200009077";"797 808";"A01";"1";"10";"0";"2";"1";"0";"1";""
"202200009078";"797 811";"A01";"2";"10";"0";"2";"8";"22";"1";""
"202200009078";"797 814";"B01";"2";"80";"0";"2";"1";"1";"3";""
"202200009079";"797 805";"B01";"2";"7";"0";"2";"3";"0";"3";""
"202200009079";"797 807";"A01";"1";"7";"0";"2";"3";"13";"1";""
"202200009080";"797 802";"A01";"3";"30";"0";"2";"4";"2";"1";""
"202200009080";"797 803";"Z01";"3";"7";"0";"2";"0";"0";"1";""
"202200009081";"797 800";"A01";"1";"7";"0";"2";"1";"2";"2";""
"202200009081";"797 804";"B01";"1";"10";"0";"2";"4";"2";"1";""
"202200009082";"797 799";"B01";"1";"7";"0";"2";"4";"23";"2";""
"202200009082";"797 801";"A01";"1";"7";"0";"2";"1";"26";"1";""
"202200009083";"797 798";"A01";"2";"7";"1";"0";"2";"1";"1";""
"202200009084";"797 796";"A01";"3";"7";"0";"1";"2";"1";"1";""
"202200009085";"797 792";"C01";"2";"7";"0";"2";"4";"1";"1";""
"202200009085";"797 793";"B01";"2";"7";"0";"2";"9";"1";"1";""
"202200009085";"797 797";"A01";"2";"10";"0";"2";"1";"1";"1";""
"202200009086";"797 790";"B01";"1";"7";"0";"2";"4";"1";"1";""
"202200009086";"797 795";"A01";"1";"7";"0";"2";"1";"12";"1";""
"202200009087";"797 789";"A01";"1";"7";"0";"1";"3";"15";"1";""
"202200009088";"797 788";"A01";"2";"7";"0";"1";"1";"1";"1";""
"202200009089";"797 791";"A01";"2";"32";"0";"2";"2";"1";"1";""
"202200009089";"797 794";"B01";"2";"1";"0";"2";"6";"11";"5";""
"202200009090";"797 786";"A01";"1";"31";"12";"0";"1";"1";"1";""
"202200009091";"797 785";"A01";"2";"33";"0";"2";"8";"1";"1";""
"202200009091";"797 787";"Z01";"2";"7";"0";"2";"0";"0";"1";""
"202200009092";"797 780";"B01";"1";"2";"0";"2";"1";"1";"1";""
"202200009092";"797 784";"A01";"3";"7";"0";"2";"0";"0";"1";""
"202200009093";"797 781";"A01";"2";"34";"0";"2";"7";"2";"1";""
"202200009093";"797 783";"B01";"2";"7";"0";"2";"6";"2";"1";""
"202200009094";"797 779";"Z01";"2";"0";"0";"1";"0";"0";"6";""
"202200009095";"797 778";"A01";"2";"7";"0";"0";"1";"0";"1";""
"202200009096";"797 777";"B01";"2";"80";"0";"2";"7";"1";"3";""
"202200009096";"797 782";"A01";"1";"7";"0";"2";"1";"1";"1";""
"202200009097";"797 776";"A01";"2";"3";"8";"9";"1";"0";"3";""
"202200009098";"797 774";"A01";"2";"7";"3";"0";"1";"0";"1";""
"202200009099";"797 772";"A01";"3";"7";"8";"0";"3";"9";"1";""
"202200009100";"797 771";"A01";"2";"7";"0";"2";"7";"12";"1";""
"202200009100";"797 775";"B01";"1";"33";"0";"2";"3";"26";"1";""
"202200009101";"797 770";"B01";"1";"33";"0";"2";"1";"1";"1";""
"202200009101";"797 773";"A01";"1";"50";"0";"2";"3";"1";"3";""
"202200009102";"797 769";"A01";"3";"7";"0";"1";"2";"1";"1";""
"202200009103";"797 766";"B01";"2";"17";"0";"2";"5";"23";"1";""
"202200009103";"797 768";"A01";"2";"10";"0";"2";"2";"1";"1";""
"202200009104";"797 765";"A01";"2";"7";"0";"2";"3";"11";"1";""
"202200009104";"797 767";"B01";"2";"33";"0";"2";"1";"3";"1";""
"202200009105";"797 764";"A01";"2";"7";"0";"1";"2";"1";"2";""
"202200009106";"797 761";"B01";"3";"7";"0";"2";"1";"1";"1";""
"202200009106";"797 763";"A01";"3";"50";"0";"2";"1";"1";"3";""
"202200009107";"797 760";"B01";"1";"34";"0";"2";"1";"1";"1";""
"202200009107";"797 762";"A01";"2";"7";"0";"2";"2";"10";"1";""
"202200009108";"797 758";"A01";"0";"7";"0";"1";"1";"1";"1";""
"202200009109";"797 756";"A01";"2";"33";"0";"2";"7";"3";"1";""
"202200009109";"797 759";"B01";"2";"7";"0";"2";"8";"11";"1";""
"202200009110";"797 757";"A01";"0";"7";"0";"1";"1";"1";"1";""
"202200009111";"797 754";"B01";"2";"10";"0";"2";"1";"1";"1";""
"202200009111";"797 755";"A01";"1";"7";"0";"2";"1";"1";"1";""
"202200009112";"797 751";"A01";"3";"7";"0";"1";"4";"4";"3";""
"202200009113";"797 749";"B01";"2";"10";"0";"2";"4";"2";"1";""
"202200009113";"797 752";"A01";"2";"10";"0";"2";"4";"2";"1";""
"202200009114";"797 753";"Z01";"1";"1";"0";"1";"8";"1";"5";""
"202200009115";"797 743";"B01";"2";"7";"0";"2";"2";"1";"1";""
"202200009115";"797 748";"A01";"1";"7";"0";"2";"3";"16";"1";""
"202200009116";"797 746";"B01";"3";"7";"8";"2";"7";"1";"1";""
"202200009116";"797 750";"A01";"3";"7";"0";"2";"3";"9";"1";""
"202200009117";"797 740";"A01";"2";"7";"0";"1";"4";"0";"1";""
"202200009117";"797 747";"B01";"2";"7";"0";"2";"1";"0";"1";""
"202200009118";"797 739";"A01";"3";"7";"0";"2";"4";"23";"1";""
"202200009118";"797 742";"B01";"3";"7";"14";"0";"1";"1";"1";""
"202200009118";"797 745";"C01";"3";"7";"0";"2";"1";"1";"1";""
"202200009119";"797 741";"B01";"1";"7";"0";"2";"4";"2";"0";""
"202200009119";"797 744";"A01";"3";"1";"0";"2";"1";"2";"5";""
"202200009120";"797 735";"B01";"2";"7";"0";"2";"2";"1";"1";""
"202200009120";"797 738";"A01";"1";"80";"0";"2";"7";"19";"3";""
"202200009121";"797 733";"A01";"3";"7";"0";"2";"3";"13";"1";""
"202200009121";"797 737";"B01";"3";"7";"0";"2";"0";"0";"1";""
"202200009122";"797 731";"A01";"1";"33";"0";"2";"2";"17";"1";""
"202200009122";"797 734";"B01";"1";"7";"0";"2";"3";"1";"1";""
"202200009123";"797 728";"A01";"2";"80";"0";"2";"5";"1";"3";""
"202200009123";"797 732";"B01";"2";"1";"0";"2";"1";"1";"5";""
"202200009124";"797 729";"A01";"1";"7";"1";"1";"2";"20";"1";""
"202200009125";"797 730";"A01";"3";"7";"0";"2";"3";"15";"1";""
"202200009125";"797 736";"B01";"3";"7";"0";"2";"1";"1";"1";""
"202200009126";"797 726";"A01";"3";"2";"6";"0";"1";"14";"1";""
"202200009127";"797 724";"B01";"3";"7";"0";"2";"1";"1";"1";""
"202200009127";"797 727";"A01";"3";"33";"0";"2";"1";"13";"1";""
"202200009128";"797 725";"A01";"1";"30";"0";"0";"7";"21";"1";""
"202200009129";"797 722";"A01";"2";"30";"0";"1";"2";"19";"1";""
"202200009130";"797 721";"A01";"3";"1";"0";"0";"0";"26";"5";""
"202200009131";"797 720";"B01";"2";"2";"0";"2";"1";"1";"1";""
"202200009131";"797 723";"A01";"1";"7";"0";"2";"2";"15";"1";""
"202200009132";"797 715";"A01";"1";"7";"0";"2";"8";"11";"1";""
"202200009132";"797 719";"B01";"1";"33";"0";"2";"2";"3";"1";""
"202200009133";"797 714";"A01";"1";"30";"0";"2";"1";"0";"0";""
"202200009133";"797 718";"B01";"1";"1";"0";"2";"0";"0";"5";""
"202200009134";"797 710";"C01";"1";"7";"0";"2";"1";"1";"1";""
"202200009134";"797 713";"B01";"1";"7";"0";"2";"4";"11";"1";""
"202200009134";"797 716";"A01";"1";"7";"0";"2";"4";"11";"1";""
"202200009135";"797 709";"A01";"1";"7";"0";"2";"7";"17";"1";""
"202200009135";"797 712";"B01";"2";"37";"0";"2";"1";"1";"1";"2"
"202200009136";"797 711";"B01";"3";"7";"0";"2";"4";"0";"1";""
"202200009136";"797 717";"A01";"3";"7";"0";"2";"2";"0";"1";""
"202200009137";"797 708";"A01";"1";"2";"0";"0";"0";"1";"1";""
"202200009138";"797 707";"Z01";"2";"7";"0";"1";"1";"1";"0";""
"202200009139";"797 706";"A01";"1";"37";"0";"1";"2";"1";"6";"1"
"202200009140";"797 703";"A01";"1";"7";"0";"2";"2";"2";"1";""
"202200009140";"797 705";"B01";"1";"1";"0";"2";"4";"1";"5";""
"202200009141";"797 702";"A01";"1";"30";"14";"0";"0";"2";"1";""
"202200009142";"797 699";"A01";"1";"30";"0";"1";"3";"1";"1";""
"202200009143";"797 697";"C01";"3";"7";"0";"2";"1";"0";"1";""
"202200009143";"797 701";"B01";"3";"7";"0";"2";"4";"26";"1";""
"202200009143";"797 704";"A01";"3";"7";"0";"2";"4";"0";"1";""
"202200009144";"797 698";"A01";"1";"10";"0";"2";"2";"2";"1";""
"202200009144";"797 700";"B01";"1";"1";"0";"2";"4";"2";"5";""
"202200009145";"797 695";"B01";"2";"7";"0";"2";"4";"1";"1";""
"202200009145";"797 696";"A01";"2";"7";"0";"2";"1";"1";"1";""
"202200009146";"797 694";"A01";"1";"7";"0";"1";"0";"15";"1";""
"202200009147";"797 691";"B01";"2";"1";"1";"0";"1";"1";"5";""
"202200009147";"797 693";"A01";"2";"7";"0";"2";"8";"24";"1";""
"202200009148";"797 687";"B01";"3";"7";"0";"2";"8";"1";"1";""
"202200009148";"797 688";"A01";"3";"50";"0";"2";"1";"1";"3";""
"202200009149";"797 686";"A01";"3";"7";"0";"2";"7";"9";"1";""
"202200009149";"797 689";"B01";"3";"50";"0";"2";"0";"1";"3";""
"202200009150";"797 685";"A01";"3";"7";"0";"2";"2";"15";"2";""
"202200009150";"797 690";"B01";"3";"1";"0";"2";"3";"1";"5";""
"202200009151";"797 682";"A01";"1";"7";"8";"0";"1";"20";"1";""
"202200009152";"797 683";"A01";"2";"80";"0";"1";"1";"25";"3";""
"202200009153";"797 681";"A01";"1";"1";"0";"1";"1";"1";"5";""
"202200009154";"797 680";"A01";"0";"33";"0";"2";"1";"1";"1";""
"202200009154";"797 684";"B01";"0";"7";"0";"2";"8";"0";"1";""
"202200009155";"797 676";"A01";"3";"7";"0";"2";"7";"1";"1";""
"202200009155";"797 679";"B01";"3";"30";"0";"2";"8";"1";"3";""
"202200009156";"797 673";"B01";"1";"7";"0";"2";"6";"2";"1";""
"202200009156";"797 675";"A01";"1";"7";"0";"2";"1";"2";"1";""
"202200009157";"797 672";"A01";"3";"7";"0";"2";"3";"9";"1";""
"202200009157";"797 678";"B01";"3";"33";"0";"2";"5";"1";"1";""
"202200009158";"797 671";"B01";"2";"7";"0";"2";"5";"23";"1";""
"202200009158";"797 674";"A01";"2";"50";"0";"2";"1";"13";"3";""
"202200009159";"797 670";"B01";"1";"1";"0";"0";"5";"1";"5";""
"202200009159";"797 677";"A01";"1";"7";"0";"0";"0";"0";"0";""
"202200009160";"797 664";"A01";"2";"7";"12";"0";"9";"1";"1";""
"202200009161";"797 666";"B01";"2";"33";"0";"2";"4";"2";"1";""
"202200009161";"797 669";"A01";"2";"32";"0";"2";"1";"2";"1";""
"202200009162";"797 662";"B01";"3";"7";"0";"2";"5";"23";"1";""
"202200009162";"797 667";"A01";"3";"30";"1";"2";"3";"2";"1";""
"202200009163";"797 661";"A01";"1";"30";"0";"2";"7";"1";"1";""
"202200009163";"797 665";"B01";"1";"7";"1";"2";"1";"1";"1";""
"202200009164";"797 659";"A01";"1";"7";"0";"1";"1";"1";"1";""
"202200009165";"797 656";"A01";"3";"30";"0";"2";"1";"2";"1";""
"202200009165";"797 658";"B01";"3";"7";"0";"2";"4";"2";"0";""
"202200009166";"797 653";"A01";"3";"7";"8";"2";"2";"0";"1";""
"202200009166";"797 660";"B01";"3";"7";"0";"2";"1";"0";"1";""
"202200009167";"797 652";"B01";"2";"7";"0";"2";"8";"15";"1";""
"202200009167";"797 654";"A01";"2";"33";"0";"2";"2";"17";"1";""
"202200009168";"797 655";"B01";"1";"33";"0";"2";"4";"2";"1";""
"202200009168";"797 657";"A01";"1";"7";"0";"2";"1";"2";"1";""
"202200009169";"797 649";"B01";"1";"2";"0";"2";"1";"1";"1";""
"202200009169";"797 651";"A01";"2";"7";"0";"2";"7";"15";"1";""
"202200009170";"797 650";"A01";"2";"7";"0";"2";"3";"1";"1";""
"202200009171";"797 647";"A01";"3";"10";"0";"1";"5";"4";"1";""
"202200009172";"797 648";"A01";"1";"7";"8";"0";"2";"11";"1";""
"202200009173";"797 645";"B01";"1";"1";"0";"2";"4";"7";"0";""
"202200009173";"797 646";"A01";"1";"7";"0";"2";"2";"7";"1";""
"202200009174";"797 642";"A01";"3";"10";"0";"1";"1";"1";"1";""
"202200009175";"797 640";"B01";"2";"7";"0";"2";"2";"9";"1";""
"202200009175";"797 643";"A01";"2";"1";"0";"2";"1";"25";"5";""
"202200009176";"797 639";"B01";"1";"7";"9";"0";"4";"23";"1";""
"202200009176";"797 644";"A01";"1";"7";"9";"2";"1";"2";"1";""
"202200009177";"797 638";"B01";"2";"50";"0";"2";"1";"1";"3";""
"202200009177";"797 641";"A01";"3";"7";"0";"2";"3";"1";"1";""
"202200009178";"797 636";"A01";"3";"7";"0";"1";"1";"1";"1";""
"202200009179";"797 635";"A01";"2";"34";"0";"0";"0";"21";"1";""
"202200009180";"797 637";"A01";"1";"10";"0";"1";"2";"15";"1";""
"202200009181";"797 632";"A01";"2";"7";"4";"0";"0";"15";"1";""
"202200009182";"797 629";"C01";"0";"0";" -1";" -1";" -1";" -1";" -1";""
"202200009182";"797 630";"D01";"0";"0";" -1";" -1";" -1";" -1";" -1";""
"202200009182";"797 633";"B01";"0";"0";" -1";" -1";" -1";" -1";" -1";""
"202200009182";"797 634";"A01";"3";"7";"0";"2";"9";"1";"1";""
"202200009183";"797 628";"B01";"3";"7";"0";"2";"1";"1";"1";""
"202200009183";"797 631";"A01";"2";"7";"0";"2";"8";"15";"1";""
"202200009184";"797 625";"B01";"1";"31";"0";"2";"1";"1";"1";""
"202200009184";"797 627";"A01";"1";"7";"0";"2";"1";"15";"1";""
"202200009185";"797 621";"B01";"1";"1";"0";"2";"0";"1";"5";""
"202200009185";"797 623";"A01";"1";"7";"0";"2";"3";"2";"0";""
"202200009186";"797 619";"C01";"1";"7";"0";"2";"4";"1";"1";""
"202200009186";"797 622";"B01";"1";"7";"0";"2";"4";"1";"1";""
"202200009186";"797 624";"A01";"1";"7";"0";"2";"1";"1";"1";""
"202200009187";"797 620";"A01";"3";"7";"0";"1";"1";"9";"1";""
"202200009188";"797 626";"A01";"1";"10";"0";"0";"0";"1";"1";""
"202200009189";"797 618";"A01";"3";"7";"0";"0";"0";"14";"1";""
"202200009190";"797 616";"A01";"1";"7";"0";"1";"1";"1";"1";""
"202200009191";"797 613";"X01";"3";"7";"0";"0";"0";"0";"0";""
"202200009191";"797 615";"B01";"3";"50";"0";"9";"0";"1";"3";""
"202200009192";"797 612";"B01";"2";"1";"0";"2";"1";"1";"5";""
"202200009192";"797 614";"A01";"1";"7";"0";"2";"5";"10";"1";""
"202200009193";"797 611";"A01";"1";"7";"0";"2";"1";"1";"1";""
"202200009193";"797 617";"B01";"1";"7";"0";"2";"1";"1";"1";""
"202200009194";"797 606";"A01";"2";"33";"1";"1";"1";"26";"1";""
"202200009194";"797 609";"C01";"2";"7";"0";"2";"0";"23";"1";""
"202200009194";"797 610";"B01";"2";"7";"0";"2";"6";"23";"1";""
"202200009195";"797 605";"A01";"1";"10";"0";"1";"2";"1";"1";""
"202200009196";"797 602";"A01";"2";"7";"0";"1";"8";"18";"3";""
"202200009197";"797 604";"A01";"1";"7";"0";"2";"2";"17";"1";""
"202200009197";"797 608";"B01";"2";"13";"0";"2";"6";"16";"6";""
"202200009198";"797 597";"A01";"1";"7";"0";"2";"2";"12";"1";""
"202200009198";"797 600";"B01";"1";"7";"0";"2";"6";"23";"1";""
"202200009198";"797 603";"C01";"1";"7";"0";"2";"6";"23";"1";""
"202200009198";"797 607";"D01";"1";"7";"0";"2";"2";"26";"1";""
"202200009199";"797 593";"A01";"2";"7";"9";"0";"3";"1";"1";""
"202200009200";"797 590";"B01";"2";"7";"0";"9";"7";"1";"1";""
"202200009200";"797 595";"A01";"2";"50";"0";"2";"7";"1";"3";""
"202200009201";"797 592";"A01";"1";"50";"0";"2";"1";"1";"3";""
"202200009201";"797 596";"B01";"1";"7";"0";"2";"1";"1";"1";""
"202200009202";"797 591";"A01";"1";"7";"0";"2";"3";"15";"1";""
"202200009202";"797 594";"B01";"1";"33";"0";"2";"2";"2";"1";""
"202200009203";"797 587";"A01";"1";"30";"0";"2";"1";"1";"1";""
"202200009203";"797 589";"B01";"1";"7";"0";"2";"2";"15";"1";""
"202200009204";"797 584";"Z01";"3";"30";"0";"1";"1";"1";"1";""
"202200009205";"797 582";"A01";"1";"30";"0";"2";"3";"1";"1";""
"202200009205";"797 586";"B01";"2";"1";"0";"2";"5";"15";"5";""
"202200009206";"797 581";"B01";"1";"1";"0";"2";"1";"1";"5";""
"202200009206";"797 585";"A01";"3";"7";"0";"2";"3";"15";"1";""
"202200009207";"797 579";"B01";"1";"7";"0";"2";"8";"26";"6";""
"202200009207";"797 583";"A01";"1";"7";"14";"2";"2";"17";"1";""
"202200009207";"797 588";"C01";"1";"7";"0";"2";"8";"26";"6";""
"202200009208";"797 578";"A01";"1";"33";"0";"2";"7";"1";"1";""
"202200009208";"797 580";"B01";"1";"7";"0";"2";"1";"1";"1";""
"202200009209";"797 576";"A01";"1";"7";"11";"0";"3";"1";"1";""
"202200009210";"797 573";"B01";"3";"34";"0";"2";"7";"1";"1";""
"202200009210";"797 577";"A01";"1";"7";"1";"2";"1";"26";"2";""
"202200009211";"797 572";"B01";"2";"10";"0";"2";"3";"15";"1";""
"202200009211";"797 575";"A01";"1";"7";"0";"2";"2";"1";"1";""
"202200009212";"797 574";"Z01";"0";"50";"0";"1";"1";"25";"3";""
"202200009213";"797 568";"A01";"3";"7";"0";"2";"1";"15";"1";""
"202200009213";"797 570";"B01";"3";"1";"0";"2";"8";"1";"5";""
"202200009214";"797 563";"A01";"0";"7";"0";"2";"1";"1";"1";""
"202200009214";"797 567";"B01";"0";"33";"0";"2";"4";"1";"1";""
"202200009214";"797 569";"C01";"0";"7";"0";"2";"4";"1";"1";""
"202200009215";"797 560";"B01";"0";"1";"0";"2";"7";"1";"5";""
"202200009215";"797 566";"A01";"0";"7";"0";"2";"1";"1";"1";""
"202200009216";"797 562";"B01";"1";"1";"12";"2";"1";"1";"5";""
"202200009216";"797 565";"A01";"2";"50";"0";"2";"1";"13";"3";""
"202200009217";"797 561";"A01";"1";"7";"0";"2";"7";"10";"1";""
"202200009217";"797 564";"B01";"2";"2";"0";"2";"1";"1";"1";""
"202200009218";"797 558";"A01";"1";"33";"0";"1";"1";"1";"1";""
"202200009219";"797 557";"A01";"1";"7";"12";"0";"2";"1";"1";""
"202200009220";"797 555";"A01";"1";"33";"0";"2";"2";"26";"1";""
"202200009220";"797 559";"B01";"1";"10";"1";"0";"0";"0";"1";""
"202200009221";"797 553";"Z01";"1";"7";"0";"2";"0";"17";"1";""
"202200009221";"797 556";"A01";"1";"1";"0";"2";"8";"7";"5";""
"202200009222";"797 550";"A01";"1";"7";"0";"1";"2";"1";"1";""
"202200009223";"797 552";"B01";"1";"14";"0";"2";"2";"15";"1";""
"202200009223";"797 554";"A01";"2";"33";"0";"2";"1";"1";"1";""
"202200009224";"797 549";"A01";"1";"10";"9";"0";"1";"1";"1";""
"202200009225";"797 548";"A01";"1";"7";"0";"2";"7";"23";"1";""
"202200009225";"797 551";"B01";"1";"1";"0";"2";"3";"1";"5";""
"202200009226";"797 547";"A01";"1";"1";"12";"0";"7";"13";"5";""
"202200009227";"797 546";"A01";"1";"7";"0";"1";"2";"1";"1";""
"202200009228";"797 545";"A01";"2";"43";"8";"0";"1";"14";"1";""
"202200009229";"797 543";"B01";"2";"14";"0";"2";"7";"16";"1";""
"202200009229";"797 544";"A01";"2";"30";"15";"2";"8";"18";"1";""
"202200009230";"797 542";"A01";"2";"50";"0";"1";"1";"5";"3";""
"202200009231";"797 538";"A01";"2";"3";"0";"1";"0";"1";"1";""
"202200009232";"797 537";"B01";"2";"14";"0";"2";"3";"20";"1";""
"202200009232";"797 540";"A01";"2";"32";"0";"2";"1";"1";"1";""
"202200009233";"797 539";"A01";"2";"34";"0";"2";"1";"1";"0";""
"202200009233";"797 541";"B01";"2";"7";"0";"2";"4";"23";"1";""
"202200009234";"797 531";"B01";"1";"7";"0";"2";"7";"15";"0";""
"202200009234";"797 535";"A01";"1";"1";"0";"2";"8";"1";"5";""
"202200009235";"797 532";"A01";"2";"10";"0";"1";"0";"1";"1";""
"202200009236";"797 530";"A01";"1";"7";"0";"2";"1";"13";"6";""
"202200009236";"797 534";"B01";"2";"7";"0";"2";"1";"21";"1";""
"202200009236";"797 536";"C01";"2";"32";"0";"2";"1";"23";"1";""
"202200009237";"797 528";"A01";"2";"10";"0";"2";"1";"2";"1";""
"202200009237";"797 529";"B01";"2";"7";"0";"2";"4";"2";"1";""
"202200009238";"797 527";"A01";" -1";"7";"0";"2";"2";"1";"1";""
"202200009238";"797 533";"B01";" -1";"7";"0";"2";"3";"1";"1";""
"202200009239";"797 526";"A01";"1";"7";"14";"0";"3";"26";"3";""
"202200009240";"797 524";"A01";"3";"7";"0";"2";"1";"9";"1";""
"202200009241";"797 523";"A01";"1";"7";"0";"2";"2";"15";"1";""
"202200009241";"797 525";"B01";"2";"1";"0";"2";"1";"1";"5";""
"202200009242";"797 517";"A01";"1";"7";"0";"2";"2";"1";"1";""
"202200009242";"797 521";"B01";"1";"99";"0";"2";"1";"9";"1";""
"202200009243";"797 516";"A01";"3";"15";"0";"2";"1";"1";"1";""
"202200009243";"797 520";"B01";"3";"33";"0";"2";"4";"1";"1";""
"202200009244";"797 514";"A01";"1";"7";"0";"2";"1";"9";"1";""
"202200009244";"797 519";"B01";"3";"50";"0";"2";"7";"1";"3";""
"202200009245";"797 513";"A01";"2";"7";"0";"2";"1";"1";"1";""