"Num_Acc";"id_vehicule";"num_veh";"senc";"catv";"obs";"obsm";"choc";"manv";"motor";"occutc"
"202200009245";"797 515";"B01";"1";"7";"0";"2";"3";"1";"1";""
"202200009246";"797 508";"A01";"1";"31";"0";"2";"2";"0";"1";""
"202200009246";"797 511";"B01";"1";"7";"0";"2";"3";"2";"1";""
"202200009247";"797 506";"A01";"1";"10";"0";"2";"4";"1";"1";""
"202200009247";"797 509";"B01";"2";"1";"0";"2";"1";"1";"5";""
"202200009248";"797 504";"A01";"1";"7";"13";"0";"2";"14";"1";""
"202200009249";"797 505";"A01";"1";"33";"0";"2";"1";"11";"1";""
"202200009249";"797 507";"B01";"1";"10";"0";"2";"4";"11";"1";""
"202200009250";"797 500";"A01";"2";"7";"0";"2";"2";"16";"1";""
"202200009250";"797 502";"Y01";"3";"1";"0";"2";"2";"19";"5";""
"202200009251";"797 495";"B01";"1";"7";"0";"2";"3";"1";"1";""
"202200009251";"797 499";"A01";"2";"33";"0";"2";"0";"13";"1";""
"202200009252";"797 496";"A01";"1";"7";"0";"2";"7";"15";"1";""
"202200009252";"797 501";"B01";"2";"33";"0";"2";"1";"1";"1";""
"202200009253";"797 494";"A01";"2";"7";"0";"2";"1";"2";"1";""
"202200009253";"797 497";"B01";"2";"7";"0";"2";"4";"2";"1";""
"202200009254";"797 491";"A01";"3";"7";"0";"1";"4";"4";"1";""
"202200009255";"797 492";"A01";"1";"2";"0";"2";"0";"3";"1";""
"202200009255";"797 493";"B01";"1";"7";"0";"2";"3";"2";"1";""
"202200009256";"797 490";"A01";"3";"7";"0";"1";"1";"1";"2";""
"202200009257";"797 489";"A01";"1";"7";"0";"1";"1";"1";"1";""
"202200009258";"797 487";"A01";"1";"10";"4";"0";"7";"16";"1";""
"202200009259";"797 483";"B01";"1";"7";"0";"2";"4";"0";"1";""
"202200009259";"797 486";"A01";"1";"7";"0";"2";"1";"0";"1";""
"202200009260";"797 484";"B01";"2";"31";"0";"0";"8";"1";"1";""
"202200009260";"797 488";"A01";"1";"7";"0";"0";"0";"19";"1";""
"202200009261";"797 481";"B01";"0";"7";"0";"2";"3";"13";"1";""
"202200009261";"797 485";"A01";"0";"7";"0";"2";"1";"16";"1";""
"202200009262";"797 480";"A01";"1";"32";"0";"2";"1";"18";"1";""
"202200009262";"797 482";"B01";"1";"7";"0";"2";"5";"16";"1";""
"202200009263";"797 477";"B01";"3";"7";"0";"2";"4";"23";"1";""
"202200009263";"797 479";"A01";"3";"7";"0";"2";"2";"2";"1";""
"202200009264";"797 475";"B01";"0";"7";"0";"2";"1";"1";"1";""
"202200009264";"797 478";"A01";"0";"7";"0";"2";"1";"15";"1";""
"202200009265";"797 474";"A01";"2";"7";"13";"0";"9";"1";"1";""
"202200009266";"797 473";"A01";"2";"33";"0";"2";"1";"2";"1";""
"202200009266";"797 476";"B01";"2";"33";"0";"0";"1";"2";"1";""
"202200009267";"797 471";"A01";"0";"7";"0";"2";"1";"1";"1";""
"202200009267";"797 472";"B01";"0";"1";"0";"2";"8";"19";"5";""
"202200009268";"797 467";"A01";"1";"10";"0";"1";"8";"26";"1";""
"202200009269";"797 466";"A01";"2";"10";"0";"2";"6";"1";"1";""
"202200009269";"797 469";"B01";"2";"32";"0";"2";"7";"17";"1";""
"202200009270";"797 465";"A01";"3";"33";"0";"2";"1";"1";"1";""
"202200009270";"797 468";"B01";"3";"10";"0";"2";"4";"1";"1";""
"202200009271";"797 463";"A01";"2";"50";"0";"2";"7";"1";"3";""
"202200009271";"797 470";"B01";"2";"7";"0";"2";"0";"0";"1";""
"202200009272";"797 462";"B01";"2";"80";"0";"2";"1";"7";"3";""
"202200009272";"797 464";"A01";"1";"7";"0";"2";"2";"19";"1";""
"202200009273";"797 459";"A01";"1";"32";"0";"0";"3";"1";"3";""
"202200009274";"797 455";"B01";"2";"7";"0";"2";"3";"1";"1";""
"202200009274";"797 458";"A01";"2";"7";"0";"2";"4";"4";"1";""
"202200009275";"797 454";"A01";"3";"33";"0";"2";"7";"17";"1";""
"202200009275";"797 460";"B01";"3";"7";"0";"2";"8";"1";"1";""
"202200009276";"797 453";"C01";"1";"7";"0";"2";"8";"1";"1";""
"202200009276";"797 457";"B01";"2";"7";"0";"2";"1";"1";"2";""
"202200009276";"797 461";"A01";"1";"7";"0";"2";"1";"17";"1";""
"202200009277";"797 451";"B01";"1";"7";"0";"2";"3";"1";"1";""
"202200009277";"797 456";"A01";"2";"10";"0";"2";"5";"15";"1";""
"202200009278";"797 450";"A01";"1";"7";"0";"2";"8";"22";"1";""
"202200009278";"797 452";"B01";"1";"50";"1";"0";"1";"1";"3";""
"202200009279";"797 446";"A01";"2";"3";"1";"0";"2";"14";"1";""
"202200009280";"797 442";"B01";"1";"7";"0";"2";"4";"1";"1";""
"202200009280";"797 449";"A01";"1";"14";"0";"2";"1";"1";"1";""
"202200009281";"797 445";"B01";"0";"32";"0";"2";"3";"1";"1";""
"202200009281";"797 447";"A01";"0";"7";"0";"2";"8";"15";"1";""
"202200009282";"797 441";"B01";"2";"7";"0";"2";"6";"15";"1";""
"202200009282";"797 443";"A01";"1";"30";"0";"2";"1";"2";"1";""
"202200009283";"797 444";"A01";"1";"7";"0";"2";"1";"1";"1";""
"202200009283";"797 448";"B01";"1";"7";"0";"2";"0";"1";"1";""
"202200009284";"797 439";"A01";"1";"2";"0";"1";"1";"1";"3";""
"202200009285";"797 435";"A01";"1";"7";"0";"2";"0";"1";"1";""
"202200009285";"797 440";"B01";"2";"1";"0";"2";"0";"1";"5";""
"202200009286";"797 437";"A01";"1";"7";"0";"1";"1";"15";"1";""
"202200009287";"797 434";"B01";"2";"50";"0";"0";"4";"2";"3";""
"202200009287";"797 438";"A01";"2";"2";"0";"2";"2";"2";"1";""
"202200009288";"797 432";"A01";"2";"7";"0";"2";"4";"4";"1";""
"202200009288";"797 436";"B01";"2";"2";"0";"2";"1";"23";"1";""
"202200009289";"797 427";"C01";"1";"7";"1";"2";"8";"0";"1";""
"202200009289";"797 431";"B01";"2";"34";"0";"2";"7";"13";"1";""
"202200009289";"797 433";"A01";"1";"7";"0";"2";"1";"9";"1";""
"202200009290";"797 424";"B01";"2";"33";"0";"2";"1";"1";"1";""
"202200009290";"797 430";"A01";"0";"7";"0";"2";"0";"0";"1";""
"202200009291";"797 422";"A01";"2";"7";"0";"2";"3";"1";"1";""
"202200009291";"797 426";"B01";"1";"1";"0";"0";"4";"1";"5";""
"202200009292";"797 423";"A01";"2";"7";"0";"2";"4";"23";"1";""
"202200009292";"797 429";"B01";"2";"7";"0";"2";"1";"2";"1";""
"202200009293";"797 425";"B01";"1";"32";"0";"2";"1";"3";"1";""
"202200009293";"797 428";"A01";"1";"7";"0";"2";"5";"1";"1";""
"202200009294";"797 420";"A01";"0";"7";"8";"0";"1";"14";"1";""
"202200009295";"797 419";"A01";"1";"30";"0";"0";"0";"14";"3";""
"202200009296";"797 417";"A01";"2";"7";"0";"2";"3";"24";"1";""
"202200009296";"797 421";"B01";"2";"50";"1";"0";"1";"1";"3";""
"202200009297";"797 414";"A01";"1";"7";"0";"2";"3";"16";"1";""
"202200009297";"797 418";"B01";"2";"2";"0";"2";"8";"1";"1";""
"202200009298";"797 411";"A01";"1";"2";"0";"0";"0";"1";"1";""
"202200009299";"797 412";"A01";"2";"7";"4";"2";"8";"1";"1";""
"202200009299";"797 416";"Z01";"2";"15";"0";"2";"2";"12";"1";""
"202200009300";"797 410";"B01";"0";"10";"0";"2";"2";"1";"1";""
"202200009300";"797 415";"A01";"0";"10";"0";"2";"1";"1";"1";""
"202200009301";"797 409";"A01";"1";"7";"0";"2";"1";"16";"3";""
"202200009301";"797 413";"B01";"0";"2";"0";"2";"1";"1";"1";""
"202200009302";"797 404";"B01";"3";"10";"0";"2";"7";"14";"1";""
"202200009302";"797 406";"A01";"3";"33";"9";"2";"1";"18";"1";""
"202200009303";"797 403";"A01";"1";"10";"0";"2";"1";"2";"1";""
"202200009303";"797 407";"B01";"1";"7";"0";"2";"4";"2";"2";""
"202200009304";"797 401";"A01";"1";"7";"0";"2";"9";"5";"1";""
"202200009304";"797 408";"B01";"2";"7";"0";"2";"1";"15";"1";""
"202200009305";"797 402";"B01";"1";"2";"1";"2";"3";"1";"1";""
"202200009305";"797 405";"A01";"2";"7";"1";"0";"1";"15";"3";""
"202200009306";"797 400";"Z01";"2";"7";"0";"1";"4";"4";"1";""
"202200009307";"797 395";"A01";"1";"7";"9";"2";"1";"1";"1";""
"202200009307";"797 399";"B01";"1";"7";"9";"2";"4";"1";"1";""
"202200009308";"797 394";"A01";"1";"7";"0";"2";"1";"2";"1";""
"202200009308";"797 398";"B01";"1";"7";"0";"2";"4";"2";"1";""
"202200009309";"797 393";"A01";"2";"7";"0";"9";"8";"22";"1";""
"202200009309";"797 397";"B01";"2";"1";"1";"0";"1";"1";"5";""
"202200009310";"797 392";"A01";"2";"7";"0";"2";"1";"10";"1";""
"202200009310";"797 396";"B01";"1";"30";"0";"2";"0";"0";"1";""
"202200009311";"797 389";"B01";"2";"1";"0";"2";"1";"1";"5";""
"202200009311";"797 391";"A01";"0";"15";"0";"2";"3";"22";"1";""
"202200009312";"797 386";"A01";"1";"37";"0";"2";"6";"1";"1";"1"
"202200009312";"797 390";"B01";"1";"50";"9";"2";"1";"1";"3";""
"202200009313";"797 384";"B01";"2";"33";"0";"2";"1";"2";"1";""
"202200009313";"797 388";"A01";"2";"7";"0";"2";"4";"11";"1";""
"202200009314";"797 382";"B01";"3";"10";"0";"2";"3";"1";"1";""
"202200009314";"797 387";"A01";"3";"50";"0";"2";"7";"1";"3";""
"202200009315";"797 383";"C01";"2";"33";"0";"0";"6";"2";"1";""
"202200009315";"797 385";"B01";"2";"30";"0";"0";"6";"2";"1";""
"202200009316";"797 380";"B01";"3";"7";"0";"9";"3";"1";"1";""
"202200009316";"797 381";"A01";"3";"1";"0";"2";"1";"5";"5";""
"202200009317";"797 376";"A01";"2";"7";"0";"0";"2";"15";"1";""
"202200009317";"797 379";"B01";"1";"31";"0";"2";"1";"1";"1";""
"202200009318";"797 375";"B01";"3";"43";"0";"2";"1";"21";"1";""
"202200009318";"797 377";"A01";"3";"7";"0";"9";"3";"15";"1";""
"202200009319";"797 374";"A01";"1";"7";"0";"1";"1";"20";"1";""
"202200009320";"797 373";"A01";"1";"7";"0";"2";"1";"1";"1";""
"202200009320";"797 378";"B01";"1";"10";"0";"2";"4";"11";"1";""
"202200009321";"797 371";"B01";"2";"7";"0";"2";"8";"1";"1";""
"202200009321";"797 372";"A01";"1";"32";"0";"2";"1";"1";"1";""
"202200009322";"797 367";"A01";"1";"7";"0";"1";"2";"1";"1";""
"202200009323";"797 366";"B01";"1";"7";"0";"2";"1";"2";"1";""
"202200009323";"797 369";"A01";"1";"7";"0";"0";"4";"2";"1";""
"202200009324";"797 365";"A01";"2";"10";"0";"2";"7";"12";"1";""
"202200009324";"797 368";"B01";"2";"34";"0";"2";"1";"3";"1";""
"202200009325";"797 362";"B01";"1";"10";"0";"2";"1";"2";"1";""
"202200009325";"797 364";"A01";"1";"7";"0";"0";"4";"15";"1";""
"202200009326";"797 360";"B01";"2";"7";"0";"2";"5";"23";"1";""
"202200009326";"797 363";"A01";"2";"50";"0";"2";"1";"1";"3";""
"202200009327";"797 359";"A01";"2";"7";"4";"0";"3";"13";"1";""
"202200009328";"797 358";"A01";"2";"33";"0";"2";"8";"3";"1";""
"202200009329";"797 357";"B01";"1";"30";"0";"2";"1";"1";"1";""
"202200009329";"797 361";"A01";"1";"10";"0";"2";"8";"19";"1";""
"202200009330";"797 356";"A01";"1";"30";"0";"0";"8";"1";"3";""
"202200009331";"797 353";"A01";"3";"7";"0";"2";"3";"9";"1";""
"202200009331";"797 354";"B01";"3";"50";"0";"2";"2";"1";"3";""
"202200009332";"797 350";"B01";"2";"1";"0";"0";"7";"1";"5";""
"202200009332";"797 355";"A01";"1";"7";"0";"2";"1";"15";"1";""
"202200009333";"797 348";"B01";"2";"33";"0";"2";"1";"21";"1";""
"202200009333";"797 351";"A01";"3";"7";"0";"2";"1";"19";"2";""
"202200009334";"797 349";"A01";"1";"32";"0";"2";"1";"3";"1";""
"202200009334";"797 352";"B01";"2";"7";"0";"2";"3";"11";"1";""
"202200009335";"797 345";"A01";"1";"7";"0";"2";"3";"22";"1";""
"202200009335";"797 347";"B01";"1";"80";"0";"2";"2";"1";"3";""
"202200009336";"797 346";"A01";"3";"7";"0";"9";"1";"26";"2";""
"202200009337";"797 343";"A01";"1";"7";"13";"2";"5";"13";"1";""
"202200009337";"797 344";"B01";"1";"7";"13";"0";"2";"21";"0";""
"202200009338";"797 341";"B01";"1";"10";"0";"2";"6";"2";"1";""
"202200009338";"797 342";"A01";"1";"33";"0";"2";"1";"2";"1";""
"202200009339";"797 339";"A01";"2";"10";"1";"0";"2";"2";"1";""
"202200009340";"797 337";"A01";"2";"3";"7";"0";"3";"13";"1";""
"202200009341";"797 336";"B01";"3";"7";"0";"2";"1";"1";"1";""
"202200009341";"797 340";"A01";"3";"2";"0";"2";"5";"1";"1";""
"202200009342";"797 335";"A01";"1";"7";"0";"2";"3";"11";"1";""
"202200009342";"797 338";"B01";"1";"2";"0";"2";"2";"17";"1";""
"202200009343";"797 330";"B01";"2";"7";"0";"2";"2";"1";"0";""
"202200009343";"797 333";"A01";"1";"33";"0";"2";"1";"2";"1";""
"202200009344";"797 324";"A01";"2";"10";"0";"2";"3";"13";"1";""
"202200009344";"797 326";"B01";"2";"7";"0";"2";"1";"2";"1";""
"202200009344";"797 329";"C01";"1";"7";"0";"2";"3";"1";"1";""
"202200009345";"797 327";"C01";"2";"7";"0";"2";"4";"2";"2";""
"202200009345";"797 331";"B01";"2";"7";"0";"2";"4";"2";"1";""
"202200009345";"797 334";"A01";"2";"10";"0";"2";"1";"2";"1";""
"202200009346";"797 319";"A01";"3";"7";"0";"0";"1";"2";"1";""
"202200009347";"797 317";"A01";"1";"7";"15";"0";"3";"1";"1";""
"202200009348";"797 321";"B01";"2";"37";"0";"2";"2";"1";"1";"2"
"202200009348";"797 328";"A01";"2";"7";"0";"2";"3";"1";"1";""
"202200009349";"797 318";"A01";"3";"33";"0";"0";"9";"1";"1";""
"202200009350";"797 320";"A01";"1";"7";"0";"2";"2";"17";"1";""
"202200009350";"797 323";"B01";"3";"7";"0";"2";"3";"23";"1";""
"202200009350";"797 325";"C01";"0";"7";"0";"2";"6";"23";"0";""
"202200009350";"797 332";"D01";"1";"7";"0";"2";"5";"0";"1";""
"202200009351";"797 316";"A01";"1";"7";"0";"2";"2";"1";"1";""
"202200009351";"797 322";"B01";"1";"1";"0";"0";"4";"1";"5";""
"202200009352";"797 315";"A01";"1";"7";"0";"0";"0";"1";"1";""
"202200009353";"797 313";"A01";"2";"7";"3";"0";"7";"1";"1";""
"202200009354";"797 308";"B01";"1";"7";"0";"2";"8";"15";"1";""
"202200009354";"797 312";"A01";"1";"7";"0";"2";"2";"17";"1";""
"202200009355";"797 310";"B01";"2";"1";"0";"2";"7";"0";"5";""
"202200009355";"797 314";"A01";"1";"7";"0";"2";"3";"1";"1";""
"202200009356";"797 307";"A01";"1";"7";"2";"0";"1";"1";"1";""
"202200009357";"797 306";"B01";"1";"10";"15";"2";"7";"1";"1";""
"202200009357";"797 311";"A01";"2";"10";"0";"2";"1";"1";"1";""
"202200009358";"797 305";"B01";"1";"31";"0";"2";"1";"1";"1";""
"202200009358";"797 309";"A01";"1";"10";"0";"2";"5";"15";"1";""
"202200009359";"797 302";"A01";"2";"7";"0";"1";"1";"1";"1";""
"202200009360";"797 299";"A01";"0";"7";"1";"0";"2";"1";"1";""
"202200009361";"797 298";"C01";"2";"7";"0";"2";"8";"23";"1";""
"202200009361";"797 300";"B01";"1";"33";"11";"2";"5";"0";"1";""
"202200009361";"797 303";"A01";"1";"10";"0";"2";"1";"9";"1";""
"202200009362";"797 296";"A01";"2";"7";"3";"0";"2";"1";"1";""
"202200009363";"797 297";"A01";"2";"30";"0";"2";"1";"1";"1";""
"202200009363";"797 304";"B01";"2";"7";"0";"2";"2";"1";"1";""
"202200009364";"797 295";"A01";"1";"7";"0";"2";"8";"16";"1";""
"202200009364";"797 301";"B01";"1";"7";"0";"2";"1";"1";"1";""
"202200009365";"797 293";"A01";"2";"34";"0";"0";"8";"1";"1";""
"202200009366";"797 292";"A01";"2";"10";"0";"2";"0";"3";"0";""
"202200009366";"797 294";"B01";"2";"2";"0";"2";"8";"3";"0";""
"202200009367";"797 291";"A01";"2";"7";"0";"1";"2";"1";"1";""
"202200009368";"797 287";"B01";"1";"7";"0";"2";"1";"1";"1";""
"202200009368";"797 289";"A01";"2";"7";"0";"2";"1";"1";"1";""
"202200009369";"797 290";"A01";"1";"7";"0";"1";"3";"1";"1";""
"202200009370";"797 286";"A01";"0";"50";"0";"0";"0";"26";"3";""
"202200009371";"797 283";"A01";"1";"10";"0";"1";"3";"1";"1";""
"202200009372";"797 282";"B01";"1";"1";"1";"0";"1";"1";"5";""
"202200009372";"797 285";"A01";"1";"7";"0";"9";"8";"22";"1";""
"202200009373";"797 281";"A01";"2";"1";"1";"0";"5";"21";"5";""
"202200009374";"797 278";"A01";"2";"7";"0";"2";"3";"13";"1";""
"202200009374";"797 280";"B01";"1";"30";"0";"2";"1";"1";"1";""
"202200009375";"797 279";"A01";"2";"36";"12";"0";"2";"14";"1";""
"202200009376";"797 276";"A01";"1";"7";"9";"0";"9";"0";"1";""
"202200009377";"797 275";"A01";"3";"7";"0";"2";"7";"1";"1";""
"202200009377";"797 277";"B01";"3";"14";"0";"2";"2";"1";"1";""
"202200009378";"797 274";"A01";"2";"7";"1";"0";"9";"2";"1";""
"202200009379";"797 270";"A01";"1";"7";"0";"1";"3";"1";"1";""
"202200009380";"797 269";"B01";"2";"7";"0";"2";"4";"23";"1";""
"202200009380";"797 272";"A01";"2";"7";"1";"0";"1";"2";"1";""
"202200009381";"797 266";"B01";"1";"33";"0";"2";"1";"1";"1";""
"202200009381";"797 273";"A01";"2";"80";"0";"2";"2";"1";"3";""
"202200009382";"797 268";"B01";"2";"7";"0";"2";"1";"1";"1";""
"202200009382";"797 271";"A01";"1";"7";"0";"2";"2";"15";"1";""
"202200009383";"797 265";"A01";"1";"7";"0";"1";"3";"1";"1";""
"202200009383";"797 267";"B01";"2";"7";"0";"1";"3";"1";"1";""
"202200009384";"797 262";"A01";"1";"32";"0";"2";"2";"1";"1";""
"202200009384";"797 264";"B01";"2";"7";"0";"2";"3";"15";"1";""
"202200009385";"797 261";"A01";"1";"1";"0";"0";"1";"12";"5";""
"202200009386";"797 258";"B01";"1";"7";"0";"2";"3";"1";"1";""
"202200009386";"797 263";"A01";"1";"7";"0";"2";"3";"15";"1";""
"202200009387";"797 256";"A01";"1";"2";"1";"1";"1";"0";"1";""
"202200009388";"797 257";"B01";"1";"7";"0";"9";"2";"15";"1";""
"202200009388";"797 259";"A01";"1";"1";"0";"0";"4";"15";"5";""
"202200009389";"797 254";"A01";"2";"10";"3";"0";"1";"13";"1";""
"202200009389";"797 260";"B01";"1";"7";"3";"0";"1";"1";"1";""
"202200009390";"797 255";"A01";"1";"7";"0";"1";"3";"1";"1";""
"202200009391";"797 250";"B01";"0";"7";"8";"2";"1";"1";"1";""
"202200009391";"797 253";"A01";"0";"10";"0";"2";"3";"1";"0";""
"202200009392";"797 248";"A01";"1";"7";"6";"0";"2";"15";"1";""
"202200009392";"797 252";"B01";"2";"7";"0";"0";"2";"1";"2";""
"202200009393";"797 246";"A01";"1";"7";"0";"2";"1";"13";"1";""
"202200009393";"797 251";"B01";"2";"7";"0";"2";"1";"1";"1";""
"202200009394";"797 247";"A01";"1";"33";"0";"0";"2";"17";"1";""
"202200009395";"797 245";"B01";"3";"50";"0";"2";"1";"1";"3";""
"202200009395";"797 249";"A01";"3";"10";"0";"2";"3";"9";"1";""
"202200009396";"797 243";"A01";"2";"10";"4";"0";"8";"1";"1";""
"202200009397";"797 242";"B01";"1";"7";"0";"0";"3";"1";"1";""
"202200009397";"797 244";"A01";"2";"7";"0";"0";"3";"13";"0";""
"202200009398";"797 241";"A01";"1";"7";"8";"0";"1";"1";"1";""
"202200009399";"797 240";"A01";"0";"7";"6";"0";"1";"0";"1";""
"202200009400";"797 238";"A01";"1";"7";"2";"0";"7";"1";"1";""
"202200009401";"797 237";"B01";"2";"7";"0";"0";"4";"23";"1";""
"202200009401";"797 239";"A01";"2";"7";"0";"2";"1";"1";"1";""
"202200009402";"797 236";"A01";"2";"7";"4";"0";"1";"1";"1";""
"202200009403";"797 232";"A01";"3";"2";"0";"2";"1";"0";"1";""
"202200009403";"797 234";"B01";"3";"2";"0";"2";"4";"0";"1";""
"202200009404";"797 228";"A01";"2";"7";"0";"2";"3";"26";"1";""
"202200009404";"797 230";"B01";"1";"7";"0";"2";"3";"26";"1";""
"202200009405";"797 227";"B01";"2";"33";"0";"2";"1";"1";"1";""
"202200009405";"797 231";"A01";"1";"7";"0";"2";"3";"15";"1";""
"202200009406";"797 224";"A01";"1";"7";"0";"2";"2";"15";"1";""
"202200009406";"797 225";"B01";"2";"7";"0";"2";"3";"1";"1";""
"202200009407";"797 221";"B01";"2";"33";"0";"2";"1";"17";"1";""
"202200009407";"797 222";"A01";"1";"7";"0";"2";"1";"1";"1";""
"202200009408";"797 219";"C01";"3";"7";"0";"2";"4";"1";"1";""
"202200009408";"797 226";"B01";"3";"7";"0";"2";"1";"1";"1";""
"202200009408";"797 229";"A01";"3";"7";"0";"2";"1";"11";"1";""
"202200009409";"797 216";"B01";"2";"7";"0";"2";"1";"1";"1";""
"202200009409";"797 220";"A01";"1";"7";"0";"2";"1";"1";"1";""
"202200009410";"797 214";"B01";"1";"7";"0";"2";"3";"1";"1";""
"202200009410";"797 217";"A01";"2";"7";"0";"2";"3";"1";"1";""
"202200009411";"797 212";"B01";"3";"7";"9";"2";"3";"16";"1";""
"202200009411";"797 215";"A01";"3";"7";"9";"2";"1";"26";"1";""
"202200009412";"797 209";"A01";"2";"17";"3";"0";"1";"13";"1";""
"202200009413";"797 210";"B01";"3";"1";"0";"2";"1";"1";"5";""
"202200009413";"797 213";"A01";"3";"7";"0";"2";"7";"16";"1";""
"202200009414";"797 207";"B01";"1";"7";"0";"2";"3";"1";"1";""
"202200009414";"797 211";"A01";"1";"80";"0";"2";"1";"0";"3";""
"202200009415";"797 203";"B01";"1";"17";"0";"0";"4";"1";"1";""
"202200009415";"797 206";"A01";"1";"7";"0";"2";"1";"2";"1";""
"202200009416";"797 205";"A01";"0";"2";"0";"2";"1";"9";"1";""
"202200009416";"797 208";"B01";"0";"7";"0";"2";"3";"1";"1";""
"202200009417";"797 200";"A01";"1";"7";"1";"0";"8";"17";"1";""
"202200009417";"797 204";"B01";"2";"7";"0";"2";"4";"24";"1";""
"202200009418";"797 201";"A01";"1";"7";"1";"0";"1";"21";"1";""
"202200009419";"797 199";"A01";"1";"7";"0";"0";"9";"14";"1";""
"202200009420";"797 197";"A01";"1";"36";"8";"0";"2";"1";"1";""
"202200009421";"797 198";"B01";"1";"1";"0";"2";"7";"1";"5";""
"202200009421";"797 202";"A01";"2";"7";"0";"9";"2";"1";"1";""
"202200009422";"797 196";"A01";"1";"7";"0";"1";"1";"1";"1";""
"202200009423";"797 194";"B01";"1";"50";"0";"2";"4";"1";"3";""
"202200009423";"797 195";"A01";"1";"43";"0";"2";"1";"1";"1";""
"202200009424";"797 193";"A01";"3";"7";"0";"1";"3";"1";"0";""
"202200009425";"797 189";"A01";"3";"7";"0";"1";"0";"0";"0";""
"202200009426";"797 190";"A01";"1";"7";"0";"2";"3";"13";"1";""
"202200009426";"797 191";"B01";"2";"21";"0";"2";"3";"1";"1";""
"202200009427";"797 187";"A01";"3";"7";"0";"1";"3";"1";"1";""
"202200009428";"797 186";"A01";"1";"7";"3";"0";"1";"0";"1";""
"202200009429";"797 185";"A01";"1";"7";"2";"1";"2";"1";"1";""
"202200009430";"797 184";"A01";"1";"7";"6";"0";"2";"1";"1";""
"202200009431";"797 183";"A01";"2";"7";"8";"0";"1";"0";"1";""
"202200009432";"797 179";"A01";"3";"99";"8";"1";"5";"20";"1";""
"202200009433";"797 180";"B01";"3";"21";"0";"2";"1";"13";"1";""
"202200009433";"797 182";"A01";"3";"1";"0";"2";"1";"1";"5";""
"202200009434";"797 177";"B01";"2";"2";"0";"2";"8";"1";"1";""
"202200009434";"797 181";"A01";"2";"7";"0";"2";"7";"16";"1";""
"202200009435";"797 173";"A01";"2";"30";"16";"0";"9";"1";"1";""
"202200009436";"797 175";"B01";"1";"7";"1";"0";"0";"0";"1";""
"202200009436";"797 178";"A01";"1";"34";"0";"2";"8";"2";"1";""
"202200009437";"797 172";"A01";"2";"15";"3";"0";"7";"1";"1";""
"202200009437";"797 174";"B01";"1";"15";"0";"2";"4";"1";"1";""
"202200009437";"797 176";"C01";"1";"15";"0";"2";"1";"2";"1";""
"202200009438";"797 171";"A01";"2";"7";"0";"0";"9";"1";"1";""
"202200009439";"797 170";"A01";"2";"7";"0";"1";"8";"1";"0";""
"202200009440";"797 168";"A01";"0";"7";"0";"1";"1";"0";"1";""
"202200009441";"797 166";"A01";"1";"33";"0";"0";"8";"2";"1";""
"202200009441";"797 167";"B01";"1";"7";"0";"2";"2";"2";"1";""
"202200009442";"797 165";"A01";"1";"7";"0";"1";"1";"1";"1";""
"202200009443";"797 162";"A01";"3";"33";"0";"2";"1";"17";"1";""
"202200009443";"797 164";"B01";"3";"2";"0";"2";"4";"1";"1";""
"202200009444";"797 161";"A01";"3";"30";"0";"1";"1";"13";"1";""
"202200009445";"797 157";"A01";"0";"7";"13";"0";"1";"1";"1";""
"202200009446";"797 155";"A01";"2";"7";"0";"2";"1";"1";"1";""
"202200009446";"797 159";"B01";"2";"10";"0";"2";"9";"1";"1";""
"202200009446";"797 163";"C01";"2";"7";"0";"0";"4";"1";"1";""
"202200009447";"797 154";"A01";"1";"20";"0";"2";"1";"1";"1";""
"202200009447";"797 158";"B01";"2";"7";"0";"2";"1";"0";"1";""
"202200009448";"797 152";"A01";"3";"7";"0";"1";"1";"1";"1";""
"202200009449";"797 149";"B01";"1";"7";"3";"2";"3";"1";"1";""
"202200009449";"797 151";"A01";"2";"7";"0";"2";"3";"1";"1";""
"202200009450";"797 147";"B01";"1";"7";"0";"2";"2";"1";"1";""
"202200009450";"797 148";"A01";"2";"7";"0";"2";"1";"13";"1";""
"202200009451";"797 146";"A01";"1";"7";"0";"0";"0";"0";"1";""
"202200009452";"797 145";"B01";"3";"7";"0";"2";"0";"1";"1";""
"202200009452";"797 150";"A01";"3";"7";"0";"2";"1";"2";"1";""
"202200009453";"797 143";"A01";"2";"7";"4";"0";"8";"13";"1";""
"202200009454";"797 140";"A01";"1";"7";"3";"0";"3";"13";"1";""
"202200009455";"797 138";"A01";"1";"7";"0";"9";"2";"2";"1";""
"202200009455";"797 141";"B01";"1";"1";"0";"0";"4";"2";"5";""
"202200009456";"797 137";"C01";"2";"7";"0";"2";"1";"1";"1";""
"202200009456";"797 142";"B01";"2";"7";"0";"2";"1";"1";"1";""
"202200009456";"797 144";"A01";"1";"7";"0";"2";"1";"5";"1";""
"202200009457";"797 136";"A01";"3";"7";"0";"1";"3";"1";"1";""
"202200009458";"797 135";"B01";"1";"7";"0";"2";"4";"1";"1";""
"202200009458";"797 139";"A01";"1";"7";"0";"2";"1";"1";"1";""
"202200009459";"797 130";"A01";"3";"33";"13";"0";"9";"1";"1";""
"202200009460";"797 132";"B01";"2";"7";"14";"0";"3";"2";"1";""
"202200009460";"797 134";"A01";"2";"7";"0";"0";"5";"23";"1";""
"202200009461";"797 129";"B01";"1";"7";"0";"2";"1";"1";"1";""
"202200009461";"797 133";"A01";"2";"7";"0";"2";"1";"15";"1";""