"Num_Acc";"id_vehicule";"num_veh";"senc";"catv";"obs";"obsm";"choc";"manv";"motor";"occutc"
"202200009462";"797 127";"A01";"1";"31";"0";"0";"0";"1";"1";""
"202200009463";"797 125";"A01";"3";"7";"0";"0";"0";"0";"1";""
"202200009464";"797 119";"A01";"1";"7";"0";"2";"1";"1";"2";""
"202200009464";"797 123";"B01";"1";"17";"0";"2";"4";"1";"1";""
"202200009465";"797 122";"A01";"2";"7";"0";"0";"4";"23";"1";""
"202200009465";"797 124";"B01";"2";"17";"0";"0";"4";"23";"1";""
"202200009465";"797 126";"C01";"2";"10";"0";"0";"4";"23";"1";""
"202200009465";"797 128";"D01";"2";"17";"0";"2";"1";"2";"1";""
"202200009465";"797 131";"E01";"2";"7";"0";"2";"1";"2";"1";""
"202200009466";"797 121";"A01";"3";"31";"0";"2";"2";"1";"1";""
"202200009467";"797 118";"A01";"1";"7";"2";"0";"1";"1";"1";""
"202200009468";"797 112";"A01";"1";"7";"0";"2";"2";"1";"1";""
"202200009468";"797 116";"B01";"2";"7";"0";"2";"2";"1";"1";""
"202200009469";"797 110";"B01";"1";"2";"0";"0";"7";"1";"1";""
"202200009469";"797 113";"A01";"1";"7";"0";"0";"3";"2";"1";""
"202200009470";"797 111";"A01";"3";"14";"0";"2";"7";"1";"1";""
"202200009470";"797 114";"B01";"3";"1";"0";"2";"8";"25";"5";""
"202200009471";"797 109";"A01";"0";"15";"8";"0";"2";"21";"1";""
"202200009472";"797 108";"A01";"2";"7";"0";"2";"3";"11";"1";""
"202200009472";"797 115";"B01";"2";"33";"4";"2";"7";"17";"1";""
"202200009473";"797 106";"A01";"1";"7";"13";"0";"2";"1";"1";""
"202200009474";"797 104";"A01";"1";"31";"16";"0";"9";"1";"1";""
"202200009475";"797 102";"A01";"2";"7";"13";"0";"1";"6";"1";""
"202200009476";"797 101";"B01";"3";"7";"0";"2";"0";"0";"0";""
"202200009476";"797 105";"A01";"3";"32";"0";"2";"1";"1";"1";""
"202200009477";"797 100";"A01";"1";"7";"13";"0";"1";"2";"1";""
"202200009478";"797 095";"A01";"1";"7";"0";"2";"8";"1";"1";""
"202200009478";"797 098";"B01";"1";"7";"0";"2";"3";"1";"1";""
"202200009479";"797 099";"A01";"0";"7";"13";"0";"2";"2";"1";""
"202200009480";"797 094";"B01";"1";"7";"0";"2";"2";"12";"1";""
"202200009480";"797 096";"A01";"1";"33";"0";"2";"3";"3";"1";""
"202200009481";"797 092";"A01";"0";"7";"0";"2";"1";"1";"1";""
"202200009481";"797 093";"B01";"0";"7";"0";"2";"1";"1";"1";""
"202200009481";"797 097";"C01";"0";"7";"0";"2";"3";"1";"1";""
"202200009482";"797 088";"A01";"2";"7";"0";"2";"3";"15";"1";""
"202200009482";"797 091";"B01";"1";"33";"0";"2";"1";"1";"1";""
"202200009483";"797 087";"A01";"1";"7";"0";"9";"1";"1";"1";""
"202200009483";"797 090";"B01";"1";"50";"0";"2";"8";"19";"3";""
"202200009484";"797 085";"B01";"0";"10";"0";"0";"4";"24";"0";""
"202200009484";"797 089";"A01";"0";"10";"1";"0";"1";"1";"1";""
"202200009485";"797 084";"B01";"2";"7";"0";"2";"7";"12";"1";""
"202200009485";"797 086";"A01";"2";"32";"0";"2";"1";"3";"1";""
"202200009486";"797 083";"A01";"1";"7";"13";"0";"1";"1";"0";""
"202200009487";"797 081";"A01";"3";"7";"2";"0";"8";"1";"0";""
"202200009488";"797 077";"A01";"1";"33";"0";"2";"1";"13";"1";""
"202200009488";"797 080";"B01";"2";"7";"0";"2";"2";"1";"1";""
"202200009489";"797 075";"B01";"1";"7";"0";"2";"4";"2";"1";""
"202200009489";"797 078";"A01";"1";"10";"0";"2";"1";"1";"1";""
"202200009490";"797 074";"A01";"3";"1";"12";"0";"8";"1";"5";""
"202200009491";"797 072";"B01";"1";"15";"0";"2";"5";"1";"1";""
"202200009491";"797 076";"A01";"1";"7";"0";"2";"3";"1";"1";""
"202200009492";"797 068";"B01";"1";"31";"0";"2";"3";"1";"1";""
"202200009492";"797 071";"A01";"1";"7";"0";"2";"6";"11";"1";""
"202200009493";"797 070";"B01";"1";"7";"0";"2";"3";"1";"2";""
"202200009493";"797 073";"A01";"2";"7";"0";"2";"3";"13";"1";""
"202200009494";"797 067";"A01";"2";"17";"0";"0";"3";"1";"1";""
"202200009494";"797 069";"B01";"1";"7";"0";"0";"1";"13";"1";""
"202200009495";"797 066";"A01";"1";"7";"14";"0";"1";"2";"1";""
"202200009496";"797 063";"B01";" -1";"33";"0";"2";"1";"0";"1";""
"202200009496";"797 065";"A01";" -1";"31";"0";"2";"1";"1";"1";""
"202200009497";"797 062";"A01";"2";"7";"0";"0";"0";"1";"1";""
"202200009498";"797 061";"A01";"2";"32";"0";"2";"1";"14";"1";""
"202200009498";"797 064";"B01";"2";"10";"0";"2";"6";"1";"6";""
"202200009499";"797 054";"D01";"2";"7";"0";"9";"1";"1";"1";""
"202200009499";"797 058";"C01";"2";"7";"0";"2";"6";"2";"1";""
"202200009499";"797 059";"B01";"2";"7";"0";"2";"6";"2";"1";""
"202200009499";"797 060";"A01";"2";"7";"3";"2";"2";"2";"1";""
"202200009500";"797 053";"B01";"1";"7";"0";"2";"8";"14";"1";""
"202200009500";"797 057";"A01";"2";"10";"0";"2";"3";"13";"1";""
"202200009501";"797 052";"B01";"1";"33";"0";"2";"1";"2";"1";""
"202200009501";"797 056";"A01";"1";"7";"0";"0";"5";"16";"1";""
"202200009502";"797 050";"A01";"1";"7";"0";"0";"0";"1";"1";""
"202200009503";"797 049";"A01";"2";"7";"2";"0";"8";"1";"1";""
"202200009504";"797 051";"A01";"1";"1";"0";"2";"1";"1";"5";""
"202200009504";"797 055";"Z01";"1";"7";"0";"2";"6";"22";"0";""
"202200009505";"797 048";"A01";"1";"7";"6";"0";"2";"1";"1";""
"202200009506";"797 046";"A01";"1";"10";"0";"2";"1";"2";"1";""
"202200009506";"797 047";"B01";"1";"7";"0";"2";"4";"2";"1";""
"202200009507";"797 044";"Z01";"3";"30";"0";"1";"1";"25";"0";""
"202200009508";"797 041";"B01";"1";"7";"0";"2";"3";"1";"1";""
"202200009508";"797 043";"A01";"2";"7";"0";"2";"2";"1";"1";""
"202200009509";"797 042";"B01";"2";"10";"0";"2";"1";"1";"1";""
"202200009509";"797 045";"A01";"1";"7";"0";"2";"1";"13";"1";""
"202200009510";"797 039";"B01";"1";"30";"0";"2";"9";"13";"1";""
"202200009510";"797 040";"A01";"1";"7";"0";"2";"2";"1";"1";""
"202200009511";"797 037";"A01";"2";"7";"0";"1";"8";"1";"1";""
"202200009512";"797 036";"B01";"2";"7";"0";"2";"4";"23";"1";""
"202200009512";"797 038";"A01";"2";"7";"0";"2";"1";"2";"1";""
"202200009513";"797 034";"A01";"3";"7";"9";"1";"2";"14";"1";""
"202200009514";"797 035";"A01";"2";"33";"3";"0";"2";"1";"1";""
"202200009515";"797 031";"A01";"2";"7";"3";"0";"3";"1";"1";""
"202200009516";"797 028";"A01";"1";"7";"3";"2";"3";"15";"1";""
"202200009516";"797 033";"B01";"1";"7";"3";"2";"2";"1";"1";""
"202200009517";"797 030";"A01";"2";"33";"0";"2";"4";"1";"1";""
"202200009517";"797 032";"B01";"2";"7";"0";"2";"1";"2";"1";""
"202200009518";"797 027";"A01";"2";"7";"0";"2";"1";"3";"1";""
"202200009518";"797 029";"B01";"2";"7";"0";"2";"4";"23";"1";""
"202200009519";"797 024";"B01";"1";"7";"0";"0";"6";"1";"1";""
"202200009519";"797 025";"A01";"1";"33";"0";"2";"1";"1";"1";""
"202200009520";"797 022";"A01";"3";"1";"0";"2";"1";"0";"5";""
"202200009521";"797 021";"A01";"1";"1";"0";"9";"1";"13";"5";""
"202200009521";"797 023";"B01";"2";"1";"0";"9";"1";"13";"5";""
"202200009522";"797 019";"A01";"0";"7";"2";"0";"1";"2";"1";""
"202200009523";"797 017";"B01";"2";"7";"0";"2";"2";"22";"1";""
"202200009523";"797 020";"A01";"2";"30";"0";"2";"1";"7";"1";""
"202200009524";"797 016";"B01";"3";"21";"0";"0";"7";"15";"1";""
"202200009524";"797 018";"A01";"1";"2";"0";"2";"1";"1";"1";""
"202200009525";"797 014";"A01";"2";"7";"0";"2";"3";"15";"1";""
"202200009525";"797 015";"B01";"1";"1";"0";"2";"8";"1";"5";""
"202200009526";"797 013";"A01";"2";"7";"15";"9";"9";"1";"1";""
"202200009527";"797 011";"A01";"3";"7";"2";"9";"6";"1";"1";""
"202200009528";"797 008";"A01";"1";"7";"14";"0";"1";"6";"1";""
"202200009529";"797 009";"A01";"2";"0";"0";"1";"1";"0";"0";""
"202200009530";"797 010";"B01";"1";"30";"0";"2";"3";"1";"3";""
"202200009530";"797 012";"A01";"1";"14";"0";"2";"2";"16";"1";""
"202200009531";"797 007";"A01";"0";"7";"0";"1";"3";"0";"1";""
"202200009532";"797 004";"A01";"0";"7";"0";"9";"3";"19";"1";""
"202200009532";"797 006";"B01";"0";"1";"0";"2";"2";"1";"5";""
"202200009533";"797 002";"A01";"1";"7";"6";"0";"0";"1";"1";""
"202200009534";"796 994";"B01";"2";"7";"0";"2";"2";"12";"1";""
"202200009534";"796 998";"A01";"2";"31";"0";"2";"2";"1";"1";""
"202200009535";"796 993";"A01";"2";"7";"0";"0";"4";"15";"1";""
"202200009535";"796 996";"B01";"2";"7";"0";"0";"6";"14";"1";""
"202200009535";"796 999";"C01";"0";"7";"0";"2";"1";"1";"1";""
"202200009535";"797 000";"D01";"2";"7";"0";"2";"2";"14";"1";""
"202200009536";"796 992";"A01";"1";"7";"8";"0";"2";"15";"1";""
"202200009537";"796 988";"B01";"3";"30";"0";"2";"1";"1";"1";""
"202200009537";"796 991";"A01";"3";"7";"0";"2";"1";"15";"1";""
"202200009538";"796 987";"B01";"3";"30";"0";"2";"1";"1";"1";""
"202200009538";"796 990";"A01";"3";"21";"0";"2";"3";"1";"1";""
"202200009539";"796 985";"C01";"1";"10";"0";"2";"1";"2";"1";""
"202200009539";"796 986";"B01";"1";"7";"0";"2";"4";"2";"1";""
"202200009539";"796 989";"A01";"1";"7";"0";"2";"4";"1";"1";""
"202200009540";"796 982";"A01";"2";"7";"2";"0";"1";"13";"1";""
"202200009541";"796 981";"B01";"1";"1";"0";"2";"1";"10";"5";""
"202200009541";"796 984";"A01";"2";"7";"0";"2";"1";"1";"1";""
"202200009542";"796 980";"A01";"1";"7";"0";"2";"8";"22";"3";""
"202200009542";"796 983";"B01";"1";"1";"0";"2";"1";"1";"5";""
"202200009543";"796 977";"B01";"2";"7";"0";"2";"4";"23";"1";""
"202200009543";"796 979";"A01";"2";"7";"0";"2";"1";"2";"1";""
"202200009544";"796 975";"A01";"3";"99";"0";"2";"1";"16";"1";""
"202200009544";"796 976";"B01";"3";"7";"0";"2";"8";"1";"1";""
"202200009545";"796 978";"A01";"1";"7";"6";"0";"1";"1";"1";""
"202200009546";"796 972";"B01";"2";"30";"0";"2";"3";"1";"3";""
"202200009546";"796 974";"A01";"1";"7";"0";"2";"2";"15";"1";""
"202200009547";"796 969";"C01";"2";"7";"0";"2";"1";"1";"1";""
"202200009547";"796 970";"B01";"2";"7";"0";"2";"1";"1";"1";""
"202200009547";"796 973";"A01";"2";"7";"0";"2";"1";"15";"1";""
"202200009548";"796 966";"A01";"2";"17";"0";"2";"1";"2";"1";""
"202200009548";"796 967";"B01";"2";"7";"0";"2";"4";"2";"1";""
"202200009549";"796 965";"A01";"1";"7";"0";"2";"1";"26";"1";""
"202200009550";"796 964";"A01";"1";"33";"0";"1";"2";"0";"1";""
"202200009551";"796 963";"A01";"2";"30";"0";"1";"1";"1";"1";""
"202200009552";"796 958";"A01";"3";"1";"0";"2";"1";"1";"5";""
"202200009552";"796 961";"B01";"3";"7";"0";"2";"3";"1";"1";""
"202200009553";"796 960";"B01";"2";"17";"0";"2";"4";"1";"1";""
"202200009553";"796 962";"A01";"2";"7";"0";"2";"1";"1";"1";""
"202200009554";"796 959";"A01";"3";"2";"0";"1";"8";"1";"1";""
"202200009555";"796 956";"A01";"2";"7";"0";"2";"8";"22";"1";""
"202200009555";"796 957";"B01";"2";"1";"0";"2";"7";"1";"5";""
"202200009556";"796 952";"A01";"1";"7";"0";"2";"1";"13";"1";""
"202200009556";"796 955";"B01";"2";"7";"0";"2";"1";"1";"1";""
"202200009557";"796 951";"B01";"2";"10";"0";"2";"7";"1";"1";""
"202200009557";"796 954";"A01";"2";"31";"0";"2";"1";"18";"1";""
"202200009558";"796 950";"A01";"0";"7";"0";"2";"2";"19";"1";""
"202200009558";"796 953";"B01";"0";"7";"0";"2";"1";"1";"1";""
"202200009559";"796 947";"A01";"3";"7";"0";"2";"7";"15";"1";""
"202200009559";"796 948";"B01";"3";"33";"0";"2";"2";"1";"1";""
"202200009560";"796 946";"B01";"1";"50";"0";"2";"1";"1";"3";""
"202200009560";"796 949";"A01";"1";"10";"0";"2";"2";"22";"1";""
"202200009561";"796 945";"A01";"2";"7";"0";"2";"1";"2";"1";""
"202200009562";"796 944";"A01";"1";"31";"0";"0";"0";"26";"1";""
"202200009563";"796 942";"A01";"2";"10";"8";"0";"9";"1";"1";""
"202200009564";"796 938";"A01";"1";"7";"15";"0";"1";"14";"1";""
"202200009565";"796 940";"A01";"3";"33";"0";"2";"1";"1";"1";""
"202200009565";"796 943";"B01";"1";"7";"0";"2";"5";"1";"1";""
"202200009566";"796 939";"A01";"2";"10";"0";"2";"1";"1";"1";""
"202200009566";"796 941";"B01";"2";"7";"0";"2";"4";"23";"1";""
"202200009567";"796 935";"A01";"1";"7";"0";"2";"1";"0";"1";""
"202200009567";"796 936";"B01";"2";"7";"0";"2";"1";"1";"1";""
"202200009568";"796 932";"A01";"1";"7";"0";"2";"7";"17";"1";""
"202200009568";"796 934";"B01";"1";"1";"0";"2";"8";"1";"5";""
"202200009569";"796 931";"A01";"2";"7";"0";"1";"2";"1";"2";""
"202200009570";"796 933";"A01";"1";"7";"0";"1";"1";"1";"1";""
"202200009571";"796 929";"B01";"1";"7";"15";"2";"4";"5";"1";""
"202200009571";"796 930";"A01";"1";"7";"0";"2";"1";"21";"1";""
"202200009572";"796 928";"A01";"3";"7";"6";"0";"2";"13";"1";""
"202200009573";"796 926";"A01";"1";"7";"0";"1";"1";"19";"1";""
"202200009574";"796 922";"A01";"1";"30";"0";"2";"1";"13";"1";""
"202200009574";"796 924";"B01";"1";"13";"0";"2";"8";"5";"1";""
"202200009575";"796 920";"B01";"2";"7";"0";"2";"7";"15";"1";""
"202200009575";"796 925";"A01";"1";"7";"0";"2";"3";"9";"1";""
"202200009576";"796 919";"A01";"1";"7";"0";"2";"3";"1";"1";""
"202200009576";"796 923";"B01";"2";"7";"0";"2";"2";"13";"1";""
"202200009577";"796 918";"A01";"1";"7";"0";"2";"2";"15";"1";""
"202200009577";"796 921";"B01";"2";"1";"0";"2";"3";"1";"5";""
"202200009578";"796 915";"A01";"1";"7";"2";"0";"1";"13";"1";""
"202200009579";"796 916";"A01";"1";"7";"0";"1";"0";"26";"1";""
"202200009580";"796 914";"B01";"1";"7";"9";"2";"3";"2";"1";""
"202200009580";"796 917";"A01";"1";"7";"0";"2";"2";"2";"1";""
"202200009581";"796 911";"A01";"1";"10";"13";"0";"9";"14";"1";""
"202200009582";"796 912";"A01";"2";"7";"0";"1";"2";"1";"2";""
"202200009583";"796 909";"A01";"2";"33";"0";"2";"2";"17";"1";""
"202200009583";"796 913";"C01";"2";"21";"0";"0";"8";"1";"1";""
"202200009584";"796 907";"A01";"2";"7";"4";"0";"8";"1";"1";""
"202200009585";"796 906";"A01";"3";"80";"12";"0";"8";"15";"3";""
"202200009586";"796 901";"A01";"2";"33";"0";"2";"1";"17";"1";""
"202200009586";"796 904";"B01";"1";"7";"0";"2";"3";"15";"1";""
"202200009587";"796 900";"A01";"1";"7";"0";"2";"1";"1";"1";""
"202200009587";"796 903";"B01";"1";"7";"0";"2";"9";"1";"1";""
"202200009587";"796 905";"C01";"1";"7";"0";"2";"9";"1";"1";""
"202200009587";"796 908";"D01";"1";"7";"0";"2";"9";"1";"1";""
"202200009587";"796 910";"E01";"1";"7";"0";"2";"4";"1";"1";""
"202200009588";"796 899";"A01";"3";"7";"0";"2";"3";"9";"1";""
"202200009588";"796 902";"B01";"3";"7";"0";"2";"5";"1";"1";""
"202200009589";"796 898";"A01";"1";"10";"0";"1";"7";"9";"1";""
"202200009590";"796 895";"A01";"2";"7";"0";"2";"8";"15";"1";""
"202200009590";"796 897";"B01";"2";"33";"0";"2";"1";"13";"1";""
"202200009591";"796 892";"A01";"1";"7";"0";"2";"6";"13";"1";""
"202200009591";"796 894";"B01";"2";"7";"0";"2";"1";"1";"1";""
"202200009592";"796 893";"A01";"1";"31";"0";"2";"2";"18";"1";""
"202200009592";"796 896";"B01";"1";"37";"0";"2";"2";"16";"0";"2"
"202200009593";"796 891";"A01";"2";"1";"0";"0";"0";"1";"5";""
"202200009594";"796 889";"A01";"2";"33";"0";"2";"4";"1";"1";""
"202200009594";"796 890";"B01";"2";"33";"0";"2";"1";"1";"1";""
"202200009595";"796 888";"A01";"3";"7";"2";"0";"6";"26";"1";""
"202200009596";"796 884";"A01";"1";"32";"0";"1";"1";"1";"1";""
"202200009597";"796 883";"B01";"2";"32";"0";"2";"8";"1";"1";""
"202200009597";"796 886";"A01";"1";"7";"0";"2";"3";"15";"1";""
"202200009598";"796 881";"B01";"1";"7";"6";"2";"1";"1";"1";""
"202200009598";"796 885";"A01";"1";"7";"0";"2";"3";"1";"1";""
"202200009599";"796 871";"A01";"1";"33";"0";"0";"9";"1";"1";""
"202200009600";"796 873";"A01";"1";"7";"0";"2";"3";"9";"0";""
"202200009600";"796 878";"B01";"1";"7";"0";"2";"2";"2";"1";""
"202200009601";"796 872";"C01";"2";"7";"0";"2";"4";"23";"1";""
"202200009601";"796 874";"B01";"1";"7";"14";"2";"4";"23";"1";""
"202200009601";"796 876";"A01";"1";"7";"14";"2";"0";"0";"1";""
"202200009602";"796 869";"A01";"2";"7";"6";"0";"3";"13";"1";""
"202200009602";"796 870";"B01";"1";"14";"13";"0";"3";"1";"1";""
"202200009603";"796 867";"A01";"3";"7";"0";"1";"1";"15";"1";""
"202200009604";"796 866";"A01";"1";"7";"0";"1";"3";"26";"1";""
"202200009605";"796 865";"B01";"1";"32";"0";"2";"3";"2";"1";""
"202200009605";"796 868";"A01";"1";"7";"0";"2";"2";"16";"1";""
"202200009606";"796 863";"A01";"2";"7";"4";"0";"1";"1";"1";""
"202200009607";"796 860";"A01";"1";"7";"0";"1";"1";"0";"0";""
"202200009608";"796 862";"A01";"1";"7";"0";"2";"3";"13";"1";""
"202200009608";"796 864";"B01";"2";"15";"0";"2";"3";"1";"1";""
"202200009609";"796 858";"A01";"2";"30";"0";"2";"1";"1";"1";""
"202200009609";"796 861";"B01";"2";"7";"12";"2";"4";"1";"1";""
"202200009610";"796 857";"B01";"1";"50";"0";"2";"0";"1";"3";""
"202200009610";"796 859";"Z01";"1";"0";"0";"0";"0";"0";"0";""
"202200009611";"796 854";"B01";"1";"2";"0";"2";"1";"2";"1";""
"202200009611";"796 856";"A01";"1";"1";"0";"2";"7";"2";"5";""
"202200009612";"796 852";"A01";"2";"7";"0";"1";"3";"15";"1";""
"202200009613";"796 851";"B01";"3";"7";"0";"2";"3";"1";"1";""
"202200009613";"796 853";"A01";"3";"10";"0";"2";"1";"1";"1";""
"202200009614";"796 850";"A01";"2";"7";"8";"0";"2";"14";"1";""
"202200009615";"796 845";"A01";"3";"7";"0";"2";"1";"16";"1";""
"202200009615";"796 848";"B01";"2";"7";"6";"2";"2";"1";"1";""
"202200009616";"796 844";"B01";"2";"7";"0";"2";"3";"1";"1";""
"202200009616";"796 847";"A01";"2";"10";"0";"2";"5";"15";"1";""
"202200009617";"796 843";"A01";" -1";"7";"1";"0";"3";"1";"1";""
"202200009618";"796 838";"B01";"1";"32";"0";"2";"1";"1";"1";""
"202200009618";"796 842";"A01";"2";"7";"0";"2";"7";"15";"1";""
"202200009619";"796 836";"B01";"0";"32";"0";"2";"0";"3";"1";""
"202200009619";"796 841";"A01";"0";"7";"0";"2";"2";"0";"1";""
"202200009620";"796 835";"A01";"1";"7";"0";"2";"7";"19";"1";""
"202200009620";"796 840";"B01";"3";"32";"0";"2";"8";"19";"1";""
"202200009621";"796 833";"B01";"2";"10";"0";"2";"3";"0";"1";""
"202200009621";"796 834";"A01";"1";"7";"0";"2";"1";"13";"1";""
"202200009621";"796 837";"C01";"2";"7";"0";"2";"8";"0";"1";""
"202200009621";"796 839";"D01";"2";"7";"0";"2";"1";"1";"1";""
"202200009622";"796 830";"A01";"3";"7";"0";"1";"6";"4";"1";""
"202200009623";"796 832";"A01";"1";"30";"14";"0";"1";"16";"1";""
"202200009624";"796 829";"B01";"3";"32";"0";"2";"2";"26";"1";""
"202200009624";"796 831";"A01";"1";"7";"0";"2";"3";"9";"1";""
"202200009625";"796 826";"Z01";"1";"7";"0";"2";"6";"15";"1";""
"202200009625";"796 828";"B01";"1";"33";"0";"2";"2";"17";"1";""
"202200009626";"796 827";"A01";"3";"10";"0";"1";"3";"15";"1";""
"202200009627";"796 823";"B01";"2";"7";"0";"2";"5";"2";"1";""
"202200009627";"796 825";"A01";"2";"2";"0";"2";"1";"2";"1";""
"202200009628";"796 822";"B01";"1";"7";"0";"2";"4";"15";"1";""
"202200009628";"796 824";"A01";"1";"7";"0";"2";"1";"1";"1";""
"202200009629";"796 819";"A01";"2";"7";"16";"0";"1";"1";"1";""
"202200009630";"796 820";"A01";"0";"33";"0";"1";"1";"21";"1";""
"202200009631";"796 821";"A01";"2";"7";"1";"9";"1";"0";"2";""
"202200009632";"796 817";"B01";"2";"7";"0";"2";"3";"1";"1";""
"202200009632";"796 818";"A01";"1";"7";"0";"2";"3";"13";"1";""
"202200009633";"796 815";"A01";"2";"7";"4";"0";"1";"9";"1";""
"202200009634";"796 813";"A01";"1";"7";"0";"2";"1";"17";"1";""
"202200009634";"796 814";"B01";"1";"3";"0";"2";"1";"1";"3";""
"202200009635";"796 809";"A01";"3";"7";"0";"1";"1";"1";"1";""
"202200009636";"796 811";"B01";"2";"32";"1";"2";"0";"1";"1";""
"202200009636";"796 812";"C01";"2";"7";"1";"2";"4";"24";"1";""
"202200009636";"796 816";"A01";"2";"7";"1";"2";"3";"0";"1";""
"202200009637";"796 808";"B01";"3";"7";"0";"2";"1";"2";"1";""
"202200009637";"796 810";"A01";"3";"7";"0";"2";"4";"2";"0";""
"202200009638";"796 807";"A01";"2";"7";"0";"1";"1";"1";"1";""
"202200009639";"796 805";"A01";"1";"7";"9";"0";"0";"1";"1";""
"202200009640";"796 804";"A01";"1";"32";"0";"2";"1";"26";"1";""
"202200009640";"796 806";"B01";"2";"7";"0";"2";"1";"1";"1";""
"202200009641";"796 802";"A01";"0";"7";"0";"1";"1";"15";"1";""
"202200009642";"796 797";"B01";"1";"33";"0";"2";"1";"1";"1";""
"202200009642";"796 800";"A01";"1";"7";"0";"2";"4";"23";"1";""
"202200009643";"796 798";"A01";"2";"80";"0";"1";"1";"1";"3";""
"202200009644";"796 796";"B01";"3";"2";"0";"2";"1";"17";"1";""
"202200009644";"796 799";"A01";"3";"7";"0";"2";"8";"26";"1";""
"202200009645";"796 795";"A01";"0";"7";"0";"1";"1";"1";"1";""
"202200009646";"796 792";"B01";"1";"1";"0";"2";"3";"1";"5";""
"202200009646";"796 794";"A01";"1";"7";"0";"0";"2";"16";"1";""
"202200009647";"796 791";"A01";"0";"7";"0";"1";"1";"1";"1";""
"202200009648";"796 790";"B01";"3";"30";"0";"2";"1";"16";"1";""
"202200009648";"796 793";"A01";"3";"7";"0";"2";"1";"15";"1";""
"202200009649";"796 788";"B01";"3";"3";"0";"2";"2";"1";"1";""
"202200009649";"796 789";"A01";"3";"7";"0";"2";"3";"1";"1";""
"202200009650";"796 785";"A01";"1";"7";"0";"1";"2";"1";"1";""
"202200009651";"796 784";"A01";"0";"7";"0";"2";"1";"1";"0";""
"202200009651";"796 787";"B01";"0";"30";"0";"2";"1";"1";"1";""
"202200009652";"796 783";"A01";"3";"7";"0";"2";"3";"13";"1";""
"202200009652";"796 786";"B01";"3";"7";"0";"2";"3";"1";"1";""
"202200009653";"796 781";"B01";"1";"10";"0";"2";"4";"2";"1";""
"202200009653";"796 782";"A01";"1";"7";"0";"2";"1";"2";"1";""
"202200009654";"796 779";"A01";"1";"30";"0";"0";"0";"0";"1";""
"202200009655";"796 780";"A01";"1";"7";"0";"1";"1";"1";"1";""
"202200009656";"796 776";"A01";"1";"7";"0";"1";"3";"15";"1";""
"202200009657";"796 777";"A01";"1";"7";"0";"2";"3";"15";"1";""
"202200009657";"796 778";"B01";"2";"7";"0";"2";"2";"1";"1";""
"202200009658";"796 774";"B01";"3";"99";"9";"9";"1";"21";"0";""
"202200009658";"796 775";"A01";"3";"60";"0";"2";"1";"1";"5";""
"202200009659";"796 772";"A01";"1";"7";"0";"2";"1";"19";"1";""
"202200009659";"796 773";"B01";"1";"33";"0";"2";"1";"0";"1";""
"202200009660";"796 769";"A01";"1";"7";"0";"2";"2";"1";"1";""
"202200009660";"796 770";"B01";"1";"7";"0";"2";"4";"1";"1";""
"202200009661";"796 767";"B01";"2";"1";"0";"2";"1";"1";"5";""
"202200009661";"796 771";"A01";"1";"7";"0";"2";"7";"26";"1";""
"202200009662";"796 765";"A01";"3";"7";"0";"2";"1";"9";"6";""
"202200009662";"796 768";"B01";"3";"1";"0";"2";"7";"0";"5";""
"202200009663";"796 764";"A01";"1";"7";"0";"2";"1";"1";"1";""
"202200009663";"796 766";"B01";"1";"7";"0";"2";"3";"1";"1";""
"202200009664";"796 758";"A01";"2";"7";"0";"2";"1";"13";"1";""
"202200009664";"796 759";"B01";"2";"7";"0";"2";"1";"1";"1";""
"202200009664";"796 762";"C01";"2";"7";"0";"2";"1";"1";"1";""
"202200009665";"796 761";"B01";"2";"7";"0";"2";"0";"1";"1";""
"202200009665";"796 763";"A01";"2";"7";"0";"2";"3";"16";"1";""
"202200009666";"796 757";"B01";"3";"7";"0";"2";"2";"16";"1";""
"202200009666";"796 760";"A01";"3";"33";"0";"2";"3";"18";"1";""
"202200009667";"796 749";"B01";"2";"7";"0";"2";"6";"1";"1";""
"202200009667";"796 754";"A01";"2";"2";"0";"2";"1";"19";"1";""
"202200009668";"796 748";"A01";"1";"7";"0";"1";"2";"14";"1";""
"202200009669";"796 746";"A01";"0";"7";"0";"2";"5";"15";"2";""
"202200009669";"796 747";"B01";"0";"7";"0";"2";"2";"1";"1";""
"202200009670";"796 744";"B01";"1";"34";"0";"2";"1";"21";"1";""
"202200009670";"796 745";"A01";"1";"7";"0";"2";"6";"10";"1";""
"202200009671";"796 743";"A01";"0";"7";"0";"1";"5";"4";"2";""
"202200009672";"796 741";"A01";"0";"7";"3";"0";"1";"0";"1";""
"202200009673";"796 740";"A01";"2";"7";"0";"1";"1";"0";"0";""
"202200009674";"796 738";"A01";"1";"7";"0";"0";"9";"1";"1";""
"202200009675";"796 736";"B01";"2";"15";"0";"2";"3";"1";"0";""
"202200009675";"796 739";"A01";"1";"10";"0";"2";"3";"0";"1";""
"202200009676";"796 733";"A01";"3";"2";"0";"2";"3";"13";"1";""
"202200009676";"796 734";"B01";"3";"7";"0";"2";"8";"14";"1";""
"202200009677";"796 731";"B01";"1";"7";"0";"2";"4";"23";"1";""
"202200009677";"796 735";"A01";"1";"7";"0";"2";"1";"1";"1";""
"202200009678";"796 730";"A01";"3";"7";"13";"0";"3";"1";"1";""
"202200009679";"796 732";"A01";"2";"7";"0";"2";"1";"1";"1";""
"202200009679";"796 737";"B01";"1";"3";"0";"2";"8";"9";"1";""