"Num_Acc";"id_vehicule";"num_veh";"senc";"catv";"obs";"obsm";"choc";"manv";"motor";"occutc"
"202200009680";"796 727";"A01";"3";"7";"8";"0";"1";"1";"1";""
"202200009681";"796 726";"A01";"2";"2";"16";"0";"8";"1";"1";""
"202200009682";"796 728";"A01";"1";"7";"0";"2";"2";"1";"1";""
"202200009682";"796 729";"B01";"2";"7";"0";"2";"3";"23";"1";""
"202200009683";"796 723";"A01";"2";"33";"8";"0";"1";"17";"1";""
"202200009684";"796 724";"B01";"2";"1";"0";"2";"8";"1";"5";""
"202200009684";"796 725";"A01";"2";"7";"0";"2";"2";"12";"1";""
"202200009685";"796 721";"A01";"2";"7";"0";"2";"1";"1";"1";""
"202200009685";"796 722";"B01";"2";"33";"0";"2";"4";"1";"0";""
"202200009686";"796 717";"A01";"1";"33";"0";"2";"2";"17";"1";""
"202200009686";"796 719";"B01";"1";"7";"0";"2";"8";"15";"1";""
"202200009687";"796 718";"B01";"3";"7";"0";"2";"1";"1";"1";""
"202200009687";"796 720";"A01";"3";"2";"0";"2";"8";"26";"1";""
"202200009688";"796 716";"A01";"1";"15";"13";"6";"1";"26";"1";""
"202200009689";"796 714";"A01";"1";"10";"0";"2";"3";"1";"1";""
"202200009689";"796 715";"B01";"1";"31";"0";"2";"7";"1";"1";""
"202200009690";"796 707";"A01";"1";"30";"1";"0";"1";"26";"1";""
"202200009691";"796 708";"A01";"1";"7";"0";"2";"3";"15";"1";""
"202200009691";"796 712";"B01";"0";"7";"0";"2";"3";"1";"1";""
"202200009692";"796 706";"A01";"1";"7";"17";"0";"2";"14";"1";""
"202200009693";"796 704";"A01";"2";"2";"0";"0";"0";"26";"1";""
"202200009694";"796 701";"B01";"2";"7";"0";"2";"1";"17";"1";""
"202200009694";"796 702";"A01";"2";"7";"0";"2";"8";"10";"1";""
"202200009695";"796 703";"A01";"1";"7";"0";"2";"0";"26";"1";""
"202200009695";"796 705";"B01";"1";"7";"0";"2";"0";"26";"1";""
"202200009696";"796 699";"B01";"1";"7";"0";"2";"1";"1";"1";""
"202200009696";"796 700";"A01";"2";"7";"0";"2";"3";"13";"1";""
"202200009697";"796 698";"A01";"1";"7";"0";"1";"1";"1";"1";""
"202200009698";"796 697";"A01";"2";"31";"0";"0";"0";"1";"1";""
"202200009699";"796 696";"A01";"1";"7";"3";"0";"1";"1";"1";""
"202200009700";"796 693";"B01";"1";"7";"0";"0";"1";"1";"1";""
"202200009700";"796 694";"A01";"2";"7";"0";"2";"7";"1";"1";""
"202200009701";"796 692";"A01";"1";"33";"5";"0";"7";"1";"1";""
"202200009702";"796 691";"B01";"1";"7";"0";"2";"1";"1";"1";""
"202200009702";"796 695";"A01";"1";"7";"0";"2";"7";"1";"1";""
"202200009703";"796 689";"A01";"2";"7";"0";"2";"1";"13";"1";""
"202200009703";"796 690";"B01";"1";"7";"0";"2";"3";"1";"1";""
"202200009704";"796 688";"A01";"1";"7";"0";"1";"2";"21";"1";""
"202200009705";"796 685";"A01";"1";"7";"13";"0";"2";"1";"1";""
"202200009706";"796 682";"B01";"2";"7";"0";"2";"7";"19";"0";""
"202200009706";"796 683";"A01";"1";"33";"0";"2";"0";"1";"1";""
"202200009707";"796 680";"A01";"2";"2";"0";"0";"0";"1";"1";""
"202200009708";"796 681";"A01";"3";"7";"0";"2";"3";"16";"1";""
"202200009708";"796 684";"B01";"3";"34";"0";"2";"2";"15";"1";""
"202200009709";"796 679";"A01";"3";"7";"0";"0";"0";"0";"1";""
"202200009710";"796 677";"B01";"2";"7";"0";"2";"6";"15";"1";""
"202200009710";"796 678";"A01";"2";"33";"0";"2";"2";"17";"1";""
"202200009711";"796 673";"B01";"1";"7";"0";"2";"3";"1";"1";""
"202200009711";"796 674";"A01";"2";"7";"0";"2";"3";"5";"3";""
"202200009712";"796 672";"C01";"1";"7";"0";"2";"4";"2";"1";""
"202200009712";"796 675";"B01";"1";"7";"0";"2";"4";"2";"1";""
"202200009712";"796 676";"A01";"1";"7";"0";"2";"1";"2";"1";""
"202200009713";"796 671";"A01";"1";"7";"2";"0";"0";"1";"1";""
"202200009714";"796 668";"A01";"2";"32";"0";"2";"1";"1";"1";""
"202200009714";"796 669";"B01";"3";"7";"0";"2";"3";"19";"1";""
"202200009715";"796 667";"A01";"1";"7";"0";"2";"1";"0";"1";""
"202200009715";"796 670";"B01";"1";"7";"0";"2";"5";"1";"2";""
"202200009716";"796 665";"B01";"0";"1";"0";"2";"0";"13";"5";""
"202200009716";"796 666";"A01";"3";"10";"0";"2";"3";"1";"1";""
"202200009717";"796 664";"A01";"3";"33";"13";"0";"9";"2";"1";""
"202200009718";"796 663";"A01";"1";"7";"0";"1";"1";"1";"1";""
"202200009719";"796 661";"B01";"1";"33";"0";"2";"1";"17";"1";""
"202200009719";"796 662";"A01";"1";"7";"0";"2";"6";"17";"1";""
"202200009720";"796 660";"A01";"0";"7";"12";"0";"1";"1";"1";""
"202200009721";"796 659";"A01";"2";"2";"12";"0";"1";"1";"1";""
"202200009722";"796 658";"A01";"0";"7";"12";"0";"1";"1";"1";""
"202200009723";"796 657";"A01";"0";"7";"2";"0";"1";"1";"1";""
"202200009724";"796 654";"A01";"3";"7";"4";"0";"4";"23";"1";""
"202200009724";"796 656";"B01";"3";"7";"0";"2";"1";"2";"1";""
"202200009725";"796 653";"B01";"1";"1";"0";"2";"1";"1";"5";""
"202200009725";"796 655";"A01";"1";"7";"0";"9";"2";"16";"1";""
"202200009726";"796 652";"A01";"2";"14";"0";"1";"7";"19";"1";""
"202200009727";"796 651";"A01";"3";"7";"0";"1";"2";"1";"1";""
"202200009728";"796 647";"C01";"1";"7";"0";"0";"0";"0";"1";""
"202200009728";"796 648";"B01";"1";"7";"0";"2";"2";"17";"1";""
"202200009728";"796 650";"A01";"2";"7";"0";"2";"3";"17";"1";""
"202200009729";"796 646";"B01";"1";"7";"0";"2";"2";"1";"1";""
"202200009729";"796 649";"A01";"1";"7";"0";"2";"3";"10";"1";""
"202200009730";"796 645";"A01";"3";"7";"0";"1";"1";"25";"0";""
"202200009731";"796 642";"A01";"1";"7";"0";"2";"2";"1";"1";""
"202200009731";"796 643";"B01";"1";"30";"0";"2";"0";"0";"1";""
"202200009732";"796 641";"A01";"2";"7";"9";"0";"1";"26";"1";""
"202200009732";"796 644";"B01";"2";"7";"0";"2";"0";"0";"1";""
"202200009733";"796 639";"A01";"0";"7";"0";"0";"8";"19";"1";""
"202200009733";"796 640";"B01";"3";"7";"0";"2";"1";"19";"1";""
"202200009734";"796 636";"A01";"2";"1";"0";"2";"7";"19";"5";""
"202200009734";"796 637";"B01";"1";"7";"0";"2";"1";"1";"1";""
"202200009735";"796 635";"A01";"2";"7";"0";"2";"4";"23";"1";""
"202200009735";"796 638";"B01";"2";"7";"0";"2";"1";"2";"2";""
"202200009736";"796 633";"B01";"2";"33";"0";"0";"8";"1";"1";""
"202200009736";"796 634";"A01";"1";"7";"0";"2";"3";"15";"1";""
"202200009737";"796 631";"A01";"0";"10";"0";"2";"6";"1";"1";""
"202200009737";"796 632";"B01";"0";"7";"0";"2";"0";"0";"0";""
"202200009738";"796 629";"A01";"1";"7";"0";"0";"3";"26";"1";""
"202200009738";"796 630";"B01";"2";"31";"0";"2";"1";"1";"1";""
"202200009739";"796 626";"A01";"1";"7";"0";"2";"3";"11";"2";""
"202200009739";"796 627";"B01";"1";"33";"0";"0";"1";"1";"1";""
"202200009740";"796 625";"B01";"1";"30";"0";"1";"4";"1";"1";""
"202200009740";"796 628";"A01";"1";"7";"0";"2";"1";"1";"1";""
"202200009741";"796 624";"A01";"1";"7";"0";"1";"3";"1";"1";""
"202200009742";"796 622";"A01";"3";"7";"9";"0";"2";"0";"1";""
"202200009743";"796 621";"A01";"3";"7";"0";"2";"0";"9";"1";""
"202200009743";"796 623";"B01";"3";"80";"0";"2";"0";"1";"3";""
"202200009744";"796 620";"A01";"2";"7";"2";"0";"1";"14";"1";""
"202200009745";"796 618";"A01";"1";"7";"0";"1";"2";"1";"1";""
"202200009746";"796 619";"A01";"2";"32";"4";"0";"3";"13";"1";""
"202200009747";"796 615";"A01";"3";"7";"0";"2";"1";"1";"1";""
"202200009747";"796 617";"B01";"0";"7";"0";"2";"1";"13";"1";""
"202200009748";"796 614";"B01";"3";"7";"0";"2";"3";"1";"1";""
"202200009748";"796 616";"A01";"0";"50";"0";"2";"1";"1";"3";""
"202200009749";"796 611";"C01";"2";"10";"0";"2";"1";"2";"1";""
"202200009749";"796 612";"B01";"2";"10";"0";"2";"1";"2";"1";""
"202200009749";"796 613";"A01";"2";"10";"0";"2";"4";"2";"1";""
"202200009750";"796 609";"C01";"2";"10";" -1";"2";" -1";" -1";" -1";""
"202200009750";"796 610";"A01";"2";"7";"0";"2";"0";"1";"1";""
"202200009751";"796 608";"A01";"3";"30";"8";"0";"1";"25";"3";""
"202200009752";"796 606";"B01";"1";"14";"0";"2";"4";"2";"1";""
"202200009752";"796 607";"A01";"1";"7";"0";"2";"1";"1";"1";""
"202200009753";"796 605";"Z01";"1";"7";"0";"1";"0";"14";"0";""
"202200009754";"796 603";"B01";"1";"7";"0";"2";"4";"2";"1";""
"202200009754";"796 604";"A01";"1";"7";"0";"2";"1";"2";"1";""
"202200009755";"796 600";"B01";"2";"10";"0";"2";"4";"2";"1";""
"202200009755";"796 602";"A01";"2";"33";"0";"2";"1";"1";"1";""
"202200009756";"796 598";"B01";"2";"1";"0";"2";"6";"13";"5";""
"202200009756";"796 601";"A01";"2";"37";"0";"2";"2";"17";"2";"1"
"202200009757";"796 594";"E01";"1";"7";"0";"2";"1";"2";"1";""
"202200009757";"796 595";"D01";"1";"7";"0";"2";"1";"2";"1";""
"202200009757";"796 596";"C01";"1";"7";"0";"2";"1";"2";"1";""
"202200009757";"796 597";"B01";"1";"7";"0";"2";"4";"1";"1";""
"202200009757";"796 599";"A01";"1";"7";"0";"2";"1";"2";"1";""
"202200009758";"796 590";"B01";"2";"43";"0";"2";"1";"13";"1";""
"202200009758";"796 593";"A01";"2";"7";"0";"2";"6";"17";"1";""
"202200009759";"796 591";"B01";"1";"34";"0";"2";"2";"1";"1";""
"202200009759";"796 592";"A01";"1";"7";"0";"2";"3";"11";"1";""
"202200009760";"796 589";"A01";"2";"1";"0";"0";"0";"1";"5";""
"202200009761";"796 584";"B01";"1";"1";"8";"2";"1";"18";"5";""
"202200009761";"796 586";"A01";"1";"7";"0";"2";"0";"22";"2";""
"202200009762";"796 585";"A01";"2";"7";"0";"2";"3";"13";"1";""
"202200009762";"796 587";"B01";"2";"43";"0";"2";"4";"1";"1";""
"202200009762";"796 588";"C01";"2";"7";"0";"2";"4";"1";"1";""
"202200009763";"796 582";"B01";"2";"1";"0";"2";"1";"1";"5";""
"202200009763";"796 583";"A01";"1";"50";"0";"2";"1";"13";"3";""
"202200009764";"796 580";"A01";"1";"50";"0";"2";"1";"1";"3";""
"202200009764";"796 581";"Z01";"1";"7";"0";"2";"2";"16";"0";""
"202200009765";"796 579";"A01";"1";"33";"0";"1";"1";"1";"1";""
"202200009766";"796 577";"A01";"1";"10";"0";"2";"3";"22";"3";""
"202200009766";"796 578";"B01";"1";"50";"0";"2";"1";"1";"3";""
"202200009767";"796 575";"A01";"0";"7";"0";"2";"3";"16";"1";""
"202200009767";"796 576";"B01";"0";"50";"0";"2";"2";"1";"3";""
"202200009768";"796 574";"A01";"2";"30";"0";"0";"0";"1";"1";""
"202200009769";"796 573";"A01";"1";"7";"0";"1";"1";"1";"1";""
"202200009770";"796 572";"A01";"1";"7";"0";"1";"4";"20";"1";""
"202200009771";"796 571";"A01";"2";"33";"0";"0";"0";"1";"1";""
"202200009772";"796 569";"B01";"1";"30";"0";"2";"1";"1";"1";""
"202200009772";"796 570";"A01";"2";"7";"0";"2";"3";"15";"1";""
"202200009773";"796 568";"A01";"3";"7";"0";"1";"1";"1";"1";""
"202200009774";"796 566";"B01";"1";"31";"0";"2";"6";"1";"1";""
"202200009774";"796 567";"A01";"1";"1";"0";"2";"6";"19";"5";""
"202200009775";"796 564";"A01";"2";"7";"0";"2";"2";"7";"2";""
"202200009775";"796 565";"B01";"2";"7";"0";"2";"3";"15";"1";""
"202200009776";"796 563";"A01";"2";"7";"12";"0";"3";"13";"1";""
"202200009777";"796 560";"Z01";"2";"7";"0";"2";"7";"15";"1";""
"202200009777";"796 561";"A01";"1";"7";"8";"1";"6";"1";"1";""
"202200009778";"796 559";"A01";"2";"50";"1";"0";"1";"13";"3";""
"202200009779";"796 558";"A01";"2";"7";"0";"1";"7";"1";"1";""
"202200009780";"796 557";"A01";"1";"7";"1";"0";"1";"1";"1";""
"202200009781";"796 555";"A01";"1";"7";"0";"2";"3";"13";"1";""
"202200009781";"796 556";"B01";"1";"33";"0";"2";"7";"2";"0";""
"202200009782";"796 554";"A01";"2";"7";"8";"0";"1";"2";"1";""
"202200009783";"796 553";"A01";"3";"7";"0";"1";"2";"16";"1";""
"202200009784";"796 552";"A01";"3";"7";"8";"0";"8";"26";"1";""
"202200009785";"796 550";"B01";"1";"7";"0";"2";"8";"1";"0";""
"202200009785";"796 551";"A01";"2";"33";"0";"2";"7";"3";"1";""
"202200009786";"796 548";"A01";" -1";"7";"0";"1";"4";"2";"1";""
"202200009786";"796 549";"B01";" -1";"7";"0";"2";"1";"2";"1";""
"202200009787";"796 546";"B01";"1";"1";"0";"2";"1";"0";"5";""
"202200009787";"796 547";"A01";"1";"7";"0";"2";"1";"1";"1";""
"202200009788";"796 544";"B01";"3";"7";"0";"2";"3";"24";"2";""
"202200009788";"796 545";"A01";"3";"7";"0";"2";"2";"9";"1";""
"202200009789";"796 542";"A01";"0";"7";"0";"2";"3";"24";"1";""
"202200009789";"796 543";"B01";"0";"7";"1";"0";"2";"2";"1";""
"202200009790";"796 540";"A01";"2";"99";"0";"2";"3";"22";"0";""
"202200009790";"796 541";"B01";"2";"1";"0";"2";"1";"0";"5";""
"202200009791";"796 539";"A01";"3";"0";"0";"1";"1";"2";"0";""
"202200009792";"796 537";"B01";"2";"7";"0";"2";"2";"11";"1";""
"202200009792";"796 538";"A01";"2";"7";"0";"2";"6";"1";"1";""
"202200009793";"796 536";"A01";"0";"7";"0";"1";"3";"6";"2";""
"202200009794";"796 535";"A01";"1";"7";"0";"1";"1";"1";"1";""
"202200009795";"796 533";"A01";"0";"14";"0";"2";"1";"1";"0";""
"202200009795";"796 534";"B01";"0";"99";"0";"2";"8";"1";"0";""
"202200009796";"796 531";"B01";"1";"32";"0";"2";"1";"5";"3";""
"202200009796";"796 532";"A01";"1";"7";"0";"2";"3";"11";"1";""
"202200009797";"796 530";"A01";"1";"15";"0";"1";"3";"0";"1";""
"202200009798";"796 526";"A01";"2";"7";"0";"2";"1";"0";"1";""
"202200009798";"796 527";"B01";"2";"7";"0";"2";"4";"23";"1";""
"202200009798";"796 528";"C01";"2";"7";"0";"2";"4";"23";"1";""
"202200009798";"796 529";"D01";"2";"7";"0";"2";"4";"23";"1";""
"202200009799";"796 524";"A01";"1";"7";"0";"9";"1";"1";"1";""
"202200009799";"796 525";"B01";"1";"50";"0";"2";"8";"1";"3";""
"202200009800";"796 522";"A01";"0";"7";"0";"2";"3";"15";"1";""
"202200009800";"796 523";"B01";"0";"34";"0";"2";"1";"2";"1";""
"202200009801";"796 521";"A01";"2";"7";"1";"0";"1";"14";"1";""
"202200009802";"796 520";"A01";"1";"40";"0";"1";"7";"1";"0";""
"202200009803";"796 518";"B01";"3";"32";"0";"2";"7";"17";"1";""
"202200009803";"796 519";"A01";"3";"7";"0";"2";"8";"13";"0";""
"202200009804";"796 517";"A01";"1";"7";"0";"1";"1";"1";"0";""
"202200009805";"796 516";"A01";"2";"14";"0";"1";"1";"1";"1";""
"202200009806";"796 514";"B01";"1";"50";"0";"2";"8";"15";"3";""
"202200009806";"796 515";"Z01";"0";"7";"0";"0";"8";"16";"1";""
"202200009807";"796 512";"B01";"1";"30";"0";"2";"2";"16";"1";""
"202200009807";"796 513";"A01";"1";"7";"0";"2";"2";"2";"1";""
"202200009808";"796 510";"A01";"3";"7";"0";"2";"2";"19";"1";""
"202200009808";"796 511";"B01";"3";"7";"0";"2";"1";"1";"1";""
"202200009809";"796 509";"A01";"3";"7";"0";"1";"1";"1";"1";""
"202200009810";"796 507";"B01";"1";"37";"0";"2";"7";"17";"1";"1"
"202200009810";"796 508";"A01";"1";"1";"0";"2";"8";"2";"5";""
"202200009811";"796 505";"B01";"3";"1";"0";"2";"1";"1";"5";""
"202200009811";"796 506";"A01";"3";"7";"0";"2";"7";"15";"1";""
"202200009812";"796 504";"A01";"1";"7";"0";"0";"1";"1";"1";""
"202200009813";"796 502";"B01";"1";"7";"0";"2";"3";"13";"1";""
"202200009813";"796 503";"A01";"1";"33";"0";"2";"7";"17";"1";""
"202200009814";"796 499";"C01";"1";"38";"0";"2";"6";"1";"1";"1"
"202200009814";"796 500";"B01";"1";"10";"4";"2";"2";"1";"1";""
"202200009814";"796 501";"A01";"1";"15";"0";"2";"6";"11";"1";""
"202200009815";"796 497";"B01";"3";"1";"0";"0";"4";"2";"5";""
"202200009815";"796 498";"A01";"3";"10";"0";"9";"2";"2";"1";""
"202200009816";"796 495";"B01";"3";"33";"0";"2";"1";"1";"1";""
"202200009816";"796 496";"A01";"3";"10";"0";"2";"3";"15";"1";""
"202200009817";"796 494";"A01";"1";"33";"13";"0";"9";"1";"1";""
"202200009818";"796 492";"B01";"0";"1";"0";"2";"4";"1";"5";""
"202200009818";"796 493";"A01";"0";"7";"0";"2";"0";"15";"1";""
"202200009819";"796 491";"A01";"2";"7";"0";"1";"3";"16";"1";""
"202200009820";"796 490";"A01";"1";"7";"6";"0";"1";"17";"1";""
"202200009821";"796 489";"A01";"2";"31";"10";"0";"7";"1";"1";""
"202200009822";"796 488";"A01";"2";"7";"13";"0";"1";"1";"1";""
"202200009823";"796 487";"A01";"2";"7";"15";"0";"2";"15";"1";""
"202200009824";"796 485";"A01";"1";"33";"0";"2";"1";"17";"1";""
"202200009824";"796 486";"B01";"1";"10";"0";"2";"6";"15";"1";""
"202200009825";"796 483";"B01";"1";"21";"0";"0";"4";"23";"1";""
"202200009825";"796 484";"A01";"1";"21";"1";"0";"1";"1";"1";""
"202200009826";"796 482";"A01";"2";"7";"17";"0";"2";"14";"1";""
"202200009827";"796 481";"A01";"3";"33";"14";"0";"1";"1";"1";""
"202200009828";"796 479";"B01";"2";"7";"0";"2";"3";"1";"1";""
"202200009828";"796 480";"A01";"1";"7";"0";"2";"1";"13";"1";""
"202200009829";"796 477";"B01";"2";"33";"0";"2";"1";"1";"1";""
"202200009829";"796 478";"A01";"1";"7";"0";"2";"1";"5";"1";""
"202200009830";"796 476";"A01";"1";"2";"0";"0";"1";"2";"1";""
"202200009831";"796 474";"A01";"2";"7";"0";"2";"1";"13";"2";""
"202200009831";"796 475";"B01";"1";"7";"0";"2";"1";"1";"1";""
"202200009832";"796 473";"A01";"1";"7";"2";"0";"7";"17";"1";""
"202200009833";"796 471";"A01";"1";"7";"0";"2";"1";"1";"1";""
"202200009833";"796 472";"B01";"1";"7";"0";"2";"8";"1";"0";""
"202200009834";"796 470";"A01";"2";"33";"3";"0";"8";"1";"1";""
"202200009835";"796 469";"A01";"0";"31";"8";"0";"1";"1";"1";""
"202200009836";"796 466";"A01";"2";"10";"0";"2";"3";"5";"1";""
"202200009836";"796 467";"C01";"1";"7";"0";"2";"3";"1";"1";""
"202200009836";"796 468";"B01";"1";"14";"0";"2";"3";"1";"1";""
"202200009837";"796 465";"A01";" -1";"7";"13";"0";"3";" -1";"1";""
"202200009838";"796 463";"A01";"0";"10";"0";"9";"5";"1";"0";""
"202200009838";"796 464";"B01";"3";"1";"0";"2";"1";"1";"5";""
"202200009839";"796 462";"A01";"1";"33";"0";"0";"0";"0";"1";""
"202200009840";"796 461";"A01";"1";"33";"0";"0";"2";"14";"1";""
"202200009841";"796 459";"A01";"1";"7";"0";"0";"3";"15";"1";""
"202200009841";"796 460";"B01";"1";"7";"0";"2";"1";"11";"1";""
"202200009842";"796 458";"A01";"1";"33";"0";"0";"8";"2";"1";""
"202200009843";"796 455";"A01";"1";"7";"0";"2";"3";"13";"1";""
"202200009843";"796 456";"B01";"2";"13";"0";"2";"3";"1";"1";""
"202200009843";"796 457";"C01";"1";"7";"0";"2";"1";"2";"1";""
"202200009844";"796 453";"B01";"2";"15";"0";"2";"4";"1";"1";""
"202200009844";"796 454";"A01";"2";"7";"0";"2";"1";"1";"1";""
"202200009845";"796 452";"A01";"1";"7";"1";"0";"1";"2";"1";""
"202200009846";"796 449";"A01";"0";"38";"0";"1";"2";"16";"1";"1"
"202200009847";"796 448";"A01";"1";"7";"13";"0";"3";"1";"1";""
"202200009848";"796 447";"A01";"1";"2";"15";"0";"1";"1";"1";""
"202200009849";"796 446";"A01";"1";"7";"2";"0";"3";"17";"1";""
"202200009850";"796 444";"B01";"1";"80";"0";"2";"1";"1";"3";""
"202200009850";"796 445";"A01";"2";"80";"0";"2";"1";"1";"3";""
"202200009851";"796 442";"B01";"1";"31";"0";"2";"2";"17";"1";""
"202200009851";"796 443";"A01";"1";"7";"0";"0";"8";"15";"1";""
"202200009852";"796 440";"A01";"1";"7";"0";"2";"0";"16";"1";""
"202200009852";"796 441";"B01";"2";"50";"0";"2";"7";"19";"3";""
"202200009853";"796 439";"A01";"1";"1";"0";"0";"0";"0";"5";""
"202200009854";"796 437";"B01";"3";"1";"0";"2";"1";"1";"5";""
"202200009854";"796 438";"A01";"3";"7";"0";"9";"0";"15";"1";""
"202200009855";"796 435";"B01";"2";"10";"0";"9";"3";"1";"1";""
"202200009855";"796 436";"A01";"2";"1";"0";"2";"1";"1";"5";""
"202200009856";"796 434";"A01";"2";"43";"8";"0";"1";"0";"1";""
"202200009857";"796 432";"B01";"1";"14";"0";"2";"1";"1";"1";""
"202200009857";"796 433";"A01";"2";"7";"0";"2";"3";"13";"1";""
"202200009858";"796 428";"B01";"3";"31";"0";"2";"1";"1";"1";""
"202200009858";"796 429";"A01";"3";"7";"0";"2";"3";"1";"1";""
"202200009859";"796 427";"A01";"1";"7";"16";"0";"9";"0";"1";""
"202200009860";"796 426";"A01";"1";"2";"0";"0";"0";"26";"1";""
"202200009861";"796 424";"A01";"1";"7";"0";"2";"3";"13";"1";""
"202200009861";"796 425";"B01";"2";"14";"4";"2";"3";"1";"1";""
"202200009862";"796 423";"A01";"1";"7";"12";"0";"1";"1";"1";""
"202200009863";"796 422";"A01";"1";"7";"0";"1";"1";"1";"1";""
"202200009864";"796 421";"A01";"1";"7";"13";"0";"2";"0";"1";""
"202200009865";"796 419";"B01";"2";"1";"0";"2";"5";"1";"5";""
"202200009865";"796 420";"A01";"1";"7";"0";"9";"2";"1";"1";""
"202200009866";"796 418";"A01";"0";"37";"15";"0";"8";"15";"1";"4"
"202200009867";"796 417";"A01";"1";"7";"5";"0";"1";"1";"1";""
"202200009868";"796 415";"A01";"2";"34";"0";"2";"3";"1";"1";""
"202200009868";"796 416";"Z01";"2";"7";"0";"2";"0";"0";"0";""
"202200009869";"796 413";"B01";"2";"15";"0";"2";"4";"2";"1";""
"202200009869";"796 414";"A01";"2";"7";"0";"2";"1";"2";"1";""
"202200009870";"796 410";"C01";"2";"7";"0";"2";"4";"2";"1";""
"202200009870";"796 411";"B01";"2";"7";"0";"2";"4";"2";"1";""
"202200009870";"796 412";"A01";"2";"7";"0";"2";"1";"2";"1";""
"202200009871";"796 407";"C01";"1";"10";"0";"2";"4";"2";"1";""
"202200009871";"796 408";"B01";"1";"7";"0";"2";"4";"2";"1";""
"202200009871";"796 409";"A01";"1";"14";"0";"2";"1";"2";"1";""
"202200009872";"796 405";"A01";"1";"7";"0";"2";"3";"11";"2";""
"202200009872";"796 406";"B01";"1";"34";"0";"2";"2";"3";"1";""
"202200009873";"796 403";"A01";"2";"33";"0";"2";"1";"3";"1";""
"202200009873";"796 404";"B01";"2";"10";"0";"2";"5";"1";"1";""
"202200009874";"796 400";"A01";"2";"32";"0";"2";"1";"3";"1";""
"202200009874";"796 401";"B01";"2";"7";"0";"2";"8";"1";"1";""
"202200009874";"796 402";"C01";"2";"7";"0";"2";"4";"1";"1";""
"202200009875";"796 399";"A01";"1";"10";"3";"0";"1";"1";"1";""
"202200009876";"796 397";"A01";"1";"7";"0";"2";"1";"18";"1";""
"202200009876";"796 398";"B01";"1";"7";"0";"2";"4";"0";"2";""
"202200009877";"796 395";"A01";"1";"10";"0";"2";"3";"15";"1";""
"202200009877";"796 396";"B01";"1";"32";"0";"2";"8";"1";"1";""
"202200009878";"796 394";"A01";"1";"1";"0";"0";"1";"2";"5";""
"202200009879";"796 393";"A01";"2";"7";"0";"1";"1";"1";" -1";""
"202200009880";"796 392";"A01";"1";"7";"8";"0";"1";"26";"1";""
"202200009881";"796 391";"A01";"2";"14";"13";"0";"9";"1";"1";""
"202200009882";"796 389";"A01";"3";"7";"0";"2";"8";"15";"1";""
"202200009882";"796 390";"B01";"3";"30";"0";"2";"1";"1";"1";""
"202200009883";"796 387";"B01";"2";"33";"0";"2";"1";"1";"1";""
"202200009883";"796 388";"A01";"1";"7";"0";"2";"7";"15";"3";""
"202200009884";"796 385";"B01";"2";"1";"1";"0";"1";"13";"5";""
"202200009884";"796 386";"A01";"1";"7";"0";"2";"3";"24";"1";""
"202200009885";"796 384";"A01";"2";"7";"8";"0";"5";"1";"1";""
"202200009886";"796 383";"A01";"1";"7";"0";"1";"2";"1";"1";""
"202200009887";"796 381";"A01";"2";"2";"0";"2";"2";"17";"1";""
"202200009887";"796 382";"B01";"2";"7";"0";"2";"3";"15";"1";""
"202200009888";"796 379";"A01";"2";"7";"0";"2";"3";"15";"1";""
"202200009888";"796 380";"B01";"2";"50";"0";"2";"1";"15";"3";""
"202200009889";"796 377";"B01";"1";"7";"0";"2";"4";"1";"1";""
"202200009889";"796 378";"A01";"1";"7";"0";"2";"1";"2";"1";""
"202200009890";"796 374";"B01";"1";"32";"0";"2";"0";"1";"0";""
"202200009890";"796 375";"C01";"1";"2";"0";"2";"0";"1";"0";""
"202200009890";"796 376";"A01";"1";"7";"0";"2";"8";"15";"1";""
"202200009891";"796 372";"A01";"2";"30";"0";"2";"1";"1";"0";""
"202200009891";"796 373";"B01";"1";"7";"0";"2";"3";"15";"1";""
"202200009892";"796 371";"A01";"1";"7";"0";"1";"2";"1";"1";""
"202200009893";"796 369";"A01";"1";"7";"1";"0";"2";"0";"1";""
"202200009893";"796 370";"B01";"1";"7";"1";"0";"6";"0";"1";""
"202200009894";"796 367";"A01";"1";"7";"0";"2";"3";"13";"1";""
"202200009894";"796 368";"B01";"0";"7";"0";"2";"3";"5";"1";""
"202200009895";"796 365";"B01";"3";"32";"0";"2";"1";"17";"1";""
"202200009895";"796 366";"A01";"3";"7";"0";"2";"1";"19";"1";""
"202200009896";"796 364";"A01";"1";"7";"0";"1";"1";"1";"1";""
"202200009897";"796 362";"A01";"1";"7";"0";"2";"0";"0";"2";""
"202200009897";"796 363";"B01";"1";"1";"0";"0";"1";"0";"5";""
"202200009898";"796 361";"A01";"1";"7";"0";"1";"3";"1";"1";""
"202200009899";"796 358";"C01";"1";"33";"0";"9";"1";"1";"1";""
"202200009899";"796 359";"B01";"2";"33";"0";"2";"1";"1";"1";""
"202200009899";"796 360";"A01";"2";"7";"0";"2";"6";"15";"1";""
"202200009900";"796 356";"A01";"1";"7";"0";"2";"1";"9";"1";""
"202200009900";"796 357";"B01";"1";"7";"0";"2";"7";"1";"1";""
"202200009901";"796 355";"A01";"1";"7";"1";"0";"1";"14";"1";""
"202200009902";"796 353";"A01";"3";"31";"0";"2";"1";"26";"1";""
"202200009902";"796 354";"B01";"3";"1";"0";"2";"1";"1";"5";""