"Num_Acc";"id_vehicule";"num_veh";"senc";"catv";"obs";"obsm";"choc";"manv";"motor";"occutc"
"202200009903";"796 351";"A01";"2";"10";"0";"1";"2";"1";"1";""
"202200009904";"796 350";"B01";"1";"7";"0";"2";"1";"0";"2";""
"202200009904";"796 352";"A01";"2";"7";"0";"2";"2";"1";"1";""
"202200009905";"796 349";"A01";"2";"7";"0";"9";"1";"2";"1";""
"202200009906";"796 348";"A01";"1";"7";"0";"1";"2";"1";"1";""
"202200009907";"796 347";"A01";"1";"7";"1";"0";"2";"1";"1";""
"202200009908";"796 345";"A01";"3";"7";"0";"1";"4";"20";"1";""
"202200009909";"796 344";"B01";"1";"7";"0";"2";"1";"1";"1";""
"202200009909";"796 346";"A01";"2";"7";"0";"2";"1";"5";"1";""
"202200009910";"796 341";"A01";"2";"7";"3";"2";"1";"2";"1";""
"202200009910";"796 343";"B01";"2";"15";"4";"2";"6";"2";"1";""
"202200009911";"796 340";"A01";"1";"7";"0";"2";"8";"15";"1";""
"202200009911";"796 342";"B01";"1";"31";"0";"2";"2";"17";"1";""
"202200009912";"796 337";"B01";"3";"7";"0";"2";"3";"1";"1";""
"202200009912";"796 339";"A01";"3";"7";"0";"2";"1";"15";"1";""
"202200009913";"796 336";"A01";"1";"7";"0";"2";"8";"15";"1";""
"202200009913";"796 338";"B01";"1";"7";"0";"2";"1";"1";"1";""
"202200009914";"796 333";"A01";"2";"33";"0";"2";"1";"1";"1";""
"202200009914";"796 334";"B01";"2";"7";"0";"2";"6";"10";"1";""
"202200009915";"796 332";"A01";"2";"7";"0";"2";"3";"15";"1";""
"202200009915";"796 335";"B01";"2";"1";"0";"2";"1";"1";"5";""
"202200009916";"796 330";"A01";"1";"7";"0";"2";"1";"1";"1";""
"202200009916";"796 331";"B01";"0";"7";"0";"2";"4";"1";"1";""
"202200009917";"796 329";"A01";"1";"7";"2";"0";"1";"14";"2";""
"202200009918";"796 328";"A01";"1";"7";"0";"1";"1";"16";"0";""
"202200009919";"796 326";"B01";"2";"7";"0";"4";"8";"23";"1";""
"202200009919";"796 327";"A01";"3";"39";"0";"2";"2";"26";"3";""
"202200009920";"796 325";"A01";"2";"30";"0";"0";"1";"1";"1";""
"202200009921";"796 324";"A01";"2";"7";"15";"1";"1";"16";"1";""
"202200009922";"796 321";"A01";"1";"7";"0";"2";"1";"1";"1";""
"202200009922";"796 323";"B01";"2";"50";"0";"2";"0";"0";"3";""
"202200009923";"796 322";"A01";"1";"7";"9";"1";"7";"16";"1";""
"202200009924";"796 319";"A01";"2";"7";"0";"1";"0";"1";"1";""
"202200009925";"796 314";"A01";"1";"7";"0";"2";"1";"1";"1";""
"202200009925";"796 317";"B01";"2";"2";"0";"2";"7";"1";"1";""
"202200009926";"796 313";"C01";"0";"7";"0";"2";"8";"1";"1";""
"202200009926";"796 315";"B01";"0";"7";"0";"2";"2";"1";"1";""
"202200009926";"796 316";"A01";"3";"7";"0";"2";"3";"9";"1";""
"202200009927";"796 310";"A01";"2";"31";"0";"2";"1";"19";"1";""
"202200009927";"796 311";"B01";"2";"7";"0";"2";"2";"1";"1";""
"202200009928";"796 309";"A01";"2";"34";"0";"2";"1";"5";"1";""
"202200009928";"796 312";"B01";"1";"7";"0";"2";"8";"15";"1";""
"202200009929";"796 308";"A01";"3";"10";"0";"1";"2";"1";"1";""
"202200009930";"796 304";"B01";"2";"1";"0";"2";"6";"1";"5";""
"202200009930";"796 306";"A01";"2";"7";"0";"9";"2";"16";"1";""
"202200009931";"796 305";"A01";"1";"7";"0";"2";"7";"15";"1";""
"202200009931";"796 307";"B01";"2";"1";"0";"2";"1";"1";"5";""
"202200009932";"796 303";"A01";"1";"33";"0";"0";"7";"1";"1";""
"202200009933";"796 301";"Z01";"0";"1";"0";"2";"1";"1";"5";""
"202200009933";"796 302";"A01";"3";"2";"0";"2";"1";"13";"1";""
"202200009934";"796 300";"A01";"3";"7";"0";"1";"2";"0";"1";""
"202200009935";"796 299";"A01";"1";"7";"6";"0";"1";"21";"1";""
"202200009936";"796 297";"B01";"2";"7";"0";"0";"1";"1";"1";""
"202200009936";"796 298";"A01";"1";"7";"0";"2";"2";"16";"1";""
"202200009937";"796 296";"A01";"1";"0";"0";"1";"1";"1";"0";""
"202200009938";"796 293";"A01";"2";"10";"0";"1";"3";"1";"1";""
"202200009939";"796 292";"C01";"2";"13";"0";"2";"8";"1";"1";""
"202200009939";"796 294";"B01";"1";"7";"0";"2";"2";"15";"1";""
"202200009939";"796 295";"A01";"2";"7";"0";"2";"1";"1";"1";""
"202200009940";"796 290";"A01";"3";"7";"9";"2";"3";"6";"1";""
"202200009940";"796 291";"B01";"3";"7";"0";"0";"6";"1";"1";""
"202200009941";"796 289";"A01";"1";"7";"0";"1";"1";"26";"1";""
"202200009942";"796 288";"A01";"1";"7";"1";"0";"2";"14";"1";""
"202200009943";"796 286";"A01";"3";"7";"0";"2";"1";"26";"1";""
"202200009943";"796 287";"B01";"3";"1";"0";"2";"1";"1";"5";""
"202200009944";"796 284";"B01";"3";"7";"0";"2";"1";"1";"1";""
"202200009944";"796 285";"A01";"3";"32";"0";"2";"2";"1";"1";""
"202200009945";"796 283";"A01";"1";"30";"1";"0";"1";"26";"1";""
"202200009946";"796 281";"B01";"3";"1";"0";"2";"1";"1";"5";""
"202200009946";"796 282";"A01";"3";"7";"0";"2";"3";"9";"1";""
"202200009947";"796 280";"A01";"1";"7";"0";"1";"1";"1";"1";""
"202200009948";"796 278";"A01";"1";"43";"0";"2";"7";"1";"1";""
"202200009948";"796 279";"B01";"1";"7";"0";"2";"8";"11";"1";""
"202200009949";"796 277";"A01";"2";"31";"12";"0";"1";"1";"1";""
"202200009950";"796 276";"A01";"1";"7";"4";"0";"9";"14";"1";""
"202200009951";"796 275";"A01";"1";"7";"0";"1";"1";"1";"1";""
"202200009952";"796 274";"A01";"2";"30";"0";"0";"1";"1";"1";""
"202200009953";"796 271";"A01";"2";"7";"0";"2";"3";"10";"1";""
"202200009953";"796 273";"B01";"2";"50";"0";"2";"7";"1";"3";""
"202200009954";"796 270";"B01";"2";"50";"0";"2";"0";"0";"3";""
"202200009954";"796 272";"A01";"2";"15";"0";"9";"1";"2";"0";""
"202200009955";"796 267";"A01";"2";"7";"0";"2";"3";"1";"1";""
"202200009955";"796 269";"B01";"1";"7";"0";"2";"8";"1";"1";""
"202200009956";"796 266";"A01";"3";"7";"0";"2";"3";"15";"1";""
"202200009956";"796 268";"B01";"3";"7";"0";"2";"7";"17";"1";""
"202200009957";"796 264";"A01";"3";"2";"0";"0";"0";"26";"1";""
"202200009958";"796 262";"A01";"2";"7";"0";"2";"5";"2";"1";""
"202200009958";"796 263";"B01";"2";"34";"0";"2";"5";"2";"1";""
"202200009958";"796 265";"Z01";"2";"7";"0";"2";"4";"4";"1";""
"202200009959";"796 260";"A01";"1";"7";"2";"0";"1";"14";"1";""
"202200009959";"796 261";"B01";"3";"7";"0";"0";"0";"15";"0";""
"202200009960";"796 258";"B01";"2";"7";"0";"2";"5";"23";"1";""
"202200009960";"796 259";"A01";"2";"34";"0";"2";"1";"2";"3";""
"202200009961";"796 256";"A01";"1";"1";"0";"2";"8";"15";"5";""
"202200009961";"796 257";"B01";"2";"7";"0";"2";"2";"1";"1";""
"202200009962";"796 254";"A01";"1";"7";"0";"2";"1";"15";"2";""
"202200009962";"796 255";"B01";"2";"1";"0";"2";"8";"1";"5";""
"202200009963";"796 251";"B01";"1";"1";"0";"2";"1";"1";"5";""
"202200009963";"796 253";"A01";"1";"7";"0";"2";"8";"22";"1";""
"202200009964";"796 250";"A01";"1";"1";"0";"2";"8";"2";"5";""
"202200009964";"796 252";"B01";"1";"7";"0";"2";"7";"1";"1";""
"202200009965";"796 249";"A01";"0";"7";"0";"2";"2";"2";"1";""
"202200009966";"796 247";"A01";"3";"7";"0";"2";"8";"19";"1";""
"202200009966";"796 248";"B01";"3";"33";"0";"2";"1";"1";"1";""
"202200009967";"796 246";"Z01";"1";"7";"0";"1";"8";"15";"2";""
"202200009968";"796 244";"B01";"3";"34";"0";"2";"1";"1";"1";""
"202200009968";"796 245";"A01";"3";"7";"0";"2";"1";"15";"1";""
"202200009969";"796 243";"A01";"3";"7";"0";"1";"2";"1";"1";""
"202200009970";"796 240";"A01";"2";"7";"0";"1";"1";"26";"1";""
"202200009971";"796 241";"A01";"2";"33";"0";"2";"1";"2";"1";""
"202200009971";"796 242";"B01";"2";"7";"0";"2";"6";"15";"1";""
"202200009972";"796 238";"A01";"3";"10";"0";"1";"1";"26";"1";""
"202200009973";"796 237";"A01";"0";"7";"0";"2";"4";"1";"0";""
"202200009973";"796 239";"B01";"3";"7";"0";"2";"1";"1";"1";""
"202200009974";"796 234";"A01";"2";"7";"0";"2";"1";"2";"1";""
"202200009974";"796 236";"B01";"2";"7";"0";"2";"4";"2";"1";""
"202200009975";"796 233";"A01";"3";"7";"0";"2";"3";"26";"1";""
"202200009975";"796 235";"Y01";"3";"60";"0";"2";"1";"16";"5";""
"202200009976";"796 231";"A01";"1";"7";"1";"2";"1";"14";"1";""
"202200009977";"796 229";"A01";"1";"7";"0";"1";"1";"1";"0";""
"202200009978";"796 226";"A01";"1";"10";"0";"2";"1";"2";"1";""
"202200009978";"796 228";"B01";"2";"7";"0";"2";"4";"2";"1";""
"202200009978";"796 230";"C01";"1";"7";"0";"2";"4";"2";"1";""
"202200009978";"796 232";"D01";"1";"7";"0";"2";"1";"2";"3";""
"202200009979";"796 225";"A01";"2";"7";"0";"2";"1";"1";"1";""
"202200009979";"796 227";"B01";"1";"43";"0";"2";"3";"1";"1";""
"202200009980";"796 224";"A01";"1";"7";"4";"0";"3";"13";"1";""
"202200009981";"796 222";"A01";"0";"7";"0";"1";"1";"1";"1";""
"202200009982";"796 218";"D01";"2";"7";"0";"2";"5";"2";"2";""
"202200009982";"796 220";"C01";"2";"7";"0";"2";"4";"2";"1";""
"202200009982";"796 221";"B01";"2";"7";"0";"2";"4";"2";"1";""
"202200009982";"796 223";"A01";"2";"14";"0";"2";"1";"2";"1";""
"202200009983";"796 217";"B01";"1";"2";"8";"0";"1";"0";"1";""
"202200009983";"796 219";"A01";"1";"7";"0";"0";"0";"2";"3";""
"202200009984";"796 215";"B01";"2";"80";"0";"2";"1";"1";"3";""
"202200009984";"796 216";"A01";"2";"14";"0";"2";"7";"16";"1";""
"202200009985";"796 214";"A01";"3";"7";"0";"1";"2";"1";"1";""
"202200009986";"796 211";"Z01";"1";"7";"12";"2";"0";"11";"2";""
"202200009986";"796 212";"A01";"1";"30";"0";"2";"8";"1";"3";""
"202200009987";"796 210";"B01";"1";"32";"0";"2";"8";"1";"1";""
"202200009987";"796 213";"A01";"1";"7";"0";"2";"7";"20";"1";""
"202200009988";"796 209";"A01";"2";"10";"0";"1";"2";"2";"1";""
"202200009989";"796 208";"A01";"1";"32";"0";"1";"3";"1";"3";""
"202200009990";"796 207";"A01";"2";"7";"13";"0";"1";"2";"1";""
"202200009991";"796 206";"A01";"2";"34";"0";"1";"1";"1";"1";""
"202200009992";"796 205";"A01";"3";"7";"2";"0";"8";"0";"1";""
"202200009993";"796 204";"A01";"3";"7";"0";"1";"0";"1";"1";""
"202200009994";"796 203";"A01";"1";"7";"2";"0";"7";"13";"1";""
"202200009995";"796 200";"A01";"1";"30";"0";"2";"7";"1";"1";""
"202200009995";"796 202";"B01";"1";"1";"0";"2";"8";"13";"5";""
"202200009996";"796 199";"A01";"1";"7";"0";"2";"2";"1";"1";""
"202200009996";"796 201";"B01";"1";"1";"0";"2";"1";"1";"5";""
"202200009997";"796 197";"A01";"1";"7";"0";"1";"2";"1";"1";""
"202200009998";"796 196";"B01";"1";"7";"0";"2";"1";"1";"1";""
"202200009998";"796 198";"A01";"2";"7";"0";"2";"1";"15";"1";""
"202200009999";"796 194";"A01";"3";"10";"0";"1";"4";"4";"1";""
"202200010000";"796 193";"B01";"2";"17";"0";"2";"3";"0";"1";""
"202200010000";"796 195";"A01";"2";"7";"0";"2";"2";"19";"0";""
"202200010001";"796 191";"A01";"2";"33";"0";"0";"0";"1";"1";""
"202200010002";"796 190";"A01";"1";"30";"0";"2";"1";"1";"3";""
"202200010002";"796 192";"B01";"1";"33";"0";"2";"7";"16";"1";""
"202200010003";"796 188";"A01";"2";"7";"0";"0";"1";"9";"1";""
"202200010003";"796 189";"B01";"1";"10";"0";"0";"7";"26";"1";""
"202200010004";"796 186";"A01";"1";"30";"0";"2";"1";"1";"3";""
"202200010004";"796 187";"B01";"1";"50";"0";"2";"7";"16";"3";""
"202200010005";"796 185";"A01";"1";"33";"0";"0";"0";"1";"1";""
"202200010006";"796 183";"A01";"1";"7";"0";"2";"2";"19";"1";""
"202200010006";"796 184";"B01";"1";"7";"0";"2";"3";"1";"1";""
"202200010007";"796 181";"B01";"1";"33";"0";"0";"1";"17";"1";""
"202200010007";"796 182";"A01";"1";"7";"0";"0";"8";"10";"1";""
"202200010008";"796 179";"A01";"2";"7";"0";"2";"1";"2";"1";""
"202200010008";"796 180";"B01";"1";"7";"0";"2";"0";"23";"1";""
"202200010009";"796 178";"A01";"2";"7";"0";"1";"2";"1";"1";""
"202200010010";"796 175";"A01";"1";"7";"0";"2";"2";"1";"1";""
"202200010010";"796 177";"B01";"3";"7";"0";"2";"7";"1";"1";""
"202200010011";"796 174";"B01";"1";"10";"0";"2";"3";"1";"1";""
"202200010011";"796 176";"A01";"1";"7";"0";"0";"8";"15";"1";""
"202200010012";"796 172";"A01";"3";"7";"0";"1";"6";"16";"1";""
"202200010013";"796 171";"A01";"2";"32";"0";"2";"2";"17";"1";""
"202200010013";"796 173";"B01";"2";"10";"0";"2";"3";"15";"1";""
"202200010014";"796 170";"A01";"1";"7";"16";"0";"2";"1";"1";""
"202200010015";"796 169";"X01";"2";"7";"0";"1";"8";"16";"1";""
"202200010016";"796 168";"A01";"1";"7";"0";"1";"2";"15";"1";""
"202200010017";"796 166";"B01";"3";"43";"0";"9";"4";"26";"1";""
"202200010017";"796 167";"A01";"3";"7";"0";"2";"1";"1";"1";""
"202200010018";"796 165";"A01";"2";"33";"0";"0";"8";"1";"1";""
"202200010019";"796 163";"B01";"1";"32";"0";"2";"1";"1";"1";""
"202200010019";"796 164";"A01";"1";"7";"0";"2";"8";"13";"1";""
"202200010020";"796 161";"A01";"1";"7";"0";"2";"8";"15";"1";""
"202200010020";"796 162";"B01";"1";"33";"0";"2";"1";"1";"1";""
"202200010021";"796 160";"A01";"1";"1";"6";"0";"0";"16";"5";""
"202200010022";"796 159";"A01";"1";"30";"0";"1";"1";"2";"1";""
"202200010023";"796 157";"A01";"1";"7";"0";"2";"7";"10";"1";""
"202200010023";"796 158";"B01";"2";"43";"0";"2";"8";"1";"1";""
"202200010024";"796 155";"B01";"2";"30";"0";"2";"7";"0";"1";""
"202200010024";"796 156";"A01";"2";"7";"0";"2";"7";"11";"1";""
"202200010025";"796 153";"B01";"1";"7";"0";"1";"1";"1";"1";""
"202200010025";"796 154";"A01";"1";"7";"0";"2";"2";"2";"1";""
"202200010026";"796 151";"A01";"2";"43";"0";"2";"1";"2";"1";""
"202200010026";"796 152";"B01";"2";"33";"0";"2";"5";"16";"1";""
"202200010027";"796 150";"A01";"1";"7";"2";"0";"1";"21";"1";""
"202200010028";"796 149";"A01";"3";"37";"0";"1";"2";"16";"1";"1"
"202200010029";"796 148";"A01";"0";"10";"1";"1";"1";"1";"0";""
"202200010030";"796 147";"A01";"1";"10";"0";"1";"7";"1";"1";""
"202200010031";"796 145";"A01";"3";"7";"0";"0";"4";"23";"1";""
"202200010031";"796 146";"B01";"3";"7";"0";"2";"4";"26";"1";""
"202200010032";"796 143";"A01";"0";"7";"0";"2";"1";"13";"1";""
"202200010032";"796 144";"B01";"0";"7";"0";"2";"3";"1";"1";""
"202200010033";"796 141";"B01";"1";"7";"0";"2";"3";"19";"1";""
"202200010033";"796 142";"A01";"1";"50";"0";"2";"7";"0";"3";""
"202200010034";"796 140";"A01";"2";"30";"0";"1";"0";"0";"1";""
"202200010035";"796 138";"A01";"1";"7";"1";"0";"7";"15";"1";""
"202200010035";"796 139";"B01";"1";"7";"0";"2";"3";"1";"1";""
"202200010036";"796 136";"A01";"1";"32";"0";"2";"2";"0";"0";""
"202200010036";"796 137";"B01";"3";"7";"0";"2";"0";"0";"0";""
"202200010037";"796 134";"A01";"1";"7";"0";"2";"2";"15";"1";""
"202200010037";"796 135";"B01";"0";"1";"0";"2";"1";"15";"5";""
"202200010038";"796 132";"A01";"1";"3";"0";"2";"5";"0";"1";""
"202200010038";"796 133";"B01";"1";"7";"0";"2";"4";"0";"1";""
"202200010039";"796 130";"A01";"0";"7";"0";"0";"8";"22";"2";""
"202200010039";"796 131";"B01";"0";"1";"1";"0";"1";"17";"5";""
"202200010040";"796 128";"A01";"2";"7";"0";"2";"2";"15";"1";""
"202200010040";"796 129";"B01";"1";"33";"0";"2";"1";"1";"1";""
"202200010041";"796 126";"A01";"0";"7";"0";"2";"3";"15";"1";""
"202200010041";"796 127";"B01";"0";"32";"0";"2";"1";"1";"1";""
"202200010042";"796 125";"B01";"0";"2";"1";"2";"3";"1";"3";""
"202200010043";"796 123";"B01";"2";"7";"0";"2";"7";"16";"1";""
"202200010043";"796 124";"A01";"1";"34";"0";"2";"8";"2";"1";""
"202200010044";"796 122";"A01";"1";"10";"0";"1";"1";"15";"1";""
"202200010045";"796 121";"A01";"1";"33";"0";"0";"0";"1";"1";""
"202200010046";"796 120";"A01";"1";"7";"0";"1";"1";"1";"1";""
"202200010047";"796 118";"B01";"2";"30";"0";"2";"7";"1";"3";""
"202200010047";"796 119";"A01";"2";"33";"0";"2";"6";"13";"1";""
"202200010048";"796 117";"A01";"3";"7";"0";"0";"9";"2";"1";""
"202200010049";"796 115";"A01";"3";"7";"0";"2";"1";"15";"1";""
"202200010049";"796 116";"B01";"3";"2";"0";"2";"1";"1";"1";""
"202200010050";"796 113";"B01";"1";"7";"0";"9";"1";"1";"1";""
"202200010050";"796 114";"A01";"2";"14";"0";"0";"0";"1";"1";""
"202200010051";"796 110";"A01";"1";"7";"0";"2";"1";"0";"1";""
"202200010051";"796 112";"B01";"2";"7";"0";"2";"3";"1";"1";""
"202200010052";"796 109";"B01";"1";"50";"0";"2";"1";"0";"3";""
"202200010052";"796 111";"A01";"1";"7";"0";"2";"2";"20";"1";""
"202200010053";"796 108";"A01";"1";"1";"0";"0";"0";"1";"5";""
"202200010054";"796 107";"A01";"1";"10";"0";"1";"3";"1";"1";""
"202200010055";"796 106";"A01";"1";"7";"0";"1";"1";"2";"1";""
"202200010056";"796 105";"A01";"1";"7";"0";"1";"1";"1";"1";""
"202200010057";"796 103";"A01";"1";"7";"0";"2";"3";"17";"1";""
"202200010057";"796 104";"B01";"2";"1";"0";"2";"1";"1";"5";""
"202200010058";"796 101";"A01";"1";"7";"1";"0";"1";"1";"1";""
"202200010058";"796 102";"B01";"1";"38";"0";"2";"6";"24";"1";"1"
"202200010059";"796 098";"A01";"2";"21";"0";"2";"4";"1";"1";""
"202200010059";"796 099";"B01";"2";"7";"0";"2";"4";"11";"1";""
"202200010059";"796 100";"C01";"2";"17";"1";"2";"1";"17";"1";""
"202200010060";"796 096";"B01";"1";"7";"12";"0";"2";"21";"1";""
"202200010060";"796 097";"A01";"1";"7";"0";"0";"0";"1";"1";""
"202200010061";"796 094";"A01";"1";"7";"0";"1";"1";"19";"1";""
"202200010062";"796 095";"A01";"2";"7";"0";"0";"1";"1";"1";""
"202200010063";"796 092";"B01";"2";"7";"13";"1";"2";"1";"1";""
"202200010063";"796 093";"A01";"2";"7";"3";"0";"8";"1";"1";""
"202200010064";"796 090";"B01";"3";"7";"0";"2";"2";"15";"1";""
"202200010064";"796 091";"A01";"3";"34";"0";"2";"1";"1";"1";""
"202200010065";"796 087";"B01";"2";"2";"0";"2";"3";"1";"1";""
"202200010065";"796 088";"A01";"1";"7";"0";"2";"2";"15";"1";""
"202200010066";"796 085";"B01";"2";"7";"0";"2";"1";"2";"1";""
"202200010066";"796 086";"A01";"2";"21";"16";"0";"4";"2";"1";""
"202200010067";"796 084";"A01";"2";"7";"7";"0";"1";"13";"1";""
"202200010068";"796 082";"A01";"1";"7";"0";"1";"1";"1";"1";""
"202200010069";"796 080";"B01";"1";"7";"0";"2";"1";"1";"1";""
"202200010069";"796 081";"A01";"2";"7";"0";"2";"1";"1";"1";""
"202200010070";"796 078";"A01";"1";"7";"0";"2";"1";"9";"1";""
"202200010070";"796 079";"B01";"2";"33";"0";"2";"8";"1";"1";""
"202200010071";"796 076";"B01";"2";"10";"0";"2";"3";"1";"1";""
"202200010071";"796 077";"A01";"1";"3";"0";"2";"3";"13";"1";""
"202200010072";"796 074";"A01";"1";"7";"10";"0";"1";"2";"1";""
"202200010073";"796 072";"A01";"2";"7";"0";"2";"2";"17";"1";""
"202200010073";"796 073";"B01";"2";"21";"0";"2";"3";"15";"1";""
"202200010074";"796 069";"B01";"1";"7";"0";"2";"2";"1";"1";""
"202200010074";"796 071";"A01";"1";"7";"0";"2";"1";"9";"1";""
"202200010075";"796 070";"B01";"2";"99";"0";"0";"4";"1";"0";""
"202200010075";"796 075";"A01";"2";"99";"0";"2";"1";"1";"0";""
"202200010076";"796 067";"B01";"2";"7";"0";"2";"3";"1";"0";""
"202200010076";"796 068";"A01";"1";"10";"0";"2";"3";"1";"0";""
"202200010077";"796 065";"A01";"1";"7";"12";"0";"1";"1";"1";""
"202200010078";"796 064";"B01";"2";"7";"0";"2";"1";"1";"1";""
"202200010078";"796 066";"A01";"1";"7";"0";"2";"1";"11";"1";""
"202200010079";"796 063";"A01";"2";"10";"6";"0";"2";"1";"1";""
"202200010080";"796 062";"A01";"1";"7";"2";"0";"1";"1";"1";""
"202200010081";"796 061";"A01";"0";"2";"0";"0";"8";"1";"1";""
"202200010082";"796 060";"A01";"1";"7";"2";"0";"7";"1";"1";""
"202200010083";"796 058";"B01";"2";"1";"0";"2";"1";"1";"5";""
"202200010083";"796 059";"A01";"1";"7";"0";"9";"1";"1";"1";""
"202200010084";"796 054";"A01";"1";"10";"0";"2";"3";"9";"1";""
"202200010084";"796 056";"B01";"1";"1";"0";"2";"1";"2";"5";""
"202200010085";"796 051";"A01";"1";"7";"0";"2";"2";"15";"1";""
"202200010085";"796 052";"B01";"2";"33";"0";"2";"1";"1";"1";""
"202200010086";"796 050";"A01";"1";"10";"0";"1";"1";"1";"1";""
"202200010087";"796 048";"B01";"1";"33";"0";"2";"1";"2";"1";""
"202200010087";"796 049";"A01";"1";"7";"0";"2";"3";"15";"1";""
"202200010088";"796 053";"C01";"1";"7";"0";"2";"1";"1";"1";""
"202200010088";"796 055";"B01";"1";"7";"0";"2";"1";"1";"1";""
"202200010088";"796 057";"A01";"2";"7";"0";"2";"1";"13";"1";""
"202200010089";"796 047";"A01";"2";"7";"0";"1";"2";"1";"1";""
"202200010090";"796 045";"B01";"2";"15";"0";"2";"1";"1";"1";""
"202200010090";"796 046";"A01";"1";"7";"0";"2";"1";"5";"1";""
"202200010091";"796 042";"B01";"2";"14";"0";"0";"6";"0";"1";""
"202200010091";"796 043";"A01";"2";"7";"0";"2";"1";"0";"1";""
"202200010092";"796 041";"A01";"1";"38";"6";"0";"8";"13";"1";"3"
"202200010093";"796 044";"A01";"1";"7";"13";"0";"3";"1";"1";""
"202200010094";"796 039";"B01";"2";"7";"0";"2";"1";"17";"1";""
"202200010094";"796 040";"A01";"1";"7";"0";"2";"1";"1";"1";""
"202200010095";"796 037";"B01";"2";"33";"0";"2";"1";"1";"1";""
"202200010095";"796 038";"A01";"1";"7";"0";"2";"2";"19";"1";""
"202200010096";"796 036";"A01";"3";"2";"12";"0";"2";"2";"1";""
"202200010097";"796 034";"A01";"2";"7";"0";"2";"3";"2";"1";""
"202200010097";"796 035";"B01";"1";"7";"0";"2";"1";"13";"1";""
"202200010098";"796 031";"B01";"2";"7";"13";"2";"9";"2";"1";""
"202200010098";"796 032";"A01";"2";"7";"0";"2";"4";"2";"1";""
"202200010099";"796 028";"B01";"1";"7";"0";"2";"3";"15";"1";""
"202200010099";"796 029";"A01";"1";"2";"0";"2";"1";"17";"1";""
"202200010100";"796 026";"B01";"1";"1";"0";"2";"1";"1";"5";""
"202200010100";"796 027";"A01";"2";"7";"0";"9";"1";"15";"1";""
"202200010101";"796 030";"B01";"2";"7";"0";"2";"1";"1";"1";""
"202200010101";"796 033";"A01";"1";"7";"0";"2";"1";"13";"1";""
"202200010102";"796 025";"A01";"1";"10";"0";"0";"0";"1";"1";""
"202200010103";"796 023";"B01";"3";"7";"0";"2";"6";"26";"1";""
"202200010103";"796 024";"A01";"1";"33";"0";"2";"2";"1";"1";""
"202200010104";"796 018";"B01";"1";"33";"3";"0";"1";"2";"1";""
"202200010104";"796 020";"A01";"1";"33";"3";"0";"1";"2";"1";""
"202200010105";"796 017";"A01";"2";"10";"0";"2";"6";"11";"1";""
"202200010105";"796 019";"B01";"2";"33";"0";"2";"2";"1";"1";""
"202200010106";"796 016";"A01";"2";"7";"15";"0";"1";"1";"1";""
"202200010107";"796 012";"A01";"1";"43";"0";"2";"1";"2";"1";""
"202200010107";"796 015";"B01";"1";"7";"0";"2";"4";"2";"1";""
"202200010108";"796 010";"A01";"3";"33";"0";"2";"1";"21";"1";""
"202200010108";"796 014";"B01";"3";"7";"0";"2";"6";"1";"1";""
"202200010109";"796 007";"A01";"2";"10";"0";"2";"7";"1";"1";""
"202200010109";"796 008";"Y01";"2";"0";"0";"0";"0";"0";"0";""
"202200010110";"796 006";"A01";"1";"7";"0";"1";"3";"1";"1";""
"202200010111";"796 001";"C01";"1";"7";"0";"2";"3";"0";"1";""
"202200010111";"796 002";"B01";"1";"7";"0";"2";"1";"2";"1";""
"202200010111";"796 004";"A01";"1";"7";"0";"2";"6";"2";"1";""
"202200010112";"796 003";"B01";"1";"7";"0";"2";"2";"2";"1";""
"202200010112";"796 005";"A01";"1";"10";"0";"2";"3";"19";"1";""
"202200010113";"796 000";"A01";"1";"10";"13";"0";"1";"1";"1";""
"202200010114";"795 998";"A01";"2";"33";"13";"0";"9";"1";"1";""
"202200010115";"795 997";"A01";"1";"7";"0";"2";"1";"23";"1";""
"202200010115";"795 999";"B01";"1";"7";"0";"2";"1";"1";"1";""
"202200010116";"795 994";"A01";"2";"31";"0";"9";"8";"18";"1";""
"202200010117";"795 993";"A01";"1";"7";"0";"6";"1";"1";"1";""
"202200010117";"795 995";"B01";"1";"7";"0";"2";"1";"1";"1";""
"202200010117";"795 996";"C01";"1";"7";"0";"2";"1";"1";"1";""
"202200010118";"795 991";"A01";"3";"7";"0";"2";"5";"15";"1";""
"202200010118";"795 992";"B01";"3";"7";"0";"2";"1";"1";"1";""
"202200010119";"795 987";"A01";"1";"7";"0";"2";"4";"1";"1";""
"202200010119";"795 989";"B01";"1";"7";"0";"2";"1";"2";"1";""
"202200010119";"795 990";"Z01";"1";"7";"0";"0";"0";"0";"0";""
"202200010120";"795 988";"A01";"1";"31";"13";"0";"0";"15";"1";""
"202200010121";"795 985";"B01";"1";"31";"0";"2";"1";"2";"1";""
"202200010121";"795 986";"A01";"1";"7";"0";"2";"5";"1";"1";""
"202200010122";"795 983";"A01";"1";"33";"0";"2";"1";"2";"1";""
"202200010122";"795 984";"B01";"1";"0";"0";"0";"4";"1";" -1";""
"202200010123";"795 982";"A01";"1";"7";"0";"1";"3";"1";"1";""
"202200010124";"795 981";"A01";"1";"7";"3";"0";"0";"1";"1";""
"202200010125";"795 977";"A01";"2";"10";"0";"2";"1";"1";"1";""
"202200010125";"795 979";"B01";"2";"10";"0";"2";"4";"1";"1";""
"202200010126";"795 975";"B01";"1";"7";"0";"2";"1";"1";"1";""