"Num_Acc";"id_vehicule";"num_veh";"senc";"catv";"obs";"obsm";"choc";"manv";"motor";"occutc"
"202200010332";"795 600";"B01";"2";"31";"0";"2";"1";"1";"1";""
"202200010333";"795 597";"A01";"2";"30";"0";"0";"0";"1";"1";""
"202200010334";"795 594";"A01";"0";"7";"0";"1";"2";"1";"1";""
"202200010335";"795 593";"A01";"3";"2";"0";"2";"1";"18";"1";""
"202200010335";"795 596";"B01";"3";"7";"0";"2";"7";"16";"1";""
"202200010336";"795 592";"B01";"1";"7";"0";"2";"3";"1";"1";""
"202200010336";"795 595";"A01";"1";"7";"0";"2";"2";"1";"1";""
"202200010337";"795 589";"B01";"2";"7";"0";"2";"8";"21";"1";""
"202200010337";"795 591";"A01";"1";"7";"0";"2";"1";"13";"1";""
"202200010338";"795 588";"A01";"0";"7";"0";"2";"1";"1";"1";""
"202200010338";"795 590";"B01";"0";"7";"0";"1";"4";"23";"1";""
"202200010339";"795 587";"A01";"1";"7";"0";"1";"1";"16";"1";""
"202200010340";"795 586";"A01";"3";"31";"3";"0";"7";"1";"1";""
"202200010341";"795 585";"A01";"1";"10";"0";"1";"1";"16";"1";""
"202200010342";"795 583";"B01";"1";"32";"0";"2";"2";"0";"1";""
"202200010342";"795 584";"A01";"2";"7";"0";"2";"8";"1";"1";""
"202200010343";"795 581";"A01";"3";"10";"2";"0";"3";"13";"1";""
"202200010344";"795 580";"A01";"1";"10";"0";"2";"2";"1";"1";""
"202200010344";"795 582";"B01";"1";"1";"0";"2";"2";"9";"5";""
"202200010345";"795 579";"A01";"1";"7";"0";"1";"5";"20";"1";""
"202200010346";"795 574";"A01";"2";"30";"0";"2";"2";"17";"1";""
"202200010346";"795 577";"B01";"2";"7";"0";"2";"8";"15";"1";""
"202200010347";"795 573";"A01";"2";"14";"0";"9";"6";"9";"1";""
"202200010347";"795 575";"B01";"2";"1";"0";"2";"1";"2";"5";""
"202200010348";"795 569";"A01";"2";"33";"0";"2";"1";"21";"1";""
"202200010348";"795 571";"B01";"2";"7";"0";"2";"4";"23";"1";""
"202200010349";"795 568";"A01";"1";"1";"0";"9";"0";"1";"5";""
"202200010350";"795 566";"A01";"1";"7";"2";"0";"3";"21";"1";""
"202200010351";"795 561";"A01";"2";"10";"0";"2";"3";"10";"1";""
"202200010351";"795 564";"B01";"2";"33";"0";"2";"1";"1";"1";""
"202200010352";"795 559";"C01";"1";"10";"0";"2";"6";"1";"1";""
"202200010352";"795 560";"B01";"1";"33";"0";"2";"3";"3";"1";""
"202200010352";"795 562";"A01";"1";"7";"0";"2";"2";"12";"1";""
"202200010353";"795 558";"A01";"0";"10";"3";"0";"2";"14";"1";""
"202200010354";"795 557";"A01";"0";"10";"0";"2";"5";"9";"0";""
"202200010355";"795 551";"B01";"1";"34";"1";"2";"1";"17";"1";""
"202200010355";"795 554";"A01";"1";"7";"0";"2";"8";"10";"1";""
"202200010356";"795 550";"A01";"2";"7";"0";"2";"1";"2";"1";""
"202200010356";"795 553";"B01";"2";"7";"0";"2";"4";"2";"1";""
"202200010356";"795 555";"C01";"2";"7";"0";"2";"7";"1";"1";""
"202200010357";"795 549";"A01";"3";"50";"0";"2";"7";"19";"3";""
"202200010357";"795 552";"B01";"2";"7";"0";"2";"1";"1";"3";""
"202200010358";"795 544";"B01";"1";"99";"0";"2";"0";"16";"0";""
"202200010358";"795 546";"A01";"1";"10";"0";"9";"8";"1";"0";""
"202200010359";"795 543";"A01";"2";"7";"0";"1";"6";"4";"1";""
"202200010360";"795 542";"B01";"1";"34";"0";"0";"0";"0";"0";""
"202200010360";"795 545";"C01";"1";"32";"0";"2";"0";"0";"1";""
"202200010360";"795 547";"D01";"2";"7";"0";"2";"0";"0";"1";""
"202200010360";"795 548";"A01";"2";"34";"0";"2";"1";"3";"1";""
"202200010361";"795 538";"A01";"2";"10";"0";"2";"4";"20";"3";""
"202200010361";"795 540";"B01";"2";"2";"0";"2";"1";"1";"1";""
"202200010362";"795 539";"A01";"0";"37";"0";"2";"6";"9";"1";"1"
"202200010362";"795 541";"B01";"0";"1";"0";"2";"7";"1";"5";""
"202200010363";"795 536";"B01";"1";"7";"9";"2";"2";"1";"1";""
"202200010363";"795 537";"A01";"1";"7";"0";"2";"1";"15";"1";""
"202200010364";"795 535";"A01";"3";"10";"0";"1";"4";"4";"1";""
"202200010365";"795 531";"B01";"1";"1";"0";"2";"0";"0";"5";""
"202200010365";"795 533";"A01";"1";"7";"0";"2";"2";"14";"0";""
"202200010366";"795 532";"A01";"0";"7";"0";"2";"1";"1";"1";""
"202200010366";"795 534";"B01";"0";"1";"0";"2";"3";"1";"5";""
"202200010367";"795 529";"B01";"1";"7";"0";"2";"5";"1";"1";""
"202200010367";"795 530";"A01";"1";"30";"0";"2";"1";"1";"3";""
"202200010368";"795 526";"A01";"0";"7";"0";"2";"3";"10";"1";""
"202200010368";"795 528";"B01";"0";"32";"0";"2";"2";"3";"1";""
"202200010369";"795 524";"B01";"1";"7";"0";"2";"3";"15";"1";""
"202200010369";"795 527";"A01";"1";"1";"0";"2";"2";"1";"5";""
"202200010370";"795 522";"A01";"3";"7";"8";"0";"3";"1";"1";""
"202200010371";"795 523";"B01";"1";"2";"0";"2";"2";"1";"1";""
"202200010371";"795 525";"A01";"1";"33";"0";"2";"8";"9";"1";""
"202200010372";"795 521";"A01";"3";"1";"0";"1";"1";"1";"5";""
"202200010373";"795 520";"A01";"3";"30";"0";"1";"1";"17";"1";""
"202200010374";"795 519";"A01";"3";"10";"8";"1";"1";"19";"1";""
"202200010375";"795 517";"Z01";"2";"0";"0";"1";"8";"15";"0";""
"202200010376";"795 515";"A01";"2";"30";"0";"2";"1";"1";"3";""
"202200010376";"795 518";"B01";"1";"7";"0";"2";"3";"15";"3";""
"202200010377";"795 514";"A01";"1";"7";"0";"2";"1";"14";"1";""
"202200010377";"795 516";"B01";"1";"1";"0";"2";"7";"1";"5";""
"202200010378";"795 513";"A01";"3";"7";"0";"1";"2";"16";"1";""
"202200010379";"795 512";"A01";"1";"7";"1";"0";"2";"14";"3";""
"202200010380";"795 509";"A01";"1";"14";"0";"2";"2";"1";"1";""
"202200010380";"795 511";"B01";"1";"1";"0";"2";"8";"1";"5";""
"202200010381";"795 506";"C01";"1";"7";"0";"2";"4";"0";"1";""
"202200010381";"795 508";"B01";"1";"99";"0";"2";"6";"0";"1";""
"202200010381";"795 510";"A01";"1";"7";"0";"2";"1";"2";"1";""
"202200010382";"795 504";"B01";"2";"10";"0";"2";"4";"23";"1";""
"202200010382";"795 505";"C01";"2";"7";"0";"2";"4";"23";"1";""
"202200010382";"795 507";"A01";"2";"7";"0";"2";"1";"1";"1";""
"202200010383";"795 500";"A01";"1";"32";"0";"2";"2";"12";"1";""
"202200010383";"795 502";"B01";"1";"10";"0";"0";"6";"1";"1";""
"202200010384";"795 501";"A01";"1";"7";"0";"2";"3";"2";"1";""
"202200010384";"795 503";"B01";"2";"32";"0";"2";"2";"15";"1";""
"202200010385";"795 497";"A01";"3";"37";"0";"0";"7";"1";"1";"1"
"202200010386";"795 498";"A01";"2";"43";"12";"2";"8";"21";"1";""
"202200010386";"795 499";"Z01";"2";"7";"0";"2";"0";"18";"0";""
"202200010387";"795 496";"A01";"1";"1";"0";"1";"1";"19";"5";""
"202200010388";"795 493";"A01";"1";"30";"0";"2";"5";"14";"1";""
"202200010388";"795 495";"B01";"1";"10";"0";"2";"3";"1";"1";""
"202200010389";"795 492";"B01";"2";"32";"0";"2";"0";"1";"1";""
"202200010389";"795 494";"A01";"2";"30";"0";"2";"5";"16";"0";""
"202200010390";"795 488";"A01";"1";"10";"0";"2";"7";"16";"1";""
"202200010390";"795 490";"B01";"1";"50";"0";"2";"3";"1";"3";""
"202200010391";"795 487";"C01";"2";"7";"4";"2";"4";"1";"1";""
"202200010391";"795 489";"B01";"2";"10";"0";"2";"1";"1";"1";""
"202200010391";"795 491";"A01";"2";"7";"0";"2";"9";"1";"1";""
"202200010392";"795 485";"B01";"1";"7";"0";"2";"6";"10";"3";""
"202200010392";"795 486";"A01";"2";"50";"0";"2";"1";"17";"3";""
"202200010393";"795 483";"A01";"1";"7";"0";"1";"1";"1";"1";""
"202200010394";"795 481";"A01";"1";"30";"0";"0";"0";"1";"0";""
"202200010394";"795 484";"B01";"1";"7";"0";"0";"2";"16";"1";""
"202200010395";"795 480";"B01";"1";"10";"0";"2";"3";"1";"1";""
"202200010395";"795 482";"A01";"2";"7";"0";"2";"1";"15";"1";""
"202200010396";"795 479";"A01";"1";"37";"0";"1";"2";"7";"1";"1"
"202200010397";"795 478";"A01";"1";"7";"0";"1";"1";"1";"1";""
"202200010398";"795 476";"B01";"2";"2";"0";"2";"0";"1";"3";""
"202200010398";"795 477";"Z01";"2";"7";"0";"2";"0";"22";"0";""
"202200010399";"795 472";"A01";"2";"7";"0";"2";"1";"2";"1";""
"202200010399";"795 475";"B01";"2";"7";"0";"1";"4";"23";"1";""
"202200010400";"795 470";"B01";"1";"7";"0";"2";"3";"1";"1";""
"202200010400";"795 473";"A01";"1";"7";"1";"2";"2";"1";"1";""
"202200010401";"795 471";"B01";"3";"32";"0";"2";"5";"1";"1";""
"202200010401";"795 474";"A01";"3";"7";"0";"2";"3";"9";"1";""
"202200010402";"795 469";"A01";"2";"1";"0";"0";"0";"21";"5";""
"202200010403";"795 468";"A01";"2";"30";"0";"1";"1";"1";"3";""
"202200010404";"795 467";"A01";"3";"15";"0";"1";"1";"1";"1";""
"202200010405";"795 466";"A01";"1";"30";"0";"1";"1";"1";"3";""
"202200010406";"795 465";"A01";"2";"7";"0";"1";"1";"1";"1";""
"202200010407";"795 463";"A01";"2";"33";"0";"0";"0";"17";"1";""
"202200010408";"795 461";"B01";"1";"10";"0";"2";"3";"1";"1";""
"202200010408";"795 462";"A01";"2";"7";"0";"2";"3";"13";"0";""
"202200010409";"795 458";"B01";"1";"7";"0";"2";"3";"1";"1";""
"202200010409";"795 459";"A01";"2";"7";"0";"2";"3";"13";"1";""
"202200010410";"795 457";"B01";"1";"7";"0";"2";"8";"1";"1";""
"202200010410";"795 460";"A01";"1";"7";"0";"2";"1";"1";"1";""
"202200010411";"795 464";"A01";"1";"7";"0";"1";"3";"15";"1";""
"202200010412";"795 453";"A01";"1";"7";"0";"2";"1";"2";"1";""
"202200010412";"795 455";"B01";"1";"7";"0";"2";"4";"2";"1";""
"202200010413";"795 451";"D01";"1";"7";"0";"2";"1";"2";"1";""
"202200010413";"795 452";"C01";"1";"7";"0";"2";"1";"2";"1";""
"202200010413";"795 454";"B01";"1";"7";"0";"2";"1";"2";"1";""
"202200010413";"795 456";"A01";"1";"7";"0";"0";"4";"1";"1";""
"202200010414";"795 447";"C01";"1";"43";"0";"2";"1";"17";"1";""
"202200010414";"795 449";"A01";"1";"7";"0";"2";"3";"10";"1";""
"202200010414";"795 450";"B01";"1";"33";"0";"2";"1";"17";"1";""
"202200010415";"795 446";"A01";"1";"7";"0";"0";"1";"15";"1";""
"202200010415";"795 448";"B01";"1";"33";"0";"2";"1";"1";"1";""
"202200010416";"795 445";"A01";"1";"32";"0";"0";"0";"2";"1";""
"202200010417";"795 443";"A01";"0";"7";"0";"2";"5";"19";"1";""
"202200010417";"795 444";"B01";"1";"7";"0";"2";"1";"1";"1";""
"202200010418";"795 442";"A01";"1";"10";"8";"0";"1";"2";"1";""
"202200010419";"795 439";"B01";"1";"7";"0";"0";"4";"1";"1";""
"202200010419";"795 440";"A01";"1";"30";"0";"2";"1";"1";"1";""
"202200010420";"795 437";"C01";"2";"7";"0";"2";"4";"15";"1";""
"202200010420";"795 438";"B01";"1";"7";"0";"2";"3";"1";"1";""
"202200010420";"795 441";"A01";"2";"10";"0";"2";"3";"1";"1";""
"202200010421";"795 436";"A01";"2";"7";"0";"9";"1";"1";"1";""
"202200010422";"795 435";"A01";"1";"7";"0";"1";"2";"1";"1";""
"202200010423";"795 433";"B01";"3";"7";"0";"2";"8";"15";"1";""
"202200010423";"795 434";"A01";"3";"34";"0";"2";"1";"1";"1";""
"202200010424";"795 431";"A01";"1";"7";"0";"2";"8";"0";"1";""
"202200010424";"795 432";"B01";"2";"7";"0";"2";"8";"0";"1";""
"202200010425";"795 429";"A01";"3";"40";"0";"2";"1";"1";"3";""
"202200010425";"795 430";"B01";"3";"7";"0";"4";"3";"1";"2";""
"202200010426";"795 428";"A01";"2";"7";"0";"1";"3";"2";"1";""
"202200010427";"795 426";"A01";"2";"7";"0";"1";"2";"1";"1";""
"202200010428";"795 425";"B01";"2";"2";"0";"0";"0";"26";"3";""
"202200010428";"795 427";"A01";"2";"7";"0";"2";"7";"13";"1";""
"202200010429";"795 424";"A01";"2";"7";"2";"0";"1";"1";"1";""
"202200010430";"795 423";"A01";"2";"7";"0";"1";"2";"2";"1";""
"202200010431";"795 422";"A01";"2";"38";"0";"1";"2";"1";"0";"1"
"202200010432";"795 421";"A01";"0";"2";"0";"0";"3";"1";"1";""
"202200010433";"795 419";"A01";"2";"10";"0";"2";"7";"15";"1";""
"202200010433";"795 420";"B01";"2";"43";"0";"2";"1";"1";"1";""
"202200010434";"795 416";"A01";"2";"7";"0";"1";"1";"1";"1";""
"202200010435";"795 414";"A01";"1";"7";"0";"2";"1";"15";"1";""
"202200010435";"795 415";"B01";"2";"7";"0";"2";"3";"1";"1";""
"202200010436";"795 412";"A01";"2";"7";"0";"2";"2";"15";"1";""
"202200010436";"795 413";"B01";"1";"2";"0";"2";"1";"1";"1";""
"202200010437";"795 410";"A01";"1";"7";"0";"0";"8";"17";"1";""
"202200010437";"795 411";"B01";"1";"1";"0";"2";"1";"1";"5";""
"202200010438";"795 409";"A01";"1";"1";"0";"0";"0";"0";"5";""
"202200010439";"795 408";"A01";"3";"7";"2";"0";"1";"21";"1";""
"202200010440";"795 407";"A01";"3";"32";"0";"1";"1";"1";"1";""
"202200010441";"795 406";"A01";"3";"15";"15";"0";"1";"24";"1";""
"202200010442";"795 404";"A01";"1";"7";"2";"0";"3";"1";"1";""
"202200010443";"795 403";"B01";"2";"32";"0";"2";"1";"1";"1";""
"202200010443";"795 405";"A01";"2";"7";"0";"2";"2";"3";"1";""
"202200010444";"795 401";"A01";"2";"7";"0";"2";"1";"13";"1";""
"202200010444";"795 402";"B01";"1";"7";"0";"2";"1";"1";"1";""
"202200010445";"795 399";"B01";"2";"7";"0";"9";"2";"1";"1";""
"202200010445";"795 400";"A01";"1";"50";"0";"2";"2";"5";"3";""
"202200010446";"795 397";"B01";"2";"7";"0";"2";"0";"1";"1";""
"202200010446";"795 398";"A01";"2";"7";"0";"2";"2";"14";"1";""
"202200010447";"795 395";"B01";"1";"10";"16";"2";"2";"1";"1";""
"202200010447";"795 396";"A01";"1";"7";"13";"2";"3";"9";"1";""
"202200010448";"795 394";"A01";"3";"7";"0";"1";"2";"17";"1";""
"202200010449";"795 390";"B01";"1";"7";"0";"0";"1";"1";"1";""
"202200010449";"795 393";"A01";"2";"30";"0";"0";"8";"19";"1";""
"202200010450";"795 391";"A01";"1";"10";"0";"2";"2";"14";"1";""
"202200010450";"795 392";"B01";"1";"15";"0";"2";"6";"1";"1";""
"202200010451";"795 388";"A01";"3";"33";"12";"0";"8";"1";"0";""
"202200010452";"795 387";"A01";"1";"7";"0";"2";"8";"16";"1";""
"202200010452";"795 389";"B01";"2";"7";"0";"2";"1";"1";"1";""
"202200010453";"795 384";"B01";"2";"7";"0";"2";"1";"1";"1";""
"202200010453";"795 386";"A01";"2";"33";"0";"2";"8";"1";"1";""
"202200010454";"795 383";"B01";"1";"15";"0";"2";"1";"1";"1";""
"202200010454";"795 385";"A01";"2";"7";"0";"2";"1";"17";"1";""
"202200010455";"795 382";"A01";"0";"15";"0";"0";"1";"0";"1";""
"202200010456";"795 380";"B01";"1";"7";"0";"2";"3";"15";"1";""
"202200010456";"795 381";"A01";"1";"7";"0";"2";"1";"5";"1";""
"202200010457";"795 378";"B01";"2";"7";"0";"9";"8";"5";"0";""
"202200010457";"795 379";"A01";"2";"33";"8";"0";"3";"2";"1";""
"202200010458";"795 376";"A01";"1";"33";"0";"2";"1";"1";"1";""
"202200010458";"795 377";"B01";"2";"7";"0";"2";"1";"13";"1";""
"202200010459";"795 374";"A01";"1";"33";"0";"2";"1";"17";"1";""
"202200010459";"795 375";"B01";"2";"7";"0";"2";"3";"1";"1";""
"202200010460";"795 373";"A01";"3";"13";"0";"9";"2";"1";"1";""
"202200010461";"795 371";"B01";"2";"7";"0";"2";"3";"1";"1";""
"202200010461";"795 372";"A01";"1";"33";"0";"2";"1";"13";"1";""
"202200010462";"795 370";"A01";"3";"7";"0";"1";"2";"9";"1";""
"202200010463";"795 367";"B01";"2";"33";"0";"2";"1";"1";"1";""
"202200010463";"795 369";"A01";"2";"7";"0";"2";"3";"15";"1";""
"202200010464";"795 366";"B01";"1";"7";"0";"2";"1";"1";"1";""
"202200010464";"795 368";"A01";"2";"7";"0";"2";"3";"17";"1";""
"202200010465";"795 362";"A01";"3";"7";"6";"2";"2";"1";"0";""
"202200010465";"795 364";"B01";"3";"7";"0";"2";"1";"1";"2";""
"202200010466";"795 363";"A01";"3";"17";"0";"0";"3";"22";"1";""
"202200010466";"795 365";"B01";"3";"1";"1";"0";"1";"17";"5";""
"202200010467";"795 359";"B01";"2";"15";"0";"0";"8";"1";"1";""
"202200010467";"795 361";"A01";"2";"7";"4";"2";"3";"17";"1";""
"202200010468";"795 358";"A01";"2";"36";"6";"0";"1";"1";"1";""
"202200010469";"795 357";"A01";"1";"33";"2";"0";"0";"1";"1";""
"202200010470";"795 355";"A01";"2";"7";"0";"1";"2";"1";"1";""
"202200010471";"795 354";"B01";"1";"34";"0";"2";"1";"1";"1";""
"202200010471";"795 356";"A01";"2";"7";"0";"0";"3";"15";"1";""
"202200010472";"795 353";"A01";"2";"7";"0";"1";"1";"2";"1";""
"202200010473";"795 350";"C01";"2";"10";"0";"2";"3";"1";"1";""
"202200010473";"795 351";"B01";"1";"10";"0";"2";"3";"1";"1";""
"202200010473";"795 352";"A01";"2";"7";"0";"2";"3";"5";"3";""
"202200010474";"795 346";"B01";"0";"7";"0";"2";"1";"0";"1";""
"202200010474";"795 349";"A01";"0";"7";"0";"2";"5";"26";"1";""
"202200010475";"795 347";"B01";"2";"7";"0";"2";"1";"13";"1";""
"202200010475";"795 348";"A01";"1";"7";"0";"2";"1";"1";"1";""
"202200010476";"795 344";"A01";"0";"7";"0";"1";"1";"23";"1";""
"202200010477";"795 343";"A01";"2";"7";"0";"2";"3";"13";"1";""
"202200010477";"795 345";"B01";"1";"7";"1";"2";"3";"1";"1";""
"202200010478";"795 341";"A01";"1";"7";"0";"2";"4";"1";"1";""
"202200010478";"795 342";"B01";"1";"7";"0";"2";"1";"1";"1";""
"202200010479";"795 339";"B01";"1";"1";"0";"2";"1";"2";"5";""
"202200010479";"795 340";"A01";"2";"7";"0";"2";"3";"9";"1";""
"202200010480";"795 337";"A01";"1";"7";"0";"2";"1";"2";"1";""
"202200010480";"795 338";"B01";"1";"7";"0";"2";"4";"2";"1";""
"202200010481";"795 335";"A01";"2";"7";"2";"0";"1";"1";"1";""
"202200010482";"795 332";"A01";"1";"7";"0";"2";"1";"1";"1";""
"202200010482";"795 333";"B01";"1";"7";"0";"0";"4";"23";"1";""
"202200010482";"795 334";"C01";"1";"7";"0";"0";"4";"23";"1";""
"202200010482";"795 336";"D01";"1";"7";"0";"0";"4";"23";"1";""
"202200010483";"795 330";"B01";"2";"7";"0";"2";"4";"2";"1";""
"202200010483";"795 331";"A01";"2";"33";"0";"2";"1";"2";"1";""
"202200010484";"795 329";"A01";"2";"80";"12";"0";"0";"1";"3";""
"202200010485";"795 327";"B01";"1";"7";"0";"2";"2";"1";"1";""
"202200010485";"795 328";"A01";"1";"7";"0";"2";"8";"9";"1";""
"202200010486";"795 326";"A01";"3";"7";"2";"0";"3";"26";"1";""
"202200010487";"795 324";"B01";"1";"7";"0";"2";"1";"2";"1";""
"202200010487";"795 325";"A01";"1";"7";"0";"2";"4";"2";"1";""
"202200010488";"795 322";"B01";"1";"7";"0";"2";"4";"1";"1";""
"202200010488";"795 323";"A01";"1";"7";"0";"2";"1";"26";"1";""
"202200010489";"795 321";"A01";"1";"7";"1";"0";"2";"1";"1";""
"202200010490";"795 319";"A01";"2";"7";"0";"2";"1";"0";"1";""
"202200010490";"795 320";"B01";"2";"7";"0";"2";"6";"0";"1";""
"202200010491";"795 316";"B01";"1";"33";"0";"2";"1";"2";"1";""
"202200010491";"795 318";"A01";"1";"7";"0";"2";"2";"2";"1";""
"202200010492";"795 317";"A01";"1";"7";"2";"0";"3";"1";"0";""
"202200010493";"795 315";"A01";"2";"10";"5";"0";"1";"14";"3";""
"202200010494";"795 312";"B01";"1";"1";"0";"2";"1";"5";"5";""
"202200010494";"795 314";"A01";"2";"7";"0";"0";"2";"1";"1";""
"202200010495";"795 311";"A01";"2";"33";"0";"2";"1";"3";"1";""
"202200010495";"795 313";"B01";"2";"7";"0";"2";"4";"13";"1";""
"202200010496";"795 310";"A01";"2";"7";"6";"0";"1";"1";"1";""
"202200010497";"795 309";"A01";"2";"17";"1";"0";"2";"1";"1";""
"202200010498";"795 307";"B01";"1";"7";"0";"2";"1";"1";"1";""
"202200010498";"795 308";"A01";"2";"7";"0";"2";"1";"1";"1";""
"202200010499";"795 303";"A01";"2";"10";"0";"2";"4";"23";"1";""
"202200010499";"795 305";"B01";"2";"7";"0";"2";"1";"1";"2";""
"202200010499";"795 306";"C01";"2";"7";"0";"2";"1";"1";"2";""
"202200010500";"795 302";"B01";"0";"7";"0";"2";"3";"0";"1";""
"202200010500";"795 304";"A01";"3";"7";"0";"2";"3";"0";"1";""
"202200010501";"795 299";"A01";"1";"7";"0";"2";"1";"1";"1";""
"202200010501";"795 301";"B01";"1";"7";"0";"2";"4";"2";"1";""
"202200010502";"795 298";"B01";"2";"7";"0";"2";"3";"26";"1";""
"202200010502";"795 300";"A01";"1";"33";"0";"2";"1";"1";"1";""
"202200010503";"795 297";"A01";"1";"32";"0";"0";"0";"1";"1";""
"202200010504";"795 296";"A01";"3";"36";"13";"0";"2";"15";"1";""
"202200010505";"795 292";"A01";"2";"33";"1";"2";"1";"1";"1";""
"202200010505";"795 293";"C01";"2";"7";"0";"2";"5";"2";"1";""
"202200010505";"795 294";"B01";"2";"7";"0";"2";"4";"2";"1";""
"202200010506";"795 291";"A01";"1";"7";"0";"2";"3";"2";"1";""
"202200010506";"795 295";"B01";"1";"33";"0";"2";"5";"16";"1";""
"202200010507";"795 288";"A01";"2";"33";"0";"2";"1";"2";"1";""
"202200010507";"795 290";"B01";"2";"7";"1";"0";"4";"2";"1";""
"202200010508";"795 286";"A01";"1";"7";"2";"0";"3";"1";"1";""
"202200010509";"795 287";"A01";"1";"7";"0";"2";"1";"2";"1";""
"202200010509";"795 289";"B01";"1";"7";"0";"2";"4";"2";"1";""
"202200010510";"795 283";"A01";"1";"7";"0";"2";"3";"1";"1";""
"202200010510";"795 284";"B01";"1";"7";"0";"2";"3";"1";"1";""
"202200010510";"795 285";"C01";"2";"33";"0";"2";"3";"17";"1";""
"202200010511";"795 281";"A01";"1";"7";"0";"2";"2";"9";"1";""
"202200010511";"795 282";"B01";"2";"31";"0";"2";"1";"2";"1";""
"202200010512";"795 279";"B01";"1";"7";"0";"2";"8";"10";"1";""
"202200010512";"795 280";"A01";"1";"7";"0";"2";"1";"2";"1";""
"202200010513";"795 276";"A01";"2";"7";"0";"2";"1";"13";"1";""
"202200010513";"795 277";"B01";"1";"7";"0";"2";"1";"1";"1";""
"202200010514";"795 275";"A01";"1";"7";"2";"0";"1";"1";"1";""
"202200010515";"795 274";"A01";"1";"10";"17";"0";"9";"1";"1";""
"202200010516";"795 272";"B01";"1";"15";"0";"0";"2";"1";"1";""
"202200010516";"795 273";"A01";"2";"7";"0";"2";"2";"5";"1";""
"202200010517";"795 270";"B01";"2";"31";"0";"2";"1";"1";"1";""
"202200010517";"795 271";"A01";"1";"99";"0";"2";"5";"15";"1";""
"202200010518";"795 268";"B01";"3";"1";"0";"2";"8";"15";"5";""
"202200010518";"795 269";"A01";"3";"7";"0";"9";"1";"1";"1";""
"202200010519";"795 266";"B01";"1";"31";"15";"2";"1";"1";"1";""
"202200010519";"795 267";"A01";"2";"10";"0";"2";"3";"15";"1";""
"202200010520";"795 264";"B01";"3";"21";"0";"2";"8";"1";"1";""
"202200010520";"795 265";"A01";"3";"33";"0";"2";"1";"1";"1";""
"202200010521";"795 262";"B01";"2";"7";"0";"0";"3";"16";"1";""
"202200010521";"795 263";"A01";"2";"33";"0";"2";"2";"2";"1";""
"202200010522";"795 261";"A01";"1";"10";"11";"0";"3";"5";"1";""
"202200010523";"795 259";"A01";"1";"7";"0";"2";"3";"5";"1";""
"202200010523";"795 260";"B01";"2";"10";"0";"2";"3";"1";"1";""
"202200010524";"795 257";"A01";"2";"7";"0";"0";"1";"2";"1";""
"202200010524";"795 258";"B01";"2";"7";"0";"2";"4";"2";"1";""
"202200010525";"795 255";"B01";"1";"32";"0";"2";"1";"17";"1";""
"202200010525";"795 256";"A01";"1";"2";"0";"2";"1";"1";"1";""
"202200010526";"795 254";"A01";"3";"2";"0";"0";"8";"1";"1";""
"202200010527";"795 253";"A01";"2";"32";"14";"0";"8";"2";"1";""
"202200010528";"795 251";"A01";"2";"7";"0";"2";"1";"2";"1";""
"202200010528";"795 252";"B01";"2";"17";"0";"2";"4";"23";"1";""
"202200010529";"795 247";"A01";"1";"7";"0";"2";"1";"1";"1";""
"202200010529";"795 248";"B01";"1";"7";"0";"2";"1";"0";"1";""
"202200010529";"795 249";"C01";"1";"7";"0";"0";"4";"1";"1";""
"202200010529";"795 250";"D01";"1";"7";"0";"0";"8";"1";"1";""
"202200010530";"795 246";"A01";"2";"33";"4";"0";"3";"2";"1";""
"202200010531";"795 244";"B01";"2";"7";"0";"2";"8";"15";"1";""
"202200010531";"795 245";"A01";"2";"7";"0";"2";"1";"17";"1";""
"202200010532";"795 241";"A01";"1";"7";"0";"2";"2";"15";"1";""
"202200010532";"795 242";"B01";"1";"7";"0";"2";"9";"1";"1";""
"202200010532";"795 243";"C01";"1";"15";"0";"2";"2";"23";"1";""
"202200010533";"795 239";"A01";"1";"7";"0";"0";"4";"23";"1";""
"202200010533";"795 240";"B01";"1";"7";"0";"2";"1";"1";"1";""
"202200010534";"795 237";"A01";"2";"33";"0";"2";"2";"17";"1";""
"202200010534";"795 238";"B01";"3";"7";"13";"2";"8";"15";"1";""
"202200010535";"795 236";"A01";"2";"43";"13";"0";"1";"1";"1";""
"202200010536";"795 234";"A01";"1";"7";"0";"9";"1";"1";"1";""
"202200010536";"795 235";"B01";"1";"1";"0";"0";"4";"1";"5";""
"202200010537";"795 232";"A01";"2";"7";"0";"2";"1";"19";"1";""
"202200010537";"795 233";"B01";"1";"7";"0";"2";"1";"1";"1";""
"202200010538";"795 231";"A01";"1";"7";"8";"0";"0";"14";"1";""
"202200010539";"795 230";"A01";"1";"1";"16";"0";"9";"1";"5";""
"202200010540";"795 229";"A01";"1";"10";"2";"0";"1";"0";"1";""
"202200010541";"795 227";"A01";"3";"31";"0";"0";"4";"23";"1";""
"202200010541";"795 228";"B01";"3";"7";"0";"2";"1";"26";"1";""
"202200010542";"795 225";"B01";"1";"80";"0";"2";"3";"1";"3";""
"202200010542";"795 226";"A01";"1";"7";"0";"2";"7";"2";"1";""
"202200010543";"795 223";"B01";"2";"2";"0";"2";"1";"1";"1";""
"202200010543";"795 224";"A01";"1";"15";"0";"2";"1";"15";"1";""
"202200010544";"795 222";"A01";"2";"33";"3";"0";"1";"0";"1";""
"202200010545";"795 221";"A01";"1";"7";"0";"1";"2";"1";"1";""
"202200010546";"795 220";"A01";"1";"31";"0";"6";"1";"0";"1";""