"Num_Acc";"id_vehicule";"num_veh";"senc";"catv";"obs";"obsm";"choc";"manv";"motor";"occutc"
"202200010547";"795 219";"A01";"2";"7";"4";"0";"8";"13";"1";""
"202200010548";"795 218";"A01";"1";"7";"13";"0";"2";"1";"1";""
"202200010549";"795 217";"A01";"2";"2";"0";"0";"1";"13";"1";""
"202200010550";"795 216";"A01";"3";"7";"0";"1";"1";"23";"1";""
"202200010551";"795 214";"B01";"3";"1";"0";"2";"1";"1";"5";""
"202200010551";"795 215";"A01";"3";"99";"0";"2";"8";"1";"1";""
"202200010552";"795 212";"B01";"3";"14";"0";"2";"4";"4";"1";""
"202200010552";"795 213";"A01";"3";"7";"0";"2";"3";"1";"1";""
"202200010553";"795 209";"B01";"0";"7";"0";"2";"1";"1";"1";""
"202200010553";"795 210";"A01";"0";"2";"0";"2";"3";"19";"1";""
"202200010554";"795 208";"A01";"2";"7";"13";"0";"1";"13";"1";""
"202200010555";"795 207";"A01";"1";"1";"0";"0";"0";"1";"5";""
"202200010556";"795 206";"A01";"2";"7";"14";"0";"3";"1";"1";""
"202200010557";"795 205";"A01";"0";"7";"6";"0";"3";"0";"1";""
"202200010558";"795 203";"B01";"2";"15";"0";"0";"7";"15";"1";""
"202200010558";"795 204";"A01";"1";"7";"7";"2";"1";"1";"1";""
"202200010559";"795 201";"B01";"0";"33";"0";"2";"8";"26";"1";""
"202200010559";"795 202";"A01";"0";"7";"0";"2";"1";"0";"1";""
"202200010560";"795 199";"A01";"1";"10";"0";"2";"3";"2";"1";""
"202200010560";"795 200";"B01";"1";"21";"0";"2";"6";"15";"1";""
"202200010561";"795 197";"B01";"2";"7";"0";"2";"5";"23";"1";""
"202200010561";"795 198";"A01";"1";"7";"0";"2";"2";"1";"1";""
"202200010562";"795 195";"B01";"1";"33";"0";"2";"1";"1";"1";""
"202200010562";"795 196";"A01";"2";"7";"0";"2";"2";"15";"1";""
"202200010563";"795 194";"A01";"0";"2";"8";"0";"1";"0";"1";""
"202200010564";"795 193";"A01";"2";"7";"13";"1";"3";"14";"1";""
"202200010565";"795 192";"A01";"3";"7";"13";"0";"2";"1";"1";""
"202200010566";"795 191";"A01";"2";"7";"0";"0";"0";"1";"1";""
"202200010567";"795 190";"A01";"1";"2";"16";"0";"0";"0";"1";""
"202200010568";"795 188";"A01";"2";"7";"0";"2";"2";"2";"1";""
"202200010568";"795 189";"B01";"2";"30";"0";"2";"4";"2";"1";""
"202200010569";"795 187";"A01";"2";"7";"13";"0";"1";"14";"1";""
"202200010570";"795 185";"B01";"1";"10";"0";"2";"3";"17";"1";""
"202200010570";"795 186";"A01";"2";"1";"0";"2";"1";"1";"5";""
"202200010571";"795 184";"A01";"1";"7";"3";"0";"1";"14";"1";""
"202200010572";"795 182";"A01";"0";"34";"0";"2";"1";"17";"1";""
"202200010572";"795 183";"B01";"0";"7";"0";"2";"3";"1";"1";""
"202200010573";"795 180";"B01";"1";"7";"0";"2";"8";"17";"1";""
"202200010573";"795 181";"A01";"1";"33";"0";"2";"7";"17";"1";""
"202200010574";"795 178";"B01";"2";"7";"0";"2";"2";"1";"1";""
"202200010574";"795 179";"A01";"1";"7";"0";"2";"8";"19";"1";""
"202200010575";"795 177";"A01";"1";"7";"0";"1";"1";"1";"1";""
"202200010576";"795 176";"A01";"1";"7";"0";"1";"1";"9";"1";""
"202200010577";"795 175";"A01";"2";"13";"13";"0";"2";"1";"1";""
"202200010578";"795 173";"A01";"0";"33";"15";"0";"1";"0";"1";""
"202200010579";"795 171";"A01";"1";"10";"1";"0";"2";"1";"1";""
"202200010579";"795 172";"B01";"1";"10";"0";"0";"6";"23";"1";""
"202200010580";"795 170";"A01";"2";"7";"4";"0";"2";"1";"1";""
"202200010581";"795 168";"A01";"1";"10";"0";"2";"3";"1";"1";""
"202200010581";"795 169";"B01";"1";"7";"0";"0";"5";"1";"1";""
"202200010582";"795 166";"B01";"1";"7";"0";"0";"5";"1";"1";""
"202200010582";"795 167";"A01";"1";"31";"0";"2";"3";"1";"1";""
"202200010583";"795 165";"A01";"2";"36";"0";"0";"0";"26";"1";""
"202200010584";"795 163";"B01";"1";"7";"0";"9";"6";"15";"1";""
"202200010584";"795 164";"A01";"2";"2";"0";"2";"1";"1";"1";""
"202200010585";"795 161";"A01";"2";"7";"3";"2";"1";"1";"1";""
"202200010585";"795 162";"B01";"2";"7";"0";"0";"6";"1";"1";""
"202200010586";"795 160";"A01";"2";"33";"11";"0";"1";"1";"1";""
"202200010587";"795 158";"A01";"2";"10";"6";"2";"3";"1";"1";""
"202200010587";"795 159";"B01";"1";"7";"0";"2";"3";"1";"2";""
"202200010588";"795 155";"A01";"2";"7";"3";"2";"3";"5";"1";""
"202200010588";"795 156";"B01";"1";"7";"3";"2";"3";"1";"1";""
"202200010588";"795 157";"C01";"2";"7";"3";"2";"1";"1";"1";""
"202200010589";"795 153";"B01";"1";"1";"0";"0";"4";"2";"5";""
"202200010589";"795 154";"A01";"1";"13";"0";"2";"2";"2";"0";""
"202200010590";"795 152";"A01";"2";"7";"15";"0";"0";"0";"1";""
"202200010591";"795 150";"B01";"1";"1";"0";"2";"8";"15";"5";""
"202200010591";"795 151";"A01";"1";"7";"0";"2";"7";"17";"1";""
"202200010592";"795 148";"B01";"2";"1";"0";"2";"7";"21";"5";""
"202200010592";"795 149";"A01";"1";"7";"0";"2";"3";"23";"0";""
"202200010593";"795 147";"A01";"0";"7";"0";"1";"1";"1";"1";""
"202200010594";"795 146";"A01";"2";"33";"0";"0";"4";"11";"1";""
"202200010595";"795 144";"B01";"3";"7";"9";"2";"6";"16";"1";""
"202200010595";"795 145";"A01";"3";"7";"1";"2";"3";"1";"2";""
"202200010596";"795 142";"B01";"1";"31";"0";"2";"1";"1";"0";""
"202200010596";"795 143";"A01";"1";"2";"0";"2";"6";"15";"1";""
"202200010597";"795 140";"A01";"1";"7";"0";"2";"1";"10";"1";""
"202200010597";"795 141";"B01";"1";"33";"12";"2";"2";"1";"1";""
"202200010598";"795 138";"B01";"1";"7";"0";"2";"1";"17";"1";""
"202200010598";"795 139";"A01";"1";"21";"0";"2";"4";"15";"1";""
"202200010599";"795 137";"A01";"0";"7";"0";"1";"1";"15";"1";""
"202200010600";"795 134";"A01";"3";"7";"0";"2";"3";"5";"1";""
"202200010600";"795 135";"B01";"3";"7";"0";"2";"3";"2";"1";""
"202200010600";"795 136";"C01";"3";"15";"0";"2";"2";"1";"1";""
"202200010601";"795 132";"A01";"1";"2";"0";"2";"1";"2";"1";""
"202200010601";"795 133";"B01";"1";"7";"0";"0";"4";"1";"1";""
"202200010602";"795 131";"A01";"1";"33";"13";"0";"1";"1";"1";""
"202200010603";"795 130";"A01";"1";"7";"4";"0";"3";"0";"1";""
"202200010604";"795 129";"A01";"2";"10";"0";"1";"3";"1";"1";""
"202200010605";"795 126";"A01";"1";"7";"0";"2";"1";"2";"1";""
"202200010605";"795 127";"B01";"1";"7";"0";"2";"4";"2";"1";""
"202200010605";"795 128";"C01";"1";"7";"0";"2";"4";"2";"1";""
"202200010606";"795 124";"A01";"2";"7";"0";"2";"1";"1";"1";""
"202200010606";"795 125";"B01";"2";"7";"0";"2";"4";"1";"1";""
"202200010607";"795 122";"A01";"1";"7";"0";"2";"1";"2";"1";""
"202200010607";"795 123";"B01";"1";"7";"0";"2";"4";"1";"3";""
"202200010608";"795 121";"A01";"1";"33";"11";"0";"1";"14";"0";""
"202200010609";"795 120";"A01";"1";"7";"6";"0";"8";"1";"1";""
"202200010610";"795 118";"A01";"1";"7";"0";"2";"1";"1";"1";""
"202200010610";"795 119";"B01";"1";"7";"0";"2";"4";"2";"1";""
"202200010611";"795 117";"A01";"1";"7";"4";"0";"3";"1";"1";""
"202200010612";"795 115";"B01";"2";"7";"0";"2";"4";"1";"0";""
"202200010612";"795 116";"A01";"2";"33";"0";"2";"1";"2";"1";""
"202200010613";"795 114";"A01";"1";"33";"0";"0";"7";"16";"1";""
"202200010614";"795 110";"D01";"2";"7";"0";"2";"5";"23";"1";""
"202200010614";"795 111";"C01";"2";"7";"0";"2";"7";"23";"1";""
"202200010614";"795 112";"B01";"2";"33";"0";"2";"1";"3";"1";""
"202200010614";"795 113";"A01";"2";"7";"0";"2";"3";"11";"1";""
"202200010615";"795 098";"B01";"3";"33";"16";"2";"7";"0";"1";""
"202200010615";"795 099";"A01";"3";"1";"12";"2";"7";"2";"5";""
"202200010616";"795 097";"A01";"2";"30";"0";"1";"1";"1";"0";""
"202200010617";"795 095";"B01";"2";"7";"0";"2";"3";"0";"1";""
"202200010617";"795 096";"A01";"1";"30";"0";"2";"5";"0";"1";""
"202200010618";"795 092";"A01";"1";"7";"0";"2";"1";"1";"1";""
"202200010618";"795 093";"B01";"1";"7";"0";"2";"4";"1";"1";""
"202200010618";"795 094";"C01";"1";"7";"0";"2";"4";"1";"0";""
"202200010619";"795 091";"A01";"1";"34";"0";"0";"0";"0";"1";""
"202200010620";"795 090";"A01";"2";"7";"1";"0";"1";"14";"1";""
"202200010621";"795 089";"A01";"2";"33";"14";"0";"8";"15";"1";""
"202200010622";"795 087";"B01";"1";"7";"0";"2";"5";"1";"2";""
"202200010622";"795 088";"A01";"1";"7";"0";"2";"1";"1";"1";""
"202200010623";"795 085";"A01";"2";"34";"0";"2";"1";"3";"1";""
"202200010623";"795 086";"B01";"1";"7";"0";"2";"3";"15";"1";""
"202200010624";"795 083";"A01";"1";"7";"0";"2";"4";"1";"1";""
"202200010624";"795 084";"B01";"1";"13";"0";"2";"1";"1";"1";""
"202200010625";"795 082";"A01";"2";"7";"8";"0";"1";"14";"1";""
"202200010626";"795 080";"A01";"1";"7";"0";"2";"1";"2";"1";""
"202200010626";"795 081";"B01";"1";"7";"0";"2";"4";"2";"1";""
"202200010627";"795 078";"A01";"3";"7";"0";"1";"4";"20";"1";""
"202200010628";"795 076";"A01";"2";"7";"0";"2";"1";"15";"1";""
"202200010628";"795 077";"B01";"1";"33";"0";"2";"4";"2";"1";""
"202200010629";"795 074";"A01";"3";"7";"0";"2";"3";"15";"1";""
"202200010629";"795 075";"B01";"3";"30";"0";"2";"1";"1";"1";""
"202200010630";"795 072";"A01";"3";"15";"1";"2";"1";"13";"0";""
"202200010630";"795 073";"B01";"3";"10";"0";"2";"3";"1";"0";""
"202200010631";"795 070";"B01";"1";"33";"0";"2";"1";"1";"1";""
"202200010631";"795 071";"A01";"2";"7";"0";"2";"7";"15";"1";""
"202200010632";"795 069";"A01";"1";"7";"1";"0";"1";"13";"1";""
"202200010633";"795 067";"B01";"2";"1";"12";"0";"4";"2";"5";""
"202200010633";"795 068";"A01";"2";"7";"12";"0";"1";"2";"1";""
"202200010634";"795 065";"A01";"1";"10";"0";"1";"3";"15";"1";""
"202200010635";"795 063";"B01";"1";"1";"0";"2";"1";"0";"5";""
"202200010635";"795 064";"A01";"2";"7";"0";"2";"1";"15";"1";""
"202200010636";"795 061";"B01";"2";"7";"0";"2";"2";"1";"1";""
"202200010636";"795 062";"A01";"1";"2";"8";"2";"8";"9";"3";""
"202200010637";"795 060";"A01";"1";"7";"0";"1";"1";"1";"1";""
"202200010638";"795 059";"A01";"1";"7";"1";"0";"1";"13";"1";""
"202200010639";"795 057";"B01";"1";"1";"0";"2";"1";"15";"5";""
"202200010639";"795 058";"A01";"1";"7";"0";"2";"7";"16";"1";""
"202200010640";"795 055";"A01";"2";"10";"0";"2";"3";"9";"1";""
"202200010640";"795 056";"B01";"1";"30";"0";"2";"1";"1";"1";""
"202200010641";"795 054";"A01";"2";"7";"17";"0";"9";"17";"1";""
"202200010642";"795 052";"A01";"1";"33";"0";"2";"8";"18";"1";""
"202200010642";"795 053";"B01";"1";"7";"0";"2";"7";"16";"1";""
"202200010643";"795 050";"B01";"3";"1";"0";"2";"1";"1";"5";""
"202200010643";"795 051";"A01";"3";"7";"0";"2";"4";"4";"1";""
"202200010644";"795 048";"B01";"1";"7";"0";"2";"4";"23";"0";""
"202200010644";"795 049";"A01";"3";"80";"0";"2";"1";"1";"3";""
"202200010645";"795 046";"B01";"2";"1";"0";"2";"1";"1";"5";""
"202200010645";"795 047";"A01";"1";"7";"0";"9";"3";"16";"1";""
"202200010646";"795 043";"B01";"2";"7";"0";"2";"6";"9";"1";""
"202200010646";"795 044";"A01";"2";"7";"0";"2";"3";"13";"1";""
"202200010647";"795 042";"A01";"3";"7";"13";"0";"0";"2";"1";""
"202200010648";"795 041";"Z01";"3";"0";"0";"1";"2";"26";"0";""
"202200010649";"795 040";"A01";"1";"3";"14";"0";"3";"15";"0";""
"202200010650";"795 038";"B01";"3";"7";"0";"2";"1";"1";"1";""
"202200010650";"795 039";"A01";"3";"7";"0";"2";"1";"17";"1";""
"202200010651";"795 036";"B01";"2";"7";"0";"2";"4";"1";"1";""
"202200010651";"795 037";"A01";"2";"10";"0";"2";"1";"1";"1";""
"202200010652";"795 033";"C01";"1";"17";"0";"2";"6";"2";"1";""
"202200010652";"795 034";"B01";"1";"7";"0";"2";"4";"2";"1";""
"202200010652";"795 035";"A01";"1";"7";"0";"2";"1";"2";"1";""
"202200010653";"795 031";"B01";"2";"32";"0";"2";"3";"1";"1";""
"202200010653";"795 032";"A01";"1";"10";"0";"2";"3";"13";"1";""
"202200010654";"795 029";"B01";"1";"7";"0";"2";"1";"15";"1";""
"202200010654";"795 030";"A01";"2";"7";"0";"2";"8";"1";"1";""
"202200010655";"795 027";"A01";"2";"15";"0";"2";"1";"16";"1";""
"202200010655";"795 028";"B01";"2";"1";"0";"2";"8";"1";"5";""
"202200010656";"795 025";"B01";"1";"7";"0";"1";"6";"2";"2";""
"202200010656";"795 026";"A01";"1";"7";"0";"2";"1";"2";"2";""
"202200010657";"795 022";"C01";"2";"34";"0";"2";"4";"2";"1";""
"202200010657";"795 023";"B01";"2";"33";"0";"2";"5";"2";"1";""
"202200010657";"795 024";"A01";"2";"33";"0";"2";"3";"13";"1";""
"202200010658";"795 021";"A01";"1";"43";"0";"0";"2";"1";"1";""
"202200010659";"795 020";"A01";"2";"33";"4";"0";"3";"14";"1";""
"202200010660";"795 017";"A01";"2";"34";"0";"2";"4";"1";"1";""
"202200010660";"795 018";"C01";"2";"7";"0";"2";"2";"1";"1";""
"202200010660";"795 019";"B01";"2";"7";"0";"2";"8";"11";"1";""
"202200010661";"795 016";"A01";"1";"32";"1";"2";"7";"21";"1";""
"202200010662";"795 015";"A01";"2";"1";"12";"0";"1";"14";"5";""
"202200010663";"795 014";"A01";"3";"7";"9";"0";"1";"1";"1";""
"202200010664";"795 012";"A01";"1";"7";"0";"2";"5";"22";"3";""
"202200010664";"795 013";"B01";"1";"1";"1";"0";"0";"1";"5";""
"202200010665";"795 010";"B01";"1";"99";"16";"2";"1";"1";"3";""
"202200010665";"795 011";"A01";"2";"10";"16";"0";"5";"15";"3";""
"202200010666";"795 008";"A01";"1";"7";"0";"2";"2";"2";"2";""
"202200010666";"795 009";"B01";"0";"2";"0";"0";"0";"0";"0";""
"202200010667";"795 007";"A01";"1";"37";"0";"1";"3";"1";"1";"1"
"202200010668";"795 005";"B01";"2";"7";"0";"2";"3";"1";"1";""
"202200010668";"795 006";"A01";"0";"10";"0";"2";"2";"19";"1";""
"202200010669";"795 003";"A01";"0";"7";"0";"2";"0";"0";"0";""
"202200010669";"795 004";"B01";"0";"34";"0";"2";"0";"0";"0";""
"202200010670";"795 001";"B01";"1";"99";"0";"2";"3";"1";"0";""
"202200010670";"795 002";"A01";"1";"10";"0";"9";"7";"16";"1";""
"202200010671";"795 000";"A01";"1";"7";"0";"1";"2";"16";"2";""
"202200010672";"794 998";"A01";"2";"7";"0";"2";"1";"1";"0";""
"202200010672";"794 999";"B01";"1";"30";"0";"2";"1";"1";"1";""
"202200010673";"794 996";"B01";"1";"31";"0";"2";"1";"1";"1";""
"202200010673";"794 997";"A01";"1";"10";"0";"2";"5";"19";"1";""
"202200010674";"794 994";"B01";"2";"7";"0";"2";"3";"1";"1";""
"202200010674";"794 995";"A01";"1";"33";"0";"2";"3";"17";"1";""
"202200010675";"794 992";"B01";"1";"1";"0";"2";"8";"15";"5";""
"202200010675";"794 993";"A01";"2";"7";"0";"9";"2";"0";"1";""
"202200010676";"794 990";"A01";"2";"7";"0";"2";"2";"2";"1";""
"202200010676";"794 991";"B01";"2";"7";"3";"0";"6";"2";"1";""
"202200010677";"794 988";"A01";"1";"7";"3";"2";"3";"18";"1";""
"202200010677";"794 989";"B01";"1";"7";"0";"2";"2";"12";"1";""
"202200010678";"794 986";"A01";"1";"7";"6";"0";"8";"13";"1";""
"202200010679";"794 983";"A01";"2";"15";"0";"0";"1";"1";"1";""
"202200010679";"794 984";"B01";"1";"7";"0";"0";"1";"1";"1";""
"202200010680";"794 985";"B01";"1";"7";"0";"2";"3";"15";"1";""
"202200010680";"794 987";"A01";"2";"10";"0";"2";"1";"1";"0";""
"202200010681";"794 981";"A01";"1";"10";"0";"2";"3";"0";"1";""
"202200010681";"794 982";"B01";"2";"7";"3";"2";"1";"0";"1";""
"202200010682";"794 979";"B01";"1";"31";"0";"2";"7";"1";"1";""
"202200010682";"794 980";"A01";"3";"7";"0";"2";"1";"19";"1";""
"202200010683";"794 978";"A01";"1";"10";"0";"1";"3";"1";"1";""
"202200010684";"794 976";"B01";"1";"31";"0";"2";"1";"1";"1";""
"202200010684";"794 977";"A01";"2";"7";"0";"2";"3";"15";"1";""
"202200010685";"794 974";"A01";"2";"17";"13";"0";"1";"2";"1";""
"202200010686";"794 971";"B01";"2";"7";"2";"0";"2";"1";"1";""
"202200010686";"794 972";"A01";"2";"7";"2";"2";"0";"17";"1";""
"202200010687";"794 967";"C01";"2";"7";"0";"2";"4";"15";"1";""
"202200010687";"794 968";"B01";"2";"33";"0";"2";"4";"1";"1";""
"202200010687";"794 969";"A01";"2";"33";"0";"2";"1";"1";"1";""
"202200010688";"794 965";"A01";"1";"7";"0";"2";"3";"17";"1";""
"202200010688";"794 966";"B01";"2";"7";"0";"2";"3";"1";"2";""
"202200010688";"794 970";"C01";"1";"10";"0";"2";"8";"1";"1";""
"202200010688";"794 973";"D01";"2";"7";"0";"2";"3";"1";"1";""
"202200010688";"794 975";"E01";"2";"7";"0";"2";"1";"1";"1";""
"202200010689";"794 962";"C01";"1";"7";"0";"2";"4";"2";"1";""
"202200010689";"794 963";"B01";"1";"33";"0";"2";"9";"2";"1";""
"202200010689";"794 964";"A01";"1";"7";"0";"2";"1";"2";"1";""
"202200010690";"794 960";"A01";"2";"7";"3";"0";"1";"1";"1";""
"202200010691";"794 959";"A01";"1";"2";"0";"2";"1";"1";"1";""
"202200010691";"794 961";"B01";"1";"1";"0";"2";"6";"15";"5";""
"202200010692";"794 957";"A01";"2";"14";"0";"0";"8";"1";"1";""
"202200010693";"794 955";"A01";"1";"7";"0";"2";"5";"11";"1";""
"202200010693";"794 956";"B01";"1";"33";"0";"2";"1";"1";"1";""
"202200010693";"794 958";"C01";"2";"7";"0";"2";"1";"1";"3";""
"202200010694";"794 953";"A01";"3";"10";"0";"1";"7";"14";"1";""
"202200010695";"794 952";"A01";"2";"7";"0";"1";"4";"23";"1";""
"202200010695";"794 954";"B01";"2";"7";"1";"2";"1";"2";"1";""
"202200010696";"794 948";"B01";"2";"10";"0";"2";"3";"1";"1";""
"202200010696";"794 950";"A01";"1";"7";"0";"2";"3";"13";"1";""
"202200010697";"794 949";"A01";"0";"1";"0";"2";"8";"0";"5";""
"202200010697";"794 951";"B01";"0";"37";"0";"2";"7";"1";"1";"1"
"202200010698";"794 946";"A01";"1";"7";"3";"0";"1";"2";"1";""
"202200010699";"794 945";"B01";"1";"7";"0";"2";"1";"1";"1";""
"202200010699";"794 947";"A01";"2";"7";"0";"2";"3";"16";"1";""
"202200010700";"794 943";"A01";"0";"2";"0";"0";"0";"1";"1";""
"202200010701";"794 942";"A01";"2";"7";"0";"2";"1";"1";"1";""
"202200010701";"794 944";"B01";"2";"2";"0";"2";"5";"1";"1";""
"202200010702";"794 941";"A01";"1";"33";"13";"0";"8";"1";"1";""
"202200010703";"794 938";"A01";"2";"15";"0";"2";"1";"2";"1";""
"202200010703";"794 939";"B01";"2";"80";"0";"2";"4";"15";"3";""
"202200010704";"794 937";"A01";"2";"7";"0";"2";"2";"16";"1";""
"202200010704";"794 940";"B01";"2";"50";"0";"2";"1";"25";"3";""
"202200010705";"794 934";"B01";"2";"7";"0";"2";"1";"1";"1";""
"202200010705";"794 936";"A01";"1";"33";"0";"2";"1";"26";"1";""
"202200010706";"794 932";"C01";"1";"43";"0";"2";"1";"0";"1";""
"202200010706";"794 933";"B01";"1";"7";"3";"2";"3";"0";"1";""
"202200010706";"794 935";"A01";"1";"10";"4";"2";"1";"0";"1";""
"202200010707";"794 930";"B01";"3";"7";"0";"2";"2";"19";"1";""
"202200010707";"794 931";"A01";"1";"31";"0";"2";"1";"1";"1";""
"202200010708";"794 929";"A01";"2";"7";"4";"0";"9";"1";"1";""
"202200010709";"794 927";"A01";"2";"7";"0";"2";"3";"15";"1";""
"202200010709";"794 928";"B01";"1";"15";"0";"2";"1";"1";"1";""
"202200010710";"794 926";"A01";"2";"15";"1";"0";"2";"14";"1";""
"202200010711";"794 925";"A01";"2";"7";"13";"0";"9";"13";"1";""
"202200010712";"794 924";"A01";"1";"7";"13";"0";"1";"1";"1";""
"202200010713";"794 923";"A01";"2";"7";"13";"0";"9";"1";"1";""
"202200010714";"794 921";"A01";"2";"7";"0";"2";"1";"17";"1";""
"202200010714";"794 922";"B01";"1";"7";"0";"2";"1";"1";"1";""
"202200010715";"794 919";"A01";"1";"7";"0";"2";"4";"1";"2";""
"202200010715";"794 920";"B01";"1";"30";"0";"2";"1";"1";"1";""
"202200010716";"794 917";"A01";"1";"7";"0";"2";"3";"9";"1";""
"202200010716";"794 918";"B01";"1";"33";"0";"2";"4";"1";"1";""
"202200010717";"794 912";"A01";"2";"7";"0";"2";"1";"13";"1";""
"202200010717";"794 914";"B01";"1";"7";"0";"2";"1";"1";"1";""
"202200010718";"794 911";"D01";"1";"7";"0";"2";"4";"1";"1";""
"202200010718";"794 913";"C01";"1";"7";"0";"2";"4";"1";"1";""
"202200010718";"794 915";"B01";"1";"7";"0";"2";"4";"1";"1";""
"202200010718";"794 916";"A01";"1";"10";"0";"2";"1";"1";"1";""
"202200010719";"794 910";"A01";"2";"7";"0";"0";"1";"14";"1";""
"202200010720";"794 908";"A01";"3";"7";"13";"0";"2";"0";"1";""
"202200010721";"794 907";"A01";"1";"7";"8";"2";"8";"1";"1";""
"202200010721";"794 909";"B01";"1";"33";"0";"2";"7";"1";"1";""
"202200010722";"794 906";"A01";"2";"7";"0";"0";"9";"1";"1";""
"202200010723";"794 903";"A01";"1";"33";"3";"0";"8";"13";"1";""
"202200010724";"794 904";"B01";"2";"7";"0";"2";"3";"1";"1";""
"202200010724";"794 905";"A01";"1";"7";"0";"2";"3";"1";"1";""
"202200010725";"794 902";"A01";"0";"10";"17";"0";"2";"14";"1";""
"202200010726";"794 899";"B01";"2";"7";"0";"2";"1";"1";"1";""
"202200010726";"794 900";"A01";"1";"7";"0";"2";"1";"13";"1";""
"202200010727";"794 897";"A01";"2";"7";"13";"0";"1";"13";"1";""
"202200010728";"794 893";"A01";"1";"33";"0";"2";"1";"1";"1";""
"202200010728";"794 895";"B01";"2";"7";"0";"2";"7";"15";"2";""
"202200010729";"794 890";"B01";"2";"7";"0";"1";"1";"1";"1";""
"202200010730";"794 891";"C01";"1";"7";"0";"2";"3";"1";"1";""
"202200010730";"794 892";"B01";"2";"7";"0";"2";"2";"1";"1";""
"202200010730";"794 894";"A01";"2";"7";"0";"2";"3";"20";"1";""
"202200010731";"794 889";"A01";"1";"2";"0";"0";"1";"0";"1";""
"202200010732";"794 886";"B01";"2";"7";"0";"9";"2";"2";"1";""
"202200010732";"794 887";"A01";"1";"1";"0";"9";"4";"1";"5";""
"202200010733";"794 885";"A01";"2";"7";"0";"2";"1";"13";"2";""
"202200010733";"794 888";"B01";"1";"7";"0";"2";"1";"1";"1";""
"202200010734";"794 883";"A01";"2";"7";"0";"2";"3";"9";"1";""
"202200010734";"794 884";"B01";"2";"1";"0";"2";"1";"2";"5";""
"202200010735";"794 881";"B01";"1";"7";"0";"2";"1";"1";"1";""
"202200010735";"794 882";"A01";"2";"7";"0";"2";"1";"13";"1";""
"202200010736";"794 879";"B01";"2";"17";"0";"2";"1";"2";"1";""
"202200010736";"794 880";"A01";"2";"7";"4";"0";"2";"1";"1";""
"202200010737";"794 877";"A01";"0";"7";"0";"2";"3";"1";"1";""
"202200010737";"794 878";"B01";"0";"7";"0";"2";"3";"13";"1";""
"202200010738";"794 874";"A01";"1";"7";"0";"2";"1";"1";"1";""
"202200010738";"794 876";"B01";"2";"7";"3";"2";"8";"1";"1";""
"202200010739";"794 872";"A01";"1";"7";"6";"0";"1";"1";"1";""
"202200010740";"794 869";"B01";"2";"33";"0";"2";"3";"13";"1";""
"202200010740";"794 871";"A01";"1";"10";"0";"2";"3";"13";"1";""
"202200010741";"794 870";"A01";"1";"7";"13";"0";"1";"26";"1";""
"202200010742";"794 867";"A01";"2";"33";"0";"2";"7";"1";"1";""
"202200010742";"794 868";"B01";"1";"7";"0";"2";"1";"9";"1";""
"202200010743";"794 865";"A01";"1";"7";"0";"2";"1";"1";"1";""
"202200010743";"794 866";"B01";"1";"7";"1";"2";"4";"23";"1";""
"202200010744";"794 863";"A01";"2";"7";"0";"2";"3";"1";"1";""
"202200010744";"794 864";"B01";"1";"33";"0";"2";"2";"1";"1";""
"202200010745";"794 859";"A01";"3";"7";"2";"0";"1";"19";"1";""
"202200010746";"794 860";"B01";"1";"33";"0";"2";"1";"1";"1";""
"202200010746";"794 862";"A01";"0";"7";"0";"2";"3";"19";"1";""
"202200010747";"794 858";"Z01";"2";"7";"0";"2";"1";"1";"0";""
"202200010747";"794 861";"B01";"2";"7";"4";"2";"4";"1";"1";""
"202200010748";"794 856";"B01";"2";"7";"0";"2";"1";"17";"1";""
"202200010748";"794 857";"A01";"1";"7";"0";"2";"1";"13";"1";""
"202200010749";"794 855";"A01";"2";"7";"0";"1";"1";"1";"1";""
"202200010750";"794 851";"B01";"1";"33";"1";"2";"4";"1";"1";""
"202200010750";"794 852";"A01";"1";"7";"0";"2";"3";"9";"1";""
"202200010751";"794 849";"A01";"1";"7";"0";"2";"1";"15";"1";""
"202200010751";"794 850";"B01";"2";"32";"0";"0";"8";"1";"1";""
"202200010752";"794 846";"B01";"2";"15";"0";"2";"0";"1";"1";""
"202200010752";"794 848";"A01";"2";"1";"0";"2";"0";"23";"5";""
"202200010753";"794 843";"A01";"3";"15";"0";"2";"3";"13";"1";""
"202200010753";"794 845";"B01";"3";"32";"0";"2";"1";"13";"3";""
"202200010754";"794 840";"B01";"0";"1";"0";"2";"8";"19";"5";""
"202200010754";"794 841";"A01";"0";"7";"0";"9";"3";"1";"1";""
"202200010755";"794 839";"A01";"1";"17";"0";"2";"1";"17";"1";""
"202200010755";"794 842";"B01";"1";"17";"0";"2";"4";"2";"1";""
"202200010755";"794 844";"C01";"1";"10";"0";"2";"4";"1";"1";""
"202200010755";"794 847";"D01";"1";"7";"0";"2";"4";"1";"1";""
"202200010755";"794 853";"E01";"1";"7";"0";"2";"4";"0";"1";""
"202200010755";"794 854";"F01";"1";"99";"0";"2";"4";"1";"1";""
"202200010756";"794 838";"A01";"2";"7";"0";"1";"2";"1";"1";""
"202200010757";"794 836";"A01";"2";"7";"6";"0";"2";"1";"1";""
"202200010758";"794 833";"A01";"1";"14";"0";"2";"1";"2";"1";""
"202200010758";"794 834";"B01";"1";"7";"0";"2";"4";"2";"1";""
"202200010759";"794 832";"A01";"1";"7";"0";"2";"2";"10";"1";""