"Num_Acc";"id_vehicule";"num_veh";"senc";"catv";"obs";"obsm";"choc";"manv";"motor";"occutc"
"202200010759";"794 835";"B01";"1";"31";"0";"2";"1";"1";"1";""
"202200010760";"794 829";"A01";"1";"33";"0";"0";"0";"2";"1";""
"202200010761";"794 831";"A01";"1";"7";"6";"0";"1";"1";"1";""
"202200010762";"794 825";"A01";"1";"7";"0";"2";"1";"1";"1";""
"202200010762";"794 827";"B01";"1";"7";"0";"2";"6";"12";"1";""
"202200010762";"794 828";"C01";"1";"7";"0";"2";"4";"1";"1";""
"202200010762";"794 830";"D01";"1";"10";"0";"2";"6";"1";"1";""
"202200010763";"794 824";"B01";"1";"2";"0";"0";"7";"1";"1";""
"202200010763";"794 826";"A01";"1";"7";"0";"2";"3";"9";"1";""
"202200010764";"794 820";"A01";"1";"7";"0";"2";"1";"2";"1";""
"202200010764";"794 823";"B01";"1";"7";"0";"2";"4";"2";"1";""
"202200010765";"794 821";"A01";"2";"34";"0";"0";"0";"21";"1";""
"202200010766";"794 818";"A01";"2";"7";"0";"2";"1";"2";"1";""
"202200010766";"794 822";"B01";"2";"7";"0";"2";"4";"2";"1";""
"202200010767";"794 817";"B01";"2";"7";"0";"2";"3";"11";"1";""
"202200010767";"794 819";"A01";"2";"33";"0";"2";"1";"3";"1";""
"202200010768";"794 813";"B01";"3";"7";"0";"2";"1";"19";"1";""
"202200010768";"794 816";"A01";"2";"30";"0";"2";"7";"17";"1";""
"202200010769";"794 809";"A01";"2";"33";"0";"2";"8";"11";"1";""
"202200010769";"794 811";"B01";"2";"7";"0";"2";"7";"1";"1";""
"202200010769";"794 814";"C01";"2";"7";"0";"2";"0";"0";"1";""
"202200010770";"794 805";"A01";"1";"7";"4";"0";"3";"1";"1";""
"202200010771";"794 804";"A01";"1";"7";"0";"2";"3";"13";"1";""
"202200010771";"794 807";"B01";"2";"7";"0";"2";"8";"1";"1";""
"202200010771";"794 810";"C01";"2";"10";"0";"2";"3";"1";"1";""
"202200010772";"794 806";"B01";"3";"7";"0";"2";"2";"1";"1";""
"202200010772";"794 808";"A01";"3";"31";"0";"2";"3";"17";"1";""
"202200010773";"794 803";"A01";"2";"7";"4";"0";"8";"9";"1";""
"202200010774";"794 802";"A01";"3";"7";"4";"0";"1";"1";"1";""
"202200010775";"794 801";"A01";"2";"33";"4";"0";"2";"3";"1";""
"202200010776";"794 799";"B01";"0";"1";"0";"2";"8";"0";"5";""
"202200010776";"794 800";"XB01";"0";"50";"0";"2";"0";"26";"3";""
"202200010777";"794 798";"A01";"2";"7";"4";"0";"9";"1";"1";""
"202200010778";"794 797";"A01";"2";"7";"8";"0";"1";"1";"1";""
"202200010779";"794 794";"A01";"2";"7";"0";"2";"4";"12";"2";""
"202200010779";"794 796";"B01";"2";"33";"0";"2";"1";"3";"1";""
"202200010780";"794 793";"B01";"3";"80";"0";"2";"6";"1";"3";""
"202200010780";"794 795";"A01";"3";"1";"0";"2";"7";"17";"0";""
"202200010781";"794 791";"A01";"1";"80";"1";"1";"1";"1";"3";""
"202200010782";"794 790";"B01";"1";"33";"0";"2";"1";"1";"1";""
"202200010782";"794 792";"A01";"1";"10";"0";"2";"4";"21";"1";""
"202200010783";"794 788";"A01";"1";"7";"0";"1";"1";"1";"1";""
"202200010784";"794 787";"B01";"1";"7";"0";"2";"8";"1";"1";""
"202200010784";"794 789";"A01";"2";"7";"12";"2";"3";"13";"1";""
"202200010785";"794 786";"A01";"0";"7";"0";"1";"1";"1";"1";""
"202200010786";"794 782";"A01";"1";"7";"0";"2";"1";"2";"1";""
"202200010786";"794 784";"B01";"1";"7";"0";"2";"4";"2";"1";""
"202200010786";"794 785";"C01";"1";"7";"0";"2";"4";"2";"1";""
"202200010787";"794 781";"B01";"0";"99";"0";"2";"4";"1";"3";""
"202200010787";"794 783";"A01";"0";"7";"0";"2";"3";"1";"1";""
"202200010788";"794 778";"B01";"2";"7";"0";"2";"3";"15";"1";""
"202200010788";"794 780";"A01";"1";"33";"0";"2";"5";"1";"1";""
"202200010789";"794 777";"A01";"0";"7";"0";"2";"1";"1";"1";""
"202200010789";"794 779";"B01";"0";"7";"0";"2";"4";"1";"2";""
"202200010790";"794 776";"A01";"1";"7";"0";"1";"1";"26";"1";""
"202200010791";"794 774";"B01";"1";"32";"0";"2";"2";"1";"1";""
"202200010791";"794 775";"A01";"2";"7";"0";"2";"1";"10";"1";""
"202200010792";"794 772";"B01";"1";"30";"0";"2";"1";"1";"1";""
"202200010792";"794 773";"A01";"2";"7";"0";"2";"3";"1";"1";""
"202200010793";"794 770";"B01";"2";"10";"0";"2";"2";"1";"1";""
"202200010793";"794 771";"A01";"1";"7";"0";"2";"7";"15";"1";""
"202200010794";"794 767";"A01";"3";"7";"0";"1";"1";"13";"1";""
"202200010795";"794 766";"A01";"2";"10";"0";"2";"2";"1";"1";""
"202200010795";"794 769";"B01";"1";"37";"0";"2";"3";"1";"1";"1"
"202200010796";"794 765";"B01";"1";"7";"0";"0";"0";"0";"1";""
"202200010796";"794 768";"A01";"1";"7";"3";"2";"1";"1";"1";""
"202200010797";"794 763";"B01";"1";"33";"0";"2";"7";"17";"1";""
"202200010797";"794 764";"A01";"1";"10";"0";"2";"8";"15";"1";""
"202200010798";"794 760";"A01";"2";"7";"0";"2";"2";"15";"1";""
"202200010798";"794 762";"B01";"1";"7";"0";"2";"1";"1";"1";""
"202200010799";"794 759";"A01";"3";"30";"0";"0";"2";"1";"1";""
"202200010800";"794 761";"Z01";"1";"10";"0";"1";"1";"15";"0";""
"202200010801";"794 757";"B01";"3";"1";"0";"0";"0";"0";"5";""
"202200010801";"794 758";"A01";"1";"7";"0";"2";"3";"2";"1";""
"202200010802";"794 756";"A01";"2";"7";"0";"1";"1";"20";"1";""
"202200010803";"794 754";"A01";"3";"31";"0";"0";"9";"1";"1";""
"202200010804";"794 755";"A01";"3";"7";"0";"1";"1";"9";"1";""
"202200010805";"794 751";"B01";"1";"43";"0";"2";"7";"1";"1";""
"202200010805";"794 753";"A01";"1";"7";"0";"2";"6";"11";"1";""
"202200010806";"794 749";"B01";"1";"32";"0";"2";"2";"1";"1";""
"202200010806";"794 750";"A01";"1";"7";"0";"2";"2";"9";"1";""
"202200010807";"794 745";"A01";"1";"7";"0";"0";"7";"14";"1";""
"202200010808";"794 747";"A01";"1";"1";"0";"2";"1";"1";"5";""
"202200010808";"794 748";"B01";"1";"7";"12";"0";"2";"26";"1";""
"202200010809";"794 744";"A01";"1";"2";"0";"2";"1";"1";"1";""
"202200010809";"794 746";"Z01";"1";"7";"0";"0";"0";"0";"0";""
"202200010810";"794 741";"Z01";"1";"32";"0";"1";"0";"0";"1";""
"202200010811";"794 742";"B01";"0";"50";"0";"2";"2";"16";"3";""
"202200010811";"794 743";"A01";"0";"7";"0";"2";"3";"13";"1";""
"202200010812";"794 740";"A01";"2";"10";"0";"1";"2";"1";"1";""
"202200010813";"794 738";"A01";"1";"1";"0";"0";"8";"13";"5";""
"202200010814";"794 737";"B01";"2";"7";"0";"2";"1";"1";"1";""
"202200010814";"794 739";"A01";"2";"7";"0";"2";"1";"13";"1";""
"202200010815";"794 736";"A01";"3";"10";"0";"1";"1";"15";"1";""
"202200010816";"794 735";"A01";"0";"7";"0";"1";"3";"19";"0";""
"202200010817";"794 732";"A01";"1";"7";"0";"4";"8";"15";"1";""
"202200010817";"794 734";"B01";"1";"40";"0";"2";"1";"1";"0";""
"202200010818";"794 731";"B01";"2";"33";"0";"2";"7";"1";"1";""
"202200010818";"794 733";"A01";"2";"7";"0";"2";"3";"9";"0";""
"202200010819";"794 725";"B01";"3";"13";"0";"2";"1";"26";"1";""
"202200010819";"794 727";"A01";"3";"13";"0";"2";"5";"26";"1";""
"202200010820";"794 724";"A01";"2";"7";"0";"2";"1";"1";"1";""
"202200010820";"794 726";"B01";"1";"7";"0";"2";"9";"1";"1";""
"202200010820";"794 729";"C01";"1";"7";"0";"2";"1";"1";"1";""
"202200010821";"794 723";"A01";"3";"7";"0";"1";"1";"19";"1";""
"202200010822";"794 721";"A01";"3";"7";"0";"1";"3";"1";"2";""
"202200010823";"794 719";"C01";"1";"7";"0";"2";"4";"23";"1";""
"202200010823";"794 720";"B01";"1";"7";"0";"2";"4";"23";"1";""
"202200010823";"794 722";"A01";"1";"37";"0";"2";"1";"2";"1";"1"
"202200010824";"794 716";"A01";"1";"33";"0";"2";"0";"2";"1";""
"202200010824";"794 717";"B01";"1";"7";"0";"0";"0";"1";"0";""
"202200010825";"794 714";"A01";"1";"7";"1";"2";"2";"17";"0";""
"202200010825";"794 718";"B01";"1";"7";"1";"2";"3";"1";"1";""
"202200010826";"794 712";"B01";"3";"40";"0";"2";"1";"2";"3";""
"202200010826";"794 715";"A01";"3";"7";"0";"4";"8";"19";"0";""
"202200010827";"794 710";"A01";"1";"7";"0";"1";"1";"1";"1";""
"202200010828";"794 711";"A01";"1";"7";"0";"2";"3";"15";"1";""
"202200010828";"794 713";"B01";"2";"1";"0";"2";"9";"1";"5";""
"202200010829";"794 704";"A01";"3";"7";"0";"1";"3";"1";"1";""
"202200010830";"794 707";"B01";"3";"7";"0";"2";"5";"16";"2";""
"202200010830";"794 709";"A01";"3";"33";"0";"2";"1";"7";"1";""
"202200010831";"794 705";"A01";"1";"7";"0";"2";"3";"15";"1";""
"202200010831";"794 708";"B01";"1";"50";"0";"2";"1";"17";"3";""
"202200010832";"794 703";"A01";"1";"30";"0";"2";"1";"1";"1";""
"202200010832";"794 706";"B01";"3";"1";"0";"2";"8";"1";"5";""
"202200010833";"794 697";"B01";"2";"14";"0";"2";"8";"1";"1";""
"202200010833";"794 701";"A01";"2";"7";"0";"2";"1";"1";"1";""
"202200010834";"794 695";"A01";"3";"7";"0";"2";"5";"1";"1";""
"202200010834";"794 699";"B01";"3";"7";"0";"2";"2";"1";"1";""
"202200010835";"794 692";"C01";"1";"7";"0";"2";"4";"1";"1";""
"202200010835";"794 696";"B01";"1";"7";"0";"2";"4";"1";"1";""
"202200010835";"794 698";"A01";"1";"7";"0";"2";"1";"1";"1";""
"202200010836";"794 691";"A01";"2";"7";"0";"2";"4";"26";"1";""
"202200010836";"794 693";"B01";"2";"7";"0";"2";"1";"2";"1";""
"202200010837";"794 682";"A01";"1";"7";"4";"2";"3";"21";"1";""
"202200010837";"794 686";"B01";"1";"7";"0";"2";"6";"1";"1";""
"202200010838";"794 685";"B01";"1";"2";"0";"2";"5";"2";"1";""
"202200010838";"794 689";"A01";"3";"7";"0";"2";"3";"15";"1";""
"202200010839";"794 683";"A01";"1";"10";"0";"2";"2";"2";"1";""
"202200010839";"794 687";"B01";"1";"15";"0";"2";"6";"1";"0";""
"202200010840";"794 680";"Z01";"3";"7";"0";"2";"4";"1";"1";""
"202200010840";"794 681";"A01";"3";"10";"0";"2";"1";"1";"1";""
"202200010841";"794 678";"A01";"0";"7";"0";"1";"3";"15";"1";""
"202200010842";"794 677";"B01";"2";"33";"0";"2";"1";"17";"1";""
"202200010842";"794 679";"A01";"2";"7";"0";"2";"8";"15";"1";""
"202200010843";"794 676";"A01";"2";"7";"0";"1";"4";"4";"1";""
"202200010844";"794 674";"A01";"1";"7";"0";"2";"1";"1";"1";""
"202200010844";"794 675";"B01";"1";"7";"0";"2";"4";"1";"1";""
"202200010845";"794 672";"A01";"1";"7";"0";"1";"3";"15";"1";""
"202200010846";"794 670";"B01";"1";"7";"0";"2";"8";"19";"1";""
"202200010846";"794 673";"A01";"1";"7";"0";"2";"3";"19";"1";""
"202200010847";"794 668";"A01";"3";"7";"0";"2";"2";"2";"2";""
"202200010847";"794 671";"B01";"3";"1";"0";"2";"8";"1";"0";""
"202200010848";"794 667";"A01";"1";"7";"0";"2";"3";"0";"0";""
"202200010848";"794 669";"B01";"2";"37";"0";"2";"3";"0";"1";"1"
"202200010849";"794 664";"A01";"1";"7";"0";"2";"8";"15";"1";""
"202200010849";"794 665";"B01";"1";"30";"0";"2";"2";"17";"1";""
"202200010850";"794 663";"B01";"2";"7";"0";"2";"2";"1";"1";""
"202200010850";"794 666";"A01";"3";"7";"0";"2";"7";"9";"1";""
"202200010851";"794 661";"A01";"1";"30";"0";"0";"8";"21";"1";""
"202200010852";"794 660";"A01";"3";"7";"0";"2";"1";"2";"1";""
"202200010852";"794 662";"B01";"3";"7";"0";"2";"4";"2";"1";""
"202200010853";"794 655";"B01";"2";"10";"0";"2";"1";"2";"1";""
"202200010853";"794 658";"A01";"2";"7";"0";"2";"4";"2";"1";""
"202200010854";"794 654";"A01";"1";"7";"0";"2";"1";"2";"1";""
"202200010854";"794 656";"B01";"1";"7";"0";"0";"4";"2";"1";""
"202200010855";"794 653";"B01";"2";"7";"0";"2";"0";"0";"1";""
"202200010855";"794 657";"A01";"2";"30";"0";"2";"4";"26";"1";""
"202200010856";"794 651";"A01";"3";"7";"0";"1";"6";"4";"1";""
"202200010857";"794 650";"A01";"1";"30";"0";"2";"7";"15";"1";""
"202200010857";"794 652";"B01";"2";"1";"0";"2";"8";"1";"0";""
"202200010858";"794 649";"A01";"1";"7";"0";"2";"3";"1";"1";""
"202200010858";"794 659";"B01";"2";"7";"0";"2";"1";"1";"2";""
"202200010859";"794 647";"A01";"2";"7";"0";"2";"1";"2";"1";""
"202200010859";"794 648";"B01";"2";"30";"0";"2";"4";"23";"3";""
"202200010860";"794 639";"A01";"1";"7";"0";"2";"1";"1";"2";""
"202200010860";"794 645";"B01";"1";"7";"0";"2";"8";"1";"1";""
"202200010861";"794 640";"A01";"1";"31";"0";"2";"1";"17";"1";""
"202200010861";"794 641";"B01";"1";"10";"0";"2";"8";"15";"1";""
"202200010862";"794 638";"A01";"1";"30";"0";"2";"1";"1";"1";""
"202200010862";"794 643";"B01";"1";"7";"0";"2";"3";"1";"1";""
"202200010863";"794 635";"B01";"2";"7";"0";"2";"3";"1";"1";""
"202200010863";"794 637";"A01";"1";"7";"0";"2";"2";"15";"2";""
"202200010864";"794 632";"B01";"1";"15";"0";"2";"2";"2";"0";""
"202200010864";"794 636";"A01";"3";"10";"0";"2";"2";"15";"1";""
"202200010865";"794 627";"Z01";"1";"7";"0";"2";"1";"2";"1";""
"202200010865";"794 630";"A01";"1";"7";"0";"2";"4";"2";"1";""
"202200010865";"794 633";"B01";"1";"7";"0";"2";"4";"2";"1";""
"202200010866";"794 629";"C01";"2";"7";"0";"2";"7";"1";"1";""
"202200010866";"794 631";"B01";"2";"7";"0";"2";"8";"1";"1";""
"202200010866";"794 634";"A01";"2";"7";"8";"2";"2";"17";"1";""
"202200010867";"794 625";"A01";"3";"7";"0";"2";"3";"9";"1";""
"202200010867";"794 628";"B01";"3";"31";"0";"2";"7";"0";"1";""
"202200010868";"794 624";"B01";"2";"7";"0";"2";"4";"2";"1";""
"202200010868";"794 626";"A01";"2";"17";"0";"2";"1";"1";"1";""
"202200010869";"794 616";"B01";"2";"7";"0";"2";"4";"2";"0";""
"202200010869";"794 619";"A01";"2";"33";"0";"2";"1";"2";"1";""
"202200010870";"794 614";"B01";"3";"7";"0";"2";"4";"0";"1";""
"202200010870";"794 620";"A01";"3";"7";"0";"2";"1";"26";"1";""
"202200010871";"794 613";"C01";"1";"7";"0";"2";"6";"1";"1";""
"202200010871";"794 617";"B01";"1";"7";"0";"9";"3";"2";"1";""
"202200010871";"794 621";"A01";"3";"7";"0";"2";"9";"21";"1";""
"202200010872";"794 612";"E01";"2";"7";"0";"2";"6";"23";"2";""
"202200010872";"794 615";"D01";"2";"7";"0";"2";"9";"23";"1";""
"202200010872";"794 618";"C01";"2";"7";"0";"2";"4";"23";"1";""
"202200010872";"794 622";"B01";"2";"10";"0";"2";"6";"23";"1";""
"202200010872";"794 623";"A01";"2";"10";"0";"2";"1";"2";"1";""
"202200010873";"794 608";"A01";"1";"7";"0";"9";"1";"1";"1";""
"202200010873";"794 611";"B01";"1";"50";"0";"2";"1";"1";"3";""
"202200010874";"794 609";"A01";"1";"7";"0";"1";"1";"1";"1";""
"202200010875";"794 607";"B01";"2";"7";"0";"2";"3";"1";"1";""
"202200010875";"794 610";"A01";"1";"7";"0";"2";"3";"1";"1";""
"202200010876";"794 605";"A01";"2";"7";"0";"2";"2";"2";"1";""
"202200010876";"794 606";"B01";"2";"34";"0";"2";"6";"2";"1";""
"202200010877";"794 601";"B01";"0";"7";"0";"2";"1";"1";"1";""
"202200010877";"794 604";"A01";"0";"7";"0";"2";"1";"17";"1";""
"202200010878";"794 599";"B01";"1";"7";"0";"2";"8";"21";"1";""
"202200010878";"794 602";"A01";"1";"31";"11";"2";"1";"17";"1";""
"202200010879";"794 598";"B01";"1";"7";"0";"2";"5";"26";"1";""
"202200010879";"794 603";"A01";"1";"7";"0";"2";"3";"26";"1";""
"202200010880";"794 597";"B01";"3";"7";"0";"2";"5";"1";"2";""
"202200010880";"794 600";"A01";"3";"7";"0";"2";"1";"1";"1";""
"202200010881";"794 596";"A01";"3";"50";"0";"0";"0";"25";"3";""
"202200010882";"794 593";"A01";"1";"7";"0";"1";"7";"21";"1";""
"202200010883";"794 591";"B01";"2";"30";"0";"2";"4";"2";"3";""
"202200010883";"794 595";"A01";"2";"7";"0";"2";"1";"2";"2";""
"202200010884";"794 594";"A01";"3";"7";"0";"1";"1";"1";"1";""
"202200010885";"794 590";"B01";"3";"7";"0";"2";"4";"1";"0";""
"202200010885";"794 592";"A01";"0";"1";"0";"2";"1";"1";"5";""
"202200010886";"794 587";"A01";"2";"10";"0";"1";"2";"1";"1";""
"202200010887";"794 585";"A01";"2";"7";"0";"2";"7";"15";"1";""
"202200010887";"794 588";"B01";"1";"1";"0";"2";"0";"0";"5";""
"202200010887";"794 589";"C01";"1";"7";"0";"2";"0";"24";"1";""
"202200010888";"794 586";"A01";"0";"50";"0";"0";"0";"1";"3";""
"202200010889";"794 584";"A01";"3";"7";"0";"1";"5";"4";"1";""
"202200010890";"794 582";"A01";"3";"7";"0";"1";"3";"1";"1";""
"202200010891";"794 581";"A01";"1";"7";"0";"1";"7";"16";"1";""
"202200010892";"794 579";"A01";"1";"7";"0";"2";"3";"11";"1";""
"202200010892";"794 583";"B01";"1";"33";"12";"2";"7";"2";"1";""
"202200010893";"794 578";"B01";"3";"50";"0";"2";"4";"1";"3";""
"202200010893";"794 580";"A01";"3";"7";"0";"2";"0";"17";"0";""
"202200010894";"794 574";"A01";"2";"7";"0";"1";"2";"1";"1";""
"202200010895";"794 575";"A01";"2";"7";"0";"9";"1";"15";"1";""
"202200010895";"794 576";"B01";"1";"99";"0";"2";"3";"1";"3";""
"202200010896";"794 571";"A01";"3";"33";"0";"2";"1";"15";"1";""
"202200010896";"794 572";"B01";"3";"7";"0";"2";"2";"1";"1";""
"202200010897";"794 570";"A01";"1";"30";"0";"2";"1";"2";"1";""
"202200010897";"794 573";"B01";"3";"7";"0";"2";"2";"1";"1";""
"202200010898";"794 568";"A01";"1";"7";"15";"0";"3";"13";"1";""
"202200010899";"794 565";"B01";"3";"7";"0";"2";"1";"1";"1";""
"202200010899";"794 569";"A01";"3";"7";"0";"2";"8";"9";"1";""
"202200010900";"794 564";"A01";"2";"7";"0";"2";"3";"15";"1";""
"202200010900";"794 567";"B01";"2";"7";"0";"2";"1";"1";"1";""
"202200010901";"794 563";"B01";"3";"7";"0";"2";"1";"10";"1";""
"202200010901";"794 566";"A01";"1";"7";"0";"2";"3";"9";"1";""
"202200010902";"794 562";"A01";"1";"7";"6";"1";"1";"16";"1";""
"202200010903";"794 559";"B01";"1";"7";"0";"2";"8";"16";"1";""
"202200010903";"794 561";"A01";"2";"7";"9";"2";"1";"1";"1";""
"202200010904";"794 560";"A01";"1";"7";"0";"1";"3";"2";"1";""
"202200010905";"794 556";"A01";"3";"7";"9";"0";"1";"6";"1";""
"202200010906";"794 553";"A01";"2";"7";"0";"2";"8";"15";"1";""
"202200010906";"794 555";"B01";"2";"33";"0";"2";"1";"1";"0";""
"202200010907";"794 554";"A01";"2";"7";"1";"0";"7";"1";"1";""
"202200010908";"794 552";"A01";"3";"7";"0";"2";"4";"2";"1";""
"202200010908";"794 557";"B01";"3";"10";"1";"2";"9";"2";"1";""
"202200010908";"794 558";"C01";"3";"10";"0";"2";"1";"1";"1";""
"202200010909";"794 550";"A01";"2";"7";"0";"1";"2";"16";"1";""
"202200010910";"794 547";"A01";"1";"7";"0";"1";"1";"1";"1";""
"202200010911";"794 549";"A01";"1";"10";"0";"2";"4";"1";"1";""
"202200010911";"794 551";"B01";"1";"7";"0";"2";"1";"1";"1";""
"202200010912";"794 546";"A01";"0";"2";"0";"2";"7";"17";"3";""
"202200010912";"794 548";"B01";"0";"7";"0";"2";"3";"15";"1";""
"202200010913";"794 543";"A01";"1";"7";"0";"1";"6";"1";"1";""
"202200010914";"794 540";"A01";"1";"7";"0";"2";"3";"10";"1";""
"202200010914";"794 544";"B01";"0";"33";"0";"2";"7";"1";"1";""
"202200010915";"794 542";"B01";"1";"50";"0";"2";"1";"1";"3";""
"202200010915";"794 545";"A01";"1";"10";"0";"2";"3";"1";"1";""
"202200010916";"794 539";"A01";"0";"7";"0";"2";"5";"17";"1";""
"202200010916";"794 541";"B01";"0";"7";"0";"2";"1";"1";"1";""
"202200010917";"794 534";"B01";"1";"2";"0";"2";"3";"0";"1";""
"202200010917";"794 537";"A01";"1";"7";"0";"2";"2";"0";"0";""
"202200010918";"794 536";"B01";"1";"7";"0";"2";"2";"0";"2";""
"202200010918";"794 538";"A01";"1";"30";"0";"2";"7";"15";"1";""
"202200010919";"794 533";"A01";"1";"10";"0";"1";"4";"4";"1";""
"202200010920";"794 532";"A01";"2";"7";"0";"2";"1";"2";"2";""
"202200010920";"794 535";"B01";"2";"7";"0";"2";"4";"2";"1";""
"202200010921";"794 528";"A01";"1";"17";"0";"2";"1";"2";"1";""
"202200010921";"794 530";"B01";"1";"17";"0";"2";"4";"23";"1";""
"202200010922";"794 524";"A01";"0";"7";"0";"2";"1";"9";"1";""
"202200010922";"794 527";"B01";"0";"50";"0";"2";"7";"19";"3";""
"202200010923";"794 526";"A01";"2";"7";"5";"0";"1";"2";"1";""
"202200010923";"794 529";"B01";"2";"33";"5";"0";"4";"2";"1";""
"202200010924";"794 525";"A01";"1";"7";"0";"2";"1";"1";"1";""
"202200010924";"794 531";"B01";"1";"7";"16";"0";"4";"16";"1";""
"202200010925";"794 523";"A01";"1";"10";"15";"0";"1";"21";"3";""
"202200010926";"794 522";"A01";"2";"33";"0";"1";"1";"9";"1";""
"202200010927";"794 518";"B01";"1";"7";"0";"2";"2";"1";"2";""
"202200010927";"794 519";"A01";"1";"7";"0";"2";"1";"9";"1";""
"202200010928";"794 517";"A01";"1";"7";"0";"2";"1";"2";"1";""
"202200010928";"794 520";"B01";"1";"7";"0";"2";"4";"2";"1";""
"202200010929";"794 516";"A01";"0";"7";"0";"1";"2";"9";"3";""
"202200010930";"794 514";"A01";"2";"7";"0";"2";"3";"15";"1";""
"202200010930";"794 515";"B01";"1";"7";"0";"2";"3";"1";"1";""
"202200010931";"794 513";"A01";"1";"16";"3";"0";"1";"13";"1";""
"202200010932";"794 510";"A01";"1";"7";"0";"2";"2";"2";"1";""
"202200010932";"794 512";"B01";"1";"7";"0";"0";"6";"2";"1";""
"202200010933";"794 508";"B01";"1";"10";"0";"2";"6";"1";"1";""
"202200010933";"794 511";"A01";"1";"7";"0";"2";"2";"1";"1";""
"202200010934";"794 506";"B01";"1";"50";"0";"2";"1";"25";"3";""
"202200010934";"794 509";"A01";"2";"7";"0";"2";"1";"15";"1";""
"202200010935";"794 507";"A01";"2";"7";"0";"0";"9";"1";"1";""
"202200010936";"794 500";"C01";"1";"7";"0";"2";"6";"1";"1";""
"202200010936";"794 504";"B01";"1";"7";"0";"2";"2";"1";"2";""
"202200010936";"794 505";"A01";"1";"7";"0";"2";"1";"1";"1";""
"202200010937";"794 499";"A01";"1";"7";"0";"2";"3";"26";"1";""
"202200010937";"794 502";"B01";"1";"1";"0";"2";"7";"26";"5";""
"202200010938";"794 501";"A01";"2";"7";"0";"1";"3";"2";"1";""
"202200010939";"794 498";"B01";"1";"7";"0";"2";"4";"23";"2";""
"202200010939";"794 503";"A01";"1";"7";"0";"2";"1";"1";"1";""
"202200010940";"794 495";"A01";"1";"7";"2";"0";"2";"0";"1";""
"202200010941";"794 494";"A01";"3";"13";"0";"1";"4";"20";"1";""
"202200010942";"794 492";"A01";"1";"7";"0";"2";"1";"2";"1";""
"202200010942";"794 497";"B01";"1";"7";"0";"2";"4";"2";"1";""
"202200010943";"794 491";"B01";"1";"7";"4";"2";"7";"11";"1";""
"202200010943";"794 493";"C01";"1";"7";"1";"2";"2";"1";"1";""
"202200010943";"794 496";"D01";"1";"17";"0";"0";"6";"26";"1";""
"202200010944";"794 489";"A01";"3";"7";"1";"0";"1";"13";"2";""
"202200010945";"794 488";"A01";"3";"7";"0";"1";"2";"1";"1";""
"202200010946";"794 487";"A01";"2";"7";"0";"2";"2";"15";"1";""
"202200010946";"794 490";"B01";"1";"2";"0";"2";"1";"1";"3";""
"202200010947";"794 486";"A01";"2";"7";"2";"0";"5";"26";"1";""
"202200010948";"794 484";"A01";"0";"7";"1";"0";"1";"26";"1";""
"202200010949";"794 483";"A01";"1";"7";"0";"2";"4";"2";"1";""
"202200010949";"794 485";"B01";"1";"33";"0";"2";"1";"2";"1";""
"202200010950";"794 481";"A01";"3";"7";"5";"0";"3";"13";"1";""
"202200010951";"794 482";"A01";"2";"30";"0";"0";"8";"15";"1";""
"202200010952";"794 476";"A01";"2";"7";"0";"2";"1";"2";"1";""
"202200010952";"794 480";"B01";"1";"7";"0";"2";"3";"1";"1";""
"202200010953";"794 475";"A01";"2";"7";"0";"2";"1";"15";"1";""
"202200010953";"794 479";"B01";"2";"1";"0";"2";"6";"19";"5";""
"202200010954";"794 478";"A01";"2";"10";"2";"0";"1";"0";"1";""
"202200010955";"794 474";"B01";"1";"1";"0";"2";"7";"1";"5";""
"202200010955";"794 477";"A01";"1";"7";"0";"2";"3";"1";"1";""
"202200010956";"794 472";"A01";"2";"7";"0";"2";"8";"0";"1";""
"202200010956";"794 473";"B01";"2";"33";"0";"2";"1";"26";"1";""
"202200010957";"794 471";"A01";"1";"10";"12";"1";"2";"26";"1";""
"202200010958";"794 469";"B01";"2";"7";"0";"2";"8";"1";"1";""
"202200010958";"794 470";"A01";"1";"7";"0";"2";"3";"5";"1";""
"202200010959";"794 465";"B01";"1";"14";"0";"2";"1";"15";"1";""
"202200010959";"794 468";"A01";"2";"31";"0";"2";"1";"1";"1";""
"202200010960";"794 463";"C01";"0";"10";"0";"2";"4";"1";"1";""
"202200010960";"794 466";"B01";"0";"7";"0";"2";"4";"1";"1";""
"202200010960";"794 467";"A01";"0";"7";"0";"2";"1";"1";"1";""
"202200010961";"794 462";"A01";"1";"7";"16";"0";"2";"1";"1";""
"202200010962";"794 461";"B01";"3";"1";"0";"2";"0";"0";"5";""
"202200010962";"794 464";"Z01";"3";"7";"0";"2";"2";"17";"0";""
"202200010963";"794 460";"A01";"3";"7";"0";"1";"4";"4";"0";""
"202200010964";"794 456";"A01";"3";"7";"0";"1";"2";"1";"0";""
"202200010965";"794 455";"A01";"0";"7";"0";"2";"1";"1";"1";""
"202200010965";"794 457";"B01";"0";"7";"0";"2";"4";"1";"1";""
"202200010965";"794 459";"C01";"0";"7";"0";"2";"4";"1";"1";""
"202200010966";"794 449";"A01";"0";"7";"0";"1";"1";"1";"1";""
"202200010967";"794 450";"Z01";"3";"10";"0";"2";"3";"19";"1";""
"202200010967";"794 452";"B01";"3";"7";"0";"2";"3";"16";"1";""
"202200010968";"794 448";"B01";"2";"80";"0";"2";"1";"19";"3";""
"202200010968";"794 454";"A01";"2";"7";"0";"2";"6";"15";"1";""