"Num_Acc";"id_vehicule";"num_veh";"senc";"catv";"obs";"obsm";"choc";"manv";"motor";"occutc"
"202200010969";"794 447";"A01";"1";"1";"0";" -1";"4";"1";"5";""
"202200010970";"794 443";"A01";"1";"7";"8";"1";"1";"14";"1";""
"202200010971";"794 445";"A01";"3";"7";"0";"1";"5";"20";"1";""
"202200010972";"794 444";"A01";"1";"7";"0";"2";"2";"1";"1";""
"202200010972";"794 446";"B01";"3";"1";"0";"2";"3";"0";"5";""
"202200010973";"794 441";"A01";"1";"7";"2";"0";"8";"14";"1";""
"202200010974";"794 439";"B01";"0";"31";"0";"2";"7";"1";"1";""
"202200010974";"794 442";"A01";"0";"7";"0";"2";"3";"9";"1";""
"202200010975";"794 438";"A01";"1";"7";"0";"2";"1";"15";"1";""
"202200010975";"794 440";"B01";"1";"7";"0";"2";"8";"1";"1";""
"202200010976";"794 433";"B01";"3";"7";"0";"0";"3";"15";"1";""
"202200010976";"794 437";"A01";"3";"7";"0";"0";"2";"26";"1";""
"202200010977";"794 434";"A01";"1";"38";"0";"1";"2";"16";"0";"1"
"202200010978";"794 432";"B01";"1";"2";"0";"2";"8";"1";"1";""
"202200010978";"794 435";"A01";"1";"3";"0";"2";"8";"1";"1";""
"202200010979";"794 430";"A01";"1";"7";"0";"2";"5";"17";"1";""
"202200010979";"794 431";"B01";"2";"33";"0";"2";"2";"21";"1";""
"202200010979";"794 436";"C01";"2";"7";"0";"2";"8";"0";"1";""
"202200010980";"794 427";"A01";"3";"7";"14";"1";"1";"1";"1";""
"202200010981";"794 425";"A01";"2";"7";"0";"2";"1";"1";"1";""
"202200010981";"794 428";"B01";"2";"43";"0";"2";"1";"1";"1";""
"202200010982";"794 424";"A01";"3";"33";"0";"0";"9";"26";"1";""
"202200010983";"794 421";"B01";"1";"7";"0";"2";"6";"15";"1";""
"202200010983";"794 423";"A01";"1";"33";"0";"2";"1";"1";"1";""
"202200010984";"794 419";"A01";"1";"7";"13";"0";"1";"14";"1";""
"202200010985";"794 418";"A01";"2";"7";"0";"2";"3";"13";"1";""
"202200010985";"794 420";"B01";"1";"7";"0";"2";"1";"1";"1";""
"202200010986";"794 415";"A01";"2";"32";"13";"0";"7";"1";"1";""
"202200010987";"794 414";"A01";"0";"3";"0";"2";"1";"2";"1";""
"202200010987";"794 416";"B01";"0";"7";"0";"0";"4";"23";"1";""
"202200010988";"794 413";"A01";"1";"7";"0";"2";"7";"16";"1";""
"202200010988";"794 417";"B01";"1";"16";"0";"2";"3";"1";"1";""
"202200010989";"794 411";"B01";"1";"7";"0";"2";"3";"1";"1";""
"202200010989";"794 412";"A01";"2";"7";"0";"2";"3";"13";"1";""
"202200010990";"794 407";"A01";"1";"7";"6";"0";"8";"26";"1";""
"202200010991";"794 408";"A01";"2";"10";"8";"1";"1";"16";"3";""
"202200010992";"794 406";"B01";"1";"7";"0";"2";"8";"1";"1";""
"202200010992";"794 410";"A01";"1";"7";"0";"2";"7";"19";"1";""
"202200010993";"794 402";"A01";"1";"7";"0";"1";"2";"1";"1";""
"202200010994";"794 400";"B01";"3";"50";"0";"2";"7";"1";"3";""
"202200010994";"794 403";"A01";"3";"30";"0";"2";"3";"9";"1";""
"202200010995";"794 398";"B01";"1";"7";"0";"2";"4";"1";"1";""
"202200010995";"794 404";"A01";"1";"21";"0";"2";"1";"1";"1";""
"202200010996";"794 397";"A01";"3";"7";"0";"1";"3";"1";"1";""
"202200010997";"794 396";"A01";"3";"10";"12";"0";"1";"1";"1";""
"202200010998";"794 393";"B01";"3";"7";"0";"2";"2";"1";"0";""
"202200010998";"794 394";"A01";"1";"1";"0";"2";"1";"1";"5";""
"202200010999";"794 390";"A01";"2";"10";"0";"1";"1";"1";"1";""
"202200011000";"794 391";"B01";"2";"1";"0";"2";"0";"0";"5";""
"202200011000";"794 395";"A01";"1";"7";"0";"9";"8";"19";"2";""
"202200011001";"794 389";"A01";"1";"7";"0";"2";"3";"2";"1";""
"202200011001";"794 392";"B01";"1";"17";"0";"0";"4";"2";"1";""
"202200011002";"794 386";"Z01";"1";"7";"0";"1";"2";"1";"1";""
"202200011003";"794 385";"B01";"2";"7";"0";"2";"4";"1";"2";""
"202200011003";"794 388";"A01";"2";"7";"0";"2";"1";"2";"1";""
"202200011004";"794 383";"A01";"3";"7";"0";"1";"3";"1";"1";""
"202200011005";"794 382";"A01";"1";"7";"0";"2";"1";"2";"1";""
"202200011005";"794 384";"B01";"1";"7";"0";"2";"4";"2";"1";""
"202200011005";"794 387";"C01";"1";"7";"0";"2";"4";"2";"1";""
"202200011006";"794 379";"A01";"3";"7";"0";"2";"3";"13";"1";""
"202200011006";"794 381";"B01";"3";"7";"0";"2";"8";"1";"1";""
"202200011007";"794 375";"B01";"1";"7";"0";"2";"2";"1";"1";""
"202200011007";"794 378";"A01";"1";"7";"0";"0";"4";"1";"2";""
"202200011008";"794 374";"Z01";"0";"7";"0";"2";"3";"0";"0";""
"202200011008";"794 380";"B01";"0";"50";"0";"2";"1";"0";"3";""
"202200011009";"794 372";"B01";"1";"50";"0";"2";"0";"1";"3";""
"202200011009";"794 376";"A01";"2";"7";"0";"2";"2";"15";"1";""
"202200011010";"794 373";"B01";"3";"1";"0";"2";"1";"2";"5";""
"202200011010";"794 377";"A01";"3";"7";"0";"2";"5";"16";"1";""
"202200011011";"794 370";"A01";"0";"7";"0";"1";"1";"1";"1";""
"202200011012";"794 368";"B01";"1";"7";"0";"2";"3";"11";"0";""
"202200011012";"794 371";"A01";"1";"7";"3";"2";"5";"1";"1";""
"202200011013";"794 365";"A01";"3";"7";"0";"2";"3";"9";"1";""
"202200011013";"794 369";"B01";"2";"7";"0";"2";"1";"1";"1";""
"202200011014";"794 361";"B01";"3";"32";"0";"2";"1";"1";"1";""
"202200011014";"794 363";"A01";"3";"1";"0";"2";"1";"13";"5";""
"202200011015";"794 360";"A01";"1";"7";"0";"2";"2";"16";"1";""
"202200011015";"794 362";"B01";"1";"50";"0";"2";"0";"1";"3";""
"202200011016";"794 357";"B01";"3";"7";"0";"2";"1";"15";"2";""
"202200011016";"794 359";"A01";"3";"32";"0";"2";"1";"3";"1";""
"202200011017";"794 355";"A01";"1";"7";"1";"0";"0";"1";"1";""
"202200011018";"794 356";"A01";"1";"2";"0";"1";"8";"2";"1";""
"202200011019";"794 354";"B01";"1";"50";"0";"2";"1";"25";"3";""
"202200011019";"794 358";"A01";"1";"7";"0";"2";"1";"9";"2";""
"202200011020";"794 349";"B01";"2";"1";"0";"2";"1";"1";"5";""
"202200011020";"794 352";"A01";"2";"10";"0";"2";"3";"9";"1";""
"202200011021";"794 348";"B01";"2";"1";"0";"2";"1";"13";"5";""
"202200011021";"794 351";"A01";"1";"7";"0";"2";"3";"1";"1";""
"202200011022";"794 350";"A01";"0";"7";"0";"2";"5";"15";"0";""
"202200011022";"794 353";"B01";"0";"34";"0";"2";"0";"0";"0";""
"202200011023";"794 347";"A01";"0";"7";"0";"1";"1";"26";"0";""
"202200011024";"794 344";"B01";"0";"1";"0";"0";"0";"0";"5";""
"202200011024";"794 346";"A01";"0";"7";"0";"2";"1";"0";"1";""
"202200011025";"794 341";"A01";"1";"7";"0";"2";"2";"2";"1";""
"202200011025";"794 345";"B01";"1";"1";"0";"0";"4";"2";"5";""
"202200011026";"794 338";"A01";"2";"14";"0";"1";"3";"1";"1";""
"202200011027";"794 339";"A01";"0";"7";"0";"2";"8";"9";"1";""
"202200011027";"794 342";"B01";"1";"33";"0";"2";"1";"1";"1";""
"202200011028";"794 340";"B01";"0";"7";"0";"2";"8";"1";"1";""
"202200011028";"794 343";"A01";"0";"7";"0";"2";"1";"19";"1";""
"202200011029";"794 334";"B01";"2";"2";"0";"2";"1";"5";"1";""
"202200011029";"794 337";"A01";"1";"7";"0";"2";"3";"1";"1";""
"202200011030";"794 330";"A01";"3";"7";"0";"2";"2";"15";"1";""
"202200011030";"794 333";"B01";"3";"2";"0";"2";"1";"1";"1";""
"202200011031";"794 325";"B01";"1";"7";"0";"2";"3";"1";"1";""
"202200011031";"794 328";"A01";"2";"7";"0";"2";"3";"13";"1";""
"202200011032";"794 323";"A01";"2";"7";"6";"2";"1";"0";"1";""
"202200011032";"794 327";"B01";"1";"7";"0";"2";"7";"0";"1";""
"202200011033";"794 321";"B01";"3";"7";"0";"2";"1";"0";"1";""
"202200011033";"794 324";"A01";"3";"7";"0";"2";"1";"26";"1";""
"202200011034";"794 319";"A01";"2";"7";"0";"2";"1";"15";"1";""
"202200011034";"794 322";"B01";"1";"80";"0";"2";"1";"1";"3";""
"202200011035";"794 320";"A01";"2";"2";"0";"0";"8";"15";"1";""
"202200011036";"794 317";"B01";"2";"7";"0";"2";"1";"1";"1";""
"202200011036";"794 318";"A01";"1";"7";"13";"2";"1";"6";"1";""
"202200011037";"794 314";"A01";"3";"7";"0";"1";"2";"1";"1";""
"202200011038";"794 315";"A01";"2";"7";"4";"2";"6";"23";"1";""
"202200011038";"794 316";"B01";"2";"7";"0";"2";"2";"0";"1";""
"202200011039";"794 312";"A01";"2";"7";"13";"0";"2";"1";"1";""
"202200011040";"794 311";"A01";"3";"33";"0";"0";"8";"1";"1";""
"202200011041";"794 310";"A01";"3";"7";"0";"2";"1";"1";"1";""
"202200011041";"794 313";"B01";"3";"7";"0";"2";"1";"1";"1";""
"202200011042";"794 309";"A01";"1";"7";"0";"1";"3";"9";"1";""
"202200011043";"794 300";"A01";"1";"7";"0";"2";"7";"15";"1";""
"202200011043";"794 308";"B01";"3";"31";"0";"2";"1";"1";"1";""
"202200011044";"794 301";"B01";"1";"7";"0";"2";"3";"0";"1";""
"202200011044";"794 305";"A01";"3";"7";"0";"2";"3";"13";"1";""
"202200011045";"794 299";"E01";"1";"7";"0";"2";"4";"2";"1";""
"202200011045";"794 303";"D01";"1";"7";"0";"2";"4";"2";"1";""
"202200011045";"794 304";"C01";"1";"7";"0";"2";"4";"2";"1";""
"202200011045";"794 306";"B01";"1";"7";"0";"2";"4";"2";"2";""
"202200011045";"794 307";"A01";"1";"13";"0";"2";"1";"2";"1";""
"202200011046";"794 298";"B01";"2";"7";"0";"2";"7";"15";"1";""
"202200011046";"794 302";"A01";"1";"33";"0";"2";"1";"18";"1";""
"202200011047";"794 297";"A01";"1";"7";"17";"0";"1";"1";"1";""
"202200011048";"794 295";"A01";"1";"33";"6";"0";"8";"13";"1";""
"202200011049";"794 293";"B01";"3";"31";"0";"2";"1";"1";"1";""
"202200011049";"794 296";"A01";"3";"7";"0";"2";"3";"15";"1";""
"202200011050";"794 292";"B01";"1";"1";"1";"2";"1";"2";"0";""
"202200011050";"794 294";"A01";"1";"7";"1";"0";"3";"24";"1";""
"202200011051";"794 289";"B01";"0";"7";"0";"2";"1";"1";"1";""
"202200011051";"794 291";"A01";"3";"7";"0";"2";"1";"13";"1";""
"202200011052";"794 288";"A01";"1";"7";"0";"2";"6";"1";"1";""
"202200011052";"794 290";"Z01";"1";"7";"0";"2";"2";"12";"0";""
"202200011053";"794 285";"A01";"2";"7";"0";"2";"3";"15";"2";""
"202200011053";"794 287";"B01";"1";"43";"0";"2";"2";"1";"1";""
"202200011054";"794 283";"B01";"2";"7";"0";"2";"1";"15";"1";""
"202200011054";"794 286";"A01";"1";"50";"0";"2";"1";"1";"3";""
"202200011055";"794 278";"A01";"1";"30";"0";"2";"4";"1";"3";""
"202200011055";"794 280";"B01";"1";"7";"0";"2";"1";"1";"1";""
"202200011056";"794 275";"A01";"1";"7";"0";"1";"7";"14";"1";""
"202200011057";"794 281";"A01";"0";"7";"8";"2";"8";"15";"1";""
"202200011057";"794 284";"B01";"0";"7";"13";"2";"1";"1";"1";""
"202200011058";"794 277";"Z01";"1";"7";"0";"2";"0";"12";"0";""
"202200011058";"794 279";"B01";"1";"10";"0";"2";"5";"1";"1";""
"202200011058";"794 282";"A01";"1";"32";"0";"2";"8";"3";"1";""
"202200011059";"794 274";"B01";"2";"1";"0";"2";"3";"19";"5";""
"202200011059";"794 276";"A01";"1";"7";"0";"2";"1";"16";"1";""
"202200011060";"794 271";"A01";"2";"7";"0";"2";"2";"15";"1";""
"202200011060";"794 273";"B01";"1";"2";"0";"2";"1";"1";"1";""
"202200011061";"794 268";"B01";"2";"7";"0";"2";"5";"2";"2";""
"202200011061";"794 270";"A01";"2";"31";"5";"2";"3";"2";"1";""
"202200011062";"794 267";"A01";"1";"13";"0";"2";"1";"2";"1";""
"202200011062";"794 269";"B01";"1";"7";"0";"2";"4";"2";"1";""
"202200011063";"794 266";"A01";"1";"7";"0";"1";"1";"1";"1";""
"202200011064";"794 262";"B01";"2";"7";"0";"2";"1";"1";"1";""
"202200011064";"794 272";"A01";"1";"10";"0";"2";"3";"13";"1";""
"202200011065";"794 263";"A01";"2";"7";"9";"0";"2";"1";"1";""
"202200011066";"794 259";"C01";"1";"7";"0";"2";"3";"1";"1";""
"202200011066";"794 261";"B01";"2";"32";"0";"2";"1";"21";"1";""
"202200011066";"794 265";"A01";"1";"10";"12";"2";"2";"15";"1";""
"202200011067";"794 258";"B01";"1";"7";"0";"2";"4";"1";"1";""
"202200011067";"794 260";"A01";"1";"7";"0";"2";"2";"1";"1";""
"202200011067";"794 264";"Z01";"1";"7";"1";"1";"1";"2";"1";""
"202200011068";"794 252";"A01";"2";"7";"0";"2";"6";"15";"1";""
"202200011068";"794 254";"B01";"2";"32";"0";"2";"8";"17";"1";""
"202200011069";"794 251";"A01";"3";"7";"0";"2";"3";"5";"1";""
"202200011069";"794 255";"B01";"3";"7";"0";"2";"8";"1";"1";""
"202200011070";"794 253";"C01";"2";"15";"12";"2";"8";"1";"1";""
"202200011070";"794 256";"B01";"2";"7";"0";"2";"3";"1";"1";""
"202200011070";"794 257";"A01";"1";"7";"0";"2";"3";"17";"1";""
"202200011071";"794 247";"B01";"2";"1";"0";"2";"1";"1";"5";""
"202200011071";"794 250";"A01";"1";"7";"0";"2";"2";"15";"1";""
"202200011072";"794 246";"A01";"3";"7";"0";"2";"3";"1";"1";""
"202200011072";"794 248";"B01";"3";"7";"0";"2";"2";"1";"1";""
"202200011073";"794 245";"A01";"1";"10";"0";"2";"1";"2";"1";""
"202200011073";"794 249";"B01";"1";"7";"0";"2";"4";"2";"1";""
"202200011074";"794 243";"B01";"1";"7";"0";"2";"1";"1";"1";""
"202200011074";"794 244";"A01";"1";"7";"0";"2";"1";"10";"0";""
"202200011075";"794 242";"A01";"2";"7";"4";"0";"3";"1";"1";""
"202200011076";"794 238";"A01";"2";"7";"0";"2";"3";"5";"1";""
"202200011076";"794 239";"B01";"1";"7";"0";"2";"3";"1";"1";""
"202200011076";"794 241";"C01";"1";"7";"0";"2";"1";"1";"1";""
"202200011077";"794 237";"Z01";"2";"7";"0";"2";"8";"13";"0";""
"202200011077";"794 240";"A01";"2";"31";"0";"2";"7";"1";"3";""
"202200011078";"794 235";"B01";"1";"37";"0";"2";"1";"19";"1";"1"
"202200011078";"794 236";"A01";"1";"7";"0";"2";"2";"19";"0";""
"202200011079";"794 234";"A01";"1";"7";"0";"2";"8";"0";"1";""
"202200011080";"794 233";"A01";"3";"7";"0";"1";"1";"15";"1";""
"202200011081";"794 227";"B01";"3";"7";"0";"2";"1";"23";"1";""
"202200011081";"794 231";"A01";"1";"2";"1";"0";"1";"1";"1";""
"202200011082";"794 226";"A01";"1";"7";"0";"2";"8";"9";"1";""
"202200011082";"794 228";"B01";"1";"33";"0";"2";"1";"1";"1";""
"202200011083";"794 225";"B01";"1";"1";"0";"2";"8";"1";"5";""
"202200011083";"794 230";"A01";"1";"10";"0";"2";"2";"17";"1";""
"202200011084";"794 221";"A01";"1";"7";"4";"0";"3";"1";"1";""
"202200011084";"794 224";"B01";"1";"7";"1";"0";"1";"1";"1";""
"202200011084";"794 229";"C01";"1";"7";"1";"0";"1";"1";"1";""
"202200011085";"794 222";"A01";"1";"7";"0";"1";"1";"1";"0";""
"202200011086";"794 220";"A01";"1";"33";"0";"2";"1";"18";"1";""
"202200011086";"794 223";"B01";"1";"21";"0";"2";"6";"0";"0";""
"202200011087";"794 217";"A01";"2";"7";"4";"0";"9";"26";"1";""
"202200011088";"794 218";"A01";"1";"10";"0";"2";"2";"15";"1";""
"202200011088";"794 219";"B01";"2";"30";"0";"2";"3";"1";"1";""
"202200011089";"794 213";"A01";"1";"7";"4";"0";"2";"26";"1";""
"202200011090";"794 212";"C01";"0";"7";"0";"2";"1";"1";"1";""
"202200011090";"794 214";"A01";"0";"7";"0";"2";"4";"0";"1";""
"202200011090";"794 216";"B01";"0";"7";"0";"2";"1";"1";"1";""
"202200011091";"794 211";"A01";"0";"10";"0";"2";"1";"1";"1";""
"202200011091";"794 215";"B01";"0";"7";"0";"2";"8";"1";"1";""
"202200011092";"794 210";"A01";"1";"1";"0";"0";"0";"1";"5";""
"202200011093";"794 207";"A01";"1";"7";"0";"2";"3";"26";"1";""
"202200011093";"794 209";"B01";"1";"7";"0";"2";"4";"0";"1";""
"202200011094";"794 202";"A01";"1";"7";"4";"0";"1";"1";"1";""
"202200011095";"794 203";"A01";"1";"7";"0";"1";"3";"1";"1";""
"202200011096";"794 200";"A01";"3";"7";"0";"2";"3";"11";"1";""
"202200011096";"794 204";"B01";"3";"7";"0";"2";"7";"1";"1";""
"202200011096";"794 206";"C01";"3";"10";"0";"2";"8";"1";"1";""
"202200011097";"794 197";"B01";"1";"33";"0";"2";"5";"2";"1";""
"202200011097";"794 198";"A01";"1";"7";"0";"2";"8";"11";"1";""
"202200011098";"794 193";"B01";"1";"1";"0";"2";"1";"1";"5";""
"202200011098";"794 195";"A01";"1";"7";"0";"9";"8";"16";"1";""
"202200011099";"794 192";"A01";"1";"1";"0";"1";"1";"1";"5";""
"202200011100";"794 190";"A01";"1";"2";"6";"0";"8";"1";"1";""
"202200011101";"794 189";"A01";"1";"7";"0";"2";"1";"2";"1";""
"202200011101";"794 191";"B01";"1";"7";"0";"2";"4";"2";"1";""
"202200011102";"794 186";"A01";"2";"7";"0";"2";"3";"1";"1";""
"202200011102";"794 188";"B01";"1";"7";"0";"2";"3";"1";"1";""
"202200011103";"794 185";"A01";"1";"7";"4";"0";"1";"1";"1";""
"202200011104";"794 183";"A01";"1";"7";"0";"2";"1";"2";"1";""
"202200011104";"794 187";"B01";"1";"32";"0";"2";"4";"23";"1";""
"202200011105";"794 182";"A01";"2";"7";"3";"0";"1";"0";"0";""
"202200011106";"794 181";"A01";"1";"10";"0";"2";"5";"15";"1";""
"202200011106";"794 184";"B01";"2";"31";"0";"2";"1";"1";"1";""
"202200011107";"794 180";"Z01";"1";"7";"0";"1";"0";"20";"0";""
"202200011108";"794 177";"A01";"1";"43";"0";"2";"3";"17";"1";""
"202200011108";"794 179";"B01";"1";"7";"0";"2";"3";"15";"1";""
"202200011109";"794 173";"A01";"1";"7";"0";"2";"4";"2";"1";""
"202200011109";"794 176";"B01";"1";"7";"0";"2";"1";"2";"1";""
"202200011110";"794 171";"A01";"2";"7";"0";"2";"1";"2";"1";""
"202200011110";"794 174";"B01";"2";"7";"0";"2";"4";"2";"1";""
"202200011110";"794 178";"C01";"2";"7";"0";"2";"0";"0";"1";""
"202200011111";"794 172";"B01";"1";"7";"0";"9";"2";"1";"1";""
"202200011111";"794 175";"A01";"1";"50";"0";"2";"1";"1";"3";""
"202200011112";"794 170";"A01";"2";"33";"1";"0";"2";"21";"1";""
"202200011113";"794 168";"A01";"1";"7";"0";"1";"1";"1";"1";""
"202200011114";"794 167";"A01";"2";"7";"0";"2";"4";"26";"1";""
"202200011114";"794 169";"B01";"2";"7";"0";"2";"1";"2";"1";""
"202200011115";"794 165";"B01";"3";"7";"0";"2";"1";"15";"1";""
"202200011115";"794 166";"A01";"3";"33";"0";"2";"3";"1";"1";""
"202200011116";"794 161";"A01";"1";"10";"0";"2";"8";"13";"1";""
"202200011116";"794 164";"B01";"1";"33";"0";"2";"7";"17";"1";""
"202200011117";"794 162";"A01";"1";"7";"0";"2";"1";"2";"1";""
"202200011117";"794 163";"B01";"1";"7";"0";"0";"0";"0";"1";""
"202200011118";"794 158";"A01";"1";"7";"0";"1";"1";"1";"1";""
"202200011119";"794 156";"A01";"2";"1";"0";"1";"1";"1";"5";""
"202200011120";"794 153";"A01";"0";"10";"0";"1";"2";"2";"1";""
"202200011121";"794 151";"B01";"2";"7";"0";"2";"1";"1";"1";""
"202200011121";"794 155";"A01";"1";"7";"0";"2";"1";"13";"1";""
"202200011122";"794 149";"B01";"2";"7";"0";"2";"1";"1";"1";""
"202200011122";"794 150";"A01";"1";"33";"0";"2";"1";"13";"1";""
"202200011123";"794 148";"B01";"2";"1";"0";"2";"7";"1";"5";""
"202200011123";"794 152";"A01";"2";"7";"0";"2";"8";"13";"1";""
"202200011124";"794 146";"A01";"2";"15";"0";"1";"2";"1";"6";""
"202200011125";"794 145";"B01";"3";"10";"0";"2";"6";"15";"1";""
"202200011125";"794 147";"A01";"3";"7";"0";"2";"1";"1";"1";""
"202200011126";"794 142";"A01";"1";"7";"0";"2";"1";"15";"1";""
"202200011126";"794 144";"B01";"1";"33";"0";"2";"1";"1";"1";""
"202200011127";"794 139";"A01";"1";"10";"0";"2";"3";"1";"1";""
"202200011127";"794 143";"B01";"2";"33";"0";"2";"7";"1";"1";""
"202200011128";"794 140";"A01";"2";"7";"0";"1";"1";"16";"1";""
"202200011129";"794 138";"B01";"0";"7";"0";"2";"4";"1";"1";""
"202200011129";"794 141";"A01";"0";"7";"0";"2";"1";"1";"1";""
"202200011130";"794 136";"A01";"1";"7";"1";"2";"1";"1";"1";""
"202200011130";"794 137";"C01";"2";"7";"0";"2";"3";"1";"1";""
"202200011131";"794 132";"A01";"1";"30";"0";"9";"0";"1";"1";""
"202200011132";"794 131";"A01";"2";"7";"0";"1";"3";"1";"1";""
"202200011133";"794 130";"A01";"3";"30";"0";"2";"6";"2";"1";""
"202200011133";"794 133";"B01";"3";"7";"0";"2";"2";"2";"1";""
"202200011134";"794 125";"B01";"2";"7";"0";"2";"3";"15";"1";""
"202200011134";"794 129";"A01";"1";"7";"0";"2";"3";"1";"1";""
"202200011135";"794 128";"A01";"1";"30";"0";"2";"0";"17";"1";""
"202200011136";"794 127";"A01";"1";"7";"1";"1";"2";"1";"2";""
"202200011137";"794 126";"A01";"0";"1";"1";"0";"1";"18";"5";""
"202200011138";"794 123";"A01";"1";"7";"3";"0";"1";"2";"1";""
"202200011139";"794 122";"A01";"1";"7";"1";"0";"2";"1";"1";""
"202200011140";"794 120";"Z01";"3";"7";"0";"2";"0";"0";"0";""
"202200011140";"794 124";"A01";"2";"7";"0";"2";"4";"1";"1";""
"202200011141";"794 118";"B01";"2";"7";"0";"2";"3";"1";"1";""
"202200011141";"794 121";"A01";"2";"7";"0";"2";"1";"19";"1";""
"202200011142";"794 114";"B01";"3";"33";"0";"2";"1";"1";"1";""
"202200011142";"794 119";"A01";"3";"1";"0";"2";"3";"15";"5";""
"202200011143";"794 115";"B01";"2";"7";"0";"2";"4";"2";"1";""
"202200011143";"794 117";"A01";"2";"7";"0";"2";"1";"2";"1";""
"202200011144";"794 113";"Z01";"2";"7";"0";"2";"2";"16";"1";""
"202200011144";"794 116";"B01";"2";"1";"0";"2";"3";"1";"5";""
"202200011145";"794 109";"B01";"3";"7";"0";"2";"8";"15";"1";""
"202200011145";"794 112";"A01";"3";"30";"0";"2";"1";"17";"1";""
"202200011146";"794 108";"A01";"1";"3";"0";"1";"1";"9";"1";""
"202200011147";"794 106";"B01";"1";"32";"0";"2";"1";"1";"1";""
"202200011147";"794 111";"A01";"1";"7";"0";"2";"2";"1";"1";""
"202200011148";"794 102";"A01";"1";"7";"0";"2";"3";"15";"1";""
"202200011148";"794 107";"C01";"1";"33";"0";"2";"1";"26";"1";""
"202200011148";"794 110";"B01";"1";"33";"0";"2";"1";"26";"1";""
"202200011149";"794 104";"B01";"1";"34";"0";"2";"1";"1";"1";""
"202200011149";"794 105";"A01";"2";"7";"0";"2";"5";"19";"1";""
"202200011150";"794 101";"A01";"1";"7";"0";"2";"7";"26";"1";""
"202200011150";"794 103";"B01";"1";"1";"0";"2";"6";"2";"5";""
"202200011151";"794 099";"A01";"3";"7";"0";"2";"8";"15";"2";""
"202200011151";"794 100";"B01";"3";"7";"0";"2";"3";"16";"1";""
"202200011152";"794 096";"A01";"1";"7";"0";"0";"0";"1";"1";""
"202200011153";"794 095";"B01";"1";"7";"0";"2";"1";"1";"1";""
"202200011153";"794 097";"A01";"2";"7";"0";"2";"1";"1";"1";""
"202200011154";"794 091";"A01";"1";"50";"1";"2";"1";"14";"3";""
"202200011154";"794 093";"B01";"2";"10";"0";"2";"1";"1";"1";""
"202200011155";"794 090";"A01";"2";"7";"0";"2";"1";"19";"1";""
"202200011155";"794 092";"B01";"2";"7";"0";"2";"5";"19";"1";""
"202200011155";"794 094";"D01";"2";"7";"0";"2";"1";"19";"1";""
"202200011155";"794 098";"C01";"3";"7";"0";"2";"2";"1";"1";""
"202200011156";"794 089";"A01";"3";"43";"0";"0";"0";"15";"1";""
"202200011157";"794 084";"B01";"2";"7";"0";"2";"1";"2";"1";""
"202200011157";"794 088";"A01";"2";"7";"10";"2";"3";"21";"1";""
"202200011158";"794 087";"A01";"1";"30";"0";"0";"1";"1";"1";""
"202200011159";"794 083";"B01";"2";"7";"0";"2";"6";"2";"1";""
"202200011159";"794 086";"A01";"2";"31";"0";"2";"1";"2";"1";""
"202200011160";"794 082";"B01";"1";"7";"0";"2";"3";"1";"1";""
"202200011160";"794 085";"A01";"2";"33";"0";"2";"1";"5";"1";""
"202200011161";"794 081";"A01";"1";"7";"8";"0";"1";"0";"1";""
"202200011162";"794 078";"Z01";"0";"7";"0";"1";"0";"0";"0";""
"202200011163";"794 077";"A01";"1";"1";"0";"2";"8";"26";"5";""
"202200011163";"794 080";"B01";"1";"7";"0";"2";"1";"26";"1";""
"202200011164";"794 076";"B01";"2";"10";"0";"2";"6";"15";"1";""
"202200011164";"794 079";"A01";"2";"30";"0";"2";"2";"17";"1";""
"202200011165";"794 074";"A01";"2";"7";"0";"2";"7";"13";"1";""
"202200011165";"794 075";"B01";"1";"7";"0";"2";"1";"1";"1";""
"202200011166";"794 072";"B01";"1";"31";"0";"2";"1";"1";"1";""
"202200011166";"794 073";"A01";"1";"7";"0";"2";"5";"15";"1";""
"202200011167";"794 070";"A01";"0";"7";"0";"1";"3";"1";"1";""
"202200011168";"794 071";"A01";"3";"7";"0";"0";"9";"13";"1";""
"202200011169";"794 065";"B01";"1";"2";"0";"2";"7";"26";"1";""
"202200011169";"794 068";"A01";"1";"7";"0";"2";"3";"26";"1";""
"202200011170";"794 062";"A01";"1";"7";"0";"1";"1";"1";"1";""
"202200011171";"794 063";"B01";"3";"7";"0";"2";"3";"15";"1";""
"202200011171";"794 066";"A01";"3";"2";"0";"2";"1";"1";"1";""
"202200011172";"794 057";"A01";"1";"31";"0";"2";"1";"14";"3";""
"202200011172";"794 059";"B01";"1";"10";"0";"2";"6";"1";"1";""
"202200011173";"794 058";"A01";"3";"7";"0";"1";"1";"1";"2";""
"202200011174";"794 055";"A01";"1";"7";"0";"1";"3";"1";"1";""
"202200011175";"794 054";"B01";"1";"7";"0";"2";"3";"1";"1";""
"202200011175";"794 056";"A01";"0";"7";"0";"2";"3";"1";"3";""
"202200011176";"794 051";"A01";"1";"7";"0";"2";"6";"11";"1";""
"202200011176";"794 053";"B01";"1";"33";"0";"2";"7";"1";"1";""
"202200011177";"794 049";"A01";"1";"7";"0";"1";"3";"1";"1";""
"202200011178";"794 050";"B01";"3";"7";"1";"0";"2";"1";"1";""
"202200011178";"794 052";"A01";"3";"7";"0";"2";"8";"22";"1";""
"202200011179";"794 048";"A01";"1";"7";"6";"0";"0";"14";"1";""
"202200011180";"794 046";"B01";"2";"10";"0";"2";"8";"23";"1";""