"Num_Acc";"id_vehicule";"num_veh";"senc";"catv";"obs";"obsm";"choc";"manv";"motor";"occutc"
"202200011180";"794 047";"A01";"2";"33";"0";"2";"1";"13";"1";""
"202200011181";"794 043";"A01";"1";"7";"0";"0";"9";"1";"1";""
"202200011182";"794 041";"A01";"2";"7";"0";"2";"1";"13";"1";""
"202200011182";"794 044";"B01";"1";"7";"0";"2";"1";"1";"1";""
"202200011183";"794 040";"A01";"3";"7";"0";"2";"1";"1";"1";""
"202200011183";"794 042";"C01";"3";"7";"0";"2";"4";"23";"1";""
"202200011183";"794 045";"B01";"3";"7";"0";"2";"4";"23";"1";""
"202200011184";"794 038";"A01";"3";"1";"0";"0";"0";"1";"5";""
"202200011185";"794 037";"A01";"2";"32";"0";"2";"2";"11";"1";""
"202200011185";"794 039";"Z01";"1";"7";"0";"2";"6";"1";"0";""
"202200011186";"794 034";"A01";"1";"7";"5";"0";"2";"14";"1";""
"202200011187";"794 032";"A01";"1";"7";"0";"2";"1";"2";"1";""
"202200011187";"794 035";"B01";"1";"7";"0";"2";"0";"1";"1";""
"202200011188";"794 030";"A01";"1";"33";"0";"2";"8";"3";"1";""
"202200011188";"794 033";"Z01";"1";"7";"0";"2";"0";"11";"0";""
"202200011189";"794 031";"B01";"1";"1";"0";"2";"7";"1";"5";""
"202200011189";"794 036";"A01";"2";"7";"0";"2";"1";"9";"1";""
"202200011190";"794 028";"A01";"1";"7";"0";"2";"3";"13";"1";""
"202200011190";"794 029";"B01";"2";"7";"0";"2";"3";"1";"1";""
"202200011191";"794 025";"A01";"1";"50";"0";"0";"0";"1";"3";""
"202200011192";"794 024";"A01";"3";"7";"0";"1";"7";"4";"1";""
"202200011192";"794 027";"B01";"3";"7";"0";"2";"8";"1";"1";""
"202200011193";"794 022";"A01";"1";"7";"0";"2";"1";"15";"1";""
"202200011193";"794 026";"B01";"2";"1";"0";"2";"2";"1";"5";""
"202200011194";"794 020";"B01";"0";"7";"0";"2";"1";"13";"1";""
"202200011194";"794 023";"A01";"0";"7";"0";"2";"1";"1";"1";""
"202200011195";"794 017";"B01";"1";"32";"0";"2";"2";"1";"1";""
"202200011195";"794 021";"A01";"2";"7";"0";"2";"5";"1";"2";""
"202200011196";"794 016";"B01";"3";"7";"0";"2";"2";"15";"0";""
"202200011196";"794 019";"A01";"3";"1";"0";"2";"1";"1";"5";""
"202200011197";"794 013";"A01";"2";"10";"0";"2";"3";"13";"1";""
"202200011197";"794 015";"B01";"1";"7";"0";"2";"3";"1";"1";""
"202200011198";"794 014";"A01";"2";"33";"0";"2";"2";"1";"1";""
"202200011198";"794 018";"B01";"2";"7";"0";"2";"3";"1";"1";""
"202200011199";"794 012";"A01";"2";"50";"2";"0";"1";"25";"3";""
"202200011200";"794 010";"A01";"1";"7";"0";"1";"3";"9";"1";""
"202200011201";"794 007";"B01";"2";"7";"0";"2";"1";"1";"1";""
"202200011201";"794 011";"A01";"1";"7";"0";"2";"1";"5";"1";""
"202200011202";"794 006";"B01";"3";"30";"0";"2";"1";"1";"1";""
"202200011202";"794 009";"A01";"3";"10";"0";"2";"2";"15";"1";""
"202200011203";"794 003";"A01";"1";"7";"0";"2";"1";"1";"1";""
"202200011203";"794 005";"C01";"1";"7";"0";"9";"4";"1";"1";""
"202200011203";"794 008";"B01";"1";"1";"0";"2";"4";"1";"5";""
"202200011204";"794 001";"A01";"1";"7";"0";"2";"3";"13";"1";""
"202200011204";"794 002";"B01";"2";"7";"0";"2";"3";"1";"1";""
"202200011205";"794 000";"A01";"1";"1";"0";"9";"1";"21";"5";""
"202200011206";"793 999";"B01";"1";"7";"0";"2";"8";"15";"1";""
"202200011206";"794 004";"A01";"1";"30";"0";"2";"0";"0";"1";""
"202200011207";"793 997";"A01";"1";"7";"2";"0";"1";"1";"1";""
"202200011208";"793 998";"A01";"1";"10";"0";"1";"1";"15";"3";""
"202200011209";"793 994";"B01";"2";"80";"1";"0";"1";"1";"3";""
"202200011209";"793 996";"A01";"2";"7";"0";"2";"8";"22";"1";""
"202200011210";"793 992";"A01";"3";"7";"15";"0";"1";"1";"1";""
"202200011211";"793 989";"B01";"2";"7";"0";"2";"3";"1";"1";""
"202200011211";"793 991";"A01";"1";"7";"2";"2";"3";"1";"1";""
"202200011212";"793 990";"A01";"3";"2";"0";"2";"1";"2";"1";""
"202200011212";"793 993";"B01";"3";"7";"0";"2";"5";"15";"1";""
"202200011212";"793 995";"C01";"0";"7";"0";"2";"3";"2";"1";""
"202200011213";"793 986";"A01";"1";"2";"0";"0";"7";"1";"1";""
"202200011214";"793 987";"B01";"2";"50";"0";"2";"1";"1";"3";""
"202200011214";"793 988";"A01";"1";"1";"0";"2";"7";"15";"5";""
"202200011215";"793 985";"A01";"2";"7";"0";"0";"9";"14";"1";""
"202200011216";"793 983";"A01";"1";"10";"0";"2";"3";"15";"1";""
"202200011216";"793 984";"B01";"1";"1";"0";"2";"2";"1";"5";""
"202200011217";"793 981";"A01";"1";"50";"0";"0";"0";"15";"3";""
"202200011218";"793 979";"A01";"1";"31";"0";"2";"0";"17";"1";""
"202200011218";"793 980";"B01";"1";"7";"0";"2";"0";"15";"1";""
"202200011219";"793 975";"A01";"1";"7";"0";"2";"1";"2";"1";""
"202200011219";"793 978";"B01";"1";"33";"0";"0";"4";"2";"1";""
"202200011220";"793 974";"B01";"1";"7";"0";"0";"0";"0";"1";""
"202200011220";"793 977";"A01";"1";"32";"0";"0";"0";"0";"1";""
"202200011221";"793 973";"B01";"2";"7";"0";"2";"1";"1";"2";""
"202200011221";"793 976";"A01";"1";"7";"0";"2";"1";"13";"1";""
"202200011222";"793 970";"A01";"1";"7";"6";"2";"1";"14";"1";""
"202200011222";"793 972";"B01";"1";"7";"0";"2";"1";"2";"1";""
"202200011223";"793 968";"A01";"2";"7";"0";"2";"1";"15";"1";""
"202200011223";"793 971";"B01";"1";"31";"0";"2";"1";"1";"1";""
"202200011224";"793 966";"A01";"2";"7";"0";"2";"2";"19";"1";""
"202200011224";"793 969";"B01";"2";"7";"0";"2";"3";"1";"1";""
"202200011225";"793 965";"A01";"1";"7";"0";"2";"1";"1";"1";""
"202200011225";"793 967";"B01";"3";"7";"0";"2";"7";"19";"1";""
"202200011226";"793 962";"B01";"1";"80";"0";"2";"8";"19";"3";""
"202200011226";"793 964";"A01";"1";"7";"0";"2";"1";"16";"1";""
"202200011227";"793 960";"A01";"1";"7";"3";"0";"1";"1";"1";""
"202200011228";"793 961";"A01";"1";"10";"0";"9";"5";"22";"1";""
"202200011228";"793 963";"B01";"2";"80";"1";"0";"1";"1";"3";""
"202200011229";"793 955";"B01";"1";"10";"0";"2";"2";"1";"1";""
"202200011229";"793 958";"A01";"1";"33";"0";"2";"1";"9";"1";""
"202200011230";"793 953";"A01";"1";"7";"0";"2";"1";"1";"1";""
"202200011230";"793 956";"B01";"1";"7";"0";"2";"7";"11";"1";""
"202200011231";"793 952";"A01";"1";"10";"0";"2";"4";"1";"1";""
"202200011231";"793 954";"B01";"1";"30";"0";"2";"1";"1";"1";""
"202200011232";"793 950";"A01";"2";"7";"0";"2";"3";"13";"1";""
"202200011232";"793 951";"B01";"1";"7";"0";"2";"3";"1";"1";""
"202200011233";"793 946";"A01";"3";"7";"0";"2";"2";"20";"1";""
"202200011233";"793 949";"B01";"3";"1";"0";"2";"3";"1";"5";""
"202200011234";"793 945";"B01";"0";"0";"0";"2";"0";"0";" -1";""
"202200011234";"793 948";"A01";"1";"2";"0";"2";"0";"2";"1";""
"202200011235";"793 944";"B01";"1";"7";"0";"2";"1";"16";"1";""
"202200011235";"793 947";"A01";"1";"31";"0";"2";"1";"1";"1";""
"202200011236";"793 942";"B01";"1";"7";"0";"2";"1";"1";"1";""
"202200011236";"793 943";"A01";"1";"7";"0";"2";"2";"1";"1";""
"202200011237";"793 939";"A01";"2";"30";"0";"2";"1";"2";"1";""
"202200011237";"793 941";"B01";"2";"7";"0";"2";"6";"15";"3";""
"202200011238";"793 936";"A01";"2";"30";"15";"0";"8";"1";"1";""
"202200011239";"793 938";"A01";"2";"7";"0";"2";"3";"15";"2";""
"202200011240";"793 935";"A01";"1";"7";"0";"2";"4";"16";"1";""
"202200011240";"793 940";"B01";"1";"7";"0";"2";"1";"2";"1";""
"202200011241";"793 933";"A01";"2";"7";"0";"9";"2";"1";"1";""
"202200011241";"793 934";"C01";"2";"1";"0";"0";"4";"1";"5";""
"202200011241";"793 937";"B01";"2";"1";"0";"0";"4";"1";"5";""
"202200011242";"793 930";"A01";"1";"33";"0";"2";"8";"1";"1";""
"202200011242";"793 932";"B01";"1";"7";"0";"2";"7";"0";"1";""
"202200011243";"793 928";"A01";"1";"7";"5";"0";"4";"2";"1";""
"202200011244";"793 926";"B01";"1";"7";"0";"2";"2";"1";"1";""
"202200011244";"793 929";"A01";"2";"32";"0";"2";"1";"1";"1";""
"202200011245";"793 925";"B01";"2";"1";"0";"2";"0";"0";"5";""
"202200011245";"793 927";"A01";"1";"15";"0";"9";"3";"9";"1";""
"202200011246";"793 923";"A01";"2";"7";"13";"0";"3";"21";"1";""
"202200011247";"793 921";"A01";"3";"7";"0";"1";"3";"15";"3";""
"202200011248";"793 918";"D01";"1";"7";"0";"2";"1";"2";"1";""
"202200011248";"793 920";"C01";"1";"7";"0";"2";"4";"1";"2";""
"202200011248";"793 922";"B01";"1";"7";"0";"2";"4";"1";"1";""
"202200011248";"793 924";"A01";"1";"7";"0";"2";"4";"1";"1";""
"202200011249";"793 917";"B01";"0";"30";"0";"2";"1";"1";"1";""
"202200011249";"793 919";"A01";"3";"7";"0";"2";"1";"15";"1";""
"202200011250";"793 912";"A01";"1";"7";"0";"2";"8";"1";"1";""
"202200011250";"793 916";"B01";"1";"7";"0";"2";"1";"1";"1";""
"202200011251";"793 914";"A01";"1";"33";"0";"0";"0";"1";"1";""
"202200011252";"793 910";"A01";"3";"7";"0";"2";"1";"1";"1";""
"202200011252";"793 911";"B01";"3";"7";"0";"2";"1";"1";"1";""
"202200011253";"793 909";"C01";"2";"7";"0";"2";"6";"1";"1";""
"202200011253";"793 913";"B01";"2";"10";"0";"2";"1";"9";"1";""
"202200011253";"793 915";"A01";"1";"7";"0";"2";"1";"1";"1";""
"202200011254";"793 907";"B01";"2";"1";"0";"2";"1";"7";"5";""
"202200011254";"793 908";"A01";"2";"7";"0";"2";"2";"16";"1";""
"202200011255";"793 906";"A01";"1";"7";"4";"0";"0";"1";"1";""
"202200011256";"793 903";"A01";"3";"30";"0";"2";"1";"15";"1";""
"202200011256";"793 905";"B01";"0";"7";"0";"2";"8";"1";"1";""
"202200011257";"793 901";"A01";"3";"7";"0";"2";"2";"24";"1";""
"202200011257";"793 902";"B01";"3";"1";"0";"0";"0";"26";"5";""
"202200011258";"793 899";"B01";"2";"1";"0";"2";"1";"1";"5";""
"202200011258";"793 904";"A01";"1";"7";"0";"9";"1";"15";"1";""
"202200011259";"793 898";"B01";"1";"7";"0";"2";"6";"11";"1";""
"202200011259";"793 900";"A01";"1";"33";"0";"2";"2";"1";"1";""
"202200011260";"793 895";"B01";"1";"43";"0";"2";"3";"1";"1";""
"202200011260";"793 896";"A01";"1";"7";"0";"2";"3";"11";"2";""
"202200011261";"793 894";"B01";"1";"7";"0";"2";"1";"1";"1";""
"202200011261";"793 897";"A01";" -1";"7";"0";"2";"7";"9";"1";""
"202200011262";"793 890";"B01";"1";"7";"0";"2";"6";"2";"2";""
"202200011262";"793 893";"A01";"1";"7";"0";"2";"1";"2";"1";""
"202200011263";"793 888";"A01";"1";"7";"0";"1";"3";"1";"2";""
"202200011264";"793 889";"A01";"3";"7";"0";"2";"1";"1";"1";""
"202200011264";"793 891";"B01";"2";"10";"0";"2";"2";"1";"1";""
"202200011265";"793 887";"B01";"2";"33";"0";"2";"1";"1";"1";""
"202200011265";"793 892";"A01";"1";"10";"0";"2";"7";"19";"1";""
"202200011266";"793 883";"A01";"1";"7";"0";"2";"1";"2";"1";""
"202200011266";"793 886";"B01";"1";"17";"0";"2";"4";"2";"1";""
"202200011267";"793 882";"B01";"2";"7";"0";"2";"6";"21";"1";""
"202200011267";"793 885";"A01";"2";"33";"0";"2";"2";"17";"1";""
"202200011268";"793 881";"B01";"1";"7";"0";"2";"3";"15";"1";""
"202200011268";"793 884";"A01";"1";"2";"0";"2";"1";"17";"1";""
"202200011269";"793 879";"B01";"1";"7";"0";"0";"4";"1";"1";""
"202200011269";"793 880";"A01";"1";"7";"0";"2";"1";"1";"1";""
"202200011270";"793 877";"A01";"2";"7";"6";"0";"2";"14";"1";""
"202200011271";"793 876";"B01";"1";"7";"0";"2";"5";"1";"1";""
"202200011271";"793 878";"A01";"1";"10";"0";"2";"3";"11";"1";""
"202200011272";"793 874";"B01";"3";"7";"0";"2";"6";"1";"1";""
"202200011272";"793 875";"A01";"3";"10";"0";"2";"3";"1";"1";""
"202200011273";"793 871";"B01";"3";"7";"2";"2";"1";"1";"1";""
"202200011273";"793 873";"A01";"3";"7";"0";"2";"8";"1";"1";""
"202200011274";"793 872";"A01";"2";"2";"12";"0";"0";"19";"1";""
"202200011275";"793 870";"A01";"1";"7";"4";"0";"1";"1";"1";""
"202200011276";"793 869";"A01";"1";"7";"2";"0";"9";"26";"1";""
"202200011277";"793 867";"A01";"2";"7";"6";"0";"3";"26";"1";""
"202200011278";"793 864";"A01";"2";"7";"0";"0";"1";"1";"1";""
"202200011279";"793 859";"A01";"0";"7";"6";"0";"1";"1";"1";""
"202200011280";"793 865";"A01";"2";"7";"13";"0";"2";"13";"1";""
"202200011281";"793 861";"D01";"2";"7";"0";"2";"1";"2";"1";""
"202200011281";"793 863";"C01";"2";"10";"0";"2";"4";"0";"1";""
"202200011281";"793 866";"B01";"2";"7";"0";"0";"4";"2";"1";""
"202200011281";"793 868";"A01";"2";"15";"0";"2";"1";"2";"1";""
"202200011282";"793 853";"A01";"1";"7";"0";"2";"1";"2";"1";""
"202200011282";"793 856";"B01";"1";"7";"0";"0";"4";"2";"1";""
"202200011282";"793 858";"C01";"1";"0";"0";"2";"2";"2";"6";""
"202200011283";"793 852";"A01";"3";"7";"0";"2";"1";"9";"1";""
"202200011283";"793 857";"B01";"3";"1";"0";"2";"5";"15";"5";""
"202200011284";"793 851";"A01";"0";"7";"2";"0";"1";"0";"1";""
"202200011285";"793 850";"C01";"1";"10";"0";"2";"4";"1";"1";""
"202200011285";"793 854";"B01";"1";"10";"0";"2";"4";"1";"1";""
"202200011285";"793 855";"A01";"1";"10";"0";"2";"1";"1";"1";""
"202200011286";"793 847";"A01";"1";"7";"0";"2";"2";"5";"1";""
"202200011286";"793 849";"B01";"2";"15";"0";"2";"2";"1";"1";""
"202200011287";"793 848";"A01";"1";"7";"8";"0";"6";"0";"1";""
"202200011288";"793 846";"A01";"1";"7";"9";"0";"1";"6";"1";""
"202200011289";"793 844";"B01";"1";"14";"0";"2";"5";"1";"1";""
"202200011289";"793 845";"A01";"1";"10";"0";"2";"3";"1";"1";""
"202200011290";"793 841";"B01";"3";"1";"0";"2";"1";"1";"5";""
"202200011290";"793 843";"A01";"3";"7";"0";"2";"2";"15";"1";""
"202200011291";"793 840";"A01";"2";"7";"6";"0";"1";"1";"1";""
"202200011292";"793 839";"B01";"3";"7";"0";"2";"1";"2";"1";""
"202200011292";"793 842";"A01";"1";"7";"0";"2";"4";"0";"1";""
"202200011293";"793 834";"B01";"2";"1";"0";"2";"1";"0";"5";""
"202200011293";"793 836";"A01";"1";"7";"0";"9";"6";"0";"1";""
"202200011294";"793 835";"A01";"2";"7";"13";"0";"1";"1";"1";""
"202200011295";"793 828";"B01";"2";"7";"0";"2";"3";"1";"1";""
"202200011295";"793 831";"A01";"2";"7";"0";"0";"5";"16";"1";""
"202200011296";"793 826";"C01";"3";"7";"0";"2";"1";"1";"1";""
"202200011296";"793 827";"B01";"3";"7";"0";"2";"3";"15";"1";""
"202200011296";"793 830";"A01";"3";"33";"0";"2";"1";"17";"1";""
"202200011297";"793 821";"A01";"1";"7";"0";"2";"1";"13";"1";""
"202200011297";"793 823";"B01";"2";"10";"0";"2";"1";"1";"1";""
"202200011298";"793 820";"G01";"2";"7";"0";"2";"1";"2";"2";""
"202200011298";"793 822";"A01";"2";"7";"0";"2";"4";"2";"1";""
"202200011298";"793 825";"B01";"2";"7";"0";"2";"4";"2";"1";""
"202200011298";"793 829";"C01";"2";"7";"0";"2";"4";"2";"1";""
"202200011298";"793 833";"D01";"2";"10";"0";"2";"4";"2";"1";""
"202200011298";"793 837";"E01";"2";"7";"0";"2";"4";"2";"1";""
"202200011298";"793 838";"F01";"2";"10";"0";"2";"1";"2";"1";""
"202200011299";"793 824";"A01";"3";"30";"0";"2";"1";"17";"1";""
"202200011299";"793 832";"B01";"3";"7";"0";"2";"8";"2";"1";""
"202200011300";"793 818";"A01";"1";"7";"0";"2";"3";"1";"1";""
"202200011300";"793 819";"B01";"2";"7";"0";"2";"3";"1";"1";""
"202200011301";"793 815";"B01";"1";"33";"0";"2";"1";"1";"1";""
"202200011301";"793 817";"A01";"1";"10";"0";"2";"3";"10";"1";""
"202200011302";"793 814";"A01";"3";"7";"0";"1";"1";"1";"1";""
"202200011303";"793 812";"B01";"1";"33";"0";"2";"1";"3";"1";""
"202200011303";"793 816";"A01";"1";"7";"0";"2";"6";"12";"1";""
"202200011304";"793 811";"A01";"2";"7";"6";"0";"2";"1";"1";""
"202200011305";"793 813";"A01";"1";"1";"0";"0";"1";"26";"5";""
"202200011306";"793 807";"B01";"0";"7";"0";"2";"6";"1";"1";""
"202200011306";"793 810";"A01";"0";"7";"2";"2";"1";"1";"1";""
"202200011307";"793 805";"B01";"1";"7";"0";"2";"3";"19";"1";""
"202200011307";"793 808";"A01";"2";"7";"0";"2";"2";"1";"1";""
"202200011308";"793 803";"A01";"2";"7";"16";"0";"9";"17";"1";""
"202200011309";"793 800";"A01";"3";"7";"13";"0";"1";"1";"1";""
"202200011310";"793 801";"B01";"1";"7";"0";"2";"3";"1";"1";""
"202200011310";"793 804";"A01";"2";"7";"0";"2";"3";"15";"1";""
"202200011311";"793 799";"A01";"2";"10";"0";"2";"8";"1";"1";""
"202200011311";"793 802";"B01";"2";"33";"0";"2";"1";"1";"1";""
"202200011312";"793 798";"A01";"1";"7";"0";"1";"1";"1";"1";""
"202200011313";"793 795";"A01";"1";"7";"3";"2";"0";"1";"1";""
"202200011313";"793 797";"B01";"2";"7";"0";"2";"1";"21";"1";""
"202200011314";"793 793";"A01";"2";"33";"0";"2";"1";"17";"1";""
"202200011314";"793 794";"B01";"2";"3";"0";"2";"3";"15";"1";""
"202200011315";"793 792";"Z01";"2";"7";"0";"2";"1";"2";"0";""
"202200011315";"793 796";"A01";"2";"13";"0";"2";"4";"23";"0";""
"202200011316";"793 791";"A01";"2";"7";"6";"0";"2";"0";"1";""
"202200011317";"793 785";"D01";"1";"7";"0";"2";"3";"1";"1";""
"202200011317";"793 788";"C01";"2";"7";"0";"2";"1";"1";"1";""
"202200011317";"793 789";"B01";"2";"7";"0";"2";"5";"1";"1";""
"202200011317";"793 790";"A01";"1";"7";"0";"2";"0";"1";"1";""
"202200011318";"793 782";"A01";"1";"7";"0";"1";"1";"1";"1";""
"202200011319";"793 783";"B01";"2";"7";"0";"2";"1";"21";"1";""
"202200011319";"793 787";"A01";"1";"33";"0";"2";"1";"19";"1";""
"202200011320";"793 784";"Z01";"3";"7";"15";"2";"1";"15";"0";""
"202200011320";"793 786";"A01";"3";"33";"12";"2";"4";"16";"1";""
"202200011321";"793 780";"B01";"2";"10";"0";"2";"1";"2";"1";""
"202200011321";"793 781";"A01";"2";"7";"0";"2";"4";"2";"1";""
"202200011322";"793 779";"Z01";"1";"7";"0";"1";"1";"1";"1";""
"202200011323";"793 777";"Z01";"2";"7";"0";"2";"0";"0";"0";""
"202200011323";"793 778";"A01";"3";"30";"0";"2";"4";"1";"1";""
"202200011324";"793 775";"A01";"2";"7";"0";"1";"5";"4";"2";""
"202200011325";"793 774";"A01";"2";"7";"0";"2";"5";"12";"1";""
"202200011325";"793 776";"B01";"1";"7";"0";"2";"2";"1";"1";""
"202200011326";"793 769";"C01";"1";"7";"0";"2";"1";"2";"1";""
"202200011326";"793 771";"B01";"1";"10";"0";"2";"1";"2";"1";""
"202200011326";"793 773";"A01";"1";"7";"0";"2";"4";"2";"1";""
"202200011327";"793 768";"A01";"3";"7";"0";"2";"5";"16";"1";""
"202200011327";"793 772";"B01";"3";"33";"0";"2";"8";"15";"1";""
"202200011328";"793 770";"A01";"0";"34";"0";"1";"3";"1";"1";""
"202200011329";"793 764";"A01";"1";"33";"0";"2";"3";"2";"1";""
"202200011329";"793 766";"B01";"1";"33";"0";"2";"5";"23";"1";""
"202200011330";"793 763";"A01";"2";"7";"0";"2";"3";"2";"1";""
"202200011330";"793 767";"B01";"2";"7";"0";"2";"5";"2";"2";""
"202200011331";"793 765";"A01";"3";"10";"9";"0";"1";"0";"1";""
"202200011332";"793 760";"A01";"1";"7";"0";"2";"3";"1";"1";""
"202200011332";"793 762";"B01";"2";"7";"0";"2";"3";"13";"1";""
"202200011333";"793 757";"A01";"1";"7";"0";"1";"1";"1";"1";""
"202200011334";"793 755";"A01";"0";"7";"0";"2";"6";"17";"1";""
"202200011334";"793 756";"B01";"3";"2";"0";"2";"1";"0";"1";""
"202200011335";"793 754";"D01";"1";"7";"0";"2";"4";"1";"3";""
"202200011335";"793 758";"C01";"1";"7";"0";"2";"1";"1";"1";""
"202200011335";"793 759";"B01";"1";"7";"0";"2";"4";"1";"1";""
"202200011335";"793 761";"A01";"1";"7";"0";"2";"1";"1";"1";""
"202200011336";"793 751";"A01";"1";"7";"4";"0";"2";"14";"1";""
"202200011337";"793 749";"B01";"1";"7";"0";"2";"1";"1";"1";""
"202200011337";"793 752";"A01";"2";"7";"0";"2";"3";"1";"1";""
"202200011338";"793 750";"A01";"3";"32";"0";"2";"0";"0";"0";""
"202200011338";"793 753";"B01";"3";"7";"0";"2";"0";"0";"6";""
"202200011339";"793 748";"A01";"1";"7";"3";"0";"1";"1";"2";""
"202200011340";"793 747";"A01";"2";"7";"8";"0";"3";"19";"1";""
"202200011341";"793 745";"A01";"1";"7";"4";"0";"3";"1";"1";""
"202200011342";"793 744";"B01";"2";"2";"0";"2";"1";"1";"1";""
"202200011342";"793 746";"A01";"1";"7";"0";"2";"3";"26";"1";""
"202200011343";"793 743";"A01";"1";"7";"8";"0";"8";"1";"1";""
"202200011344";"793 742";"A01";"1";"10";"14";"0";"1";"1";"1";""
"202200011345";"793 741";"A01";"1";"33";"12";"0";"0";"0";"1";""
"202200011346";"793 740";"A01";"2";"7";"8";"0";"1";"14";"1";""
"202200011347";"793 739";"A01";"1";"7";"3";"0";"1";"14";"1";""
"202200011348";"793 736";"B01";"2";"32";"0";"2";"1";"1";"1";""
"202200011348";"793 737";"A01";"3";"7";"0";"2";"2";"15";"1";""
"202200011349";"793 735";"B01";"3";"7";"0";"2";"7";"1";"1";""
"202200011349";"793 738";"A01";"0";"2";"0";"2";"1";"1";"1";""
"202200011350";"793 733";"A01";"1";"10";"4";"2";"6";"11";"1";""
"202200011350";"793 734";"B01";"1";"7";"4";"2";"2";"1";"1";""
"202200011351";"793 730";"A01";"1";"7";"1";"0";"1";"1";"1";""
"202200011352";"793 729";"B01";"3";"7";"8";"2";"9";"16";"1";""
"202200011352";"793 732";"A01";"3";"7";"0";"2";"2";"14";"1";""
"202200011353";"793 728";"A01";"1";"7";"0";"0";"0";"26";"1";""
"202200011353";"793 731";"B01";"1";"15";"0";"0";"0";"0";"0";""
"202200011354";"793 727";"Z01";"0";"7";"0";"1";"1";"0";"0";""
"202200011355";"793 724";"A01";"3";"7";"0";"2";"1";"19";"1";""
"202200011355";"793 726";"B01";"3";"7";"0";"2";"1";"1";"1";""
"202200011356";"793 722";"B01";"3";"30";"0";"2";"3";"1";"1";""
"202200011356";"793 723";"A01";"3";"7";"0";"2";"1";"9";"1";""
"202200011357";"793 725";"A01";"1";"7";"0";"1";"3";"15";"2";""
"202200011358";"793 719";"B01";"1";"7";"2";"0";"1";"1";"1";""
"202200011358";"793 720";"Z01";"1";"7";"0";"0";"0";"0";"0";""
"202200011359";"793 717";"A01";"1";"7";"0";"2";"1";"1";"1";""
"202200011359";"793 718";"B01";"1";"7";"0";"2";"4";"2";"1";""
"202200011359";"793 721";"D01";"1";"17";"0";"2";"4";"1";"1";""
"202200011360";"793 716";"A01";"3";"32";"0";"0";"1";"16";"1";""
"202200011361";"793 715";"A01";"1";"7";"6";"0";"1";"1";"1";""
"202200011362";"793 713";"Y01";"1";"1";"0";"2";"1";"25";"5";""
"202200011362";"793 714";"A01";"2";"7";"0";"9";"2";"16";"0";""
"202200011363";"793 711";"Z01";"3";"7";"0";"1";"1";"13";"1";""
"202200011364";"793 710";"A01";"1";"7";"0";"2";"1";"2";"1";""
"202200011364";"793 712";"B01";"1";"1";"0";"2";"4";"1";"5";""
"202200011365";"793 708";"B01";"2";"7";"0";"2";"1";"1";"2";""
"202200011365";"793 709";"A01";"1";"7";"0";"2";"2";"1";"1";""
"202200011366";"793 707";"A01";"1";"7";"0";"1";"2";"1";"1";""
"202200011367";"793 705";"A01";"2";"13";"0";"1";"6";"20";"1";""
"202200011368";"793 703";"A01";"1";"33";"0";"2";"3";"1";"1";""
"202200011368";"793 706";"B01";"2";"10";"0";"2";"3";"0";"1";""
"202200011369";"793 701";"A01";"1";"10";"0";"2";"1";"2";"1";""
"202200011369";"793 704";"B01";"1";"1";"0";"2";"4";"2";"5";""
"202200011370";"793 697";"A01";"3";"10";"0";"2";"2";"17";"1";""
"202200011370";"793 699";"B01";"3";"7";"0";"2";"3";"16";"1";""
"202200011371";"793 695";"B01";"2";"1";"0";"2";"1";"1";"5";""
"202200011371";"793 698";"A01";"1";"7";"0";"2";"3";"15";"1";""
"202200011372";"793 694";"A01";"2";"7";"13";"0";"9";"0";"1";""
"202200011373";"793 693";"A01";"1";"7";"0";"2";"2";"19";"1";""
"202200011373";"793 696";"B01";"1";"7";"0";"2";"3";"1";"1";""
"202200011374";"793 691";"A01";"2";"7";"0";"1";"1";"1";"1";""
"202200011375";"793 690";"B01";"2";"14";"0";"2";"5";"23";"1";""
"202200011375";"793 692";"A01";"2";"14";"0";"2";"3";"2";"1";""
"202200011376";"793 688";"B01";"2";"32";"0";"2";"1";"1";"1";""
"202200011376";"793 689";"A01";"1";"7";"0";"2";"2";"15";"1";""
"202200011377";"793 685";"B01";"1";"7";"1";"2";"4";"23";"1";""
"202200011377";"793 687";"A01";"1";"7";"1";"0";"1";"2";"1";""
"202200011378";"793 683";"A01";"2";"7";"0";"1";"4";"20";"1";""
"202200011379";"793 682";"A01";"1";"33";"2";"0";"1";"1";"1";""
"202200011380";"793 680";"A01";"3";"7";"2";"0";"1";"1";"1";""
"202200011381";"793 681";"A01";"1";"7";"3";"0";"2";"1";"1";""
"202200011382";"793 678";"A01";"3";"33";"0";"1";"1";"26";"1";""
"202200011383";"793 677";"A01";"1";"7";"0";"2";"3";"1";"1";""
"202200011383";"793 679";"B01";"2";"1";"0";"2";"8";"19";"5";""
"202200011384";"793 676";"A01";"2";"7";"13";"0";"2";"1";"1";""
"202200011385";"793 675";"A01";"0";" -1";"0";"1";"1";"1";"1";""
"202200011386";"793 672";"A01";"2";"10";"0";"1";"1";"2";"1";""
"202200011387";"793 673";"A01";"2";"30";"0";"1";"1";"1";"3";""
"202200011388";"793 671";"A01";"1";"7";"0";"1";"1";"15";"1";""
"202200011389";"793 669";"B01";"1";"33";"0";"2";"4";"23";"1";""
"202200011389";"793 670";"A01";"1";"7";"0";"2";"1";"2";"1";""
"202200011390";"793 668";"A01";"2";"7";"9";"1";"1";"26";"1";""