"Num_Acc";"id_vehicule";"num_veh";"senc";"catv";"obs";"obsm";"choc";"manv";"motor";"occutc"
"202200011391";"793 666";"B01";" -1";"34";"0";"2";"1";"1";"1";""
"202200011391";"793 674";"A01";" -1";"33";"0";"2";"1";"1";"1";""
"202200011392";"793 665";"A01";"1";"30";"0";"1";"3";"1";"3";""
"202200011393";"793 664";"A01";"3";"7";"0";"2";"8";"15";"1";""
"202200011393";"793 667";"B01";"3";"31";"0";"2";"1";"1";"1";""
"202200011394";"793 661";"A01";"0";"43";"0";"1";"1";"1";"1";""
"202200011395";"793 660";"A01";"3";"33";"0";"1";"1";"1";"1";""
"202200011396";"793 662";"A01";"2";"7";"0";"1";"1";"1";"1";""
"202200011397";"793 659";"B01";"3";"1";"0";"2";"1";"1";"5";""
"202200011397";"793 663";"A01";"1";"10";"0";"9";"3";"1";"1";""
"202200011398";"793 658";"A01";"1";"7";"0";"1";"2";"0";"1";""
"202200011399";"793 655";"A01";"3";"7";"2";"0";"1";"19";"1";""
"202200011400";"793 654";"A01";"1";"33";"0";"2";"7";"15";"1";""
"202200011400";"793 657";"B01";"2";"32";"0";"2";"1";"1";"1";""
"202200011401";"793 651";"B01";"1";"7";"0";"2";"1";"1";"1";""
"202200011401";"793 652";"A01";"2";"7";"0";"2";"1";"15";"1";""
"202200011402";"793 648";"A01";"2";"33";"0";"1";"1";"1";"1";""
"202200011403";"793 647";"A01";"1";"7";"0";"0";"4";"23";"1";""
"202200011403";"793 650";"B01";"1";"7";"1";"0";"1";"17";"1";""
"202200011403";"793 653";"C01";"1";"7";"0";"0";"5";"2";"1";""
"202200011403";"793 656";"D01";"1";"7";"0";"2";"1";"11";"1";""
"202200011404";"793 646";"B01";"1";"7";"0";"2";"1";"1";"1";""
"202200011404";"793 649";"A01";"2";"30";"0";"2";"7";"1";"1";""
"202200011405";"793 643";"A01";"3";"33";"0";"2";"0";"0";"1";""
"202200011405";"793 645";"Z01";"3";"7";"0";"2";"0";"0";"1";""
"202200011406";"793 640";"A01";"1";"7";"0";"2";"3";"1";"1";""
"202200011406";"793 644";"B01";"1";"30";"0";"2";"2";"9";"1";""
"202200011407";"793 638";"A01";"2";"1";"0";"2";"2";"17";"5";""
"202200011407";"793 641";"Z01";"2";"1";"0";"2";"8";"13";"5";""
"202200011408";"793 637";"A01";"1";"7";"0";"1";"3";"1";"1";""
"202200011409";"793 639";"A01";"1";"7";"0";"2";"2";"17";"1";""
"202200011409";"793 642";"B01";"1";"1";"0";"2";"4";"26";"5";""
"202200011410";"793 633";"Z01";"2";"3";"0";"1";"1";"15";"0";""
"202200011411";"793 631";"B01";"3";"7";"14";"2";"2";"1";"1";""
"202200011411";"793 636";"A01";"3";"7";"0";"2";"1";"9";"1";""
"202200011412";"793 630";"A01";"1";"33";"0";"2";"1";"23";"1";""
"202200011412";"793 635";"Z01";"2";"7";"0";"2";"8";"16";"0";""
"202200011413";"793 632";"A01";"1";"7";"0";"2";"2";"14";"1";""
"202200011413";"793 634";"B01";"1";"1";"0";"0";"4";"1";"5";""
"202200011414";"793 627";"A01";"2";"30";"0";"1";"1";"3";"1";""
"202200011415";"793 626";"A01";"1";"7";"0";"2";"1";"1";"1";""
"202200011415";"793 629";"B01";"2";"7";"0";"2";"1";"15";"1";""
"202200011416";"793 625";"A01";"1";"1";"0";"0";"0";"1";"5";""
"202200011417";"793 624";"B01";"2";"7";"0";"2";"4";"16";"1";""
"202200011417";"793 628";"A01";"2";"32";"0";"2";"1";"2";"1";""
"202200011418";"793 623";"A01";"2";"31";"15";"0";"1";"1";"1";""
"202200011419";"793 621";"B01";"1";"33";"0";"2";"7";"17";"1";""
"202200011419";"793 622";"A01";"1";"7";"0";"2";"3";"15";"1";""
"202200011420";"793 619";"A01";"2";"7";"3";"0";"1";"0";"1";""
"202200011421";"793 618";"A01";"1";"10";"8";"0";"2";"1";"1";""
"202200011422";"793 617";"B01";"2";"31";"0";"2";"1";"1";"1";""
"202200011422";"793 620";"A01";"2";"1";"0";"2";"4";"9";"5";""
"202200011423";"793 615";"A01";"2";"37";"0";"1";"2";"1";"1";"2"
"202200011424";"793 616";"A01";"1";"33";"12";"0";"1";"1";"1";""
"202200011425";"793 613";"A01";"2";"7";"0";"2";"2";"1";"1";""
"202200011425";"793 614";"B01";"2";"10";"0";"2";"4";"1";"1";""
"202200011426";"793 612";"A01";"2";"32";"2";"0";"7";"14";"1";""
"202200011427";"793 608";"A01";"3";"7";"0";"9";"3";"15";"1";""
"202200011427";"793 610";"B01";"3";"1";"0";"2";"3";"1";"5";""
"202200011428";"793 606";"A01";"0";"34";"0";"2";"0";"1";"1";""
"202200011428";"793 607";"B01";"0";"7";"0";"2";"6";"15";"1";""
"202200011429";"793 605";"A01";"1";"99";"0";"0";"1";"26";"3";""
"202200011430";"793 609";"A01";"2";"7";"0";"2";"2";"15";"2";""
"202200011430";"793 611";"B01";"1";"33";"0";"2";"1";"1";"1";""
"202200011431";"793 603";"A01";"1";"7";"13";"0";"0";"0";"1";""
"202200011432";"793 601";"B01";"2";"7";"0";"2";"1";"1";"1";""
"202200011432";"793 604";"A01";"1";"7";"0";"2";"1";"13";"1";""
"202200011433";"793 599";"B01";"1";"1";"0";"2";"1";"19";"5";""
"202200011433";"793 602";"A01";"3";"7";"0";"2";"2";"1";"1";""
"202200011434";"793 598";"B01";"2";"50";"0";"2";"1";"1";"3";""
"202200011434";"793 600";"A01";"1";"30";"0";"2";"1";"17";"1";""
"202200011435";"793 597";"A01";"2";"33";"13";"0";"1";"2";"1";""
"202200011436";"793 596";"Z01";"1";"10";"0";"1";"1";"0";"0";""
"202200011437";"793 592";"B01";"2";"7";"0";"2";"3";"24";"1";""
"202200011437";"793 595";"A01";"1";"1";"1";"0";"3";"15";"5";""
"202200011438";"793 591";"A01";"1";"7";"0";"1";"3";"2";"1";""
"202200011439";"793 590";"B01";"1";"1";"0";"2";"4";"2";"5";""
"202200011439";"793 593";"A01";"1";"7";"0";"2";"2";"2";"1";""
"202200011440";"793 589";"A01";"3";"7";"1";"0";"7";"6";"1";""
"202200011441";"793 588";"A01";"1";"7";"0";"1";"8";"1";"1";""
"202200011442";"793 586";"A01";"1";"7";"0";"2";"2";"15";"1";""
"202200011442";"793 587";"B01";"2";"7";"0";"2";"1";"1";"0";""
"202200011443";"793 583";"A01";"1";"50";"0";"2";"7";"5";"3";""
"202200011443";"793 585";"B01";"1";"10";"0";"2";"0";"1";"0";""
"202200011444";"793 579";"B01";"1";"7";"0";"2";"1";"2";"1";""
"202200011444";"793 582";"A01";"1";"7";"0";"0";"4";"15";"1";""
"202200011445";"793 576";"A01";"1";"7";"2";"0";"1";"13";"1";""
"202200011446";"793 578";"B01";"2";"21";"0";"2";"3";"1";"1";""
"202200011446";"793 580";"A01";"1";"33";"0";"2";"1";"1";"1";""
"202200011447";"793 577";"B01";"2";"7";"0";"2";"3";"13";"2";""
"202200011447";"793 581";"C01";"2";"50";"0";"2";"4";"1";"3";""
"202200011447";"793 584";"A01";"2";"1";"0";"2";"0";"1";"5";""
"202200011448";"793 574";"A01";"2";"7";"0";"1";"1";"15";"3";""
"202200011449";"793 571";"A01";"1";"7";"15";"0";"3";"14";"1";""
"202200011450";"793 570";"B01";"3";"7";"0";"2";"4";"2";"1";""
"202200011450";"793 573";"A01";"3";"7";"0";"2";"1";"2";"1";""
"202200011450";"793 575";"C01";"3";"10";"0";"2";"4";"2";"0";""
"202200011451";"793 569";"A01";"2";"32";"0";"2";"6";"13";"1";""
"202200011451";"793 572";"B01";"2";"10";"0";"2";"2";"1";"6";""
"202200011452";"793 567";"A01";"1";"30";"0";"2";"1";"18";"3";""
"202200011452";"793 568";"B01";"1";"7";"0";"2";"2";"16";"1";""
"202200011453";"793 562";"A01";"3";"34";"0";"2";"1";"17";"1";""
"202200011453";"793 565";"B01";"3";"7";"0";"2";"3";"15";"2";""
"202200011454";"793 563";"B01";"3";"1";"0";"2";"3";"19";"5";""
"202200011454";"793 566";"A01";"1";"7";"0";"0";"1";"1";"1";""
"202200011455";"793 558";"A01";"2";"42";"0";"2";"1";"1";"1";""
"202200011455";"793 559";"C01";"1";"7";"0";"2";"3";"1";"1";""
"202200011455";"793 560";"D01";"2";"7";"0";"2";"3";"1";"1";""
"202200011455";"793 564";"B01";"2";"7";"0";"2";"6";"1";"1";""
"202200011456";"793 557";"A01";"2";"50";"0";"2";"1";"1";"3";""
"202200011456";"793 561";"Z01";"2";"7";"0";"2";"3";"15";"0";""
"202200011457";"793 556";"A01";"3";"7";"6";"0";"2";"0";"1";""
"202200011458";"793 553";"Z01";"1";"30";"0";"1";"0";"1";"0";""
"202200011459";"793 549";"B01";"0";"7";"0";"2";"2";"2";"1";""
"202200011459";"793 551";"A01";"0";"7";"0";"2";"4";"4";"1";""
"202200011460";"793 554";"A01";"0";"7";"2";"9";"0";"1";"1";""
"202200011460";"793 555";"B01";"0";"50";"0";"2";"0";"0";"3";""
"202200011461";"793 548";"B01";"1";"33";"0";"2";"1";"16";"1";""
"202200011461";"793 550";"A01";"1";"7";"0";"2";"3";"15";"1";""
"202200011462";"793 545";"B01";"1";"7";"0";"2";"1";"2";"1";""
"202200011462";"793 546";"A01";"1";"7";"0";"2";"4";"2";"1";""
"202200011463";"793 547";"A01";"2";"10";"0";"2";"3";"15";"1";""
"202200011463";"793 552";"B01";"3";"7";"0";"2";"3";"1";"1";""
"202200011464";"793 543";"A01";"2";"32";"8";"0";"1";"14";"1";""
"202200011465";"793 540";"A01";"1";"33";"6";"0";"2";"14";"1";""
"202200011466";"793 539";"B01";"2";"7";"0";"2";"3";"1";"1";""
"202200011466";"793 541";"C01";"1";"7";"0";"2";"3";"0";"1";""
"202200011466";"793 542";"A01";"2";"7";"0";"2";"1";"1";"1";""
"202200011467";"793 537";"A01";"2";"1";"0";"1";"1";"1";"5";""
"202200011468";"793 538";"B01";"2";"17";"0";"0";"6";"24";"1";""
"202200011468";"793 544";"A01";"2";"17";"1";"0";"2";"1";"1";""
"202200011469";"793 533";"A01";"1";"7";"8";"0";"1";"2";"1";""
"202200011470";"793 534";"A01";"1";"7";"0";"2";"5";"16";"1";""
"202200011470";"793 536";"B01";"1";"7";"0";"2";"2";"0";"1";""
"202200011471";"793 532";"B01";"2";"33";"0";"2";"3";"1";"1";""
"202200011471";"793 535";"A01";"1";"7";"0";"2";"3";"15";"1";""
"202200011472";"793 531";"A01";"2";"7";"0";"0";"1";"1";"1";""
"202200011473";"793 530";"A01";"3";"7";"12";"1";"1";"1";"1";""
"202200011474";"793 528";"A01";"0";"7";"0";"2";"1";"17";"2";""
"202200011474";"793 529";"B01";"0";"7";"0";"2";"4";"1";"1";""
"202200011475";"793 527";"A01";"2";"33";"3";"0";"1";"1";"1";""
"202200011476";"793 526";"A01";"2";"7";"6";"0";"1";"1";"1";""
"202200011477";"793 524";"B01";"2";"7";"0";"2";"3";"1";"1";""
"202200011477";"793 525";"A01";"2";"30";"0";"2";"3";"13";"1";""
"202200011478";"793 522";"A01";"1";"7";"8";"0";"2";"14";"1";""
"202200011479";"793 519";"B01";"1";"7";"0";"2";"2";"1";"1";""
"202200011479";"793 523";"A01";"2";"7";"1";"2";"5";"1";"1";""
"202200011480";"793 516";"B01";"1";"7";"0";"2";"6";"16";"2";""
"202200011480";"793 518";"A01";"1";"33";"0";"2";"2";"16";"0";""
"202200011481";"793 515";"B01";"2";"1";"0";"2";"1";"1";"5";""
"202200011481";"793 517";"A01";"3";"7";"0";"9";"3";"15";"1";""
"202200011482";"793 512";"B01";"1";"15";"3";"2";"1";"1";"1";""
"202200011482";"793 513";"A01";"2";"7";"0";"2";"1";"5";"1";""
"202200011483";"793 511";"B01";"1";"7";"0";"2";"3";"15";"2";""
"202200011483";"793 514";"A01";"2";"30";"0";"2";"1";"1";"1";""
"202200011484";"793 508";"B01";"2";"33";"0";"2";"1";"1";"1";""
"202200011484";"793 510";"A01";"2";"7";"0";"2";"5";"15";"1";""
"202200011485";"793 505";"B01";"3";"10";"0";"2";"8";"16";"1";""
"202200011485";"793 509";"A01";"3";"1";"0";"2";"8";"1";"5";""
"202200011486";"793 504";"A01";"3";"7";"0";"2";"7";"1";"1";""
"202200011486";"793 506";"B01";"3";"32";"0";"2";"7";"24";"1";""
"202200011487";"793 503";"B01";"2";"7";"0";"2";"3";"1";"2";""
"202200011487";"793 507";"A01";"2";"1";"0";"2";"2";"12";"5";""
"202200011488";"793 501";"A01";"1";"21";"13";"0";"1";"1";"1";""
"202200011489";"793 496";"A01";"2";"7";"0";"2";"4";"23";"1";""
"202200011489";"793 500";"B01";"2";"7";"0";"2";"1";"2";"1";""
"202200011490";"793 497";"A01";"3";"7";"0";"2";"2";"15";"1";""
"202200011490";"793 499";"B01";"3";"31";"0";"2";"1";"1";"1";""
"202200011491";"793 494";"B01";"2";"7";"0";"2";"4";"1";"1";""
"202200011491";"793 498";"C01";"2";"7";"0";"2";"4";"12";"1";""
"202200011491";"793 502";"A01";"2";"7";"0";"2";"1";"1";"1";""
"202200011492";"793 493";"A01";"0";"2";"0";"2";"1";"5";"1";""
"202200011492";"793 495";"B01";"0";"7";"0";"2";"1";"1";"1";""
"202200011493";"793 491";"A01";"1";"7";"0";"2";"3";"15";"1";""
"202200011493";"793 492";"B01";"1";"32";"0";"2";"0";"15";"1";""
"202200011494";"793 487";"B01";"2";"2";"0";"2";"1";"1";"3";""
"202200011494";"793 490";"A01";"2";"7";"0";"2";"4";"1";"1";""
"202200011495";"793 485";"A01";"2";"7";"0";"2";"3";"9";"1";""
"202200011495";"793 489";"B01";"2";"33";"0";"2";"5";"16";"1";""
"202200011496";"793 483";"A01";"3";"7";"0";"2";"2";"1";"1";""
"202200011496";"793 486";"B01";"3";"32";"0";"2";"0";"0";"1";""
"202200011497";"793 484";"B01";"2";"43";"0";"2";"3";"1";"1";""
"202200011497";"793 488";"A01";"2";"10";"0";"0";"6";"1";"1";""
"202200011498";"793 479";"A01";"0";"7";"13";"0";"0";"1";"1";""
"202200011499";"793 477";"B01";"1";"30";"0";"2";"2";"2";"1";""
"202200011499";"793 481";"A01";"1";"7";"0";"2";"3";"10";"1";""
"202200011500";"793 476";"A01";"1";"7";"0";"2";"8";"1";"1";""
"202200011500";"793 480";"B01";"2";"33";"0";"2";"8";"13";"1";""
"202200011501";"793 478";"A01";"1";"33";"0";"2";"1";"17";"1";""
"202200011501";"793 482";"B01";"2";"10";"0";"2";"5";"15";"1";""
"202200011502";"793 473";"A01";"2";"7";"2";"0";"1";"1";"1";""
"202200011503";"793 474";"A01";"1";"7";"0";"1";"2";"1";"1";""
"202200011504";"793 472";"A01";"2";"33";"0";"0";"0";"21";"1";""
"202200011504";"793 475";"B01";"2";"7";"0";"0";"0";"9";"1";""
"202200011505";"793 471";"A01";"1";"7";"0";"1";"3";"15";"1";""
"202200011506";"793 469";"A01";"1";"33";"7";"0";"1";"14";"1";""
"202200011507";"793 467";"A01";"1";"7";"0";"1";"2";"2";"1";""
"202200011508";"793 466";"A01";"3";"7";"0";"2";"2";"1";"1";""
"202200011508";"793 470";"B01";"3";"60";"0";"2";"1";"6";"5";""
"202200011509";"793 465";"A01";"2";"10";"0";"2";"1";"1";"1";""
"202200011509";"793 468";"B01";"1";"7";"0";"2";"1";"1";"1";""
"202200011510";"793 459";"B01";"2";"2";"0";"0";"2";"17";"1";""
"202200011510";"793 463";"A01";"0";"7";"0";"0";"0";"0";"1";""
"202200011511";"793 458";"B01";"2";"7";"0";"2";"1";"0";"1";""
"202200011511";"793 462";"A01";"1";"7";"0";"2";"1";"0";"1";""
"202200011512";"793 461";"B01";"2";"1";"0";"2";"4";"1";"5";""
"202200011512";"793 464";"A01";"2";"7";"0";"2";"1";"1";"1";""
"202200011513";"793 457";"B01";"2";"7";"0";"2";"1";"15";"1";""
"202200011513";"793 460";"A01";"1";"2";"0";"2";"2";"1";"1";""
"202200011514";"793 456";"A01";"3";"32";"0";"2";"8";"1";"1";""
"202200011515";"793 455";"A01";"2";"7";"0";"1";"3";"26";"1";""
"202200011516";"793 453";"A01";"1";"7";"0";"1";"8";"15";"1";""
"202200011517";"793 450";"A01";"1";"30";"0";"2";"0";"1";"1";""
"202200011517";"793 451";"B01";"1";"10";"0";"2";"0";"1";"4";""
"202200011518";"793 452";"B01";"2";"7";"0";"2";"1";"1";"1";""
"202200011518";"793 454";"A01";"1";"7";"0";"2";"7";"1";"1";""
"202200011519";"793 448";"A01";"1";"7";"0";"2";"3";"9";"1";""
"202200011519";"793 449";"B01";"2";"1";"0";"2";"1";"1";"5";""
"202200011520";"793 446";"A01";"1";"7";"0";"0";"0";"1";"1";""
"202200011521";"793 445";"A01";"3";"10";"0";"2";"6";"26";"1";""
"202200011521";"793 447";"B01";"1";"34";"0";"2";"1";"1";"1";""
"202200011522";"793 441";"C01";"3";"7";"0";"0";"4";"23";"1";""
"202200011522";"793 442";"B01";"3";"7";"0";"2";"4";"23";"1";""
"202200011522";"793 444";"A01";"3";"10";"0";"2";"1";"2";"1";""
"202200011523";"793 438";"A01";"2";"31";"0";"9";"0";"0";"1";""
"202200011523";"793 439";"B01";"2";"7";"0";"0";"0";"0";"1";""
"202200011524";"793 440";"B01";"2";"7";"0";"2";"3";"1";"2";""
"202200011524";"793 443";"A01";"1";"2";"0";"2";"1";"26";"1";""
"202200011525";"793 437";"A01";"2";"2";"3";"0";"2";"1";"1";""
"202200011526";"793 435";"B01";"3";"15";"0";"2";"2";"15";"1";""
"202200011526";"793 436";"A01";"3";"7";"0";"0";"1";"1";"1";""
"202200011527";"793 432";"B01";"2";"7";"0";"2";"1";"1";"1";""
"202200011527";"793 434";"A01";"1";"7";"0";"2";"1";"13";"1";""
"202200011528";"793 430";"A01";"2";"7";"2";"0";"9";"13";"1";""
"202200011529";"793 431";"B01";"1";"80";"0";"2";"8";"0";"3";""
"202200011529";"793 433";"A01";"1";"7";"0";"2";"2";"1";"3";""
"202200011530";"793 427";"A01";"2";"7";"7";"0";"9";"1";"1";""
"202200011531";"793 426";"C01";"1";"10";"0";"9";"2";"2";"1";""
"202200011531";"793 428";"B01";"1";"7";"0";"2";"1";"21";"1";""
"202200011531";"793 429";"A01";"2";"7";"0";"2";"1";"13";"1";""
"202200011532";"793 425";"A01";"2";"7";"3";"6";"1";"2";"1";""
"202200011533";"793 424";"A01";"1";"7";"2";"0";"7";"1";"1";""
"202200011534";"793 422";"A01";"3";"7";"13";"0";"1";"1";"1";""
"202200011535";"793 421";"A01";"1";"7";"0";"2";"2";"19";"1";""
"202200011535";"793 423";"B01";"1";"33";"0";"2";"1";"1";"1";""
"202200011536";"793 420";"A01";"3";"7";"6";"0";"1";"1";"1";""
"202200011537";"793 419";"A01";"2";"33";"2";"0";"0";"1";"1";""
"202200011538";"793 418";"A01";"2";"36";"10";"0";"3";"1";"1";""
"202200011539";"793 417";"A01";"1";"7";"0";"0";"9";"1";"1";""
"202200011540";"793 415";"A01";"1";"7";"0";"2";"1";"1";"1";""
"202200011540";"793 416";"B01";"2";"7";"0";"2";"1";"1";"1";""
"202200011541";"793 413";"B01";"2";"1";"0";"2";"1";"5";"5";""
"202200011541";"793 414";"A01";"1";"7";"0";"2";"7";"1";"1";""
"202200011542";"793 410";"C01";"2";"17";"14";"0";"2";"1";"1";""
"202200011542";"793 411";"B01";"2";"7";"0";"0";"6";"1";"1";""
"202200011542";"793 412";"A01";"2";"7";"0";"2";"1";"2";"1";""
"202200011543";"793 408";"A01";"2";"7";"0";"2";"1";"5";"1";""
"202200011543";"793 409";"B01";"2";"15";"0";"2";"1";"1";"1";""
"202200011544";"793 406";"B01";"1";"7";"0";"2";"1";"1";"1";""
"202200011544";"793 407";"A01";"2";"7";"0";"2";"3";"19";"1";""
"202200011545";"793 405";"A01";"1";"10";"6";"0";"8";"13";"1";""
"202200011546";"793 402";"B01";"2";"7";"0";"2";"1";"14";"1";""
"202200011546";"793 404";"A01";"1";"7";"0";"2";"1";"13";"1";""
"202200011547";"793 401";"A01";"1";"7";"0";"2";"8";"13";"1";""
"202200011547";"793 403";"B01";"1";"14";"13";"2";"8";"1";"1";""
"202200011548";"793 398";"B01";"1";"7";"0";"2";"3";"15";"1";""
"202200011548";"793 400";"A01";"1";"7";"17";"2";"2";"17";"1";""
"202200011549";"793 397";"A01";"2";"7";"3";"2";"1";"1";"1";""
"202200011549";"793 399";"B01";"1";"7";"0";"2";"3";"1";"1";""
"202200011550";"793 395";"B01";"2";"7";"0";"2";"3";"1";"1";""
"202200011550";"793 396";"A01";"1";"7";"0";"2";"3";"13";"3";""
"202200011551";"793 394";"A01";"2";"33";"0";"0";"0";"1";"1";""
"202200011552";"793 393";"A01";"2";"7";"8";"0";"3";"21";"1";""
"202200011553";"793 390";"A01";"1";"7";"0";"2";"1";"19";"1";""
"202200011553";"793 392";"B01";"2";"7";"0";"2";"1";"1";"2";""
"202200011554";"793 389";"B01";"2";"7";"1";"2";"6";"1";"1";""
"202200011554";"793 391";"A01";"1";"7";"0";"2";"3";"13";"1";""
"202200011555";"793 388";"A01";"1";"7";"0";"0";"9";"1";"1";""
"202200011556";"793 387";"A01";"1";"33";"0";"0";"1";"1";"1";""
"202200011557";"793 385";"A01";"1";"33";"0";"0";"8";"1";"1";""
"202200011558";"793 386";"A01";"2";"7";"2";"0";"1";"6";"1";""
"202200011559";"793 382";"A01";"0";"7";"0";"0";"0";"0";"1";""
"202200011560";"793 381";"A01";"2";"7";"0";"2";"2";"2";"1";""
"202200011560";"793 383";"B01";"2";"1";"0";"2";"6";"2";"5";""
"202200011560";"793 384";"C01";"2";"1";"0";"2";"6";"2";"5";""
"202200011561";"793 379";"A01";"1";"33";"0";"6";"8";"0";"1";""
"202200011562";"793 378";"A01";"2";"15";"0";"2";"2";"21";"1";""
"202200011562";"793 380";"B01";"1";"7";"0";"2";"1";"5";"1";""
"202200011563";"793 377";"A01";"3";"32";"15";"0";"1";"0";"1";""
"202200011564";"793 375";"A01";"1";"31";"15";"0";"0";"2";"1";""
"202200011565";"793 374";"A01";"1";"10";"0";"9";"7";"1";"6";""
"202200011565";"793 376";"B01";"1";"1";"0";"2";"8";"1";"5";""
"202200011566";"793 371";"A01";"2";"10";"0";"0";"4";"1";"1";""
"202200011566";"793 373";"B01";"2";"32";"0";"2";"1";"1";"1";""
"202200011567";"793 366";"E01";"3";"10";"0";"2";"1";"1";"1";""
"202200011567";"793 368";"A01";"3";"7";"0";"2";"4";"1";"1";""
"202200011567";"793 369";"B01";"3";"7";"0";"2";"9";"1";"1";""
"202200011567";"793 370";"C01";"3";"7";"0";"2";"9";"1";"1";""
"202200011567";"793 372";"D01";"3";"7";"0";"2";"9";"1";"1";""
"202200011568";"793 365";"B01";"1";"7";"0";"2";"3";"2";"1";""
"202200011568";"793 367";"A01";"2";"7";"0";"2";"1";"17";"1";""
"202200011569";"793 364";"A01";"3";"33";"0";"0";"7";"16";"1";""
"202200011570";"793 362";"B01";"2";"17";"0";"2";"3";"1";"1";""
"202200011570";"793 363";"A01";"1";"7";"0";"2";"3";"11";"1";""
"202200011571";"793 360";"A01";"0";"7";"0";"2";"3";"13";"1";""
"202200011571";"793 361";"B01";"0";"33";"0";"2";"3";"21";"1";""
"202200011572";"793 356";"B01";"2";"7";"0";"0";"3";"1";"2";""
"202200011572";"793 358";"A01";"1";"7";"0";"2";"3";"1";"1";""
"202200011573";"793 357";"B01";"1";"3";"0";"2";"7";"15";"0";""
"202200011573";"793 359";"A01";"1";"31";"0";"2";"1";"1";"0";""
"202200011574";"793 354";"A01";"3";"7";"0";"2";"1";"9";"1";""
"202200011574";"793 355";"B01";"1";"33";"7";"2";"8";"1";"1";""
"202200011575";"793 351";"B01";"0";"33";"2";"0";"0";"0";"1";""
"202200011575";"793 352";"A01";"0";"34";"13";"0";"0";"0";"1";""
"202200011576";"793 350";"A01";"2";"33";"13";"0";"1";"13";"1";""
"202200011577";"793 349";"A01";"2";"7";"0";"0";"9";"1";"1";""
"202200011578";"793 348";"A01";"1";"7";"2";"0";"2";"1";"1";""
"202200011579";"793 347";"A01";"1";"7";"13";"0";"3";"1";"1";""
"202200011580";"793 343";"B01";"1";"7";"0";"2";"3";"16";"1";""
"202200011580";"793 345";"A01";"2";"33";"0";"2";"3";"1";"1";""
"202200011581";"793 344";"A01";"3";"43";"0";"2";"1";"26";"1";""
"202200011581";"793 346";"B01";"3";"7";"0";"0";"3";"1";"1";""
"202200011582";"793 342";"A01";"0";"7";"0";"1";"8";"13";"1";""
"202200011583";"793 340";"B01";"3";"1";"0";"2";"3";"2";"5";""
"202200011583";"793 341";"A01";"3";"7";"0";"2";"2";"2";"1";""
"202200011584";"793 338";"B01";"3";"7";"0";"2";"1";"1";"1";""
"202200011584";"793 339";"A01";"3";"50";"0";"2";"1";"19";"3";""
"202200011585";"793 336";"B01";"0";"7";"0";"2";"1";"9";"1";""
"202200011585";"793 337";"A01";"1";"33";"0";"2";"2";"1";"1";""
"202200011586";"793 333";"C01";"0";"7";"0";"2";"0";"2";"1";""
"202200011586";"793 334";"B01";"0";"7";"0";"2";"0";"23";"1";""
"202200011586";"793 335";"A01";"0";"7";"12";"2";"0";"0";"1";""
"202200011587";"793 331";"A01";"1";"33";"0";"6";"1";"1";"1";""
"202200011588";"793 330";"A01";"3";"7";"0";"2";"3";"1";"1";""
"202200011588";"793 332";"B01";"3";"7";"0";"2";"1";"15";"2";""
"202200011589";"793 329";"A01";"2";"2";"8";"0";"2";"14";"1";""
"202200011590";"793 326";"A01";"2";"7";"13";"0";"2";"11";"1";""
"202200011591";"793 327";"A01";"2";"10";"0";"2";"3";"15";"1";""
"202200011591";"793 328";"B01";"2";"34";"0";"0";"1";"1";"1";""
"202200011592";"793 325";"A01";"1";"33";"0";"0";"8";"1";"1";""
"202200011593";"793 322";"A01";"1";"7";"6";"0";"1";"26";"1";""
"202200011594";"793 323";"B01";"2";"7";"0";"2";"1";"9";"1";""
"202200011594";"793 324";"A01";"3";"2";"8";"0";"2";"1";"1";""
"202200011595";"793 321";"A01";"2";"7";"6";"0";"1";"0";"1";""
"202200011596";"793 319";"A01";"0";"33";"0";"2";"1";"1";"1";""
"202200011596";"793 320";"B01";"3";"10";"0";"2";"7";"15";"1";""
"202200011597";"793 316";"A01";"1";"7";"0";"2";"6";"23";"1";""
"202200011597";"793 318";"B01";"1";"7";"0";"2";"2";"1";"1";""
"202200011598";"793 312";"Z01";"2";"7";"0";"2";"7";"12";"1";""
"202200011598";"793 314";"A01";"2";"31";"0";"2";"8";"1";"1";""
"202200011599";"793 307";"B01";"1";"7";"0";"2";"1";"0";"1";""
"202200011599";"793 309";"C01";"1";"7";"0";"2";"1";"0";"1";""
"202200011599";"793 310";"A01";"1";"31";"3";"2";"4";"1";"1";""
"202200011600";"793 305";"A01";"1";"10";"0";"2";"1";"2";"1";""
"202200011600";"793 306";"B01";"1";"10";"0";"0";"4";"2";"1";""
"202200011600";"793 308";"C01";"1";"33";"0";"0";"8";"2";"1";""
"202200011600";"793 311";"D01";"1";"7";"0";"0";"5";"2";"1";""
"202200011600";"793 313";"E01";"1";"7";"0";"0";"8";"2";"1";""
"202200011600";"793 315";"F01";"1";"7";"0";"0";"8";"2";"1";""
"202200011600";"793 317";"G01";"1";"7";"0";"0";"4";"2";"1";""
"202200011601";"793 304";"A01";"2";"7";"4";"0";"6";"1";"1";""
"202200011602";"793 303";"A01";"3";"30";"6";"0";"3";"0";"1";""
"202200011603";"793 301";"A01";"2";"33";"0";"2";"8";"17";"1";""
"202200011603";"793 302";"B01";"2";"7";"0";"2";"8";"1";"2";""
"202200011604";"793 299";"A01";"2";"7";"4";"0";"1";"0";"1";""
"202200011605";"793 298";"A01";"2";"1";"0";"2";"1";"5";"5";""
"202200011605";"793 300";"B01";"1";"7";"0";"9";"3";"1";"1";""