"Num_Acc";"id_vehicule";"num_veh";"senc";"catv";"obs";"obsm";"choc";"manv";"motor";"occutc"
"202200011823";"792 919";"A01";"3";"33";"0";"2";"8";"13";"1";""
"202200011824";"792 916";"A01";"2";"33";"0";"0";"8";"26";"0";""
"202200011825";"792 915";"A01";"3";"3";"0";"2";"2";"16";"1";""
"202200011825";"792 917";"B01";"0";"2";"0";"2";"1";"18";"1";""
"202200011826";"792 914";"A01";"1";"33";"0";"0";"1";"1";"0";""
"202200011827";"792 912";"A01";"0";"1";"0";"0";"0";"0";"5";""
"202200011828";"792 913";"A01";"1";"7";"0";"1";"2";"16";"1";""
"202200011829";"792 911";"A01";"2";"33";"8";"0";"0";"1";"1";""
"202200011830";"792 907";"A01";"1";"7";"0";"2";"3";"1";"1";""
"202200011830";"792 909";"B01";"2";"7";"15";"2";"3";"1";"1";""
"202200011831";"792 908";"A01";"3";"7";"0";"0";"5";"19";"1";""
"202200011831";"792 910";"B01";"3";"2";"0";"2";"1";"1";"1";""
"202200011832";"792 906";"A01";"0";"33";"8";"0";"1";"1";"1";""
"202200011833";"792 902";"A01";"1";"7";"0";"2";"1";"13";"1";""
"202200011833";"792 904";"B01";"2";"7";"0";"2";"1";"1";"1";""
"202200011834";"792 903";"B01";"1";"7";"0";"2";"1";"1";"1";""
"202200011834";"792 905";"A01";"2";"2";"0";"2";"1";"5";"1";""
"202200011835";"792 899";"A01";"1";"7";"0";"2";"1";"15";"1";""
"202200011835";"792 901";"B01";"2";"33";"0";"2";"1";"1";"0";""
"202200011836";"792 898";"A01";"2";"10";"0";"2";"1";"1";"1";""
"202200011836";"792 900";"B01";"2";"20";"3";"0";"6";"1";"1";""
"202200011837";"792 896";"A01";"1";"7";"0";"2";"7";"15";"1";""
"202200011837";"792 897";"B01";"2";"7";"0";"2";"1";"1";"1";""
"202200011838";"792 895";"A01";"1";"7";"0";"1";"2";"1";"1";""
"202200011839";"792 893";"B01";"1";"7";"0";"2";"1";"1";"1";""
"202200011839";"792 894";"A01";"2";"7";"0";"2";"1";"13";"2";""
"202200011840";"792 891";"A01";"1";"7";"0";"2";"2";"1";"1";""
"202200011840";"792 892";"B01";"1";"10";"0";"0";"6";"1";"1";""
"202200011841";"792 890";"A01";"2";"7";"2";"0";"0";"0";"1";""
"202200011842";"792 888";"A01";"1";"50";"0";"0";"0";"1";"3";""
"202200011843";"792 887";"A01";"1";"33";"0";"2";"8";"1";"1";""
"202200011843";"792 889";"B01";"1";"10";"0";"2";"2";"2";"1";""
"202200011844";"792 886";"A01";"1";"33";"7";"9";"1";"1";"1";""
"202200011845";"792 884";"A01";"2";"7";"13";"0";"1";"1";"1";""
"202200011846";"792 879";"A01";"2";"7";"0";"2";"2";"2";"1";""
"202200011846";"792 881";"C01";"2";"10";"0";"9";"1";"2";"1";""
"202200011846";"792 882";"E01";"2";"15";"0";"9";"1";"1";"1";""
"202200011846";"792 883";"D01";"2";"15";"0";"2";"3";"1";"1";""
"202200011846";"792 885";"B01";"2";"15";"0";"2";"6";"1";"1";""
"202200011847";"792 878";"A01";"2";"7";"0";"2";"7";"15";"1";""
"202200011847";"792 880";"B01";"1";"33";"0";"2";"1";"1";"1";""
"202200011848";"792 876";"A01";"2";"7";"13";"0";"1";"1";"1";""
"202200011849";"792 875";"A01";"2";"15";"0";"9";"6";"23";"1";""
"202200011849";"792 877";"B01";"2";"1";"1";"0";"1";"1";"5";""
"202200011850";"792 873";"B01";"2";"33";"0";"2";"7";"1";"1";""
"202200011850";"792 874";"A01";"3";"7";"0";"2";"1";"15";"1";""
"202200011851";"792 871";"A01";"1";"7";"3";"2";"3";"11";"1";""
"202200011851";"792 872";"B01";"1";"7";"0";"2";"2";"1";"1";""
"202200011852";"792 870";"A01";"2";"7";"2";"0";"2";"14";"1";""
"202200011853";"792 868";"A01";"1";"7";"13";"0";"9";"13";"1";""
"202200011854";"792 867";"B01";"2";"7";"0";"0";"4";"2";"1";""
"202200011854";"792 869";"A01";"2";"7";"0";"2";"1";"2";"1";""
"202200011855";"792 865";"A01";"2";"7";"0";"0";"4";"15";"1";""
"202200011855";"792 866";"B01";"2";"7";"13";"2";"1";"1";"1";""
"202200011856";"792 864";"A01";"1";"2";"9";"0";"7";"1";"1";""
"202200011857";"792 861";"B01";"2";"7";"0";"2";"1";"13";"1";""
"202200011857";"792 863";"A01";"1";"99";"0";"0";"6";"14";"1";""
"202200011858";"792 860";"B01";"2";"7";"8";"0";"1";"1";"1";""
"202200011858";"792 862";"A01";"0";"7";"8";"0";"9";"1";"1";""
"202200011859";"792 859";"A01";"1";"7";"2";"0";"7";"14";"1";""
"202200011860";"792 858";"A01";"1";"33";"0";"0";"0";"1";"1";""
"202200011861";"792 855";"A01";"1";"7";"0";"2";"1";"2";"1";""
"202200011861";"792 857";"B01";"2";"7";"0";"2";"3";"2";"1";""
"202200011862";"792 856";"A01";"3";"7";"0";"1";"2";"1";"1";""
"202200011863";"792 853";"B01";"2";"7";"0";"2";"1";"5";"2";""
"202200011863";"792 854";"A01";"1";"7";"0";"2";"1";"1";"1";""
"202200011864";"792 850";"A01";"0";"7";"4";"0";"2";"14";"1";""
"202200011865";"792 851";"A01";"2";"7";"3";"2";"3";"0";"1";""
"202200011865";"792 852";"B01";"1";"7";"16";"2";"3";"1";"1";""
"202200011866";"792 849";"A01";"1";"7";"0";"0";"0";"21";"1";""
"202200011867";"792 845";"B01";"1";"7";"0";"2";"1";"1";"1";""
"202200011867";"792 847";"A01";"2";"33";"0";"2";"7";"1";"1";""
"202200011868";"792 844";"C01";"1";"15";"0";"2";"1";"1";"1";""
"202200011868";"792 846";"B01";"2";"7";"0";"2";"3";"1";"1";""
"202200011868";"792 848";"A01";"1";"2";"0";"2";"1";"17";"1";""
"202200011869";"792 843";"A01";"1";"7";"2";"0";"3";"13";"1";""
"202200011870";"792 842";"A01";"2";"33";"5";"0";"1";"1";"1";""
"202200011871";"792 840";"B01";"2";"33";"0";"2";"1";"1";"1";""
"202200011871";"792 841";"A01";"2";"7";"0";"2";"2";"19";"1";""
"202200011872";"792 839";"A01";"1";"33";"0";"0";"8";"1";"1";""
"202200011873";"792 836";"A01";"1";"10";"0";"0";"2";"15";"1";""
"202200011873";"792 838";"B01";"2";"33";"0";"2";"1";"1";"1";""
"202200011874";"792 835";"B01";"0";"10";"0";"2";"6";"21";"1";""
"202200011874";"792 837";"A01";"0";"7";"0";"2";"3";"13";"1";""
"202200011875";"792 833";"A01";"2";"7";"1";"0";"3";"1";"1";""
"202200011876";"792 832";"B01";"1";"10";"0";"2";"3";"1";"1";""
"202200011876";"792 834";"A01";"1";"10";"3";"2";"2";"12";"1";""
"202200011877";"792 828";"A01";"2";"7";"0";"2";"1";"1";"1";""
"202200011877";"792 830";"B01";"3";"10";"0";"0";"9";"15";"1";""
"202200011878";"792 827";"A01";"3";"7";"6";"0";"1";"13";"1";""
"202200011879";"792 826";"A01";"1";"2";"2";"0";"0";"1";"1";""
"202200011880";"792 825";"A01";"2";"7";"2";"0";"9";"13";"1";""
"202200011881";"792 823";"A01";"1";"7";"0";"2";"3";"9";"1";""
"202200011881";"792 824";"B01";"0";"1";"0";"2";"7";"1";"5";""
"202200011882";"792 822";"A01";"2";"7";"13";"0";"1";"1";"1";""
"202200011883";"792 820";"A01";"1";"2";"0";"0";"4";"1";"1";""
"202200011883";"792 821";"B01";"1";"7";"0";"2";"2";"2";"1";""
"202200011884";"792 819";"A01";"1";"10";"3";"2";"1";"1";"1";""
"202200011885";"792 817";"B01";"1";"7";"0";"2";"4";"0";"1";""
"202200011885";"792 818";"A01";"1";"10";"0";"2";"1";"1";"1";""
"202200011886";"792 815";"A01";"1";"14";"0";"2";"1";"2";"1";""
"202200011886";"792 816";"B01";"1";"7";"0";"2";"4";"2";"1";""
"202200011887";"792 813";"B01";"2";"10";"0";"2";"4";"2";"1";""
"202200011887";"792 814";"A01";"2";"10";"0";"2";"1";"2";"1";""
"202200011888";"792 810";"C01";"2";"10";"0";"2";"1";"1";"1";""
"202200011888";"792 811";"B01";"2";"7";"0";"2";"6";"1";"1";""
"202200011888";"792 812";"A01";"2";"7";"0";"2";"2";"17";"1";""
"202200011889";"792 808";"A01";"1";"7";"0";"2";"2";"15";"1";""
"202200011889";"792 809";"B01";"2";"33";"0";"0";"1";"1";"6";""
"202200011890";"792 807";"Z01";"0";"7";"0";"1";"1";"2";"6";""
"202200011891";"792 806";"B01";"1";"7";"0";"1";"1";"1";"1";""
"202200011892";"792 805";"A01";"2";"7";"0";"1";"3";"15";"1";""
"202200011893";"792 803";"A01";"2";"7";"0";"2";"3";"7";"0";""
"202200011893";"792 804";"B01";"2";"7";"0";"2";"2";"0";"0";""
"202200011894";"792 802";"A01";"1";"50";"0";"0";"0";"0";"3";""
"202200011895";"792 800";"A01";"3";"10";"0";"2";"8";"1";"1";""
"202200011895";"792 801";"B01";"3";"50";"0";"2";"7";"1";"3";""
"202200011896";"792 799";"A01";"2";"30";"0";"0";"9";"1";"3";""
"202200011897";"792 797";"B01";"3";"7";"0";"0";"0";"0";"0";""
"202200011897";"792 798";"A01";"3";"7";"14";"0";"8";"9";"1";""
"202200011898";"792 795";"B01";"2";"33";"0";"2";"2";"3";"0";""
"202200011898";"792 796";"A01";"2";"7";"0";"2";"3";"15";"0";""
"202200011899";"792 793";"A01";"1";"14";"0";"2";"2";"2";"1";""
"202200011899";"792 794";"B01";"1";"7";"0";"0";"5";"2";"1";""
"202200011900";"792 792";"A01";"1";"7";"12";"0";"1";"1";"1";""
"202200011901";"792 791";"A01";"2";"7";"0";"1";"2";"1";"1";""
"202200011902";"792 790";"Z01";"2";"0";"0";"1";"3";"1";"0";""
"202200011903";"792 787";"B01";"2";"1";"0";"2";"4";"2";"5";""
"202200011903";"792 788";"A01";"2";"7";"0";"2";"1";"1";"1";""
"202200011904";"792 786";"A01";"0";"7";"0";"1";"1";"1";"1";""
"202200011905";"792 785";"A01";"1";"7";"10";"0";"0";"1";"1";""
"202200011906";"792 783";"A01";"3";"7";"0";"2";"1";"1";"1";""
"202200011906";"792 784";"B01";"3";"7";"0";"2";"1";"13";"0";""
"202200011907";"792 781";"A01";"3";"33";"0";"2";"2";"3";"1";""
"202200011907";"792 782";"B01";"3";"7";"0";"9";"8";"15";"1";""
"202200011908";"792 779";"A01";"2";"7";"0";"2";"2";"1";"1";""
"202200011908";"792 780";"B01";"2";"7";"0";"2";"3";"1";"1";""
"202200011909";"792 777";"B01";"3";"7";"0";"2";"4";"23";"1";""
"202200011909";"792 778";"A01";"3";"7";"0";"2";"1";"1";"1";""
"202200011910";"792 775";"B01";"1";"7";"0";"2";"5";"16";"1";""
"202200011910";"792 776";"A01";"1";"7";"0";"2";"2";"2";"1";""
"202200011911";"792 774";"A01";"1";"7";"1";"0";"1";"26";"1";""
"202200011912";"792 771";"A01";"1";"7";"0";"2";"1";"13";"1";""
"202200011912";"792 772";"C01";"2";"7";"0";"2";"3";"1";"1";""
"202200011912";"792 773";"B01";"2";"7";"0";"2";"2";"1";"1";""
"202200011913";"792 769";"Z01";"1";"7";"0";"2";"1";"1";"1";""
"202200011913";"792 770";"A01";"1";"1";"0";"2";"6";"15";"5";""
"202200011914";"792 768";"A01";"1";"7";"14";"0";"9";"26";"1";""
"202200011915";"792 766";"A01";"0";"7";"0";"2";"2";"15";"1";""
"202200011915";"792 767";"B01";"0";"33";"0";"2";"1";"1";"1";""
"202200011916";"792 765";"A01";"2";"7";"8";"0";"1";"1";"1";""
"202200011917";"792 763";"B01";"1";"60";"0";"2";"8";"1";"5";""
"202200011917";"792 764";"A01";"2";"7";"0";"2";"3";"9";"1";""
"202200011918";"792 762";"A01";"2";"7";"0";"0";"9";"26";"1";""
"202200011919";"792 759";"B01";"1";"50";"0";"2";"1";"19";"3";""
"202200011919";"792 761";"Z01";"2";"7";"0";"2";"1";"1";"1";""
"202200011920";"792 757";"B01";"2";"33";"0";"2";"1";"1";"1";""
"202200011920";"792 758";"A01";"1";"7";"0";"2";"1";"15";"1";""
"202200011921";"792 756";"A01";"3";"7";"0";"2";"1";"26";"1";""
"202200011921";"792 760";"B01";"3";"7";"0";"2";"1";"15";"1";""
"202200011922";"792 755";"A01";"1";"30";"0";"9";"1";"9";"1";""
"202200011923";"792 753";"A01";"1";"30";"0";"1";"1";"26";"1";""
"202200011924";"792 750";"A01";"1";"7";"0";"2";"6";"17";"1";""
"202200011924";"792 752";"B01";"1";"34";"0";"2";"1";"2";"1";""
"202200011925";"792 751";"Z01";"3";"7";"0";"2";"3";"16";"1";""
"202200011925";"792 754";"A01";"3";"50";"0";"2";"7";"15";"3";""
"202200011926";"792 748";"B01";"1";"7";"0";"2";"3";"1";"1";""
"202200011926";"792 749";"A01";"2";"7";"0";"2";"3";"1";"1";""
"202200011927";"792 745";"A01";"2";"37";"9";"1";"3";"2";"4";"1"
"202200011928";"792 746";"B01";"1";"7";"0";"2";"3";"23";"1";""
"202200011928";"792 747";"A01";"2";"30";"0";"2";"1";"9";"1";""
"202200011929";"792 744";"A01";"3";"7";"0";"1";"4";"20";"2";""
"202200011930";"792 741";"B01";"1";"1";"0";"2";"5";"1";"5";""
"202200011930";"792 743";"A01";"2";"7";"0";"2";"1";"9";"1";""
"202200011931";"792 740";"A01";"2";"7";"13";"0";"1";"14";"1";""
"202200011932";"792 739";"B01";"2";"1";"0";"2";"6";"16";"5";""
"202200011932";"792 742";"A01";"2";"7";"0";"2";"5";"16";"1";""
"202200011933";"792 736";"A01";"1";"7";"6";"0";"1";"14";"1";""
"202200011934";"792 737";"A01";"2";"7";"0";"1";"8";"1";"1";""
"202200011935";"792 733";"A01";"2";"7";"0";"2";"1";"1";"1";""
"202200011935";"792 735";"B01";"2";"7";"0";"2";"4";"1";"1";""
"202200011936";"792 734";"A01";"2";"50";"0";"9";"1";"26";"3";""
"202200011937";"792 731";"A01";"2";"7";"0";"2";"1";"2";"1";""
"202200011937";"792 732";"B01";"2";"7";"0";"2";"4";"2";"1";""
"202200011938";"792 729";"A01";"2";"7";"0";"1";"1";"1";"1";""
"202200011939";"792 728";"B01";"2";"10";"0";"2";"3";"1";"1";""
"202200011939";"792 730";"A01";"3";"15";"0";"2";"2";"15";"1";""
"202200011940";"792 725";"B01";"1";"7";"0";"2";"1";"1";"1";""
"202200011940";"792 726";"A01";"2";"7";"0";"2";"2";"6";"1";""
"202200011941";"792 722";"B01";"1";"7";"0";"2";"4";"1";"1";""
"202200011941";"792 723";"A01";"2";"7";"0";"2";"1";"1";"1";""
"202200011942";"792 724";"A01";"0";"7";"0";"2";"3";"9";"1";""
"202200011942";"792 727";"B01";"0";"1";"0";"2";"1";"1";"5";""
"202200011943";"792 721";"A01";"1";"1";"1";"0";"1";"1";"5";""
"202200011944";"792 720";"A01";"1";"7";"0";"1";"3";"16";"0";""
"202200011945";"792 718";"A01";"0";"7";"0";"2";"2";"15";"1";""
"202200011945";"792 719";"B01";"0";"34";"0";"2";"1";"1";"1";""
"202200011946";"792 714";"B01";"2";"7";"0";"2";"1";"1";"1";""
"202200011946";"792 716";"A01";"1";"7";"0";"2";"1";"15";"1";""
"202200011947";"792 712";"B01";"0";"7";"0";"2";"5";"1";"1";""
"202200011947";"792 713";"A01";"0";"31";"0";"2";"1";"1";"1";""
"202200011948";"792 715";"A01";"0";"33";"0";"0";"7";"1";"1";""
"202200011948";"792 717";"B01";"0";"7";"0";"2";"8";"23";"1";""
"202200011949";"792 711";"A01";"0";"10";"0";"1";"1";"9";"0";""
"202200011950";"792 710";"A01";"3";"32";"1";"0";"0";"26";"1";""
"202200011951";"792 709";"A01";"3";"7";"0";"1";"1";"1";"1";""
"202200011952";"792 708";"A01";"0";"7";"0";"1";"1";"1";"1";""
"202200011953";"792 707";"A01";"1";"37";"0";"1";"1";"21";"1";"1"
"202200011954";"792 706";"A01";"3";"30";"0";"0";"8";"1";"1";""
"202200011955";"792 704";"A01";"1";"2";"0";"2";"3";"18";"1";""
"202200011955";"792 705";"B01";"1";"7";"0";"2";"1";"16";"1";""
"202200011956";"792 703";"A01";"3";"50";"0";"0";"1";"1";"3";""
"202200011957";"792 701";"A01";"2";"7";"0";"2";"1";"15";"1";""
"202200011957";"792 702";"B01";"1";"7";"0";"2";"1";"1";"1";""
"202200011958";"792 700";"A01";"1";"2";"0";"0";"7";"16";"1";""
"202200011959";"792 699";"A01";"2";"50";"0";"1";"1";"5";"3";""
"202200011960";"792 697";"B01";"1";"7";"0";"2";"3";"19";"1";""
"202200011960";"792 698";"A01";"1";"7";"0";"2";"1";"19";"1";""
"202200011961";"792 694";"A01";"1";"7";"0";"2";"1";"19";"1";""
"202200011961";"792 695";"B01";"2";"7";"0";"2";"8";"15";"1";""
"202200011962";"792 692";"A01";"1";"7";"13";"0";"1";"26";"1";""
"202200011963";"792 693";"B01";"2";"7";"0";"0";"6";"1";"1";""
"202200011963";"792 696";"A01";"2";"1";"0";"2";"1";"1";"5";""
"202200011964";"792 691";"A01";"1";"33";"0";"1";"1";"26";"1";""
"202200011965";"792 686";"A01";"1";"10";"0";"2";"3";"1";"1";""
"202200011965";"792 687";"B01";"1";"7";"0";"2";"1";"1";"1";""
"202200011965";"792 689";"C01";"1";"7";"0";"2";"4";"0";"1";""
"202200011966";"792 684";"A01";"1";"10";"0";"2";"1";"19";"1";""
"202200011966";"792 685";"B01";"1";"43";"0";"2";"8";"1";"1";""
"202200011967";"792 688";"A01";"2";"7";"0";"2";"7";"16";"1";""
"202200011967";"792 690";"B01";"2";"1";"0";"2";"1";"9";"5";""
"202200011968";"792 683";"A01";"2";"3";"10";"0";"2";"1";"1";""
"202200011969";"792 681";"A01";"3";"7";"14";"0";"1";"13";"1";""
"202200011970";"792 679";"B01";"2";"50";"0";"2";"1";"3";"3";""
"202200011970";"792 680";"A01";"3";"7";"0";"9";"1";"9";"1";""
"202200011971";"792 678";"B01";"1";"50";"0";"2";"7";"2";"3";""
"202200011971";"792 682";"A01";"1";"10";"0";"9";"1";"9";"1";""
"202200011972";"792 676";"B01";"3";"33";"0";"2";"6";"15";"1";""
"202200011972";"792 677";"A01";"3";"32";"0";"2";"1";"17";"1";""
"202200011973";"792 672";"B01";"1";"10";"0";"2";"3";"15";"1";""
"202200011973";"792 673";"A01";"1";"33";"0";"2";"1";"17";"1";""
"202200011974";"792 674";"B01";"1";"7";"0";"2";"4";"1";"1";""
"202200011974";"792 675";"A01";"1";"33";"0";"2";"1";"1";"1";""
"202200011975";"792 670";"B01";"2";"7";"0";"2";"4";"1";"1";""
"202200011975";"792 671";"A01";"2";"7";"0";"2";"1";"1";"1";""
"202200011976";"792 666";"B01";"2";"7";"0";"0";"4";"1";"1";""
"202200011976";"792 667";"A01";"2";"30";"0";"2";"1";"1";"1";""
"202200011977";"792 663";"A01";"2";"33";"0";"2";"5";"2";"1";""
"202200011977";"792 664";"B01";"2";"7";"0";"2";"1";"2";"1";""
"202200011978";"792 665";"C01";"1";"1";"0";"2";"4";"2";"5";""
"202200011978";"792 668";"B01";"1";"1";"0";"2";"4";"2";"5";""
"202200011978";"792 669";"A01";"3";"7";"0";"2";"7";"17";"1";""
"202200011979";"792 661";"A01";"2";"2";"0";"0";"7";"1";"1";""
"202200011980";"792 657";"Z01";"1";"7";"1";"1";"1";"1";"1";""
"202200011980";"792 658";"B01";"2";"7";"0";"2";"0";"23";"1";""
"202200011980";"792 659";"C01";"1";"7";"0";"2";"0";"1";"1";""
"202200011980";"792 660";"A01";"1";"7";"0";"2";"4";"23";"1";""
"202200011980";"792 662";"[01";"1";"7";"0";"2";"8";"24";"1";""
"202200011981";"792 655";"A01";"2";"7";"0";"2";"1";"1";"1";""
"202200011981";"792 656";"B01";"2";"1";"0";"2";"7";"25";"5";""
"202200011982";"792 653";"B01";"1";"30";"0";"2";"8";"1";"1";""
"202200011982";"792 654";"A01";"1";"7";"0";"2";"1";"15";"1";""
"202200011983";"792 652";"A01";"3";"7";"0";"1";"3";"15";"1";""
"202200011984";"792 651";"A01";"2";"7";"0";"1";"2";"16";"1";""
"202200011985";"792 650";"A01";"2";"7";"8";"1";"2";"1";"1";""
"202200011986";"792 648";"A01";"2";"10";"0";"2";"8";"20";"3";""
"202200011986";"792 649";"B01";"2";"32";"0";"2";"5";"1";"1";""
"202200011987";"792 646";"B01";"3";"33";"0";"2";"3";"1";"1";""
"202200011987";"792 647";"A01";"3";"10";"0";"2";"2";"1";"1";""
"202200011988";"792 644";"B01";"1";"50";"0";"2";"1";"1";"3";""
"202200011988";"792 645";"A01";"0";"80";"0";"0";"1";"1";"3";""
"202200011989";"792 642";"A01";"1";"33";"0";"2";"2";"3";"1";""
"202200011989";"792 643";"B01";"1";"7";"0";"2";"6";"11";"1";""
"202200011990";"792 641";"A01";"2";"2";"14";"0";"9";"1";"1";""
"202200011991";"792 640";"A01";"1";"1";"0";"0";"7";"1";"5";""
"202200011992";"792 637";"B01";"2";"32";"0";"2";"2";"1";"1";""
"202200011992";"792 638";"A01";"2";"30";"0";"2";"6";"13";"1";""
"202200011993";"792 636";"A01";"3";"7";"0";"2";"3";"19";"1";""
"202200011993";"792 639";"B01";"3";"33";"9";"0";"7";"1";"1";""
"202200011994";"792 630";"A01";"1";"7";"0";"2";"7";"22";"2";""
"202200011994";"792 633";"B01";"1";"32";"0";"2";"3";"18";"1";""
"202200011995";"792 631";"A01";"1";"50";"0";"2";"1";"1";"3";""
"202200011995";"792 632";"B01";"2";"7";"0";"2";"3";"15";"1";""
"202200011996";"792 628";"A01";"1";"43";"0";"1";"2";"1";"1";""
"202200011997";"792 627";"A01";"1";"10";"0";"2";"3";"13";"1";""
"202200011997";"792 629";"B01";"2";"2";"0";"2";"1";"1";"1";""
"202200011998";"792 626";"A01";"1";"7";"0";"1";"4";"20";"1";""
"202200011999";"792 624";"Z01";"2";"1";"0";"1";"1";"1";"5";""
"202200012000";"792 623";"B01";"1";"7";"0";"2";"3";"1";"1";""
"202200012000";"792 625";"A01";"1";"10";"0";"2";"4";"11";"1";""
"202200012001";"792 621";"B01";"1";"7";"0";"2";"4";"23";"1";""
"202200012001";"792 622";"A01";"1";"7";"0";"2";"1";"2";"1";""
"202200012002";"792 619";"A01";"1";"7";"0";"2";"2";"15";"0";""
"202200012002";"792 620";"B01";"2";"7";"0";"2";"8";"1";"1";""
"202200012003";"792 617";"A01";"1";"80";"0";"2";"1";"1";"3";""
"202200012003";"792 618";"Z01";"1";"7";"0";"2";"8";"16";"1";""
"202200012004";"792 616";"A01";"3";"50";"0";"0";"0";"1";"3";""
"202200012005";"792 613";"A01";"2";"50";"0";"2";"8";"13";"3";""
"202200012005";"792 615";"B01";"2";"7";"0";"2";"7";"1";"1";""
"202200012006";"792 612";"A01";"1";"7";"7";"0";"1";"1";"1";""
"202200012007";"792 611";"A01";"2";"7";"4";"6";"1";"1";"1";""
"202200012008";"792 608";"A01";"1";"10";"0";"1";"5";"1";"3";""
"202200012009";"792 607";"A01";"1";"2";"9";"0";"1";"14";"1";""
"202200012010";"792 603";"B01";"1";"33";"0";"2";"1";"3";"1";""
"202200012010";"792 605";"A01";"1";"7";"0";"2";"6";"11";"3";""
"202200012011";"792 602";"B01";"3";"33";"0";"2";"1";"1";"1";""
"202200012011";"792 604";"A01";"3";"7";"0";"2";"2";"15";"1";""
"202200012012";"792 600";"B01";"2";"1";"1";"0";"1";"1";"5";""
"202200012012";"792 601";"A01";"2";"10";"0";"2";"7";"22";"1";""
"202200012013";"792 598";"A01";"3";"7";"2";"0";"1";"21";"1";""
"202200012014";"792 596";"C01";"1";"7";"0";"2";"1";"2";"1";""
"202200012014";"792 597";"B01";"1";"7";"0";"2";"4";"2";"1";""
"202200012014";"792 599";"A01";"1";"7";"0";"2";"4";"2";"1";""
"202200012015";"792 595";"A01";"0";"7";"8";"0";"1";"6";"1";""
"202200012016";"792 593";"A01";"2";"7";"9";"9";"9";"1";"1";""
"202200012017";"792 590";"A01";"1";"30";"0";"2";"1";"1";"1";""
"202200012017";"792 592";"B01";"1";"10";"0";"2";"5";"1";"1";""
"202200012018";"792 588";"B01";"3";"7";"0";"2";"8";"19";"1";""
"202200012018";"792 594";"A01";"3";"7";"0";"2";"2";"19";"1";""
"202200012019";"792 587";"A01";"1";"7";"0";"2";"4";"1";"1";""
"202200012019";"792 589";"B01";"1";"7";"0";"2";"4";"1";"1";""
"202200012019";"792 591";"C01";"1";"7";"0";"2";"1";"1";"1";""
"202200012020";"792 584";"A01";"2";"33";"0";"2";"8";"14";"1";""
"202200012021";"792 583";"A01";"3";"7";"0";"2";"5";"1";"1";""
"202200012021";"792 586";"B01";"3";"7";"1";"2";"0";"1";"1";""
"202200012022";"792 582";"B01";"2";"10";"0";"2";"2";"15";"1";""
"202200012022";"792 585";"A01";"2";"7";"0";"2";"3";"15";"1";""
"202200012023";"792 579";"A01";"2";"1";"14";"0";"7";"13";"5";""
"202200012024";"792 578";"A01";"3";"7";"0";"2";"4";"2";"1";""
"202200012024";"792 580";"B01";"3";"7";"0";"2";"4";"2";"1";""
"202200012024";"792 581";"C01";"3";"7";"0";"2";"1";"2";"1";""
"202200012025";"792 577";"A01";"2";"7";"4";"0";"2";"1";"1";""
"202200012026";"792 573";"A01";"2";"17";"3";"0";"0";"0";"1";""
"202200012027";"792 572";"A01";"3";"7";"0";"2";"1";"2";"1";""
"202200012027";"792 574";"B01";"3";"7";"0";"2";"1";"2";"1";""
"202200012027";"792 576";"C01";"3";"7";"0";"2";"4";"2";"1";""
"202200012028";"792 571";"B01";"2";"7";"0";"0";"0";"0";"2";""
"202200012028";"792 575";"A01";"1";"30";"12";"0";"1";"13";"1";""
"202200012029";"792 570";"A01";"2";"31";"0";"0";"3";"1";"1";""
"202200012030";"792 568";"A01";"1";"7";"0";"1";"1";"1";"2";""
"202200012031";"792 566";"B01";"2";"10";"0";"2";"2";"0";"1";""
"202200012031";"792 569";"A01";"2";"33";"0";"2";"3";"0";"0";""
"202200012032";"792 567";"A01";"1";"7";"0";"1";"3";"15";"1";""
"202200012033";"792 563";"A01";"2";"10";"0";"2";"1";"2";"1";""
"202200012033";"792 564";"B01";"2";"10";"0";"2";"4";"2";"1";""
"202200012034";"792 561";"B01";"3";"13";"0";"2";"2";"1";"1";""
"202200012034";"792 565";"A01";"3";"14";"0";"2";"3";"15";"1";""
"202200012035";"792 560";"B01";"3";"7";"0";"2";"1";"15";"1";""
"202200012035";"792 562";"A01";"3";"7";"15";"0";"2";"21";"1";""
"202200012036";"792 558";"A01";"2";"31";"0";"2";"0";"3";"1";""
"202200012036";"792 559";"B01";"2";"7";"0";"2";"0";"1";"1";""
"202200012037";"792 555";"A01";"1";"33";"12";"0";"0";"0";"1";""
"202200012038";"792 556";"A01";"2";"10";"4";"0";"8";"1";"1";""
"202200012039";"792 554";"A01";"0";"7";"0";"2";"8";"0";"1";""
"202200012039";"792 557";"B01";"2";"37";"0";"2";"3";"26";"2";"4"
"202200012040";"792 553";"A01";"1";"2";"0";"1";"0";"1";"1";""
"202200012041";"792 552";"A01";"2";"7";"0";"1";"1";"1";"0";""
"202200012042";"792 549";"A01";"2";"7";"3";"0";"8";"11";"1";""
"202200012042";"792 551";"B01";"2";"31";"3";"2";"7";"3";"1";""
"202200012043";"792 545";"A01";"2";"33";"0";"2";"8";"0";"1";""
"202200012043";"792 547";"B01";"1";"7";"0";"2";"3";"1";"1";""
"202200012044";"792 544";"A01";"1";"7";"4";"0";"1";"11";"1";""
"202200012045";"792 543";"D01";"2";"7";"0";"2";"1";"18";"1";""
"202200012045";"792 546";"C01";"2";"7";"0";"2";"1";"2";"1";""
"202200012045";"792 548";"B01";"2";"7";"0";"2";"1";"2";"1";""
"202200012045";"792 550";"A01";"2";"7";"0";"0";"4";"1";"2";""