"Num_Acc";"id_vehicule";"num_veh";"senc";"catv";"obs";"obsm";"choc";"manv";"motor";"occutc"
"202200012046";"792 541";"A01";"2";"7";"4";"0";"1";"1";"1";""
"202200012047";"792 540";"A01";"0";"30";"0";"2";"1";"16";"1";""
"202200012047";"792 542";"B01";"0";"7";"0";"2";"3";"15";"1";""
"202200012048";"792 539";"A01";"3";"7";"0";"1";"1";"1";"1";""
"202200012049";"792 537";"B01";"2";"43";"0";"2";"2";"2";"1";""
"202200012049";"792 538";"A01";"2";"10";"0";"2";"3";"2";"1";""
"202200012050";"792 536";"A01";"0";"7";"0";"2";"1";"1";"0";""
"202200012051";"792 534";"B01";"1";"99";"0";"0";"4";"1";"5";""
"202200012051";"792 535";"A01";"1";"14";"0";"9";"2";"1";"1";""
"202200012052";"792 533";"A01";"2";"7";"3";"0";"1";"6";"1";""
"202200012053";"792 532";"A01";"3";"33";"0";"0";"0";"26";"6";""
"202200012054";"792 530";"A01";"1";"33";"0";"0";"8";"3";"1";""
"202200012055";"792 529";"A01";"0";"7";"0";"1";"1";"19";"0";""
"202200012056";"792 526";"C01";"2";"15";"1";"0";"8";"21";"1";""
"202200012056";"792 528";"B01";"2";"7";"3";"2";"1";"1";"1";""
"202200012056";"792 531";"A01";"2";"7";"0";"2";"4";"23";"1";""
"202200012057";"792 525";"A01";"1";"7";"0";"0";"1";"0";"1";""
"202200012058";"792 523";"A01";"2";"7";"0";"2";"7";"12";"1";""
"202200012058";"792 524";"B01";"2";"33";"0";"2";"3";"3";"1";""
"202200012058";"792 527";"C01";"2";"7";"0";"2";"4";"1";"1";""
"202200012059";"792 522";"A01";"3";"7";"13";"0";"0";"1";"1";""
"202200012060";"792 521";"A01";"2";"10";"0";"1";"3";"1";"1";""
"202200012061";"792 519";"B01";"2";"7";"0";"2";"4";"1";"1";""
"202200012061";"792 520";"A01";"2";"7";"0";"2";"1";"2";"1";""
"202200012062";"792 516";"B01";"1";"50";"0";"2";"2";"0";"3";""
"202200012062";"792 518";"A01";"2";"7";"0";"9";"3";"0";"1";""
"202200012063";"792 517";"A01";"1";"7";"0";"1";"1";"15";"1";""
"202200012064";"792 514";"A01";"1";"7";"0";"2";"3";"11";"1";""
"202200012064";"792 515";"B01";"1";"33";"0";"2";"7";"3";"1";""
"202200012065";"792 512";"A01";"1";"7";"13";"0";"1";"14";"1";""
"202200012066";"792 513";"A01";"3";"10";"0";"1";"1";"1";"1";""
"202200012067";"792 508";"A01";"1";"7";"0";"0";"1";"1";"1";""
"202200012068";"792 506";"B01";"3";"7";"1";" -1";"6";"23";"1";""
"202200012068";"792 509";"C01";"1";"7";"0";"2";"4";"23";"1";""
"202200012068";"792 511";"A01";"1";"7";"1";"2";"2";"1";"1";""
"202200012069";"792 507";"B01";"2";"2";"0";"2";"1";"1";"1";""
"202200012069";"792 510";"A01";"1";"7";"0";"2";"6";"9";"1";""
"202200012070";"792 505";"A01";"1";"7";"13";"0";"2";"1";"1";""
"202200012071";"792 502";"A01";"2";"33";"0";"2";"2";"3";"1";""
"202200012071";"792 504";"B01";"2";"33";"0";"2";"8";"26";"1";""
"202200012072";"792 500";"A01";"1";"7";"0";"2";"0";"0";"0";""
"202200012072";"792 503";"B01";"2";"36";"0";"2";"0";"1";"1";""
"202200012073";"792 499";"B01";"2";"15";"0";"0";"8";"1";"1";""
"202200012073";"792 501";"A01";"2";"10";"0";"0";"7";"17";"1";""
"202200012074";"792 497";"A01";"2";"32";"0";"2";"8";"3";"1";""
"202200012074";"792 498";"B01";"2";"7";"0";"2";"7";"12";"1";""
"202200012075";"792 496";"A01";"1";"7";"2";"0";"1";"1";"1";""
"202200012076";"792 490";"B01";"2";"7";"0";"2";"8";"24";"1";""
"202200012076";"792 491";"A01";"2";"10";"0";"2";"0";"26";"1";""
"202200012076";"792 493";"C01";"2";"7";"0";"2";"2";"1";"1";""
"202200012077";"792 492";"B01";"1";"32";"0";"2";"1";"1";"1";""
"202200012077";"792 494";"A01";"2";"7";"0";"2";"8";"9";"1";""
"202200012078";"792 488";"A01";"1";"32";"0";"2";"2";"3";"1";""
"202200012079";"792 489";"B01";"1";"7";"0";"2";"9";"15";"1";""
"202200012079";"792 495";"A01";"1";"10";"0";"2";"1";"2";"1";""
"202200012080";"792 487";"A01";"0";"33";"0";"0";"0";"1";"1";""
"202200012081";"792 485";"A01";"2";"7";"3";"0";"1";"13";"1";""
"202200012082";"792 483";"A01";"1";"33";"0";"2";"1";"1";"1";""
"202200012082";"792 486";"B01";"1";"7";"0";"0";"5";"1";"1";""
"202200012083";"792 482";"A01";"3";"7";"0";"2";"1";"26";"1";""
"202200012083";"792 484";"B01";"3";"7";"0";"2";"8";"1";"1";""
"202200012084";"792 481";"A01";"2";"2";"0";"0";"8";"1";"1";""
"202200012085";"792 478";"A01";"1";"7";"0";"2";"2";"1";"1";""
"202200012085";"792 480";"B01";"2";"2";"0";"2";"1";"1";"1";""
"202200012086";"792 476";"B01";"1";"17";"0";"2";"7";"16";"1";""
"202200012086";"792 479";"A01";"2";"10";"13";"2";"3";"9";"1";""
"202200012087";"792 475";"B01";"2";"7";"0";"2";"8";"1";"1";""
"202200012087";"792 477";"A01";"3";"7";"6";"2";"3";"5";"1";""
"202200012088";"792 471";"A01";" -1";"7";"0";"9";"2";"9";"1";""
"202200012088";"792 474";"B01";"2";"1";"0";"2";"1";"1";"5";""
"202200012089";"792 470";"A01";"0";"3";"0";"2";"2";"15";"1";""
"202200012089";"792 473";"B01";"1";"7";"0";"0";"2";"21";"1";""
"202200012090";"792 469";"B01";"2";"99";"0";"0";"7";"1";"1";""
"202200012090";"792 472";"A01";"1";"7";"7";"2";"1";"13";"1";""
"202200012091";"792 467";"A01";"3";"7";"15";"0";"1";"1";"1";""
"202200012092";"792 466";"A01";"2";"7";"0";"2";"1";"2";"1";""
"202200012092";"792 468";"B01";"2";"7";"3";"0";"4";"16";"1";""
"202200012093";"792 465";"A01";"2";"7";"0";"1";"2";"2";"1";""
"202200012094";"792 462";"A01";"1";"7";"0";"2";"1";"19";"1";""
"202200012094";"792 464";"B01";"1";"7";"0";"2";"2";"1";"1";""
"202200012095";"792 463";"A01";"2";"7";"0";"1";"1";"13";"1";""
"202200012096";"792 460";"B01";"2";"30";"0";"2";"1";"1";"1";""
"202200012096";"792 461";"A01";"2";"7";"0";"9";"5";"16";"1";""
"202200012097";"792 458";"A01";"1";"7";"0";"0";"2";"1";"1";""
"202200012098";"792 457";"A01";"1";"7";"0";"2";"1";"1";"1";""
"202200012098";"792 459";"B01";"2";"2";"0";"2";"1";"26";"1";""
"202200012099";"792 455";"A01";"1";"7";"1";"0";"1";"15";"1";""
"202200012100";"792 453";"A01";"2";"7";"0";"0";"7";"15";"1";""
"202200012100";"792 456";"B01";"1";"33";"0";"0";"1";"1";"1";""
"202200012101";"792 452";"B01";"1";"7";"0";"2";"1";"21";"1";""
"202200012101";"792 454";"A01";"1";"7";"0";"0";"6";"15";"1";""
"202200012102";"792 451";"A01";"1";"33";"14";"0";"1";"0";"1";""
"202200012103";"792 450";"A01";"1";"7";"13";"0";"2";"1";"1";""
"202200012104";"792 449";"A01";"1";"10";"0";"0";"0";"1";"1";""
"202200012105";"792 448";"A01";"1";"7";"3";"0";"1";"9";"1";""
"202200012106";"792 445";"A01";"2";"33";"15";"0";"1";"26";"1";""
"202200012107";"792 443";"A01";"2";"7";"0";"0";"1";"14";"1";""
"202200012107";"792 446";"B01";"1";"7";"0";"0";"1";"1";"2";""
"202200012108";"792 441";"A01";"1";"7";"2";"0";"3";"1";"1";""
"202200012109";"792 440";"B01";"1";"21";"0";"2";"3";"15";"1";""
"202200012109";"792 442";"A01";"1";"33";"0";"2";"2";"17";"1";""
"202200012110";"792 439";"A01";"1";"7";"0";"1";"1";"9";"1";""
"202200012111";"792 437";"A01";"1";"10";"0";"1";"1";"15";"1";""
"202200012112";"792 436";"B01";"1";"17";"0";"0";"4";"24";"1";""
"202200012112";"792 438";"A01";"1";"7";"1";"0";"1";"1";"1";""
"202200012113";"792 435";"A01";"2";"30";"0";"0";"1";"14";"1";""
"202200012114";"792 432";"B01";"1";"7";"3";"0";"3";"1";"1";""
"202200012114";"792 434";"A01";"2";"10";"0";"2";"3";"13";"1";""
"202200012115";"792 429";"A01";"1";"43";"0";"2";"1";"1";"1";""
"202200012115";"792 431";"B01";"1";"7";"0";"2";"5";"2";"1";""
"202200012116";"792 430";"A01";"2";"2";"0";"2";"8";"1";"1";""
"202200012116";"792 433";"B01";"1";"7";"0";"2";"8";"1";"1";""
"202200012117";"792 427";"A01";"1";"10";"0";"2";"3";"17";"1";""
"202200012117";"792 428";"B01";"2";"2";"0";"2";"1";"1";"1";""
"202200012118";"792 426";"A01";"1";"7";"13";"0";"2";"1";"1";""
"202200012119";"792 424";"B01";"2";"33";"0";"2";"2";"17";"1";""
"202200012119";"792 425";"A01";"2";"10";"0";"2";"3";"15";"1";""
"202200012120";"792 423";"A01";"2";"13";"2";"0";"7";"0";"1";""
"202200012121";"792 422";"A01";"2";"7";"2";"0";"1";"0";"1";""
"202200012122";"792 418";"A01";"1";"7";"0";"2";"7";"15";"1";""
"202200012122";"792 420";"B01";"2";"7";"0";"2";"1";"1";"1";""
"202200012123";"792 417";"B01";"1";"10";"0";"2";"4";"16";"0";""
"202200012123";"792 421";"A01";"1";"10";"0";"2";"1";"18";"1";""
"202200012124";"792 416";"A01";"1";"7";"13";"0";"1";"1";"1";""
"202200012124";"792 419";"B01";"1";"10";"0";"0";"0";"15";"1";""
"202200012125";"792 415";"A01";"1";"7";"0";"1";"2";"1";"1";""
"202200012126";"792 412";"A01";"3";"7";"0";"0";"0";"0";"1";""
"202200012127";"792 409";"C01";"2";"10";"0";"2";"3";"23";"1";""
"202200012127";"792 410";"B01";"1";"7";"0";"2";"5";"15";"1";""
"202200012127";"792 413";"A01";"1";"10";"1";"0";"3";"1";"1";""
"202200012128";"792 406";"B01";"2";"7";"0";"2";"1";"1";"1";""
"202200012128";"792 408";"A01";"1";"7";"0";"2";"1";"13";"1";""
"202200012129";"792 405";"A01";"2";"7";"0";"1";"3";"1";"1";""
"202200012130";"792 404";"B01";"1";"7";"0";"2";"6";"2";"1";""
"202200012130";"792 407";"A01";"1";"33";"0";"2";"1";"2";"1";""
"202200012131";"792 403";"A01";"0";"33";"0";"0";"0";"9";"1";""
"202200012132";"792 400";"A01";"3";"7";"0";"0";"1";"2";"1";""
"202200012132";"792 402";"B01";"3";"15";"0";"0";"5";"9";"1";""
"202200012133";"792 399";"B01";"3";"33";"0";"2";"1";"1";"1";""
"202200012133";"792 401";"A01";"3";"7";"0";"0";"2";"9";"1";""
"202200012134";"792 393";"A01";"2";"7";"0";"2";"1";"2";"1";""
"202200012134";"792 396";"B01";"2";"14";"0";"2";"6";"2";"1";""
"202200012134";"792 397";"C01";"2";"7";"0";"2";"3";"1";"1";""
"202200012135";"792 395";"B01";"2";"2";"0";"2";"1";"1";"1";""
"202200012135";"792 398";"A01";"1";"7";"0";"2";"2";"15";"1";""
"202200012136";"792 392";"B01";"2";"7";"0";"2";"2";"2";"0";""
"202200012136";"792 394";"A01";"2";"33";"0";"0";"6";"1";"1";""
"202200012137";"792 391";"A01";"2";"7";"16";"0";"1";"1";"1";""
"202200012138";"792 390";"A01";"3";"7";"0";"1";"1";"16";"1";""
"202200012139";"792 389";"A01";"1";"7";"2";"0";"3";"13";"1";""
"202200012140";"792 388";"A01";"2";"7";"13";"0";"2";"0";"2";""
"202200012141";"792 385";"B01";"2";"10";"0";"2";"3";"1";"1";""
"202200012141";"792 386";"A01";"1";"33";"0";"2";"1";"17";"1";""
"202200012142";"792 383";"A01";"1";"7";"0";"2";"1";"17";"1";""
"202200012142";"792 387";"B01";"2";"7";"8";"2";"3";"15";"1";""
"202200012143";"792 382";"B01";"2";"7";"0";"9";"0";"1";"1";""
"202200012143";"792 384";"A01";"2";"15";"4";"0";"3";"1";"1";""
"202200012144";"792 378";"A01";"3";"10";"0";"2";"1";"15";"1";""
"202200012144";"792 379";"B01";"3";"33";"0";"2";"1";"1";"1";""
"202200012145";"792 376";"A01";"1";"10";"0";"2";"4";"2";"1";""
"202200012145";"792 380";"B01";"1";"7";"0";"2";"4";"2";"1";""
"202200012145";"792 381";"C01";"1";"7";"0";"2";"1";"2";"1";""
"202200012146";"792 375";"A01";"1";"33";"8";"0";"8";"1";"1";""
"202200012146";"792 377";"B01";"1";"7";"0";"0";"2";"19";"1";""
"202200012147";"792 372";"A01";"1";"33";"0";"9";"1";"1";"1";""
"202200012148";"792 373";"B01";"0";"7";"0";"2";"7";"1";"1";""
"202200012148";"792 374";"A01";"0";"7";"0";"2";"1";"15";"1";""
"202200012149";"792 370";"A01";"2";"7";"0";"2";"1";"13";"1";""
"202200012149";"792 371";"B01";"1";"38";"5";"2";"3";"1";"1";"1"
"202200012150";"792 366";"B01";"3";"7";"0";"2";"1";"23";"1";""
"202200012150";"792 367";"A01";"3";"7";"0";"2";"1";"1";"1";""
"202200012151";"792 365";"A01";"1";"33";"16";"9";"3";"26";"1";""
"202200012152";"792 363";"A01";"1";"30";"0";"0";"1";"1";"1";""
"202200012153";"792 362";"A01";"1";"10";"3";"2";"1";"2";"1";""
"202200012153";"792 364";"B01";"1";"99";"0";"0";"4";"1";"1";""
"202200012154";"792 361";"A01";"1";"7";"0";"1";"8";"1";"1";""
"202200012155";"792 359";"B01";"3";"38";"0";"2";"4";"1";"6";"1"
"202200012155";"792 360";"A01";"3";"7";"0";"2";"1";"26";"6";""
"202200012156";"792 358";"A01";"1";"7";"4";"0";"2";"14";"1";""
"202200012157";"792 356";"A01";"2";"7";"0";"0";"6";"2";"1";""
"202200012157";"792 357";"B01";"2";"7";"3";"2";"2";"11";"0";""
"202200012158";"792 355";"A01";"1";"7";"4";"0";"3";"2";"1";""
"202200012159";"792 354";"A01";"1";"32";"0";"1";"8";"1";"1";""
"202200012160";"792 353";"A01";"1";"7";"2";"0";"1";"0";"1";""
"202200012161";"792 350";"B01";"2";"43";"0";"2";"1";"1";"1";""
"202200012161";"792 352";"A01";"2";"7";"0";"2";"3";"10";"1";""
"202200012162";"792 348";"B01";"2";"32";"0";"2";"1";"1";"1";""
"202200012162";"792 351";"A01";"1";"7";"0";"2";"0";"0";"1";""
"202200012163";"792 346";"C01";"1";"7";"0";"2";"1";"2";"1";""
"202200012163";"792 347";"B01";"1";"7";"0";"2";"1";"2";"1";""
"202200012163";"792 349";"A01";"1";"7";"0";"2";"4";"2";"1";""
"202200012164";"792 343";"B01";"1";"33";"0";"2";"1";"17";"1";""
"202200012164";"792 345";"A01";"1";"7";"0";"0";"3";"11";"1";""
"202200012165";"792 341";"A01";"3";"7";"0";"2";"3";"9";"1";""
"202200012165";"792 344";"B01";"3";"2";"0";"2";"5";"12";"1";""
"202200012166";"792 339";"C01";"1";"7";"0";"0";"0";"1";"1";""
"202200012166";"792 340";"B01";"1";"7";"0";"2";"7";"1";"1";""
"202200012166";"792 342";"A01";"1";"17";"0";"2";"8";"11";"1";""
"202200012167";"792 338";"A01";"2";"7";"4";"0";"2";"1";"1";""
"202200012168";"792 337";"A01";"3";"3";"13";"0";"1";"21";"1";""
"202200012169";"792 334";"A01";"2";"7";"0";"2";"7";"12";"1";""
"202200012169";"792 336";"B01";"2";"33";"0";"2";"0";"0";"1";""
"202200012170";"792 335";"A01";"1";"7";"2";"0";"9";"16";"1";""
"202200012171";"792 332";"A01";"2";"10";"6";"0";"2";"18";"1";""
"202200012172";"792 331";"B01";"2";"7";"0";"2";"8";"15";"1";""
"202200012172";"792 333";"A01";"2";"34";"0";"2";"1";"17";"1";""
"202200012173";"792 330";"A01";"1";"7";"0";"1";"2";"1";"1";""
"202200012174";"792 327";"B01";"1";"10";"0";"2";"1";"2";"1";""
"202200012174";"792 329";"A01";"1";"7";"0";"2";"1";"2";"1";""
"202200012175";"792 326";"B01";"1";"7";"0";"2";"8";"0";"1";""
"202200012175";"792 328";"A01";"2";"33";"0";"2";"1";"1";"1";""
"202200012176";"792 322";"A01";"1";"7";"0";"1";"1";"1";"2";""
"202200012177";"792 323";"B01";"2";"10";"0";"2";"1";"13";"1";""
"202200012177";"792 325";"A01";"1";"10";"0";"2";"8";"13";"1";""
"202200012178";"792 321";"B01";"2";"7";"0";"2";"4";"1";"1";""
"202200012178";"792 324";"A01";"2";"7";"0";"2";"1";"1";"1";""
"202200012179";"792 320";"A01";"1";"7";"0";"1";"1";"1";"1";""
"202200012180";"792 319";"A01";"3";"38";"0";"1";"4";"4";"1";"1"
"202200012181";"792 317";"B01";"1";"33";"0";"2";"0";"3";"1";""
"202200012181";"792 318";"A01";"1";"7";"0";"2";"7";"11";"1";""
"202200012182";"792 314";"B01";"2";"17";"0";"2";"1";"1";"1";""
"202200012182";"792 316";"A01";"1";"7";"4";"2";"1";"13";"1";""
"202200012183";"792 312";"A01";"1";"7";"0";"2";"3";"23";"1";""
"202200012183";"792 315";"B01";"2";"2";"0";"2";"1";"5";"1";""
"202200012184";"792 311";"A01";"2";"33";"0";"2";"7";"1";"1";""
"202200012184";"792 313";"B01";"2";"7";"0";"2";"3";"11";"1";""
"202200012185";"792 309";"A01";"3";"15";"0";"2";"2";"12";"1";""
"202200012185";"792 310";"B01";"3";"7";"0";"2";"8";"1";"1";""
"202200012186";"792 308";"A01";"1";"7";"4";"0";"1";"1";"1";""
"202200012187";"792 306";"A01";"3";"7";"2";"2";"2";"13";"1";""
"202200012187";"792 307";"B01";"3";"7";"0";"2";"1";"1";"1";""
"202200012188";"792 304";"A01";"2";"7";"4";"0";"3";"16";"1";""
"202200012189";"792 303";"B01";"1";"1";"0";"2";"8";"15";"5";""
"202200012189";"792 305";"A01";"1";"7";"0";"2";"7";"17";"1";""
"202200012190";"792 301";"A01";"1";"7";"2";"0";"1";"1";" -1";""
"202200012191";"792 302";"A01";"2";"80";"1";"0";"1";"14";"3";""
"202200012192";"792 296";"A01";"1";"7";"0";"2";"8";"9";"1";""
"202200012192";"792 297";"B01";"1";"7";"0";"2";"1";"1";"1";""
"202200012193";"792 294";"A01";"1";"7";"0";"1";"2";"1";"1";""
"202200012194";"792 293";"A01";"1";"7";"0";"2";"3";"13";"1";""
"202200012194";"792 295";"B01";"2";"7";"0";"2";"8";"1";"1";""
"202200012194";"792 298";"C01";"2";"7";"0";"2";"1";"1";"1";""
"202200012195";"792 290";"A01";"1";"7";"0";"2";"3";"26";"1";""
"202200012195";"792 292";"B01";"1";"31";"0";"2";"0";"26";"1";""
"202200012196";"792 289";"A01";"1";"7";"0";"2";"4";"1";"1";""
"202200012196";"792 291";"B01";"2";"30";"0";"2";"1";"1";"1";""
"202200012197";"792 285";"A01";"1";"80";"0";"2";"3";"26";"3";""
"202200012197";"792 287";"B01";"1";"7";"0";"2";"5";"1";"1";""
"202200012198";"792 284";"A01";"2";"7";"0";"1";"1";"15";"1";""
"202200012199";"792 282";"B01";"2";"31";"0";"2";"2";"1";"1";""
"202200012199";"792 283";"A01";"1";"7";"0";"2";"3";"15";"3";""
"202200012200";"792 280";"A01";"2";"1";"0";"2";"4";"2";"5";""
"202200012200";"792 281";"Z01";"2";"7";"0";"2";"1";"2";"1";""
"202200012201";"792 279";"A01";"1";"30";"16";"0";"9";"1";"1";""
"202200012202";"792 276";"A01";"1";"7";"0";"2";"3";"1";"1";""
"202200012202";"792 278";"B01";"1";"7";"8";"2";"4";"9";"1";""
"202200012203";"792 286";"A01";"3";"7";"0";"0";"0";"9";"1";""
"202200012203";"792 288";"B01";"2";"1";"0";"0";"0";"1";"5";""
"202200012204";"792 275";"A01";"1";"7";"0";"2";"3";"9";"1";""
"202200012204";"792 277";"B01";"2";"7";"0";"2";"1";"0";"1";""
"202200012205";"792 272";"A01";"2";"7";"14";"0";"0";"0";"1";""
"202200012205";"792 274";"B01";"2";"31";"14";"0";"9";"2";"1";""
"202200012206";"792 270";"A01";"1";"7";"0";"2";"1";"1";"1";""
"202200012206";"792 273";"B01";"3";"1";"0";"2";"1";"9";"5";""
"202200012207";"792 269";"A01";"2";"10";"0";"2";"2";"15";"1";""
"202200012207";"792 271";"B01";"1";"33";"0";"2";"1";"1";"1";""
"202200012208";"792 266";"A01";"1";"30";"0";"2";"3";"21";"1";""
"202200012208";"792 267";"B01";"2";"30";"0";"2";"3";"0";"1";""
"202200012209";"792 265";"B01";"2";"7";"0";"2";"3";"1";"1";""
"202200012209";"792 268";"A01";"1";"10";"0";"2";"3";"11";"1";""
"202200012210";"792 260";"A01";"1";"30";"0";"2";"1";"17";"1";""
"202200012210";"792 263";"B01";"1";"7";"0";"2";"8";"9";"1";""
"202200012211";"792 258";"B01";"0";"7";"0";"2";"4";"1";"1";""
"202200012211";"792 259";"A01";"0";"7";"0";"2";"1";"1";"1";""
"202200012212";"792 255";"B01";"1";"10";"0";"2";"4";"0";"1";""
"202200012212";"792 257";"A01";"1";"7";"0";"2";"1";"0";"1";""
"202200012213";"792 254";"A01";"1";"7";"0";"1";"1";"9";"1";""
"202200012214";"792 253";"A01";"2";"7";"0";"2";"3";"1";"1";""
"202200012214";"792 256";"B01";"1";"7";"0";"2";"3";"1";"1";""
"202200012215";"792 250";"B01";"1";"7";"0";"2";"8";"20";"1";""
"202200012215";"792 252";"A01";"1";"7";"0";"2";"1";"2";"1";""
"202200012216";"792 249";"B01";"1";"1";"0";"2";"8";"2";"5";""
"202200012216";"792 251";"A01";"1";"7";"0";"2";"2";"9";"1";""
"202200012217";"792 248";"A01";"0";"7";"0";"1";"1";"1";"1";""
"202200012218";"792 246";"A01";"1";"10";"0";"1";"2";"1";"1";""
"202200012219";"792 242";"B01";"1";"31";"0";"2";"1";"1";"1";""
"202200012219";"792 244";"A01";"1";"7";"0";"2";"1";"15";"1";""
"202200012220";"792 243";"B01";"2";"1";"0";"2";"6";"11";"5";""
"202200012220";"792 245";"A01";"2";"7";"0";"2";"2";"1";"1";""
"202200012221";"792 241";"A01";"2";"7";"0";"1";"2";"1";"1";""
"202200012222";"792 237";"B01";"3";"7";"0";"2";"3";"9";"1";""
"202200012222";"792 240";"A01";"3";"33";"0";"2";"1";"15";"1";""
"202200012223";"792 238";"A01";"3";"21";"0";"0";"4";"4";"1";""
"202200012224";"792 236";"B01";"1";"7";"0";"2";"2";"1";"1";""
"202200012224";"792 239";"A01";"2";"33";"0";"2";"1";"13";"1";""
"202200012225";"792 235";"A01";"3";"1";"0";"0";"0";"26";"5";""
"202200012226";"792 229";"C01";"2";"7";"0";"2";"4";"23";"1";""
"202200012226";"792 232";"B01";"2";"10";"0";"2";"4";"23";"1";""
"202200012226";"792 233";"A01";"2";"7";"0";"2";"1";"2";"1";""
"202200012227";"792 228";"B01";"2";"7";"0";"2";"3";"15";"1";""
"202200012227";"792 231";"A01";"2";"41";"0";"2";"1";"17";"1";""
"202200012228";"792 226";"A01";"3";"14";"1";"2";"5";"2";"1";""
"202200012228";"792 227";"B01";"3";"7";"1";"2";"9";"23";"1";""
"202200012228";"792 230";"C01";"3";"7";"0";"2";"4";"24";"1";""
"202200012228";"792 234";"D01";"3";"7";"0";"2";"7";"11";"1";""
"202200012229";"792 225";"A01";"1";"31";"0";"6";"1";"1";"1";""
"202200012230";"792 223";"A01";"1";"32";"0";"2";"7";"17";"1";""
"202200012230";"792 224";"B01";"1";"7";"0";"2";"8";"15";"1";""
"202200012231";"792 220";"A01";"1";"7";"8";"0";"1";"13";"1";""
"202200012232";"792 217";"B01";"2";"32";"0";"2";"8";"1";"1";""
"202200012232";"792 219";"A01";"1";"7";"0";"2";"2";"15";"1";""
"202200012233";"792 214";"A01";"2";"60";"0";"1";"1";"25";"5";""
"202200012234";"792 212";"A01";"2";"7";"0";"2";"8";"13";"1";""
"202200012234";"792 215";"B01";"1";"7";"0";"2";"1";"1";"3";""
"202200012235";"792 207";"B01";"2";"10";"1";"2";"5";"1";"1";""
"202200012235";"792 210";"A01";"1";"7";"0";"2";"1";"1";"1";""
"202200012236";"792 206";"B01";"1";"7";"0";"2";"4";"1";"1";""
"202200012236";"792 209";"A01";"1";"7";"0";"2";"1";"2";"1";""
"202200012237";"792 204";"A01";"1";"37";"0";"1";"5";"20";"2";"1"
"202200012238";"792 205";"A01";"2";"7";"0";"2";"2";"9";"1";""
"202200012238";"792 208";"B01";"1";"2";"0";"2";"8";"16";"1";""
"202200012239";"792 203";"A01";"3";"1";"0";"1";"1";"1";"5";""
"202200012240";"792 201";"A01";"1";"7";"2";"0";"1";"14";"1";""
"202200012241";"792 200";"A01";"2";"33";"0";"2";"1";"1";"1";""
"202200012241";"792 202";"B01";"2";"7";"0";"2";"2";"15";"1";""
"202200012242";"792 196";"B01";"2";"32";"0";"2";"7";"1";"1";""
"202200012242";"792 198";"A01";"3";"1";"0";"2";"0";"19";"5";""
"202200012243";"792 195";"A01";"2";"7";"0";"2";"2";"1";"1";""
"202200012243";"792 197";"B01";"2";"7";"0";"2";"6";"1";"1";""
"202200012244";"792 192";"A01";"1";"7";"0";"2";"3";"13";"1";""
"202200012244";"792 194";"B01";"2";"10";"0";"2";"3";"1";"1";""
"202200012245";"792 189";"A01";"3";"60";"0";"2";"4";"19";"5";""
"202200012245";"792 191";"Z01";"0";"30";"0";"2";"0";"9";"0";""
"202200012246";"792 186";"A01";"0";"33";"0";"2";"7";"1";"1";""
"202200012246";"792 188";"B01";"0";"7";"0";"2";"1";"1";"1";""
"202200012247";"792 187";"A01";"2";"31";"6";"0";"1";"1";"1";""
"202200012248";"792 185";"A01";"1";"14";"0";"1";"2";"1";"1";""
"202200012249";"792 184";"A01";"1";"33";"0";"0";"7";"2";"1";""
"202200012250";"792 183";"A01";"2";"50";"0";"0";"0";"13";"3";""
"202200012251";"792 182";"A01";"3";"30";"15";"0";"1";"26";"1";""
"202200012252";"792 179";"B01";"3";"1";"0";"2";"9";"15";"5";""
"202200012252";"792 180";"A01";"3";"21";"0";"2";"2";"1";"0";""
"202200012253";"792 177";"A01";"2";"80";"0";"2";"1";"1";"3";""
"202200012253";"792 181";"Z01";"1";"7";"0";"2";"1";"15";"3";""
"202200012254";"792 178";"Z01";"3";"10";"0";"1";"1";"9";"0";""
"202200012255";"792 176";"A01";"1";"33";"0";"0";"8";"13";"1";""
"202200012256";"792 173";"B01";"1";"1";"0";"2";"8";"1";"5";""
"202200012256";"792 175";"A01";"1";"10";"0";"2";"7";"17";"1";""
"202200012257";"792 171";"B01";"0";"7";"0";"2";"1";"0";"1";""
"202200012257";"792 174";"FA01";"0";"7";"0";"2";"3";"15";"1";""
"202200012258";"792 170";"B01";"1";"10";"0";"2";"3";"11";"1";""
"202200012258";"792 172";"A01";"1";"33";"0";"2";"7";"1";"1";""
"202200012259";"792 168";"B01";"3";"2";"0";"2";"0";"23";"3";""
"202200012259";"792 169";"A01";"3";"7";"0";"2";"1";"1";"1";""
"202200012260";"792 167";"A01";"1";"7";"0";"1";"2";"1";"1";""
"202200012261";"792 166";"A01";"3";"30";"8";"0";"3";"21";"1";""
"202200012262";"792 163";"A01";"3";"30";"1";"0";"8";"19";"1";""
"202200012262";"792 165";"B01";"1";"10";"1";"0";"3";"1";"1";""
"202200012263";"792 162";"B01";"1";"32";"0";"2";"1";"15";"1";""
"202200012263";"792 164";"A01";"1";"7";"0";"2";"2";"1";"1";""
"202200012264";"792 160";"A01";"3";"7";"0";"2";"2";"1";"1";""
"202200012264";"792 161";"B01";"3";"34";"0";"2";"4";"23";"1";""
"202200012265";"792 158";"B01";"2";"33";"0";"2";"1";"1";"1";""
"202200012265";"792 159";"A01";"1";"1";"0";"2";"7";"19";"5";""
"202200012266";"792 157";"A01";"2";"7";"7";"0";"2";"16";"1";""
"202200012267";"792 153";"A01";"2";"32";"0";"1";"1";"1";"1";""