"Num_Acc";"id_vehicule";"num_veh";"senc";"catv";"obs";"obsm";"choc";"manv";"motor";"occutc"
"202200012486";"791 773";"A01";"1";"7";"8";"0";"1";"16";"1";""
"202200012487";"791 771";"A01";"1";"7";"0";"2";"8";"11";"1";""
"202200012487";"791 772";"B01";"1";"33";"0";"2";"1";"1";"1";""
"202200012488";"791 769";"B01";"1";"7";"6";"2";"1";"1";"1";""
"202200012488";"791 770";"A01";"3";"7";"6";"2";"8";"1";"1";""
"202200012489";"791 767";"A01";"1";"7";"0";"2";"1";"2";"1";""
"202200012489";"791 768";"Z01";"1";"10";"0";"2";"4";"2";"0";""
"202200012490";"791 765";"B01";"1";"30";"0";"2";"6";"1";"1";""
"202200012490";"791 766";"A01";"1";"7";"0";"2";"2";"1";"1";""
"202200012491";"791 764";"A01";"2";"7";"0";"1";"3";"16";"1";""
"202200012492";"791 763";"A01";"3";"7";"12";"0";"1";"19";"1";""
"202200012493";"791 761";"B01";"1";"7";"0";"2";"3";"13";"1";""
"202200012493";"791 762";"A01";"1";"32";"0";"2";"2";"15";"1";""
"202200012494";"791 760";"Z01";"1";"0";"0";"1";"7";"16";"0";""
"202200012495";"791 758";"B01";"2";"32";"0";"2";"5";"1";"1";""
"202200012495";"791 759";"A01";"2";"30";"0";"2";"8";"15";"1";""
"202200012496";"791 756";"B01";"2";"1";"0";"2";"6";"13";"5";""
"202200012496";"791 757";"A01";"2";"32";"0";"2";"2";"1";"1";""
"202200012497";"791 755";"A01";"2";"30";"0";"1";"1";"1";"3";""
"202200012498";"791 754";"A01";"1";"3";"0";"1";"5";"1";"3";""
"202200012499";"791 752";"A01";"2";"7";"0";"2";"8";"17";"1";""
"202200012499";"791 753";"B01";"1";"7";"0";"2";"1";"15";"2";""
"202200012500";"791 751";"A01";"2";"50";"0";"1";"1";"1";"3";""
"202200012501";"791 750";"A01";"1";"14";"0";"1";"5";"16";"0";""
"202200012502";"791 748";"B01";"2";"3";"0";"2";"0";"0";"0";""
"202200012502";"791 749";"A01";"2";"7";"0";"2";"1";"1";"0";""
"202200012503";"791 746";"B01";"1";"7";"0";"2";"3";"13";"1";""
"202200012503";"791 747";"A01";"2";"7";"0";"2";"3";"1";"1";""
"202200012504";"791 745";"A01";"2";"33";"0";"0";"1";"0";"1";""
"202200012505";"791 741";"A01";"2";"7";"0";"2";"3";"13";"1";""
"202200012505";"791 742";"B01";"2";"32";"0";"2";"2";"17";"1";""
"202200012506";"791 740";"A01";"1";"7";"8";"0";"3";"13";"1";""
"202200012507";"791 738";"A01";"1";"30";"0";"2";"1";"1";"1";""
"202200012507";"791 739";"B01";"1";"7";"0";"2";"5";"1";"1";""
"202200012508";"791 735";"A01";"1";"33";"0";"2";"2";"2";"1";""
"202200012508";"791 736";"B01";"1";"33";"0";"2";"6";"2";"1";""
"202200012508";"791 737";"C01";"1";"33";"16";"0";"0";"2";"1";""
"202200012509";"791 734";"A01";"2";"7";"13";"0";"2";"2";"1";""
"202200012510";"791 732";"A01";"3";"34";"0";"2";"8";"15";"1";""
"202200012510";"791 733";"B01";"3";"33";"0";"2";"1";"1";"1";""
"202200012511";"791 731";"A01";"3";"2";"8";"0";"1";"14";"1";""
"202200012512";"791 729";"A01";"2";"10";"0";"2";"1";"2";"1";""
"202200012512";"791 730";"B01";"2";"7";"3";"0";"4";"2";"1";""
"202200012513";"791 728";"A01";"3";"10";"0";"1";"3";"15";"1";""
"202200012514";"791 727";"A01";"1";"7";"7";"0";"9";"1";"1";""
"202200012515";"791 725";"B01";"1";"33";"0";"2";"1";"2";"1";""
"202200012515";"791 726";"A01";"1";"7";"0";"0";"5";"23";"1";""
"202200012516";"791 724";"A01";"2";"7";"3";"0";"2";"1";"1";""
"202200012517";"791 722";"A01";"1";"7";"11";"0";"3";"19";"1";""
"202200012517";"791 723";"B01";"2";"7";"0";"2";"2";"1";"1";""
"202200012518";"791 721";"A01";"2";"7";"15";"0";"1";"11";"1";""
"202200012519";"791 719";"A01";"1";"10";"2";"0";"3";"13";"1";""
"202200012520";"791 714";"A01";"1";"2";"0";"2";"7";"19";"1";""
"202200012520";"791 716";"B01";"2";"7";"0";"9";"1";"23";"1";""
"202200012520";"791 720";"C01";"1";"7";"0";"2";"1";"1";"1";""
"202200012521";"791 715";"A01";"2";"21";"0";"2";"6";"1";"1";""
"202200012521";"791 717";"B01";"1";"7";"0";"2";"3";"1";"1";""
"202200012521";"791 718";"C01";"2";"7";"0";"2";"3";"1";"1";""
"202200012522";"791 713";"A01";"1";"36";"13";"0";"2";"17";"1";""
"202200012523";"791 712";"A01";"3";"20";"0";"0";"0";"1";"1";""
"202200012524";"791 711";"A01";"1";"7";"0";"0";"0";"0";"0";""
"202200012525";"791 710";"A01";"1";"2";"13";"0";"7";"1";"1";""
"202200012526";"791 709";"A01";"1";"7";"0";"0";"0";"1";"1";""
"202200012527";"791 708";"A01";"0";"10";"6";"0";"1";"1";"1";""
"202200012528";"791 707";"A01";"1";"33";"2";"0";"1";"0";"1";""
"202200012529";"791 704";"B01";"3";"1";"0";"2";"1";"1";"5";""
"202200012529";"791 705";"A01";"3";"7";"0";"9";"3";"15";"2";""
"202200012530";"791 706";"A01";"2";"33";"13";"0";"7";"1";"1";""
"202200012531";"791 702";"A01";"2";"7";"2";"0";"1";"14";"1";""
"202200012532";"791 701";"B01";"1";"7";"0";"2";"3";"1";"1";""
"202200012532";"791 703";"A01";"1";"7";"0";"2";"1";"1";"1";""
"202200012533";"791 699";"A01";"2";"10";"16";"0";"1";"1";"1";""
"202200012534";"791 700";"A01";"1";"33";"0";"0";"1";"1";"1";""
"202200012535";"791 698";"A01";"1";"7";"0";"0";"9";"17";"1";""
"202200012536";"791 696";"A01";"2";"7";"0";"2";"3";"15";"1";""
"202200012536";"791 697";"B01";"1";"1";"0";"2";"3";"1";"5";""
"202200012537";"791 695";"A01";"1";"7";"13";"0";"9";"21";"1";""
"202200012538";"791 694";"A01";"0";"7";"0";"1";"4";"26";"1";""
"202200012539";"791 692";"B01";"2";"7";"0";"2";"3";"1";"1";""
"202200012539";"791 693";"A01";"2";"7";"0";"2";"3";"5";"1";""
"202200012540";"791 690";"B01";"1";"31";"0";"2";"8";"26";"1";""
"202200012540";"791 691";"A01";"1";"20";"0";"2";"5";"19";"1";""
"202200012541";"791 688";"A01";"2";"7";"0";"2";"2";"15";"1";""
"202200012541";"791 689";"B01";"2";"2";"0";"2";"1";"1";"1";""
"202200012542";"791 687";"A01";"1";"7";"13";"0";"0";"0";"1";""
"202200012543";"791 684";"B01";"1";"7";"3";"2";"1";"1";"1";""
"202200012543";"791 686";"A01";"2";"7";"0";"2";"1";"13";"1";""
"202200012544";"791 682";"A01";"1";"7";"8";"0";"0";"1";"1";""
"202200012545";"791 680";"A01";"2";"10";"0";"2";"1";"1";"1";""
"202200012545";"791 681";"B01";"2";"33";"0";"2";"8";"1";"1";""
"202200012546";"791 683";"B01";"2";"2";"0";"9";"4";"2";"1";""
"202200012546";"791 685";"A01";"2";"7";"15";"2";"2";"2";"1";""
"202200012547";"791 678";"A01";"0";"33";"14";"0";"1";"1";"1";""
"202200012548";"791 679";"A01";"1";"7";"6";"0";"2";"1";"1";""
"202200012549";"791 677";"A01";"2";"31";"0";"0";"7";"1";"1";""
"202200012550";"791 675";"A01";"2";"7";"0";"2";"2";"14";"1";""
"202200012550";"791 676";"B01";"2";"7";"0";"0";"3";"1";"1";""
"202200012551";"791 672";"B01";"1";"10";"0";"2";"1";"1";"1";""
"202200012551";"791 674";"A01";"2";"7";"0";"2";"3";"15";"1";""
"202200012552";"791 668";"A01";"2";"7";"0";"0";"1";"1";"1";""
"202200012553";"791 666";"A01";"1";"7";"0";"1";"1";"9";"1";""
"202200012554";"791 664";"A01";"1";"31";"4";"0";"0";"13";"1";""
"202200012555";"791 660";"A01";"2";"31";"12";"0";"0";"0";"1";""
"202200012556";"791 661";"A01";"1";"7";"4";"2";"1";"1";"1";""
"202200012556";"791 662";"B01";"1";"7";"0";"0";"1";"1";"1";""
"202200012556";"791 663";"C01";"1";"7";"15";"0";"1";"1";"1";""
"202200012556";"791 665";"D01";"1";"7";"0";"2";"1";"1";"1";""
"202200012556";"791 667";"E01";"1";"7";"0";"2";"1";"1";"2";""
"202200012556";"791 669";"F01";"1";"7";"0";"2";"1";"1";"1";""
"202200012556";"791 670";"G01";"1";"7";"0";"2";"4";"1";"1";""
"202200012556";"791 671";"H01";"1";"7";"0";"2";"1";"1";"1";""
"202200012556";"791 673";"I01";"1";"7";"0";"2";"7";"1";"1";""
"202200012557";"791 659";"A01";"3";"33";"0";"0";"1";"1";"1";""
"202200012558";"791 658";"A01";"3";"2";"0";"0";"8";"16";"1";""
"202200012559";"791 657";"A01";"0";"33";"0";"6";"1";"1";"1";""
"202200012560";"791 656";"A01";"1";"7";"4";"0";"3";"21";"1";""
"202200012561";"791 655";"A01";"2";"33";"0";"0";"0";"1";"1";""
"202200012562";"791 652";"B01";"0";"7";"0";"2";"1";"0";"1";""
"202200012562";"791 653";"A01";"0";"2";"0";"0";"4";"1";"1";""
"202200012563";"791 649";"A01";"3";"7";"0";"1";"2";"1";"1";""
"202200012564";"791 646";"E01";"2";"15";"0";"2";"1";"1";"1";""
"202200012564";"791 647";"A01";"2";"17";"0";"2";"8";"11";"1";""
"202200012564";"791 648";"C01";"2";"7";"0";"2";"1";"2";"1";""
"202200012564";"791 650";"D01";"2";"7";"0";"2";"1";"2";"1";""
"202200012564";"791 651";"B01";"2";"7";"0";"2";"7";"17";"1";""
"202200012564";"791 654";"F01";"1";"7";"0";"9";"1";"1";"1";""
"202200012565";"791 645";"A01";"1";"7";"13";"0";"9";"1";"1";""
"202200012566";"791 644";"A01";"1";"7";"13";"0";"3";"13";"1";""
"202200012567";"791 643";"A01";"1";"31";"13";"0";"0";"0";"1";""
"202200012568";"791 641";"A01";"2";"7";"13";"0";"3";"13";"1";""
"202200012569";"791 640";"A01";"2";"7";"0";"9";"3";"15";"1";""
"202200012569";"791 642";"B01";"2";"33";"0";"0";"2";"17";"1";""
"202200012570";"791 637";"A01";"1";"7";"6";"0";"1";"1";"1";""
"202200012571";"791 638";"B01";"3";"7";"0";"0";"4";"4";"1";""
"202200012571";"791 639";"A01";"3";"7";"0";"0";"1";"2";"3";""
"202200012572";"791 636";"A01";"3";"17";"0";"0";"8";"16";"1";""
"202200012573";"791 634";"B01";"2";"2";"0";"2";"1";"1";"1";""
"202200012573";"791 635";"A01";"2";"7";"0";"2";"6";"20";"1";""
"202200012574";"791 632";"B01";"2";"7";"0";"2";"1";"1";"2";""
"202200012574";"791 633";"A01";"1";"7";"0";"2";"7";"15";"1";""
"202200012575";"791 630";"A01";"2";"2";"0";"2";"3";"19";"1";""
"202200012575";"791 631";"B01";"2";"7";"0";"2";"1";"1";"1";""
"202200012576";"791 628";"B01";"0";"7";"0";"2";"1";"1";"1";""
"202200012576";"791 629";"A01";"0";"7";"0";"2";"1";"13";"1";""
"202200012577";"791 627";"A01";"1";"7";"3";"0";"1";"0";"1";""
"202200012578";"791 625";"A01";"2";"1";"0";"2";"3";"1";"5";""
"202200012578";"791 626";"B01";"1";"7";"0";"9";"3";"13";"1";""
"202200012579";"791 624";"A01";"1";"7";"0";"0";"1";"0";"1";""
"202200012580";"791 622";"A01";"1";"7";"2";"0";"0";"1";"1";""
"202200012581";"791 623";"A01";"2";"7";"2";"0";"3";"1";"1";""
"202200012582";"791 621";"A01";"2";"7";"6";"0";"1";"13";"1";""
"202200012583";"791 620";"A01";"2";"7";"2";"0";"2";"1";"1";""
"202200012584";"791 617";"B01";"2";"7";"0";"2";"3";"13";"1";""
"202200012584";"791 619";"A01";"1";"7";"0";"0";"3";"1";"1";""
"202200012585";"791 618";"A01";"1";"7";"0";"0";"9";"1";"1";""
"202200012586";"791 616";"A01";"1";"7";"14";"0";"1";"1";"1";""
"202200012587";"791 615";"A01";"1";"33";"13";"0";"8";"1";"1";""
"202200012588";"791 614";"A01";"3";"7";"5";"0";"3";"6";"2";""
"202200012589";"791 612";"A01";"2";"10";"0";"2";"3";"15";"1";""
"202200012589";"791 613";"B01";"2";"34";"0";"2";"1";"17";"1";""
"202200012590";"791 611";"A01";"1";"7";"0";"1";"3";"1";"1";""
"202200012591";"791 610";"A01";"0";"1";"13";"0";"0";"0";"5";""
"202200012592";"791 609";"A01";"1";"32";"3";"0";"2";"14";"1";""
"202200012593";"791 606";"A01";"1";"7";"0";"2";"1";"1";"1";""
"202200012593";"791 608";"B01";"2";"7";"0";"2";"7";"13";"1";""
"202200012594";"791 605";"A01";"0";"2";"0";"0";"8";"26";"1";""
"202200012595";"791 603";"A01";"0";"7";"0";"2";"0";"15";"0";""
"202200012595";"791 604";"B01";"3";"2";"0";"2";"1";"1";"1";""
"202200012596";"791 601";"B01";"2";"2";"0";"2";"1";"1";"1";""
"202200012596";"791 602";"A01";"1";"7";"0";"2";"3";"19";"1";""
"202200012597";"791 599";"A01";"1";"7";"0";"2";"3";"26";"1";""
"202200012597";"791 600";"B01";"2";"7";"0";"2";"3";"1";"1";""
"202200012598";"791 597";"A01";"2";"7";"0";"2";"2";"9";"1";""
"202200012598";"791 598";"B01";"1";"33";"0";"2";"6";"1";"1";""
"202200012599";"791 595";"B01";"0";"7";"0";"2";"3";"1";"1";""
"202200012599";"791 596";"A01";"3";"7";"0";"2";"3";"1";"1";""
"202200012600";"791 592";"A01";"2";"7";"0";"2";"2";"15";"1";""
"202200012600";"791 594";"B01";"1";"1";"0";"2";"1";"1";"5";""
"202200012601";"791 591";"A01";"1";"7";"0";"2";"4";"23";"1";""
"202200012601";"791 593";"B01";"1";"7";"0";"2";"1";"2";"1";""
"202200012602";"791 588";"B01";"3";"31";"0";"2";"1";"1";"1";""
"202200012602";"791 590";"A01";"3";"7";"0";"2";"2";"15";"2";""
"202200012603";"791 586";"C01";"2";"7";"0";"9";"0";"0";"0";""
"202200012603";"791 587";"B01";"2";"33";"0";"2";"1";"3";"1";""
"202200012603";"791 589";"A01";"2";"7";"0";"2";"4";"0";"1";""
"202200012604";"791 585";"A01";"2";"7";"0";"1";"3";"1";"1";""
"202200012605";"791 583";"B01";"2";"7";"0";"2";"5";"2";"1";""
"202200012605";"791 584";"A01";"2";"33";"0";"2";"1";"2";"1";""
"202200012606";"791 581";"A01";"3";"7";"3";"2";"7";"1";"1";""
"202200012606";"791 582";"B01";"1";"7";"0";"2";"1";"1";"1";""
"202200012607";"791 579";"B01";"2";"7";"0";"2";"4";"1";"1";""
"202200012607";"791 580";"A01";"2";"7";"0";"2";"1";"11";"1";""
"202200012608";"791 578";"A01";"2";"7";"15";"0";"9";"1";"1";""
"202200012609";"791 576";"A01";"2";"7";"0";"2";"2";"12";"1";""
"202200012609";"791 577";"B01";"2";"10";"0";"2";"6";"1";"1";""
"202200012610";"791 574";"A01";"1";"7";"0";"2";"2";"1";"1";""
"202200012610";"791 575";"B01";"0";"7";"0";"2";"3";"9";"1";""
"202200012611";"791 573";"A01";"1";"7";"4";"0";"8";"0";"1";""
"202200012612";"791 572";"A01";"2";"34";"0";"2";"0";"1";"1";""
"202200012613";"791 571";"A01";"1";"13";"4";"0";"3";"2";"1";""
"202200012614";"791 567";"A01";"2";"7";"0";"2";"4";"1";"1";""
"202200012614";"791 570";"B01";"2";"7";"0";"2";"1";"1";"1";""
"202200012615";"791 566";"A01";"2";"7";"0";"2";"1";"1";"1";""
"202200012615";"791 568";"B01";"2";"7";"0";"0";"2";"1";"1";""
"202200012615";"791 569";"C01";"2";"7";"0";"2";"1";"1";"1";""
"202200012616";"791 564";"A01";"1";"7";"3";"0";"3";"1";"1";""
"202200012617";"791 563";"A01";"1";"7";"0";"2";"6";"2";"1";""
"202200012617";"791 565";"B01";"1";"31";"0";"2";"1";"2";"1";""
"202200012618";"791 560";"A01";"2";"10";"14";"1";"2";"1";"1";""
"202200012619";"791 558";"D01";"1";"7";"0";"2";"6";"1";"3";""
"202200012619";"791 559";"C01";"1";"10";"0";"2";"4";"2";"1";""
"202200012619";"791 561";"B01";"1";"31";"0";"2";"4";"2";"1";""
"202200012619";"791 562";"A01";"1";"7";"0";"2";"2";"2";"1";""
"202200012620";"791 555";"B01";"2";"7";"0";"2";"1";"1";"0";""
"202200012620";"791 556";"A01";"1";"60";"0";"2";"1";"26";"5";""
"202200012621";"791 554";"B01";"2";"7";"4";"2";"6";"1";"1";""
"202200012621";"791 557";"A01";"2";"7";"0";"2";"2";"1";"1";""
"202200012622";"791 551";"A01";"1";"7";"0";"2";"0";"0";"1";""
"202200012622";"791 553";"B01";"2";"50";"0";"2";"0";"0";"3";""
"202200012623";"791 550";"A01";"1";"7";"13";"0";"9";"0";"1";""
"202200012624";"791 548";"A01";"2";"7";"4";"0";"3";"1";"1";""
"202200012625";"791 549";"Z01";"1";"7";"0";"1";"1";"1";"1";""
"202200012626";"791 545";"A01";"1";"7";"0";"2";"7";"0";"1";""
"202200012626";"791 546";"B01";"1";"7";"0";"2";"8";"0";"1";""
"202200012626";"791 547";"C01";"1";"7";"0";"2";"0";"0";"2";""
"202200012627";"791 543";"B01";"1";"7";"0";"2";"6";"1";"1";""
"202200012627";"791 544";"A01";"1";"2";"0";"2";"7";"18";"1";""
"202200012628";"791 542";"A01";"1";"43";"6";"0";"2";"11";"1";""
"202200012629";"791 541";"A01";"2";"7";"0";"1";"1";"1";"1";""
"202200012630";"791 540";"Z01";"3";"7";"0";"1";"1";"26";"0";""
"202200012631";"791 537";"A01";"1";"7";"0";"2";"7";"15";"1";""
"202200012631";"791 539";"B01";"1";"7";"0";"2";"1";"1";"1";""
"202200012632";"791 535";"C01";"2";"7";"0";"2";"4";"2";"1";""
"202200012632";"791 536";"B01";"2";"10";"0";"2";"4";"2";"1";""
"202200012632";"791 538";"A01";"2";"33";"0";"2";"1";"2";"1";""
"202200012633";"791 533";"A01";"1";"7";"0";"2";"8";"20";"1";""
"202200012633";"791 534";"B01";"1";"32";"0";"2";"1";"1";"1";""
"202200012634";"791 530";"B01";"1";"7";"0";"2";"8";"1";"2";""
"202200012634";"791 532";"A01";"2";"7";"0";"2";"3";"1";"1";""
"202200012635";"791 529";"A01";"1";"1";"0";"2";"1";"1";"5";""
"202200012635";"791 531";"B01";"1";"7";"0";"2";"5";"1";"1";""
"202200012636";"791 527";"B01";"3";"7";"0";"2";"5";"0";"1";""
"202200012636";"791 528";"A01";"2";"30";"0";"2";"5";"26";"1";""
"202200012637";"791 526";"B01";"1";"7";"0";"2";"1";"1";"1";""
"202200012638";"791 524";"B01";"1";"7";"0";"2";"0";"0";"1";""
"202200012638";"791 525";"A01";"1";"30";"1";"0";"0";"1";"1";""
"202200012639";"791 522";"B01";"1";"7";"0";"2";"4";"1";"1";""
"202200012639";"791 523";"A01";"1";"7";"0";"2";"1";"1";"1";""
"202200012640";"791 520";"A01";"2";"7";"0";"2";"7";"15";"1";""
"202200012640";"791 521";"B01";"1";"33";"0";"2";"1";"1";"1";""
"202200012641";"791 516";"B01";"1";"33";"0";"2";"8";"1";"1";""
"202200012641";"791 518";"A01";"1";"7";"0";"2";"8";"10";"1";""
"202200012642";"791 514";"A01";"3";"99";"14";"2";"1";"26";"1";""
"202200012642";"791 515";"B01";"3";"99";"0";"2";"4";"2";"1";""
"202200012642";"791 517";"C01";"3";"99";"0";"2";"1";"2";"1";""
"202200012642";"791 519";"D01";"3";"99";"0";"2";"1";"2";"1";""
"202200012643";"791 512";"B01";"3";"0";"0";"2";"7";"15";"0";""
"202200012643";"791 513";"A01";"3";"30";"0";"2";"2";"1";"1";""
"202200012644";"791 510";"B01";"3";"7";"0";"2";"0";"0";"1";""
"202200012644";"791 511";"A01";"2";"7";"0";"2";"2";"13";"1";""
"202200012645";"791 508";"B01";"1";"10";"0";"2";"4";"1";"1";""
"202200012645";"791 509";"A01";"1";"33";"0";"2";"1";"1";"1";""
"202200012646";"791 505";"A01";"2";"33";"0";"0";"8";"9";"1";""
"202200012647";"791 504";"A01";"2";"10";"0";"2";"1";"2";"1";""
"202200012647";"791 506";"C01";"2";"7";"0";"2";"1";"2";"3";""
"202200012647";"791 507";"B01";"2";"7";"0";"2";"4";"2";"1";""
"202200012648";"791 501";"B01";"2";"2";"0";"2";"8";"1";"1";""
"202200012648";"791 503";"A01";"1";"7";"0";"2";"8";"15";"1";""
"202200012649";"791 499";"A01";"3";"7";"1";"0";"6";"16";"3";""
"202200012649";"791 500";"B01";"3";"7";"0";"2";"7";"24";"1";""
"202200012649";"791 502";"C01";"3";"7";"0";"2";"7";"24";"1";""
"202200012650";"791 497";"A01";"3";"2";"0";"2";"1";"17";"1";""
"202200012650";"791 498";"B01";"3";"7";"0";"2";"3";"20";"1";""
"202200012651";"791 496";"A01";"1";"7";"0";"1";"1";"0";"1";""
"202200012652";"791 494";"B01";"3";"31";"0";"2";"1";"1";"1";""
"202200012652";"791 495";"A01";"3";"7";"0";"2";"1";"11";"1";""
"202200012653";"791 492";"A01";"2";"2";"0";"2";"8";"19";"1";""
"202200012653";"791 493";"B01";"2";"7";"0";"2";"1";"16";"1";""
"202200012654";"791 491";"A01";"2";"7";"0";"0";"0";"13";"1";""
"202200012655";"791 488";"A01";"1";"7";"1";"0";"3";"2";"1";""
"202200012656";"791 489";"B01";"1";"7";"0";"2";"6";"1";"1";""
"202200012656";"791 490";"A01";"1";"7";"12";"2";"1";"16";"3";""
"202200012657";"791 486";"A01";"0";"60";"0";"1";"1";"1";"5";""
"202200012658";"791 484";"B01";"3";"1";"0";"2";"7";"0";"5";""
"202200012658";"791 487";"A01";"3";"7";"0";"9";"1";"9";"1";""
"202200012659";"791 483";"B01";"2";"50";"0";"2";"7";"19";"3";""
"202200012659";"791 485";"A01";"2";"7";"0";"2";"1";"1";"1";""
"202200012660";"791 481";"A01";"2";"2";"0";"2";"1";"2";"1";""
"202200012660";"791 482";"B01";"2";"7";"0";"2";"4";"0";"1";""
"202200012661";"791 479";"B01";"3";"31";"0";"2";"1";"1";"1";""
"202200012661";"791 480";"A01";"3";"7";"0";"2";"1";"1";"1";""
"202200012662";"791 478";"A01";"3";"7";"0";"1";"4";"4";"1";""
"202200012663";"791 476";"A01";"2";"7";"0";"1";"0";"26";"1";""
"202200012664";"791 475";"B01";"2";"2";"0";"2";"1";"17";"0";""
"202200012664";"791 477";"A01";"2";"7";"0";"2";"8";"11";"0";""
"202200012665";"791 473";"A01";"1";"7";"0";"1";"2";"1";"1";""
"202200012666";"791 472";"B01";"3";"7";"0";"2";"1";"1";"1";""
"202200012666";"791 474";"A01";"3";"2";"0";"2";"1";"10";"1";""
"202200012667";"791 471";"Z01";"0";"7";"0";"0";"0";"0";"0";""
"202200012668";"791 469";"A01";"3";"7";"0";"2";"3";"9";"1";""
"202200012668";"791 470";"B01";"3";"2";"0";"2";"7";"1";"1";""
"202200012669";"791 468";"A01";"1";"2";"1";"0";"1";"14";"1";""
"202200012670";"791 466";"A01";"2";"7";"0";"2";"6";"20";"1";""
"202200012670";"791 467";"B01";"2";"32";"0";"2";"2";"1";"1";""
"202200012671";"791 465";"A01";"2";"7";"15";"0";"2";"1";"1";""
"202200012672";"791 464";"A01";"1";"7";"0";"1";"3";"1";"1";""
"202200012673";"791 462";"B01";"2";"31";"0";"2";"8";"1";"1";""
"202200012673";"791 463";"A01";"2";"7";"0";"2";"1";"9";"1";""
"202200012674";"791 460";"A01";"1";"32";"12";"0";"2";"14";"1";""
"202200012675";"791 461";"A01";"1";"7";"0";"1";"4";"20";"1";""
"202200012676";"791 459";"A01";"1";"7";"2";"0";"1";"1";"1";""
"202200012677";"791 458";"A01";"1";"7";"0";"9";"1";"2";"1";""
"202200012678";"791 457";"A01";"1";"30";"0";"0";"1";"2";"1";""
"202200012679";"791 456";"A01";"2";"33";"0";"0";"8";"15";"1";""
"202200012680";"791 453";"A01";"2";"15";"0";"9";"2";"16";"1";""
"202200012680";"791 455";"B01";"2";"1";"0";"2";"3";"1";"5";""
"202200012681";"791 454";"A01";"1";"30";"0";"0";"1";"1";"1";""
"202200012682";"791 451";"A01";"1";"7";"6";"0";"1";"1";"1";""
"202200012683";"791 450";"A01";"3";"7";"14";"0";"1";"6";"1";""
"202200012684";"791 448";"A01";"1";"14";"0";"0";"8";"1";"1";""
"202200012684";"791 449";"B01";"1";"31";"0";"0";"2";"17";"1";""
"202200012685";"791 447";"A01";"3";"7";"9";"0";"1";"1";"1";""
"202200012686";"791 446";"A01";"3";"7";"8";"0";"7";"15";"1";""
"202200012687";"791 444";"B01";"3";"37";"0";"2";"4";"23";"1";"1"
"202200012687";"791 445";"A01";"3";"7";"0";"2";"1";"1";"1";""
"202200012688";"791 442";"B01";"1";"7";"0";"2";"3";"1";"2";""
"202200012688";"791 443";"A01";"2";"33";"8";"2";"1";"13";"1";""
"202200012689";"791 440";"B01";"3";"7";"0";"2";"0";"16";"1";""
"202200012689";"791 441";"A01";"3";"32";"0";"2";"8";"7";"1";""
"202200012690";"791 437";"A01";"1";"7";"12";"2";"3";"9";"1";""
"202200012690";"791 438";"B01";"1";"7";"2";"2";"5";"0";"1";""
"202200012690";"791 439";"C01";"1";"7";"0";"2";"0";"0";"1";""
"202200012691";"791 436";"A01";"3";"30";"0";"0";"0";"1";"1";""
"202200012692";"791 431";"B01";"0";"30";"0";"2";"1";"1";"1";""
"202200012692";"791 433";"A01";"0";"7";"0";"2";"3";"15";"1";""
"202200012693";"791 432";"B01";"1";"7";"0";"2";"1";"1";"1";""
"202200012693";"791 435";"A01";"2";"7";"0";"2";"8";"15";"1";""
"202200012694";"791 430";"A01";"1";"7";"0";"1";"1";"1";"1";""
"202200012695";"791 428";"A01";"0";"31";"0";"2";"8";"18";"1";""
"202200012695";"791 429";"B01";"0";"7";"0";"2";"2";"1";"3";""
"202200012696";"791 427";"A01";"1";"7";"8";"0";"2";"26";"1";""
"202200012697";"791 425";"A01";"0";"7";"0";"1";"2";"1";"0";""
"202200012698";"791 424";"A01";"2";"7";"6";"2";"1";"2";"1";""
"202200012698";"791 426";"B01";"1";"7";"0";"2";"3";"15";"1";""
"202200012699";"791 423";"A01";"2";"7";"0";"1";"3";"19";"1";""
"202200012700";"791 422";"A01";"0";"7";"2";"0";"1";"13";"1";""
"202200012701";"791 421";"A01";"1";"7";"0";"2";"1";"1";"1";""
"202200012702";"791 420";"F01";"1";"34";"0";"1";"6";"17";"1";""
"202200012703";"791 418";"B01";"2";"7";"0";"2";"4";"2";"1";""
"202200012703";"791 419";"A01";"2";"7";"0";"2";"1";"2";"2";""
"202200012704";"791 416";"B01";"3";"10";"1";"2";"5";"0";"1";""
"202200012704";"791 417";"A01";"2";"34";"0";"2";"1";"1";"1";""
"202200012705";"791 415";"A01";"3";"7";"0";"1";"2";"15";"3";""
"202200012706";"791 414";"A01";"1";"37";"0";"1";"2";"21";"3";"1"
"202200012707";"791 412";"A01";"2";"7";"0";"2";"1";"1";"1";""
"202200012707";"791 413";"B01";"1";"3";"0";"2";"8";"1";"1";""
"202200012708";"791 411";"A01";"1";"7";"0";"1";"3";"1";"1";""
"202200012709";"791 409";"A01";"3";"33";"12";"0";"1";"26";"1";""
"202200012710";"791 408";"B01";"1";"38";"0";"2";"6";"0";"1";"1"
"202200012710";"791 410";"A01";"2";"7";"1";"0";"1";"1";"1";""
"202200012711";"791 405";"A01";"1";"7";"1";"0";"2";"13";"1";""
"202200012711";"791 407";"B01";"1";"7";"0";"2";"3";"26";"1";""
"202200012712";"791 404";"A01";"3";"7";"0";"9";"2";"16";"1";""
"202200012712";"791 406";"B01";"3";"1";"0";"2";"7";"1";"5";""
"202200012713";"791 401";"A01";"1";"30";"0";"2";"8";"16";"1";""
"202200012713";"791 403";"B01";"1";"30";"0";"2";"1";"1";"1";""