"Num_Acc";"id_vehicule";"num_veh";"senc";"catv";"obs";"obsm";"choc";"manv";"motor";"occutc"
"202200012714";"791 400";"B01";"2";"33";"0";"2";"1";"1";"1";""
"202200012714";"791 402";"A01";"1";"7";"0";"2";"7";"1";"2";""
"202200012715";"791 398";"A01";"3";"7";"0";"1";"2";"2";"1";""
"202200012716";"791 396";"C01";"1";"7";"0";"2";"6";"1";"1";""
"202200012716";"791 397";"B01";"2";"30";"0";"2";"1";"1";"1";""
"202200012716";"791 399";"A01";"1";"33";"0";"2";"1";"17";"1";""
"202200012717";"791 394";"A01";"0";"1";"0";"0";"0";"1";"5";""
"202200012718";"791 393";"B01";"3";"33";"0";"2";"1";"1";"1";""
"202200012718";"791 395";"A01";"3";"7";"0";"2";"2";"15";"1";""
"202200012719";"791 388";"Z01";"1";"7";"0";"2";"0";"12";"0";""
"202200012719";"791 390";"B01";"1";"7";"0";"2";"6";"1";"2";""
"202200012719";"791 392";"A01";"1";"33";"0";"2";"3";"14";"1";""
"202200012720";"791 387";"A01";"1";"7";"12";"1";"1";"1";"1";""
"202200012720";"791 389";"B01";"1";"7";"12";"9";"1";"0";"1";""
"202200012720";"791 391";"C01";"1";"7";"12";"2";"1";"1";"1";""
"202200012721";"791 385";"A01";"0";"7";"0";"1";"2";"16";"1";""
"202200012722";"791 384";"B01";"1";"1";"0";"2";"8";"17";"5";""
"202200012722";"791 386";"A01";"1";"1";"0";"2";"7";"13";"5";""
"202200012723";"791 383";"A01";"1";"7";"0";"1";"1";"1";"1";""
"202200012724";"791 378";"A01";"1";"37";"0";"2";"1";"1";"1";"1"
"202200012724";"791 379";"C01";"1";"7";"0";"2";"4";"1";"2";""
"202200012724";"791 381";"B01";"1";"7";"0";"2";"4";"1";"1";""
"202200012725";"791 380";"A01";"2";"50";"0";"2";"1";"1";"3";""
"202200012725";"791 382";"B01";"2";"7";"0";"2";"3";"15";"1";""
"202200012726";"791 375";"A01";"3";"7";"0";"2";"1";"15";"1";""
"202200012726";"791 376";"B01";"3";"7";"0";"2";"1";"1";"1";""
"202200012727";"791 374";"A01";"2";"7";"0";"2";"2";"15";"2";""
"202200012727";"791 377";"B01";"1";"2";"0";"2";"1";"1";"1";""
"202200012728";"791 373";"A01";"1";"7";"4";"0";"2";"1";"1";""
"202200012729";"791 371";"B01";"2";"2";"0";"2";"1";"1";"1";""
"202200012729";"791 372";"A01";"1";"7";"0";"2";"7";"1";"1";""
"202200012730";"791 370";"Z01";"1";"7";"14";"1";"0";"0";"0";""
"202200012731";"791 368";"A01";"2";"7";"0";"2";"3";"22";"1";""
"202200012731";"791 369";"B01";"2";"1";"0";"2";"2";"1";"5";""
"202200012732";"791 366";"A01";"3";"10";"0";"2";"1";"1";"1";""
"202200012732";"791 367";"B01";"3";"7";"0";"2";"4";"1";"1";""
"202200012733";"791 364";"B01";"2";"50";"0";"0";"0";"0";"3";""
"202200012733";"791 365";"A01";"1";"7";"0";"0";"3";"1";"1";""
"202200012734";"791 359";"B01";"3";"1";"0";"2";"6";"1";"5";""
"202200012734";"791 361";"A01";"3";"7";"0";"9";"2";"15";"1";""
"202200012735";"791 360";"B01";"2";"7";"0";"2";"4";"23";"1";""
"202200012735";"791 362";"C01";"2";"7";"0";"2";"4";"23";"1";""
"202200012735";"791 363";"Z01";"2";"7";"0";"2";"1";"1";"0";""
"202200012736";"791 358";"A01";"3";"7";"13";"0";"1";"1";"1";""
"202200012737";"791 357";"A01";"1";"50";"9";"2";"1";"1";"3";""
"202200012738";"791 356";"A01";"1";"7";"0";"1";"1";"1";"1";""
"202200012739";"791 354";"A01";"1";"2";"0";"0";"1";"1";"3";""
"202200012740";"791 351";"C01";"1";"7";"0";"2";"4";"23";"0";""
"202200012740";"791 352";"B01";"1";"7";"0";"2";"4";"23";"1";""
"202200012740";"791 353";"A01";"1";"7";"0";"2";"1";"1";"0";""
"202200012741";"791 349";"B01";"1";"7";"0";"2";"4";"2";"2";""
"202200012741";"791 355";"A01";"1";"7";"0";"2";"1";"2";"1";""
"202200012742";"791 348";"B01";"2";"7";"0";"2";"1";"1";"1";""
"202200012742";"791 350";"A01";"1";"50";"0";"2";"0";"19";"3";""
"202200012743";"791 346";"B01";" -1";"0";"0";"2";"1";"1";" -1";""
"202200012743";"791 347";"A01";"0";"7";"0";"0";"4";"23";"1";""
"202200012744";"791 344";"B01";"1";"1";"0";"2";"1";"1";"5";""
"202200012744";"791 345";"A01";"2";"7";"0";"2";"7";"15";"1";""
"202200012745";"791 342";"A01";"0";"7";"0";"2";"3";"1";"1";""
"202200012745";"791 343";"B01";"3";"33";"0";"2";"2";"1";"1";""
"202200012746";"791 340";"A01";"1";"10";"0";"2";"2";"1";"1";""
"202200012746";"791 341";"B01";"2";"34";"0";"2";"1";"1";"1";""
"202200012747";"791 338";"B01";"0";"7";"0";"2";"2";"15";"1";""
"202200012747";"791 339";"A01";"0";"7";"7";"2";"1";"1";"2";""
"202200012748";"791 336";"A01";"1";"42";"0";"1";"1";"1";"1";""
"202200012749";"791 335";"A01";"1";"7";"0";"2";"1";"13";"0";""
"202200012749";"791 337";"B01";"2";"7";"0";"2";"1";"1";"1";""
"202200012750";"791 334";"A01";"3";"7";"0";"1";"1";"1";"6";""
"202200012751";"791 332";"B01";"0";"1";"1";"0";"1";"0";"5";""
"202200012751";"791 333";"A01";"0";"7";"0";"2";"2";"0";"1";""
"202200012752";"791 330";"A01";"2";"30";"8";"0";"1";"14";"1";""
"202200012753";"791 331";"A01";"1";"10";"0";"1";"1";"1";"1";""
"202200012754";"791 328";"A01";"3";"3";"0";"2";"3";"1";"1";""
"202200012754";"791 329";"B01";"3";"2";"0";"2";"7";"1";"1";""
"202200012755";"791 327";"A01";"2";"7";"0";"0";"0";"1";"1";""
"202200012756";"791 326";"A01";"2";"7";"0";"0";"9";"0";"1";""
"202200012757";"791 325";"A01";"1";"33";"0";"6";"1";"1";"1";""
"202200012758";"791 323";"A01";"1";"10";"0";"9";"7";"17";"1";""
"202200012758";"791 324";"B01";"1";"1";"0";"2";"4";"1";"5";""
"202200012759";"791 321";"B01";"2";"33";"0";"2";"2";"2";"1";""
"202200012759";"791 322";"A01";"2";"2";"0";"2";"5";"2";"1";""
"202200012760";"791 319";"B01";"0";"7";"0";"2";"3";"1";"2";""
"202200012760";"791 320";"A01";"3";"7";"0";"2";"3";"13";"1";""
"202200012761";"791 316";"A01";"2";"7";"2";"0";"2";"2";"1";""
"202200012762";"791 315";"B01";"0";"7";"0";"2";"1";"1";"1";""
"202200012762";"791 317";"A01";"0";"7";"2";"0";"8";"19";"1";""
"202200012763";"791 314";"A01";"3";"7";"8";"0";"8";"0";"1";""
"202200012764";"791 313";"A01";"2";"7";"0";"1";"1";"1";"1";""
"202200012765";"791 312";"A01";"1";"33";"0";"0";"0";"0";"1";""
"202200012766";"791 318";"A01";"1";"7";"0";"1";"3";"16";"1";""
"202200012767";"791 309";"A01";"3";"10";"0";"1";"4";"4";"1";""
"202200012768";"791 307";"A01";"1";"33";"0";"2";"1";"1";"1";""
"202200012768";"791 308";"B01";"2";"7";"0";"2";"3";"23";"1";""
"202200012768";"791 310";"C01";"1";"38";"0";"2";"5";"10";"1";"1"
"202200012769";"791 304";"B01";"2";"1";"0";"2";"4";"19";"5";""
"202200012769";"791 306";"A01";"2";"7";"0";"9";"1";"1";"1";""
"202200012770";"791 302";"A01";"1";"10";"0";"2";"2";"3";"6";""
"202200012770";"791 305";"B01";"2";"7";"13";"0";"8";"15";"1";""
"202200012771";"791 300";"A01";"3";"32";"1";"0";"1";"14";"1";""
"202200012772";"791 301";"A01";"1";"7";"8";"0";"0";"1";"1";""
"202200012773";"791 299";"A01";"2";"7";"13";"0";"2";"1";"1";""
"202200012774";"791 303";"A01";"0";"7";"0";"1";"0";"1";"1";""
"202200012775";"791 296";"A01";"2";"33";"16";"0";"1";"14";"1";""
"202200012776";"791 297";"A01";"1";"7";"0";"2";"8";"15";"1";""
"202200012776";"791 298";"B01";"1";"7";"0";"2";"1";"17";"1";""
"202200012777";"791 295";"A01";"1";"33";"11";"0";"1";"17";"1";""
"202200012778";"791 294";"A01";"2";"7";"6";"0";"1";"1";"1";""
"202200012779";"791 292";"A01";"2";"7";"0";"2";"2";"1";"1";""
"202200012779";"791 293";"B01";"1";"1";"0";"2";"7";"19";"5";""
"202200012780";"791 290";"B01";"1";"31";"0";"2";"4";"1";"6";""
"202200012780";"791 291";"A01";"1";"7";"0";"2";"1";"2";"6";""
"202200012781";"791 287";"B01";"2";"7";"0";"2";"1";"1";"1";""
"202200012781";"791 288";"A01";"2";"15";"0";"2";"4";"1";"1";""
"202200012782";"791 285";"A01";"3";"31";"8";"0";"1";"0";"1";""
"202200012783";"791 283";"B01";"2";"1";"0";"2";"6";"2";"5";""
"202200012783";"791 284";"A01";"2";"2";"0";"2";"1";"2";"3";""
"202200012784";"791 286";"A01";"2";"7";"0";"2";"8";"1";"1";""
"202200012784";"791 289";"B01";"1";"7";"0";"2";"1";"15";"1";""
"202200012785";"791 281";"B01";"2";"7";"0";"0";"4";"1";"1";""
"202200012785";"791 282";"A01";"2";"7";"0";"2";"1";"1";"1";""
"202200012786";"791 278";"A01";"1";"7";"0";"2";"7";"15";"1";""
"202200012786";"791 280";"B01";"2";"33";"0";"2";"1";"1";"1";""
"202200012787";"791 275";"C01";"1";"7";"0";"2";"3";"23";"1";""
"202200012787";"791 276";"B01";"1";"7";"0";"2";"1";"1";"1";""
"202200012787";"791 277";"A01";"2";"99";"0";"2";"2";"15";"1";""
"202200012788";"791 271";"A01";"0";"7";"0";"2";"1";"0";"1";""
"202200012788";"791 273";"B01";"0";"7";"0";"2";"1";"0";"1";""
"202200012789";"791 272";"A01";"2";"7";"0";"2";"1";"15";"1";""
"202200012789";"791 274";"B01";"1";"2";"0";"2";"1";"1";"1";""
"202200012790";"791 268";"B01";"2";"7";"0";"2";"4";"23";"1";""
"202200012790";"791 270";"A01";"2";"10";"0";"2";"1";"2";"1";""
"202200012791";"791 267";"B01";"3";"7";"0";"2";"1";"9";"1";""
"202200012791";"791 269";"A01";"3";"33";"0";"2";"7";"1";"1";""
"202200012792";"791 266";"A01";"3";"7";"15";"1";"1";"25";"1";""
"202200012793";"791 263";"B01";"1";"2";"0";"2";"2";"1";"1";""
"202200012793";"791 264";"A01";"1";"7";"0";"2";"3";"15";"1";""
"202200012794";"791 262";"A01";"1";"7";"0";"2";"1";"19";"1";""
"202200012794";"791 265";"B01";"1";"7";"0";"2";"3";"19";"1";""
"202200012795";"791 260";"A01";"2";"7";"0";"2";"2";"16";"1";""
"202200012795";"791 261";"B01";"2";"1";"0";"2";"5";"1";"0";""
"202200012796";"791 259";"Z01";"1";"7";"0";"1";"2";"26";"0";""
"202200012797";"791 258";"A01";"3";"30";"0";"1";"3";"25";"1";""
"202200012798";"791 256";"A01";"1";"99";"0";"2";"3";"15";"1";""
"202200012798";"791 257";"B01";"1";"32";"0";"2";"1";"1";"1";""
"202200012799";"791 255";"A01";"3";"7";"0";"1";"1";"15";"1";""
"202200012800";"791 251";"A01";"2";"7";"8";"0";"3";"2";"1";""
"202200012801";"791 252";"A01";"3";"7";"0";"2";"3";"0";"1";""
"202200012801";"791 253";"B01";"0";"7";"0";"2";"1";"0";"1";""
"202200012802";"791 249";"B01";"1";"7";"0";"2";"4";"23";"1";""
"202200012802";"791 250";"A01";"1";"7";"0";"2";"1";"2";"1";""
"202200012803";"791 247";"A01";"1";"7";"0";"1";"2";"14";"1";""
"202200012804";"791 246";"B01";"3";"10";"0";"2";"3";"15";"1";""
"202200012804";"791 248";"A01";"3";"32";"0";"2";"2";"17";"1";""
"202200012805";"791 244";"A01";"2";"7";"0";"2";"8";"19";"1";""
"202200012805";"791 245";"B01";"1";"10";"0";"2";"1";"1";"1";""
"202200012806";"791 242";"B01";"1";"30";"12";"2";"1";"1";"1";""
"202200012806";"791 243";"A01";"2";"7";"0";"2";"0";"15";"1";""
"202200012807";"791 241";"A01";"0";"7";"0";"1";"1";"16";"1";""
"202200012808";"791 237";"B01";"0";"2";"0";"2";"1";"0";"1";""
"202200012808";"791 239";"A01";"3";"7";"0";"2";"2";"0";"1";""
"202200012809";"791 238";"A01";"3";"7";"0";"2";"5";"15";"1";""
"202200012809";"791 240";"B01";"3";"2";"0";"2";"1";"1";"1";""
"202200012810";"791 235";"A01";"3";"7";"0";"2";"2";"19";"1";""
"202200012810";"791 236";"B01";"3";"7";"0";"2";"7";"1";"1";""
"202200012811";"791 230";"A01";"2";"1";"0";"2";"7";"13";"5";""
"202200012811";"791 234";"B01";"1";"7";"0";"2";"2";"0";"1";""
"202200012812";"791 231";"A01";"1";"7";"4";"2";"1";"1";"1";""
"202200012812";"791 232";"B01";"2";"7";"0";"2";"3";"1";"0";""
"202200012813";"791 229";"A01";"1";"7";"3";"0";"8";"17";"1";""
"202200012814";"791 224";"C01";"2";"7";"0";"2";"4";"23";"1";""
"202200012814";"791 226";"B01";"2";"33";"0";"2";"4";"23";"1";""
"202200012814";"791 228";"A01";"2";"7";"0";"2";"1";"2";"1";""
"202200012815";"791 223";"B01";"3";"7";"0";"2";"8";"1";"1";""
"202200012815";"791 227";"A01";"3";"7";"0";"2";"1";"19";"1";""
"202200012816";"791 222";"B01";"1";"7";"13";"2";"1";"1";"1";""
"202200012816";"791 225";"A01";"2";"7";"0";"2";"1";"15";"1";""
"202200012817";"791 215";"A01";" -1";"2";"0";"0";"0";"0";"1";""
"202200012818";"791 214";"D01";"2";"7";"0";"2";"4";"2";"1";""
"202200012818";"791 217";"C01";"2";"7";"0";"2";"2";"2";"1";""
"202200012818";"791 219";"B01";"2";"7";"0";"2";"6";"2";"1";""
"202200012818";"791 221";"A01";"2";"32";"0";"2";"1";"3";"1";""
"202200012819";"791 212";"A01";"1";"7";"13";"0";"1";"1";"1";""
"202200012820";"791 209";"A01";"1";"7";"16";"0";"1";"1";"1";""
"202200012821";"791 207";"A01";"1";"7";"13";"0";"3";"1";"1";""
"202200012822";"791 202";"F01";"2";"7";"0";"2";"4";"2";"1";""
"202200012822";"791 204";"E01";"2";"7";"0";"2";"4";"2";"1";""
"202200012822";"791 206";"D01";"2";"7";"0";"2";"4";"2";"1";""
"202200012822";"791 208";"C01";"2";"7";"0";"2";"4";"2";"2";""
"202200012822";"791 210";"B01";"2";"7";"0";"2";"4";"2";"1";""
"202200012822";"791 211";"A01";"2";"10";"0";"2";"1";"2";"1";""
"202200012823";"791 201";"A01";"1";"10";"0";"1";"2";"1";"1";""
"202200012824";"791 199";"A01";"2";"7";"13";"0";"1";"1";"1";""
"202200012825";"791 198";"A01";"1";"7";"0";"1";"1";"1";"1";""
"202200012826";"791 197";"B01";"2";"10";"0";"2";"3";"15";"1";""
"202200012826";"791 200";"A01";"1";"50";"0";"2";"1";"1";"3";""
"202200012827";"791 195";"B01";"2";"7";"0";"1";"1";"1";"1";""
"202200012828";"791 193";"A01";"2";"7";"0";"1";"3";"15";"1";""
"202200012829";"791 194";"A01";"3";"50";"0";"2";"1";"19";"3";""
"202200012829";"791 196";"B01";"3";"7";"0";"2";"8";"1";"1";""
"202200012830";"791 190";"A01";"3";"30";"0";"2";"4";"1";"1";""
"202200012830";"791 191";"Z01";"3";"7";"0";"2";"1";"1";"0";""
"202200012831";"791 188";"A01";"1";"33";"0";"1";"2";"13";"1";""
"202200012832";"791 187";"A01";"1";"7";"0";"0";"4";"1";"1";""
"202200012832";"791 189";"B01";"1";"7";"0";"2";"1";"1";"1";""
"202200012832";"791 192";"C01";"1";"7";"0";"2";"1";"2";"1";""
"202200012833";"791 184";"A01";"2";"7";"0";"2";"7";"15";"1";""
"202200012833";"791 186";"B01";"1";"30";"0";"2";"1";"1";"1";""
"202200012834";"791 183";"Z01";"3";"7";"0";"2";"1";"1";"0";""
"202200012834";"791 185";"B01";"3";"1";"0";"2";"4";"1";"5";""
"202200012835";"791 182";"A01";"2";"7";"0";"1";"1";"0";"1";""
"202200012836";"791 180";"A01";"2";"50";"0";"1";"1";"1";"3";""
"202200012837";"791 179";"A01";"1";"10";"0";"2";"5";"15";"1";""
"202200012837";"791 181";"B01";"1";"33";"0";"2";"1";"1";"1";""
"202200012838";"791 178";"A01";"1";"7";"2";"0";"1";"1";"1";""
"202200012839";"791 173";"A01";"1";"34";"0";"2";"1";"2";"1";""
"202200012839";"791 176";"B01";"1";"7";"0";"0";"6";"15";"1";""
"202200012840";"791 174";"B01";"2";"7";"0";"2";"2";"16";"3";""
"202200012840";"791 177";"A01";"2";"32";"0";"2";"3";"18";"1";""
"202200012841";"791 172";"A01";"2";"43";"0";"2";"1";"17";"1";""
"202200012841";"791 175";"B01";"2";"7";"0";"2";"6";"2";"1";""
"202200012842";"791 170";"A01";"2";"7";"8";"0";"7";"1";"1";""
"202200012843";"791 169";"A01";"1";"10";"0";"2";"8";"13";"1";""
"202200012843";"791 171";"B01";"1";"33";"0";"2";"7";"1";"1";""
"202200012844";"791 167";"A01";"2";"10";"4";"0";"1";"1";"1";""
"202200012845";"791 166";"B01";"1";"33";"0";"2";"8";"1";"1";""
"202200012845";"791 168";"A01";"1";"7";"0";"2";"7";"12";"1";""
"202200012846";"791 164";"A01";"1";"1";"0";"2";"1";"13";"5";""
"202200012846";"791 165";"B01";"2";"1";"0";"2";"1";"1";"5";""
"202200012847";"791 161";"A01";"2";"2";"0";"0";"4";"0";"1";""
"202200012848";"791 160";"B01";"1";"80";"0";"2";"1";"1";"3";""
"202200012848";"791 163";"A01";"3";"7";"0";"2";"3";"16";"2";""
"202200012849";"791 159";"A01";"1";"30";"0";"2";"1";"26";"1";""
"202200012849";"791 162";"B01";"0";"7";"0";"2";"8";"19";"1";""
"202200012850";"791 157";"A01";"2";"30";"0";"0";"1";"13";"1";""
"202200012851";"791 154";"B01";"2";"1";"0";"2";"0";"0";"5";""
"202200012851";"791 156";"A01";"2";"7";"0";"2";"3";"15";"1";""
"202200012852";"791 155";"B01";"1";"7";"0";"0";"8";"19";"2";""
"202200012852";"791 158";"A01";"2";"7";"0";"2";"1";"1";"3";""
"202200012853";"791 153";"Z01";"1";"1";"0";"1";"1";"1";"0";""
"202200012854";"791 151";"A01";"3";"7";"0";"2";"1";"0";"1";""
"202200012854";"791 152";"B01";"3";"7";"0";"2";"1";"13";"1";""
"202200012855";"791 150";"A01";"3";"7";"2";"0";"1";"15";"1";""
"202200012856";"791 148";"B01";"1";"33";"0";"2";"0";"0";"1";""
"202200012856";"791 149";"A01";"3";"7";"0";"2";"0";"0";"1";""
"202200012857";"791 146";"A01";"3";"7";"0";"2";"0";"0";"0";""
"202200012857";"791 147";"B01";"3";"33";"0";"2";"1";"16";"0";""
"202200012858";"791 145";"A01";"0";"7";"2";"0";"1";"13";"1";""
"202200012859";"791 143";"B01";"3";"31";"0";"0";"3";"0";"1";""
"202200012859";"791 144";"A01";"3";"10";"0";"0";"0";"0";"1";""
"202200012860";"791 142";"A01";"2";"7";"0";"1";"2";"21";"1";""
"202200012861";"791 139";"B01";"2";"2";"0";"2";"2";"9";"1";""
"202200012861";"791 140";"A01";"1";"7";"0";"2";"2";"9";"1";""
"202200012862";"791 136";"B01";"1";"7";"0";"2";"7";"15";"1";""
"202200012862";"791 138";"A01";"1";"33";"0";"2";"1";"1";"1";""
"202200012863";"791 132";"A01";"1";"7";"0";"2";"3";"9";"2";""
"202200012863";"791 134";"B01";"2";"33";"0";"2";"7";"16";"1";""
"202200012864";"791 131";"B01";"1";"7";"0";"2";"4";"17";"1";""
"202200012864";"791 133";"A01";"1";"33";"0";"2";"1";"17";"1";""
"202200012865";"791 130";"A01";"0";"7";"0";"1";"1";"16";"0";""
"202200012866";"791 129";"A01";"2";"7";"0";"1";"6";"23";"1";""
"202200012866";"791 135";"B01";"2";"7";"1";"0";"1";"2";"1";""
"202200012866";"791 137";"C01";"2";"7";"1";"0";"1";"2";"1";""
"202200012867";"791 125";"A01";"2";"33";"0";"2";"1";"1";"1";""
"202200012867";"791 128";"B01";"1";"7";"0";"2";"4";"1";"1";""
"202200012868";"791 126";"A01";"1";"7";"0";"1";"3";"15";"1";""
"202200012869";"791 124";"A01";"1";"30";"0";"2";"4";"1";"3";""
"202200012869";"791 127";"B01";"1";"7";"0";"2";"2";"1";"0";""
"202200012870";"791 120";"B01";"3";"7";"0";"0";"3";"23";"1";""
"202200012870";"791 122";"A01";"3";"7";"0";"0";"2";"26";"1";""
"202200012871";"791 117";"A01";"1";"7";"0";"1";"1";"0";"2";""
"202200012872";"791 119";"A01";"2";"7";"0";"2";"1";"5";"1";""
"202200012872";"791 121";"B01";"1";"7";"0";"2";"1";"1";"1";""
"202200012873";"791 116";"C01";"1";"7";"1";"0";"0";"17";"1";""
"202200012873";"791 118";"B01";"1";"7";"0";"2";"9";"1";"1";""
"202200012873";"791 123";"A01";"1";"10";"0";"2";"4";"23";"1";""
"202200012874";"791 112";"B01";"3";"7";"0";"2";"1";"1";"1";""
"202200012874";"791 115";"A01";"3";"7";"0";"2";"2";"1";"1";""
"202200012875";"791 110";"A01";"2";"50";"1";"2";"8";"5";"3";""
"202200012875";"791 114";"B01";"1";"7";"0";"2";"8";"24";"1";""
"202200012876";"791 113";"A01";"3";"33";"0";"1";"1";"1";"1";""
"202200012877";"791 106";"B01";"1";"33";"0";"2";"4";"1";"1";""
"202200012877";"791 109";"A01";"1";"10";"0";"2";"1";"1";"1";""
"202200012877";"791 111";"C01";"1";"7";"0";"2";"4";"1";"1";""
"202200012878";"791 104";"A01";"2";"1";"0";"2";"7";"1";"5";""
"202200012878";"791 108";"B01";"1";"7";"0";"2";"1";"1";"0";""
"202200012879";"791 103";"A01";"2";"60";"0";"2";"1";"1";"5";""
"202200012879";"791 107";"B01";"2";"7";"0";"2";"3";"1";"1";""
"202200012880";"791 102";"A01";"2";"7";"0";"2";"1";"0";"1";""
"202200012880";"791 105";"B01";"1";"10";"0";"2";"1";"1";"1";""
"202200012881";"791 096";"A01";"1";"1";"0";"2";"1";"15";"5";""
"202200012881";"791 100";"B01";"1";"7";"0";"9";"1";"15";"1";""
"202200012882";"791 093";"A01";"3";"2";"0";"2";"1";"1";"1";""
"202200012882";"791 097";"B01";"2";"7";"0";"0";"8";"1";"1";""
"202200012883";"791 094";"B01";"1";"7";"0";"2";"4";"0";"1";""
"202200012883";"791 098";"A01";"1";"2";"0";"2";"1";"2";"1";""
"202200012884";"791 092";"D01";"2";"7";"0";"2";"4";"2";"1";""
"202200012884";"791 095";"C01";"2";"7";"0";"2";"4";"2";"1";""
"202200012884";"791 099";"B01";"2";"7";"0";"2";"1";"0";"1";""
"202200012884";"791 101";"A01";"2";"7";"0";"2";"1";"2";"1";""
"202200012885";"791 091";"A01";"3";"7";"0";"1";"4";"4";"1";""
"202200012886";"791 089";"B01";"2";"1";"0";"2";"1";"1";"5";""
"202200012886";"791 090";"A01";"2";"7";"0";"9";"8";"19";"1";""
"202200012887";"791 087";"A01";"2";"80";"0";"1";"1";"1";"3";""
"202200012888";"791 086";"B01";"2";"7";"0";"2";"4";"2";"1";""
"202200012888";"791 088";"A01";"2";"7";"0";"2";"1";"2";"1";""
"202200012889";"791 083";"A01";"0";"7";"0";"0";"0";"1";"1";""
"202200012890";"791 084";"B01";"3";"31";"0";"2";"7";"15";"1";""
"202200012890";"791 085";"A01";"3";"7";"0";"2";"1";"10";"1";""
"202200012891";"791 082";"A01";"0";"7";"0";"1";"1";"1";"1";""
"202200012892";"791 078";"A01";"1";"7";"12";"0";"1";"13";"1";""
"202200012893";"791 076";"C01";"2";"1";"0";"2";"1";"1";"5";""
"202200012893";"791 079";"B01";"2";"1";"0";"2";"3";"1";"5";""
"202200012893";"791 080";"A01";"1";"7";"0";"2";"7";"15";"1";""
"202200012894";"791 074";"B01";"1";"1";"0";"2";"3";"3";"5";""
"202200012894";"791 077";"A01";"1";"7";"0";"2";"3";"15";"1";""
"202200012895";"791 069";"A01";"2";"10";"0";"2";"5";"1";"1";""
"202200012895";"791 072";"B01";"2";"10";"0";"2";"1";"1";"1";""
"202200012895";"791 073";"C01";"2";"7";"0";"2";"4";"1";"1";""
"202200012895";"791 075";"D01";"2";"7";"0";"2";"3";"1";"1";""
"202200012895";"791 081";"E01";"2";"7";"0";"2";"6";"1";"1";""
"202200012896";"791 066";"B01";"1";"10";"0";"0";"5";"23";"1";""
"202200012896";"791 070";"A01";"1";"1";"1";"0";"1";"1";"5";""
"202200012897";"791 065";"B01";"2";"1";"0";"2";"8";"19";"5";""
"202200012897";"791 068";"A01";"1";"33";"0";"2";"1";"0";"1";""
"202200012898";"791 062";"B01";"2";"7";"7";"0";"6";"1";"1";""
"202200012898";"791 064";"A01";"2";"7";"0";"0";"2";"15";"1";""
"202200012899";"791 061";"B01";"1";"7";"0";"2";"3";"1";"1";""
"202200012899";"791 063";"A01";"1";"7";"0";"2";"2";"12";"1";""
"202200012900";"791 060";"A01";"2";"7";"0";"1";"2";"16";"1";""
"202200012901";"791 059";"A01";"1";"7";"15";"0";"1";"10";"1";""
"202200012902";"791 056";"A01";"1";"10";"0";"2";"1";"2";"1";""
"202200012902";"791 058";"B01";"1";"17";"0";"0";"4";"1";"1";""
"202200012903";"791 053";"A01";"2";"7";"0";"2";"1";"1";"1";""
"202200012903";"791 055";"B01";"2";"7";"0";"2";"4";"1";"1";""
"202200012904";"791 051";"C01";"1";"7";"0";"2";"1";"1";"1";""
"202200012904";"791 054";"B01";"1";"7";"0";"2";"1";"2";"1";""
"202200012904";"791 057";"A01";"1";"7";"0";"2";"4";"2";"1";""
"202200012905";"791 052";"A01";"0";"7";"0";"1";"1";"15";"1";""
"202200012906";"791 044";"A01";"2";"15";"0";"2";"1";"12";"1";""
"202200012906";"791 047";"B01";"2";"7";"0";"2";"3";"2";"1";""
"202200012907";"791 045";"A01";"1";"7";"0";"1";"1";"16";"1";""
"202200012908";"791 046";"A01";"1";"10";"0";"9";"0";"16";"0";""
"202200012908";"791 049";"B01";" -1";"50";" -1";" -1";" -1";" -1";" -1";""
"202200012909";"791 043";"A01";"1";"7";"4";"0";"2";"12";"1";""
"202200012910";"791 041";"A01";"2";"10";"3";"0";"2";"14";"1";""
"202200012911";"791 040";"A01";"1";"10";"0";"2";"1";"2";"1";""
"202200012911";"791 042";"B01";"1";"7";"0";"2";"4";"15";"2";""
"202200012912";"791 036";"A01";"0";"10";"0";"0";"0";"0";"0";""
"202200012913";"791 032";"B01";"1";"7";"0";"2";"6";"1";"2";""
"202200012913";"791 033";"A01";"1";"33";"0";"2";"8";"3";"1";""
"202200012913";"791 035";"Z01";"1";"0";"0";"9";"0";"0";"0";""
"202200012913";"791 038";"T01";"1";"7";"0";"9";"0";"0";"1";""
"202200012914";"791 031";"A01";"2";"30";"0";"2";"7";"1";"1";""
"202200012914";"791 034";"B01";"1";"7";"0";"2";"3";"15";"3";""
"202200012915";"791 027";"A01";"2";"10";"0";"2";"2";"1";"1";""
"202200012915";"791 030";"B01";"2";"17";"0";"0";"6";"1";"1";""
"202200012916";"791 025";"A01";"2";"50";"0";"1";"1";"1";"3";""
"202200012917";"791 024";"A01";"1";"7";"0";"0";"0";"2";"1";""
"202200012918";"791 028";"A01";"0";"7";"0";"2";"1";"1";"1";""
"202200012918";"791 029";"B01";"0";"7";"0";"2";"1";"1";"1";""
"202200012919";"791 026";"A01";"1";"10";"8";"0";"2";"9";"1";""
"202200012920";"791 023";"A01";"2";"10";"0";"1";"2";"1";"1";""
"202200012921";"791 022";"A01";"1";"7";"0";"1";"3";"15";"1";""
"202200012922";"791 021";"A01";"1";"7";"0";"1";"7";"1";"1";""
"202200012923";"791 017";"A01";"1";"30";"0";"0";"0";"1";"1";""
"202200012924";"791 016";"A01";"0";"2";"0";"0";"7";"0";"1";""