"Num_Acc";"id_vehicule";"num_veh";"senc";"catv";"obs";"obsm";"choc";"manv";"motor";"occutc"
"202200013135";"790 644";"A01";"2";"33";"0";"0";"0";"1";"1";""
"202200013136";"790 642";"B01";"1";"3";"0";"2";"0";"0";"0";""
"202200013136";"790 643";"A01";"1";"37";"0";"2";"0";"26";"0";"2"
"202200013137";"790 641";"A01";"1";"7";"0";"1";"1";"1";"1";""
"202200013138";"790 639";"A01";"2";"10";"0";"1";"7";"15";"1";""
"202200013139";"790 638";"A01";"1";"2";"0";"0";"0";"1";"1";""
"202200013140";"790 640";"A01";"3";"7";"15";"0";"1";"1";"1";""
"202200013141";"790 636";"A01";"3";"2";"13";"0";"1";"15";"1";""
"202200013142";"790 634";"B01";"0";"7";"0";"2";"6";"23";"1";""
"202200013142";"790 637";"A01";"0";"7";"0";"2";"2";"1";"1";""
"202200013143";"790 632";"B01";"3";"7";"0";"2";"4";"1";"1";""
"202200013143";"790 635";"A01";"0";"7";"0";"2";"1";"9";"1";""
"202200013144";"790 631";"A01";"2";"7";"0";"2";"1";"2";"2";""
"202200013144";"790 633";"B01";"2";"17";"0";"0";"0";"15";"1";""
"202200013145";"790 629";"B01";"1";"50";"0";"2";"1";"1";"3";""
"202200013145";"790 630";"A01";"2";"3";"0";"2";"5";"15";"0";""
"202200013146";"790 626";"A01";"3";"7";"0";"2";"7";"9";"1";""
"202200013146";"790 628";"B01";"1";"31";"0";"2";"8";"1";"1";""
"202200013147";"790 624";"B01";"1";"7";"0";"2";"1";"9";"1";""
"202200013147";"790 627";"A01";"1";"30";"0";"2";"0";"1";"1";""
"202200013148";"790 622";"A01";"1";"7";"0";"1";"0";"15";"1";""
"202200013149";"790 621";"A01";"3";"7";"0";"1";"1";"1";"1";""
"202200013150";"790 623";"B01";"0";"7";"0";"2";"1";"1";"1";""
"202200013150";"790 625";"A01";"2";"7";"0";"2";"3";"1";"1";""
"202200013151";"790 620";"A01";"3";"7";"0";"1";"4";"20";"3";""
"202200013152";"790 618";"A01";"0";"30";"0";"1";"2";"18";"1";""
"202200013153";"790 615";"A01";"2";"1";"0";"0";"1";"23";"5";""
"202200013154";"790 614";"A01";"1";"7";"0";"2";"1";"2";"1";""
"202200013154";"790 616";"B01";"1";"7";"0";"2";"4";"2";"1";""
"202200013154";"790 619";"C01";"1";"7";"0";"2";"4";"2";"1";""
"202200013155";"790 612";"B01";"1";"7";"0";"2";"3";"1";"1";""
"202200013155";"790 613";"A01";"2";"10";"0";"2";"3";"15";"1";""
"202200013156";"790 609";"A01";"0";"30";"0";"2";"0";"0";"1";""
"202200013156";"790 611";"B01";"0";"7";"0";"2";"3";"1";"1";""
"202200013157";"790 605";"B01";"1";"30";"0";"2";"1";"1";"1";""
"202200013157";"790 608";"A01";"1";"7";"0";"0";"6";"1";"1";""
"202200013158";"790 606";"A01";"2";"7";"3";"2";"3";"13";"1";""
"202200013158";"790 610";"B01";"1";"10";"0";"2";"3";"1";"1";""
"202200013159";"790 604";"A01";"1";"1";"0";"2";"1";"17";"5";""
"202200013159";"790 607";"B01";"1";"7";"0";"2";"6";"1";"1";""
"202200013160";"790 602";"B01";"3";"7";"0";"9";"3";"1";"1";""
"202200013160";"790 603";"A01";"3";"50";"0";"2";"1";"9";"3";""
"202200013161";"790 601";"A01";"2";"7";"0";"0";"0";"13";"1";""
"202200013162";"790 599";"A01";"1";"30";"0";"0";"3";"1";"3";""
"202200013163";"790 600";"A01";"1";"10";"2";"0";"3";"1";"0";""
"202200013164";"790 597";"A01";"2";"7";"4";"0";"1";"0";"1";""
"202200013165";"790 593";"A01";"2";"7";"0";"2";"4";"23";"1";""
"202200013165";"790 595";"B01";"2";"7";"0";"2";"4";"23";"1";""
"202200013165";"790 598";"C01";"2";"7";"0";"2";"1";"2";"1";""
"202200013166";"790 591";"A01";"1";"2";"0";"0";"0";"1";"1";""
"202200013167";"790 590";"A01";"0";"7";"0";"0";"6";"2";"1";""
"202200013167";"790 594";"B01";"0";"7";"5";"2";"1";"17";"1";""
"202200013167";"790 596";"C01";"0";"7";"5";"2";"1";"1";"1";""
"202200013168";"790 588";"B01";"1";"7";"0";"2";"3";"13";"1";""
"202200013168";"790 589";"A01";"2";"10";"0";"2";"3";"13";"1";""
"202200013169";"790 587";"A01";"3";"7";"0";"2";"1";"26";"1";""
"202200013169";"790 592";"B01";"3";"7";"0";"2";"5";"1";"1";""
"202200013170";"790 586";"A01";"1";"30";"0";"1";"0";"1";"1";""
"202200013171";"790 584";"B01";"1";"10";"0";"2";"3";"0";"1";""
"202200013171";"790 585";"A01";"2";"7";"0";"2";"3";"13";"1";""
"202200013172";"790 583";"A01";"3";"7";"0";"1";"1";"1";"1";""
"202200013173";"790 581";"A01";"0";"7";"0";"1";"0";"1";"1";""
"202200013174";"790 576";"B01";"1";"1";"0";"2";"8";"19";"5";""
"202200013174";"790 580";"A01";"2";"7";"0";"2";"3";"15";"1";""
"202200013175";"790 577";"B01";"2";"1";"0";"0";"4";"2";"5";""
"202200013175";"790 579";"A01";"2";"33";"0";"2";"2";"2";"1";""
"202200013176";"790 578";"A01";"1";"7";"0";"1";"3";"2";"1";""
"202200013177";"790 570";"A01";"1";"1";"0";"2";"8";"9";"5";""
"202200013177";"790 573";"B01";"2";"7";"0";"9";"7";"1";"1";""
"202200013178";"790 571";"A01";"2";"30";"0";"2";"0";"2";"1";""
"202200013178";"790 572";"Z01";"2";"0";"0";"2";"0";"2";"1";""
"202200013179";"790 569";"B01";"1";"7";"0";"2";"2";"1";"1";""
"202200013179";"790 575";"A01";"1";"1";"0";"2";"1";"19";"5";""
"202200013180";"790 568";"A01";"3";"7";"0";"1";"0";"1";"1";""
"202200013181";"790 567";"A01";"1";"33";"5";"0";"1";"1";"1";""
"202200013182";"790 564";"A01";"1";"7";"0";"9";"8";"19";"1";""
"202200013182";"790 566";"B01";"1";"80";"0";"2";"1";"15";"3";""
"202200013183";"790 565";"A01";"3";"7";"0";"1";"1";"20";"1";""
"202200013184";"790 563";"A01";"1";"7";"7";"0";"0";"1";"1";""
"202200013185";"790 562";"Z01";"2";"34";"0";"0";"0";"1";"0";""
"202200013186";"790 559";"A01";"1";"7";"0";"0";"9";"1";"2";""
"202200013187";"790 558";"A01";"2";"7";"6";"0";"3";"1";"1";""
"202200013188";"790 557";"A01";"3";"7";"0";"2";"1";"1";"1";""
"202200013188";"790 561";"B01";"3";"1";"0";"2";"1";"1";"5";""
"202200013189";"790 553";"B01";"1";"1";"0";"2";"4";"2";"5";""
"202200013189";"790 556";"A01";"1";"7";"0";"2";"2";"2";"1";""
"202200013190";"790 551";"B01";"1";"7";"0";"2";"7";"1";"1";""
"202200013190";"790 555";"A01";"1";"7";"0";"2";"2";"1";"1";""
"202200013191";"790 550";"A01";"2";"7";"0";"2";"3";"1";"1";""
"202200013191";"790 552";"B01";"1";"7";"0";"2";"3";"1";"1";""
"202200013192";"790 549";"A01";"1";"7";"0";"2";"2";"1";"1";""
"202200013192";"790 554";"B01";"0";"1";"0";"2";"1";"1";"5";""
"202200013193";"790 547";"A01";"1";"7";"1";"0";"1";"1";"1";""
"202200013194";"790 545";"A01";"2";"7";"3";"2";"1";"13";"1";""
"202200013194";"790 548";"B01";"1";"7";"0";"2";"1";"1";"1";""
"202200013195";"790 539";"A01";"1";"15";"0";"2";"2";"15";"1";""
"202200013195";"790 541";"B01";"2";"33";"0";"2";"8";"1";"1";""
"202200013196";"790 540";"A01";"2";"7";"0";"2";"3";"0";"1";""
"202200013196";"790 542";"B01";"1";"7";"0";"2";"8";"24";"1";""
"202200013196";"790 544";"C01";"1";"10";"0";"2";"3";"1";"1";""
"202200013197";"790 537";"B01";"2";"2";"0";"0";"1";"16";"1";""
"202200013197";"790 538";"A01";"1";"7";"0";"2";"2";"15";"1";""
"202200013198";"790 536";"A01";"3";"32";"0";"0";"0";"26";"1";""
"202200013199";"790 535";"A01";"1";"7";"2";"0";"3";"13";"1";""
"202200013200";"790 533";"A01";"1";"7";"0";"1";"1";"1";"1";""
"202200013201";"790 530";"A01";"1";"7";"0";"2";"6";"11";"1";""
"202200013201";"790 532";"B01";"1";"33";"0";"2";"7";"1";"1";""
"202200013202";"790 529";"B01";"3";"1";"0";"0";"2";"17";"5";""
"202200013202";"790 531";"A01";"3";"7";"0";"0";"3";"15";"1";""
"202200013203";"790 527";"B01";"1";"37";"0";"2";"2";"1";"1";"2"
"202200013203";"790 528";"A01";"2";"2";"0";"2";"1";"1";"1";""
"202200013204";"790 525";"A01";"2";"7";"0";"1";"2";"1";"1";""
"202200013205";"790 522";"A01";"2";"33";"0";"2";"8";"11";"1";""
"202200013205";"790 524";"B01";"2";"7";"0";"2";"7";"2";"1";""
"202200013206";"790 521";"C01";"1";"7";"0";"2";"4";"15";"1";""
"202200013206";"790 523";"B01";"1";"7";"0";"2";"4";"1";"1";""
"202200013206";"790 526";"A01";"1";"7";"0";"2";"1";"1";"1";""
"202200013207";"790 519";"A01";"1";"7";"0";"2";"1";"0";"1";""
"202200013207";"790 520";"B01";"1";"7";"0";"2";"4";"0";"1";""
"202200013208";"790 518";"A01";"2";"33";"3";"0";"8";"13";"1";""
"202200013209";"790 517";"A01";"3";"7";"6";"0";"1";"26";"1";""
"202200013210";"790 515";"B01";"2";"1";"0";"0";"0";"1";"5";""
"202200013210";"790 516";"A01";"2";"2";"0";"0";"0";"1";"1";""
"202200013211";"790 514";"A01";"1";"7";"4";"0";"9";"1";"1";""
"202200013212";"790 513";"A01";"3";"7";"0";"1";"1";"26";"1";""
"202200013213";"790 512";"A01";"2";"7";"13";"0";"9";"1";"1";""
"202200013214";"790 511";"A01";"1";"7";"0";"0";"0";"1";"1";""
"202200013215";"790 509";"A01";"1";"33";"0";"0";"9";"1";"1";""
"202200013216";"790 507";"A01";"1";"7";"2";"0";"1";"1";"1";""
"202200013217";"790 506";"A01";"2";"7";"0";"2";"5";"1";"1";""
"202200013217";"790 508";"B01";"2";"10";"0";"2";"2";"1";"1";""
"202200013217";"790 510";"Z01";"2";"14";"0";"2";"0";"16";"0";""
"202200013218";"790 505";"A01";"3";"7";"0";"1";"4";"4";"1";""
"202200013219";"790 502";"B01";"2";"33";"0";"2";"1";"1";"1";""
"202200013219";"790 504";"A01";"0";"7";"0";"2";"2";"19";"1";""
"202200013220";"790 501";"A01";"1";"2";"0";"0";"8";"0";"1";""
"202200013221";"790 499";"B01";"3";"30";"0";"2";"1";"1";"1";""
"202200013221";"790 503";"A01";"3";"7";"0";"2";"5";"15";"1";""
"202200013222";"790 496";"A01";"3";"31";"0";"0";"0";"1";"1";""
"202200013223";"790 494";"A01";"2";"50";"15";"0";"1";"0";"3";""
"202200013224";"790 492";"B01";"2";"7";"0";"2";"1";"1";"1";""
"202200013224";"790 497";"A01";"1";"7";"13";"2";"8";"9";"1";""
"202200013225";"790 490";"A01";"2";"7";"7";"0";"1";"0";"1";""
"202200013226";"790 489";"A01";"1";"7";"0";"2";"9";"12";"1";""
"202200013226";"790 491";"B01";"1";"7";"0";"2";"8";"1";"1";""
"202200013226";"790 493";"C01";"1";"7";"0";"2";"7";"1";"1";""
"202200013226";"790 495";"D01";"1";"7";"0";"2";"6";"1";"1";""
"202200013226";"790 498";"E01";"1";"7";"0";"2";"5";"1";"1";""
"202200013226";"790 500";"F01";"1";"7";"0";"2";"7";"1";"1";""
"202200013227";"790 487";"A01";"1";"33";"16";"0";"0";"1";"1";""
"202200013228";"790 485";"A01";"0";"10";"0";"0";"0";"13";"1";""
"202200013229";"790 486";"A01";"1";"14";"0";"2";"1";"1";"1";""
"202200013229";"790 488";"B01";"1";"10";"0";"2";"4";"1";"1";""
"202200013230";"790 484";"A01";"1";"7";"6";"0";"1";"1";"0";""
"202200013231";"790 481";"A01";"1";"7";"2";"0";"2";"14";"1";""
"202200013232";"790 483";"A01";"1";"7";"4";"0";"1";"9";"1";""
"202200013233";"790 479";"B01";"1";"7";"0";"2";"7";"1";"1";""
"202200013233";"790 482";"A01";"1";"7";"0";"2";"1";"19";"1";""
"202200013234";"790 478";"B01";"1";"10";"0";"0";"4";"12";"3";""
"202200013234";"790 480";"A01";"1";"43";"0";"2";"1";"2";"1";""
"202200013235";"790 475";"A01";"1";"7";"0";"2";"8";"2";"1";""
"202200013235";"790 477";"B01";"1";"1";"0";"2";"7";"2";"5";""
"202200013236";"790 471";"C01";"1";"14";"0";"2";"2";"0";"1";""
"202200013236";"790 474";"B01";"2";"7";"0";"2";"8";"1";"2";""
"202200013236";"790 476";"A01";"1";"7";"0";"2";"3";"13";"1";""
"202200013237";"790 470";"A01";"1";"7";"0";"2";"3";"1";"1";""
"202200013237";"790 473";"B01";"1";"7";"0";"2";"5";"2";"2";""
"202200013238";"790 468";"B01";"2";"33";"0";"2";"1";"1";"1";""
"202200013238";"790 472";"A01";"1";"7";"0";"2";"3";"15";"1";""
"202200013239";"790 467";"A01";"1";"1";"0";"2";"3";"1";"5";""
"202200013239";"790 469";"B01";"1";"15";"0";"2";"5";"17";"0";""
"202200013240";"790 464";"A01";"3";"7";"2";"0";"6";"26";"1";""
"202200013241";"790 465";"A01";"3";"36";"13";"0";"1";"0";"1";""
"202200013242";"790 461";"B01";"2";"7";"0";"2";"1";"2";"1";""
"202200013242";"790 463";"A01";"2";"7";"4";"0";"4";"2";"1";""
"202200013243";"790 462";"B01";"2";"7";"1";"0";"4";"2";"1";""
"202200013243";"790 466";"A01";"2";"7";"0";"2";"1";"2";"0";""
"202200013244";"790 460";"A01";"3";"31";"0";"0";"0";"2";"0";""
"202200013245";"790 459";"A01";"3";"31";"0";"0";"7";"1";"1";""
"202200013246";"790 457";"A01";"1";"7";"5";"0";"1";"1";"1";""
"202200013247";"790 456";"A01";"1";"33";"10";"0";"3";"1";"1";""
"202200013248";"790 453";"B01";"2";"7";"0";"0";"3";"15";"1";""
"202200013248";"790 455";"A01";"2";"31";"0";"2";"1";"17";"1";""
"202200013249";"790 454";"A01";"2";"7";"0";"2";"1";"9";"1";""
"202200013249";"790 458";"B01";"2";"7";"0";"2";"8";"2";"1";""
"202200013250";"790 450";"A01";"3";"33";"14";"6";"1";"1";"1";""
"202200013251";"790 451";"B01";"3";"7";"0";"2";"4";"0";"1";""
"202200013251";"790 452";"A01";"3";"7";"0";"2";"1";"1";"1";""
"202200013252";"790 447";"A01";"1";"33";"0";"5";"1";"1";"1";""
"202200013253";"790 448";"A01";"1";"14";"0";"1";"1";"1";"1";""
"202200013254";"790 445";"B01";"2";"7";"0";"2";"8";"1";"1";""
"202200013254";"790 449";"A01";"2";"7";"3";"2";"3";"13";"1";""
"202200013255";"790 444";"B01";"1";"7";"0";"2";"3";"0";"1";""
"202200013255";"790 446";"A01";"2";"7";"0";"2";"1";"13";"1";""
"202200013256";"790 442";"A01";"2";"7";"2";"0";"5";"1";"1";""
"202200013257";"790 441";"B01";"2";"7";"0";"9";"7";"0";"0";""
"202200013257";"790 443";"A01";"2";"1";"0";"2";"1";"26";"5";""
"202200013258";"790 439";"A01";"2";"7";"0";"1";"2";"15";"1";""
"202200013259";"790 436";"A01";"2";"30";"0";"2";"1";"19";"1";""
"202200013259";"790 440";"B01";"1";"7";"0";"2";"7";"1";"1";""
"202200013260";"790 435";"A01";"1";"7";"0";"2";"2";"1";"1";""
"202200013260";"790 437";"B01";"1";"50";"0";"2";"8";"19";"3";""
"202200013261";"790 433";"A01";"1";"7";"0";"1";"2";"1";"1";""
"202200013262";"790 432";"B01";"1";"33";"0";"2";"1";"1";"1";""
"202200013262";"790 434";"A01";"2";"10";"0";"2";"1";"15";"1";""
"202200013263";"790 429";"A01";"3";"2";"0";"2";"8";"10";"1";""
"202200013263";"790 431";"B01";"3";"34";"0";"2";"1";"1";"1";""
"202200013264";"790 425";"A01";"3";"7";"0";"2";"3";"13";"1";""
"202200013264";"790 427";"B01";"3";"7";"0";"0";"3";"23";"1";""
"202200013265";"790 423";"A01";"1";"33";"0";"1";"1";"17";"1";""
"202200013266";"790 422";"B01";"3";"50";"0";"2";"7";"1";"3";""
"202200013266";"790 426";"A01";"3";"7";"0";"9";"1";"9";"1";""
"202200013267";"790 421";"B01";"2";"7";"0";"9";"4";"0";"1";""
"202200013267";"790 424";"A01";"2";"30";"0";"2";"1";"3";"1";""
"202200013268";"790 420";"A01";"1";"3";"13";"0";"1";"14";"1";""
"202200013269";"790 418";"A01";"2";"7";"0";"2";"2";"17";"1";""
"202200013269";"790 419";"B01";"2";"7";"0";"2";"3";"15";"1";""
"202200013270";"790 414";"A01";"3";"7";"6";"0";"1";"1";"1";""
"202200013271";"790 415";"A01";"3";"7";"0";"2";"1";"1";"0";""
"202200013271";"790 417";"B01";"3";"33";"0";"2";"4";"1";"0";""
"202200013272";"790 412";"B01";"1";"7";"0";"2";"1";"17";"1";""
"202200013272";"790 416";"A01";"2";"7";"0";"2";"1";"0";"1";""
"202200013273";"790 411";"A01";"2";"7";"0";"2";"1";"13";"1";""
"202200013273";"790 413";"B01";"1";"10";"0";"2";"1";"1";"1";""
"202200013274";"790 407";"A01";"0";"7";"0";"0";"0";"13";"1";""
"202200013275";"790 408";"B01";"1";"7";"0";"2";"2";"15";"1";""
"202200013275";"790 410";"A01";"2";"10";"0";"2";"2";"1";"1";""
"202200013276";"790 406";"B01";"3";"1";"0";"2";"0";"0";"5";""
"202200013276";"790 409";"A01";"3";"0";"0";"2";"3";"0";"0";""
"202200013277";"790 405";"A01";"3";"7";"0";"1";"4";"26";"1";""
"202200013278";"790 403";"A01";"1";"7";"3";"0";"3";"1";"1";""
"202200013279";"790 402";"A01";"1";"30";"0";"2";"1";"2";"1";""
"202200013279";"790 404";"B01";"1";"7";"0";"2";"6";"20";"1";""
"202200013280";"790 400";"A01";"2";"31";"0";"0";"7";"0";"1";""
"202200013281";"790 398";"B01";"2";"7";"0";"2";"3";"1";"1";""
"202200013281";"790 401";"A01";"1";"1";"0";"2";"1";"1";"0";""
"202200013282";"790 395";"A01";"1";"7";"0";"2";"3";"15";"2";""
"202200013282";"790 397";"B01";"2";"1";"0";"2";"1";"1";"5";""
"202200013283";"790 396";"A01";"1";"10";"1";"2";"0";"0";"1";""
"202200013283";"790 399";"B01";"1";"34";"0";"2";"8";"1";"1";""
"202200013284";"790 392";"A01";"2";"10";"0";"2";"4";"2";"1";""
"202200013284";"790 393";"C01";"2";"10";"0";"2";"4";"2";"1";""
"202200013284";"790 394";"B01";"2";"7";"0";"2";"1";"2";"1";""
"202200013285";"790 390";"A01";"1";"7";"9";"0";"1";"11";"0";""
"202200013286";"790 388";"A01";"2";"10";"0";"2";"3";"1";"1";""
"202200013286";"790 391";"B01";"1";"7";"0";"2";"3";"13";"1";""
"202200013287";"790 389";"A01";"0";"7";"0";"1";"4";"26";"1";""
"202200013288";"790 386";"A01";"1";"7";"0";"2";"1";"1";"1";""
"202200013288";"790 387";"B01";"1";"7";"0";"2";"4";"2";"1";""
"202200013289";"790 384";"A01";"1";"43";"13";"0";"0";"0";"1";""
"202200013290";"790 383";"A01";"1";"33";"0";"2";"2";"17";"1";""
"202200013290";"790 385";"B01";"1";"10";"0";"0";"8";"15";"1";""
"202200013291";"790 381";"B01";"1";"34";"0";"2";"0";"1";"1";""
"202200013291";"790 382";"A01";"3";"7";"0";"2";"3";"9";"1";""
"202200013292";"790 378";"A01";"1";"7";"8";"0";"2";"1";"1";""
"202200013293";"790 377";"A01";"1";"7";"0";"2";"1";"2";"1";""
"202200013293";"790 380";"B01";"1";"7";"0";"2";"4";"1";"1";""
"202200013294";"790 376";"B01";"1";"10";"0";"2";"1";"1";"1";""
"202200013294";"790 379";"A01";"1";"7";"0";"2";"4";"1";"1";""
"202200013295";"790 373";"B01";"2";"34";"0";"2";"1";"3";"1";""
"202200013295";"790 374";"A01";"2";"7";"0";"2";"6";"12";"1";""
"202200013296";"790 371";"A01";"1";"7";"13";"0";"3";"1";"1";""
"202200013297";"790 372";"A01";"3";"2";"0";"2";"1";"9";"1";""
"202200013297";"790 375";"B01";"2";"7";"0";"2";"3";"1";"1";""
"202200013298";"790 368";"A01";"3";"31";"16";"0";"0";"1";"1";""
"202200013299";"790 367";"A01";"3";"7";"0";"2";"1";"9";"1";""
"202200013299";"790 370";"B01";"3";"1";"0";"2";"1";"5";"5";""
"202200013300";"790 366";"B01";"1";"33";"0";"0";"0";"0";"1";""
"202200013300";"790 369";"A01";"1";"10";"0";"2";"2";"12";"1";""
"202200013301";"790 365";"A01";"2";"7";"0";"1";"1";"1";"1";""
"202200013302";"790 363";"A01";"2";"7";"1";"0";"2";"1";"1";""
"202200013303";"790 361";"B01";"2";"14";"0";"2";"1";"1";"1";""
"202200013303";"790 364";"A01";"1";"7";"0";"2";"1";"13";"1";""
"202200013304";"790 360";"A01";"1";"7";"0";"0";"0";"0";"0";""
"202200013304";"790 362";"B01";"1";"50";"0";"2";"0";"19";"3";""
"202200013305";"790 357";"A01";"1";"7";"0";"2";"3";"11";"1";""
"202200013305";"790 359";"B01";"2";"17";"0";"2";"1";"1";"1";""
"202200013306";"790 354";"A01";"1";"7";"0";"1";"1";"1";"1";""
"202200013307";"790 355";"B01";"1";"30";"0";"2";"1";"1";"1";""
"202200013307";"790 358";"A01";"2";"7";"0";"2";"2";"15";"1";""
"202200013308";"790 353";"A01";"2";"7";"0";"2";"1";"2";"1";""
"202200013308";"790 356";"B01";"2";"33";"0";"0";"4";"1";"1";""
"202200013309";"790 352";"A01";"1";"7";"0";"1";"1";"0";"1";""
"202200013310";"790 350";"A01";"1";"7";"0";"1";"1";"16";"1";""
"202200013311";"790 348";"A01";"2";"7";"0";"2";"3";"26";"1";""
"202200013311";"790 351";"B01";"2";"30";"0";"2";"5";"1";"0";""
"202200013312";"790 347";"B01";"3";"33";"0";"2";"3";"1";"1";""
"202200013312";"790 349";"A01";"0";"7";"0";"0";"5";"15";"1";""
"202200013313";"790 345";"A01";"2";"31";"14";"0";"7";"21";"1";""
"202200013314";"790 346";"A01";"2";"7";"0";"1";"1";"15";"1";""
"202200013315";"790 342";"B01";"1";"7";"0";"9";"3";"26";"1";""
"202200013315";"790 344";"A01";"3";"1";"0";"9";"1";"19";"5";""
"202200013316";"790 340";"A01";"0";"10";"0";"2";"1";"1";"1";""
"202200013316";"790 343";"B01";"0";"2";"0";"2";"1";"1";"1";""
"202200013317";"790 339";"A01";"1";"7";"8";"0";"1";"1";"1";""
"202200013318";"790 338";"A01";"2";"7";"0";"2";"1";"1";"1";""
"202200013318";"790 341";"B01";"2";"10";"0";"2";"4";"1";"1";""
"202200013319";"790 336";"B01";"1";"7";"0";"2";"4";"2";"1";""
"202200013319";"790 337";"A01";"1";"3";"0";"2";"1";"2";"1";""
"202200013320";"790 335";"B01";"2";"1";"1";"0";"1";"2";"5";""
"202200013321";"790 334";"A01";"2";"7";"2";"0";"2";"1";"1";""
"202200013322";"790 331";"B01";"1";"7";"0";"2";"2";"16";"1";""
"202200013322";"790 333";"C01";"1";"33";"0";"2";"1";"18";"1";""
"202200013323";"790 330";"A01";"3";"7";"0";"2";"1";"1";"1";""
"202200013323";"790 332";"B01";"3";"7";"0";"2";"7";"14";"1";""
"202200013324";"790 328";"A01";"1";"10";"2";"0";"9";"1";"1";""
"202200013325";"790 327";"B01";"2";"32";"0";"2";"8";"1";"1";""
"202200013325";"790 329";"A01";"1";"10";"0";"2";"1";"15";"1";""
"202200013326";"790 326";"A01";"2";"7";"0";"1";"1";"17";"1";""
"202200013327";"790 325";"A01";"3";"7";"0";"1";"7";"1";"1";""
"202200013328";"790 323";"A01";"1";"1";"0";"1";"1";"1";"6";""
"202200013329";"790 322";"B01";"2";"33";"0";"0";"4";"2";"1";""
"202200013329";"790 324";"A01";"2";"7";"0";"2";"1";"2";"1";""
"202200013330";"790 321";"A01";"2";"2";"12";"0";"0";"16";"1";""
"202200013331";"790 319";"A01";"2";"7";"0";"1";"1";"15";"1";""
"202200013332";"790 316";"C01";"2";"7";"0";"2";"4";"1";"3";""
"202200013332";"790 317";"B01";"2";"7";"0";"2";"6";"1";"1";""
"202200013332";"790 320";"A01";"2";"37";"0";"2";"2";"11";"1";"1"
"202200013333";"790 315";"A01";"1";"33";"0";"2";"2";"21";"1";""
"202200013333";"790 318";"B01";"1";"7";"0";"2";"3";"15";"1";""
"202200013334";"790 314";"A01";"1";"1";"12";"0";"0";"15";"5";""
"202200013335";"790 313";"A01";"1";"7";"0";"1";"2";"21";"1";""
"202200013336";"790 307";"A01";"2";"7";"0";"2";"3";"13";"1";""
"202200013336";"790 308";"B01";"1";"15";"0";"2";"3";"1";"1";""
"202200013336";"790 311";"C01";"2";"7";"0";"2";"2";"2";"1";""
"202200013337";"790 309";"Y01";"1";"50";"0";"2";"0";"0";"3";""
"202200013337";"790 312";"A01";"1";"7";"0";"2";"2";"26";"1";""
"202200013338";"790 303";"A01";"1";"7";"1";"2";"6";"23";"1";""
"202200013338";"790 305";"Z01";"1";"0";"0";"2";"1";"0";"0";""
"202200013339";"790 300";"B01";"2";"7";"0";"2";"0";"23";"1";""
"202200013339";"790 304";"A01";"2";"15";"0";"2";"1";"0";"1";""
"202200013340";"790 299";"A01";"1";"10";"0";"2";"5";"9";"1";""
"202200013340";"790 301";"B01";"2";"34";"0";"2";"1";"26";"1";""
"202200013341";"790 298";"B01";"1";"50";"0";"2";"1";"1";"3";""
"202200013341";"790 302";"A01";"1";"7";"0";"2";"2";"1";"1";""
"202200013342";"790 295";"B01";"2";"7";"0";"2";"1";"1";"1";""
"202200013342";"790 297";"A01";"2";"7";"0";"2";"4";"1";"1";""
"202200013343";"790 292";"A01";"1";"7";"0";"0";"9";"11";"1";""
"202200013343";"790 294";"B01";"1";"7";"0";"2";"1";"2";"1";""
"202200013343";"790 296";"C01";"1";"13";"0";"2";"7";"2";"1";""
"202200013344";"790 290";"A01";"1";"31";"12";"0";"7";"1";"1";""
"202200013345";"790 291";"B01";"3";"2";"0";"2";"1";"1";"1";""
"202200013345";"790 293";"A01";"3";"50";"0";"2";"5";"19";"3";""
"202200013346";"790 288";"A01";"2";"10";"0";"1";"1";"1";"1";""
"202200013347";"790 286";"A01";"2";"30";"0";"2";"8";"1";"1";""
"202200013347";"790 289";"B01";"2";"7";"0";"2";"3";"15";"1";""
"202200013348";"790 285";"A01";"3";"31";"0";"1";"7";"21";"1";""
"202200013349";"790 284";"B01";"1";"33";"0";"2";"1";"1";"1";""
"202200013349";"790 287";"A01";"2";"10";"0";"2";"5";"15";"1";""
"202200013350";"790 283";"A01";"1";"7";"0";"1";"1";"1";"1";""
"202200013351";"790 282";"A01";"2";"7";"0";"1";"3";"26";"2";""
"202200013352";"790 281";"A01";"3";"7";"0";"1";"1";"1";"1";""
"202200013353";"790 278";"A01";"1";"7";"0";"2";"1";"2";"1";""
"202200013353";"790 279";"B01";"1";"7";"5";"0";"4";"2";"2";""
"202200013354";"790 277";"A01";"1";"2";"0";"2";"1";"1";"1";""
"202200013354";"790 280";"B01";"1";"7";"0";"2";"2";"1";"1";""
"202200013355";"790 275";"B01";"2";"7";"0";"2";"3";"1";"1";""
"202200013355";"790 276";"A01";"1";"7";"0";"2";"3";"21";"1";""
"202200013356";"790 273";"A01";"1";"99";"0";"2";"1";"26";"0";""
"202200013357";"790 274";"A01";"3";"7";"0";"1";"3";"15";"1";""
"202200013358";"790 271";"A01";"1";"7";"13";"0";"1";"14";"1";""
"202200013359";"790 270";"A01";"3";"7";"0";"1";"3";"1";"1";""
"202200013360";"790 269";"A01";"2";"33";"12";"0";"1";"26";"1";""
"202200013361";"790 268";"A01";"3";"2";"0";"0";"3";"26";"1";""
"202200013362";"790 267";"A01";"2";"7";"15";"0";"1";"26";"1";""
"202200013363";"790 265";"A01";"0";"7";"9";"0";"1";"9";"1";""