"Num_Acc";"id_vehicule";"num_veh";"senc";"catv";"obs";"obsm";"choc";"manv";"motor";"occutc"
"202200013793";"789 519";"A01";"2";"31";"0";"2";"1";"17";"1";""
"202200013794";"789 514";"B01";"0";"1";"0";"2";"4";"1";"5";""
"202200013794";"789 515";"A01";"0";"7";"0";"2";"1";"1";"1";""
"202200013795";"789 510";"A01";"3";"7";"0";"2";"1";"2";"1";""
"202200013795";"789 512";"B01";"3";"3";"0";"2";"4";"2";"1";""
"202200013796";"789 511";"B01";"1";"7";"0";"2";"3";"1";"1";""
"202200013796";"789 513";"A01";"1";"7";"0";"2";"2";"14";"1";""
"202200013797";"789 508";"A01";"1";"7";"0";"2";"1";"1";"1";""
"202200013797";"789 509";"B01";"1";"7";"0";"2";"4";"1";"2";""
"202200013798";"789 506";"A01";"1";"33";"0";"2";"1";"17";"1";""
"202200013798";"789 507";"B01";"1";"7";"0";"2";"3";"10";"1";""
"202200013799";"789 504";"A01";"1";"7";"0";"2";"1";"13";"1";""
"202200013799";"789 505";"B01";"2";"7";"0";"2";"1";"1";"1";""
"202200013800";"789 501";"A01";"1";"7";"0";"2";"5";"26";"1";""
"202200013800";"789 503";"B01";"2";"7";"0";"2";"3";"21";"1";""
"202200013801";"789 499";"A01";"1";"7";"0";"1";"1";"26";"1";""
"202200013802";"789 500";"B01";"1";"37";"0";"2";"1";"7";"2";"2"
"202200013802";"789 502";"A01";"1";"1";"0";"2";"4";"14";"5";""
"202200013803";"789 496";"A01";"1";"7";"0";"1";"1";"17";"1";""
"202200013804";"789 495";"B01";"1";"80";"0";"2";"5";"13";"3";""
"202200013804";"789 497";"A01";"1";"30";"1";"2";"2";"17";"3";""
"202200013805";"789 492";"B01";"1";"7";"0";"2";"4";"24";"1";""
"202200013805";"789 494";"A01";"1";"30";"0";"2";"1";"13";"3";""
"202200013806";"789 493";"A01";"1";"7";"6";"0";"1";"26";"1";""
"202200013807";"789 490";"A01";"2";"7";"8";"0";"7";"0";"1";""
"202200013808";"789 488";"A01";"0";"33";"1";"0";"2";"17";"1";""
"202200013809";"789 489";"B01";"2";"7";"0";"2";"3";"15";"1";""
"202200013809";"789 491";"A01";"2";"1";"0";"2";"1";"1";"5";""
"202200013810";"789 483";"B01";"1";"7";"0";"2";"3";"1";"2";""
"202200013810";"789 485";"A01";"1";"1";"0";"2";"2";"1";"5";""
"202200013811";"789 482";"B01";"1";"10";"0";"0";"5";"2";"1";""
"202200013811";"789 484";"A01";"1";"1";"0";"2";"1";"2";"5";""
"202200013812";"789 481";"A01";"2";"30";"0";"1";"7";"1";"1";""
"202200013813";"789 479";"A01";"2";"7";"0";"2";"3";"1";"1";""
"202200013813";"789 480";"B01";"3";"31";"0";"2";"3";"16";"1";""
"202200013814";"789 478";"A01";"1";"7";"8";"0";"1";"0";"1";""
"202200013815";"789 475";"A01";"2";"7";"0";"2";"3";"1";"1";""
"202200013815";"789 477";"B01";"1";"2";"0";"2";"1";"1";"1";""
"202200013816";"789 472";"B01";"1";"7";"0";"2";"6";"15";"1";""
"202200013816";"789 473";"A01";"1";"2";"0";"2";"1";"17";"1";""
"202200013817";"789 474";"B01";"2";"7";"0";"2";"1";"15";"1";""
"202200013817";"789 476";"A01";"1";"30";"0";"2";"3";"1";"0";""
"202200013818";"789 471";"A01";"1";"32";"13";"0";"2";"15";"1";""
"202200013819";"789 470";"A01";"1";"2";"0";"9";"1";"21";"1";""
"202200013820";"789 468";"B01";"2";"33";"3";"2";"2";"18";"1";""
"202200013820";"789 469";"A01";"2";"7";"0";"2";"2";"16";"1";""
"202200013821";"789 467";"A01";"3";"7";"0";"1";"3";"16";"1";""
"202200013822";"789 464";"A01";"2";"33";"0";"2";"1";"21";"1";""
"202200013822";"789 466";"B01";"2";"7";"0";"2";"4";"1";"1";""
"202200013823";"789 462";"A01";"1";"10";"0";"1";"1";"15";"1";""
"202200013824";"789 463";"B01";"1";"7";"0";"2";"4";"24";"1";""
"202200013824";"789 465";"A01";"0";"7";"1";"2";"1";"21";"1";""
"202200013825";"789 460";"B01";"1";"1";"0";"2";"7";"1";"5";""
"202200013825";"789 461";"A01";"2";"7";"0";"2";"1";"9";"3";""
"202200013826";"789 455";"D01";"2";"7";"0";"2";"1";"2";"1";""
"202200013826";"789 456";"C01";"2";"10";"0";"2";"4";"1";"1";""
"202200013826";"789 457";"B01";"2";"7";"0";"2";"4";"1";"1";""
"202200013826";"789 458";"A01";"2";"7";"4";"2";"4";"1";"1";""
"202200013827";"789 452";"B01";"2";"37";"0";"2";"7";"1";"1";"1"
"202200013827";"789 453";"A01";"2";"7";"0";"1";"1";"5";"1";""
"202200013828";"789 454";"Z01";"3";"7";"6";"2";"2";"0";"1";""
"202200013828";"789 459";"B01";"0";"7";"0";"2";"3";"2";"1";""
"202200013829";"789 451";"Z01";"3";"3";"0";"1";"1";"16";"1";""
"202200013830";"789 448";"A01";"1";"7";"0";"2";"6";"26";"1";""
"202200013830";"789 449";"B01";"1";"1";"0";"2";"1";"26";"5";""
"202200013831";"789 450";"A01";"1";"7";"0";"1";"2";"1";"1";""
"202200013832";"789 445";"A01";"2";"7";"0";"2";"1";"1";"1";""
"202200013832";"789 447";"B01";"2";"7";"0";"2";"1";"23";"1";""
"202200013833";"789 442";"A01";"2";"30";"0";"2";"2";"1";"1";""
"202200013833";"789 444";"B01";"2";"7";"0";"2";"6";"16";"1";""
"202200013834";"789 443";"A01";"2";"10";"0";"2";"2";"17";"0";""
"202200013834";"789 446";"B01";"1";"7";"1";"0";"8";"12";"1";""
"202200013835";"789 440";"B01";"1";"1";"0";"2";"4";"1";"5";""
"202200013835";"789 441";"A01";"1";"7";"0";"2";"1";"1";"1";""
"202200013836";"789 437";"A01";"2";"7";"0";"2";"1";"1";"1";""
"202200013836";"789 438";"B01";"1";"7";"0";"2";"6";"1";"2";""
"202200013837";"789 435";"B01";"1";"7";"0";"2";"3";"1";"1";""
"202200013837";"789 436";"A01";"2";"7";"0";"2";"2";"10";"1";""
"202200013838";"789 439";"A01";"1";"2";"0";"1";"1";"2";"0";""
"202200013839";"789 433";"A01";"1";"50";"0";"2";"1";"5";"3";""
"202200013839";"789 434";"B01";"1";"7";"0";"2";"3";"15";"1";""
"202200013840";"789 430";"A01";"2";"32";"0";"2";"1";"1";"1";""
"202200013840";"789 432";"B01";"2";"10";"0";"2";"8";"1";"1";""
"202200013841";"789 427";"A01";"1";"7";"0";"2";"3";"15";"1";""
"202200013841";"789 429";"B01";"2";"33";"0";"2";"1";"1";"1";""
"202200013842";"789 428";"A01";"2";"14";"0";"2";"2";"14";"1";""
"202200013842";"789 431";"B01";"2";"7";"0";"2";"6";"1";"1";""
"202200013843";"789 424";"A01";"2";"34";"0";"2";"1";"1";"1";""
"202200013843";"789 426";"B01";"1";"7";"0";"2";"7";"1";"1";""
"202200013844";"789 421";"B01";"1";"30";"0";"2";"7";"1";"1";""
"202200013844";"789 423";"A01";"2";"7";"0";"2";"1";"19";"1";""
"202200013845";"789 422";"B01";"1";"2";"0";"2";"2";"3";"1";""
"202200013845";"789 425";"A01";"0";"7";"0";"2";"6";"0";"0";""
"202200013846";"789 420";"A01";"0";"32";"16";"0";"0";"1";"1";""
"202200013847";"789 416";"A01";"1";"2";"0";"2";"1";"0";"1";""
"202200013847";"789 419";"B01";"2";"7";"0";"2";"1";"0";"1";""
"202200013848";"789 414";"D01";"1";"7";"0";"2";"3";"0";"1";""
"202200013848";"789 415";"C01";"1";"7";"0";"2";"2";"1";"1";""
"202200013848";"789 417";"B01";"1";"7";"0";"2";"2";"2";"1";""
"202200013848";"789 418";"A01";"1";"7";"0";"0";"0";"2";"1";""
"202200013849";"789 411";"A01";"3";"7";"15";"2";"3";"16";"1";""
"202200013849";"789 413";"B01";"3";"7";"0";"2";"1";"1";"1";""
"202200013850";"789 410";"A01";"1";"7";"0";"2";"8";"15";"1";""
"202200013850";"789 412";"B01";"1";"33";"0";"2";"1";"17";"1";""
"202200013851";"789 406";"A01";"1";"7";"0";"2";"0";"17";"0";""
"202200013851";"789 407";"B01";"1";"7";"0";"2";"5";"1";"1";""
"202200013851";"789 409";"C01";"1";"7";"0";"2";"2";"1";"1";""
"202200013852";"789 405";"B01";"3";"7";"0";"2";"6";"24";"1";""
"202200013852";"789 408";"A01";"2";"2";"1";"0";"1";"26";"3";""
"202200013853";"789 403";"A01";"3";"7";"0";"2";"1";"17";"1";""
"202200013853";"789 404";"B01";"3";"33";"0";"2";"1";"1";"1";""
"202200013854";"789 402";"A01";"1";"7";"1";"0";"1";"14";"1";""
"202200013855";"789 400";"A01";"2";"10";"0";"2";"1";"9";"1";""
"202200013855";"789 401";"B01";"2";"7";"0";"2";"4";"9";"1";""
"202200013856";"789 398";"A01";"2";"7";"0";"1";"2";"1";"1";""
"202200013857";"789 395";"A01";"0";"7";"0";"2";"8";"26";"0";""
"202200013857";"789 396";"B01";"0";"30";"0";"2";"7";"0";"0";""
"202200013858";"789 397";"B01";"2";"7";"0";"2";"2";"2";"1";""
"202200013858";"789 399";"A01";"1";"7";"0";"2";"1";"19";"1";""
"202200013859";"789 393";"A01";"2";"17";"15";"0";"5";"1";"1";""
"202200013860";"789 392";"A01";"1";"30";"0";"2";"1";"1";"1";""
"202200013860";"789 394";"B01";"3";"7";"0";"2";"2";"0";"1";""
"202200013861";"789 390";"[01";"0";"7";" -1";"2";"8";"0";" -1";""
"202200013861";"789 391";"B01";"3";"2";"0";"2";"8";"26";"1";""
"202200013862";"789 388";"B01";"3";"7";"0";"2";"4";"1";"1";""
"202200013862";"789 389";"A01";"3";"33";"0";"2";"1";"1";"1";""
"202200013863";"789 386";"A01";"3";"10";"0";"1";"2";"1";"1";""
"202200013864";"789 385";"A01";"3";"33";"0";"2";"2";"1";"1";""
"202200013864";"789 387";"B01";"1";"7";"0";"2";"2";"15";"1";""
"202200013865";"789 383";"A01";"2";"7";"0";"2";"1";"2";"1";""
"202200013865";"789 384";"B01";"1";"7";"0";"2";"4";"2";"1";""
"202200013866";"789 380";"A01";"2";"7";"0";"2";"3";"13";"1";""
"202200013866";"789 381";"B01";"1";"37";"0";"2";"6";"23";"2";"1"
"202200013867";"789 378";"A01";"3";"7";"0";"1";"2";"1";"1";""
"202200013868";"789 377";"Z01";"0";"7";"0";"1";"1";"1";"0";""
"202200013869";"789 379";"A01";"2";"7";"0";"2";"1";"1";"1";""
"202200013869";"789 382";"B01";"2";"15";"0";"2";"4";"2";"1";""
"202200013870";"789 375";"B01";"2";"7";"0";"2";"4";"23";"1";""
"202200013870";"789 376";"A01";"2";"7";"0";"2";"2";"2";"1";""
"202200013871";"789 373";"A01";"1";"1";"0";"2";"1";"1";"5";""
"202200013871";"789 374";"B01";"1";"10";"0";"2";"6";"24";"1";""
"202200013872";"789 372";"A01";"1";"80";"1";"0";"1";"1";"3";""
"202200013873";"789 368";"B01";"2";"33";"0";"2";"1";"1";"1";""
"202200013873";"789 370";"A01";"1";"7";"0";"2";"1";"15";"1";""
"202200013874";"789 369";"A01";"2";"7";"0";"2";"3";"19";"1";""
"202200013874";"789 371";"B01";"1";"10";"0";"2";"2";"1";"1";""
"202200013875";"789 366";"A01";"1";"7";"0";"2";"6";"23";"2";""
"202200013875";"789 367";"B01";"1";"30";"0";"2";"2";"2";"3";""
"202200013876";"789 364";"A01";"2";"80";"0";"1";"1";"1";"3";""
"202200013877";"789 362";"A01";"2";"32";"0";"2";"2";"1";"1";""
"202200013877";"789 363";"B01";"2";"7";"0";"2";"0";"0";"1";""
"202200013878";"789 365";"A01";"2";"1";"0";"0";"0";"2";"5";""
"202200013879";"789 360";"B01";"2";"32";"1";"2";"1";"1";"1";""
"202200013879";"789 361";"A01";"2";"7";"1";"2";"1";"1";"1";""
"202200013880";"789 357";"A01";"1";"33";"4";"2";"1";"2";"1";""
"202200013880";"789 358";"B01";"1";"10";"4";"0";"4";"23";"1";""
"202200013881";"789 359";"A01";"1";"80";"14";"0";"0";"1";"3";""
"202200013882";"789 355";"A01";"0";"7";"0";"2";"1";"1";"1";""
"202200013882";"789 356";"B01";"0";"30";"0";"2";"8";"1";"1";""
"202200013883";"789 354";"A01";"2";"42";"0";"1";"1";"1";"1";""
"202200013884";"789 352";"B01";"1";"33";"0";"2";"7";"2";"1";""
"202200013884";"789 353";"A01";"2";"10";"0";"2";"3";"10";"1";""
"202200013885";"789 350";"B01";"1";"37";"0";"2";"1";"1";"1";"2"
"202200013885";"789 351";"A01";"2";"7";"0";"2";"8";"26";"1";""
"202200013886";"789 349";"A01";"1";"7";"1";"0";"1";"1";"1";""
"202200013887";"789 347";"B01";"2";"7";"0";"2";"1";"1";"1";""
"202200013887";"789 348";"A01";"2";"7";"0";"2";"7";"15";"1";""
"202200013888";"789 345";"A01";"2";"7";"0";"2";"5";"23";"1";""
"202200013888";"789 346";"B01";"2";"30";"0";"2";"3";"2";"1";""
"202200013889";"789 342";"B01";"2";"7";"0";"2";"1";"1";"1";""
"202200013889";"789 344";"A01";"3";"7";"0";"2";"1";"16";"1";""
"202200013890";"789 339";"B01";"1";"10";"0";"2";"3";"15";"1";""
"202200013890";"789 340";"A01";"1";"32";"0";"2";"1";"17";"1";""
"202200013891";"789 341";"B01";"1";"7";"0";"2";"1";"1";"1";""
"202200013891";"789 343";"A01";"1";"13";"0";"2";"2";"1";"1";""
"202200013892";"789 337";"B01";"1";"7";"0";"2";"7";"16";"1";""
"202200013892";"789 338";"A01";" -1";"33";"0";"2";"1";"26";"1";""
"202200013893";"789 335";"A01";"1";"7";"0";"9";"3";"13";"0";""
"202200013893";"789 336";"B01";"1";"1";"0";"2";"7";"17";"5";""
"202200013894";"789 334";"A01";"1";"7";"0";"0";"9";"1";"1";""
"202200013895";"789 332";"B01";"1";"7";"0";"0";"4";"2";"1";""
"202200013895";"789 333";"A01";"1";"7";"0";"2";"1";"2";"1";""
"202200013896";"789 331";"A01";"3";"7";"0";"1";"4";"26";"1";""
"202200013897";"789 329";"A01";" -1";"30";"0";"2";"7";"1";"1";""
"202200013897";"789 330";"Z01";" -1";"10";"0";"0";"0";"0";"6";""
"202200013898";"789 326";"A01";"2";"7";"0";"2";"1";"2";"2";""
"202200013898";"789 327";"B01";"2";"33";"0";"2";"4";"23";"1";""
"202200013899";"789 325";"B01";"2";"7";"0";"0";"0";"26";"1";""
"202200013899";"789 328";"A01";"2";"7";"4";"0";"9";"21";"1";""
"202200013900";"789 323";"A01";"3";"7";"0";"2";"3";"26";"0";""
"202200013900";"789 324";"B01";"0";"33";"0";"2";"5";"0";"1";""
"202200013901";"789 318";"B01";"2";"7";"0";"0";"6";"15";"1";""
"202200013901";"789 320";"A01";"2";"33";"0";"2";"1";"17";"1";""
"202200013902";"789 314";"A01";"1";"7";"0";"2";"1";"2";"1";""
"202200013902";"789 315";"B01";"1";"7";"0";"0";"4";"2";"1";""
"202200013902";"789 316";"C01";"1";"7";"0";"2";"2";"17";"1";""
"202200013902";"789 317";"D01";"1";"7";"3";"2";"6";"13";"1";""
"202200013902";"789 319";"E01";"1";"7";"0";"2";"1";"2";"1";""
"202200013902";"789 321";"F01";"1";"7";"0";"0";"4";"23";"1";""
"202200013902";"789 322";"G01";"1";"7";"0";"2";"1";"2";"1";""
"202200013903";"789 311";"A01";"1";"2";"0";"2";"1";"15";"1";""
"202200013903";"789 312";"B01";"2";"7";"0";"2";"1";"1";"1";""
"202200013904";"789 310";"A01";"3";"7";"0";"1";"2";"2";"1";""
"202200013905";"789 309";"B01";"1";"1";"0";"2";"8";"15";"5";""
"202200013905";"789 313";"A01";"1";"7";"0";"2";"2";"15";"1";""
"202200013906";"789 307";"A01";"1";"1";"0";"2";"1";"13";"5";""
"202200013906";"789 308";"B01";"2";"7";"0";"9";"3";"1";"1";""
"202200013907";"789 306";"A01";"1";"7";"0";"1";"2";"1";"1";""
"202200013908";"789 305";"A01";"1";"7";"0";"1";"1";"1";"1";""
"202200013909";"789 304";"A01";"0";"7";"0";"1";"1";"1";"1";""
"202200013910";"789 302";"A01";"2";"7";"13";"0";"1";"1";"1";""
"202200013911";"789 299";"A01";"1";"7";"0";"2";"3";"9";"1";""
"202200013911";"789 300";"B01";"2";"1";"0";"2";"1";"21";"5";""
"202200013912";"789 301";"A01";"2";"3";"0";"2";"3";"5";"1";""
"202200013912";"789 303";"B01";"1";"7";"0";"2";"3";"1";"1";""
"202200013913";"789 297";"A01";"1";"7";"0";"2";"1";"1";"1";""
"202200013913";"789 298";"B01";"1";"7";"0";"0";"4";"15";"1";""
"202200013914";"789 294";"A01";"1";"7";"0";"2";"1";"13";"1";""
"202200013914";"789 295";"B01";"2";"7";"0";"2";"3";"1";"1";""
"202200013915";"789 293";"A01";"1";"7";"2";"0";"1";"1";"1";""
"202200013916";"789 292";"A01";"2";"7";"0";"0";"1";"0";"1";""
"202200013917";"789 290";"B01";"1";"7";"0";"2";"1";"1";"1";""
"202200013917";"789 296";"A01";"2";"3";"0";"2";"3";"16";"1";""
"202200013918";"789 289";"B01";"2";"15";"0";"2";"1";"1";"1";""
"202200013918";"789 291";"A01";"1";"7";"0";"2";"8";"1";"1";""
"202200013919";"789 287";"A01";"1";"7";"2";"0";"1";"1";"1";""
"202200013920";"789 288";"A01";"2";"7";"13";"0";"1";"13";"1";""
"202200013921";"789 286";"A01";"1";"33";"0";"1";"8";"1";"1";""
"202200013922";"789 285";"A01";"2";"7";"0";"1";"1";"0";"1";""
"202200013923";"789 283";"A01";"2";"2";"0";"2";"1";"1";"1";""
"202200013923";"789 284";"B01";" -1";"7";"0";"2";"5";"26";"1";""
"202200013924";"789 282";"A01";"2";"33";"0";"0";"2";"0";"1";""
"202200013925";"789 280";"A01";"2";"7";"13";"0";"3";"1";"1";""
"202200013926";"789 281";"A01";"2";"7";"2";"0";"3";"13";"1";""
"202200013927";"789 278";"A01";"1";"7";"0";"2";"1";"2";"1";""
"202200013927";"789 279";"B01";"1";"1";"0";"2";"4";"2";"5";""
"202200013928";"789 276";"B01";"1";"1";"0";"2";"1";"1";"5";""
"202200013928";"789 277";"A01";"2";"13";"0";"2";"3";"15";"1";""
"202200013929";"789 274";"B01";"1";"2";"0";"2";"7";"1";"1";""
"202200013929";"789 275";"A01";"1";"7";"0";"2";"1";"19";"1";""
"202200013930";"789 273";"A01";"2";"7";"13";"0";"1";"13";"1";""
"202200013931";"789 272";"A01";"3";"7";"9";"1";"3";"1";"1";""
"202200013932";"789 271";"A01";"2";"7";"1";"0";"1";"13";"2";""
"202200013933";"789 270";"A01";"0";"7";"0";"1";"2";"1";"1";""
"202200013934";"789 269";"A01";"2";"7";"2";"0";"1";"16";"1";""
"202200013935";"789 267";"A01";"2";"7";"0";"1";"3";"1";"1";""
"202200013936";"789 266";"A01";"0";"7";"0";"2";"3";"15";"3";""
"202200013936";"789 268";"B01";"1";"33";"0";"2";"1";"1";"1";""
"202200013937";"789 265";"A01";"2";"7";"3";"0";"1";"1";"1";""
"202200013938";"789 262";"B01";"3";"7";"0";"2";"1";"23";"3";""
"202200013938";"789 264";"A01";"3";"15";"1";"0";"5";"26";"1";""
"202200013939";"789 261";"A01";"2";"10";"0";"9";"1";"1";"1";""
"202200013939";"789 263";"B01";"1";"1";"0";"2";"1";"1";"5";""
"202200013940";"789 260";"A01";"2";"10";"8";"0";"1";"1";"1";""
"202200013941";"789 258";"A01";"0";"2";"0";"2";"1";"1";"1";""
"202200013941";"789 259";"B01";"0";"10";"0";"2";"4";"23";"1";""
"202200013942";"789 256";"B01";"1";"7";"0";"2";"1";"1";"1";""
"202200013942";"789 257";"A01";"2";"7";"0";"2";"2";"13";"1";""
"202200013943";"789 255";"A01";"1";"7";"2";"0";"1";"1";"1";""
"202200013944";"789 254";"A01";"2";"10";"4";"0";"3";"1";"1";""
"202200013945";"789 252";"B01";"3";"1";"0";"2";"8";"2";"5";""
"202200013945";"789 253";"A01";"3";"7";"0";"2";"7";"13";"1";""
"202200013946";"789 250";"A01";"1";"80";"0";"2";"1";"1";"3";""
"202200013946";"789 251";"B01";"2";"7";"0";"9";"2";"9";"1";""
"202200013947";"789 249";"A01";"2";"36";"6";"0";"1";"1";"0";""
"202200013948";"789 246";"B01";"1";"10";"0";"0";"6";"1";"1";""
"202200013948";"789 247";"A01";"1";"33";"0";"2";"1";"1";"1";""
"202200013949";"789 245";"A01";"1";"33";"6";"0";"8";"0";"1";""
"202200013950";"789 244";"A01";"1";"17";"0";"2";"5";"24";"1";""
"202200013950";"789 248";"B01";"1";"7";"1";"0";"1";"1";"1";""
"202200013951";"789 242";"B01";"3";"7";"0";"2";"1";"1";"1";""
"202200013951";"789 243";"A01";"3";"2";"0";"2";"1";"13";"1";""
"202200013952";"789 239";"A01";"1";"7";"14";"9";"1";"1";"6";""
"202200013953";"789 237";"B01";"2";"7";"0";"2";"6";"11";"1";""
"202200013953";"789 241";"A01";"2";"33";"0";"2";"2";"1";"1";""
"202200013954";"789 234";"A01";"1";"7";"0";"2";"6";"21";"3";""
"202200013954";"789 235";"B01";"1";"7";"4";"2";"4";"1";"1";""
"202200013954";"789 236";"C01";"1";"7";"4";"2";"4";"0";"1";""
"202200013954";"789 238";"D01";"1";"10";"0";"2";"4";"2";"1";""
"202200013954";"789 240";"E01";"1";"10";"0";"2";"1";"0";"1";""
"202200013955";"789 232";"A01";"2";"7";"13";"0";"3";"13";"1";""
"202200013956";"789 230";"A01";"0";"7";"0";"2";"1";"1";"1";""
"202200013956";"789 233";"B01";"0";"7";"15";"0";"3";"1";"1";""
"202200013957";"789 227";"A01";"1";"7";"0";"2";"1";"2";"2";""
"202200013957";"789 228";"B01";"1";"7";"0";"2";"4";"2";"1";""
"202200013957";"789 229";"C01";"1";"10";"0";"2";"1";"2";"1";""
"202200013957";"789 231";"D01";"1";"7";"0";"2";"1";"2";"1";""
"202200013958";"789 224";"A01";"2";"7";"0";"2";"1";"1";"1";""
"202200013958";"789 226";"B01";"2";"7";"0";"2";"4";"2";"1";""
"202200013959";"789 222";"A01";"1";"7";"0";"0";"4";"26";"1";""
"202200013960";"789 219";"B01";"2";"32";"0";"2";"7";"3";"1";""
"202200013960";"789 221";"A01";"2";"33";"0";"2";"8";"11";"1";""
"202200013961";"789 220";"A01";"1";"33";"0";"6";"1";"1";"1";""
"202200013962";"789 217";"A01";"1";"33";"0";"2";"7";"3";"1";""
"202200013962";"789 218";"B01";"1";"7";"0";"2";"8";"17";"1";""
"202200013963";"789 216";"A01";"0";"7";"0";"1";"2";"1";"1";""
"202200013964";"789 215";"A01";"1";"80";"0";"1";"5";"2";"3";""
"202200013965";"789 214";"A01";"1";"33";"17";"0";"1";"1";"1";""
"202200013966";"789 211";"B01";"1";"33";"0";"2";"1";"19";"1";""
"202200013966";"789 212";"A01";"2";"15";"0";"2";"2";"19";"1";""
"202200013967";"789 209";"B01";"1";"7";"0";"2";"3";"1";"1";""
"202200013967";"789 213";"A01";"1";"7";"0";"2";"3";"15";"1";""
"202200013968";"789 210";"A01";"2";"10";"3";"0";"7";"14";"1";""
"202200013969";"789 207";"Z01";"2";"31";"0";"2";"1";"0";"0";""
"202200013969";"789 208";"A01";"1";"50";"0";"2";"1";"0";"3";""
"202200013970";"789 204";"A01";"1";"7";"0";"2";"1";"9";"1";""
"202200013970";"789 206";"B01";"1";"37";"0";"2";"7";"1";"1";"1"
"202200013971";"789 203";"B01";"2";"17";"0";"0";"6";"1";"1";""
"202200013971";"789 205";"A01";"2";"7";"0";"2";"2";"3";"1";""
"202200013972";"789 202";"Z01";"3";"0";"0";"1";"0";"1";"0";""
"202200013973";"789 199";"B01";"1";"14";"0";"0";"6";"1";"1";""
"202200013973";"789 201";"A01";"2";"7";"3";"1";"1";"1";"1";""
"202200013974";"789 198";"B01";"3";"7";"0";"2";"3";"1";"1";""
"202200013974";"789 200";"A01";"3";"32";"0";"2";"1";"0";"1";""
"202200013975";"789 197";"A01";"2";"7";"0";"0";"0";"0";"1";""
"202200013976";"789 194";"A01";"1";"7";"0";"2";"1";"2";"1";""
"202200013976";"789 195";"B01";"1";"7";"0";"2";"4";"2";"1";""
"202200013976";"789 196";"C01";"1";"7";"0";"2";"4";"2";"1";""
"202200013977";"789 191";"A01";"3";"7";"0";"2";"8";"9";"1";""
"202200013977";"789 193";"B01";"3";"37";"0";"2";"3";"1";"1";"3"
"202200013978";"789 192";"A01";"1";"37";"0";"1";"2";"14";"1";"1"
"202200013979";"789 189";"B01";"1";"7";"16";"0";"6";"11";"1";""
"202200013979";"789 190";"A01";"1";"7";"0";"2";"2";"17";"1";""
"202200013980";"789 186";"B01";"1";"1";"14";"2";"4";"2";"5";""
"202200013980";"789 188";"A01";"1";"7";"0";"9";"1";"2";"1";""
"202200013981";"789 185";"A01";"1";"7";"0";"2";"3";"26";"3";""
"202200013981";"789 187";"B01";"2";"50";"0";"2";"0";"6";"3";""
"202200013982";"789 183";"A01";"3";"99";"0";"0";"0";"2";"6";""
"202200013983";"789 180";"A01";"1";"31";"5";"0";"1";"13";"1";""
"202200013984";"789 179";"A01";"2";"7";"0";"2";"2";"7";"2";""
"202200013984";"789 182";"B01";"2";"7";"0";"2";"3";"9";"1";""
"202200013985";"789 181";"A01";"1";"7";"0";"1";"2";"15";"1";""
"202200013986";"789 174";"A01";"2";"30";"0";"2";"7";"17";"1";""
"202200013986";"789 177";"B01";"1";"7";"0";"2";"8";"19";"1";""
"202200013987";"789 175";"B01";"1";"33";"0";"2";"1";"1";"1";""
"202200013987";"789 178";"A01";"0";"7";"0";"2";"2";"19";"1";""
"202200013988";"789 173";"B01";"2";"10";"0";"2";"1";"1";"1";""
"202200013988";"789 176";"A01";"2";"7";"0";"2";"3";"15";"1";""
"202200013989";"789 171";"A01";"0";"7";"0";"1";"1";"1";"0";""
"202200013990";"789 168";"A01";"1";"1";"0";"0";"0";"0";"5";""
"202200013991";"789 167";"C01";"2";"10";"0";"2";"4";"23";"1";""
"202200013991";"789 169";"B01";"2";"7";"0";"2";"6";"23";"1";""
"202200013991";"789 172";"A01";"2";"7";"0";"2";"2";"17";"1";""
"202200013992";"789 165";"A01";"3";"7";"0";"2";"1";"11";"1";""
"202200013992";"789 166";"B01";"3";"3";"0";"2";"3";"1";"1";""
"202200013992";"789 170";"C01";"3";"15";"0";"2";"3";"1";"1";""
"202200013993";"789 161";"A01";"2";"7";"0";"1";"2";"16";"1";""
"202200013994";"789 160";"A01";"0";"50";"1";"2";"8";"19";"3";""
"202200013994";"789 163";"B01";"0";"7";"1";"2";"1";"1";"1";""
"202200013995";"789 159";"A01";"1";"7";"13";"0";"1";"1";"2";""
"202200013996";"789 158";"A01";"1";"7";"0";"1";"1";"26";"1";""
"202200013997";"789 155";"A01";"2";"14";"0";"2";"7";"0";"1";""
"202200013997";"789 157";"B01";"2";"7";"0";"2";"8";"0";"1";""
"202200013998";"789 156";"Z01";"0";"7";"0";"1";"2";"16";"1";""
"202200013999";"789 153";"A01";"1";"7";"0";"1";"3";"1";"1";""
"202200014000";"789 152";"B01";"1";"7";"0";"2";"1";"2";"1";""
"202200014000";"789 154";"A01";"1";"7";"0";"2";"4";"1";"1";""
"202200014001";"789 149";"A01";"1";"7";"4";"0";"2";"1";"1";""
"202200014002";"789 150";"A01";"1";"7";"0";"1";"1";"1";"1";""
"202200014003";"789 148";"B01";"1";"2";"0";"2";"8";"1";"1";""
"202200014003";"789 151";"A01";"1";"2";"0";"2";"7";"14";"0";""
"202200014004";"789 147";"A01";"1";"7";"0";"1";"1";"1";"1";""
"202200014005";"789 144";"A01";"1";"7";"0";"2";"2";"1";"1";""
"202200014005";"789 146";"B01";"2";"7";"0";"2";"3";"1";"3";""
"202200014006";"789 143";"A01";"1";"7";"0";"2";"3";"15";"1";""
"202200014006";"789 145";"B01";"2";"1";"0";"2";"1";"1";"5";""