"Num_Acc";"id_vehicule";"num_veh";"senc";"catv";"obs";"obsm";"choc";"manv";"motor";"occutc"
"202200014216";"788 754";"B01";"2";"50";"0";"2";"7";"1";"3";""
"202200014216";"788 756";"A01";"2";"7";"0";"9";"3";"1";"1";""
"202200014217";"788 753";"B01";"2";"1";"0";"2";"4";"1";"5";""
"202200014217";"788 755";"A01";"2";"7";"0";"2";"2";"1";"1";""
"202200014218";"788 752";"A01";"2";"2";"1";"1";"8";"1";"3";""
"202200014219";"788 750";"B01";"2";"7";"0";"2";"1";"1";"1";""
"202200014219";"788 751";"A01";"1";"7";"0";"2";"7";"13";"1";""
"202200014220";"788 749";"A01";"2";"50";"1";"0";"1";"1";"3";""
"202200014221";"788 748";"A01";"3";"7";"6";"1";"2";"14";"1";""
"202200014222";"788 747";"A01";"2";"7";"0";"1";"7";"1";"1";""
"202200014223";"788 745";"A01";"1";"7";"0";"1";"2";"1";"1";""
"202200014224";"788 741";"A01";"2";"7";"0";"9";"3";"1";"1";""
"202200014224";"788 743";"B01";"2";"50";"0";"2";"0";"16";"3";""
"202200014225";"788 740";"B01";"2";"7";"0";"2";"5";"1";"2";""
"202200014225";"788 742";"A01";"2";"33";"0";"2";"1";"3";"1";""
"202200014226";"788 739";"A01";"1";"33";"0";"0";"0";"0";"1";""
"202200014227";"788 738";"A01";"1";"17";"16";"0";"0";"1";"1";""
"202200014228";"788 736";"B01";"2";"7";"0";"2";"3";"1";"1";""
"202200014228";"788 737";"A01";"1";"7";"0";"2";"3";"1";"1";""
"202200014229";"788 735";"A01";"3";"7";"0";"1";"6";"4";"1";""
"202200014230";"788 734";"A01";"2";"7";"6";"0";"8";"1";"1";""
"202200014231";"788 733";"A01";"0";"33";"4";"0";"3";"1";"1";""
"202200014232";"788 731";"B01";"2";"7";"0";"0";"1";"1";"1";""
"202200014232";"788 732";"A01";"2";"7";"0";"2";"3";"9";"1";""
"202200014233";"788 730";"A01";"2";"33";"0";"0";"0";"1";"1";""
"202200014234";"788 729";"A01";"1";"7";"8";"0";"1";"14";"1";""
"202200014235";"788 727";"A01";"2";"33";"0";"0";"8";"1";"1";""
"202200014236";"788 728";"A01";"3";"7";"0";"1";"2";"21";"1";""
"202200014237";"788 726";"A01";"3";"7";"0";"1";"4";"4";"1";""
"202200014238";"788 722";"B01";"2";"33";"0";"2";"1";"26";"1";""
"202200014238";"788 724";"A01";"1";"7";"0";"2";"2";"15";"1";""
"202200014239";"788 723";"B01";"2";"7";"4";"2";"4";"1";"1";""
"202200014239";"788 725";"A01";"2";"7";"4";"2";"1";"0";"1";""
"202200014240";"788 721";"A01";"2";"10";"2";"0";"1";"1";"1";""
"202200014241";"788 715";"D01";"2";"7";"0";"0";"8";"1";"1";""
"202200014241";"788 717";"C01";"2";"7";"0";"0";"8";"1";"1";""
"202200014241";"788 719";"B01";"2";"7";"0";"0";"4";"1";"1";""
"202200014241";"788 720";"A01";"2";"7";"0";"2";"7";"14";"1";""
"202200014242";"788 716";"A01";"3";"7";"0";"1";"3";"1";"1";""
"202200014243";"788 714";"A01";"2";"33";"3";"0";"3";"1";"1";""
"202200014244";"788 713";"A01";"0";"7";"0";"1";"4";"20";"1";""
"202200014245";"788 712";"A01";"1";"10";"5";"0";"1";"1";"1";""
"202200014246";"788 711";"A01";"1";"7";"0";"0";"9";"1";"3";""
"202200014247";"788 705";"A01";"2";"17";"0";"2";"0";"0";"1";""
"202200014247";"788 706";"B01";"2";"10";"0";"2";"0";"0";"1";""
"202200014247";"788 707";"C01";"2";"7";"0";"2";"0";"0";"1";""
"202200014247";"788 709";"D01";"2";"14";"0";"2";"0";"0";"1";""
"202200014247";"788 710";"E01";"2";"14";"0";"2";"0";"0";"1";""
"202200014248";"788 704";"A01";"1";"33";"0";"0";"8";"1";"1";""
"202200014248";"788 708";"B01";"3";"21";"0";"0";"0";"15";"1";""
"202200014249";"788 701";"A01";"2";"7";"0";"1";"1";"9";"1";""
"202200014250";"788 693";"A01";"1";"7";"0";"1";"2";"1";"1";""
"202200014251";"788 691";"A01";"2";"7";"0";"2";"2";"3";"1";""
"202200014251";"788 692";"B01";"2";"7";"0";"2";"3";"1";"1";""
"202200014251";"788 694";"C01";"2";"10";"0";"2";"8";"1";"1";""
"202200014251";"788 695";"D01";"2";"7";"0";"2";"7";"1";"1";""
"202200014251";"788 696";"E01";"2";"7";"0";"2";"8";"1";"1";""
"202200014251";"788 697";"F01";"2";"7";"0";"2";"8";"1";"1";""
"202200014251";"788 699";"G01";"2";"7";"0";"2";"5";"1";"1";""
"202200014251";"788 700";"H01";"2";"7";"0";"2";"7";"1";"1";""
"202200014251";"788 702";"I01";"2";"10";"0";"2";"7";"1";"1";""
"202200014251";"788 703";"J01";"2";"7";"0";"2";"6";"1";"1";""
"202200014252";"788 689";"B01";"1";"30";"0";"0";"7";"16";"1";""
"202200014252";"788 690";"A01";"2";"7";"0";"2";"3";"26";"1";""
"202200014253";"788 688";"A01";"2";"7";"0";"1";"3";"1";"1";""
"202200014254";"788 685";"B01";"0";"1";"0";"2";"8";"1";"5";""
"202200014254";"788 687";"A01";"0";"7";"0";"2";"1";"15";"1";""
"202200014255";"788 683";"A01";"1";"7";"1";"2";"3";"16";"1";""
"202200014255";"788 684";"C01";"1";"3";"0";"2";"4";"26";"1";""
"202200014255";"788 686";"B01";"1";"7";"0";"2";"2";"1";"1";""
"202200014256";"788 682";"A01";"2";"7";"16";"0";"9";"1";"1";""
"202200014257";"788 680";"A01";"1";"7";"0";"2";"1";"1";"1";""
"202200014257";"788 681";"B01";"1";"7";"0";"2";"1";"1";"1";""
"202200014258";"788 677";"B01";"1";"31";"0";"2";"1";"1";"1";""
"202200014258";"788 678";"A01";"1";"7";"0";"0";"8";"9";"1";""
"202200014259";"788 676";"A01";"1";"7";"0";"9";"3";"18";"1";""
"202200014259";"788 679";"B01";"1";"1";"0";"2";"4";"17";"5";""
"202200014260";"788 673";"B01";"1";"7";"0";"2";"4";"1";"1";""
"202200014260";"788 674";"A01";"1";"7";"0";"2";"9";"1";"1";""
"202200014261";"788 669";"B01";"2";"80";"0";"2";"1";"1";"3";""
"202200014261";"788 671";"A01";"1";"7";"0";"2";"8";"15";"1";""
"202200014262";"788 668";"A01";"1";"2";"0";"2";"2";"1";"1";""
"202200014262";"788 670";"B01";"2";"13";"0";"2";"1";"1";"1";""
"202200014263";"788 667";"A01";"2";"1";"0";"9";"0";"21";"5";""
"202200014264";"788 665";"A01";"1";"7";"0";"1";"3";"19";"1";""
"202200014265";"788 664";"A01";"2";"7";"0";"2";"2";"13";"1";""
"202200014265";"788 666";"B01";"2";"7";"0";"2";"1";"1";"1";""
"202200014266";"788 661";"A01";"2";"7";"0";"0";"8";"15";"1";""
"202200014266";"788 662";"B01";"2";"80";"0";"2";"1";"1";"3";""
"202200014267";"788 660";"B01";"1";"7";"0";"2";"1";"1";"1";""
"202200014267";"788 663";"A01";"2";"7";"1";"2";"1";"1";"1";""
"202200014268";"788 657";"A01";"1";"7";"13";"0";"3";"9";"1";""
"202200014268";"788 659";"B01";"2";"15";"0";"2";"1";"2";"1";""
"202200014269";"788 656";"B01";"2";"7";"0";"2";"3";"0";"1";""
"202200014269";"788 658";"A01";"1";"7";"0";"2";"3";"0";"1";""
"202200014270";"788 653";"B01";"3";"30";"0";"2";"1";"1";"1";""
"202200014270";"788 655";"A01";"3";"7";"0";"2";"3";"1";"1";""
"202200014271";"788 652";"A01";"1";"7";"0";"2";"3";"22";"1";""
"202200014271";"788 654";"B01";"1";"1";"1";"0";"1";"1";"5";""
"202200014272";"788 651";"A01";"1";"33";"12";"0";"7";"16";"1";""
"202200014273";"788 649";"B01";"1";"32";"0";"2";"1";"1";"1";""
"202200014273";"788 650";"A01";"2";"7";"0";"2";"1";"15";"1";""
"202200014274";"788 648";"A01";"2";"7";"0";"0";"1";"1";"3";""
"202200014275";"788 647";"A01";"3";"37";"0";"0";"0";"21";"1";"2"
"202200014276";"788 644";"B01";"2";"7";"0";"2";"1";"1";"1";""
"202200014276";"788 646";"A01";"2";"7";"0";"0";"8";"1";"1";""
"202200014277";"788 643";"A01";"1";"7";"0";"2";"1";"15";"1";""
"202200014277";"788 645";"B01";"2";"33";"0";"2";"1";"1";"1";""
"202200014278";"788 641";"B01";"3";"21";"0";"2";"6";"1";"1";""
"202200014278";"788 642";"A01";"3";"2";"0";"2";"3";"1";"1";""
"202200014279";"788 639";"B01";"3";"30";"0";"2";"8";"2";"1";""
"202200014279";"788 640";"A01";"3";"38";"0";"2";"8";"16";"1";"1"
"202200014280";"788 636";"B01";"1";"7";"0";"2";"2";"15";"1";""
"202200014280";"788 638";"A01";"2";"33";"0";"2";"2";"1";"1";""
"202200014281";"788 631";"A01";"1";"2";"0";"0";"1";"26";"1";""
"202200014281";"788 633";"B01";"2";"7";"0";"0";"5";"23";"6";""
"202200014282";"788 632";"A01";"1";"14";"0";"2";"3";"1";"0";""
"202200014282";"788 634";"B01";"1";"1";"0";"0";"3";"1";"5";""
"202200014283";"788 629";"A01";"2";"7";"0";"0";"1";"2";"1";""
"202200014284";"788 627";"A01";"2";"15";"0";"1";"8";"26";"1";""
"202200014285";"788 625";"B01";"1";"50";"0";"2";"1";"2";"3";""
"202200014285";"788 626";"A01";"2";"7";"0";"2";"1";"15";"1";""
"202200014286";"788 624";"A01";"1";"7";"3";"0";"1";"1";"1";""
"202200014287";"788 622";"B01";"0";"33";"0";"2";"2";"0";"0";""
"202200014287";"788 623";"A01";"0";"7";"0";"2";"0";"0";"1";""
"202200014288";"788 621";"A01";"1";"7";"0";"0";"9";"13";"1";""
"202200014289";"788 620";"A01";"1";"7";"0";"1";"2";"15";"1";""
"202200014290";"788 619";"A01";"1";"7";"4";"1";"2";"14";"1";""
"202200014291";"788 617";"A01";"2";"7";"0";"2";"2";"14";"1";""
"202200014291";"788 618";"B01";"2";"33";"0";"0";"8";"1";"1";""
"202200014292";"788 616";"A01";"2";"7";"0";"1";"1";"19";"3";""
"202200014293";"788 613";"B01";"2";"17";"0";"2";"1";"1";"1";""
"202200014293";"788 614";"A01";"1";"7";"0";"2";"1";"13";"1";""
"202200014294";"788 610";"A01";"2";"7";"0";"2";"3";"15";"1";""
"202200014294";"788 612";"B01";"1";"1";"0";"2";"1";"1";"5";""
"202200014295";"788 608";"A01";"1";"7";"0";"2";"1";"2";"1";""
"202200014295";"788 609";"B01";"1";"7";"0";"2";"4";"1";"1";""
"202200014295";"788 611";"C01";"1";"7";"0";"2";"4";"2";"1";""
"202200014296";"788 605";"B01";"3";"1";"0";"2";"1";"1";"5";""
"202200014296";"788 607";"A01";"3";"10";"0";"2";"2";"16";"1";""
"202200014297";"788 603";"A01";"2";"7";"0";"2";"4";"23";"1";""
"202200014297";"788 604";"B01";"2";"15";"0";"2";"4";"23";"1";""
"202200014297";"788 606";"C01";"2";"15";"0";"2";"1";"1";"1";""
"202200014298";"788 600";"A01";"3";"33";"0";"0";"7";"26";"1";""
"202200014299";"788 601";"B01";"0";"1";"0";"2";"4";"1";"5";""
"202200014299";"788 602";"Z01";"0";"7";"0";"2";"1";"1";"0";""
"202200014300";"788 599";"A01";"1";"33";"0";"0";"0";"13";"1";""
"202200014301";"788 597";"A01";"0";"2";"1";"0";"1";"1";"1";""
"202200014301";"788 598";"B01";"1";"7";"0";"2";"6";"24";"1";""
"202200014302";"788 595";"B01";"2";"7";"0";"2";"3";"1";"1";""
"202200014302";"788 596";"A01";"2";"7";"0";"2";"3";"1";"2";""
"202200014303";"788 592";"B01";"1";"33";"0";"2";"2";"1";"1";""
"202200014303";"788 594";"A01";"1";"10";"0";"2";"3";"15";"1";""
"202200014304";"788 591";"B01";"2";"7";"0";"2";"3";"1";"1";""
"202200014304";"788 593";"A01";"1";"33";"0";"2";"8";"17";"1";""
"202200014305";"788 589";"A01";"1";"7";"0";"2";"2";"1";"1";""
"202200014305";"788 590";"B01";"1";"50";"0";"2";"1";"19";"3";""
"202200014306";"788 587";"B01";"2";"1";"0";"2";"1";"1";"5";""
"202200014306";"788 588";"A01";"1";"7";"0";"2";"1";"13";"1";""
"202200014307";"788 586";"A01";"2";"7";"0";"1";"8";"1";"2";""
"202200014308";"788 585";"A01";"1";"7";"0";"1";"1";"1";"1";""
"202200014309";"788 582";"A01";"1";"7";"0";"2";"3";"15";"1";""
"202200014309";"788 584";"B01";"2";"33";"0";"2";"1";"1";"1";""
"202200014310";"788 581";"B01";"2";"2";"0";"2";"8";"1";"1";""
"202200014310";"788 583";"A01";"1";"7";"0";"2";"3";"15";"1";""
"202200014311";"788 579";"A01";"2";"7";"0";"9";"7";"2";"1";""
"202200014311";"788 580";"B01";"2";"1";"0";"2";"8";"2";"5";""
"202200014312";"788 577";"A01";"2";"30";"0";"9";"8";"15";"1";""
"202200014312";"788 578";"B01";"2";"2";"0";"9";"1";"1";"1";""
"202200014313";"788 574";"A01";"3";"7";"0";"2";"3";"16";"1";""
"202200014313";"788 576";"B01";"1";"7";"0";"2";"3";"1";"1";""
"202200014314";"788 573";"B01";"1";"7";"0";"2";"8";"15";"1";""
"202200014314";"788 575";"A01";"1";"33";"0";"2";"7";"17";"1";""
"202200014315";"788 572";"A01";"1";"1";"11";"0";"0";"0";"5";""
"202200014316";"788 570";"B01";"2";"2";"0";"2";"1";"1";"1";""
"202200014316";"788 571";"A01";"1";"10";"0";"2";"2";"15";"1";""
"202200014317";"788 568";"B01";"1";"10";"0";"2";"3";"1";"1";""
"202200014317";"788 569";"A01";"2";"2";"0";"2";"1";"13";"1";""
"202200014318";"788 566";"B01";"1";"32";"0";"2";"7";"1";"1";""
"202200014318";"788 567";"A01";"1";"7";"0";"2";"3";"11";"1";""
"202200014319";"788 565";"A01";"1";"33";"13";"0";"1";"0";"1";""
"202200014320";"788 563";"A01";"3";"1";"0";"0";"1";"1";"5";""
"202200014321";"788 562";"Z01";"0";"7";"0";"2";"1";"26";"0";""
"202200014321";"788 564";"B01";"3";"7";"0";"2";"8";"16";"1";""
"202200014322";"788 561";"A01";"1";"7";"4";"0";"0";"2";"1";""
"202200014323";"788 560";"A01";"1";"7";"0";"1";"1";"15";"2";""
"202200014324";"788 558";"A01";"3";"10";"0";"1";"4";"20";"1";""
"202200014325";"788 557";"B01";"1";"7";"3";"2";"4";"0";"0";""
"202200014325";"788 559";"A01";"1";"7";"0";"2";"1";"2";"6";""
"202200014326";"788 552";"C01";"2";"10";"14";"0";"0";"1";"1";""
"202200014326";"788 554";"A01";"2";"10";"0";"2";"3";"2";"1";""
"202200014326";"788 556";"B01";"2";"15";"0";"2";"6";"2";"1";""
"202200014327";"788 553";"A01";"3";"7";"0";"2";"1";"2";"1";""
"202200014327";"788 555";"B01";"3";"7";"0";"2";"4";"2";"1";""
"202200014328";"788 550";"A01";"2";"17";"0";"2";"1";"2";"1";""
"202200014328";"788 551";"B01";"2";"17";"0";"2";"4";"2";"1";""
"202200014329";"788 548";"A01";"1";"7";"0";"2";"2";"15";"1";""
"202200014329";"788 549";"B01";"3";"2";"0";"2";"1";"1";"1";""
"202200014330";"788 547";"A01";"1";"38";"4";"0";"8";"0";"1";"3"
"202200014331";"788 544";"A01";"3";"10";"0";"2";"1";"15";"1";""
"202200014331";"788 546";"B01";"2";"1";"0";"2";"1";"1";"5";""
"202200014332";"788 543";"A01";"2";"7";"4";"2";"1";"1";"1";""
"202200014332";"788 545";"B01";"2";"7";"4";"2";"4";"1";"1";""
"202200014333";"788 540";"A01";"2";"7";"0";"2";"1";"15";"1";""
"202200014333";"788 542";"B01";"2";"1";"0";"2";"8";"8";"5";""
"202200014334";"788 539";"B01";"1";"10";"0";"2";"2";"1";"1";""
"202200014334";"788 541";"A01";"1";"34";"0";"2";"1";"3";"1";""
"202200014335";"788 535";"B01";"2";"7";"0";"2";"4";"2";"1";""
"202200014335";"788 537";"A01";"2";"10";"0";"2";"1";"2";"1";""
"202200014336";"788 536";"B01";"1";"7";"0";"2";"4";"23";"1";""
"202200014336";"788 538";"A01";"1";"7";"0";"2";"1";"1";"1";""
"202200014337";"788 533";"A01";"1";"7";"1";"0";"2";"1";"1";""
"202200014338";"788 529";"A01";"1";"10";"0";"2";"1";"2";"0";""
"202200014338";"788 531";"B01";"1";"13";"0";"2";"1";"0";"0";""
"202200014338";"788 532";"C01";"1";"7";"0";"2";"4";"2";"0";""
"202200014338";"788 534";"D01";"1";"7";"0";"2";"4";"2";"0";""
"202200014339";"788 528";"A01";"3";"7";"0";"2";"7";"1";"1";""
"202200014339";"788 530";"B01";"3";"50";"0";"2";"1";"1";"3";""
"202200014340";"788 525";"A01";"1";"43";"0";"2";"2";"26";"1";""
"202200014340";"788 526";"B01";"1";"7";"0";"2";"8";"11";"1";""
"202200014341";"788 524";"A01";"2";"7";"0";"2";"3";"19";"1";""
"202200014341";"788 527";"B01";"2";"7";"0";"2";"2";"1";"1";""
"202200014342";"788 520";"A01";"2";"33";"0";"2";"0";"0";"1";""
"202200014342";"788 522";"B01";"2";"10";"0";"2";"2";"0";"1";""
"202200014342";"788 523";"C01";"2";"7";"0";"2";"4";"1";"1";""
"202200014343";"788 519";"B01";"1";"1";"0";"2";"1";"1";"5";""
"202200014343";"788 521";"A01";"3";"7";"0";"2";"4";"1";"1";""
"202200014344";"788 516";"A01";"2";"34";"0";"2";"4";"1";"1";""
"202200014344";"788 517";"B01";"2";"7";"0";"2";"2";"0";"1";""
"202200014344";"788 518";"C01";"1";"10";"0";"2";"4";"1";"1";""
"202200014345";"788 513";"A01";"1";"7";"3";"0";"1";"21";"1";""
"202200014346";"788 514";"A01";"1";"7";"0";"2";"3";"1";"1";""
"202200014346";"788 515";"B01";"2";"7";"0";"2";"1";"1";"1";""
"202200014347";"788 510";"A01";"2";"33";"0";"2";"2";"3";"1";""
"202200014347";"788 512";"B01";"2";"7";"0";"2";"8";"11";"1";""
"202200014348";"788 507";"A01";"2";"34";"0";"2";"3";"9";"1";""
"202200014348";"788 509";"B01";"2";"7";"0";"2";"5";"12";"1";""
"202200014349";"788 508";"A01";"2";"7";"0";"0";"0";"15";"1";""
"202200014349";"788 511";"B01";"1";"2";"0";"0";"0";"1";"1";""
"202200014350";"788 505";"A01";"2";"7";"0";"2";"1";"2";"1";""
"202200014350";"788 506";"B01";"2";"7";"0";"2";"5";"2";"1";""
"202200014351";"788 503";"A01";"2";"7";"15";"2";"0";"15";"1";""
"202200014351";"788 504";"B01";"1";"2";"0";"2";"0";"1";"1";""
"202200014352";"788 501";"A01";"1";"15";"0";"2";"5";"12";"6";""
"202200014352";"788 502";"B01";"1";"7";"0";"2";"0";"0";"1";""
"202200014353";"788 500";"A01";"1";"7";"0";"1";"1";"19";"1";""
"202200014354";"788 499";"A01";"0";"60";"0";"2";"0";"0";"5";""
"202200014355";"788 495";"B01";"0";"50";"0";"2";"8";"1";"3";""
"202200014355";"788 497";"Z01";"0";"10";"0";"2";"0";"0";"0";""
"202200014356";"788 492";"B01";"2";"33";"0";"9";"4";"23";"1";""
"202200014356";"788 493";"A01";"2";"7";"0";"2";"1";"16";"1";""
"202200014357";"788 489";"A01";"2";"7";"5";"0";"9";"1";"1";""
"202200014358";"788 487";"A01";"2";"7";"0";"2";"1";"9";"1";""
"202200014358";"788 488";"B01";"2";"7";"0";"2";"7";"1";"1";""
"202200014359";"788 486";"A01";"0";"7";"0";"1";"4";"26";"1";""
"202200014360";"788 485";"A01";"3";"7";"0";"1";"0";"1";"0";""
"202200014361";"788 483";"B01";"1";"1";"0";"2";"7";"0";"5";""
"202200014361";"788 484";"A01";"1";"7";"0";"2";"1";"1";"1";""
"202200014362";"788 479";"A01";"3";"7";"0";"2";"3";"15";"1";""
"202200014362";"788 481";"B01";"3";"33";"0";"2";"1";"17";"0";""
"202200014363";"788 480";"A01";"3";"7";"0";"2";"1";"2";"1";""
"202200014363";"788 482";"B01";"3";"7";"0";"2";"4";"2";"1";""
"202200014364";"788 477";"A01";"0";"7";"0";"0";"0";"0";"0";""
"202200014365";"788 474";"A01";"1";"7";"0";"2";"1";"5";"1";""
"202200014365";"788 478";"B01";"3";"2";"0";"2";"4";"5";"1";""
"202200014366";"788 473";"A01";"2";"10";"0";"2";"1";"15";"1";""
"202200014366";"788 475";"B01";"1";"7";"0";"2";"1";"2";"1";""
"202200014366";"788 476";"C01";"1";"7";"0";"2";"1";"0";"1";""
"202200014367";"788 471";"A01";"3";"7";"0";"2";"1";"5";"1";""
"202200014367";"788 472";"B01";"3";"37";"0";"2";"1";"1";"3";"1"
"202200014368";"788 470";"A01";"3";"7";"0";"1";"2";"9";"1";""
"202200014369";"788 468";"A01";"3";"2";"0";"2";"1";"1";"1";""
"202200014369";"788 469";"B01";"3";"7";"0";"2";"6";"23";"1";""
"202200014370";"788 466";"A01";"1";"7";"0";"2";"2";"16";"1";""
"202200014370";"788 467";"B01";"1";"1";"0";"2";"3";"15";"5";""
"202200014371";"788 463";"A01";"3";"7";"0";"2";"3";"20";"1";""
"202200014371";"788 464";"B01";"3";"2";"0";"2";"7";"1";"1";""
"202200014372";"788 460";"C01";"3";"37";"0";"2";"6";"2";"1";"1"
"202200014372";"788 461";"A01";"3";"7";"1";"0";"2";"14";"1";""
"202200014372";"788 462";"B01";"3";"7";"0";"0";"8";"24";"1";""
"202200014373";"788 458";"A01";"1";"10";"0";"2";"1";"1";"1";""
"202200014373";"788 459";"B01";"1";"7";"0";"2";"4";"15";"1";""
"202200014374";"788 456";"A01";"3";"7";"0";"2";"3";"5";"1";""
"202200014374";"788 457";"B01";"3";"7";"0";"2";"0";"0";"0";""
"202200014375";"788 454";"B01";"0";"7";"0";"2";"4";"1";"1";""
"202200014375";"788 455";"A01";"0";"7";"0";"2";"1";"1";"1";""
"202200014376";"788 451";"A01";"3";"7";"0";"2";"1";"2";"1";""
"202200014376";"788 452";"B01";"3";"7";"0";"2";"4";"1";"1";""
"202200014376";"788 453";"C01";"3";"7";"0";"2";"4";"1";"1";""
"202200014377";"788 449";"A01";"3";"7";"0";"2";"6";"9";"1";""
"202200014377";"788 450";"B01";"3";"31";"0";"2";"1";"1";"1";""
"202200014378";"788 447";"A01";"0";"50";"0";"2";"1";"5";"3";""
"202200014378";"788 448";"B01";"0";"7";"0";"9";"3";"2";"1";""
"202200014379";"788 446";"A01";"2";"7";"0";"1";"1";"1";"1";""
"202200014380";"788 444";"A01";"3";"7";"0";"2";"3";"0";"1";""
"202200014380";"788 445";"B01";"0";"7";"0";"2";"3";"0";"1";""
"202200014381";"788 443";"A01";"1";"7";"5";"1";"1";"26";"1";""
"202200014382";"788 442";"A01";"2";"7";"0";"1";"2";"1";"1";""
"202200014383";"788 440";"A01";"1";"33";"0";"2";"1";"2";"1";""
"202200014383";"788 441";"B01";"1";"7";"0";"9";"4";"0";"1";""
"202200014384";"788 438";"A01";"2";"7";"0";"9";"3";"1";"1";""
"202200014384";"788 439";"B01";"2";"1";"0";"2";"1";"16";"5";""
"202200014385";"788 437";"A01";"1";"7";"2";"0";"0";"0";"1";""
"202200014386";"788 435";"B01";"3";"32";"0";"2";"3";"1";"1";""
"202200014386";"788 436";"A01";"3";"33";"0";"2";"2";"12";"1";""
"202200014387";"788 433";"B01";"1";"7";"0";"2";"5";"23";"1";""
"202200014387";"788 434";"A01";"1";"30";"0";"2";"1";"1";"1";""
"202200014388";"788 432";"Z01";"2";"1";"0";"1";"1";"1";"5";""
"202200014389";"788 430";"B01";"1";"7";"0";"2";"1";"15";"3";""
"202200014389";"788 431";"A01";"2";"30";"0";"2";"1";"1";"1";""
"202200014390";"788 428";"B01";"1";"10";"0";"2";"2";"1";"1";""
"202200014390";"788 429";"A01";"1";"1";"0";"2";"8";"13";"5";""
"202200014391";"788 426";"B01";"2";"7";"0";"2";"0";"13";"2";""
"202200014391";"788 427";"A01";"1";"7";"0";"2";"1";"1";"1";""
"202200014392";"788 425";"A01";"1";"33";"6";"0";"0";"1";"1";""
"202200014393";"788 423";"B01";"2";"7";"0";"2";"3";"13";"1";""
"202200014393";"788 424";"A01";"1";"2";"0";"2";"3";"1";"1";""
"202200014394";"788 422";"A01";"3";"31";"0";"0";"8";"1";"1";""
"202200014395";"788 421";"A01";"3";"2";"6";"0";"2";"0";"1";""
"202200014396";"788 419";"A01";"1";"7";"0";"2";"1";"2";"0";""
"202200014396";"788 420";"B01";"1";"2";"0";"2";"4";"2";"1";""
"202200014397";"788 418";"A01";"1";"7";"2";"0";"3";"1";"1";""
"202200014398";"788 417";"A01";"1";"2";"0";"1";"1";"1";"1";""
"202200014399";"788 416";"A01";"2";"7";"0";"1";"1";"1";"1";""
"202200014400";"788 415";"A01";"1";"7";"2";"0";"8";"13";"1";""
"202200014401";"788 413";"B01";"1";"7";"0";"2";"1";"1";"1";""
"202200014401";"788 414";"A01";"2";"7";"0";"2";"1";"13";"1";""
"202200014402";"788 412";"A01";"2";"7";"0";"0";"1";"1";"1";""
"202200014403";"788 411";"A01";"1";"7";"7";"0";"0";"2";"1";""
"202200014404";"788 410";"A01";"1";"33";"13";"0";"1";"14";"1";""
"202200014405";"788 408";"A01";"3";"1";"0";"2";"3";"5";"5";""
"202200014405";"788 409";"B01";"3";"33";"0";"2";"3";"1";"1";""
"202200014406";"788 406";"A01";"0";"7";"0";"2";"1";"5";"1";""
"202200014406";"788 407";"B01";"0";"7";"0";"2";"2";"1";"1";""
"202200014407";"788 405";"A01";"1";"7";"13";"0";"7";"1";"1";""
"202200014408";"788 404";"A01";"1";"7";"7";"0";"1";"1";"1";""
"202200014409";"788 403";"A01";"1";"33";"7";"0";"1";"1";"1";""
"202200014410";"788 402";"A01";"1";"7";"6";"0";"3";"1";"1";""
"202200014411";"788 400";"A01";"1";"7";"0";"2";"1";"13";"1";""
"202200014411";"788 401";"B01";"2";"10";"0";"2";"1";"1";"1";""
"202200014412";"788 399";"A01";"1";"10";"0";"1";"3";"1";"1";""
"202200014413";"788 396";"A01";"3";"7";"0";"2";"3";"13";"1";""
"202200014413";"788 397";"B01";"3";"7";"0";"2";"3";"1";"1";""
"202200014413";"788 398";"C01";"3";"7";"0";"2";"6";"1";"0";""
"202200014414";"788 394";"A01";"2";"7";"0";"2";"3";"13";"1";""
"202200014414";"788 395";"B01";"1";"7";"0";"2";"3";"1";"1";""
"202200014415";"788 392";"A01";"2";"7";"0";"0";"9";"1";"1";""
"202200014416";"788 391";"A01";"0";"2";"0";"0";"0";"13";"1";""
"202200014417";"788 390";"A01";"2";"33";"2";"0";"9";"1";"1";""
"202200014418";"788 388";"B01";"2";"31";"0";"2";"3";"1";"6";""
"202200014418";"788 389";"A01";"2";"7";"0";"2";"2";"9";"6";""
"202200014419";"788 387";"A01";"3";"7";"0";"1";"2";"1";"1";""
"202200014420";"788 385";"A01";"3";"33";"0";"2";"1";"19";"1";""
"202200014420";"788 386";"B01";"3";"7";"0";"2";"5";"1";"1";""
"202200014421";"788 384";"A01";"2";"31";"0";"0";"7";"1";"1";""
"202200014422";"788 382";"B01";" -1";"50";"0";"2";"0";"19";"3";""
"202200014422";"788 383";"A01";"1";"7";"0";"2";"3";"1";"1";""
"202200014423";"788 379";"A01";"3";"10";"0";"2";"3";"15";"1";""
"202200014423";"788 380";"B01";"3";"33";"0";"2";"1";"17";"1";""
"202200014424";"788 378";"A01";"0";"2";"13";"0";"8";"0";"1";""
"202200014425";"788 377";"A01";"2";"34";"0";"0";"0";"2";"1";""
"202200014426";"788 376";"A01";"2";"33";"3";"0";"9";"13";"1";""
"202200014427";"788 375";"A01";"1";"7";"2";"0";"1";"13";"1";""
"202200014428";"788 373";"A01";"1";"7";"0";"2";"3";"1";"1";""
"202200014428";"788 374";"B01";"1";"1";"0";"2";"5";"17";"5";""
"202200014429";"788 371";"A01";"2";"7";"0";"2";"1";"1";"2";""