"Num_Acc";"id_vehicule";"num_veh";"senc";"catv";"obs";"obsm";"choc";"manv";"motor";"occutc"
"202200014638";"787 982";"A01";"0";"7";"8";"0";"1";"0";"1";""
"202200014639";"787 980";"A01";"3";"7";"0";"1";"5";"4";"1";""
"202200014640";"787 979";"A01";"2";"30";"0";"2";"1";"1";"3";""
"202200014640";"787 981";"B01";"1";"80";"0";"2";"7";"15";"3";""
"202200014641";"787 976";"A01";"3";"7";"0";"2";"4";"1";"1";""
"202200014641";"787 978";"B01";"3";"7";"0";"2";"1";"1";"1";""
"202200014642";"787 975";"A01";"2";"7";"0";"0";"3";"1";"1";""
"202200014642";"787 977";"B01";"1";"50";"0";"0";"2";"19";"3";""
"202200014643";"787 973";"B01";"0";"7";"0";"2";"6";"15";"1";""
"202200014643";"787 974";"A01";"3";"7";"0";"2";"2";"2";"1";""
"202200014644";"787 972";"A01";"3";"30";"12";"0";"7";"16";"3";""
"202200014645";"787 970";"B01";"0";"7";"0";"2";"4";"0";"1";""
"202200014645";"787 971";"A01";"3";"7";"0";"2";"1";"1";"1";""
"202200014646";"787 968";"A01";"1";"7";"13";"0";"9";"1";"1";""
"202200014647";"787 967";"A01";"0";"1";"0";"2";"7";"5";"5";""
"202200014647";"787 969";"B01";"0";"33";"0";"2";"8";"15";"1";""
"202200014648";"787 963";"A01";"2";"7";"0";"2";"4";"1";"1";""
"202200014648";"787 966";"B01";"2";"7";"3";"2";"1";"1";"1";""
"202200014649";"787 964";"A01";"0";"10";"0";"1";"6";"16";"1";""
"202200014650";"787 962";"A01";"2";"7";"0";"2";"3";"9";"1";""
"202200014650";"787 965";"B01";"2";"33";"0";"2";"1";"1";"1";""
"202200014651";"787 958";"B01";"2";"14";"0";"2";"7";"1";"1";""
"202200014651";"787 960";"A01";"2";"2";"0";"2";"8";"18";"1";""
"202200014652";"787 956";"A01";"1";"7";"0";"9";"2";"15";"1";""
"202200014652";"787 957";"B01";"2";"1";"0";"2";"1";"1";"5";""
"202200014653";"787 955";"A01";"1";"7";"4";"0";"3";"1";"1";""
"202200014654";"787 953";"A01";"1";"33";"0";"2";"1";"2";"1";""
"202200014654";"787 954";"B01";"1";"30";"0";"2";"4";"15";"1";""
"202200014655";"787 951";"A01";"2";"33";"0";"0";"8";"26";"1";""
"202200014656";"787 950";"B01";"3";"2";"0";"2";"7";"2";"1";""
"202200014656";"787 952";"A01";"3";"7";"0";"2";"1";"2";"1";""
"202200014657";"787 945";"A01";"0";"7";"0";"0";"3";"1";"1";""
"202200014657";"787 948";"B01";"0";"7";"0";"2";"3";"5";"1";""
"202200014658";"787 947";"A01";"3";"7";"0";"2";"3";"19";"1";""
"202200014658";"787 949";"B01";"3";"1";"0";"2";"1";"17";"5";""
"202200014659";"787 943";"A01";"2";"33";"0";"2";"8";"9";"1";""
"202200014660";"787 944";"B01";"3";"10";"0";"2";"1";"1";"1";""
"202200014660";"787 946";"A01";"2";"2";"0";"2";"1";"1";"1";""
"202200014661";"787 941";"B01";"2";"7";"0";"2";"6";"1";"1";""
"202200014661";"787 942";"A01";"2";"13";"0";"2";"2";"12";"1";""
"202200014662";"787 939";"A01";"2";"33";"11";"0";"1";"17";"1";""
"202200014663";"787 932";"A01";"2";"7";"0";"2";"4";"2";"3";""
"202200014663";"787 934";"B01";"2";"7";"0";"2";"1";"1";"1";""
"202200014663";"787 935";"C01";"2";"7";"0";"2";"4";"1";"1";""
"202200014663";"787 936";"D01";"2";"7";"0";"2";"1";"1";"1";""
"202200014663";"787 938";"E01";"2";"7";"0";"2";"1";"1";"2";""
"202200014663";"787 940";"F01";"2";"7";"0";"2";"1";"0";"1";""
"202200014664";"787 937";"A01";"2";"1";"0";"1";"1";"1";"5";""
"202200014665";"787 931";"A01";"2";"7";"0";"2";"3";"15";"1";""
"202200014665";"787 933";"B01";"2";"31";"0";"2";"2";"17";"1";""
"202200014666";"787 929";"B01";"1";"10";"0";"2";"4";"23";"1";""
"202200014666";"787 930";"A01";"1";"14";"1";"0";"1";"6";"1";""
"202200014667";"787 928";"A01";"1";"2";"0";"0";"0";"1";"1";""
"202200014668";"787 925";"A01";"1";"10";"0";"2";"2";"17";"1";""
"202200014668";"787 926";"B01";"1";"7";"0";"2";"6";"0";"1";""
"202200014669";"787 924";"A01";"1";"7";"15";"0";"1";"1";"0";""
"202200014670";"787 920";"A01";"1";"7";"0";"1";"2";"1";"1";""
"202200014671";"787 921";"B01";"2";"32";"0";"2";"1";"2";"1";""
"202200014671";"787 923";"A01";"2";"7";"0";"2";"4";"2";"1";""
"202200014672";"787 922";"A01";"1";"10";"0";"2";"1";"2";"1";""
"202200014672";"787 927";"B01";"1";"7";"0";"2";"4";"2";"1";""
"202200014673";"787 919";"A01";"1";"7";"0";"1";"1";"1";"1";""
"202200014674";"787 918";"A01";"1";"7";"4";"0";"1";"1";"1";""
"202200014675";"787 914";"B01";"2";"7";"0";"5";"2";"1";"2";""
"202200014675";"787 915";"A01";"2";"7";"0";"5";"1";"1";"1";""
"202200014676";"787 910";"A01";"2";"1";"0";"2";"1";"1";"5";""
"202200014676";"787 911";"B01";"2";"7";"0";"9";"2";"1";"1";""
"202200014677";"787 912";"A01";"1";"10";"0";"2";"1";"2";"1";""
"202200014677";"787 916";"B01";"1";"7";"0";"2";"4";"2";"1";""
"202200014678";"787 913";"B01";"3";"7";"0";"2";"3";"9";"1";""
"202200014678";"787 917";"A01";"1";"33";"0";"2";"6";"1";"1";""
"202200014679";"787 908";"A01";"2";"7";"16";"0";"0";"14";"1";""
"202200014680";"787 906";"A01";"3";"7";"0";"2";"1";"1";"1";""
"202200014680";"787 909";"B01";"1";"7";"0";"2";"8";"1";"1";""
"202200014681";"787 905";"A01";"2";"10";"8";"2";"7";"15";"1";""
"202200014681";"787 907";"B01";"1";"2";"0";"2";"1";"1";"1";""
"202200014682";"787 904";"A01";"1";"7";"4";"0";"1";"2";"1";""
"202200014683";"787 900";"A01";"3";"30";"12";"2";"1";"17";"1";""
"202200014683";"787 903";"B01";"3";"7";"0";"2";"6";"23";"1";""
"202200014684";"787 898";"A01";"1";"99";"0";"2";"1";"1";"3";""
"202200014684";"787 902";"B01";"1";"7";"0";"2";"8";"1";"1";""
"202200014685";"787 897";"C01";"1";"15";"0";"2";"4";"2";"1";""
"202200014685";"787 899";"A01";"1";"15";"0";"2";"1";"2";"1";""
"202200014685";"787 901";"B01";"1";"7";"0";"2";"4";"2";"1";""
"202200014686";"787 895";"A01";"1";"10";"0";"2";"1";"2";"1";""
"202200014686";"787 896";"B01";"1";"7";"14";"0";"4";"23";"1";""
"202200014687";"787 893";"A01";"2";"7";"6";"0";"6";"1";"1";""
"202200014688";"787 892";"B01";"1";"7";"0";"2";"1";"1";"1";""
"202200014688";"787 894";"A01";"1";"7";"0";"2";"7";"1";"1";""
"202200014689";"787 886";"C01";"1";"7";"0";"2";"8";"1";"1";""
"202200014689";"787 889";"B01";"1";"33";"0";"2";"7";"1";"1";""
"202200014689";"787 890";"A01";"2";"7";"0";"2";"3";"11";"1";""
"202200014690";"787 887";"B01";"2";"37";"0";"2";"1";"19";"1";"2"
"202200014690";"787 891";"A01";"1";"10";"0";"2";"7";"1";"1";""
"202200014691";"787 885";"A01";"1";"30";"0";"2";"2";"1";"1";""
"202200014691";"787 888";"B01";"1";"7";"0";"2";"8";"15";"1";""
"202200014692";"787 879";"A01";"2";"7";"0";"2";"3";"1";"1";""
"202200014692";"787 882";"B01";"2";"7";"0";"2";"2";"1";"1";""
"202200014693";"787 881";"B01";"3";"31";"0";"0";"8";"1";"1";""
"202200014693";"787 884";"A01";"3";"32";"0";"2";"2";"3";"1";""
"202200014694";"787 880";"A01";"1";"7";"0";"2";"8";"13";"1";""
"202200014694";"787 883";"B01";"1";"33";"0";"2";"7";"1";"1";""
"202200014695";"787 877";"B01";"0";"33";"0";"2";"1";"1";"1";""
"202200014695";"787 878";"A01";"3";"7";"0";"2";"3";"15";"1";""
"202200014696";"787 875";"A01";" -1";"43";"0";"1";"1";"1";"1";""
"202200014697";"787 869";"B01";"3";"7";"0";"2";"2";"0";"1";""
"202200014697";"787 873";"A01";"3";"3";"0";"2";"3";"1";"1";""
"202200014698";"787 871";"A01";"1";"7";"0";"2";"9";"2";"1";""
"202200014698";"787 872";"B01";"1";"10";"0";"2";"6";"2";"1";""
"202200014698";"787 874";"C01";"1";"7";"0";"2";"6";"2";"1";""
"202200014698";"787 876";"D01";"1";"7";"0";"2";"8";"2";"1";""
"202200014699";"787 867";"A01";"2";"7";"2";"0";"1";"1";"1";""
"202200014700";"787 868";"A01";"3";"10";"16";"0";"4";"23";"1";""
"202200014700";"787 870";"B01";"3";"10";"0";"2";"1";"2";"1";""
"202200014701";"787 866";"A01";"1";"7";"0";"0";"4";"1";"1";""
"202200014702";"787 864";"A01";"3";"7";"0";"2";"3";"13";"1";""
"202200014702";"787 865";"B01";"0";"7";"0";"2";"1";"1";"1";""
"202200014703";"787 861";"B01";"2";"7";"0";"2";"7";"1";"1";""
"202200014703";"787 862";"A01";"2";"7";"0";"2";"3";"2";"1";""
"202200014704";"787 859";"A01";"1";"7";"0";"2";"6";"15";"1";""
"202200014704";"787 863";"B01";"1";"33";"0";"2";"1";"2";"1";""
"202200014705";"787 855";"B01";"2";"7";"0";"0";"4";"2";"1";""
"202200014705";"787 857";"A01";"2";"10";"0";"2";"3";"2";"1";""
"202200014706";"787 853";"A01";"1";"33";"0";"2";"1";"13";"1";""
"202200014706";"787 856";"B01";"1";"7";"0";"2";"2";"15";"1";""
"202200014707";"787 851";"B01";"0";"30";"0";"2";"7";"1";"3";""
"202200014707";"787 854";"A01";"3";"7";"0";"2";"2";"11";"1";""
"202200014708";"787 849";"C01";"2";"10";"0";"2";"2";"1";"1";""
"202200014708";"787 850";"B01";"2";"15";"0";"2";"8";"1";"1";""
"202200014708";"787 852";"A01";"2";"33";"0";"2";"9";"3";"1";""
"202200014709";"787 845";"A01";"1";"7";"0";"2";"1";"0";"1";""
"202200014709";"787 848";"B01";"2";"7";"0";"2";"3";"0";"1";""
"202200014710";"787 842";"C01";"2";"7";"0";"2";"6";"2";"1";""
"202200014710";"787 844";"B01";"2";"7";"0";"2";"4";"2";"2";""
"202200014710";"787 846";"A01";"2";"7";"0";"2";"1";"12";"1";""
"202200014711";"787 841";"A01";"2";"7";"0";"2";"1";"2";"1";""
"202200014711";"787 843";"B01";"2";"7";"0";"2";"4";"2";"1";""
"202200014711";"787 847";"C01";"2";"7";"0";"2";"4";"2";"1";""
"202200014712";"787 839";"B01";"1";"1";"1";"0";"1";"1";"5";""
"202200014712";"787 840";"A01";"1";"7";"0";"9";"8";"0";"1";""
"202200014713";"787 837";"A01";"3";"7";"0";"1";"7";"1";" -1";""
"202200014714";"787 835";"C01";"2";"15";"0";"0";"0";"0";"0";""
"202200014714";"787 836";"B01";"2";"7";"0";"0";"0";"0";"0";""
"202200014714";"787 838";"A01";"2";"20";"1";"2";"0";"1";"0";""
"202200014715";"787 832";"B01";"1";"33";"0";"2";"1";"1";"1";""
"202200014715";"787 833";"A01";"2";"7";"0";"2";"2";"5";"1";""
"202200014716";"787 831";"B01";"1";"43";"0";"2";"2";"17";"1";""
"202200014716";"787 834";"A01";"1";"7";"0";"2";"3";"15";"0";""
"202200014717";"787 830";"A01";"2";"7";"0";"1";"1";"15";"1";""
"202200014718";"787 828";"B01";"2";"32";"0";"1";"1";"1";"1";""
"202200014718";"787 829";"A01";"2";"32";"0";"2";"1";"2";"1";""
"202200014719";"787 824";"A01";"1";"7";"0";"2";"3";"1";"1";""
"202200014719";"787 826";"B01";"2";"50";"0";"2";"1";"1";"3";""
"202200014720";"787 825";"B01";"2";"3";"0";"0";"0";"0";"0";""
"202200014720";"787 827";"A01";"1";"33";"0";"2";"0";"11";"1";""
"202200014721";"787 823";"A01";"1";"7";"0";"1";"1";"1";"1";""
"202200014722";"787 821";"A01";"1";"43";"0";"0";"1";"21";"1";""
"202200014723";"787 819";"A01";"2";"7";"0";"2";"6";"1";"0";""
"202200014723";"787 822";"B01";"2";"7";"0";"2";"1";"15";"0";""
"202200014724";"787 820";"A01";"1";"10";"8";"0";"2";"2";"1";""
"202200014725";"787 817";"A01";"1";"7";"0";"1";"1";"17";"0";""
"202200014726";"787 814";"C01";"1";"7";"0";"2";"4";"2";"0";""
"202200014726";"787 816";"B01";"1";"7";"0";"2";"1";"1";"2";""
"202200014726";"787 818";"A01";"1";"7";"0";"2";"1";"1";"1";""
"202200014727";"787 813";"B01";"3";"33";"0";"2";"2";"1";"1";""
"202200014727";"787 815";"A01";"3";"7";"0";"2";"8";"0";"1";""
"202200014728";"787 809";"A01";"2";"7";"0";"2";"1";"1";"1";""
"202200014728";"787 812";"B01";"1";"14";"0";"2";"8";"9";"1";""
"202200014729";"787 811";"A01";"0";"30";"12";"0";"0";"1";"1";""
"202200014730";"787 808";"B01";"2";"10";"0";"2";"4";"2";"1";""
"202200014730";"787 810";"A01";"2";"30";"0";"2";"1";"2";"1";""
"202200014731";"787 806";"B01";"1";"7";"0";"2";"3";"1";"3";""
"202200014731";"787 807";"A01";"1";"7";"12";"0";"9";"26";"1";""
"202200014732";"787 803";"A01";"3";"50";"0";"2";"1";"13";"3";""
"202200014732";"787 805";"B01";"3";"7";"0";"9";"1";"1";"0";""
"202200014733";"787 804";"A01";"3";"7";"0";"1";"3";"15";"1";""
"202200014734";"787 800";"B01";"1";"33";"0";"2";"7";"1";"1";""
"202200014734";"787 801";"A01";"1";"7";"0";"2";"8";"13";"1";""
"202200014735";"787 802";"A01";"2";"7";"0";"1";"1";"1";"1";""
"202200014736";"787 798";"B01";"2";"30";"0";"2";"1";"1";"1";""
"202200014736";"787 799";"A01";"1";"37";"0";"2";"8";"1";"1";"1"
"202200014737";"787 796";"B01";"1";"7";"0";"2";"4";"1";"1";""
"202200014737";"787 797";"A01";"1";"7";"0";"2";"3";"2";"1";""
"202200014738";"787 795";"A01";"2";"1";"5";"0";"1";"1";"5";""
"202200014739";"787 791";"A01";"3";"7";"0";"2";"3";"15";"1";""
"202200014739";"787 793";"B01";"3";"7";"0";"2";"7";"1";"1";""
"202200014740";"787 788";"A01";"1";"7";"0";"1";"2";"1";"1";""
"202200014741";"787 789";"A01";"1";"7";"0";"2";"1";"2";"1";""
"202200014741";"787 792";"B01";"1";"7";"0";"2";"4";"2";"1";""
"202200014741";"787 794";"C01";"1";"7";"0";"2";"4";"2";"1";""
"202200014742";"787 787";"B01";"2";"50";"0";"9";"0";"1";"3";""
"202200014742";"787 790";"A01";"2";"10";"0";"0";"0";"1";"1";""
"202200014743";"787 786";"A01";"1";"7";"6";"0";"1";"26";"1";""
"202200014744";"787 785";"A01";"1";"7";"13";"0";"9";"1";"1";""
"202200014745";"787 784";"A01";"3";"7";"2";"0";"8";"1";"1";""
"202200014746";"787 781";"A01";"2";"7";"0";"2";"1";"2";"1";""
"202200014746";"787 783";"B01";"2";"7";"0";"2";"4";"2";"1";""
"202200014747";"787 779";"A01";"1";"7";"13";"0";"2";"1";"1";""
"202200014748";"787 777";"A01";"1";"7";"0";"2";"3";"15";"1";""
"202200014748";"787 778";"Z01";"1";"7";"0";"0";"0";"0";"1";""
"202200014749";"787 773";"B01";"1";"7";"0";"2";"1";"1";"1";""
"202200014749";"787 776";"A01";"1";"7";"0";"2";"4";"20";"1";""
"202200014750";"787 772";"A01";"1";"10";"0";"2";"1";"13";"1";""
"202200014750";"787 775";"B01";"2";"10";"0";"2";"1";"1";"1";""
"202200014751";"787 771";"A01";"1";"10";"0";"2";"6";"21";"1";""
"202200014751";"787 774";"B01";"1";"10";"0";"2";"2";"21";"1";""
"202200014752";"787 769";"A01";"2";"30";"0";"2";"0";"2";"1";""
"202200014752";"787 770";"B01";"2";"1";"0";"2";"4";"2";"5";""
"202200014753";"787 766";"A01";"1";"7";"0";"1";"0";"2";"1";""
"202200014754";"787 767";"A01";"1";"33";"3";"0";"8";"0";"1";""
"202200014754";"787 768";"B01";"1";"7";"0";"0";"4";"0";"6";""
"202200014755";"787 765";"A01";"0";"7";"0";"1";"4";"4";"1";""
"202200014756";"787 763";"A01";"3";"31";"0";"2";"1";"1";"1";""
"202200014756";"787 764";"B01";"3";"7";"0";"2";"4";"1";"1";""
"202200014757";"787 762";"A01";"2";"7";"14";"1";"2";"0";"1";""
"202200014758";"787 760";"A01";"1";"10";"0";"2";"1";"1";"1";""
"202200014758";"787 761";"B01";"1";"7";"0";"2";"4";"1";"1";""
"202200014759";"787 757";"B01";"3";"7";"0";"2";"4";"26";"1";""
"202200014759";"787 759";"A01";"3";"7";"0";"2";"1";"26";"1";""
"202200014760";"787 756";"A01";"2";"7";"0";"2";"1";"2";"1";""
"202200014760";"787 758";"B01";"1";"31";"0";"2";"1";"3";"1";""
"202200014761";"787 754";"B01";"2";"33";"0";"2";"1";"3";"1";""
"202200014761";"787 755";"A01";"2";"7";"0";"2";"7";"12";"1";""
"202200014762";"787 753";"A01";"3";"7";"0";"1";"2";"1";"1";""
"202200014763";"787 751";"A01";"1";"7";"0";"2";"6";"17";"1";""
"202200014763";"787 752";"B01";"1";"31";"0";"2";"1";"1";"1";""
"202200014764";"787 745";"B01";"2";"7";"0";"2";"4";"23";"1";""
"202200014764";"787 749";"A01";"2";"10";"0";"2";"1";"2";"1";""
"202200014765";"787 747";"B01";"1";"33";"0";"2";"1";"17";"1";""
"202200014765";"787 750";"A01";"3";"7";"0";"2";"1";"15";"1";""
"202200014766";"787 746";"A01";"3";"7";"0";"2";"8";"9";"2";""
"202200014766";"787 748";"B01";"3";"30";"0";"2";"1";"1";"1";""
"202200014767";"787 744";"A01";"1";"33";"0";"0";"0";"1";"1";""
"202200014768";"787 739";"Z01";"1";"50";"0";"2";"1";"1";"3";""
"202200014768";"787 741";"A01";"1";"7";"0";"2";"2";"16";"1";""
"202200014769";"787 738";"B01";"1";"33";"2";"0";"7";"1";"1";""
"202200014769";"787 740";"C01";"1";"7";"1";"0";"5";"26";"1";""
"202200014769";"787 743";"A01";"1";"7";"2";"0";"1";"9";"6";""
"202200014770";"787 735";"B01";"2";"1";"0";"2";"1";"1";"5";""
"202200014770";"787 736";"A01";"1";"7";"0";"2";"2";"16";"1";""
"202200014771";"787 733";"B01";"3";"1";"0";"2";"4";"2";"5";""
"202200014771";"787 734";"A01";"3";"7";"0";"2";"2";"2";"1";""
"202200014772";"787 732";"Z01";"1";"33";"0";"1";"1";"18";"1";""
"202200014773";"787 727";"C01";"1";"7";"0";"2";"4";"2";"1";""
"202200014773";"787 728";"B01";"1";"7";"0";"2";"4";"2";"1";""
"202200014773";"787 730";"A01";"1";"7";"0";"2";"1";"2";"1";""
"202200014774";"787 726";"A01";"3";"34";"0";"2";"8";"1";"1";""
"202200014774";"787 729";"B01";"3";"7";"0";"2";"1";"1";"2";""
"202200014775";"787 725";"B01";"2";"7";"0";"2";"3";"1";"1";""
"202200014775";"787 731";"A01";"1";"7";"0";"2";"3";"13";"2";""
"202200014776";"787 724";"A01";"1";"7";"0";"1";"1";"1";"1";""
"202200014777";"787 721";"A01";"1";"1";"0";"2";"1";"13";"5";""
"202200014777";"787 722";"B01";"2";"7";"0";"2";"3";"1";"1";""
"202200014778";"787 720";"A01";"2";"7";"0";"2";"6";"15";"1";""
"202200014778";"787 723";"B01";"2";"32";"0";"2";"2";"17";"1";""
"202200014779";"787 718";"B01";"1";"33";"0";"2";"8";"13";"1";""
"202200014779";"787 719";"A01";"1";"10";"0";"2";"7";"14";"1";""
"202200014780";"787 717";"A01";"3";"7";"0";"1";"3";"1";"1";""
"202200014781";"787 716";"A01";"1";"7";"0";"1";"1";"1";"3";""
"202200014782";"787 714";"A01";"2";"7";"3";"0";"3";"13";"1";""
"202200014783";"787 711";"A01";"3";"33";"5";"0";"1";"1";"1";""
"202200014784";"787 710";"C01";"1";"7";"0";"2";"4";"26";"1";""
"202200014784";"787 712";"B01";"1";"7";"0";"2";"4";"2";"1";""
"202200014784";"787 713";"A01";"1";"7";"0";"2";"1";"26";"1";""
"202200014785";"787 715";"A01";"2";"32";"0";"1";"3";"1";"1";""
"202200014786";"787 709";"A01";"3";"7";"0";"1";"2";"1";"1";""
"202200014787";"787 707";"A01";"2";"7";"13";"2";"1";"13";"1";""
"202200014787";"787 708";"B01";"1";"2";"0";"2";"1";"1";"1";""
"202200014788";"787 706";"A01";"2";"33";"0";"0";"7";"1";"1";""
"202200014789";"787 705";"Z01";"1";"1";"0";"1";"1";"1";"5";""
"202200014790";"787 703";"A01";"1";"33";"0";"0";"7";"1";"1";""
"202200014791";"787 702";"A01";"1";"7";"0";"2";"1";"13";"1";""
"202200014791";"787 704";"B01";"2";"7";"0";"2";"1";"1";"1";""
"202200014792";"787 700";"A01";"2";"7";"0";"2";"3";"15";"1";""
"202200014792";"787 701";"B01";"2";"7";"0";"2";"1";"17";"1";""
"202200014793";"787 696";"A01";"1";"7";"8";"0";"1";"1";"1";""
"202200014794";"787 698";"A01";"1";"7";"0";"2";"8";"15";"1";""
"202200014794";"787 699";"B01";"2";"33";"0";"2";"1";"1";"1";""
"202200014795";"787 697";"A01";"1";"7";"0";"1";"2";"1";"1";""
"202200014796";"787 695";"A01";"2";"7";"0";"0";"9";"13";"1";""
"202200014797";"787 694";"A01";"0";"7";"0";"2";"1";"1";"1";""
"202200014798";"787 692";"A01";"1";"1";"0";"0";"9";"1";"5";""
"202200014799";"787 691";"B01";"0";"1";"0";"2";"7";"19";"5";""
"202200014799";"787 693";"A01";"0";"7";"0";"2";"1";"16";"1";""
"202200014800";"787 689";"B01";" -1";"7";"0";"2";"1";"1";"1";""
"202200014800";"787 690";"A01";" -1";"7";"0";"2";"1";"17";"1";""
"202200014801";"787 688";"A01";"2";"7";"7";"0";"1";"14";"1";""
"202200014802";"787 686";"A01";"1";"7";"2";"0";"1";"21";"1";""
"202200014803";"787 684";"A01";"0";"7";"0";"1";"1";"26";"1";""
"202200014804";"787 685";"B01";"1";"7";"0";"2";"3";"1";"1";""
"202200014804";"787 687";"A01";"2";"2";"0";"2";"1";"1";"1";""
"202200014805";"787 683";"A01";"1";"33";"0";"9";"0";"0";"1";""
"202200014806";"787 680";"B01";"2";"7";"0";"2";"1";"17";"1";""
"202200014806";"787 682";"A01";"2";"7";"0";"2";"3";"15";"1";""
"202200014807";"787 677";"A01";"1";"50";"0";"1";"1";"25";"3";""
"202200014808";"787 679";"B01";"3";"10";"0";"2";"3";"1";"1";""
"202200014808";"787 681";"A01";"1";"50";"0";"2";"1";"1";"3";""
"202200014809";"787 674";"A01";"1";"1";"0";"2";"1";"1";"5";""
"202200014809";"787 676";"B01";"1";"7";"0";"2";"4";"1";"1";""
"202200014810";"787 672";"B01";"0";"33";"0";"2";"7";"1";"1";""
"202200014810";"787 673";"A01";"0";"7";"0";"2";"1";"15";"1";""
"202200014811";"787 675";"A01";"1";"7";"0";"2";"1";"1";"1";""
"202200014811";"787 678";"B01";"1";"2";"0";"0";"4";"1";"1";""
"202200014812";"787 670";"B01";"2";"30";"0";"2";"4";"0";"1";""
"202200014812";"787 671";"A01";"3";"7";"0";"2";"3";"15";"1";""
"202200014813";"787 667";"A01";"3";"33";"0";"0";"8";"0";"1";""
"202200014814";"787 666";"B01";"3";"40";"0";"2";"1";"1";"3";""
"202200014814";"787 669";"A01";"3";"10";"9";"4";"5";"1";"1";""
"202200014815";"787 663";"A01";"2";"1";"0";"2";"7";"1";"5";""
"202200014815";"787 665";"B01";"2";"7";"0";"2";"3";"11";"1";""
"202200014816";"787 662";"A01";"2";"7";"0";"2";"2";"15";"1";""
"202200014816";"787 664";"B01";"3";"31";"0";"2";"2";"3";"1";""
"202200014817";"787 660";"A01";"2";"7";"8";"0";"1";"1";"1";""
"202200014818";"787 661";"A01";"1";"33";"8";"0";"1";"1";"1";""
"202200014819";"787 668";"A01";"2";"7";"0";"1";"1";"1";"0";""
"202200014820";"787 657";"B01";"3";"50";"0";"2";"1";"1";"3";""
"202200014820";"787 659";"A01";"3";"10";"0";"2";"5";"15";"1";""
"202200014821";"787 654";"B01";"2";"10";"0";"2";"8";"15";"1";""
"202200014821";"787 656";"A01";"2";"33";"0";"2";"7";"17";"1";""
"202200014821";"787 658";"C01";"1";"7";"0";"2";"3";"5";"1";""
"202200014822";"787 648";"A01";"1";"99";"0";"2";"3";"0";"0";""
"202200014822";"787 650";"B01";"1";"7";"0";"2";"3";"13";"0";""
"202200014823";"787 647";"E01";"1";"7";"0";"2";"4";"1";"1";""
"202200014823";"787 649";"C01";"2";"10";"0";"2";"6";"1";"1";""
"202200014823";"787 652";"B01";"1";"7";"0";"2";"8";"1";"1";""
"202200014823";"787 653";"A01";"1";"7";"1";"1";"2";"1";"1";""
"202200014824";"787 651";"B01";"3";"7";"0";"2";"4";"1";"1";""
"202200014824";"787 655";"A01";"3";"31";"0";"2";"1";"1";"1";""
"202200014825";"787 646";"A01";"1";"7";"2";"0";"1";"0";"1";""
"202200014826";"787 644";"B01";"2";"7";"0";"2";"8";"1";"1";""
"202200014826";"787 645";"A01";"2";"33";"0";"2";"7";"12";"1";""
"202200014827";"787 642";"A01";"1";"7";"9";"0";"1";"15";"3";""
"202200014828";"787 643";"A01";"0";"7";"0";"1";"1";"0";"1";""
"202200014829";"787 639";"A01";"3";"7";"0";"2";"1";"2";"1";""
"202200014829";"787 641";"B01";"3";"7";"0";"2";"4";"2";"1";""
"202200014830";"787 637";"B01";"1";"7";"0";"2";"8";"13";"1";""
"202200014830";"787 640";"A01";"1";"32";"0";"2";"7";"1";"1";""
"202200014831";"787 635";"A01";"3";"7";"0";"1";"2";"1";"1";""
"202200014832";"787 632";"B01";"2";"33";"0";"2";"8";"11";"1";""
"202200014832";"787 634";"A01";"2";"7";"0";"2";"7";"1";"1";""
"202200014833";"787 630";"B01";"2";"50";"0";"2";"2";"19";"3";""
"202200014833";"787 633";"A01";"1";"10";"0";"2";"3";"15";"1";""
"202200014834";"787 629";"B01";"0";"7";"0";"2";"3";"1";"2";""
"202200014834";"787 631";"A01";"0";"7";"0";"2";"3";"13";"1";""
"202200014835";"787 627";"A01";"2";"7";"0";"1";"3";"1";"1";""
"202200014836";"787 625";"Z01";"1";"10";"0";"2";"2";"0";"1";""
"202200014836";"787 628";"B01";"1";"7";"0";"2";"6";"1";"1";""
"202200014837";"787 623";"A01";"1";"7";"0";"2";"1";"1";"1";""
"202200014837";"787 624";"B01";"1";"10";"0";"2";"4";"23";"1";""
"202200014837";"787 626";"C01";"1";"7";"0";"2";"4";"2";"1";""
"202200014838";"787 621";"B01";"1";"80";"0";"2";"5";"1";"3";""
"202200014838";"787 622";"A01";"2";"7";"0";"2";"3";"9";"2";""
"202200014839";"787 619";"A01";"1";"7";"0";"2";"2";"2";"1";""
"202200014839";"787 620";"B01";"1";"7";"0";"2";"4";"2";"1";""
"202200014840";"787 617";"B01";"1";"1";"0";"2";"8";"1";"5";""
"202200014840";"787 618";"A01";"1";"10";"0";"2";"2";"16";"1";""
"202200014841";"787 615";"A01";"1";"7";"0";"1";"1";"15";"1";""
"202200014842";"787 614";"A01";"2";"7";"0";"2";"1";"1";"1";""
"202200014842";"787 616";"B01";"2";"7";"0";"2";"4";"1";"1";""
"202200014843";"787 611";"A01";"1";"33";"4";"2";"7";"1";"1";""
"202200014844";"787 610";"A01";"0";"7";"0";"2";"1";"1";"1";""
"202200014844";"787 613";"B01";"0";"7";"15";"2";"1";"1";"1";""
"202200014845";"787 609";"B01";"3";"7";"16";"2";"3";"26";"1";""
"202200014845";"787 612";"A01";"1";"7";"1";"2";"2";"14";"1";""
"202200014846";"787 606";"A01";"2";"7";"0";"2";"3";"1";"2";""
"202200014846";"787 607";"B01";"1";"7";"0";"2";"3";"13";"1";""