"Num_Acc";"id_vehicule";"num_veh";"senc";"catv";"obs";"obsm";"choc";"manv";"motor";"occutc"
"202200015494";"786 470";"B01";"2";"50";"0";"2";"6";"1";"3";""
"202200015494";"786 471";"A01";"2";"7";"0";"2";"7";"14";"1";""
"202200015495";"786 469";"A01";"1";"34";"0";"0";"0";"17";"1";""
"202200015496";"786 466";"A01";"0";"37";"0";"0";"0";"0";"1";"2"
"202200015496";"786 468";"B01";"1";"10";"0";"0";"0";"26";"1";""
"202200015497";"786 464";"A01";"0";"7";"15";"0";"1";"1";"1";""
"202200015498";"786 465";"A01";"2";"34";"0";"2";"1";"1";"1";""
"202200015498";"786 467";"B01";"1";"7";"0";"2";"2";"15";"1";""
"202200015499";"786 461";"A01";"1";"7";"0";"1";"1";"1";"1";""
"202200015500";"786 459";"A01";"2";"0";"0";"2";"0";"15";"0";""
"202200015500";"786 463";"Y01";"3";"50";"0";"2";"7";"19";"3";""
"202200015501";"786 455";"A01";"2";"1";"0";"2";"7";"1";"5";""
"202200015501";"786 457";"B01";"2";"7";"0";"2";"1";"15";"1";""
"202200015502";"786 454";"A01";"1";"37";"0";"1";"1";"16";"1";"1"
"202200015503";"786 452";"A01";"3";"7";"4";"0";"1";"14";"2";""
"202200015504";"786 449";"A01";"2";"1";"0";"0";"0";"1";"5";""
"202200015504";"786 451";"B01";"2";"10";"0";"9";"2";"2";"0";""
"202200015505";"786 448";"A01";"1";"1";"0";"0";"0";"21";"5";""
"202200015506";"786 447";"A01";"1";"7";"0";"2";"3";"9";"1";""
"202200015506";"786 450";"B01";"2";"2";"1";"2";"1";"0";"1";""
"202200015507";"786 445";"A01";"1";"2";"0";"0";"7";"1";"1";""
"202200015508";"786 446";"A01";"2";"7";"7";"0";"1";"14";"1";""
"202200015509";"786 444";"A01";"1";"3";"16";"0";"0";"0";"0";""
"202200015510";"786 440";"B01";"2";"1";"0";"2";"5";"16";"5";""
"202200015510";"786 443";"A01";"2";"7";"0";"2";"3";"1";"1";""
"202200015511";"786 439";"B01";"3";"31";"0";"2";"5";"26";"0";""
"202200015511";"786 442";"A01";"3";"7";"0";"2";"3";"9";"1";""
"202200015512";"786 438";"B01";"0";"7";"0";"2";"2";"15";"1";""
"202200015512";"786 441";"A01";"0";"30";"0";"2";"1";"1";"1";""
"202200015513";"786 435";"B01";"0";"7";"0";"2";"1";"1";"1";""
"202200015513";"786 437";"A01";"3";"10";"13";"2";"2";"13";"1";""
"202200015514";"786 433";"A01";"1";"7";"14";"0";"1";"13";"2";""
"202200015515";"786 434";"A01";"2";"10";"0";"2";"1";"15";"6";""
"202200015515";"786 436";"B01";"1";"34";"0";"2";"8";"1";"1";""
"202200015516";"786 432";"A01";"1";"10";"0";"1";"1";"26";"1";""
"202200015517";"786 430";"A01";"3";"7";"0";"2";"3";"15";"1";""
"202200015517";"786 431";"B01";"0";"2";"0";"2";"1";"1";"1";""
"202200015518";"786 429";"Z01";"2";"50";"0";"1";"0";"1";"3";""
"202200015519";"786 426";"B01";"3";"7";"0";"2";"6";"2";"1";""
"202200015519";"786 428";"A01";"3";"7";"0";"2";"3";"2";"1";""
"202200015520";"786 425";"A01";"2";"7";"0";"0";"2";"16";"1";""
"202200015520";"786 427";"B01";"2";"2";"10";"2";"1";"1";"1";""
"202200015521";"786 423";"B01";"1";"7";"0";"2";"3";"15";"1";""
"202200015521";"786 424";"A01";"1";"32";"0";"2";"1";"17";"1";""
"202200015522";"786 420";"B01";"2";"80";"0";"2";"0";"2";"3";""
"202200015522";"786 422";"A01";"2";"30";"0";"2";"0";"9";"1";""
"202200015523";"786 419";"B01";"3";"2";"0";"2";"1";"1";"1";""
"202200015523";"786 421";"A01";"3";"7";"0";"2";"2";"15";"1";""
"202200015524";"786 417";"Z01";"1";"10";"0";"2";"0";"1";"3";""
"202200015524";"786 418";"A01";"1";"50";"0";"2";"5";"19";"3";""
"202200015525";"786 415";"A01";"3";"7";"0";"1";"3";"1";"0";""
"202200015526";"786 416";"A01";"1";"7";"11";"0";"3";"16";"1";""
"202200015527";"786 414";"A01";"1";"7";"0";"1";"6";"20";"2";""
"202200015528";"786 412";"A01";"2";"7";"0";"1";"1";"1";"1";""
"202200015529";"786 411";"A01";"1";"34";"0";"2";"1";"2";"1";""
"202200015529";"786 413";"B01";"1";"15";"0";"2";"4";"23";"1";""
"202200015530";"786 408";"B01";"1";"31";"0";"2";"1";"1";"1";""
"202200015530";"786 409";"A01";"1";"7";"0";"2";"7";"16";"1";""
"202200015531";"786 407";"B01";"1";"7";"0";"2";"3";"1";"1";""
"202200015531";"786 410";"A01";"1";"30";"0";"2";"7";"15";"1";""
"202200015532";"786 405";"A01";"3";"7";"0";"2";"0";"0";"1";""
"202200015532";"786 406";"B01";"3";"2";"0";"2";"7";"15";"1";""
"202200015533";"786 402";"B01";"2";"38";"0";"2";"0";"0";"1";"1"
"202200015533";"786 404";"A01";"2";"38";"0";"2";"3";"1";"1";"2"
"202200015534";"786 401";"B01";"1";"2";"0";"2";"4";"15";"1";""
"202200015534";"786 403";"A01";"1";"14";"0";"2";"1";"15";"1";""
"202200015535";"786 399";"A01";"1";"7";"0";"2";"1";"2";"1";""
"202200015535";"786 400";"B01";"1";"7";"0";"2";"4";"2";"1";""
"202200015536";"786 395";"A01";"1";"7";"0";"2";"7";"15";"1";""
"202200015536";"786 398";"B01";"1";"32";"0";"2";"1";"1";"1";""
"202200015537";"786 394";"A01";"1";"7";"0";"1";"2";"16";"1";""
"202200015538";"786 393";"A01";"1";"7";"0";"2";"1";"1";"1";""
"202200015538";"786 396";"B01";"1";"7";"0";"2";"4";"2";"1";""
"202200015538";"786 397";"C01";"1";"7";"0";"2";"4";"2";"1";""
"202200015539";"786 390";"A01";"2";"7";"0";"2";"1";"1";"1";""
"202200015539";"786 392";"B01";"2";"14";"0";"2";"4";"1";"1";""
"202200015540";"786 389";"A01";"1";"7";"9";"2";"2";"17";"1";""
"202200015540";"786 391";"B01";"1";"31";"9";"2";"4";"17";"1";""
"202200015541";"786 387";"A01";"1";"33";"0";"2";"1";"2";"1";""
"202200015541";"786 388";"B01";"1";"7";"0";"2";"5";"2";"1";""
"202200015542";"786 384";"B01";"3";"60";"0";"2";"0";"0";"5";""
"202200015542";"786 386";"A01";"3";"10";"0";"2";"1";"9";"1";""
"202200015543";"786 380";"B01";"1";"7";"0";"2";"4";"2";"1";""
"202200015543";"786 382";"A01";"1";"15";"0";"2";"1";"1";"1";""
"202200015544";"786 378";"A01";"1";"10";"0";"2";"3";"13";"1";""
"202200015544";"786 381";"B01";"2";"7";"0";"2";"1";"1";"1";""
"202200015544";"786 383";"C01";"2";"7";"0";"2";"8";"1";"1";""
"202200015544";"786 385";"D01";"2";"7";"0";"2";"8";"1";"1";""
"202200015545";"786 377";"A01";"1";"38";"0";"2";"1";"15";"2";"1"
"202200015545";"786 379";"B01";"2";"7";"0";"2";"1";"19";"1";""
"202200015546";"786 373";"A01";"1";"7";"0";"2";"0";"14";"1";""
"202200015546";"786 376";"B01";"1";"31";"0";"2";"8";"3";"1";""
"202200015547";"786 371";"B01";"3";"7";"0";"2";"2";"1";"1";""
"202200015547";"786 375";"A01";"2";"2";"0";"2";"7";"1";"1";""
"202200015548";"786 372";"B01";"2";"7";"0";"2";"1";"1";"1";""
"202200015548";"786 374";"A01";"1";"7";"0";"2";"1";"0";"1";""
"202200015549";"786 369";"A01";"1";"7";"13";"0";"2";"1";"1";""
"202200015550";"786 367";"B01";"2";"7";"0";"2";"5";"1";"1";""
"202200015550";"786 370";"A01";"2";"7";"4";"2";"3";"21";"1";""
"202200015551";"786 365";"A01";"2";"7";"0";"1";"3";"1";"1";""
"202200015552";"786 366";"B01";"3";"50";"0";"2";"1";"1";"3";""
"202200015552";"786 368";"A01";"3";"7";"0";"2";"2";"1";"1";""
"202200015553";"786 363";"A01";"3";"32";"1";"0";"2";"14";"1";""
"202200015554";"786 362";"A01";"1";"33";"0";"2";"8";"3";"1";""
"202200015554";"786 364";"B01";"2";"7";"0";"2";"5";"12";"1";""
"202200015555";"786 361";"A01";"0";"31";"0";"0";"0";"26";"1";""
"202200015556";"786 359";"A01";"1";"7";"1";"0";"9";"1";"1";""
"202200015557";"786 357";"A01";"1";"7";"0";"2";"3";"13";"1";""
"202200015557";"786 360";"B01";"1";"7";"0";"2";"2";"1";"1";""
"202200015558";"786 356";"A01";"2";"7";"3";"0";"5";"1";"1";""
"202200015558";"786 358";"B01";"2";"15";"0";"2";"1";"21";"1";""
"202200015559";"786 354";"A01";"1";"7";"3";"0";"2";"1";"1";""
"202200015560";"786 353";"A01";"1";"7";"0";"0";"9";"19";"1";""
"202200015561";"786 352";"A01";"2";"7";"0";"2";"7";"15";"1";""
"202200015561";"786 355";"B01";"1";"2";"0";"2";"1";"1";"1";""
"202200015562";"786 349";"A01";"2";"7";"1";"0";"1";"1";"1";""
"202200015563";"786 348";"B01";"2";"7";"0";"2";"1";"1";"1";""
"202200015563";"786 351";"A01";"2";"7";"0";"2";"8";"11";"1";""
"202200015564";"786 347";"A01";"2";"7";"0";"2";"6";"1";"1";""
"202200015564";"786 350";"B01";"2";"2";"1";"2";"1";"2";"1";""
"202200015565";"786 346";"A01";"2";"2";"8";"0";"0";"14";"1";""
"202200015566";"786 344";"A01";"3";"7";"0";"1";"1";"2";"1";""
"202200015567";"786 343";"A01";"1";"32";"8";"0";"2";"1";"1";""
"202200015568";"786 342";"B01";"2";"30";"0";"2";"7";"1";"1";""
"202200015568";"786 345";"A01";"1";"7";"0";"2";"2";"1";"1";""
"202200015569";"786 339";"A01";"1";"7";"0";"2";"3";"20";"1";""
"202200015569";"786 341";"B01";"1";"1";"0";"2";"7";"1";"5";""
"202200015570";"786 336";"A01";"1";"7";"4";"0";"1";"1";"1";""
"202200015571";"786 337";"B01";"1";"7";"0";"2";"0";"0";"1";""
"202200015571";"786 338";"A01";"1";"10";"0";"2";"1";"0";"1";""
"202200015572";"786 335";"A01";"2";"13";"0";"1";"3";"1";"1";""
"202200015573";"786 333";"A01";"1";"7";"11";"0";"1";"1";"1";""
"202200015574";"786 331";"B01";"0";"7";"0";"2";"1";"0";"1";""
"202200015574";"786 332";"A01";"3";"2";"9";"0";"1";"0";"1";""
"202200015575";"786 330";"A01";"1";"7";"0";"0";"0";"26";"0";""
"202200015576";"786 329";"A01";"2";"7";"0";"2";"3";"1";"1";""
"202200015576";"786 334";"B01";"3";"1";"0";"2";"8";"1";"5";""
"202200015577";"786 326";"A01";"1";"7";"0";"1";"2";"1";"1";""
"202200015578";"786 325";"A01";"2";"10";"0";"9";"2";"1";"1";""
"202200015578";"786 328";"B01";"2";"1";"0";"0";"4";"1";"5";""
"202200015579";"786 324";"A01";"1";"7";"1";"2";"8";"15";"2";""
"202200015579";"786 327";"B01";"1";"10";"0";"2";"3";"1";"1";""
"202200015580";"786 321";"A01";"1";"7";"0";"1";"3";"1";"1";""
"202200015581";"786 322";"A01";"1";"7";"10";"0";"2";"2";"1";""
"202200015582";"786 317";"A01";"2";"7";"0";"1";"2";"15";"1";""
"202200015583";"786 315";"A01";"2";"7";"0";"2";"1";"26";"1";""
"202200015583";"786 316";"B01";"1";"7";"0";"2";"7";"11";"1";""
"202200015584";"786 314";"A01";"1";"7";"13";"0";"1";"1";"1";""
"202200015585";"786 312";"A01";"3";"7";"0";"1";"3";"16";"1";""
"202200015586";"786 310";"B01";"1";"7";"0";"0";"3";"1";"1";""
"202200015586";"786 313";"A01";"1";"33";"0";"2";"1";"1";"1";""
"202200015587";"786 309";"B01";"2";"7";"0";"0";"3";"1";"1";""
"202200015587";"786 311";"A01";"2";"7";"0";"2";"2";"2";"1";""
"202200015588";"786 308";"A01";"3";"2";"12";"0";"0";"2";"1";""
"202200015589";"786 307";"A01";"2";"33";"0";"0";"0";"1";"0";""
"202200015590";"786 306";"A01";"1";"7";"0";"1";"1";"1";"1";""
"202200015591";"786 305";"A01";"1";"30";"0";"0";"7";"1";"1";""
"202200015592";"786 304";"A01";"2";"7";"0";"1";"2";"1";"1";""
"202200015593";"786 302";"A01";"2";"2";"0";"2";"1";"13";"1";""
"202200015593";"786 303";"B01";"1";"21";"0";"2";"3";"21";"1";""
"202200015594";"786 300";"A01";"2";"7";"8";"0";"3";"1";"1";""
"202200015595";"786 299";"B01";"2";"33";"0";"2";"1";"17";"1";""
"202200015595";"786 301";"A01";"2";"7";"0";"0";"6";"10";"0";""
"202200015596";"786 298";"A01";"1";"31";"13";"0";"7";"1";"1";""
"202200015597";"786 294";"B01";"3";"21";"0";"2";"3";"1";"1";""
"202200015597";"786 297";"A01";"3";"10";"0";"2";"3";"1";"1";""
"202200015598";"786 292";"C01";"1";"14";"0";"0";"3";"0";"1";""
"202200015598";"786 293";"B01";"2";"7";"0";"0";"3";"0";"1";""
"202200015598";"786 296";"A01";"2";"7";"0";"2";"2";"17";"1";""
"202200015599";"786 290";"A01";"2";"7";"8";"2";"3";"19";"1";""
"202200015599";"786 295";"B01";"2";"7";"8";"2";"1";"1";"1";""
"202200015600";"786 289";"B01";"2";"7";"0";"2";"3";"1";"1";""
"202200015600";"786 291";"A01";"1";"10";"0";"2";"3";"1";"1";""
"202200015601";"786 284";"A01";"2";"14";"4";"2";"2";"5";"1";""
"202200015601";"786 287";"B01";"1";"10";"0";"2";"1";"1";"1";""
"202200015601";"786 288";"C01";"2";"7";"0";"2";"3";"1";"1";""
"202200015602";"786 282";"A01";"2";"7";"0";"0";"7";"1";"1";""
"202200015602";"786 283";"B01";"2";"7";"0";"2";"8";"9";"1";""
"202200015603";"786 279";"A01";"0";"7";"0";"2";"6";"18";"1";""
"202200015603";"786 281";"B01";"0";"7";"0";"2";"2";"1";"1";""
"202200015604";"786 278";"A01";"0";"7";"0";"2";"5";"13";"1";""
"202200015604";"786 280";"B01";"3";"50";"0";"0";"1";"2";"3";""
"202200015605";"786 277";"A01";"1";"7";"13";"0";"1";"0";"6";""
"202200015606";"786 271";"B01";"2";"7";"0";"2";"3";"13";"1";""
"202200015606";"786 274";"A01";"1";"7";"0";"2";"3";"1";"1";""
"202200015607";"786 272";"B01";"2";"2";"0";"2";"1";"1";"1";""
"202200015607";"786 275";"A01";"2";"7";"0";"2";"7";"9";"1";""
"202200015608";"786 270";"B01";"0";"7";"0";"2";"2";"1";"1";""
"202200015608";"786 273";"C01";"0";"7";"0";"2";"2";"19";"1";""
"202200015608";"786 276";"A01";"3";"7";"0";"2";"8";"23";"1";""
"202200015609";"786 265";"B01";"1";"7";"0";"2";"1";"21";"1";""
"202200015609";"786 269";"A01";"2";"7";"0";"2";"1";"13";"1";""
"202200015610";"786 266";"A01";"2";"7";"0";"1";"3";"1";"2";""
"202200015611";"786 267";"B01";"3";"38";"0";"2";"8";"19";"0";"1"
"202200015611";"786 268";"A01";"3";"7";"0";"2";"3";"1";"1";""
"202200015612";"786 261";"A01";"2";"7";"13";"2";"4";"2";"1";""
"202200015612";"786 264";"B01";"2";"7";"0";"2";"1";"2";"0";""
"202200015613";"786 259";"A01";"1";"7";"0";"2";"1";"5";"1";""
"202200015613";"786 262";"B01";"2";"7";"0";"2";"1";"1";"1";""
"202200015614";"786 260";"B01";"2";"2";"0";"2";"1";"1";"1";""
"202200015614";"786 263";"A01";"1";"7";"0";"0";"2";"15";"1";""
"202200015615";"786 258";"A01";"1";"33";"8";"0";"2";"1";"1";""
"202200015616";"786 256";"A01";"2";"7";"0";"2";"1";"1";"1";""
"202200015616";"786 257";"B01";"2";"21";"0";"0";"4";"1";"1";""
"202200015617";"786 255";"A01";"2";"7";"0";"1";"2";"17";"1";""
"202200015618";"786 253";"B01";"0";"10";"0";"9";"2";"17";"1";""
"202200015618";"786 254";"A01";"0";"1";"0";"2";"3";"15";"5";""
"202200015619";"786 252";"A01";"3";"7";"1";"1";"3";"5";"1";""
"202200015620";"786 250";"B01";"1";"7";"0";"0";"3";"15";"1";""
"202200015620";"786 251";"A01";"1";"2";"0";"2";"1";"2";"1";""
"202200015621";"786 249";"A01";"2";"33";"0";"0";"9";"1";"1";""
"202200015622";"786 246";"A01";"2";"7";"0";"2";"1";"15";"1";""
"202200015622";"786 248";"B01";"2";"33";"0";"2";"2";"1";"1";""
"202200015623";"786 245";"B01";"1";"7";"0";"2";"1";"13";"1";""
"202200015623";"786 247";"A01";"2";"7";"0";"2";"1";"1";"1";""
"202200015624";"786 244";"A01";"3";"7";"13";"0";"1";"1";"1";""
"202200015625";"786 242";"A01";"0";"7";"0";"1";"1";"2";"1";""
"202200015626";"786 240";"A01";"2";"7";"6";"2";"1";"1";"1";""
"202200015626";"786 243";"B01";"1";"7";"1";"2";"8";"1";"1";""
"202200015627";"786 239";"B01";"1";"2";"0";"2";"7";"1";"1";""
"202200015627";"786 241";"A01";"1";"1";"0";"2";"7";"1";"5";""
"202200015628";"786 236";"B01";"1";"33";"0";"2";"5";"0";"1";""
"202200015628";"786 237";"A01";"1";"30";"0";"2";"3";"1";"1";""
"202200015629";"786 234";"A01";"0";"2";"9";"0";"0";"1";"1";""
"202200015630";"786 233";"A01";"2";"7";"0";"2";"3";"19";"1";""
"202200015630";"786 235";"B01";"2";"7";"0";"2";"2";"21";"1";""
"202200015631";"786 231";"A01";"1";"7";"12";"0";"3";"13";"1";""
"202200015632";"786 229";"B01";"2";"7";"0";"2";"3";"1";"1";""
"202200015632";"786 232";"A01";"2";"7";"4";"2";"9";"17";"2";""
"202200015633";"786 228";"B01";"2";"7";"0";"2";"1";"1";"1";""
"202200015633";"786 230";"A01";"1";"7";"0";"2";"1";"13";"1";""
"202200015634";"786 226";"A01";"1";"33";"8";"0";"1";"1";"1";""
"202200015635";"786 224";"A01";"2";"7";"0";"2";"1";"1";"1";""
"202200015635";"786 227";"B01";"2";"7";"0";"2";"4";"1";"1";""
"202200015636";"786 225";"A01";"2";"7";"2";"0";"3";"1";"1";""
"202200015637";"786 221";"A01";"1";"17";"0";"2";"2";"21";"1";""
"202200015637";"786 222";"B01";"1";"7";"3";"2";"7";"21";"1";""
"202200015638";"786 218";"A01";"2";"7";"0";"2";"1";"1";"1";""
"202200015638";"786 219";"B01";"2";"7";"0";"2";"4";"1";"1";""
"202200015639";"786 217";"C01";"1";"7";"0";"2";"3";"0";"1";""
"202200015639";"786 220";"A01";"1";"7";"0";"2";"2";"5";"1";""
"202200015639";"786 223";"B01";"1";"7";"0";"2";"3";"1";"1";""
"202200015640";"786 215";"B01";"1";"7";"1";"0";"1";"1";"1";""
"202200015640";"786 216";"A01";"1";"7";"3";"0";"1";"1";"1";""
"202200015641";"786 214";"A01";"1";"31";"1";"0";"7";"1";"1";""
"202200015642";"786 212";"A01";"1";"7";"0";"2";"1";"0";"1";""
"202200015642";"786 213";"B01";"1";"7";"0";"2";"4";"2";"1";""
"202200015643";"786 211";"A01";"0";"7";"0";"1";"2";"1";"1";""
"202200015644";"786 210";"A01";"2";"7";"13";"0";"9";"17";"1";""
"202200015645";"786 206";"B01";"1";"7";"0";"2";"3";"0";"1";""
"202200015645";"786 208";"A01";"1";"32";"0";"2";"2";"17";"1";""
"202200015646";"786 207";"B01";"3";"30";"0";"2";"7";"2";"1";""
"202200015646";"786 209";"A01";"3";"7";"0";"2";"8";"15";"1";""
"202200015647";"786 204";"A01";"1";"7";"0";"2";"7";"15";"1";""
"202200015647";"786 205";"B01";"2";"7";"0";"2";"1";"1";"1";""
"202200015648";"786 202";"B01";"3";"7";"0";"2";"2";"15";"1";""
"202200015648";"786 203";"A01";"3";"99";"0";"2";"1";"1";"1";""
"202200015649";"786 201";"A01";"1";"99";"0";"0";"2";"26";"5";""
"202200015650";"786 198";"A01";"2";"33";"0";"2";"1";"17";"1";""
"202200015650";"786 200";"B01";"2";"15";"0";"2";"8";"15";"1";""
"202200015651";"786 197";"B01";"1";"2";"0";"2";"1";"1";"1";""
"202200015651";"786 199";"A01";"2";"10";"0";"2";"3";"15";"1";""
"202200015652";"786 196";"B01";"1";"7";"0";"1";"1";"1";"1";""
"202200015653";"786 195";"A01";"2";"7";"0";"1";"1";"2";"1";""
"202200015654";"786 192";"B01";"0";"7";"3";"2";"1";"1";"1";""
"202200015654";"786 194";"A01";"0";"7";"3";"2";"1";"13";"1";""
"202200015655";"786 191";"A01";"1";"7";"0";"2";"3";"11";"1";""
"202200015655";"786 193";"B01";"1";"30";"0";"2";"7";"1";"1";""
"202200015656";"786 189";"B01";"2";"7";"0";"0";"4";"9";"1";""
"202200015656";"786 190";"A01";"2";"33";"0";"2";"1";"17";"1";""
"202200015657";"786 188";"A01";"1";"33";"6";"0";"7";"0";"1";""
"202200015658";"786 186";"A01";"2";"31";"0";"9";"0";"0";"1";""
"202200015659";"786 185";"A01";"1";"7";"0";"2";"2";"18";"1";""
"202200015659";"786 187";"B01";"1";"7";"0";"2";"3";"9";"1";""
"202200015660";"786 180";"B01";"3";"43";"0";"2";"1";"1";"1";""
"202200015660";"786 183";"A01";"3";"7";"0";"2";"3";"17";"1";""
"202200015661";"786 181";"A01";"2";"7";"0";"0";"1";"23";"1";""
"202200015661";"786 184";"B01";"1";"33";"1";"0";"1";"13";"1";""
"202200015662";"786 179";"A01";"1";"30";"0";"2";"2";"15";"1";""
"202200015662";"786 182";"B01";"2";"7";"0";"9";"3";"15";"1";""
"202200015663";"786 178";"A01";"1";"7";"0";"1";"3";"15";"1";""
"202200015664";"786 175";"A01";"1";"21";"0";"1";"6";"26";"1";""
"202200015665";"786 173";"D01";"1";"7";"0";"2";"6";"0";"1";""
"202200015665";"786 174";"C01";"1";"7";"1";"2";"9";"20";"1";""
"202200015665";"786 176";"B01";"1";"33";"0";"2";"2";"26";"1";""
"202200015665";"786 177";"A01";"1";"7";"1";"2";"9";"26";"1";""
"202200015666";"786 171";"A01";"3";"7";"0";"2";"3";"15";"1";""
"202200015666";"786 172";"B01";"1";"2";"0";"2";"1";"1";"1";""
"202200015667";"786 168";"A01";"1";"7";"0";"2";"1";"1";"1";""
"202200015667";"786 170";"B01";"2";"7";"0";"2";"3";"1";"1";""
"202200015668";"786 167";"B01";"1";"33";"0";"2";"3";"0";"0";""
"202200015668";"786 169";"A01";"1";"7";"0";"2";"3";"13";"0";""
"202200015669";"786 165";"A01";"1";"1";"1";"0";"2";"1";"5";""
"202200015670";"786 166";"A01";"1";"7";"2";"0";"1";"14";"1";""
"202200015671";"786 162";"B01";"1";"33";"0";"2";"2";"2";"1";""
"202200015671";"786 164";"A01";"2";"7";"0";"2";"0";"0";"1";""
"202200015672";"786 160";"A01";"2";"10";"0";"2";"6";"15";"1";""
"202200015672";"786 163";"B01";"2";"2";"0";"2";"2";"15";"1";""
"202200015673";"786 156";"B01";"1";"1";"0";"0";"4";"2";"5";""
"202200015673";"786 157";"A01";"1";"10";"0";"2";"2";"2";"1";""
"202200015674";"786 158";"B01";"1";"7";"0";"2";"4";"1";"1";""
"202200015674";"786 161";"A01";"1";"7";"4";"2";"1";"1";"1";""
"202200015675";"786 159";"A01";"2";"7";"0";"1";"3";"15";"1";""
"202200015676";"786 155";"A01";"3";"33";"0";"9";"0";"0";"1";""
"202200015677";"786 152";"B01";"2";"7";"0";"2";"3";"1";"1";""
"202200015677";"786 153";"A01";"3";"2";"0";"2";"7";"9";"1";""
"202200015678";"786 151";"B01";"1";"1";"0";"2";"1";"8";"0";""
"202200015678";"786 154";"A01";"2";"7";"0";"2";"2";"7";"1";""
"202200015679";"786 149";"B01";"2";"14";"0";"0";"0";"2";"1";""
"202200015679";"786 150";"A01";"2";"1";"0";"0";"0";"0";"5";""
"202200015680";"786 147";"B01";"2";"2";"0";"2";"1";"1";"1";""
"202200015680";"786 148";"A01";"2";"2";"0";"2";"8";"10";"1";""
"202200015681";"786 145";"A01";"1";"34";"0";"2";"1";"17";"1";""
"202200015681";"786 146";"B01";"1";"30";"0";"0";"8";"15";"1";""
"202200015682";"786 143";"B01";"2";"7";"0";"2";"1";"1";"1";""
"202200015682";"786 144";"A01";"1";"7";"0";"2";"1";"13";"1";""
"202200015683";"786 141";"B01";"2";"15";"0";"2";"1";"1";"1";""
"202200015683";"786 142";"A01";"1";"7";"0";"2";"1";"13";"1";""
"202200015684";"786 140";"A01";"1";"7";"0";"1";"1";"17";"1";""
"202200015685";"786 138";"B01";"1";"15";"0";"2";"3";"1";"1";""
"202200015685";"786 139";"A01";"2";"13";"0";"2";"3";"1";"1";""
"202200015686";"786 136";"B01";"2";"7";"0";"0";"6";"16";"1";""
"202200015686";"786 137";"A01";"0";"7";"0";"2";"1";"2";"1";""
"202200015687";"786 134";"B01";"1";"2";"0";"2";"1";"1";"1";""
"202200015687";"786 135";"A01";"2";"10";"0";"2";"2";"15";"1";""
"202200015688";"786 132";"B01";"2";"7";"0";"2";"1";"1";"1";""
"202200015688";"786 133";"A01";"1";"7";"0";"2";"3";"13";"1";""
"202200015689";"786 131";"A01";"1";"33";"8";"0";"2";"1";"1";""
"202200015690";"786 129";"B01";"3";"21";"0";"2";"2";"1";"1";""
"202200015690";"786 130";"A01";"3";"31";"0";"2";"1";"13";"1";""
"202200015691";"786 128";"A01";"1";"1";"0";"1";"1";"17";"5";""
"202200015692";"786 127";"A01";"1";"3";"0";"1";"1";"1";"3";""
"202200015693";"786 125";"B01";"1";"33";"0";"2";"1";"2";"1";""
"202200015693";"786 126";"A01";"1";"7";"0";"0";"4";"11";"1";""
"202200015694";"786 120";"A01";"1";"7";"0";"2";"1";"1";"2";""
"202200015694";"786 121";"B01";"2";"7";"0";"2";"1";"13";"1";""
"202200015695";"786 118";"A01";"0";"7";"0";"2";"1";"17";"1";""
"202200015695";"786 119";"B01";"0";"1";"0";"2";"4";"1";"5";""
"202200015696";"786 117";"A01";"1";"50";"0";"1";"1";"1";"3";""
"202200015697";"786 115";"A01";"1";"32";"0";"2";"2";"17";"1";""
"202200015697";"786 116";"B01";"1";"7";"0";"2";"3";"15";"1";""
"202200015698";"786 113";"A01";"2";"7";"0";"2";"1";"1";"1";""
"202200015698";"786 114";"B01";"1";"2";"0";"2";"2";"13";"1";""
"202200015699";"786 112";"A01";"0";"7";"13";"0";"1";"0";"1";""
"202200015700";"786 111";"A01";"0";"7";"8";"0";"8";"1";"1";""
"202200015701";"786 108";"A01";"2";"7";"13";"0";"3";"13";"1";""
"202200015702";"786 106";"B01";"1";"7";"0";"2";"3";"3";"1";""
"202200015702";"786 107";"A01";"1";"43";"0";"2";"4";"26";"1";""
"202200015703";"786 104";"A01";"2";"10";"0";"2";"1";"2";"1";""
"202200015703";"786 105";"B01";"2";"7";"0";"2";"4";"2";"2";""
"202200015704";"786 103";"A01";"2";"31";"0";"0";"8";"26";"1";""
"202200015705";"786 101";"A01";"1";"7";"0";"2";"6";"11";"1";""
"202200015705";"786 102";"B01";"1";"15";"0";"2";"2";"1";"1";""
"202200015706";"786 099";"B01";"1";"31";"3";"0";"4";"1";"1";""
"202200015706";"786 100";"A01";"1";"33";"3";"2";"1";"2";"1";""
"202200015707";"786 097";"B01";"1";"43";"0";"2";"1";"3";"1";""
"202200015707";"786 098";"A01";"1";"7";"0";"2";"2";"18";"1";""
"202200015708";"786 095";"B01";"1";"10";"0";"2";"5";"1";"1";""
"202200015708";"786 096";"A01";"1";"43";"0";"2";"1";"18";"1";""
"202200015709";"786 093";"A01";"2";"7";"0";"2";"3";"12";"1";""
"202200015709";"786 094";"B01";"2";"7";"0";"2";"5";"1";"1";""
"202200015710";"786 091";"A01";"1";"7";"0";"2";"1";"2";"1";""
"202200015710";"786 092";"B01";"1";"7";"0";"2";"4";"2";"1";""
"202200015711";"786 086";"E01";"1";"7";"0";"2";"4";"1";"1";""
"202200015711";"786 087";"D01";"1";"7";"0";"2";"4";"1";"1";""
"202200015711";"786 088";"C01";"1";"7";"0";"2";"4";"1";"1";""