"Num_Acc";"id_vehicule";"num_veh";"senc";"catv";"obs";"obsm";"choc";"manv";"motor";"occutc"
"202200016140";"785 325";"A01";"1";"30";"8";"0";"0";"25";"3";""
"202200016141";"785 322";"B01";"3";"7";"0";"2";"3";"14";"1";""
"202200016141";"785 323";"A01";"3";"7";"16";"2";"2";"17";"1";""
"202200016142";"785 321";"A01";"2";"7";"3";"0";"5";"9";"1";""
"202200016143";"785 316";"B01";"2";"7";"0";"2";"1";"1";"1";""
"202200016143";"785 319";"A01";"1";"7";"0";"2";"1";"13";"1";""
"202200016144";"785 315";"A01";"1";"31";"0";"0";"0";"0";"1";""
"202200016144";"785 318";"B01";"1";"10";"0";"2";"0";"11";"1";""
"202200016145";"785 313";"A01";"1";"7";"0";"0";"4";"23";"1";""
"202200016145";"785 314";"B01";"1";"7";"0";"2";"4";"23";"1";""
"202200016145";"785 317";"C01";"1";"7";"0";"2";"1";"1";"1";""
"202200016145";"785 320";"D01";"1";"7";"0";"2";"0";"1";"1";""
"202200016145";"785 324";"E01";"1";"7";"0";"0";"1";"1";"2";""
"202200016145";"785 326";"F01";"1";"7";"0";"0";"4";"1";"1";""
"202200016146";"785 312";"A01";"3";"7";"0";"1";"0";"1";"1";""
"202200016147";"785 310";"A01";"2";"7";"0";"2";"1";"10";"1";""
"202200016147";"785 311";"B01";"1";"2";"4";"2";"1";"1";"1";""
"202200016148";"785 309";"A01";"1";"7";"4";"0";"1";"1";"1";""
"202200016149";"785 308";"A01";"1";"7";"6";"0";"2";"14";"1";""
"202200016150";"785 306";"A01";"2";"7";"13";"0";"1";"1";"1";""
"202200016151";"785 304";"A01";"3";"7";"0";"2";"8";"10";"3";""
"202200016151";"785 305";"B01";"3";"33";"0";"2";"1";"1";"1";""
"202200016152";"785 303";"B01";"1";"7";"0";"2";"1";"9";"1";""
"202200016152";"785 307";"A01";"2";"33";"12";"0";"4";"15";"1";""
"202200016153";"785 301";"A01";"2";"33";"0";"2";"3";"13";"1";""
"202200016153";"785 302";"B01";"1";"7";"0";"2";"8";"1";"1";""
"202200016154";"785 298";"B01";"1";"7";"0";"2";"1";"1";"1";""
"202200016154";"785 300";"A01";"2";"7";"9";"2";"3";"1";"1";""
"202200016155";"785 297";"A01";"3";"7";"0";"1";"2";"1";"1";""
"202200016156";"785 299";"A01";"1";"7";"0";"2";"1";"1";"1";""
"202200016157";"785 295";"A01";"1";"7";"13";"0";"1";"1";"1";""
"202200016158";"785 293";"A01";"3";"7";"0";"2";"2";"15";"1";""
"202200016158";"785 296";"B01";"3";"30";"0";"2";"1";"1";"1";""
"202200016159";"785 294";"A01";"3";"7";"2";"0";"1";"14";"1";""
"202200016160";"785 292";"A01";"0";"33";"6";"0";"1";"0";"1";""
"202200016161";"785 291";"A01";"3";"7";"0";"1";"1";"16";"1";""
"202200016162";"785 288";"A01";"3";"7";"0";"2";"3";"13";"1";""
"202200016162";"785 290";"B01";"3";"10";"0";"2";"3";"1";"1";""
"202200016163";"785 286";"A01";"1";"7";"0";"2";"9";"12";"1";""
"202200016163";"785 289";"B01";"1";"7";"0";"2";"3";"2";"1";""
"202200016164";"785 287";"A01";"3";"2";"0";"1";"1";"17";"1";""
"202200016165";"785 283";"A01";"2";"2";"1";"0";"1";"13";"1";""
"202200016165";"785 285";"B01";"2";"10";"0";"2";"2";"24";"1";""
"202200016166";"785 282";"A01";"1";"7";"0";"2";"2";"15";"1";""
"202200016166";"785 284";"B01";"2";"7";"0";"2";"3";"1";"1";""
"202200016167";"785 278";"A01";"2";"7";"0";"2";"1";"2";"1";""
"202200016167";"785 280";"B01";"2";"7";"0";"2";"4";"2";"1";""
"202200016168";"785 277";"A01";"1";"2";"0";"2";"1";"15";"1";""
"202200016168";"785 279";"B01";"2";"1";"0";"2";"1";"1";"5";""
"202200016168";"785 281";"C01";"2";"1";"0";"2";"1";"1";"5";""
"202200016169";"785 272";"B01";"1";"7";"0";"2";"3";"1";"1";""
"202200016169";"785 274";"A01";"2";"7";"0";"2";"3";"13";"1";""
"202200016170";"785 270";"B01";"2";"7";"0";"2";"4";"1";"1";""
"202200016170";"785 271";"A01";"2";"7";"0";"2";"1";"1";"1";""
"202200016171";"785 269";"A01";"1";"7";"0";"1";"1";"1";"2";""
"202200016172";"785 268";"A01";"3";"10";"0";"1";"1";"1";"1";""
"202200016173";"785 265";"A01";"3";"15";"0";"1";"5";"4";"1";""
"202200016174";"785 264";"A01";"2";"7";"0";"2";"0";"9";"1";""
"202200016174";"785 266";"B01";"2";"30";"0";"2";"4";"1";"1";""
"202200016175";"785 262";"A01";"3";"99";"0";"2";"7";"1";"3";""
"202200016175";"785 263";"B01";"3";"7";"0";"2";"1";"1";"1";""
"202200016176";"785 260";"A01";"2";"7";"6";"0";"3";"1";"1";""
"202200016177";"785 259";"B01";"3";"7";"0";"2";"2";"1";"1";""
"202200016177";"785 261";"A01";"3";"7";"0";"2";"3";"20";"1";""
"202200016178";"785 258";"A01";"1";"7";"13";"0";"2";"1";"1";""
"202200016179";"785 256";"B01";"2";"7";"0";"2";"3";"1";"1";""
"202200016179";"785 257";"A01";"1";"7";"0";"2";"1";"15";"1";""
"202200016180";"785 254";"A01";"1";"7";"0";"2";"1";"15";"1";""
"202200016180";"785 255";"B01";"2";"2";"0";"2";"1";"1";"1";""
"202200016181";"785 252";"B01";"2";"10";"0";"2";"1";"1";"1";""
"202200016181";"785 253";"A01";"2";"7";"0";"0";"4";"15";"1";""
"202200016182";"785 250";"A01";"1";"33";"0";"2";"1";"1";"1";""
"202200016182";"785 251";"B01";"2";"7";"0";"2";"3";"1";"1";""
"202200016183";"785 248";"B01";"3";"7";"0";"2";"8";"1";"1";""
"202200016183";"785 249";"A01";"3";"33";"0";"2";"3";"13";"1";""
"202200016184";"785 246";"A01";"1";"7";"0";"2";"2";"19";"1";""
"202200016184";"785 247";"B01";"2";"2";"0";"2";"8";"1";"1";""
"202200016185";"785 244";"A01";"2";"7";"0";"2";"3";"1";"1";""
"202200016185";"785 245";"B01";"2";"30";"0";"2";"8";"10";"1";""
"202200016186";"785 242";"B01";"0";"7";"0";"2";"1";"1";"1";""
"202200016186";"785 243";"A01";"0";"7";"0";"2";"1";"15";"1";""
"202200016187";"785 240";"A01";"1";"7";"0";"2";"3";"9";"0";""
"202200016187";"785 241";"B01";"1";"50";"0";"2";"7";"15";"3";""
"202200016188";"785 239";"A01";"2";"33";"13";"0";"3";"1";"1";""
"202200016189";"785 237";"A01";"2";"7";"0";"2";"2";"1";"1";""
"202200016189";"785 238";"B01";"2";"7";"0";"2";"3";"19";"1";""
"202200016190";"785 236";"A01";"1";"7";"8";"0";"3";"0";"1";""
"202200016191";"785 233";"C01";"1";"21";"0";"2";"8";"23";"1";""
"202200016191";"785 234";"B01";"2";"7";"0";"2";"8";"21";"1";""
"202200016191";"785 235";"A01";"2";"7";"0";"2";"1";"19";"1";""
"202200016192";"785 231";"B01";"1";"7";"0";"2";"3";"1";"1";""
"202200016192";"785 232";"A01";"2";"7";"0";"2";"3";"1";"1";""
"202200016193";"785 229";"B01";"2";"7";"0";"2";"1";"2";"1";""
"202200016193";"785 230";"A01";"2";"17";"0";"0";"4";"1";"1";""
"202200016194";"785 225";"A01";"1";"14";"0";"2";"1";"2";"1";""
"202200016194";"785 226";"B01";"1";"15";"0";"2";"4";"2";"1";""
"202200016194";"785 227";"C01";"1";"7";"0";"2";"4";"2";"1";""
"202200016194";"785 228";"D01";"1";"15";"0";"0";"4";"2";"1";""
"202200016195";"785 223";"A01";"1";"33";"0";"2";"2";"1";"1";""
"202200016195";"785 224";"B01";"2";"10";"0";"2";"3";"9";"1";""
"202200016196";"785 221";"B01";"1";"2";"0";"2";"1";"2";"1";""
"202200016196";"785 222";"A01";"1";"7";"0";"0";"4";"2";"1";""
"202200016197";"785 219";"B01";" -1";"7";"0";"0";"5";"0";"1";""
"202200016197";"785 220";"A01";" -1";"7";"0";"0";"3";"0";"1";""
"202200016198";"785 218";"A01";"1";"7";"16";"0";"1";"1";"1";""
"202200016199";"785 216";"A01";"0";"7";"0";"2";"2";"9";"1";""
"202200016199";"785 217";"B01";"0";"30";"0";"2";"1";"1";"1";""
"202200016200";"785 215";"A01";"0";"10";"0";"1";"1";"21";"1";""
"202200016201";"785 213";"B01";"1";"34";"0";"2";"1";"1";"1";""
"202200016201";"785 214";"A01";"1";"1";"0";"2";"4";"19";"5";""
"202200016202";"785 211";"B01";"2";"33";"0";"2";"1";"17";"1";""
"202200016202";"785 212";"A01";"1";"7";"13";"2";"3";"1";"1";""
"202200016203";"785 209";"B01";"1";"2";"0";"2";"7";"1";"1";""
"202200016203";"785 210";"A01";"3";"7";"0";"2";"3";"9";"1";""
"202200016204";"785 207";"B01";"1";"7";"0";"1";"3";"2";"1";""
"202200016204";"785 208";"A01";"2";"7";"0";"1";"3";"2";"1";""
"202200016205";"785 206";"A01";"1";"1";"0";"0";"0";"1";"5";""
"202200016206";"785 204";"A01";"2";"7";"0";"2";"2";"9";"1";""
"202200016206";"785 205";"B01";"1";"2";"0";"0";"1";"1";"1";""
"202200016207";"785 202";"A01";"2";"7";"0";"9";"2";"1";"3";""
"202200016207";"785 203";"B01";"1";"1";"0";"2";"3";"15";"5";""
"202200016208";"785 200";"B01";"1";"10";"0";"2";"1";"1";"1";""
"202200016208";"785 201";"A01";"2";"33";"0";"2";"1";"13";"1";""
"202200016209";"785 199";"A01";"3";"1";"0";"1";"1";"1";"5";""
"202200016210";"785 197";"C01";"3";"21";"0";"2";"1";"23";"1";""
"202200016210";"785 198";"A01";"3";"7";"0";"2";"7";"1";"1";""
"202200016211";"785 194";"A01";"1";"7";"0";"2";"4";"2";"1";""
"202200016211";"785 195";"B01";"1";"7";"0";"2";"4";"2";"1";""
"202200016211";"785 196";"C01";"1";"7";"0";"2";"1";"2";"1";""
"202200016212";"785 192";"B01";"2";"33";"0";"2";"8";"3";"1";""
"202200016212";"785 193";"A01";"2";"7";"0";"2";"7";"12";"1";""
"202200016213";"785 190";"B01";"2";"32";"0";"2";"2";"3";"1";""
"202200016213";"785 191";"A01";"2";"7";"0";"2";"3";"11";"1";""
"202200016214";"785 187";"Z01";"2";"7";"0";"2";"7";"12";"0";""
"202200016214";"785 188";"B01";"2";"7";"0";"2";"2";"14";"1";""
"202200016214";"785 189";"C01";"2";"33";"3";"2";"3";"1";"1";""
"202200016215";"785 186";"A01";"1";"33";"7";"0";"1";"1";"1";""
"202200016216";"785 183";"A01";"1";"7";"0";"2";"1";"0";"1";""
"202200016216";"785 184";"B01";"1";"7";"0";"2";"4";"1";"1";""
"202200016216";"785 185";"C01";"1";"14";"0";"2";"1";"1";"1";""
"202200016217";"785 181";"B01";"2";"7";"0";"2";"8";"23";"1";""
"202200016217";"785 182";"A01";"2";"7";"1";"0";"2";"1";"1";""
"202200016218";"785 179";"A01";"1";"7";"0";"2";"4";"12";"1";""
"202200016218";"785 180";"B01";"1";"33";"0";"2";"1";"3";"1";""
"202200016219";"785 177";"A01";"1";"10";"0";"2";"1";"2";"1";""
"202200016219";"785 178";"B01";"1";"17";"0";"2";"4";"2";"1";""
"202200016220";"785 174";"C01";"1";"7";"0";"2";"4";"2";"1";""
"202200016220";"785 175";"B01";"1";"7";"0";"2";"4";"2";"1";""
"202200016220";"785 176";"A01";"1";"7";"0";"2";"1";"2";"1";""
"202200016221";"785 172";"A01";"1";"33";"0";"2";"0";"0";"1";""
"202200016221";"785 173";"B01";"2";"7";"0";"2";"0";"0";"1";""
"202200016222";"785 170";"A01";"1";"7";"0";"2";"1";"17";"1";""
"202200016222";"785 171";"B01";"1";"15";"0";"2";"6";"0";"1";""
"202200016223";"785 168";"B01";"2";"7";"0";"2";"6";"2";"1";""
"202200016223";"785 169";"A01";"2";"7";"0";"2";"2";"2";"1";""
"202200016224";"785 166";"A01";"1";"15";"0";"2";"2";"12";"1";""
"202200016224";"785 167";"B01";"1";"7";"0";"2";"6";"9";"1";""
"202200016225";"785 164";"B01";"1";"7";"0";"2";"4";"23";"1";""
"202200016225";"785 165";"A01";"1";"7";"0";"2";"1";"2";"1";""
"202200016226";"785 162";"A01";"2";"10";"0";"2";"8";"11";"1";""
"202200016226";"785 163";"B01";"2";"33";"0";"2";"7";"1";"1";""
"202200016227";"785 159";"A01";"1";"7";"1";"2";"1";"12";"1";""
"202200016227";"785 160";"C01";"1";"7";"0";"2";"4";"23";"1";""
"202200016227";"785 161";"B01";"1";"7";"0";"2";"9";"23";"1";""
"202200016228";"785 156";"C01";"2";"7";"0";"2";"1";"21";"1";""
"202200016228";"785 157";"B01";"2";"7";"0";"2";"4";"2";"1";""
"202200016228";"785 158";"A01";"2";"7";"0";"2";"6";"23";"1";""
"202200016229";"785 154";"B01";"2";"7";"0";"2";"1";"1";"1";""
"202200016229";"785 155";"A01";"1";"7";"0";"2";"1";"1";"1";""
"202200016230";"785 150";"A01";"1";"10";"0";"0";"4";"1";" -1";""
"202200016230";"785 151";"B01";"1";"10";"0";" -1";"1";"2";" -1";""
"202200016230";"785 152";"C01";"1";"10";" -1";" -1";" -1";"2";" -1";""
"202200016230";"785 153";"D01";"1";"15";" -1";" -1";" -1";"2";" -1";""
"202200016231";"785 147";"B01";"1";"7";"0";"2";"6";"12";"1";""
"202200016231";"785 148";"A01";"1";"7";"0";"2";"2";"11";"1";""
"202200016232";"785 145";"A01";"2";"30";"0";"2";"1";"17";"1";""
"202200016232";"785 146";"B01";"2";"1";"0";"2";"4";"15";"5";""
"202200016233";"785 143";"B01";"2";"10";"0";"2";"3";"23";"1";""
"202200016233";"785 144";"A01";"2";"32";"0";"2";"5";"17";"1";""
"202200016234";"785 141";"A01";"1";"7";"0";"2";"3";"22";"1";""
"202200016234";"785 142";"B01";"1";"1";"0";"2";"1";"1";"5";""
"202200016235";"785 139";"A01";"1";"7";"0";"2";"2";"9";"1";""
"202200016235";"785 140";"B01";"1";"32";"0";"2";"8";"1";"1";""
"202200016236";"785 137";"A01";"2";"10";"0";"2";"2";"16";"1";""
"202200016236";"785 138";"B01";"2";"1";"0";"2";"1";"1";"5";""
"202200016237";"785 136";"A01";"1";"50";"0";"0";"0";"21";"3";""
"202200016238";"785 135";"A01";"1";"30";"8";"0";"2";"14";"3";""
"202200016239";"785 134";"A01";"1";"7";"0";"1";"1";"15";"1";""
"202200016240";"785 133";"A01";"2";"7";"0";"1";"1";"1";"2";""
"202200016241";"785 131";"B01";"3";"7";"0";"2";"1";"15";"1";""
"202200016241";"785 132";"A01";"3";"31";"0";"2";"8";"1";"1";""
"202200016242";"785 129";"A01";"1";"7";"0";"9";"3";"15";"1";""
"202200016242";"785 130";"B01";"2";"50";"0";"2";"2";"5";"3";""
"202200016243";"785 127";"A01";"1";"10";"0";"2";"5";"26";"1";""
"202200016243";"785 128";"B01";"1";"37";"0";"2";"2";"1";"1";"2"
"202200016244";"785 125";"A01";"1";"7";"0";"2";"2";"15";"1";""
"202200016244";"785 126";"B01";"2";"2";"0";"2";"1";"1";"1";""
"202200016245";"785 123";"B01";"1";"14";"0";"2";"1";"2";"1";""
"202200016245";"785 124";"A01";"1";"2";"0";"2";"4";"17";"1";""
"202200016246";"785 121";"A01";"3";"7";"0";"2";"1";"2";"1";""
"202200016246";"785 122";"B01";"3";"7";"0";"0";"4";"2";"1";""
"202200016247";"785 119";"A01";"3";"10";"0";"2";"8";"9";"1";""
"202200016247";"785 120";"B01";"3";"99";"0";"2";"7";"1";"3";""
"202200016248";"785 117";"B01";"0";"10";"0";"2";"1";"1";"1";""
"202200016248";"785 118";"A01";"0";"7";"0";"2";"4";"1";"2";""
"202200016249";"785 116";"A01";"0";"34";"5";"0";"1";"1";"1";""
"202200016250";"785 115";"A01";"2";"7";"0";"1";"1";"9";"1";""
"202200016251";"785 113";"B01";"1";"7";"0";"2";"1";"1";"1";""
"202200016251";"785 114";"A01";"1";"2";"0";"2";"9";"1";"1";""
"202200016252";"785 111";"B01";"1";"34";"0";"2";"8";"3";"1";""
"202200016252";"785 112";"A01";"1";"14";"0";"2";"2";"1";"1";""
"202200016253";"785 109";"A01";"2";"7";"0";"2";"7";"17";"1";""
"202200016253";"785 110";"B01";"2";"32";"0";"2";"1";"1";"1";""
"202200016254";"785 107";"A01";"2";"1";"0";"0";"0";"15";"5";""
"202200016254";"785 108";"B01";"3";"0";"0";"0";"0";"0";"0";""
"202200016255";"785 105";"A01";"3";"32";"0";"2";"1";"17";"1";""
"202200016255";"785 106";"B01";"3";"10";"0";"2";"3";"15";"1";""
"202200016256";"785 102";"A01";"1";"10";"0";"2";"0";"0";"1";""
"202200016256";"785 103";"B01";"1";"7";"0";"2";"4";"2";"1";""
"202200016256";"785 104";"C01";"1";"7";"0";"2";"4";"2";"1";""
"202200016257";"785 100";"B01";"1";"33";"0";"2";"1";"13";"1";""
"202200016257";"785 101";"A01";"2";"7";"0";"2";"3";"15";"1";""
"202200016258";"785 098";"A01";"1";"7";"7";"2";"2";"1";"1";""
"202200016258";"785 099";"B01";"1";"7";"7";"2";"1";"16";"1";""
"202200016259";"785 096";"B01";"1";"1";"0";"2";"8";"1";"5";""
"202200016259";"785 097";"A01";"2";"15";"0";"9";"6";"1";"1";""
"202200016260";"785 095";"A01";"1";"7";"13";"0";"2";"0";"1";""
"202200016261";"785 094";"A01";"1";"7";"13";"0";"1";"1";"1";""
"202200016262";"785 091";"A01";"2";"10";"0";"2";"1";"1";"1";""
"202200016262";"785 092";"B01";"2";"7";"0";"0";"4";"15";"1";""
"202200016263";"785 090";"A01";"2";"7";"8";"0";"2";"1";"1";""
"202200016264";"785 089";"A01";"2";"7";"0";"1";"3";"1";"1";""
"202200016265";"785 088";"A01";"1";"30";"6";"0";"1";"26";"1";""
"202200016266";"785 086";"A01";"3";"33";"0";"2";"8";"15";"1";""
"202200016266";"785 087";"B01";"0";"10";"0";"2";"2";"1";"1";""
"202200016267";"785 084";"B01";"3";"1";"0";"2";"4";"15";"5";""
"202200016267";"785 085";"A01";"3";"33";"0";"2";"1";"17";"1";""
"202200016268";"785 083";"A01";"2";"7";"1";"1";"2";"17";"1";""
"202200016269";"785 081";"A01";"1";"7";"9";"2";"1";"17";"2";""
"202200016269";"785 082";"B01";"1";"21";"0";"0";"8";"15";"1";""
"202200016270";"785 079";"A01";"3";"7";"0";"2";"7";"17";"1";""
"202200016270";"785 080";"B01";"3";"1";"0";"2";"8";"15";"5";""
"202200016271";"785 073";"B01";"1";"7";"1";"0";"1";"1";"1";""
"202200016271";"785 074";"A01";"1";"7";"2";"0";"1";"1";"1";""
"202200016272";"785 071";"A01";"1";"7";"0";"2";"1";"13";"1";""
"202200016272";"785 072";"B01";"2";"7";"0";"2";"1";"1";"1";""
"202200016273";"785 070";"A01";"1";"7";"13";"0";"3";"13";"1";""
"202200016274";"785 069";"A01";"1";"7";"0";"1";"2";"1";"1";""
"202200016275";"785 066";"A01";"2";"7";"0";"2";"1";"1";"1";""
"202200016275";"785 067";"B01";"1";"7";"0";"2";"1";"17";"2";""
"202200016276";"785 064";"A01";"1";"15";"0";"2";"2";"1";"1";""
"202200016276";"785 065";"B01";"1";"7";"0";"2";"2";"5";"1";""
"202200016277";"785 062";"B01";"3";"39";"0";"2";"2";"1";"1";""
"202200016277";"785 063";"A01";"3";"10";"0";"4";"1";"1";"1";""
"202200016278";"785 061";"A01";"1";"7";"13";"0";"1";"0";"1";""
"202200016279";"785 060";"A01";"1";"7";"13";"0";"3";"11";"1";""
"202200016280";"785 059";"A01";"1";"7";"2";"0";"8";"13";"1";""
"202200016281";"785 057";"B01";"0";"7";"2";"2";"1";"1";"1";""
"202200016281";"785 058";"A01";"0";"7";"6";"2";"7";"1";"1";""
"202200016282";"785 055";"A01";"1";"7";"0";"2";"3";"19";"1";""
"202200016282";"785 056";"B01";"2";"33";"0";"2";"1";"1";"1";""
"202200016283";"785 054";"A01";"1";"7";"0";"1";"3";"1";"1";""
"202200016284";"785 052";"B01";"1";"7";"0";"2";"2";"2";"2";""
"202200016284";"785 053";"A01";"1";"7";"3";"2";"2";"14";"1";""
"202200016285";"785 050";"B01";"1";"80";"0";"2";"1";"1";"3";""
"202200016285";"785 051";"A01";"2";"7";"0";"2";"2";"15";"1";""
"202200016286";"785 048";"A01";"2";"7";"0";"2";"2";"5";"1";""
"202200016286";"785 049";"B01";"1";"14";"0";"2";"1";"5";"1";""
"202200016287";"785 046";"A01";"1";"7";"0";"2";"1";"2";"1";""
"202200016287";"785 047";"B01";"1";"7";"0";"2";"4";"2";"1";""
"202200016288";"785 043";"C01";"2";"7";"0";"9";"9";"21";"1";""
"202200016288";"785 044";"B01";"2";"7";"0";"2";"3";"1";"1";""
"202200016288";"785 045";"A01";"1";"7";"0";"2";"3";"5";"1";""
"202200016289";"785 041";"B01";"1";"50";"0";"2";"4";"2";"3";""
"202200016289";"785 042";"A01";"1";"7";"0";"9";"1";"2";"1";""
"202200016290";"785 039";"A01";"0";"7";"0";"2";"1";"2";"1";""
"202200016290";"785 040";"B01";"0";"7";"0";"2";"1";"19";"1";""
"202200016291";"785 037";"B01";"3";"1";"0";"2";"1";"1";"5";""
"202200016291";"785 038";"A01";"3";"7";"0";"9";"1";"9";"1";""
"202200016292";"785 035";"A01";"3";"10";"0";"2";"3";"1";"1";""
"202200016292";"785 036";"B01";"3";"1";"0";"2";"3";"1";"5";""
"202200016293";"785 032";"A01";"2";"7";"1";"0";"2";"14";"1";""
"202200016293";"785 033";"B01";"2";"33";"0";"2";"1";"2";"1";""
"202200016293";"785 034";"C01";"2";"7";"0";"2";"0";"2";"1";""
"202200016294";"785 030";"B01";"2";"33";"0";"2";"1";"26";"1";""
"202200016294";"785 031";"A01";"2";"7";"0";"2";"3";"9";"1";""
"202200016295";"785 028";"A01";"3";"7";"0";"2";"2";"1";"1";""
"202200016295";"785 029";"B01";"3";"1";"0";"0";"4";"1";"5";""
"202200016296";"785 025";"B01";"1";"1";"0";"2";"8";"13";"5";""
"202200016296";"785 026";"A01";"1";"14";"0";"2";"3";"13";"1";""
"202200016297";"785 024";"A01";"3";"7";"2";"0";"2";"1";"1";""
"202200016298";"785 023";"A01";"2";"7";"0";"1";"2";"2";"1";""
"202200016299";"785 021";"A01";"2";"7";"0";"2";"3";"10";"1";""
"202200016299";"785 022";"B01";"2";"33";"0";"2";"1";"2";"1";""
"202200016300";"785 019";"B01";"3";"7";"0";"2";"1";"1";"1";""
"202200016300";"785 020";"A01";"3";"50";"0";"2";"1";"13";"3";""
"202200016301";"785 018";"A01";"3";"80";"0";"5";"1";"1";"3";""
"202200016302";"785 016";"A01";"0";"7";"0";"2";"1";"13";"1";""
"202200016302";"785 017";"B01";"0";"7";"0";"2";"3";"14";"1";""
"202200016303";"785 015";"A01";"3";"7";"13";"0";"0";"1";"1";""
"202200016304";"785 013";"B01";"3";"21";"0";"0";"4";"2";"1";""
"202200016304";"785 014";"A01";"3";"7";"0";"2";"1";"2";"2";""
"202200016305";"785 012";"A01";"1";"7";"8";"0";"1";"0";"1";""
"202200016306";"785 010";"A01";"2";"7";"0";"2";"2";"14";"1";""
"202200016306";"785 011";"B01";"2";"7";"0";"2";"6";"1";"1";""
"202200016307";"785 007";"C01";"1";"7";"0";"2";"4";"1";"2";""
"202200016307";"785 008";"B01";"1";"7";"0";"2";"4";"1";"1";""
"202200016307";"785 009";"A01";"1";"10";"11";"2";"1";"14";"1";""
"202200016308";"785 005";"B01";"2";"7";"0";"2";"6";"2";"1";""
"202200016308";"785 006";"A01";"2";"7";"0";"2";"2";"1";"1";""
"202200016309";"785 004";"A01";"2";"7";"5";"0";"1";"26";"1";""
"202200016310";"785 003";"A01";"2";"7";"4";"0";"1";"0";"1";""
"202200016311";"785 000";"C01";"2";"7";"0";"2";"7";"1";"2";""
"202200016311";"785 001";"B01";"2";"7";"0";"2";"2";"1";"0";""
"202200016311";"785 002";"A01";"2";"15";"0";"2";"1";"1";"0";""
"202200016312";"784 998";"B01";"2";"10";"0";"2";"4";"0";"1";""
"202200016312";"784 999";"A01";"2";"7";"0";"2";"0";"2";"1";""
"202200016313";"784 996";"A01";" -1";"10";"0";"2";"1";"2";"1";""
"202200016313";"784 997";"B01";" -1";"10";"0";"2";"4";"2";"1";""
"202200016314";"784 994";"B01";"2";"7";"0";"2";"4";"23";"1";""
"202200016314";"784 995";"A01";"2";"10";"1";"0";"1";"1";"1";""
"202200016315";"784 992";"B01";"2";"7";"0";"2";"1";"12";"2";""
"202200016315";"784 993";"A01";"2";"7";"0";"0";"4";"1";"1";""
"202200016316";"784 990";"A01";"1";"7";"0";"1";"1";"1";"1";""
"202200016316";"784 991";"A01";"1";"7";"0";"1";"1";"1";"1";""
"202200016317";"784 989";"A01";"1";"7";"0";"1";"3";"1";"1";""
"202200016318";"784 988";"A01";"2";"7";"0";"1";"2";"15";"1";""
"202200016319";"784 986";"A01";"2";"34";"0";"2";"1";"1";"1";""
"202200016319";"784 987";"B01";"2";"7";"0";"2";"6";"23";"1";""
"202200016320";"784 984";"A01";"2";"10";"0";"2";"2";"1";"1";""
"202200016320";"784 985";"B01";"2";"30";"0";"2";"1";"18";"1";""
"202200016321";"784 982";"A01";"2";"7";"0";"2";"3";"9";"1";""
"202200016321";"784 983";"B01";"2";"32";"0";"2";"7";"1";"1";""
"202200016322";"784 980";"B01";"2";"1";"0";"2";"1";"1";"5";""
"202200016322";"784 981";"A01";"1";"7";"0";"2";"2";"15";"1";""
"202200016323";"784 979";"A01";"1";"7";"0";"1";"2";"1";"1";""
"202200016324";"784 977";"B01";"1";"2";"0";"2";"1";"17";"1";""
"202200016324";"784 978";"A01";"1";"7";"0";"2";"3";"10";"1";""
"202200016325";"784 975";"A01";"2";"7";"0";"2";"1";"15";"1";""
"202200016325";"784 976";"B01";"1";"7";"0";"2";"3";"1";"2";""
"202200016326";"784 973";"B01";"2";"1";"0";"2";"1";"19";"5";""
"202200016326";"784 974";"A01";"2";"7";"0";"2";"2";"16";"0";""
"202200016327";"784 972";"A01";"2";"7";"2";"0";"1";"13";"1";""
"202200016328";"784 970";"B01";"1";"30";"0";"9";"7";"16";"1";""
"202200016328";"784 971";"C01";"0";"0";"0";"2";"0";"18";" -1";""
"202200016329";"784 969";"A01";"1";"2";"0";"1";"1";"1";"1";""
"202200016330";"784 967";"A01";"1";"1";"0";"2";"2";"17";"5";""
"202200016330";"784 968";"B01";"1";"7";"0";"2";"3";"2";"1";""
"202200016331";"784 966";"A01";"3";"7";"0";"1";"1";"1";"1";""
"202200016332";"784 964";"A01";"3";"7";"0";"2";"1";"9";"1";""
"202200016332";"784 965";"B01";"3";"7";"0";"2";"5";"1";"1";""
"202200016333";"784 963";"A01";"2";"7";"0";"1";"1";"15";"1";""
"202200016334";"784 961";"B01";"3";"7";"2";"2";"4";"13";"1";""
"202200016334";"784 962";"A01";"3";"7";"0";"2";"1";"16";"1";""
"202200016335";"784 960";"A01";"3";"10";"12";"0";"1";"26";"1";""
"202200016336";"784 958";"A01";"2";"7";"0";"2";"1";"15";"1";""
"202200016336";"784 959";"B01";"2";"1";"0";"2";"3";"15";"5";""
"202200016337";"784 957";"A01";"1";"7";"0";"1";"1";"16";"1";""
"202200016338";"784 956";"A01";"1";"7";"0";"1";"3";"15";"0";""
"202200016339";"784 954";"A01";"2";"7";"0";"2";"1";"1";"1";""
"202200016339";"784 955";"B01";"1";"7";"0";"2";"7";"1";"1";""
"202200016340";"784 952";"B01";"1";"33";"0";"2";"1";"1";"1";""
"202200016340";"784 953";"A01";"1";"7";"0";"2";"5";"9";"1";""
"202200016341";"784 951";"A01";"2";"10";"0";"1";"1";"1";"1";""
"202200016342";"784 949";"A01";"3";"7";"8";"2";"1";"9";"1";""
"202200016342";"784 950";"B01";"1";"7";"8";"2";"2";"1";"3";""