"Num_Acc";"id_vehicule";"num_veh";"senc";"catv";"obs";"obsm";"choc";"manv";"motor";"occutc"
"202200016777";"784 184";"B01";"1";"31";"0";"2";"1";"1";"1";""
"202200016777";"784 187";"A01";"2";"2";"0";"2";"8";"15";"1";""
"202200016778";"784 182";"B01";"2";"7";"0";"2";"4";"2";"1";""
"202200016778";"784 185";"A01";"2";"7";"0";"2";"1";"0";"1";""
"202200016779";"784 180";"A01";"0";"7";"0";"2";"2";"19";"1";""
"202200016779";"784 181";"B01";"0";"7";"0";"2";"8";"0";"1";""
"202200016780";"784 178";"A01";"1";"7";"0";"0";"1";"2";"1";""
"202200016781";"784 176";"A01";"1";"7";"7";"0";"1";"21";"1";""
"202200016782";"784 177";"A01";"1";"33";"0";"2";"1";"1";"1";""
"202200016782";"784 179";"B01";"1";"7";"0";"0";"6";"11";"1";""
"202200016783";"784 174";"A01";"1";"1";"0";"1";"1";"1";"5";""
"202200016784";"784 173";"B01";"2";"10";"4";"2";"4";"1";"1";""
"202200016784";"784 175";"A01";"2";"7";"4";"2";"1";"2";"1";""
"202200016785";"784 172";"A01";"1";"7";"3";"0";"1";"13";"1";""
"202200016786";"784 171";"A01";"3";"10";"0";"1";"2";"16";"1";""
"202200016787";"784 170";"A01";"3";"21";"0";"0";"0";"23";"1";""
"202200016788";"784 167";"C01";"2";"7";"0";"2";"4";"2";"1";""
"202200016788";"784 168";"B01";"2";"7";"0";"2";"4";"2";"1";""
"202200016788";"784 169";"A01";"2";"7";"0";"2";"1";"2";"1";""
"202200016789";"784 166";"A01";"2";"7";"3";"0";"2";"1";"1";""
"202200016790";"784 165";"A01";"1";"7";"0";"0";"3";"13";"1";""
"202200016791";"784 163";"B01";"2";"7";"0";"2";"8";"1";"1";""
"202200016791";"784 164";"A01";"2";"7";"0";"2";"1";"19";"1";""
"202200016792";"784 162";"A01";"3";"10";"12";"1";"4";"24";"1";""
"202200016793";"784 161";"A01";"2";"7";"6";"0";"1";"0";"1";""
"202200016794";"784 159";"B01";"2";"7";"0";"2";"1";"1";"1";""
"202200016794";"784 160";"A01";"1";"7";"7";"2";"1";"13";"1";""
"202200016795";"784 158";"A01";"1";"7";"0";"1";"8";"15";"1";""
"202200016796";"784 156";"A01";"1";"30";"0";"0";"0";"1";"1";""
"202200016797";"784 154";"A01";"1";"7";"0";"1";"2";"18";"1";""
"202200016798";"784 152";"A01";"1";"7";"0";"2";"1";"2";"1";""
"202200016798";"784 153";"B01";"1";"10";"0";"0";"0";"0";"0";""
"202200016799";"784 146";"A01";"3";"2";"1";"2";"1";"5";"1";""
"202200016799";"784 149";"B01";"3";"7";"0";"2";"1";"15";"1";""
"202200016800";"784 143";"B01";"1";"31";"0";"0";"7";"16";"1";""
"202200016800";"784 145";"A01";"1";"33";"0";"2";"1";"1";"1";""
"202200016801";"784 144";"A01";"2";"7";"0";"2";"7";"23";"1";""
"202200016801";"784 148";"B01";"2";"7";"0";"2";"6";"21";"1";""
"202200016801";"784 151";"C01";"2";"7";"1";"1";"3";"2";"1";""
"202200016801";"784 155";"D01";"2";"7";"0";"2";"2";"24";"0";""
"202200016801";"784 157";"E01";"2";"38";"0";"2";"6";"24";"1";"1"
"202200016802";"784 140";"A01";"1";"7";"0";"2";"1";"1";"1";""
"202200016802";"784 142";"B01";"2";"7";"0";"2";"8";"0";"1";""
"202200016803";"784 141";"A01";"2";"7";"0";"2";"6";"1";"1";""
"202200016803";"784 147";"C01";"1";"7";"0";"0";"5";"24";"1";""
"202200016803";"784 150";"B01";"1";"7";"0";"2";"1";"1";"1";""
"202200016804";"784 137";"A01";"1";"7";"2";"0";"1";"1";"1";""
"202200016805";"784 136";"B01";"3";"7";"0";"2";"3";"1";"1";""
"202200016805";"784 138";"A01";"3";"2";"0";"2";"9";"26";"1";""
"202200016806";"784 135";"A01";"2";"7";"4";"0";"3";"13";"1";""
"202200016806";"784 139";"B01";"2";"7";"0";"0";"3";"1";"3";""
"202200016807";"784 132";"A01";"3";"7";"0";"1";"1";"1";"1";""
"202200016807";"784 134";"B01";"3";"7";"0";"2";"1";"21";"1";""
"202200016808";"784 131";"A01";"1";"7";"0";"2";"2";"2";"1";""
"202200016808";"784 133";"B01";"1";"1";"0";"2";"4";"2";"5";""
"202200016809";"784 130";"A01";"1";"1";"0";"0";"8";"1";"5";""
"202200016810";"784 128";"A01";"1";"7";"9";"0";"1";"1";"1";""
"202200016811";"784 126";"B01";"2";"7";"0";"2";"3";"1";"1";""
"202200016811";"784 129";"A01";"2";"7";"0";"0";"9";"2";"1";""
"202200016812";"784 124";"A01";"1";"7";"0";"2";"9";"2";"1";""
"202200016812";"784 125";"B01";"1";"7";"0";"2";"4";"2";"1";""
"202200016812";"784 127";"C01";"1";"7";"0";"2";"1";"2";"1";""
"202200016813";"784 123";"A01";"1";"10";"2";"0";"1";"1";"1";""
"202200016814";"784 122";"A01";"2";"7";"8";"0";"1";"0";"1";""
"202200016815";"784 119";"B01";"3";"41";"0";"2";"1";"1";"1";""
"202200016815";"784 121";"A01";"3";"7";"0";"2";"7";"19";"1";""
"202200016816";"784 118";"A01";"1";"7";"2";"0";"1";"14";"1";""
"202200016817";"784 115";"A01";"3";"7";"1";"2";"1";"1";"1";""
"202200016817";"784 117";"B01";"3";"3";"0";"0";"0";"0";"1";""
"202200016818";"784 116";"B01";"1";"7";"0";"2";"6";"15";"1";""
"202200016818";"784 120";"A01";"1";"33";"0";"2";"1";"17";"1";""
"202200016819";"784 113";"A01";"1";"7";"0";"1";"1";"1";"1";""
"202200016820";"784 111";"B01";"2";"7";"0";"2";"7";"15";"1";""
"202200016820";"784 114";"A01";"1";"33";"0";"2";"1";"1";"1";""
"202200016821";"784 110";"B01";"1";"7";"0";"2";"6";"19";"2";""
"202200016821";"784 112";"A01";"2";"33";"0";"2";"1";"0";"1";""
"202200016822";"784 107";"A01";"1";"7";"0";"2";"0";"0";"1";""
"202200016822";"784 108";"B01";"2";"7";"0";"2";"5";"1";"1";""
"202200016822";"784 109";"C01";"2";"7";"0";"2";"2";"23";"1";""
"202200016823";"784 105";"A01";"1";"2";"13";"0";"1";"1";"1";""
"202200016824";"784 104";"B01";"1";"33";"0";"2";"3";"2";"1";""
"202200016824";"784 106";"A01";"2";"33";"6";"2";"3";"17";"1";""
"202200016825";"784 101";"B01";"1";"14";"1";"0";"0";"1";"1";""
"202200016825";"784 103";"A01";"1";"7";"0";"2";"1";"1";"1";""
"202200016826";"784 100";"B01";"1";"7";"0";"2";"2";"1";"1";""
"202200016826";"784 102";"A01";"2";"2";"0";"2";"1";"13";"1";""
"202200016827";"784 097";"B01";"2";"33";"0";"2";"1";"1";"1";""
"202200016827";"784 099";"A01";"1";"7";"0";"2";"1";"9";"1";""
"202200016828";"784 096";"A01";"2";"7";"0";"2";"1";"17";"1";""
"202200016828";"784 098";"B01";"2";"7";"0";"2";"6";"1";"1";""
"202200016829";"784 093";"A01";"2";"7";"2";"0";"1";"0";"1";""
"202200016830";"784 090";"A01";"2";"32";"0";"2";"1";"9";"3";""
"202200016830";"784 091";"B01";"2";"7";"0";"2";"5";"0";"1";""
"202200016831";"784 089";"A01";"2";"7";"0";"2";"1";"2";"1";""
"202200016831";"784 092";"B01";"2";"7";"0";"2";"1";"2";"2";""
"202200016831";"784 094";"C01";"2";"7";"0";"2";"4";"2";"1";""
"202200016831";"784 095";"D01";"2";"7";"0";"0";"4";"15";"1";""
"202200016832";"784 086";"A01";"1";"15";"0";"1";"2";"1";"1";""
"202200016833";"784 085";"A01";"3";"7";"0";"1";"2";"1";"1";""
"202200016834";"784 087";"A01";"1";"7";"0";"2";"1";"17";"1";""
"202200016834";"784 088";"B01";"1";"1";"0";"2";"1";"1";"5";""
"202200016835";"784 083";"A01";"2";"33";"12";"0";"1";"2";"1";""
"202200016836";"784 082";"A01";"3";"7";"0";"2";"2";"16";"1";""
"202200016836";"784 084";"B01";"3";"50";"0";"2";"0";"19";"3";""
"202200016837";"784 080";"B01";"2";"7";"0";"2";"3";"1";"1";""
"202200016837";"784 081";"A01";"1";"7";"0";"2";"2";"1";"1";""
"202200016838";"784 079";"A01";"3";"7";"0";"1";"2";"15";"1";""
"202200016839";"784 078";"A01";"1";"7";"0";"1";"0";"1";"1";""
"202200016840";"784 077";"A01";"2";"33";"0";"0";"9";"17";"1";""
"202200016841";"784 073";"B01";"2";"33";"0";"2";"2";"17";"1";""
"202200016841";"784 074";"A01";"2";"7";"0";"2";"3";"20";"1";""
"202200016842";"784 075";"A01";"2";"33";"8";"0";"7";"1";"1";""
"202200016843";"784 071";"B01";"2";"7";"0";"2";"2";"1";"1";""
"202200016843";"784 076";"A01";"0";"7";"6";"2";"3";"1";"1";""
"202200016844";"784 069";"B01";"2";"33";"0";"2";"9";"13";"1";""
"202200016844";"784 072";"A01";"1";"7";"0";"0";"1";"1";"1";""
"202200016845";"784 067";"A01";"2";"7";"0";"2";"3";"9";"1";""
"202200016845";"784 070";"B01";"1";"32";"0";"0";"7";"1";"1";""
"202200016846";"784 066";"B01";"3";"33";"0";"2";"1";"1";"1";""
"202200016846";"784 068";"A01";"3";"7";"0";"2";"1";"26";"1";""
"202200016847";"784 063";"A01";"2";"7";"15";"0";"2";"15";"1";""
"202200016848";"784 064";"B01";"3";"2";"0";"0";"1";"1";"1";""
"202200016848";"784 065";"A01";"3";"2";"0";"0";"1";"1";"1";""
"202200016849";"784 061";"B01";"2";"7";"0";"2";"1";"1";"1";""
"202200016849";"784 062";"A01";"2";"7";"0";"2";"8";"1";"1";""
"202200016850";"784 059";"A01";"1";"31";"0";"2";"3";"2";"1";""
"202200016850";"784 060";"B01";"1";"7";"0";"2";"5";"2";"1";""
"202200016851";"784 054";"A01";"1";"7";"0";"2";"8";"11";"1";""
"202200016851";"784 056";"B01";"1";"33";"0";"2";"7";"3";"1";""
"202200016852";"784 057";"A01";"2";"7";"0";"0";"5";"1";"1";""
"202200016852";"784 058";"B01";"2";"33";"0";"2";"1";"1";"1";""
"202200016853";"784 055";"A01";"1";"33";"0";"0";"0";"1";"1";""
"202200016854";"784 053";"A01";"2";"7";"13";"0";"1";"1";"1";""
"202200016855";"784 052";"A01";"2";"33";"0";"1";"1";"1";"1";""
"202200016856";"784 049";"B01";"2";"7";"0";"0";"7";"1";"1";""
"202200016856";"784 050";"A01";"0";"7";"0";"2";"3";"15";"1";""
"202200016857";"784 045";"A01";"2";"7";"1";"0";"1";"1";"1";""
"202200016858";"784 044";"A01";"2";"7";"0";"9";"5";"15";"1";""
"202200016858";"784 048";"B01";"1";"1";"0";"2";"1";"1";"5";""
"202200016859";"784 046";"A01";"2";"15";"0";"2";"2";"14";"0";""
"202200016859";"784 047";"C01";"2";"7";"0";"2";"1";"1";"1";""
"202200016859";"784 051";"B01";"2";"7";"0";"2";"8";"1";"1";""
"202200016860";"784 039";"B01";"1";"2";"0";"2";"1";"1";"1";""
"202200016860";"784 042";"A01";"2";"7";"0";"2";"7";"15";"1";""
"202200016861";"784 036";"A01";"1";"43";"0";"0";"3";"20";"1";""
"202200016862";"784 034";"G01";"1";"10";"0";"2";"2";"1";"1";""
"202200016862";"784 035";"F01";"1";"7";"0";"2";"2";"1";"1";""
"202200016862";"784 037";"E01";"2";"1";"5";"2";"4";"1";"5";""
"202200016862";"784 038";"D01";"2";"1";"5";"2";"4";"1";"5";""
"202200016862";"784 040";"C01";"2";"1";"5";"2";"4";"1";"5";""
"202200016862";"784 041";"B01";"2";"1";"5";"2";"4";"1";"5";""
"202200016862";"784 043";"A01";"2";"7";"5";"2";"1";"1";"1";""
"202200016863";"784 030";"B01";"2";"80";"0";"2";"4";"2";"3";""
"202200016863";"784 032";"A01";"2";"32";"0";"2";"1";"2";"1";""
"202200016864";"784 031";"A01";"3";"7";"0";"2";"1";"2";"2";""
"202200016864";"784 033";"B01";"3";"7";"0";"2";"8";"20";"1";""
"202200016865";"784 027";"B01";"1";"2";"0";"2";"3";"1";"1";""
"202200016865";"784 029";"A01";"2";"10";"0";"2";"2";"15";"1";""
"202200016866";"784 025";"A01";"0";"7";"0";"1";"4";"20";"1";""
"202200016867";"784 026";"B01";"1";"7";"0";"2";"3";"16";"2";""
"202200016867";"784 028";"A01";"2";"33";"0";"2";"1";"18";"1";""
"202200016868";"784 023";"A01";"1";"33";"0";"2";"7";"3";"1";""
"202200016868";"784 024";"B01";"1";"10";"0";"2";"8";"23";"1";""
"202200016869";"784 022";"A01";"2";"33";"12";"0";"1";"1";"1";""
"202200016870";"784 020";"B01";"2";"7";"0";"2";"1";"1";"1";""
"202200016870";"784 021";"A01";"1";"33";"0";"2";"1";"14";"1";""
"202200016871";"784 016";"B01";"2";"10";"0";"2";"3";"10";"1";""
"202200016871";"784 017";"A01";"2";"33";"0";"2";"1";"17";"1";""
"202200016872";"784 018";"Z01";"3";"7";"0";"1";"0";"1";"0";""
"202200016873";"784 015";"A01";"1";"33";"0";"0";"3";"1";"1";""
"202200016874";"784 014";"A01";"1";"7";"2";"0";"1";"0";"1";""
"202200016875";"784 011";"B01";"1";"7";"13";"0";"1";"1";"1";""
"202200016875";"784 013";"A01";"1";"7";"0";"0";"6";"1";"2";""
"202200016876";"784 012";"A01";"1";"50";"0";"1";"1";"1";"3";""
"202200016877";"784 009";"B01";"1";"7";"0";"2";"6";"1";"1";""
"202200016877";"784 010";"A01";"1";"7";"0";"2";"2";"17";"1";""
"202200016878";"784 008";"A01";"1";"33";"12";"0";"3";"10";"1";""
"202200016879";"784 005";"A01";"1";"7";"4";"2";"2";"14";"1";""
"202200016879";"784 006";"B01";"1";"7";"0";"2";"1";"1";"1";""
"202200016879";"784 007";"C01";"1";"7";"0";"2";"1";"1";"1";""
"202200016880";"784 002";"B01";"1";"7";"0";"0";"1";"1";"1";""
"202200016880";"784 004";"A01";"2";"7";"0";"2";"1";"6";"1";""
"202200016881";"783 997";"A01";"2";"13";"0";"2";"3";"1";"1";""
"202200016881";"784 001";"C01";"1";"7";"0";"2";"3";"1";"1";""
"202200016881";"784 003";"B01";"2";"33";"0";"2";"4";"17";"1";""
"202200016882";"783 998";"A01";"2";"7";"0";"2";"1";"2";"1";""
"202200016882";"784 000";"B01";"2";"7";"0";"2";"4";"0";"1";""
"202200016883";"783 996";"A01";"2";"7";"0";"2";"1";"0";"2";""
"202200016883";"783 999";"B01";"2";"7";"0";"0";"4";"0";"0";""
"202200016884";"783 994";"A01";"1";"7";"0";"2";"2";"12";"1";""
"202200016884";"783 995";"B01";"1";"7";"0";"2";"6";"2";"2";""
"202200016885";"783 993";"A01";"1";"7";"2";"0";"2";"14";"1";""
"202200016886";"783 992";"A01";"1";"7";"0";"1";"2";"1";"0";""
"202200016887";"783 988";"A01";"1";"33";"0";"2";"1";"17";"0";""
"202200016887";"783 989";"B01";"1";"7";"0";"2";"8";"15";"1";""
"202200016888";"783 987";"A01";"3";"7";"0";"1";"3";"2";"1";""
"202200016889";"783 990";"A01";"2";"33";"0";"1";"3";"17";"1";""
"202200016890";"783 986";"A01";"2";"1";"15";"0";"1";"1";"5";""
"202200016891";"783 984";"A01";"1";"7";"0";"2";"1";"1";"1";""
"202200016891";"783 985";"B01";"2";"15";"0";"2";"6";"20";"1";""
"202200016892";"783 982";"A01";"1";"7";"16";"0";"0";"6";"1";""
"202200016893";"783 980";"A01";"2";"7";"0";"1";"1";"1";"1";""
"202200016894";"783 978";"A01";"3";"2";"0";"0";"8";"1";"1";""
"202200016894";"783 979";"B01";"0";"7";"0";"2";"3";"15";"1";""
"202200016895";"783 975";"A01";"2";"7";"0";"2";"3";"13";"1";""
"202200016895";"783 977";"B01";"1";"15";"0";"2";"3";"1";"1";""
"202200016896";"783 972";"A01";"2";"33";"0";"2";"3";"17";"1";""
"202200016896";"783 974";"B01";"0";"7";"0";"2";"8";"1";"1";""
"202200016897";"783 973";"A01";"1";"43";"0";"2";"3";"17";"1";""
"202200016897";"783 976";"B01";"2";"7";"0";"2";"3";"1";"3";""
"202200016897";"783 981";"C01";"1";"7";"0";"2";"3";"1";"1";""
"202200016897";"783 983";"D01";"1";"43";"0";"2";"1";"17";"1";""
"202200016898";"783 969";"A01";"2";"1";"0";"2";"1";"1";"5";""
"202200016898";"783 971";"B01";"2";"7";"0";"2";"8";"1";"1";""
"202200016899";"783 967";"A01";"2";"7";"0";"0";"8";"15";"1";""
"202200016899";"783 968";"B01";"2";"33";"0";"2";"2";"17";"1";""
"202200016900";"783 965";"Z01";"1";"10";"0";"1";"1";"1";"0";""
"202200016901";"783 964";"B01";"2";"7";"0";"2";"4";"2";"1";""
"202200016901";"783 966";"A01";"2";"7";"0";"2";"1";"2";"1";""
"202200016902";"783 963";"A01";"2";"33";"16";"0";"0";"1";"1";""
"202200016903";"783 962";"A01";"3";"30";"0";"0";"0";"1";"1";""
"202200016904";"783 960";"A01";"1";"7";"1";"0";"1";"1";"1";""
"202200016905";"783 957";"B01";"1";"7";"0";"2";"3";"15";"1";""
"202200016905";"783 959";"A01";"2";"31";"0";"2";"1";"1";"1";""
"202200016906";"783 958";"B01";"2";"80";"0";"2";"1";"1";"3";""
"202200016906";"783 961";"A01";"2";"7";"0";"2";"8";"22";"1";""
"202200016907";"783 953";"B01";"1";"7";"0";"2";"2";"1";"1";""
"202200016907";"783 955";"A01";"1";"50";"0";"2";"8";"13";"3";""
"202200016908";"783 948";"E01";"2";"7";"0";"0";"4";"23";"1";""
"202200016908";"783 950";"D01";"2";"7";"0";"2";"4";"23";"1";""
"202200016908";"783 952";"C01";"2";"7";"0";"2";"4";"23";"1";""
"202200016908";"783 954";"B01";"2";"7";"0";"2";"4";"23";"1";""
"202200016908";"783 956";"A01";"2";"7";"0";"2";"1";"1";"1";""
"202200016909";"783 947";"B01";"1";"7";"0";"2";"8";"9";"1";""
"202200016909";"783 949";"A01";"1";"0";"0";"2";"8";"1";"0";""
"202200016910";"783 951";"A01";"2";"34";"8";"0";"3";"21";"1";""
"202200016911";"783 946";"A01";"2";"7";"2";"0";"3";"1";"1";""
"202200016912";"783 944";"B01";"1";"7";"0";"2";"1";"1";"6";""
"202200016912";"783 945";"A01";"1";"7";"0";"2";"2";"13";"1";""
"202200016913";"783 940";"A01";"2";"7";"0";"2";"3";"1";"1";""
"202200016913";"783 943";"B01";"1";"7";"0";"2";"2";"16";"1";""
"202200016914";"783 939";"A01";"1";"30";"8";"2";"1";"1";"1";""
"202200016914";"783 941";"B01";"2";"7";"0";"2";"2";"1";"1";""
"202200016915";"783 937";"B01";"2";"7";"0";"2";"3";"0";"1";""
"202200016915";"783 938";"A01";"1";"7";"0";"2";"3";"1";"1";""
"202200016916";"783 932";"C01";"1";"7";"0";"2";"4";"0";"1";""
"202200016916";"783 935";"B01";"1";"7";"0";"2";"4";"2";"1";""
"202200016916";"783 936";"A01";"1";"7";"0";"2";"1";"2";"1";""
"202200016917";"783 933";"B01";"3";"1";"0";"2";"4";"21";"5";""
"202200016917";"783 942";"A01";"3";"33";"0";"2";"1";"2";"1";""
"202200016918";"783 930";"A01";"1";"50";"0";"0";"0";"26";"3";""
"202200016919";"783 929";"C01";"2";"7";"0";"2";"2";"1";"1";""
"202200016919";"783 931";"A01";"1";"7";"0";"2";"1";"1";"2";""
"202200016919";"783 934";"B01";"3";"32";"0";"2";"1";"16";"1";""
"202200016920";"783 928";"A01";"1";"7";"0";"1";"1";"18";"1";""
"202200016921";"783 925";"A01";"0";"2";"3";"0";"7";"1";"1";""
"202200016922";"783 924";"A01";"2";"7";"0";"2";"1";"0";"1";""
"202200016922";"783 927";"B01";"2";"7";"0";"1";"2";"0";"1";""
"202200016923";"783 921";"B01";"0";"2";"0";"2";"1";"2";"1";""
"202200016923";"783 922";"A01";"0";"7";"0";"2";"4";"20";"1";""
"202200016924";"783 919";"A01";"2";"7";"0";"0";"3";"1";"1";""
"202200016924";"783 923";"B01";"1";"7";"0";"0";"3";"1";"1";""
"202200016925";"783 920";"B01";"1";"33";"0";"2";"1";"1";"1";""
"202200016925";"783 926";"A01";"1";"10";"0";"2";"3";"15";"1";""
"202200016926";"783 918";"A01";"2";"33";"0";"0";"8";"1";"1";""
"202200016927";"783 915";"B01";"1";"7";"0";"2";"1";"1";"1";""
"202200016927";"783 917";"A01";"1";"1";"0";"2";"3";"15";"5";""
"202200016928";"783 914";"A01";"2";"7";"6";"0";"2";"1";"1";""
"202200016929";"783 910";"A01";"3";"10";"0";"2";"1";"15";"1";""
"202200016929";"783 913";"B01";"3";"10";"0";"2";"3";"2";"1";""
"202200016930";"783 912";"B01";"2";"1";"0";"2";"1";"0";"5";""
"202200016930";"783 916";"A01";"2";"7";"0";"2";"4";"1";"1";""
"202200016931";"783 908";"A01";"2";"7";"0";"1";"1";"1";"1";""
"202200016932";"783 907";"B01";"1";"33";"0";"0";"4";"2";"1";""
"202200016932";"783 909";"A01";"1";"33";"0";"2";"1";"2";"1";""
"202200016933";"783 904";"A01";"1";"7";"2";"0";"1";"1";"1";""
"202200016934";"783 902";"B01";"1";"33";"0";"2";"1";"1";"1";""
"202200016934";"783 903";"A01";"1";"7";"0";"2";"6";"10";"1";""
"202200016935";"783 901";"A01";"1";"7";"0";"2";"3";"7";"1";""
"202200016935";"783 905";"B01";"1";"33";"0";"2";"2";"1";"1";""
"202200016935";"783 906";"C01";"1";"7";"0";"2";"4";"1";"1";""
"202200016936";"783 899";"A01";"0";"32";"0";"2";"7";"1";"1";""
"202200016936";"783 900";"B01";"0";"1";"0";"2";"3";"11";"5";""
"202200016937";"783 897";"A01";"3";"1";"0";"2";"1";"19";"5";""
"202200016937";"783 898";"B01";"2";"7";"0";"2";"7";"1";"1";""
"202200016938";"783 894";"A01";" -1";"10";"0";"2";"4";"2";"1";""
"202200016938";"783 896";"B01";" -1";"7";"0";"2";"4";"2";"0";""
"202200016939";"783 891";"B01";"2";"7";"0";"2";"3";"13";"1";""
"202200016939";"783 892";"A01";"1";"7";"0";"2";"3";"13";"1";""
"202200016940";"783 888";"B01";"3";"80";"0";"2";"2";"2";"3";""
"202200016940";"783 890";"A01";"3";"7";"0";"2";"8";"9";"1";""
"202200016941";"783 886";"A01";"3";"7";"0";"2";"5";"12";"1";""
"202200016941";"783 887";"B01";"3";"1";"0";"2";"3";"15";"5";""
"202200016942";"783 885";"B01";"0";"3";"0";"2";"4";"19";"0";""
"202200016942";"783 889";"A01";"0";"3";"0";"2";"1";"19";"0";""
"202200016943";"783 884";"A01";"1";"7";"15";"0";"1";"6";"1";""
"202200016944";"783 883";"A01";"1";"1";"0";"5";"1";"1";"5";""
"202200016945";"783 882";"A01";"1";"7";"2";"0";"8";"19";"1";""
"202200016946";"783 879";"A01";"1";"7";"0";"2";"3";"1";"1";""
"202200016946";"783 881";"B01";"2";"7";"0";"2";"3";"1";"1";""
"202200016947";"783 878";"A01";"2";"2";"1";"0";"1";"1";"3";""
"202200016948";"783 875";"B01";"2";"7";"0";"2";"1";"1";"1";""
"202200016948";"783 877";"A01";"1";"7";"0";"2";"1";"1";"1";""
"202200016949";"783 874";"A01";"2";"33";"8";"0";"1";"14";"1";""
"202200016950";"783 876";"B01";"0";"33";"0";"2";"3";"0";"1";""
"202200016950";"783 880";"A01";"0";"7";"0";"2";"7";"16";"1";""
"202200016951";"783 873";"A01";"1";"7";"8";"0";"9";"1";"1";""
"202200016952";"783 872";"A01";"2";"3";"0";"1";"1";"15";"1";""
"202200016953";"783 868";"B01";"1";"10";"0";"2";"3";"20";"1";""
"202200016953";"783 870";"A01";"2";"32";"0";"2";"2";"2";"1";""
"202200016954";"783 866";"A01";"3";"7";"0";"2";"3";"13";"1";""
"202200016954";"783 867";"B01";"3";"2";"0";"2";"2";"0";"1";""
"202200016955";"783 865";"A01";"3";"31";"0";"0";"7";"1";"1";""
"202200016955";"783 869";"B01";"3";"7";"0";"0";"0";"9";"1";""
"202200016956";"783 864";"A01";"1";"2";"0";"2";"2";"1";"1";""
"202200016956";"783 871";"B01";"1";"7";"0";"2";"3";"1";"1";""
"202200016957";"783 861";"A01";"2";"10";"0";"2";"1";"1";"1";""
"202200016957";"783 863";"B01";"2";"34";"0";"0";"4";"0";"1";""
"202200016958";"783 860";"A01";"2";"33";"6";"0";"2";"1";"1";""
"202200016959";"783 859";"A01";"1";"7";"0";"2";"1";"11";"1";""
"202200016959";"783 862";"B01";"1";"7";"0";"2";"8";"1";"1";""
"202200016960";"783 857";"A01";"1";"7";"13";"0";"3";"1";"1";""
"202200016961";"783 855";"A01";"0";"7";"0";"2";"3";"15";"1";""
"202200016961";"783 858";"B01";"3";"33";"0";"2";"3";"0";"1";""
"202200016962";"783 852";"B01";"3";"7";"0";"2";"3";"1";"1";""
"202200016962";"783 856";"A01";"3";"7";"0";"2";"1";"1";"1";""
"202200016963";"783 853";"A01";"0";"2";"1";"0";"1";"15";"1";""
"202200016964";"783 851";"A01";"2";"7";"0";"2";"1";"19";"1";""
"202200016964";"783 854";"B01";"2";"7";"0";"2";"8";"1";"1";""
"202200016965";"783 850";"A01";"1";"7";"0";"1";"2";"1";"1";""
"202200016966";"783 847";"A01";"3";"7";"0";"1";"0";"0";"1";""
"202200016967";"783 844";"B01";"2";"99";"0";"2";"1";"1";"0";""
"202200016967";"783 849";"A01";" -1";"7";"0";"2";"1";"15";"2";""
"202200016968";"783 845";"B01";"1";"1";"1";"0";"2";"21";"5";""
"202200016968";"783 848";"A01";"1";"7";"0";"2";"3";"22";"1";""
"202200016969";"783 843";"A01";"1";"7";"0";"2";"1";"26";"1";""
"202200016969";"783 846";"B01";"2";"7";"0";"0";"0";"0";"1";""
"202200016970";"783 841";"A01";"1";"7";"0";"2";"2";"12";"1";""
"202200016970";"783 842";"B01";"1";"32";"0";"0";"6";"1";"1";""
"202200016971";"783 840";"A01";"1";"10";"0";"1";"2";"15";"1";""
"202200016972";"783 838";"A01";"1";"31";"4";"0";"3";"26";"1";""
"202200016973";"783 837";"A01";"1";"7";"0";"0";"9";"1";"1";""
"202200016974";"783 839";"B01";"1";"7";"0";"9";"3";"1";"1";""
"202200016975";"783 835";"B01";"2";"34";"0";"2";"7";"17";"1";""
"202200016975";"783 836";"A01";"2";"37";"0";"2";"3";"1";"0";"1"
"202200016976";"783 834";"A01";"1";"7";"8";"0";"4";"20";"1";""
"202200016977";"783 831";"B01";"1";"7";"0";"2";"1";"1";"1";""
"202200016977";"783 833";"A01";"1";"7";"0";"2";"3";"9";"1";""
"202200016978";"783 830";"A01";"2";"7";"2";"0";"1";"14";"1";""
"202200016979";"783 829";"A01";"1";"7";"0";"9";"1";"1";"1";""
"202200016979";"783 832";"B01";"2";"30";"0";"0";"8";"1";"1";""
"202200016980";"783 828";"A01";"1";"7";"3";"0";"9";"17";"1";""
"202200016981";"783 826";"A01";"2";"33";"0";"1";"2";"16";"1";""
"202200016982";"783 821";"A01";"3";"7";"0";"2";"0";"13";"0";""
"202200016982";"783 824";"B01";"3";"1";"0";"2";"1";"1";"5";""
"202200016983";"783 822";"A01";"1";"10";"10";"0";"1";"1";"1";""
"202200016984";"783 819";"G01";"1";"1";"0";"2";"4";"1";"5";""
"202200016984";"783 820";"A01";"1";"7";"1";"2";"1";"9";"1";""
"202200016984";"783 823";"B01";"1";"7";"0";"2";"4";"1";"1";""
"202200016984";"783 825";"C01";"1";"7";"0";"2";"4";"1";"1";""
"202200016984";"783 827";"F01";"1";"1";"0";"2";"4";"1";"5";""
"202200016985";"783 813";"A01";"1";"7";"0";"2";"3";"1";"1";""
"202200016985";"783 817";"B01";"2";"30";"0";"2";"8";"1";"1";""
"202200016986";"783 816";"A01";"1";"32";"0";"2";"8";"26";"1";""
"202200016986";"783 818";"Z01";"1";"7";"0";"2";"0";"0";"0";""
"202200016987";"783 812";"B01";"3";"7";"0";"2";"1";"1";"1";""
"202200016987";"783 814";"A01";"3";"7";"0";"2";"3";"9";"1";""