"Num_Acc";"id_vehicule";"num_veh";"senc";"catv";"obs";"obsm";"choc";"manv";"motor";"occutc"
"202200017205";"783 412";"B01";"2";"1";"0";"2";"4";"1";"5";""
"202200017205";"783 414";"A01";"2";"7";"0";"2";"3";"0";"1";""
"202200017206";"783 411";"A01";"1";"7";"0";"2";"2";"1";"1";""
"202200017206";"783 415";"B01";"1";"1";"0";"2";"7";"19";"5";""
"202200017207";"783 409";"A01";"1";"7";"0";"2";"1";"1";"1";""
"202200017207";"783 413";"B01";"1";"7";"0";"2";"4";"23";"1";""
"202200017208";"783 407";"B01";"3";"32";"0";"2";"7";"1";"1";""
"202200017208";"783 410";"A01";"3";"7";"0";"2";"8";"9";"1";""
"202200017209";"783 406";"A01";"2";"2";"13";"2";"7";"2";"1";""
"202200017209";"783 408";"B01";"2";"7";"0";"0";"8";"15";"1";""
"202200017210";"783 401";"A01";"1";"7";"0";"2";"6";"12";"1";""
"202200017210";"783 404";"B01";"1";"7";"0";"2";"3";"1";"1";""
"202200017211";"783 402";"A01";"2";"10";"0";"2";"3";"1";"1";""
"202200017211";"783 405";"B01";"1";"7";"0";"2";"2";"15";"1";""
"202200017212";"783 400";"A01";"3";"15";"0";"2";"6";"13";"1";""
"202200017212";"783 403";"B01";"3";"7";"0";"2";"2";"1";"1";""
"202200017213";"783 397";"A01";"2";"7";"0";"2";"1";"13";"1";""
"202200017213";"783 399";"B01";"1";"14";"0";"2";"1";"1";"1";""
"202200017214";"783 394";"A01";"1";"7";"0";"2";"2";"26";"1";""
"202200017214";"783 398";"B01";"1";"30";"0";"2";"1";"9";"1";""
"202200017215";"783 396";"A01";"1";"7";"0";"1";"1";"15";"1";""
"202200017216";"783 391";"A01";"3";"1";"0";"2";"1";"25";"5";""
"202200017216";"783 395";"B01";"3";"37";"0";"2";"7";"23";"1";"1"
"202200017217";"783 390";"B01";"1";"80";"0";"2";"6";"1";"3";""
"202200017217";"783 393";"A01";"2";"7";"0";"2";"1";"23";"1";""
"202200017218";"783 392";"A01";"1";"7";"0";"1";"3";"1";"1";""
"202200017219";"783 386";"B01";"3";"1";"0";"9";"1";"1";"5";""
"202200017219";"783 389";"A01";"3";"7";"0";"2";"1";"1";"1";""
"202200017220";"783 385";"A01";"1";"7";"13";"0";"7";"1";"1";""
"202200017221";"783 387";"A01";"3";"7";"0";"1";"2";"21";"1";""
"202200017222";"783 382";"A01";"3";"33";"0";"0";"0";"1";"1";""
"202200017223";"783 383";"A01";"1";"7";"0";"2";"2";"1";"0";""
"202200017223";"783 388";"B01";"2";"7";"0";"2";"8";"16";"0";""
"202200017224";"783 380";"A01";"3";"7";"0";"0";"4";"26";"1";""
"202200017225";"783 379";"A01";"0";"7";"0";"2";"2";"19";"1";""
"202200017225";"783 381";"B01";"0";"7";"0";"0";"0";"0";"1";""
"202200017226";"783 378";"A01";"0";"36";"0";"0";"0";"1";"1";""
"202200017227";"783 377";"A01";"3";"7";"12";"0";"1";"19";"1";""
"202200017228";"783 371";"B01";"1";"33";"0";"2";"1";"1";"1";""
"202200017228";"783 374";"A01";"1";"7";"0";"2";"3";"15";"1";""
"202200017229";"783 370";"A01";"0";"7";"0";"9";"1";"2";"1";""
"202200017229";"783 375";"B01";"3";"50";"0";"2";"7";"19";"3";""
"202200017230";"783 372";"B01";"1";"7";"0";"2";"5";"1";"1";""
"202200017230";"783 376";"A01";"1";"14";"0";"2";"2";"9";"1";""
"202200017231";"783 368";"A01";"2";"32";"0";"2";"1";"9";"1";""
"202200017231";"783 373";"B01";"2";"7";"1";"2";"2";"9";"1";""
"202200017232";"783 367";"B01";"1";"7";"0";"2";"4";"2";"1";""
"202200017232";"783 369";"A01";"1";"7";"0";"2";"1";"2";"1";""
"202200017233";"783 366";"A01";"2";"7";"0";"1";"1";"1";"1";""
"202200017234";"783 362";"B01";"2";"33";"0";"2";"7";"1";"1";""
"202200017234";"783 365";"A01";"3";"7";"0";"2";"1";"19";"1";""
"202200017235";"783 361";"B01";"1";"7";"0";"2";"1";"12";"1";""
"202200017235";"783 363";"A01";"1";"7";"0";"2";"9";"1";"2";""
"202200017236";"783 359";"B01";"2";"7";"0";"2";"1";"0";"0";""
"202200017236";"783 364";"A01";"1";"7";"0";"2";"1";"26";"0";""
"202200017237";"783 360";"A01";"2";"2";"0";"0";"8";"21";"1";""
"202200017238";"783 355";"B01";"1";"7";"0";"2";"6";"15";"1";""
"202200017238";"783 358";"A01";" -1";"50";"0";"2";"1";"1";"3";""
"202200017239";"783 354";"B01";"3";"50";"8";"0";"0";"2";"3";""
"202200017239";"783 357";"A01";"3";"1";"8";"0";"0";"2";"5";""
"202200017240";"783 352";"B01";"1";"7";"0";"2";"4";"23";"1";""
"202200017240";"783 356";"A01";"1";"7";"0";"2";"1";"2";"1";""
"202200017241";"783 349";"B01";"2";"10";"0";"2";"1";"1";"1";""
"202200017241";"783 353";"A01";"1";"10";"0";"2";"1";"1";"1";""
"202200017242";"783 348";"A01";"3";"7";"0";"0";"0";"1";"2";""
"202200017242";"783 350";"B01";"3";"50";"0";"2";"0";"21";"3";""
"202200017243";"783 344";"A01";"3";"7";"16";"0";"9";"1";"1";""
"202200017244";"783 339";"D01";"2";"7";"0";"2";"4";"2";"1";""
"202200017244";"783 342";"C01";"2";"10";"0";"2";"4";"2";"1";""
"202200017244";"783 345";"B01";"2";"7";"0";"2";"4";"2";"1";""
"202200017244";"783 347";"A01";"2";"7";"0";"2";"1";"2";"1";""
"202200017245";"783 341";"A01";"1";"7";"0";"2";"1";"15";"1";""
"202200017245";"783 346";"B01";"2";"7";"0";"2";"1";"1";"1";""
"202200017246";"783 338";"A01";"2";"1";"0";"2";"2";"16";"5";""
"202200017246";"783 343";"B01";"1";"7";"0";"2";"3";"1";"1";""
"202200017247";"783 337";"A01";"2";"7";"0";"2";"1";"15";"1";""
"202200017247";"783 340";"B01";"2";"2";"0";"2";"1";"1";"1";""
"202200017248";"783 331";"B01";"1";"7";"0";"2";"6";"11";"1";""
"202200017248";"783 335";"A01";"1";"7";"0";"2";"2";"1";"1";""
"202200017249";"783 333";"B01";"2";"7";"0";"2";"4";"2";"1";""
"202200017249";"783 336";"A01";"2";"7";"0";"2";"1";"2";"1";""
"202200017250";"783 332";"B01";"2";"1";"0";"2";"1";"13";"5";""
"202200017250";"783 334";"A01";"1";"2";"9";"2";"1";"13";"1";""
"202200017251";"783 330";"A01";"1";"30";"0";"1";"1";"1";"1";""
"202200017252";"783 328";"A01";"2";"7";"3";"0";"1";"9";"0";""
"202200017253";"783 326";"A01";"1";"33";"0";"2";"1";"1";"1";""
"202200017253";"783 329";"B01";"2";"38";"0";"2";"1";"15";"1";"1"
"202200017254";"783 324";"A01";"1";"7";"0";"1";"2";"1";"1";""
"202200017255";"783 321";"A01";"1";"7";"0";"2";"4";"2";"1";""
"202200017255";"783 325";"B01";"1";"7";"0";"2";"1";"21";"1";""
"202200017255";"783 327";"C01";"1";"7";"0";"2";"1";"21";"1";""
"202200017256";"783 319";"A01";"1";"2";"0";"2";"1";"15";"1";""
"202200017256";"783 323";"B01";"1";"2";"0";"2";"1";"1";"1";""
"202200017257";"783 318";"C01";"2";"7";"0";"2";"4";"2";"1";""
"202200017257";"783 320";"B01";"2";"7";"0";"2";"1";"2";"1";""
"202200017257";"783 322";"A01";"2";"7";"0";"2";"1";"2";"1";""
"202200017258";"783 314";"A01";"2";"10";"4";"0";"3";"1";"0";""
"202200017259";"783 315";"B01";"2";"7";"0";"2";"2";"16";"1";""
"202200017259";"783 317";"A01";"2";"32";"0";"2";"1";"7";"1";""
"202200017260";"783 312";"A01";"1";"7";"4";"0";"1";"2";"1";""
"202200017261";"783 313";"A01";"1";"7";"1";"0";"1";"26";"1";""
"202200017262";"783 311";"B01";"3";"33";"0";"2";"1";"1";"1";""
"202200017262";"783 316";"A01";"3";"7";"0";"2";"1";"15";"1";""
"202200017263";"783 306";"Z01";"1";"7";"0";"2";"2";"3";"0";""
"202200017263";"783 310";"B01";"1";"1";"0";"2";"4";"1";"5";""
"202200017264";"783 305";"B01";"1";"7";"3";"2";"4";"1";"1";""
"202200017264";"783 309";"A01";"1";"7";"3";"2";"1";"1";"1";""
"202200017265";"783 303";"A01";"3";"1";"0";"2";"2";"6";"5";""
"202200017265";"783 307";"B01";"3";"7";"0";"2";"1";"1";"1";""
"202200017266";"783 304";"B01";"1";"10";"0";"2";"2";"16";"1";""
"202200017266";"783 308";"A01";"1";"2";"0";"2";"1";"1";"1";""
"202200017267";"783 302";"A01";"1";"7";"4";"0";"3";"0";"1";""
"202200017268";"783 301";"Z01";"2";"7";"0";"1";"1";"1";"1";""
"202200017269";"783 298";"B01";"3";"7";"0";"2";"5";"23";"1";""
"202200017269";"783 300";"A01";"3";"30";"0";"2";"1";"2";"1";""
"202200017270";"783 299";"A01";"1";"33";"14";"0";"8";"17";"1";""
"202200017271";"783 295";"A01";"1";"7";"4";"2";"9";"1";"1";""
"202200017271";"783 297";"B01";"1";"7";"0";"2";"1";"1";"0";""
"202200017272";"783 293";"B01";"1";"7";"6";"2";"1";"1";"1";""
"202200017272";"783 296";"A01";"2";"7";"0";"2";"3";"15";"1";""
"202200017273";"783 292";"A01";"2";"7";"0";"0";"0";"16";"1";""
"202200017274";"783 291";"A01";"2";"7";"3";"0";"7";"14";"1";""
"202200017275";"783 290";"B01";"1";"33";"0";"2";"8";"19";"1";""
"202200017275";"783 294";"A01";"1";"7";"0";"2";"2";"19";"1";""
"202200017276";"783 289";"A01";"3";"10";"0";"1";"1";"1";"3";""
"202200017277";"783 288";"A01";"2";"7";"0";"0";"9";"1";"1";""
"202200017278";"783 285";"B01";"2";"7";"0";"2";"7";"1";"1";""
"202200017278";"783 287";"A01";"2";"7";"0";"2";"1";"19";"1";""
"202200017279";"783 284";"A01";"3";"7";"8";"0";"1";"1";"1";""
"202200017280";"783 283";"A01";"1";"7";"0";"9";"2";"15";"1";""
"202200017280";"783 286";"B01";"2";"1";"0";"2";"1";"1";"5";""
"202200017281";"783 277";"A01";"2";"7";"0";"2";"3";"19";"1";""
"202200017281";"783 281";"B01";"1";"7";"0";"2";"2";"1";"1";""
"202200017282";"783 274";"A01";"3";"30";"0";"2";"1";"9";"1";""
"202200017282";"783 279";"B01";"1";"7";"0";"2";"3";"1";"1";""
"202200017283";"783 267";"A01";"1";"10";"0";"2";"1";"15";"1";""
"202200017283";"783 271";"B01";"2";"1";"0";"2";"1";"1";"5";""
"202200017284";"783 269";"A01";"1";"7";"0";"1";"1";"2";"1";""
"202200017285";"783 270";"A01";"3";"7";"8";"0";"1";"13";"1";""
"202200017286";"783 266";"B01";"1";"31";"0";"2";"1";"1";"1";""
"202200017286";"783 268";"A01";"2";"7";"0";"2";"7";"15";"1";""
"202200017287";"783 262";"B01";"1";"32";"0";"2";"2";"1";"1";""
"202200017287";"783 264";"A01";"1";"7";"0";"2";"1";"2";"1";""
"202200017288";"783 259";"B01";"1";"7";"0";"2";"6";"15";"1";""
"202200017288";"783 265";"A01";"1";"7";"0";"2";"1";"2";"1";""
"202200017289";"783 261";"Z01";"2";"32";"0";"2";"4";"0";"0";""
"202200017289";"783 263";"B01";"2";"33";"0";"2";"1";"0";"1";""
"202200017290";"783 258";"A01";"3";"30";"0";"2";"1";"15";"1";""
"202200017290";"783 260";"B01";"3";"30";"0";"2";"1";"1";"1";""
"202200017291";"783 257";"A01";"1";"2";"6";"0";"1";"14";"1";""
"202200017292";"783 254";"B01";"0";"7";"0";"2";"1";"1";"1";""
"202200017292";"783 255";"A01";"3";"2";"0";"2";"1";"15";"0";""
"202200017293";"783 253";"B01";"1";"7";"0";"2";"3";"1";"1";""
"202200017293";"783 256";"A01";"2";"7";"0";"2";"3";"13";"1";""
"202200017294";"783 247";"B01";"2";"7";"0";"2";"1";"1";"2";""
"202200017294";"783 250";"A01";"1";"7";"0";"2";"1";"5";"1";""
"202200017295";"783 246";"B01";"2";"1";"0";"2";"1";"0";"5";""
"202200017295";"783 248";"A01";"1";"7";"0";"2";"3";"13";"3";""
"202200017296";"783 245";"B01";"2";"1";"0";"2";"8";"2";"5";""
"202200017296";"783 249";"A01";"2";"14";"0";"2";"2";"9";"1";""
"202200017297";"783 244";"B01";"2";"7";"0";"2";"1";"1";"1";""
"202200017297";"783 251";"A01";"1";"7";"0";"2";"5";"15";"1";""
"202200017298";"783 240";"A01";"1";"0";"0";"1";"1";"26";"1";""
"202200017299";"783 242";"A01";"1";"1";"0";"2";"1";"2";"5";""
"202200017299";"783 243";"B01";"1";"7";"0";"9";"4";"23";"1";""
"202200017300";"783 238";"A01";"3";"7";"0";"2";"8";"15";"1";""
"202200017300";"783 241";"B01";"3";"32";"0";"2";"1";"1";"1";""
"202200017301";"783 237";"B01";"3";"7";"0";"2";"9";"23";"1";""
"202200017301";"783 239";"A01";"3";"7";"0";"2";"6";"26";"1";""
"202200017302";"783 232";"B01";"3";"7";"0";"2";"3";"1";"1";""
"202200017302";"783 234";"A01";"3";"30";"0";"2";"1";"16";"1";""
"202200017303";"783 231";"A01";"1";"7";"2";"0";"1";"6";"1";""
"202200017304";"783 229";"C01";"3";"7";"0";"2";"3";"23";"1";""
"202200017304";"783 230";"B01";"1";"7";"0";"2";"9";"1";"1";""
"202200017304";"783 235";"A01";"2";"7";"0";"2";"7";"15";"2";""
"202200017305";"783 228";"A01";"1";"7";"0";"2";"8";"13";"1";""
"202200017305";"783 233";"B01";"2";"7";"0";"2";"8";"1";"1";""
"202200017305";"783 236";"C01";"2";"7";"0";"2";"1";"1";"1";""
"202200017306";"783 226";"A01";"1";"7";"0";"2";"8";"13";"1";""
"202200017306";"783 227";"B01";"2";"7";"0";"2";"3";"1";"2";""
"202200017307";"783 223";"A01";"3";"31";"0";"2";"1";"1";"1";""
"202200017307";"783 224";"Z01";"3";"7";"0";"2";"1";"5";"0";""
"202200017308";"783 221";"B01";"1";"30";"0";"2";"1";"1";"1";""
"202200017308";"783 222";"A01";"2";"7";"0";"2";"3";"15";"1";""
"202200017309";"783 220";"A01";"1";"7";"1";"0";"2";"1";"1";""
"202200017310";"783 217";"A01";"3";"7";"0";"2";"7";"1";"1";""
"202200017310";"783 225";"B01";"3";"7";"0";"2";"3";"1";"1";""
"202200017311";"783 218";"A01";"2";"7";"0";"2";"1";"2";"1";""
"202200017311";"783 219";"B01";"1";"1";"0";"2";"0";"0";"5";""
"202200017312";"783 216";"A01";"1";"7";"0";"1";"3";"15";"1";""
"202200017313";"783 212";"A01";"2";"32";"0";"2";"3";"1";"1";""
"202200017313";"783 214";"B01";"1";"7";"0";"2";"2";"15";"1";""
"202200017314";"783 211";"B01";"1";"7";"0";"2";"4";"23";"1";""
"202200017314";"783 213";"A01";"1";"7";"0";"2";"1";"1";"0";""
"202200017315";"783 210";"B01";"1";"7";"0";"9";"2";"1";"1";""
"202200017315";"783 215";"A01";"1";"2";"0";"2";"8";"1";"1";""
"202200017316";"783 208";"A01";"1";"7";"0";"2";"1";"13";"1";""
"202200017316";"783 209";"B01";"1";"7";"0";"2";"0";"0";"1";""
"202200017317";"783 206";"B01";"3";"2";"0";"2";"1";"1";"1";""
"202200017317";"783 207";"A01";"3";"10";"0";"2";"4";"1";"1";""
"202200017318";"783 204";"A01";"2";"7";"0";"2";"2";"9";"1";""
"202200017318";"783 205";"B01";"2";"7";"15";"2";"1";"1";"1";""
"202200017319";"783 201";"A01";"1";"10";"0";"1";"1";"19";"1";""
"202200017320";"783 199";"A01";"1";"33";"6";"0";"1";"2";"1";""
"202200017321";"783 203";"A01";"3";"7";"1";"1";"2";"15";"1";""
"202200017322";"783 200";"A01";"1";"7";"6";"2";"3";"21";"1";""
"202200017322";"783 202";"B01";"1";"7";"0";"2";"3";"2";"1";""
"202200017323";"783 198";"A01";"3";"37";"0";"1";"1";"1";"2";"1"
"202200017324";"783 197";"A01";"3";"7";"6";"0";"4";"4";"1";""
"202200017325";"783 196";"A01";"3";"7";"13";"0";"1";"1";"1";""
"202200017326";"783 192";"A01";"2";"33";"0";"2";"8";"3";"1";""
"202200017326";"783 194";"B01";"2";"7";"0";"2";"7";"12";"1";""
"202200017327";"783 193";"B01";"1";"33";"0";"2";"1";"0";"1";""
"202200017327";"783 195";"A01";"3";"7";"0";"2";"3";"0";"1";""
"202200017328";"783 190";"A01";"3";"7";"8";"0";"1";"26";"1";""
"202200017329";"783 189";"A01";"3";"7";"0";"2";"1";"1";"1";""
"202200017329";"783 191";"B01";"1";"7";"0";"2";"7";"1";"1";""
"202200017330";"783 185";"A01";"0";"50";"0";"0";"0";"0";"3";""
"202200017331";"783 187";"A01";"1";"33";"0";"1";"1";"5";"1";""
"202200017332";"783 186";"A01";"1";"7";"0";"2";"1";"13";"1";""
"202200017332";"783 188";"B01";"2";"7";"0";"2";"3";"1";"1";""
"202200017333";"783 184";"A01";"1";"7";"0";"0";"9";"0";"1";""
"202200017334";"783 182";"A01";"2";"2";"0";"0";"0";"0";"1";""
"202200017335";"783 179";"B01";"2";"7";"0";"2";"2";"1";"1";""
"202200017335";"783 183";"A01";"1";"7";"0";"2";"1";"1";"1";""
"202200017336";"783 178";"A01";"1";"30";"1";"2";"1";"1";"1";""
"202200017336";"783 180";"B01";"1";"7";"0";"2";"1";"14";"1";""
"202200017337";"783 176";"A01";"1";"7";"0";"1";"2";"1";"1";""
"202200017338";"783 177";"B01";"1";"7";"0";"2";"8";"1";"1";""
"202200017338";"783 181";"A01";"2";"10";"0";"2";"1";"19";"1";""
"202200017339";"783 174";"Z01";"2";"50";"0";"1";"7";"1";"3";""
"202200017340";"783 172";"B01";"1";"7";"0";"2";"1";"2";"1";""
"202200017340";"783 175";"A01";"1";"7";"3";"2";"4";"23";"1";""
"202200017341";"783 168";"B01";"1";"7";"0";"2";"1";"1";"1";""
"202200017341";"783 173";"A01";"2";"7";"0";"2";"1";"17";"1";""
"202200017342";"783 169";"A01";"1";"30";"0";"2";"1";"2";"1";""
"202200017342";"783 170";"B01";"1";"7";"0";"2";"4";"2";"1";""
"202200017343";"783 166";"B01";"1";"33";"0";"2";"0";"17";"1";""
"202200017343";"783 167";"A01";"1";"7";"0";"2";"3";"2";"1";""
"202200017344";"783 163";"A01";"2";"7";"0";"2";"1";"2";"1";""
"202200017344";"783 164";"B01";"2";"7";"0";"2";"4";"2";"1";""
"202200017345";"783 162";"A01";"1";"7";"0";"1";"2";"1";"1";""
"202200017346";"783 165";"A01";"0";"7";"0";"2";"3";"9";"1";""
"202200017346";"783 171";"B01";"0";"7";"0";"2";"1";"9";"1";""
"202200017347";"783 160";"B01";"3";"7";"0";"0";"1";"2";"1";""
"202200017347";"783 161";"A01";"3";"7";"0";"0";"4";"2";"1";""
"202200017348";"783 158";"A01";"3";"7";"0";"1";"2";"16";"1";""
"202200017349";"783 157";"B01";"1";"7";"0";"2";"7";"0";"1";""
"202200017349";"783 159";"A01";"1";"7";"0";"2";"1";"1";"1";""
"202200017350";"783 155";"B01";"2";"1";"0";"2";"1";"5";"5";""
"202200017350";"783 156";"A01";"2";"7";"0";"2";"3";"0";"0";""
"202200017351";"783 153";"A01";"2";"7";"2";"0";"1";"26";"1";""
"202200017352";"783 152";"A01";"1";"7";"0";"2";"2";"16";"2";""
"202200017352";"783 154";"B01";"1";"1";"0";"2";"1";"1";"5";""
"202200017353";"783 151";"A01";"2";"7";"0";"1";"1";"17";"1";""
"202200017354";"783 149";"A01";"2";"7";"0";"1";"0";"1";"1";""
"202200017355";"783 148";"A01";"3";"7";"0";"2";"2";"1";"1";""
"202200017355";"783 150";"B01";"3";"7";"0";"2";"1";"1";"1";""
"202200017356";"783 146";"A01";"1";"1";"0";"0";"0";"21";"5";""
"202200017357";"783 145";"A01";"2";"7";"0";"2";"1";"1";"1";""
"202200017357";"783 147";"B01";"2";"7";"0";"2";"8";"1";"1";""
"202200017358";"783 138";"A01";"0";"7";"0";"2";"1";"0";"1";""
"202200017358";"783 140";"B01";"0";"7";"0";"2";"4";"23";"1";""
"202200017358";"783 143";"C01";"0";"7";"0";"2";"4";"23";"1";""
"202200017359";"783 137";"B01";"3";"7";"0";"2";"4";"2";"1";""
"202200017359";"783 141";"A01";"3";"7";"0";"2";"4";"1";"1";""
"202200017359";"783 144";"Z01";"3";"7";"0";"2";"1";"26";"1";""
"202200017360";"783 134";"E01";"3";"7";"0";"2";"4";"1";"6";""
"202200017360";"783 135";"D01";"3";"7";"0";"2";"4";"1";"0";""
"202200017360";"783 136";"C01";"3";"7";"0";"2";"4";"1";"0";""
"202200017360";"783 139";"B01";"3";"7";"0";"2";"4";"1";"1";""
"202200017360";"783 142";"A01";"3";"7";"0";"2";"1";"2";"1";""
"202200017361";"783 131";"B01";"2";"7";"1";"2";"3";"20";"1";""
"202200017361";"783 133";"A01";"1";"7";"0";"2";"2";"1";"1";""
"202200017362";"783 127";"A01";"3";"7";"0";"1";"1";"16";"1";""
"202200017363";"783 125";"B01";"1";"33";"0";"2";"7";"17";"1";""
"202200017363";"783 128";"A01";"1";"7";"0";"2";"3";"15";"1";""
"202200017364";"783 126";"B01";"1";"1";"0";"2";"8";"0";"5";""
"202200017364";"783 129";"A01";"1";"7";"0";"2";"1";"26";"1";""
"202200017365";"783 124";"A01";"2";"7";"0";"1";"2";"1";"1";""
"202200017366";"783 121";"B01";"0";"7";"0";"2";"8";"1";"1";""
"202200017366";"783 123";"A01";"0";"15";"0";"2";"3";"14";"1";""
"202200017367";"783 120";"A01";"3";"33";"0";"2";"7";"2";"1";""
"202200017367";"783 122";"B01";"1";"13";"0";"0";"0";"0";"1";""
"202200017368";"783 116";"A01";"3";"7";"0";"2";"1";"26";"1";""
"202200017368";"783 117";"B01";"3";"7";"0";"2";"4";"1";"1";""
"202200017368";"783 118";"C01";"3";"7";"0";"2";"4";"1";"1";""
"202200017368";"783 119";"D01";"3";"7";"0";"2";"4";"1";"1";""
"202200017369";"783 114";"B01";"1";"33";"0";"2";"0";"0";"1";""
"202200017369";"783 115";"A01";"1";"10";"0";"2";"3";"15";"1";""
"202200017370";"783 111";"B01";"1";"7";"0";"2";"1";"2";"1";""
"202200017370";"783 112";"A01";"1";"30";"0";"2";"4";"1";"3";""
"202200017371";"783 110";"A01";"2";"7";"0";"2";"3";"13";"1";""
"202200017371";"783 113";"B01";"1";"7";"0";"0";"0";"0";"1";""
"202200017372";"783 109";"A01";"2";"7";"0";"1";"8";"17";"3";""
"202200017373";"783 107";"B01";"2";"7";"0";"2";"5";"2";"1";""
"202200017373";"783 108";"A01";"2";"1";"0";"1";"3";"1";"5";""
"202200017374";"783 106";"A01";"1";"7";"9";"0";"1";"1";"1";""
"202200017375";"783 104";"B01";"1";"7";"1";"2";"3";"15";"1";""
"202200017375";"783 105";"A01";"1";"33";"1";"2";"7";"17";"1";""
"202200017376";"783 100";"B01";"3";"7";"0";"2";"3";"15";"1";""
"202200017376";"783 103";"A01";"2";"30";"0";"2";"3";"26";"1";""
"202200017377";"783 099";"A01";"1";"7";"0";"2";"1";"1";"1";""
"202200017377";"783 102";"B01";"1";"10";"1";"0";"4";"23";"1";""
"202200017378";"783 098";"B01";"1";"2";"0";"2";"3";"9";"1";""
"202200017378";"783 101";"A01";"2";"31";"0";"2";"1";"0";"1";""
"202200017379";"783 097";"Z01";"1";"10";"0";"1";"1";"1";"0";""
"202200017380";"783 096";"A01";"1";"7";"0";"1";"1";"1";"1";""
"202200017381";"783 095";"A01";"2";"80";"9";"0";"2";"1";"3";""
"202200017382";"783 094";"A01";"2";"33";"13";"0";"1";"1";"1";""
"202200017383";"783 090";"A01";"0";"7";"4";"0";"1";"21";"1";""
"202200017384";"783 087";"D01";"1";"7";"0";"2";"1";"1";"2";""
"202200017384";"783 089";"C01";"1";"7";"0";"2";"4";"1";"1";""
"202200017384";"783 092";"B01";"1";"7";"0";"2";"1";"1";"1";""
"202200017384";"783 093";"A01";"1";"7";"0";"2";"1";"1";"1";""
"202200017385";"783 088";"B01";"1";"7";"0";"2";"4";"0";"2";""
"202200017385";"783 091";"A01";"1";"10";"0";"2";"1";"0";"3";""
"202200017386";"783 085";"A01";"3";"7";"0";"2";"6";"9";"1";""
"202200017386";"783 086";"B01";"3";"7";"0";"2";"1";"1";"1";""
"202200017387";"783 079";"B01";"2";"7";"0";"2";"3";"1";"1";""
"202200017387";"783 082";"A01";"1";"7";"0";"2";"1";"9";"1";""
"202200017388";"783 078";"B01";"1";"33";"0";"2";"1";"2";"1";""
"202200017388";"783 080";"A01";"1";"7";"0";"2";"4";"1";"1";""
"202200017389";"783 074";"B01";"1";"33";"0";"2";"4";"1";"1";""
"202200017389";"783 077";"A01";"1";"33";"0";"2";"1";"1";"1";""
"202200017390";"783 073";"C01";"1";"7";"0";"2";"0";"1";"1";""
"202200017390";"783 075";"B01";"1";"7";"0";"2";"0";"1";"1";""
"202200017390";"783 076";"A01";"2";"7";"6";"2";"1";"15";"1";""
"202200017391";"783 069";"B01";"3";"10";"0";"0";"2";"20";"1";""
"202200017391";"783 072";"A01";"3";"30";"0";"2";"7";"18";"1";""
"202200017392";"783 071";"A01";"1";"7";"0";"1";"1";"15";"1";""
"202200017393";"783 067";"A01";"1";"7";"0";"0";"0";"1";"1";""
"202200017393";"783 070";"B01";"1";"1";"0";"0";"1";"1";"5";""
"202200017394";"783 065";"B01";"2";"7";"0";"2";"1";"1";"1";""
"202200017394";"783 068";"A01";"1";"10";"0";"2";"1";"1";"1";""
"202200017395";"783 062";"A01";"1";"7";"0";"2";"3";"15";"1";""
"202200017395";"783 063";"B01";"1";"33";"0";"2";"1";"1";"1";""
"202200017396";"783 057";"C01";"1";"7";"0";"2";"1";"1";"1";""
"202200017396";"783 059";"B01";"1";"7";"0";"2";"4";"15";"1";""
"202200017396";"783 060";"A01";"1";"16";"0";"2";"1";"1";"1";""
"202200017397";"783 056";"B01";"2";"10";"0";"2";"8";"1";"1";""
"202200017397";"783 058";"A01";"1";"7";"0";"2";"3";"13";"1";""
"202200017398";"783 061";"A01";"2";"30";"0";"0";"0";"1";"3";""
"202200017399";"783 055";"A01";"3";"10";"0";"1";"4";"4";"1";""
"202200017400";"783 051";"A01";"1";"7";"0";"2";"1";"9";"1";""
"202200017400";"783 054";"B01";"3";"7";"0";"2";"7";"1";"1";""
"202200017401";"783 053";"A01";"2";"1";"0";"0";"0";"16";"5";""
"202200017402";"783 050";"A01";"1";"7";"0";"9";"6";"24";"1";""
"202200017402";"783 052";"B01";"0";"50";"0";"0";"0";"0";"3";""
"202200017403";"783 047";"B01";"3";"7";"0";"2";"2";"11";"1";""
"202200017403";"783 049";"A01";"3";"7";"0";"2";"1";"1";"1";""
"202200017404";"783 046";"A01";"2";"30";"0";"0";"7";"16";"1";""
"202200017405";"783 042";"A01";"2";"30";"0";"2";"2";"17";"1";""
"202200017405";"783 043";"B01";"2";"7";"0";"2";"6";"15";"1";""
"202200017406";"783 041";"A01";"0";"7";"0";"2";"1";"1";"1";""
"202200017406";"783 045";"B01";"0";"7";"0";"2";"4";"1";"1";""
"202200017406";"783 048";"C01";"0";"7";"0";"0";"4";"1";"1";""
"202200017407";"783 040";"A01";"1";"7";"0";"2";"2";"1";"1";""
"202200017407";"783 044";"B01";"2";"1";"0";"2";"4";"13";"5";""
"202200017408";"783 039";"A01";"1";"30";"0";"0";"5";"12";"3";""
"202200017409";"783 034";"A01";"3";"14";"0";"1";"3";"26";"1";""
"202200017410";"783 032";"B01";"3";"7";"0";"2";"3";"15";"1";""
"202200017410";"783 037";"A01";"3";"50";"0";"2";"2";"15";"3";""
"202200017411";"783 030";"A01";"3";"7";"1";"0";"1";"1";"2";""
"202200017411";"783 031";"B01";"3";"7";"0";"2";"4";"23";"2";""
"202200017412";"783 028";"A01";"1";"30";"0";"2";"1";"0";"1";""
"202200017412";"783 029";"B01";"1";"7";"0";"2";"6";"0";"1";""