"Num_Acc";"id_vehicule";"num_veh";"senc";"catv";"obs";"obsm";"choc";"manv";"motor";"occutc"
"202200017854";"782 249";"A01";"2";"7";"0";"1";"1";"15";"1";""
"202200017855";"782 247";"A01";"2";"7";"0";"9";"1";"15";"1";""
"202200017855";"782 248";"B01";"1";"1";"0";"2";"3";"1";"5";""
"202200017856";"782 246";"A01";"1";"7";"0";"1";"7";"15";"1";""
"202200017857";"782 244";"B01";"1";"33";"0";"2";"1";"1";"1";""
"202200017857";"782 245";"A01";"2";"10";"0";"2";"7";"15";"1";""
"202200017858";"782 242";"B01";"1";"7";"0";"2";"3";"1";"1";""
"202200017858";"782 243";"A01";"1";"37";"0";"2";"8";"1";"0";"3"
"202200017859";"782 241";"A01";"0";"7";"0";"0";"9";"0";"1";""
"202200017860";"782 238";"A01";"1";"10";"0";"2";"3";"15";"1";""
"202200017860";"782 240";"B01";"3";"33";"0";"2";"2";"17";"1";""
"202200017861";"782 237";"A01";"2";"7";"0";"2";"1";"19";"1";""
"202200017861";"782 239";"B01";"2";"7";"0";"0";"8";"1";"1";""
"202200017862";"782 234";"B01";"2";"15";"0";"2";"1";"1";"1";""
"202200017862";"782 236";"A01";"1";"7";"0";"2";"1";"13";"1";""
"202200017863";"782 232";"C01";"2";"7";"0";"2";"3";"0";"1";""
"202200017863";"782 233";"B01";"2";"7";"0";"2";"3";"1";"1";""
"202200017863";"782 235";"A01";"2";"7";"0";"2";"2";"14";"1";""
"202200017864";"782 231";"A01";"1";"10";"0";"1";"3";"1";"1";""
"202200017865";"782 228";"A01";"1";"43";"0";"0";"9";"1";"1";""
"202200017866";"782 226";"C01";"3";"7";"0";"2";"4";"2";"1";""
"202200017866";"782 227";"D01";"3";"7";"0";"2";"4";"2";"1";""
"202200017866";"782 229";"B01";"3";"7";"0";"2";"4";"2";"2";""
"202200017866";"782 230";"A01";"3";"7";"0";"2";"1";"2";"1";""
"202200017867";"782 223";"A01";"1";"7";"1";"0";"2";"5";"1";""
"202200017868";"782 219";"A01";"3";"7";"0";"2";"2";"15";"1";""
"202200017868";"782 220";"B01";"3";"33";"0";"2";"1";"1";"1";""
"202200017869";"782 221";"A01";"1";"7";"0";"2";"4";"2";"1";""
"202200017869";"782 222";"B01";"1";"7";"0";"0";"0";"0";"0";""
"202200017869";"782 224";"C01";"1";"7";"0";"0";"0";"0";"0";""
"202200017869";"782 225";"D01";"1";"34";"0";"0";"0";"0";"0";""
"202200017870";"782 217";"A01";"1";"33";"1";"2";"8";"13";"1";""
"202200017870";"782 218";"B01";"2";"7";"0";"2";"3";"1";"1";""
"202200017871";"782 216";"A01";"1";"32";"15";"0";"8";"1";"1";""
"202200017872";"782 213";"A01";"2";"33";"0";"2";"7";"1";"1";""
"202200017872";"782 214";"B01";"2";"10";"0";"2";"8";"11";"1";""
"202200017873";"782 210";"A01";"1";"7";"0";"2";"2";"2";"1";""
"202200017873";"782 212";"B01";"1";"7";"0";"2";"6";"2";"1";""
"202200017874";"782 209";"A01";"2";"7";"0";"2";"3";"1";"1";""
"202200017874";"782 211";"B01";"2";"7";"0";"2";"1";"15";"1";""
"202200017875";"782 208";"A01";"2";"7";"16";"0";"0";"1";"1";""
"202200017876";"782 205";"B01";"2";"32";"0";"2";"3";"1";"1";""
"202200017876";"782 207";"A01";"2";"7";"0";"2";"2";"12";"1";""
"202200017877";"782 206";"A01";"2";"0";"0";"2";"0";"0";"0";""
"202200017878";"782 202";"B01";"1";"7";"0";"2";"3";"1";"1";""
"202200017878";"782 204";"A01";"1";"7";"0";"2";"2";"12";"1";""
"202200017879";"782 201";"A01";"3";"7";"0";"2";"7";"15";"1";""
"202200017879";"782 203";"B01";"1";"32";"0";"2";"1";"1";"1";""
"202200017880";"782 198";"B01";"2";"7";"0";"2";"4";"2";"1";""
"202200017880";"782 200";"A01";"2";"7";"0";"2";"1";"2";"1";""
"202200017881";"782 197";"A01";"2";"7";"4";"0";"1";"1";"1";""
"202200017882";"782 196";"A01";"2";"7";"0";"2";"2";"15";"1";""
"202200017882";"782 199";"B01";"0";"33";"0";"2";"1";"1";"1";""
"202200017883";"782 193";"B01";"2";"7";"0";"2";"3";"15";"1";""
"202200017883";"782 195";"A01";"2";"7";"0";"2";"1";"17";"1";""
"202200017884";"782 192";"B01";"3";"2";"0";"2";"2";"1";"1";""
"202200017884";"782 194";"A01";"3";"7";"0";"2";"1";"1";"1";""
"202200017885";"782 190";"B01";"2";"7";"0";"2";"6";"24";"1";""
"202200017885";"782 191";"A01";"2";"7";"1";"0";"1";"9";"1";""
"202200017886";"782 188";"B01";"2";"31";"0";"2";"1";"1";"1";""
"202200017886";"782 189";"A01";"2";"7";"0";"2";"8";"10";"1";""
"202200017887";"782 186";"B01";"0";"1";"0";"2";"7";"1";"5";""
"202200017887";"782 187";"A01";"3";"7";"0";"2";"8";"5";"0";""
"202200017888";"782 184";"B01";"1";"7";"0";"2";"7";"16";"1";""
"202200017888";"782 185";"A01";"1";"50";"0";"2";"7";"1";"3";""
"202200017889";"782 183";"A01";"1";"10";"0";"1";"1";"9";"1";""
"202200017890";"782 179";"B01";"1";"31";"0";"2";"7";"1";"1";""
"202200017890";"782 182";"A01";"1";"10";"0";"2";"1";"15";"1";""
"202200017891";"782 178";"B01";"2";"1";"0";"2";"1";"1";"5";""
"202200017891";"782 180";"A01";"1";"7";"0";"9";"2";"16";"1";""
"202200017891";"782 181";"C01";"2";"1";"0";"2";"1";"1";"5";""
"202200017892";"782 176";"A01";"1";"7";"0";"2";"2";"2";"1";""
"202200017892";"782 177";"B01";"1";"2";"0";"2";"6";"2";"1";""
"202200017893";"782 175";"A01";"2";"7";"0";"1";"1";"15";"1";""
"202200017894";"782 173";"B01";"2";"7";"0";"2";"3";"0";"1";""
"202200017894";"782 174";"A01";"2";"50";"0";"2";"3";"5";"3";""
"202200017895";"782 172";"A01";"2";"7";"16";"0";"0";"20";"1";""
"202200017896";"782 171";"A01";"2";"7";"10";"0";"1";"15";"1";""
"202200017897";"782 169";"A01";"1";"7";"0";"2";"2";"17";"1";""
"202200017897";"782 170";"B01";"1";"7";"0";"2";"0";"0";"1";""
"202200017898";"782 166";"A01";"3";"3";"0";"2";"8";"15";"1";""
"202200017898";"782 168";"B01";"1";"7";"0";"2";"1";"1";"1";""
"202200017899";"782 165";"B01";"2";"2";"13";"0";"9";"1";"1";""
"202200017899";"782 167";"A01";"2";"7";"0";"2";"2";"0";"1";""
"202200017900";"782 164";"A01";"3";"7";"0";"1";"1";"16";"1";""
"202200017901";"782 162";"A01";"1";"7";"0";"2";"2";"1";"1";""
"202200017901";"782 163";"B01";"1";"2";"0";"2";"8";"1";"1";""
"202200017902";"782 159";"A01";"2";"7";"0";"2";"1";"9";"1";""
"202200017902";"782 161";"B01";"3";"1";"0";"2";"5";"1";"5";""
"202200017903";"782 158";"A01";"1";"7";"0";"2";"8";"15";"2";""
"202200017903";"782 160";"B01";"1";"32";"0";"2";"7";"1";"1";""
"202200017904";"782 155";"B01";"3";"50";"0";"2";"7";"26";"3";""
"202200017904";"782 156";"A01";"3";"7";"0";"2";"1";"1";"1";""
"202200017905";"782 154";"B01";"3";"7";"0";"2";"3";"1";"1";""
"202200017905";"782 157";"A01";"3";"50";"0";"2";"1";"26";"3";""
"202200017906";"782 152";"A01";"1";"37";"0";"2";"1";"19";"2";"1"
"202200017906";"782 153";"B01";"2";"7";"0";"2";"8";"8";"1";""
"202200017907";"782 151";"A01";"1";"7";"16";"0";"4";"26";"1";""
"202200017908";"782 147";"A01";"1";"31";"0";"2";"1";"2";"1";""
"202200017908";"782 149";"B01";"1";"10";"0";"2";"5";"1";"1";""
"202200017909";"782 146";"B01";"1";"33";"0";"2";"9";"18";"1";""
"202200017909";"782 148";"A01";"1";"7";"0";"2";"2";"12";"1";""
"202200017909";"782 150";"C01";"1";"7";"0";"2";"5";"2";"1";""
"202200017910";"782 143";"A01";"2";"33";"0";"2";"8";"1";"1";""
"202200017910";"782 145";"B01";"1";"50";"0";"0";"1";"15";"3";""
"202200017911";"782 142";"B01";"0";"10";"1";"2";"3";"15";"1";""
"202200017911";"782 144";"A01";"0";"7";"1";"2";"2";"1";"1";""
"202200017912";"782 140";"A01";"1";"10";"0";"2";"1";"13";"1";""
"202200017912";"782 141";"B01";"2";"7";"0";"2";"2";"0";"1";""
"202200017913";"782 139";"A01";"2";"7";"2";"0";"1";"1";"1";""
"202200017914";"782 135";"B01";"3";"1";"0";"2";"7";"0";"5";""
"202200017914";"782 138";"A01";"3";"7";"0";"2";"0";"1";"1";""
"202200017915";"782 136";"B01";"1";"7";"0";"2";"4";"23";"1";""
"202200017915";"782 137";"A01";"1";"7";"0";"2";"1";"2";"1";""
"202200017916";"782 134";"A01";"3";"7";"0";"1";"3";"20";"1";""
"202200017917";"782 133";"A01";"0";"10";"0";"1";"0";"26";"1";""
"202200017918";"782 132";"A01";"0";"7";"9";"0";"2";"1";"1";""
"202200017919";"782 131";"A01";"1";"7";"1";"0";"4";"20";"2";""
"202200017920";"782 130";"A01";"2";"7";"13";"0";"1";"13";"1";""
"202200017921";"782 129";"A01";"1";"7";"0";"1";"2";"1";"1";""
"202200017922";"782 127";"A01";"1";"7";"0";"2";"1";"1";"1";""
"202200017922";"782 128";"B01";"1";"7";"0";"2";"4";"1";"1";""
"202200017923";"782 126";"A01";"2";"7";"0";"0";"9";"26";"1";""
"202200017924";"782 124";"B01";"1";"13";"0";"2";"5";"1";"1";""
"202200017924";"782 125";"A01";"1";"7";"0";"2";"3";"13";"5";""
"202200017925";"782 119";"B01";"3";"7";"0";"2";"3";"1";"1";""
"202200017925";"782 121";"A01";"3";"31";"0";"2";"1";"13";"1";""
"202200017926";"782 118";"A01";"1";"7";"0";"2";"1";"1";"1";""
"202200017926";"782 120";"B01";"1";"7";"0";"2";"4";"23";"1";""
"202200017926";"782 122";"C01";"1";"7";"0";"2";"4";"23";"1";""
"202200017926";"782 123";"D01";"1";"7";"0";"2";"4";"23";"3";""
"202200017927";"782 115";"B01";"3";"37";"0";"2";"0";"0";"1";"1"
"202200017927";"782 116";"A01";"3";"2";"0";"0";"0";"0";"1";""
"202200017928";"782 110";"B01";"2";"31";"0";"2";"7";"17";"1";""
"202200017928";"782 112";"A01";"2";"10";"0";"2";"3";"15";"1";""
"202200017929";"782 108";"B01";"2";"7";"0";"2";"6";"23";"1";""
"202200017929";"782 109";"A01";"2";"14";"0";"2";"2";"1";"1";""
"202200017930";"782 106";"B01";"2";"7";"0";"2";"3";"26";"0";""
"202200017930";"782 107";"A01";"1";"7";"0";"2";"3";"26";"0";""
"202200017931";"782 103";"C01";"2";"7";"0";"2";"3";"1";"1";""
"202200017931";"782 104";"B01";"1";"7";"0";"2";"3";"15";"1";""
"202200017931";"782 105";"A01";"1";"7";"0";"2";"1";"17";"1";""
"202200017932";"782 102";"A01";"2";"7";"13";"0";"1";"1";"1";""
"202200017933";"782 100";"A01";"3";"30";"4";"0";"1";"2";"1";""
"202200017934";"782 099";"A01";"1";"7";"0";"2";"2";"15";"1";""
"202200017934";"782 101";"B01";"2";"33";"0";"2";"1";"1";"1";""
"202200017935";"782 096";"B01";"0";"10";"0";"2";"7";"1";"1";""
"202200017935";"782 098";"A01";"3";"50";"0";"2";"1";"9";"3";""
"202200017936";"782 093";"A01";"1";"10";"0";"2";"1";"1";"1";""
"202200017936";"782 094";"B01";"1";"7";"0";"2";"1";"1";"1";""
"202200017936";"782 095";"C01";"1";"7";"0";"2";"4";"1";"1";""
"202200017936";"782 097";"D01";"1";"7";"0";"2";"4";"23";"1";""
"202200017937";"782 092";"A01";"0";"7";"2";"0";"1";"9";"1";""
"202200017938";"782 089";"B01";"3";"2";"0";"2";"3";"2";"1";""
"202200017938";"782 091";"A01";"3";"7";"0";"2";"1";"15";"1";""
"202200017939";"782 088";"B01";"0";"7";"0";"2";"3";"1";"1";""
"202200017939";"782 090";"A01";"0";"7";"0";"2";"2";"14";"1";""
"202200017940";"782 086";"Z01";"0";"7";"0";"2";"1";"1";"1";""
"202200017940";"782 087";"A01";"1";"7";"0";"2";"4";"1";"1";""
"202200017941";"782 082";"A01";"1";"32";"0";"1";"1";"19";"1";""
"202200017942";"782 081";"A01";"1";"7";"2";"0";"0";"1";"1";""
"202200017943";"782 080";"A01";"1";"3";"0";"1";"0";"26";"1";""
"202200017944";"782 077";"A01";"1";"7";"0";"2";"8";"1";"1";""
"202200017944";"782 079";"B01";"2";"7";"0";"2";"1";"1";"1";""
"202200017945";"782 075";"C01";"3";"7";"0";"2";"4";"15";"1";""
"202200017945";"782 076";"B01";"3";"7";"0";"2";"1";"2";"1";""
"202200017945";"782 078";"A01";"3";"10";"0";"2";"1";"2";"1";""
"202200017946";"782 074";"A01";"1";"7";"6";"0";"8";"0";"1";""
"202200017947";"782 072";"B01";"3";"7";"14";"0";"2";"18";"1";""
"202200017947";"782 073";"A01";"3";"7";"14";"0";"2";"16";"1";""
"202200017948";"782 071";"A01";"1";"2";"0";"0";"0";"0";"1";""
"202200017949";"782 070";"A01";"1";"30";"16";"0";"0";"1";"1";""
"202200017950";"782 068";"A01";"3";"7";"0";"2";"2";"16";"1";""
"202200017950";"782 069";"B01";"3";"2";"0";"2";"1";"12";"2";""
"202200017951";"782 067";"A01";"3";"2";"0";"0";"9";"1";"1";""
"202200017952";"782 062";"C01";"2";"7";"0";"2";"1";"1";"1";""
"202200017952";"782 064";"B01";"2";"7";"0";"2";"1";"9";"1";""
"202200017952";"782 066";"A01";"1";"31";"9";"2";"0";"9";"1";""
"202200017953";"782 063";"A01";"3";"7";"2";"2";"1";"13";"1";""
"202200017953";"782 065";"B01";"3";"7";"0";"2";"1";"1";"3";""
"202200017954";"782 059";"A01";"2";"10";"0";"2";"1";"2";"1";""
"202200017954";"782 060";"B01";"2";"7";"0";"2";"4";"2";"1";""
"202200017954";"782 061";"C01";"2";"33";"0";"2";"8";"3";"1";""
"202200017955";"782 056";"A01";"1";"10";"0";"2";"6";"11";"1";""
"202200017955";"782 058";"B01";"1";"33";"0";"2";"2";"3";"1";""
"202200017956";"782 055";"B01";"1";"7";"0";"2";"2";"1";"1";""
"202200017956";"782 057";"A01";"0";"7";"0";"2";"3";"16";"2";""
"202200017957";"782 054";"A01";"2";"33";"4";"0";"1";"13";"1";""
"202200017958";"782 052";"B01";"1";"7";"0";"2";"1";"1";"1";""
"202200017958";"782 053";"A01";"1";"7";"0";"2";"6";"26";"1";""
"202200017959";"782 049";"C01";"2";"7";"0";"2";"7";"1";"1";""
"202200017959";"782 050";"B01";"2";"7";"0";"2";"2";"1";"1";""
"202200017959";"782 051";"A01";"2";"7";"0";"2";"3";"13";"1";""
"202200017960";"782 048";"A01";"1";"7";"3";"0";"1";"1";"1";""
"202200017961";"782 044";"B01";"0";"7";"0";"2";"8";"15";"1";""
"202200017961";"782 047";"A01";"0";"7";"0";"2";"1";"1";"1";""
"202200017962";"782 043";"C01";"2";"7";"0";"2";"1";"1";"1";""
"202200017962";"782 045";"B01";"2";"33";"0";"2";"8";"1";"1";""
"202200017962";"782 046";"A01";"2";"7";"0";"2";"2";"14";"1";""
"202200017963";"782 042";"Y01";"1";"35";"0";"1";"0";"0";" -1";""
"202200017964";"782 040";"B01";"1";"7";"0";"2";"1";"9";"2";""
"202200017964";"782 041";"A01";"2";"31";"0";"2";"7";"1";"1";""
"202200017965";"782 038";"B01";"1";"7";"0";"2";"4";"0";"1";""
"202200017965";"782 039";"A01";"1";"33";"0";"2";"7";"1";"1";""
"202200017966";"782 037";"A01";"1";"7";"0";"1";"3";"1";"1";""
"202200017967";"782 034";"A01";"1";"7";"0";"2";"8";"9";"1";""
"202200017967";"782 036";"B01";"1";"7";"0";"2";"1";"1";"1";""
"202200017968";"782 033";"A01";"2";"32";"0";"2";"1";"2";"1";""
"202200017968";"782 035";"B01";"2";"10";"0";"2";"4";"4";"1";""
"202200017969";"782 030";"A01";"2";"33";"0";"2";"1";"17";"1";""
"202200017969";"782 031";"B01";"2";"7";"0";"2";"6";"15";"1";""
"202200017970";"782 029";"A01";"3";"7";"0";"2";"1";"9";"1";""
"202200017970";"782 032";"B01";"3";"30";"0";"2";"7";"1";"1";""
"202200017971";"782 026";"B01";"2";"32";"0";"2";"4";"23";"1";""
"202200017971";"782 028";"A01";"2";"7";"0";"2";"1";"2";"2";""
"202200017972";"782 025";"Z01";"0";"7";"0";"2";"2";"19";"0";""
"202200017972";"782 027";"A01";"0";"30";"0";"2";"3";"1";"1";""
"202200017973";"782 022";"B01";"1";"33";"0";"2";"1";"1";"1";""
"202200017973";"782 024";"A01";"2";"7";"0";"2";"2";"15";"1";""
"202200017974";"782 021";"B01";"1";"50";"0";"2";"0";"0";"3";""
"202200017974";"782 023";"A01";"1";"7";"0";"2";"1";"0";"1";""
"202200017975";"782 019";"A01";"1";"10";"0";"2";"6";"10";"3";""
"202200017975";"782 020";"B01";"1";"30";"0";"2";"3";"1";"1";""
"202200017976";"782 015";"A01";"3";"7";"0";"2";"1";"1";"1";""
"202200017976";"782 017";"B01";"3";"30";"0";"2";"3";"1";"1";""
"202200017977";"782 016";"B01";"3";"7";"0";"2";"2";"15";"0";""
"202200017977";"782 018";"A01";"3";"7";"0";"2";"1";"1";"1";""
"202200017978";"782 013";"A01";"2";"33";"11";"0";"1";"2";"1";""
"202200017979";"782 014";"Z01";"2";"50";"0";"1";"1";"1";"3";""
"202200017980";"782 012";"A01";"1";"7";"2";"0";"1";"2";"1";""
"202200017981";"782 011";"A01";"1";"7";"0";"1";"1";"1";"2";""
"202200017982";"782 010";"A01";"2";"32";"14";"0";"1";"13";"1";""
"202200017983";"782 008";"B01";"2";"50";"0";"2";"1";"1";"3";""
"202200017983";"782 009";"A01";"2";"10";"0";"2";"2";"16";"1";""
"202200017984";"782 004";"A01";"2";"7";"0";"2";"3";"2";"1";""
"202200017984";"782 006";"B01";"2";"30";"0";"2";"4";"23";"3";""
"202200017985";"782 003";"C01";"1";"3";"4";"0";"0";"0";"1";""
"202200017985";"782 005";"B01";"1";"3";"4";"0";"4";"0";"1";""
"202200017985";"782 007";"A01";"1";"7";"4";"2";"1";"9";"1";""
"202200017986";"782 001";"A01";"2";"1";"0";"2";"3";"13";"5";""
"202200017986";"782 002";"B01";"2";"43";"0";"2";"1";"1";"1";""
"202200017987";"782 000";"A01";"2";"7";"0";"1";"1";"1";"1";""
"202200017988";"781 998";"A01";"2";"1";"0";"2";"1";"15";"5";""
"202200017988";"781 999";"B01";"1";"30";"0";"2";"8";"1";"3";""
"202200017989";"781 997";"A01";"2";"7";"0";"1";"1";"1";"1";""
"202200017990";"781 995";"B01";"2";"10";"0";"2";"1";"1";"3";""
"202200017990";"781 996";"A01";"2";"10";"8";"2";"2";"1";"1";""
"202200017991";"781 993";"B01";"2";"10";"0";"2";"3";"1";"1";""
"202200017991";"781 994";"A01";"1";"7";"0";"2";"2";"1";"1";""
"202200017992";"781 991";"A01";"2";"7";"1";"2";"2";"1";"1";""
"202200017993";"781 988";"A01";"2";"33";"0";"2";"1";"17";"1";""
"202200017993";"781 990";"B01";"2";"7";"0";"2";"8";"15";"1";""
"202200017994";"781 984";"A01";"1";"7";"0";"2";"5";"4";"1";""
"202200017994";"781 985";"B01";"1";"7";"0";"2";"2";"1";"1";""
"202200017995";"781 986";"C01";"2";"7";"0";"2";"5";"14";"1";""
"202200017995";"781 987";"A01";"2";"33";"0";"2";"8";"3";"1";""
"202200017995";"781 989";"B01";"2";"7";"0";"2";"3";"1";"1";""
"202200017996";"781 982";"A01";"1";"7";"0";"2";"2";"12";"1";""
"202200017996";"781 983";"B01";"1";"32";"0";"2";"0";"2";"1";""
"202200017997";"781 981";"A01";"2";"1";"0";"1";"1";"7";"5";""
"202200017998";"781 979";"A01";"1";"1";"0";"2";"5";"15";"5";""
"202200017998";"781 980";"B01";"1";"99";"0";"2";"5";"2";"0";""
"202200017999";"781 977";"A01";"1";"7";"0";"2";"3";"10";"1";""
"202200017999";"781 978";"B01";"1";"31";"0";"2";"1";"1";"3";""
"202200018000";"781 976";"A01";"2";"7";"0";"1";"1";"1";"1";""
"202200018001";"781 975";"Z01";"0";"31";"0";"1";"1";"1";"1";""
"202200018002";"781 973";"A01";"2";"10";"0";"9";"2";"16";"1";""
"202200018002";"781 974";"B01";"3";"1";"0";"2";"6";"1";"5";""
"202200018003";"781 972";"A01";"2";"37";"12";"0";"2";"20";"1";"2"
"202200018004";"781 969";"A01";"2";"7";"0";"2";"2";"15";"1";""
"202200018004";"781 970";"C01";"1";"30";"0";"2";"8";"24";"1";""
"202200018004";"781 971";"B01";"1";"7";"1";"0";"8";"1";"1";""
"202200018005";"781 968";"A01";"1";"7";"9";"0";"1";"1";"1";""
"202200018006";"781 966";"B01";"1";"43";"0";"2";"1";"1";"1";""
"202200018006";"781 967";"A01";"2";"7";"0";"2";"2";"15";"1";""
"202200018007";"781 964";"A01";"2";"30";"0";"2";"1";"17";"1";""
"202200018007";"781 965";"B01";"2";"7";"0";"2";"3";"9";"1";""
"202200018008";"781 963";"A01";"1";"7";"0";"1";"4";"14";"2";""
"202200018009";"781 962";"A01";"1";"2";"0";"0";"7";"1";"3";""
"202200018010";"781 960";"B01";"2";"33";"0";"2";"4";"16";"3";""
"202200018010";"781 961";"A01";"2";"7";"0";"2";"1";"2";"1";""
"202200018011";"781 959";"A01";"2";"50";"14";"0";"1";"14";"3";""
"202200018012";"781 956";"B01";"1";"10";"14";"2";"1";"26";"1";""
"202200018012";"781 958";"A01";"1";"7";"0";"9";"4";"26";"0";""
"202200018013";"781 955";"A01";"1";"33";"0";"2";"7";"1";"1";""
"202200018013";"781 957";"Z01";"1";"7";"0";"2";"0";"18";"0";""
"202200018014";"781 952";"B01";"1";"32";"0";"2";"1";"1";"1";""
"202200018014";"781 954";"A01";"1";"7";"0";"2";"2";"15";"2";""
"202200018015";"781 951";"A01";"2";"7";"0";"2";"3";"1";"2";""
"202200018015";"781 953";"B01";"2";"1";"0";"2";"1";"7";"5";""
"202200018016";"781 950";"A01";"1";"7";"0";"1";"2";"1";"1";""
"202200018017";"781 948";"A01";"1";"30";"0";"2";"0";"13";"3";""
"202200018017";"781 949";"Z01";"1";"7";"0";"2";"2";"17";"0";""
"202200018018";"781 947";"A01";"2";"7";"0";"1";"2";"15";"0";""
"202200018019";"781 946";"A01";"2";"50";"0";"0";"1";"21";"3";""
"202200018020";"781 944";"B01";"1";"2";"0";"2";"8";"2";"1";""
"202200018020";"781 945";"A01";"1";"7";"0";"2";"7";"12";"1";""
"202200018021";"781 942";"A01";"2";"34";"0";"1";"1";"1";"1";""
"202200018022";"781 943";"A01";"3";"33";"0";"1";"1";"17";"1";""
"202200018023";"781 939";"B01";"1";"7";"0";"2";"0";"2";"1";""
"202200018023";"781 941";"A01";"1";"7";"0";"2";"0";"1";"1";""
"202200018024";"781 938";"B01";"2";"7";"0";"2";"1";"1";"1";""
"202200018024";"781 940";"A01";"2";"7";"0";"2";"1";"1";"1";""
"202200018025";"781 936";"B01";"1";"7";"0";"2";"1";"1";"1";""
"202200018025";"781 937";"A01";"2";"7";"0";"2";"1";"1";"1";""
"202200018026";"781 933";"A01";"1";"10";"0";"2";"7";"1";"1";""
"202200018026";"781 935";"B01";"2";"7";"0";"2";"1";"0";"1";""
"202200018027";"781 932";"B01";"2";"7";"0";"2";"1";"1";"1";""
"202200018027";"781 934";"A01";"1";"7";"0";"2";"1";"13";"1";""
"202200018028";"781 928";"B01";"2";"7";"0";"2";"1";"1";"1";""
"202200018028";"781 930";"A01";"1";"7";"0";"2";"1";"13";"1";""
"202200018029";"781 929";"B01";"2";"7";"0";"0";"2";"2";"1";""
"202200018029";"781 931";"A01";"2";"99";"0";"2";"1";"15";"0";""
"202200018030";"781 925";"B01";"1";"21";"0";"0";"6";"2";"1";""
"202200018030";"781 927";"A01";"1";"31";"0";"2";"2";"2";"0";""
"202200018031";"781 923";"A01";"1";"7";"13";"0";"7";"1";"1";""
"202200018032";"781 924";"B01";"1";"7";"0";"2";"4";"2";"1";""
"202200018032";"781 926";"A01";"1";"7";"0";"2";"1";"2";"1";""
"202200018033";"781 922";"A01";"2";"7";"2";"9";"1";"1";"1";""
"202200018034";"781 920";"B01";"1";"7";"0";"2";"3";"1";"1";""
"202200018034";"781 921";"A01";"2";"33";"0";"2";"1";"13";"1";""
"202200018035";"781 918";"B01";"2";"30";"0";"2";"1";"17";"1";""
"202200018035";"781 919";"A01";"1";"30";"0";"2";"1";"17";"0";""
"202200018036";"781 916";"A01";"3";"2";"0";"2";"0";"0";"1";""
"202200018036";"781 917";"B01";"3";"7";"0";"2";"3";"1";"1";""
"202200018037";"781 915";"A01";"0";"7";"0";"1";"2";"17";"1";""
"202200018038";"781 913";"A01";"1";"30";"0";"2";"1";"2";"1";""
"202200018038";"781 914";"B01";"1";"7";"0";"2";"8";"15";"2";""
"202200018039";"781 912";"A01";"1";"10";"0";"0";"9";"1";"1";""
"202200018040";"781 910";"B01";"2";"7";"0";"2";"1";"1";"1";""
"202200018040";"781 911";"A01";"1";"7";"0";"2";"1";"13";"1";""
"202200018041";"781 908";"B01";"2";"32";"0";"2";"1";"17";"1";""
"202200018041";"781 909";"A01";"1";"7";"0";"2";"1";"15";"1";""
"202200018042";"781 906";"B01";"2";"33";"0";"2";"1";"1";"1";""
"202200018042";"781 907";"A01";"2";"7";"0";"2";"2";"10";"1";""
"202200018043";"781 904";"B01";"3";"30";"0";"2";"1";"1";"1";""
"202200018043";"781 905";"A01";"3";"10";"0";"2";"3";"1";"1";""
"202200018044";"781 902";"B01";"1";"7";"0";"2";"6";"23";"1";""
"202200018044";"781 903";"A01";"1";"7";"0";"2";"2";"23";"1";""
"202200018045";"781 900";"B01";"3";"7";"0";"2";"8";"23";"1";""
"202200018045";"781 901";"A01";"2";"7";"0";"2";"1";"16";"1";""
"202200018046";"781 899";"Z01";"3";"7";"0";"1";"8";"4";"0";""
"202200018047";"781 896";"C01";"1";"7";"0";"2";"4";"23";"1";""
"202200018047";"781 897";"B01";"1";"7";"0";"2";"4";"23";"1";""
"202200018047";"781 898";"A01";"1";"7";"0";"2";"1";"2";"1";""
"202200018048";"781 894";"A01";"3";"7";"0";"2";"3";"15";"1";""
"202200018048";"781 895";"B01";"3";"2";"0";"2";"1";"1";"1";""
"202200018049";"781 887";"C01";"3";"7";"0";"2";"6";"23";"1";""
"202200018049";"781 888";"B01";"3";"7";"0";"2";"3";"1";"1";""
"202200018049";"781 889";"A01";"3";"7";"0";"2";"3";"2";"1";""
"202200018050";"781 886";"A01";"1";"10";"0";"1";"6";"4";"1";""
"202200018051";"781 884";"A01";"1";"7";"0";"2";"1";"17";"1";""
"202200018051";"781 885";"B01";"1";"7";"0";"2";"6";"15";"1";""
"202200018052";"781 882";"B01";"1";"30";"0";"2";"1";"1";"1";""
"202200018052";"781 883";"A01";"2";"7";"0";"2";"8";"15";"1";""
"202200018053";"781 881";"A01";"1";"7";"0";"1";"7";"1";"1";""
"202200018054";"781 879";"B01";"2";"2";"0";"2";"8";"2";"1";""
"202200018054";"781 880";"A01";"2";"30";"0";"2";"7";"2";"1";""
"202200018055";"781 877";"B01";"1";"7";"0";"2";"8";"1";"1";""
"202200018055";"781 878";"A01";"3";"7";"0";"2";"1";"1";"1";""
"202200018056";"781 876";"A01";"1";"2";"0";"2";"6";"12";"1";""
"202200018057";"781 875";"A01";"2";"7";"0";"1";"2";"1";"1";""
"202200018058";"781 873";"B01";"3";"7";"0";"2";"3";"15";"1";""
"202200018058";"781 874";"A01";"3";"43";"0";"2";"3";"17";"1";""
"202200018059";"781 869";"A01";"1";"7";"1";"0";"1";"9";"1";""
"202200018060";"781 867";"A01";"1";"7";"0";"2";"5";"16";"1";""