"Num_Acc";"id_vehicule";"num_veh";"senc";"catv";"obs";"obsm";"choc";"manv";"motor";"occutc"
"202200018060";"781 868";"B01";"1";"80";"0";"2";"1";"26";"3";""
"202200018061";"781 865";"A01";"1";"7";"0";"2";"2";"1";"1";""
"202200018061";"781 866";"B01";"1";"1";"0";"2";"8";"15";"5";""
"202200018062";"781 864";"A01";"3";"7";"0";"1";"1";"9";"1";""
"202200018063";"781 862";"B01";"3";"2";"0";"2";"8";"1";"1";""
"202200018063";"781 863";"A01";"3";"7";"0";"2";"1";"15";"1";""
"202200018064";"781 861";"A01";"1";"30";"8";"0";"1";"14";"1";""
"202200018065";"781 860";"A01";"3";"10";"0";"1";"4";"4";"1";""
"202200018066";"781 858";"A01";"1";"7";"0";"2";"2";"1";"1";""
"202200018066";"781 859";"B01";"2";"7";"0";"2";"3";"1";"1";""
"202200018067";"781 856";"B01";"1";"3";"1";"0";"0";"2";"1";""
"202200018067";"781 857";"A01";"1";"3";"0";"2";"3";"20";"1";""
"202200018068";"781 854";"A01";"1";"7";"1";"0";"3";"1";"0";""
"202200018069";"781 852";"B01";"3";"33";"0";"2";"1";"1";"0";""
"202200018069";"781 853";"A01";"3";"7";"0";"2";"1";"11";"1";""
"202200018070";"781 851";"A01";"2";"7";"1";"0";"3";"1";"1";""
"202200018071";"781 850";"A01";"3";"7";"0";"1";"3";"1";"1";""
"202200018072";"781 848";"A01";"2";"33";"0";"2";"3";"2";"1";""
"202200018072";"781 849";"B01";"2";"7";"0";"2";"3";"15";"1";""
"202200018073";"781 844";"C01";"2";"7";"0";"9";"0";"2";"1";""
"202200018073";"781 845";"D01";"2";"2";"0";"0";"0";"0";"1";""
"202200018073";"781 846";"A01";"2";"7";"0";"2";"1";"2";"6";""
"202200018073";"781 847";"B01";"2";"10";"0";"2";"1";"2";"6";""
"202200018074";"781 842";"B01";"1";"7";"0";"2";"5";"2";"2";""
"202200018074";"781 843";"A01";"1";"34";"0";"2";"1";"2";"1";""
"202200018075";"781 840";"B01";"2";"7";"0";"2";"4";"2";"1";""
"202200018075";"781 841";"A01";"2";"7";"0";"2";"1";"2";"1";""
"202200018076";"781 838";"B01";"2";"7";"0";"2";"4";"2";"1";""
"202200018076";"781 839";"A01";"2";"31";"0";"2";"1";"2";"1";""
"202200018077";"781 837";"A01";"3";"14";"0";"1";"6";"20";"1";""
"202200018078";"781 835";"B01";"2";"7";"0";"2";"0";"2";"2";""
"202200018078";"781 836";"A01";"2";"30";"0";"2";"4";"2";"3";""
"202200018079";"781 834";"A01";"1";"7";"0";"1";"4";"4";"1";""
"202200018080";"781 832";"B01";"3";"1";"0";"2";"2";"1";"5";""
"202200018080";"781 833";"A01";"3";"7";"0";"2";"3";"1";"1";""
"202200018081";"781 830";"Z01";"1";"7";"0";"2";"8";"22";"0";""
"202200018081";"781 831";"B01";"1";"2";"0";"2";"1";"1";"1";""
"202200018082";"781 828";"B01";"3";"7";"0";"0";"0";"2";"1";""
"202200018082";"781 829";"A01";"3";"33";"0";"0";"0";"2";"1";""
"202200018083";"781 827";"A01";"1";"7";"0";"1";"1";"5";"1";""
"202200018084";"781 825";"A01";"2";"1";"0";"2";"1";"1";"5";""
"202200018084";"781 826";"Z01";"1";"7";"0";"2";"7";"15";"0";""
"202200018085";"781 823";"B01";"1";"7";"0";"2";"4";"1";"2";""
"202200018085";"781 824";"A01";"1";"33";"0";"2";"1";"11";"1";""
"202200018086";"781 821";"A01";"2";"1";"0";"2";"3";"21";"5";""
"202200018086";"781 822";"B01";"2";"80";"0";"2";"1";"1";"3";""
"202200018087";"781 817";"B01";"2";"7";"0";"2";"1";"1";"1";""
"202200018087";"781 818";"A01";"1";"1";"0";"2";"7";"1";"5";""
"202200018088";"781 816";"A01";"2";"33";"0";"1";"1";"17";"1";""
"202200018089";"781 815";"A01";"2";"7";"0";"1";"7";"16";"1";""
"202200018090";"781 813";"B01";"2";"7";"0";"2";"4";"2";"1";""
"202200018090";"781 814";"A01";"2";"1";"0";"2";"1";"2";"5";""
"202200018091";"781 811";"A01";"1";"7";"0";"2";"3";"0";"1";""
"202200018091";"781 812";"B01";"1";"34";"0";"2";"6";"0";"1";""
"202200018092";"781 809";"A01";"1";"1";"0";"2";"8";"1";"5";""
"202200018092";"781 810";"B01";"3";"7";"0";"2";"1";"26";"0";""
"202200018093";"781 807";"A01";"0";"7";"0";"2";"2";"15";"1";""
"202200018093";"781 808";"B01";"3";"7";"0";"2";"3";"1";"1";""
"202200018094";"781 805";"B01";"1";"7";"0";"2";"1";"16";"0";""
"202200018094";"781 806";"A01";"1";"33";"0";"2";"1";"1";"0";""
"202200018095";"781 803";"A01";"3";"7";"0";"2";"3";"24";"1";""
"202200018095";"781 804";"B01";"0";"1";"1";"0";"1";"1";"5";""
"202200018096";"781 801";"A01";"0";"7";"0";"2";"2";"15";"1";""
"202200018096";"781 802";"B01";"0";"30";"0";"2";"8";"26";"1";""
"202200018097";"781 799";"B01";"3";"1";"0";"2";"0";"0";"5";""
"202200018097";"781 800";"A01";"3";"7";"0";"2";"1";"0";"0";""
"202200018098";"781 797";"A01";"1";"7";"0";"2";"1";"17";"1";""
"202200018098";"781 798";"B01";"1";"1";"0";"2";"8";"15";"5";""
"202200018099";"781 796";"A01";"2";"33";"13";"0";"1";"1";"1";""
"202200018100";"781 795";"A01";"3";"31";"12";"0";"1";"1";"1";""
"202200018101";"781 794";"A01";"1";"10";"8";"0";"2";"1";"1";""
"202200018102";"781 792";"A01";"2";"7";"0";"2";"3";"1";"1";""
"202200018102";"781 793";"B01";"1";"7";"0";"2";"3";"1";"1";""
"202200018103";"781 791";"A01";"2";"10";"4";"0";"0";"17";"1";""
"202200018104";"781 788";"C01";"1";"7";"0";"2";"1";"1";"1";""
"202200018104";"781 789";"A01";"2";"7";"0";"2";"6";"0";"0";""
"202200018104";"781 790";"B01";"2";"7";"0";"2";"1";"13";"1";""
"202200018105";"781 787";"A01";"2";"33";"0";"6";"1";"21";"1";""
"202200018106";"781 786";"A01";"2";"15";"3";"0";"7";"1";"1";""
"202200018107";"781 784";"A01";"2";"7";"0";"2";"3";"0";"1";""
"202200018107";"781 785";"B01";"2";"80";"0";"2";"4";"0";"3";""
"202200018108";"781 782";"A01";"1";"7";"0";"2";"1";"1";"1";""
"202200018108";"781 783";"B01";"2";"7";"0";"2";"3";"9";"1";""
"202200018109";"781 780";"A01";"1";"43";"0";"2";"1";"17";"1";""
"202200018109";"781 781";"B01";"2";"7";"0";"9";"1";"2";"1";""
"202200018110";"781 779";"A01";"3";"2";"0";"0";"0";"1";"0";""
"202200018111";"781 778";"A01";"1";"2";"12";"0";"0";"1";"1";""
"202200018112";"781 776";"B01";"1";"7";"0";"2";"1";"1";"1";""
"202200018112";"781 777";"A01";"2";"7";"0";"2";"6";"1";"1";""
"202200018113";"781 774";"A01";"3";"33";"12";"9";"3";"6";"1";""
"202200018113";"781 775";"B01";"3";"7";"0";"9";"3";"26";"1";""
"202200018114";"781 773";"A01";"1";"7";"0";"1";"0";"1";"1";""
"202200018115";"781 771";"A01";"1";"7";"0";"2";"3";"1";"1";""
"202200018115";"781 772";"B01";"1";"33";"0";"2";"2";"1";"1";""
"202200018116";"781 769";"B01";"1";"7";"0";"2";"1";"1";"1";""
"202200018116";"781 770";"A01";"2";"7";"3";"2";"1";"1";"1";""
"202200018117";"781 766";"A01";"2";"7";"3";"2";"4";"2";"1";""
"202200018117";"781 767";"B01";"2";"7";"0";"2";"4";"2";"1";""
"202200018117";"781 768";"C01";"2";"7";"0";"2";"1";"2";"1";""
"202200018118";"781 764";"B01";"1";"13";"0";"2";"1";"1";"1";""
"202200018118";"781 765";"A01";"1";"7";"0";"2";"8";"9";"1";""
"202200018119";"781 761";"B01";"2";"2";"0";"2";"1";"1";"1";""
"202200018119";"781 762";"A01";"1";"7";"0";"2";"3";"19";"1";""
"202200018120";"781 760";"A01";"2";"7";"15";"0";"2";"1";"1";""
"202200018121";"781 758";"A01";"2";"7";"0";"2";"3";"1";"1";""
"202200018121";"781 759";"B01";"1";"30";"0";"2";"1";"1";"1";""
"202200018122";"781 757";"A01";"1";"7";"0";"1";"1";"1";"1";""
"202200018123";"781 755";"B01";"1";"7";"0";"2";"1";"1";"1";""
"202200018123";"781 756";"A01";"3";"7";"0";"2";"1";"13";"1";""
"202200018124";"781 754";"A01";"3";"7";"9";"1";"3";"1";"1";""
"202200018125";"781 753";"A01";"2";"7";"0";"1";"1";"1";"1";""
"202200018126";"781 751";"B01";"2";"7";"0";"2";"1";"1";"1";""
"202200018126";"781 752";"A01";"1";"7";"0";"2";"2";"15";"1";""
"202200018127";"781 750";"A01";"1";"7";"15";"0";"1";"13";"1";""
"202200018128";"781 748";"B01";"2";"34";"0";"2";"1";"1";"1";""
"202200018128";"781 749";"A01";"1";"7";"0";"2";"1";"15";"1";""
"202200018129";"781 746";"B01";"2";"7";"0";"0";"4";"2";"1";""
"202200018129";"781 747";"A01";"2";"7";"0";"2";"1";"2";"1";""
"202200018130";"781 745";"A01";"1";"2";"0";"0";"0";"26";"1";""
"202200018131";"781 744";"A01";"1";"7";"0";"1";"2";"1";"1";""
"202200018132";"781 740";"B01";"1";"10";"0";"2";"5";"26";"1";""
"202200018132";"781 741";"A01";"1";"43";"16";"2";"1";"1";"1";""
"202200018133";"781 739";"A01";"2";"7";"0";"0";"7";"0";"0";""
"202200018134";"781 738";"A01";"2";"7";"8";"0";"1";"1";"1";""
"202200018135";"781 736";"A01";"1";"7";"0";"2";"1";"13";"1";""
"202200018135";"781 737";"B01";"2";"7";"0";"2";"1";"1";"1";""
"202200018136";"781 734";"A01";"1";"7";"0";"0";"3";"9";"1";""
"202200018136";"781 735";"B01";"1";"33";"0";"0";"1";"1";"1";""
"202200018137";"781 732";"A01";"2";"15";"0";"2";"3";"1";"1";""
"202200018137";"781 733";"B01";"1";"7";"0";"2";"3";"13";"1";""
"202200018138";"781 731";"A01";"3";"2";"0";"0";"0";"1";"1";""
"202200018139";"781 729";"A01";"2";"7";"0";"2";"6";"1";"1";""
"202200018139";"781 730";"B01";"2";"7";"0";"2";"2";"14";"1";""
"202200018140";"781 721";"A01";"1";"7";"0";"2";"1";"1";"2";""
"202200018140";"781 722";"B01";"1";"7";"0";"2";"4";"1";"1";""
"202200018140";"781 723";"C01";"1";"7";"0";"2";"4";"1";"1";""
"202200018140";"781 724";"Z01";"1";"7";"0";"0";"0";"1";"1";""
"202200018140";"781 725";"E01";"1";"7";"0";"2";"4";"1";"1";""
"202200018140";"781 726";"F01";"1";"7";"0";"2";"4";"1";"1";""
"202200018140";"781 727";"G01";"1";"7";"0";"2";"3";"21";"1";""
"202200018141";"781 719";"B01";"2";"7";"0";"2";"6";"1";"1";""
"202200018141";"781 720";"A01";"2";"10";"0";"2";"2";"14";"1";""
"202200018142";"781 716";"A01";"1";"7";"4";"2";"2";"2";"1";""
"202200018142";"781 717";"B01";"1";"7";"4";"2";"2";"2";"1";""
"202200018142";"781 718";"C01";"1";"7";"4";"2";"6";"2";"1";""
"202200018143";"781 715";"A01";"1";"7";"4";"0";"2";"1";"1";""
"202200018144";"781 713";"A01";"1";"7";"0";"2";"1";"11";"1";""
"202200018144";"781 714";"B01";"1";"7";"0";"2";"4";"2";"1";""
"202200018145";"781 711";"A01";"1";"7";"0";"2";"2";"1";"1";""
"202200018145";"781 712";"B01";"1";"7";"0";"2";"6";"11";"1";""
"202200018146";"781 709";"A01";"2";"33";"0";"2";"1";"12";"1";""
"202200018146";"781 710";"B01";"2";"7";"0";"2";"4";"23";"1";""
"202200018147";"781 707";"A01";"2";"7";"0";"2";"1";"1";"1";""
"202200018147";"781 708";"B01";"2";"7";"0";"2";"4";"2";"1";""
"202200018148";"781 706";"A01";"2";"3";"4";"0";"1";"13";"1";""
"202200018149";"781 703";"A01";"2";"7";"0";"2";"5";"2";"1";""
"202200018149";"781 704";"B01";"2";"7";"0";"2";"8";"2";"1";""
"202200018149";"781 705";"Z01";"2";"7";"0";"2";"0";"0";"0";""
"202200018150";"781 700";"A01";"1";"10";"0";"2";"4";"2";"1";""
"202200018150";"781 701";"B01";"1";"7";"0";"2";"4";"2";"1";""
"202200018150";"781 702";"C01";"1";"7";"0";"2";"1";"0";"1";""
"202200018151";"781 699";"A01";"1";"10";"6";"0";"3";"13";"1";""
"202200018152";"781 697";"A01";"1";"33";"0";"2";"6";"17";"1";""
"202200018152";"781 698";"B01";"2";"7";"0";"2";"8";"15";"1";""
"202200018153";"781 696";"A01";"1";"7";"0";"1";"3";"16";"1";""
"202200018154";"781 695";"A01";"1";"33";"0";"2";"7";"21";"1";""
"202200018155";"781 694";"A01";"1";"7";"0";"1";"8";"15";"1";""
"202200018156";"781 692";"A01";"3";"2";"0";"2";"1";"1";"3";""
"202200018156";"781 693";"B01";"3";"7";"0";"2";"3";"1";"1";""
"202200018157";"781 691";"A01";"2";"2";"0";"1";"1";"1";"1";""
"202200018158";"781 689";"A01";"1";"7";"0";"2";"5";"14";"1";""
"202200018158";"781 690";"B01";"1";"2";"0";"2";"1";"1";"1";""
"202200018159";"781 688";"A01";"1";"30";"0";"0";"0";"1";"0";""
"202200018160";"781 686";"B01";"2";"7";"0";"2";"4";"9";"1";""
"202200018160";"781 687";"A01";"2";"7";"0";"2";"1";"11";"1";""
"202200018161";"781 684";"B01";"1";"33";"0";"2";"0";"0";"1";""
"202200018161";"781 685";"A01";"1";"7";"0";"2";"1";"5";"1";""
"202200018162";"781 683";"A01";"2";"7";"0";"1";"1";"17";"2";""
"202200018163";"781 681";"A01";"1";"7";"0";"2";"1";"2";"1";""
"202200018163";"781 682";"B01";"1";"7";"0";"2";"4";"2";"3";""
"202200018164";"781 678";"C01";"2";"7";"0";"2";"4";"1";"1";""
"202200018164";"781 679";"B01";"2";"7";"0";"2";"6";"2";"1";""
"202200018164";"781 680";"A01";"2";"33";"0";"2";"1";"17";"1";""
"202200018165";"781 676";"A01";"1";"10";"0";"2";"3";"9";"1";""
"202200018165";"781 677";"B01";"3";"33";"0";"2";"5";"1";"1";""
"202200018166";"781 675";"A01";"1";"14";"0";"1";"1";"1";"1";""
"202200018167";"781 672";"B01";"1";"7";"0";"2";"8";"15";"1";""
"202200018167";"781 673";"A01";"1";"33";"0";"2";"1";"17";"1";""
"202200018168";"781 670";"B01";"1";"7";"0";"2";"1";"1";"1";""
"202200018168";"781 671";"A01";"3";"7";"0";"2";"8";"19";"1";""
"202200018169";"781 669";"A01";"1";"7";"0";"1";"8";"1";"1";""
"202200018170";"781 667";"B01";"3";"50";"0";"9";"1";"0";"3";""
"202200018170";"781 668";"A01";"3";"1";"0";"2";"1";"0";"5";""
"202200018171";"781 664";"C01";"1";"7";"0";"2";"4";"1";"1";""
"202200018171";"781 665";"A01";"1";"7";"0";"2";"1";"1";"1";""
"202200018171";"781 666";"B01";"1";"7";"0";"2";"4";"1";"1";""
"202200018172";"781 663";"A01";"0";"30";"12";"0";"1";"1";"1";""
"202200018173";"781 661";"B01";"1";"7";"0";"2";"4";"2";"1";""
"202200018173";"781 662";"A01";"1";"7";"0";"2";"1";"2";"1";""
"202200018174";"781 659";"B01";"2";"31";"0";"2";"1";"1";"1";""
"202200018174";"781 660";"A01";"2";"10";"0";"2";"8";"16";"1";""
"202200018175";"781 656";"A01";"2";"7";"0";"2";"1";"2";"1";""
"202200018175";"781 657";"B01";"2";"7";"1";"2";"1";"2";"1";""
"202200018175";"781 658";"C01";"2";"7";"0";"2";"0";"0";"1";""
"202200018176";"781 654";"A01";"3";"32";"4";"2";"1";"11";"1";""
"202200018176";"781 655";"B01";"1";"7";"4";"2";"6";"1";"1";""
"202200018177";"781 652";"B01";"3";"1";"0";"2";"5";"1";"5";""
"202200018177";"781 653";"A01";"3";"7";"0";"2";"5";"9";"1";""
"202200018178";"781 650";"A01";"3";"7";"0";"2";"5";"15";"1";""
"202200018178";"781 651";"B01";"3";"50";"0";"2";"1";"1";"3";""
"202200018179";"781 649";"A01";"3";"32";"0";"0";"7";"1";"1";""
"202200018180";"781 647";"A01";"1";"7";"0";"2";"3";"26";"1";""
"202200018180";"781 648";"B01";"2";"7";"0";"2";"2";"26";"1";""
"202200018181";"781 645";"A01";"2";"7";"0";"2";"1";"5";"1";""
"202200018181";"781 646";"B01";"1";"7";"0";"2";"1";"5";"1";""
"202200018182";"781 643";"A01";"3";"7";"1";"0";"1";"13";"1";""
"202200018182";"781 644";"B01";"2";"2";"0";"2";"1";"1";"3";""
"202200018183";"781 642";"A01";"3";"33";"12";"0";"1";"1";"1";""
"202200018184";"781 640";"B01";"3";"2";"0";"2";"1";"1";"1";""
"202200018184";"781 641";"A01";"3";"7";"0";"2";"3";"0";"1";""
"202200018185";"781 638";"A01";"1";"7";"0";"2";"1";"26";"1";""
"202200018185";"781 639";"B01";"0";"33";"0";"2";"3";"21";"1";""
"202200018186";"781 636";"B01";"1";"2";"0";"2";"1";"1";"1";""
"202200018186";"781 637";"A01";"2";"7";"0";"2";"7";"15";"1";""
"202200018187";"781 634";"A01";"2";"7";"0";"2";"1";"5";"1";""
"202200018187";"781 635";"B01";"1";"7";"0";"2";"1";"1";"1";""
"202200018188";"781 633";"A01";"0";"30";"12";"0";"2";"1";"1";""
"202200018189";"781 631";"B01";"0";"99";"0";"2";"8";"26";"0";""
"202200018189";"781 632";"A01";"0";"7";"0";"2";"8";"9";"1";""
"202200018190";"781 629";"B01";"2";"7";"0";"2";"5";"23";"1";""
"202200018190";"781 630";"A01";"2";"7";"1";"0";"3";"9";"1";""
"202200018191";"781 627";"A01";"1";"7";"0";"2";"5";"1";"1";""
"202200018191";"781 628";"B01";"1";"1";"0";"2";"1";"1";"5";""
"202200018192";"781 625";"A01";"0";"7";"0";"2";"9";"26";"1";""
"202200018192";"781 626";"B01";"0";"7";"0";"2";"3";"0";"1";""
"202200018193";"781 623";"A01";"3";"7";"0";"2";"3";"9";"1";""
"202200018193";"781 624";"B01";"3";"50";"0";"2";"1";"1";"3";""
"202200018194";"781 620";"C01";"3";"7";"0";"2";"1";"9";"1";""
"202200018194";"781 621";"B01";"3";"31";"0";"2";"4";"2";"1";""
"202200018194";"781 622";"A01";"3";"7";"0";"2";"1";"1";"1";""
"202200018195";"781 619";"A01";"1";"7";"0";"0";"2";"13";"1";""
"202200018196";"781 617";"A01";"1";"33";"0";"2";"3";"3";"1";""
"202200018196";"781 618";"B01";"1";"7";"0";"2";"5";"2";"1";""
"202200018197";"781 615";"A01";"1";"7";"0";"1";"1";"16";"2";""
"202200018198";"781 613";"B01";"3";"50";"0";"2";"1";"1";"3";""
"202200018198";"781 614";"A01";"3";"7";"0";"2";"2";"15";"1";""
"202200018199";"781 611";"A01";"1";"1";"0";"2";"1";"2";"5";""
"202200018199";"781 612";"B01";"1";"7";"0";"2";"4";"2";"1";""
"202200018200";"781 609";"B01";"1";"10";"0";"2";"6";"15";"1";""
"202200018200";"781 610";"A01";"1";"32";"0";"2";"2";"17";"1";""
"202200018201";"781 607";"B01";"3";"33";"0";"2";"1";"1";"1";""
"202200018201";"781 608";"A01";"3";"7";"0";"2";"2";"15";"1";""
"202200018202";"781 605";"A01";"2";"30";"0";"2";"2";"1";"1";""
"202200018202";"781 606";"Z01";"1";"7";"0";"2";"0";"9";"0";""
"202200018203";"781 604";"A01";"1";"43";"0";"0";"0";"21";"1";""
"202200018204";"781 602";"A01";"1";"7";"4";"2";"6";"21";"2";""
"202200018204";"781 603";"B01";"1";"33";"0";"2";"2";"1";"1";""
"202200018205";"781 600";"A01";"1";"1";"0";"2";"1";"1";"5";""
"202200018205";"781 601";"B01";"1";"7";"0";"2";"6";"15";"1";""
"202200018206";"781 599";"A01";"2";"33";"0";"1";"1";"1";"1";""
"202200018207";"781 598";"A01";"3";"7";"0";"1";"4";"4";"1";""
"202200018208";"781 596";"B01";"1";"1";"0";"2";"1";"1";"5";""
"202200018208";"781 597";"A01";"2";"7";"0";"2";"3";"1";"1";""
"202200018209";"781 594";"A01";"1";"30";"0";"2";"1";"1";"1";""
"202200018209";"781 595";"B01";"0";"7";"15";"0";"1";"15";"1";""
"202200018210";"781 593";"A01";"2";"32";"1";"1";"1";"1";"1";""
"202200018211";"781 591";"B01";"1";"7";"0";"0";"2";"2";"3";""
"202200018211";"781 592";"A01";"1";"7";"9";"2";"2";"14";"1";""
"202200018212";"781 589";"A01";"1";"7";"0";"2";"3";"1";"1";""
"202200018212";"781 590";"B01";"1";"33";"0";"2";"1";"1";"1";""
"202200018213";"781 588";"A01";"0";"10";"0";"2";"1";"13";"1";""
"202200018214";"781 587";"A01";"2";"7";"0";"1";"3";"1";"1";""
"202200018215";"781 585";"B01";"1";"43";"0";"2";"1";"0";"1";""
"202200018215";"781 586";"A01";"1";"7";"0";"2";"4";"0";"1";""
"202200018216";"781 583";"B01";"1";"7";"0";"2";"8";"1";"1";""
"202200018216";"781 584";"A01";"1";"7";"0";"2";"1";"15";"1";""
"202200018217";"781 581";"B01";"3";"1";"0";"0";"0";"21";"5";""
"202200018217";"781 582";"A01";"3";"1";"0";"0";"0";"21";"5";""
"202200018218";"781 579";"B01";"2";"7";"14";"2";"3";"23";"1";""
"202200018218";"781 580";"A01";"2";"30";"1";"0";"4";"1";"1";""
"202200018219";"781 578";"A01";"3";"7";"0";"1";"0";"5";"1";""
"202200018220";"781 577";"A01";"3";"32";"8";"0";"2";"14";"1";""
"202200018221";"781 575";"A01";"1";"1";"0";"2";"7";"15";"5";""
"202200018221";"781 576";"B01";"1";"7";"0";"2";"3";"15";"1";""
"202200018222";"781 573";"A01";"2";"7";"0";"2";"1";"0";"1";""
"202200018222";"781 574";"B01";"2";"7";"0";"2";"4";"0";"1";""
"202200018223";"781 570";"A01";"2";"10";"0";"9";"2";"2";"1";""
"202200018223";"781 571";"B01";"2";"80";"0";"0";"4";"2";"3";""
"202200018223";"781 572";"C01";"2";"80";"0";"2";"4";"2";"3";""
"202200018224";"781 569";"A01";"3";"7";"0";"1";"1";"1";"1";""
"202200018225";"781 567";"B01";"3";"7";"0";"2";"2";"1";"1";""
"202200018225";"781 568";"A01";"3";"7";"0";"2";"1";"9";"1";""
"202200018226";"781 566";"A01";"2";"7";"0";"1";"2";"1";"1";""
"202200018227";"781 564";"B01";"1";"7";"0";"2";"4";"23";"1";""
"202200018227";"781 565";"A01";"1";"7";"0";"2";"1";"2";"1";""
"202200018228";"781 562";"B01";"1";"7";"0";"2";"1";"1";"1";""
"202200018228";"781 563";"A01";"2";"1";"0";"2";"1";"1";"5";""
"202200018229";"781 560";"B01";"2";"32";"0";"2";"9";"1";"1";""
"202200018229";"781 561";"A01";"1";"7";"0";"2";"1";"15";"1";""
"202200018230";"781 558";"B01";"2";"30";"0";"2";"1";"1";"1";""
"202200018230";"781 559";"A01";"3";"7";"0";"2";"3";"9";"1";""
"202200018231";"781 557";"A01";"0";"1";"16";"0";"0";"1";"5";""
"202200018232";"781 555";"B01";"0";"7";"0";"2";"1";"1";"1";""
"202200018232";"781 556";"A01";"3";"7";"0";"2";"3";"16";"1";""
"202200018233";"781 553";"A01";"0";"7";"0";"2";"3";"9";"0";""
"202200018233";"781 554";"B01";"0";"1";"0";"0";"1";"1";"5";""
"202200018234";"781 550";"C01";"0";"7";"0";"2";"4";"1";"1";""
"202200018234";"781 551";"B01";"0";"7";"0";"2";"4";"0";"1";""
"202200018234";"781 552";"A01";"0";"7";"0";"2";"1";"1";"1";""
"202200018235";"781 548";"A01";"1";"7";"0";"2";"6";"19";"1";""
"202200018235";"781 549";"B01";"2";"7";"0";"2";"2";"0";"1";""
"202200018236";"781 547";"A01";"1";"3";"1";"0";"1";"1";"1";""
"202200018237";"781 545";"B01";"2";"7";" -1";"2";"0";"1";"1";""
"202200018237";"781 546";"A01";"1";"50";"11";"2";"0";"0";"3";""
"202200018238";"781 543";"A01";"3";"7";"0";"2";"1";"1";"1";""
"202200018238";"781 544";"B01";"3";"7";"0";"2";"7";"1";"1";""
"202200018239";"781 541";"A01";"1";"7";"0";"2";"7";"9";"1";""
"202200018239";"781 542";"B01";"1";"7";"0";"2";"3";"0";"1";""
"202200018240";"781 540";"A01";"0";"33";"6";"0";"1";"15";"1";""
"202200018241";"781 538";"A01";"1";"7";"0";"2";"1";"15";"1";""
"202200018241";"781 539";"B01";"0";"33";"0";"2";"8";"1";"1";""
"202200018242";"781 536";"A01";"1";"32";"0";"2";"1";"17";"1";""
"202200018242";"781 537";"B01";"1";"7";"0";"2";"3";"19";"1";""
"202200018243";"781 534";"B01";"2";"2";"0";"2";"1";"1";"1";""
"202200018243";"781 535";"A01";"1";"7";"0";"2";"3";"23";"1";""
"202200018244";"781 533";"A01";"1";"7";"9";"0";"1";"15";"1";""
"202200018245";"781 531";"A01";"1";"7";"0";"2";"3";"16";"1";""
"202200018245";"781 532";"B01";"1";"7";"0";"2";"5";"0";"1";""
"202200018246";"781 529";"B01";"1";"1";"0";"0";"0";"0";"0";""
"202200018246";"781 530";"A01";"1";"10";"0";"2";"7";"15";"1";""
"202200018247";"781 528";"Z01";"1";"7";"0";"1";"3";"15";"0";""
"202200018248";"781 527";"A01";"1";"7";"0";"1";"1";"15";" -1";""
"202200018249";"781 524";"C01";"1";"7";"0";"9";"4";"1";"1";""
"202200018249";"781 525";"B01";"1";"7";"0";"2";"1";"1";"1";""
"202200018249";"781 526";"A01";"1";"10";"0";"2";"1";"1";"1";""
"202200018250";"781 523";"A01";"0";"34";"0";"1";"1";"17";"1";""
"202200018251";"781 522";"A01";"2";"7";"0";"1";"1";"1";"1";""
"202200018252";"781 521";"A01";"2";"10";"0";"1";"1";"14";"1";""
"202200018253";"781 520";"A01";"1";"7";"0";"1";"1";"15";"1";""
"202200018254";"781 519";"A01";"1";"7";"0";"1";"4";"20";"1";""
"202200018255";"781 517";"A01";"3";"7";"3";"2";"1";"1";"1";""
"202200018255";"781 518";"B01";"3";"7";"0";"2";"2";"15";"1";""
"202200018256";"781 515";"A01";"1";"7";"0";"2";"4";"16";"1";""
"202200018256";"781 516";"B01";"1";"32";"0";"2";"0";"2";"1";""
"202200018257";"781 513";"A01";"3";"31";"0";"2";"1";"1";"1";""
"202200018257";"781 514";"B01";"1";"7";"0";"0";"0";"0";"1";""
"202200018258";"781 510";"C01";"2";"7";"0";"0";"4";"2";"1";""
"202200018258";"781 511";"B01";"2";"7";"0";"2";"4";"2";"1";""
"202200018258";"781 512";"A01";"2";"7";"0";"2";"1";"21";"1";""
"202200018259";"781 508";"B01";"3";"7";"0";"2";"3";"1";"1";""
"202200018259";"781 509";"A01";"3";"1";"0";"2";"2";"7";"5";""
"202200018260";"781 506";"Z01";"2";"7";"0";"9";"1";"17";"0";""
"202200018260";"781 507";"B01";"2";"50";"0";"9";"4";"0";"3";""
"202200018261";"781 504";"A01";"2";"2";"0";"2";"2";"15";"1";""
"202200018261";"781 505";"Z01";"2";"7";"0";"2";"3";"1";"0";""
"202200018262";"781 503";"A01";"3";"7";"0";"1";"3";"1";"1";""
"202200018263";"781 501";"B01";"1";"7";"0";"2";"3";"15";"1";""
"202200018263";"781 502";"A01";"1";"2";"0";"2";"2";"17";"1";""
"202200018264";"781 499";"A01";"0";"10";"0";"2";"3";"1";"1";""
"202200018264";"781 500";"B01";"1";"50";"0";"2";"7";"0";"3";""
"202200018265";"781 497";"B01";"1";"1";"0";"2";"4";"1";"5";""
"202200018265";"781 498";"A01";"1";"7";"0";"2";"3";"2";"1";""
"202200018266";"781 495";"A01";"2";"30";"0";"1";"0";"0";"0";""
"202200018266";"781 496";"B01";"2";"7";"0";"2";"6";"23";"1";""
"202200018267";"781 493";"A01";"1";"31";"0";"2";"6";"1";"1";""
"202200018267";"781 494";"B01";"1";"33";"0";"2";"1";"1";"1";""