"Num_Acc";"id_vehicule";"num_veh";"senc";"catv";"obs";"obsm";"choc";"manv";"motor";"occutc"
"202200018268";"781 491";"B01";"1";"7";"0";"2";"4";"2";"1";""
"202200018268";"781 492";"A01";"1";"7";"0";"2";"1";"2";"1";""
"202200018269";"781 490";"A01";"3";"33";"0";"0";"7";"9";"1";""
"202200018270";"781 489";"A01";"1";"7";"0";"1";"2";"0";"1";""
"202200018271";"781 487";"B01";"2";"2";"0";"2";"1";"1";"1";""
"202200018271";"781 488";"A01";"2";"7";"0";"2";"2";"15";"1";""
"202200018272";"781 485";"A01";"1";"33";"14";"2";"1";"1";"1";""
"202200018272";"781 486";"B01";"1";"7";"0";"2";"4";"1";"0";""
"202200018273";"781 483";"B01";"1";"7";"0";"2";"1";"1";"1";""
"202200018273";"781 484";"A01";"1";"7";"0";"2";"2";"15";"1";""
"202200018274";"781 481";"A01";"1";"7";"0";"2";"5";"15";"1";""
"202200018274";"781 482";"B01";"1";"2";"0";"2";"5";"1";"1";""
"202200018275";"781 480";"Z01";"3";"7";"0";"1";"4";"26";"0";""
"202200018276";"781 479";"A01";"0";"33";"0";"1";"2";"14";"1";""
"202200018277";"781 475";"Z01";"1";"0";"0";"0";"0";"0";"0";""
"202200018277";"781 476";"B01";"1";"31";"0";"2";"8";"0";"1";""
"202200018278";"781 472";"C01";"1";"7";"0";"0";"0";"0";"1";""
"202200018278";"781 473";"B01";"1";"7";"0";"2";"9";"1";"1";""
"202200018278";"781 474";"A01";"1";"7";"0";"2";"9";"1";"1";""
"202200018279";"781 471";"A01";"1";"7";"0";"2";"6";"0";"1";""
"202200018280";"781 470";"A01";"1";"7";"1";"0";"2";"1";"1";""
"202200018281";"781 466";"D01";"2";"7";"0";"2";"4";"2";"1";""
"202200018281";"781 467";"C01";"2";"7";"0";"2";"4";"2";"1";""
"202200018281";"781 468";"B01";"1";"7";"0";"2";"4";"2";"1";""
"202200018281";"781 469";"A01";"2";"7";"0";"2";"1";"2";"1";""
"202200018282";"781 465";"A01";"1";"7";"0";"1";"1";"1";"1";""
"202200018283";"781 463";"B01";"1";"7";"0";"2";"2";"1";"1";""
"202200018283";"781 464";"A01";"3";"7";"0";"2";"7";"1";"1";""
"202200018284";"781 462";"A01";"3";"7";"0";"1";"1";"1";"1";""
"202200018285";"781 453";"B01";"1";"7";"0";"2";"3";"1";"1";""
"202200018285";"781 454";"A01";"1";"7";"0";"2";"5";"15";"1";""
"202200018286";"781 452";"A01";"1";"10";"0";"1";"2";"1";"1";""
"202200018287";"781 451";"A01";"3";"7";"0";"2";"1";"1";"1";""
"202200018288";"781 445";"B01";"1";"7";"0";"2";"8";"16";"1";""
"202200018288";"781 446";"C01";"1";"7";"15";"0";"1";"1";"1";""
"202200018288";"781 447";"A01";"1";"7";"0";"2";"2";"1";"1";""
"202200018289";"781 444";"A01";"3";"7";"0";"1";"1";"2";"2";""
"202200018290";"781 442";"A01";"3";"2";"0";"2";"1";"1";"1";""
"202200018290";"781 443";"B01";"3";"7";"0";"2";"4";"1";"1";""
"202200018291";"781 440";"B01";"2";"7";"0";"2";"1";"0";"1";""
"202200018291";"781 441";"A01";"2";"10";"0";"2";"1";"13";"1";""
"202200018292";"781 438";"A01";"1";"31";"0";"2";"1";"17";"1";""
"202200018292";"781 439";"B01";"1";"7";"0";"2";"6";"15";"1";""
"202200018293";"781 436";"B01";"2";"7";"0";"2";"4";"1";"1";""
"202200018293";"781 437";"A01";"2";"33";"0";"2";"1";"1";"1";""
"202200018294";"781 435";"A01";"2";"50";"1";"0";"1";"1";"3";""
"202200018295";"781 434";"A01";"2";"7";"0";"1";"1";"16";"1";""
"202200018296";"781 432";"B01";"1";"1";"0";"2";"7";"1";"5";""
"202200018296";"781 433";"A01";"2";"7";"0";"2";"2";"14";"1";""
"202200018297";"781 429";"A01";"1";"7";"1";"0";"2";"14";"1";""
"202200018298";"781 428";"A01";"3";"50";"0";"1";"1";"25";"3";""
"202200018299";"781 426";"A01";"1";"7";"0";"2";"1";"1";"0";""
"202200018299";"781 427";"B01";"1";"7";"0";"2";"4";"1";"0";""
"202200018300";"781 424";"B01";"0";"33";"0";"2";"3";"1";"0";""
"202200018300";"781 425";"A01";"0";"7";"0";"2";"3";"20";"0";""
"202200018301";"781 423";"A01";"0";"7";"0";"0";"0";"0";"1";""
"202200018302";"781 421";"A01";"1";"7";"0";"2";"1";"2";"1";""
"202200018302";"781 422";"B01";"1";"7";"0";"2";"4";"2";"1";""
"202200018303";"781 418";"Y01";"1";"1";"0";"2";"0";"0";"0";""
"202200018303";"781 420";"A01";"2";"7";"0";"2";"0";"15";"0";""
"202200018304";"781 415";"B01";"3";"7";"0";"2";"7";"15";"1";""
"202200018304";"781 417";"A01";"3";"7";"0";"2";"1";"1";"1";""
"202200018305";"781 413";"B01";"3";"50";"0";"2";"1";"9";"3";""
"202200018305";"781 414";"A01";"3";"7";"0";"2";"6";"9";"1";""
"202200018306";"781 411";"A01";"3";"31";"0";"0";"0";"1";"1";""
"202200018307";"781 410";"A01";"2";"7";"0";"1";"1";"1";"1";""
"202200018308";"781 408";"A01";"1";"2";"0";"2";"2";"9";"1";""
"202200018308";"781 409";"B01";"2";"7";"0";"2";"2";"0";"2";""
"202200018309";"781 407";"A01";"3";"7";"0";"2";"1";"0";"1";""
"202200018309";"781 412";"B01";"3";"10";"0";"2";"3";"0";"1";""
"202200018310";"781 405";"B01";"1";"2";"0";"2";"4";"1";"1";""
"202200018310";"781 406";"A01";"1";"7";"0";"2";"1";"2";"1";""
"202200018311";"781 402";"A01";"1";"31";"0";"2";"7";"15";"1";""
"202200018311";"781 404";"B01";"3";"7";"0";"2";"2";"19";"1";""
"202200018312";"781 399";"A01";"1";"2";"0";"2";"1";"1";"1";""
"202200018312";"781 401";"B01";"1";"7";"0";"2";"4";"23";"1";""
"202200018313";"781 398";"A01";"1";"80";"0";"2";"3";"1";"3";""
"202200018313";"781 400";"Z01";"2";"7";"0";"2";"0";"0";"1";""
"202200018314";"781 397";"A01";"1";"7";"2";"0";"1";"1";"1";""
"202200018315";"781 395";"A01";"1";"7";"1";"0";"1";"14";"1";""
"202200018316";"781 396";"A01";"2";"10";"0";"1";"1";"1";"0";""
"202200018317";"781 394";"A01";"1";"33";"6";"0";"1";"1";"1";""
"202200018318";"781 392";"A01";"1";"2";"0";"2";"1";"2";"1";""
"202200018318";"781 393";"B01";"2";"7";"0";"2";"5";"16";"1";""
"202200018319";"781 391";"A01";"1";"7";"0";"1";"3";"1";"1";""
"202200018320";"781 389";"A01";"1";"1";"0";"1";"1";"1";"5";""
"202200018321";"781 390";"A01";" -1";"7";"0";"1";"3";"1";"1";""
"202200018322";"781 386";"B01";"3";"7";"0";"2";"1";"1";"1";""
"202200018322";"781 388";"A01";"3";"7";"0";"2";"8";"1";"1";""
"202200018323";"781 385";"B01";"2";"30";"0";"2";"1";"17";"1";""
"202200018323";"781 387";"A01";"1";"7";"0";"2";"3";"15";"1";""
"202200018324";"781 384";"A01";"2";"33";"12";"0";"1";"6";"1";""
"202200018325";"781 383";"A01";"3";"30";"14";"0";"1";"17";"1";""
"202200018326";"781 381";"A01";"1";"7";"0";"2";"3";"15";"1";""
"202200018326";"781 382";"B01";"1";"1";"0";"2";"3";"1";"5";""
"202200018327";"781 380";"A01";"3";"7";"0";"1";"2";"1";"3";""
"202200018328";"781 379";"A01";"3";"7";"0";"1";"1";"1";"1";""
"202200018329";"781 377";"A01";"1";"7";"0";"1";"2";"1";"1";""
"202200018330";"781 376";"A01";"1";"7";"3";"0";"9";"0";"1";""
"202200018331";"781 375";"A01";"1";"7";"0";"2";"2";"16";"1";""
"202200018331";"781 378";"B01";"2";"50";"0";"2";"1";"1";"3";""
"202200018332";"781 373";"A01";"1";"10";"0";"1";"2";"1";"1";""
"202200018333";"781 372";"A01";"2";"7";"4";"0";"1";"1";"1";""
"202200018334";"781 370";"C01";"2";"7";"0";"2";"7";"1";"1";""
"202200018334";"781 371";"B01";"2";"7";"0";"2";"4";"2";"1";""
"202200018334";"781 374";"A01";"1";"7";"0";"2";"1";"2";"1";""
"202200018335";"781 369";"A01";"3";"30";"0";"0";"7";"9";"1";""
"202200018336";"781 367";"A01";"2";"33";"0";"1";"1";"0";"1";""
"202200018337";"781 366";"B01";"2";"7";"0";"2";"8";"1";"2";""
"202200018337";"781 368";"A01";"1";"7";"0";"2";"1";"13";"1";""
"202200018338";"781 365";"A01";"1";"10";"0";"1";"1";"1";"1";""
"202200018339";"781 360";"A01";"1";"7";"0";"2";"2";"14";"1";""
"202200018339";"781 363";"B01";"1";"1";"0";"2";"6";"1";"5";""
"202200018340";"781 361";"A01";"2";"33";"0";"2";"1";"1";"1";""
"202200018340";"781 364";"B01";"2";"7";"0";"2";"8";"15";"1";""
"202200018341";"781 358";"A01";"1";"7";"0";"2";"1";"2";"1";""
"202200018341";"781 359";"B01";"1";"7";"0";"2";"4";"2";"1";""
"202200018341";"781 362";"C01";"1";"7";"0";"2";"4";"2";"1";""
"202200018342";"781 355";"B01";"1";"2";"0";"2";"3";"8";"1";""
"202200018342";"781 357";"A01";"1";"7";"0";"2";"1";"15";"1";""
"202200018343";"781 353";"A01";"1";"7";"16";"2";"1";"1";"1";""
"202200018344";"781 354";"B01";"2";"80";"0";"2";"0";"21";"3";""
"202200018344";"781 356";"A01";"3";"7";"0";"2";"2";"15";"1";""
"202200018345";"781 352";"A01";"1";"7";"0";"1";"1";"16";"1";""
"202200018346";"781 347";"B01";"1";"7";"0";"2";"1";"1";"1";""
"202200018346";"781 350";"A01";"2";"7";"0";"2";"7";"15";"1";""
"202200018347";"781 348";"A01";"1";"7";"0";"2";"2";"15";"1";""
"202200018347";"781 351";"B01";"2";"33";"0";"2";"1";"1";"1";""
"202200018348";"781 346";"B01";"2";"15";"0";"2";"6";"1";"1";""
"202200018348";"781 349";"A01";"2";"10";"0";"2";"7";"2";"1";""
"202200018349";"781 344";"A01";"3";"7";"6";"0";"1";"20";"1";""
"202200018350";"781 343";"B01";"1";"1";"0";"2";"1";"17";"5";""
"202200018350";"781 345";"A01";"1";"20";"0";"2";"8";"15";"1";""
"202200018351";"781 340";"A01";"1";"7";"0";"2";"3";"1";"3";""
"202200018351";"781 342";"B01";"2";"7";"0";"2";"3";"13";"1";""
"202200018352";"781 338";"A01";"3";"32";"0";"2";"3";"2";"1";""
"202200018352";"781 341";"B01";"3";"7";"0";"2";"3";"2";"1";""
"202200018353";"781 337";"A01";"3";"7";"0";"2";"1";"1";"1";""
"202200018353";"781 339";"B01";"3";"7";"0";"2";"8";"1";"1";""
"202200018354";"781 336";"A01";"1";"14";"0";"0";"0";"1";"1";""
"202200018355";"781 332";"B01";"3";"7";"0";"2";"3";"15";"1";""
"202200018355";"781 334";"A01";"3";"1";"0";"2";"1";"1";"5";""
"202200018356";"781 333";"A01";"1";"14";"0";"9";"2";"12";"1";""
"202200018356";"781 335";"B01";"1";"1";"0";"2";"1";"1";"5";""
"202200018357";"781 327";"A01";"2";"7";"0";"2";"3";"1";"0";""
"202200018357";"781 330";"B01";"1";"33";"0";"2";"1";"0";"0";""
"202200018358";"781 329";"B01";"0";"1";"0";"2";"8";"19";"5";""
"202200018358";"781 331";"A01";"0";"7";"0";"9";"3";"15";"3";""
"202200018359";"781 326";"A01";"1";"7";"11";"2";"7";"1";"1";""
"202200018359";"781 328";"B01";"1";"7";"0";"2";"1";"15";"2";""
"202200018360";"781 323";"B01";"3";"7";"0";"2";"4";"2";"1";""
"202200018360";"781 325";"A01";"3";"2";"0";"2";"1";"2";"1";""
"202200018361";"781 324";"A01";"0";"33";"0";"0";"1";"2";"1";""
"202200018362";"781 321";"A01";"3";"32";"0";"2";"2";"1";"1";""
"202200018362";"781 322";"B01";"3";"7";"0";"2";"0";"0";"1";""
"202200018363";"781 320";"A01";"1";"33";"12";"0";"8";"13";"1";""
"202200018364";"781 317";"A01";"3";"7";"0";"2";"8";"15";"1";""
"202200018364";"781 319";"B01";"3";"33";"0";"2";"1";"17";"1";""
"202200018365";"781 315";"A01";"3";"7";"0";"2";"6";"10";"2";""
"202200018365";"781 316";"B01";"3";"30";"0";"2";"1";"1";"1";""
"202200018366";"781 314";"A01";"3";"10";"0";"2";"3";"9";"1";""
"202200018366";"781 318";"B01";"1";"32";"0";"2";"5";"9";"1";""
"202200018367";"781 311";"A01";"2";"7";"13";"0";"1";"13";"1";""
"202200018368";"781 312";"A01";"1";"7";"0";"1";"3";"1";"1";""
"202200018369";"781 309";"A01";"1";"7";"0";"2";"1";"2";"1";""
"202200018369";"781 310";"B01";"1";"7";"0";"2";"4";"2";"1";""
"202200018369";"781 313";"C01";"1";"7";"1";"2";"5";"26";"1";""
"202200018370";"781 306";"A01";"3";"2";"0";"0";"7";"1";"1";""
"202200018371";"781 308";"A01";"1";"31";"0";"1";"1";"21";"1";""
"202200018372";"781 303";"A01";"1";"10";"0";"0";"3";"15";"3";""
"202200018373";"781 305";"B01";"3";"1";"0";"2";"8";"1";"5";""
"202200018373";"781 307";"A01";"3";"7";"0";"9";"2";"15";"1";""
"202200018374";"781 301";"A01";"3";"10";"15";"0";"2";"1";"1";""
"202200018375";"781 300";"A01";"2";"7";"0";"2";"8";"19";"1";""
"202200018375";"781 302";"B01";"2";"2";"0";"2";"1";"1";"1";""
"202200018376";"781 299";"A01";"0";"7";"13";"0";"1";"0";"0";""
"202200018377";"781 298";"A01";"0";"33";"0";"0";"1";"1";"1";""
"202200018378";"781 295";"B01";"2";"80";"0";"2";"1";"1";"3";""
"202200018378";"781 297";"A01";"2";"7";"0";"2";"4";"9";"1";""
"202200018379";"781 293";"A01";"2";"7";"0";"2";"2";"15";"1";""
"202200018379";"781 296";"B01";"2";"7";"0";"2";"1";"1";"1";""
"202200018380";"781 292";"A01";"1";"7";"0";"2";"1";"9";"1";""
"202200018380";"781 294";"B01";"1";"7";"0";"2";"8";"1";"1";""
"202200018381";"781 291";"A01";"1";"31";"15";"0";"1";"1";"1";""
"202200018382";"781 289";"A01";"2";"7";"0";"1";"3";"1";"1";""
"202200018383";"781 287";"B01";"1";"10";"0";"2";"3";"1";"0";""
"202200018383";"781 290";"A01";"2";"7";"0";"2";"3";"17";"1";""
"202200018384";"781 286";"B01";"2";"33";"0";"2";"1";"1";"1";""
"202200018384";"781 288";"A01";"2";"7";"0";"2";"2";"9";"1";""
"202200018385";"781 285";"A01";"3";"7";"0";"1";"1";"1";"1";""
"202200018386";"781 282";"Z01";"1";"7";"0";"1";"1";"15";"0";""
"202200018387";"781 279";"B01";"2";"7";"0";"2";"2";"1";"1";""
"202200018387";"781 281";"A01";"2";"7";"0";"2";"2";"15";"1";""
"202200018388";"781 278";"B01";"0";"7";"0";"2";"7";"1";"1";""
"202200018388";"781 280";"A01";"0";"1";"0";"2";"1";"19";"5";""
"202200018389";"781 276";"A01";"0";"7";"0";"2";"1";"0";"1";""
"202200018389";"781 277";"B01";"0";"7";"8";"2";"3";"2";"1";""
"202200018390";"781 273";"A01";"0";"7";"0";"2";"1";"9";"1";""
"202200018390";"781 274";"B01";"0";"30";"0";"2";"1";"1";"1";""
"202200018391";"781 270";"A01";"3";"7";"0";"2";"1";"9";"1";""
"202200018391";"781 271";"B01";"0";"7";"0";"2";"8";"0";"1";""
"202200018392";"781 272";"A01";"3";"7";"0";"2";"3";"19";"1";""
"202200018392";"781 275";"B01";"1";"33";"0";"2";"1";"1";"1";""
"202200018393";"781 268";"A01";"2";"7";"0";"9";"8";"24";"1";""
"202200018393";"781 269";"B01";"2";"1";"1";"0";"1";"1";"5";""
"202200018394";"781 267";"A01";"2";"7";"1";"0";"1";"14";"1";""
"202200018395";"781 264";"A01";"3";"7";"0";"2";"2";"19";"1";""
"202200018395";"781 266";"B01";"2";"7";"0";"2";"3";"1";"3";""
"202200018396";"781 263";"B01";"2";"7";"0";"2";"1";"1";"1";""
"202200018396";"781 265";"A01";"1";"7";"0";"2";"1";"13";"1";""
"202200018397";"781 262";"A01";"1";"7";"8";"0";"1";"1";"1";""
"202200018398";"781 261";"A01";"3";"7";"0";"1";"0";"15";"1";""
"202200018399";"781 258";"A01";"3";"7";"0";"2";"1";"15";"1";""
"202200018399";"781 260";"B01";"3";"7";"0";"2";"7";"1";"1";""
"202200018400";"781 255";"A01";"2";"10";"0";"2";"4";"2";"1";""
"202200018400";"781 257";"B01";"2";"1";"0";"2";"1";"2";"5";""
"202200018401";"781 256";"A01";"1";"10";"0";"2";"2";"1";"1";""
"202200018401";"781 259";"B01";"1";"7";"0";"2";"1";"1";"1";""
"202200018402";"781 253";"A01";"2";"7";"0";"2";"4";"10";"1";""
"202200018402";"781 254";"B01";"1";"33";"0";"2";"1";"1";"1";""
"202200018403";"781 250";"A01";"3";"32";"0";"2";"2";"11";"1";""
"202200018403";"781 252";"B01";"3";"7";"1";"0";"6";"20";"1";""
"202200018404";"781 249";"B01";"1";"7";"0";"2";"1";"1";"1";""
"202200018404";"781 251";"A01";"1";"7";"0";"2";"4";"2";"1";""
"202200018405";"781 248";"Z01";"0";"0";"0";"0";"1";"26";"0";""
"202200018406";"781 245";"A01";"2";"7";"0";"1";"3";"1";"1";""
"202200018407";"781 246";"B01";"1";"10";"0";"2";"4";"2";"3";""
"202200018407";"781 247";"A01";"1";"7";"0";"2";"1";"2";"1";""
"202200018408";"781 242";"A01";"2";"7";"0";"1";"1";"1";"1";""
"202200018409";"781 243";"A01";"0";"33";"0";"2";"3";"17";"1";""
"202200018409";"781 244";"B01";"0";"7";"0";"2";"3";"1";"1";""
"202200018410";"781 240";"B01";"2";"33";"0";"2";"7";"15";"1";""
"202200018410";"781 241";"A01";"2";"7";"0";"2";"1";"9";"1";""
"202200018411";"781 235";"B01";"1";"33";"0";"2";"1";"1";"1";""
"202200018411";"781 237";"A01";"1";"7";"0";"2";"1";"15";"1";""
"202200018412";"781 236";"A01";"0";"15";"0";"2";"3";"17";"1";""
"202200018412";"781 238";"B01";"0";"10";"0";"2";"1";"1";"1";""
"202200018413";"781 233";"A01";"1";"10";"0";"1";"1";"1";"1";""
"202200018414";"781 234";"A01";"0";"7";"8";"0";"1";"13";"1";""
"202200018415";"781 230";"A01";"1";"50";"0";"2";"1";"1";"3";""
"202200018415";"781 231";"B01";"1";"1";"0";"2";"1";"1";"5";""
"202200018416";"781 232";"A01";"2";"50";"0";"2";"8";"5";"3";""
"202200018416";"781 239";"B01";"2";"7";"0";"2";"1";"1";"1";""
"202200018417";"781 225";"A01";"2";"7";"0";"2";"2";"1";"1";""
"202200018417";"781 227";"B01";"2";"2";"0";"2";"4";"23";"1";""
"202200018418";"781 221";"A01";"1";"7";"0";"2";"1";"2";"1";""
"202200018418";"781 223";"B01";"1";"7";"0";"2";"4";"2";"2";""
"202200018419";"781 220";"A01";"2";"7";"0";"2";"1";"13";"1";""
"202200018419";"781 222";"B01";"2";"17";"0";"2";"1";"1";"1";""
"202200018420";"781 224";"A01";"2";"7";"0";"2";"1";"13";"1";""
"202200018420";"781 229";"B01";"1";"7";"0";"2";"1";"1";"1";""
"202200018421";"781 218";"B01";"2";"34";"0";"2";"8";"1";"1";""
"202200018421";"781 219";"A01";"2";"33";"0";"2";"7";"12";"1";""
"202200018422";"781 216";"A01";"1";"33";"0";"2";"3";"3";"1";""
"202200018422";"781 217";"B01";"1";"7";"0";"2";"2";"12";"1";""
"202200018423";"781 212";"A01";"1";"7";"0";"2";"1";"2";"1";""
"202200018423";"781 213";"B01";"1";"10";"0";"2";"4";"2";"1";""
"202200018424";"781 208";"B01";"1";"33";"3";"2";"8";"2";"1";""
"202200018424";"781 209";"A01";"1";"7";"0";"2";"2";"12";"1";""
"202200018425";"781 211";"B01";"3";"60";"0";"2";"8";"0";"5";""
"202200018425";"781 215";"A01";"0";"7";"0";"0";"0";"0";"1";""
"202200018426";"781 210";"B01";"2";"10";"0";"2";"1";"1";"1";""
"202200018426";"781 214";"A01";"2";"3";"0";"2";"4";"1";"1";""
"202200018427";"781 206";"B01";"1";"7";"0";"2";"6";"2";"1";""
"202200018427";"781 207";"A01";"1";"7";"0";"2";"1";"2";"2";""
"202200018428";"781 201";"C01";"1";"33";"0";"2";"1";"3";"1";""
"202200018428";"781 202";"B01";"1";"7";"0";"2";"5";"2";"1";""
"202200018428";"781 203";"A01";"1";"32";"0";"2";"3";"2";"1";""
"202200018429";"781 199";"B01";"3";"1";"0";"2";"5";"26";"5";""
"202200018429";"781 205";"A01";"3";"7";"0";"9";"3";"26";"1";""
"202200018430";"781 198";"A01";"3";"30";"0";"0";"0";"1";"1";""
"202200018431";"781 200";"A01";"1";"7";"0";"2";"3";"1";"1";""
"202200018431";"781 204";"Z01";"1";"0";"0";"2";"2";"12";"0";""
"202200018432";"781 195";"A01";"1";"7";"0";"1";"3";"1";"1";""
"202200018433";"781 197";"A01";"3";"7";"0";"1";"1";"1";"1";""
"202200018434";"781 193";"B01";"2";"32";"0";"2";"1";"1";"1";""
"202200018434";"781 196";"A01";"2";"7";"0";"2";"1";"9";"1";""
"202200018435";"781 192";"B01";"2";"7";"0";"2";"5";"1";"1";""
"202200018435";"781 194";"A01";"2";"7";"0";"2";"3";"14";"1";""
"202200018436";"781 188";"B01";"2";"7";"0";"2";"3";"15";"1";""
"202200018436";"781 191";"A01";"2";"34";"0";"2";"1";"17";"1";""
"202200018437";"781 189";"A01";"1";"50";"12";"0";"1";"14";"3";""
"202200018438";"781 187";"A01";"3";"7";"0";"2";"7";"15";"1";""
"202200018438";"781 190";"B01";"3";"33";"0";"2";"1";"1";"1";""
"202200018439";"781 185";"A01";"2";"7";"1";"0";"2";"14";"1";""
"202200018440";"781 182";"B01";"1";"7";"0";"2";"4";"2";"1";""
"202200018440";"781 186";"A01";"1";"7";"0";"2";"1";"2";"1";""
"202200018441";"781 180";"A01";"2";"7";"0";"2";"2";"1";"1";""
"202200018441";"781 183";"B01";"2";"1";"0";"2";"4";"21";"5";""
"202200018442";"781 181";"A01";"2";"10";"0";"2";"5";"15";"1";""
"202200018442";"781 184";"B01";"1";"34";"0";"2";"2";"1";"1";""
"202200018443";"781 179";"A01";"2";"38";"0";"1";"1";"1";"1";"1"
"202200018444";"781 177";"A01";"1";"1";"0";"0";"1";"1";"5";""
"202200018445";"781 176";"A01";"2";"7";"0";"1";"3";"1";"1";""
"202200018446";"781 175";"A01";"1";"7";"4";"0";"1";"1";"1";""
"202200018447";"781 174";"B01";"1";"7";"0";"2";"3";"1";"1";""
"202200018447";"781 178";"A01";"1";"50";"0";"2";"7";"1";"3";""
"202200018448";"781 171";"A01";"1";"30";"0";"2";"1";"1";"1";""
"202200018448";"781 173";"B01";"1";"7";"0";"2";"7";"15";"1";""
"202200018449";"781 170";"B01";"1";"7";"1";"2";"8";"1";"1";""
"202200018449";"781 172";"A01";"1";"7";"1";"2";"3";"15";"1";""
"202200018450";"781 166";"B01";"2";"1";"0";"2";"1";"1";"5";""
"202200018450";"781 168";"A01";"1";"7";"0";"2";"3";"9";"1";""
"202200018451";"781 167";"B01";"1";"33";"0";"2";"1";"1";"1";""
"202200018451";"781 169";"A01";"1";"7";"0";"2";"5";"2";"1";""
"202200018452";"781 164";"A01";"3";"7";"0";"2";"1";"1";"3";""
"202200018452";"781 165";"B01";"1";"2";"0";"2";"8";"1";"1";""
"202200018453";"781 163";"A01";"1";"30";"9";"0";"0";"14";"1";""
"202200018454";"781 162";"A01";"1";"7";"13";"0";"1";"1";"1";""
"202200018455";"781 161";"A01";"0";"7";"0";"1";"0";"1";"0";""
"202200018456";"781 157";"A01";"1";"32";"0";"1";"1";"1";"1";""
"202200018457";"781 158";"B01";"0";"33";"0";"2";"3";"1";"1";""
"202200018457";"781 160";"A01";"0";"7";"0";"2";"1";"1";"1";""
"202200018458";"781 152";"A01";"2";"32";"0";"0";"0";"1";"1";""
"202200018459";"781 149";"A01";"2";"7";"0";"2";"3";"1";"1";""
"202200018459";"781 153";"B01";"2";"7";"0";"2";"5";"9";"1";""
"202200018460";"781 150";"A01";"2";"7";"0";"2";"1";"1";"1";""
"202200018460";"781 154";"B01";"2";"7";"0";"2";"4";"2";"1";""
"202200018460";"781 156";"C01";"2";"7";"0";"2";"4";"2";"1";""
"202200018460";"781 159";"D01";"2";"7";"0";"2";"4";"2";"1";""
"202200018461";"781 148";"B01";"2";"7";"0";"2";"4";"1";"2";""
"202200018461";"781 151";"A01";"2";"7";"0";"2";"1";"1";"1";""
"202200018462";"781 146";"A01";"1";"7";"0";"1";"7";"1";"1";""
"202200018463";"781 147";"A01";"2";"7";"0";"1";"2";"1";"1";""
"202200018464";"781 143";"A01";"2";"50";"12";"0";"1";"0";"3";""
"202200018465";"781 141";"B01";"1";"7";"0";"2";"2";"1";"1";""
"202200018465";"781 144";"A01";"2";"10";"0";"2";"1";"15";"1";""
"202200018466";"781 140";"A01";"1";"10";"0";"1";"1";"1";"1";""
"202200018467";"781 137";"A01";"2";"33";"4";"2";"8";"3";"1";""
"202200018467";"781 139";"B01";"2";"7";"4";"2";"2";"12";"2";""
"202200018467";"781 142";"C01";"2";"7";"4";"2";"4";"1";"1";""
"202200018467";"781 145";"D01";"2";"10";"4";"2";"8";"1";"1";""
"202200018468";"781 134";"A01";"0";"7";"2";"2";"5";"1";"1";""
"202200018468";"781 138";"B01";"0";"7";"0";"2";"1";"1";"2";""
"202200018469";"781 130";"B01";"2";"50";"0";"2";"1";"5";"3";""
"202200018469";"781 132";"A01";"2";"7";"0";"9";"1";"15";"1";""
"202200018470";"781 131";"B01";"2";"33";"0";"2";"2";"3";"1";""
"202200018470";"781 133";"A01";"2";"7";"0";"2";"3";"12";"1";""
"202200018471";"781 129";"A01";"2";"7";"0";"1";"2";"2";"1";""
"202200018472";"781 126";"A01";"0";"32";"0";"2";"1";"1";"1";""
"202200018472";"781 128";"B01";"0";"7";"0";"2";"1";"16";"1";""
"202200018473";"781 125";"A01";"2";"15";"0";"0";"1";"1";"1";""
"202200018474";"781 123";"A01";"3";"7";"0";"9";"1";"15";"1";""
"202200018474";"781 127";"B01";"3";"1";"0";"2";"7";"1";"5";""
"202200018475";"781 122";"B01";"3";"33";"0";"2";"1";"1";"1";""
"202200018475";"781 124";"A01";"3";"10";"0";"2";"3";"15";"1";""
"202200018476";"781 118";"A01";"2";"7";"0";"2";"8";"10";"1";""
"202200018476";"781 120";"B01";"2";"31";"0";"2";"1";"1";"1";""
"202200018477";"781 115";"A01";"1";"7";"0";"2";"1";"2";"1";""
"202200018477";"781 121";"B01";"1";"14";"0";"2";"4";"2";"1";""
"202200018478";"781 114";"B01";"0";"7";"0";"2";"2";"1";"1";""
"202200018478";"781 117";"A01";"0";"7";"0";"2";"7";"15";"1";""
"202200018479";"781 111";"B01";"2";"34";"0";"2";"7";"1";"1";""
"202200018479";"781 113";"A01";"2";"7";"12";"2";"1";"17";"1";""
"202200018480";"781 108";"B01";"1";"37";"0";"0";"7";"1";"1";"1"
"202200018480";"781 112";"A01";"1";"10";"0";"2";"1";"9";"1";""
"202200018481";"781 106";"A01";"3";"32";"0";"4";"1";"1";"1";""
"202200018481";"781 109";"B01";"3";"40";"0";"2";"2";"1";"2";""
"202200018482";"781 107";"A01";"1";"7";"0";"2";"7";"12";"1";""
"202200018482";"781 110";"B01";"1";"33";"0";"2";"8";"3";"1";""
"202200018483";"781 105";"A01";"1";"31";"0";"0";"7";"9";"0";""
"202200018484";"781 103";"A01";"1";"33";"0";"1";"8";"26";"1";""
"202200018485";"781 104";"A01";"2";"7";"8";"0";"3";"1";"1";""
"202200018486";"781 100";"A01";"2";"7";"0";"2";"1";"2";"1";""
"202200018486";"781 102";"B01";"2";"7";"0";"2";"4";"2";"1";""
"202200018487";"781 099";"A01";"1";"7";"0";"2";"2";"26";"1";""
"202200018487";"781 101";"B01";"2";"7";"0";"2";"7";"15";"1";""