"Num_Acc";"id_vehicule";"num_veh";"senc";"catv";"obs";"obsm";"choc";"manv";"motor";"occutc"
"202200018895";"780 338";"B01";"1";"7";"0";"2";"3";"2";"1";""
"202200018895";"780 339";"A01";"1";"7";"0";"2";"3";"1";"1";""
"202200018896";"780 333";"A01";"1";"7";"0";"1";"2";"0";"1";""
"202200018897";"780 334";"A01";"2";"7";"0";"1";"1";"1";"2";""
"202200018898";"780 332";"B01";"3";"2";"0";"0";"9";"1";"1";""
"202200018899";"780 330";"B01";"0";"7";"0";"0";"3";"1";"1";""
"202200018899";"780 331";"A01";"0";"2";"0";"2";"3";"1";"1";""
"202200018900";"780 327";"A01";"2";"33";"0";"2";"1";"13";"1";""
"202200018900";"780 329";"B01";"1";"7";"0";"2";"1";"23";"1";""
"202200018901";"780 326";"A01";"1";"13";"17";"0";"2";"1";"0";""
"202200018902";"780 325";"A01";"1";"7";"0";"2";"1";"5";"1";""
"202200018902";"780 328";"B01";"1";"2";"0";"2";"1";"1";"1";""
"202200018903";"780 323";"A01";"3";"2";"0";"0";"7";"1";"1";""
"202200018904";"780 322";"B01";"1";"7";"0";"2";"4";"2";"1";""
"202200018904";"780 324";"A01";"1";"7";"0";"2";"1";"2";"1";""
"202200018905";"780 321";"A01";"1";"7";"16";"0";"0";"1";"1";""
"202200018906";"780 319";"A01";"2";"7";"14";"0";"1";"2";"2";""
"202200018907";"780 320";"A01";"1";"30";"0";"0";"7";"9";"1";""
"202200018908";"780 315";"B01";"0";"7";"0";"2";"1";"9";"1";""
"202200018908";"780 318";"A01";"1";"33";"0";"2";"7";"1";"0";""
"202200018909";"780 313";"A01";"2";"7";"2";"0";"9";"1";"1";""
"202200018910";"780 308";"B01";"2";"7";"0";"9";"1";"1";"1";""
"202200018910";"780 311";"A01";"2";"1";"0";"2";"1";"19";"5";""
"202200018911";"780 309";"A01";"1";"7";"0";"2";"1";"1";"1";""
"202200018911";"780 312";"B01";"1";"10";"0";"2";"4";"23";"1";""
"202200018911";"780 314";"C01";"1";"7";"0";"2";"5";"23";"1";""
"202200018911";"780 316";"D01";"1";"7";"0";"2";"5";"23";"1";""
"202200018911";"780 317";"E01";"1";"7";"0";"2";"4";"23";"1";""
"202200018912";"780 305";"B01";"3";"33";"0";"2";"2";"17";"1";""
"202200018912";"780 307";"A01";"3";"7";"0";"2";"3";"15";"1";""
"202200018913";"780 304";"A01";"1";"7";"0";"2";"5";"14";"1";""
"202200018913";"780 306";"B01";"1";"34";"0";"2";"3";"3";"1";""
"202200018914";"780 302";"A01";"1";"7";"0";"2";"1";"13";"1";""
"202200018914";"780 303";"B01";"2";"7";"0";"2";"1";"1";"1";""
"202200018915";"780 298";"B01";"2";"15";"0";"2";"2";"1";"1";""
"202200018915";"780 300";"A01";"2";"7";"0";"2";"8";"0";"1";""
"202200018916";"780 299";"B01";"2";"15";"0";"2";"1";"1";"1";""
"202200018916";"780 301";"A01";"1";"7";"6";"2";"5";"13";"1";""
"202200018917";"780 296";"A01";"2";"7";"3";"0";"2";"0";"1";""
"202200018918";"780 295";"A01";"1";"7";"0";"0";"2";"1";"1";""
"202200018919";"780 297";"A01";"2";"37";"0";"2";"1";"1";"6";"6"
"202200018919";"780 310";"B01";"2";"7";"0";"2";"8";"10";"1";""
"202200018920";"780 293";"A01";"1";"7";"15";"2";"1";"1";"1";""
"202200018920";"780 294";"B01";"1";"7";"0";"2";"4";"1";"1";""
"202200018921";"780 292";"A01";"3";"7";"0";"1";"2";"16";"1";""
"202200018922";"780 289";"B01";"2";"7";"0";"2";"3";"11";"1";""
"202200018922";"780 291";"A01";"2";"15";"0";"2";"1";"1";"1";""
"202200018923";"780 287";"A01";"1";"7";"0";"2";"3";"1";"1";""
"202200018923";"780 288";"B01";"1";"7";"0";"0";"6";"1";"1";""
"202200018924";"780 284";"B01";"2";"7";"0";"2";"4";"2";"1";""
"202200018924";"780 286";"A01";"2";"10";"0";"2";"1";"2";"1";""
"202200018925";"780 283";"A01";"2";"33";"3";"0";"1";"1";"1";""
"202200018926";"780 285";"A01";"3";"7";"0";"2";"1";"13";"1";""
"202200018926";"780 290";"B01";"3";"7";"0";"2";"1";"1";"1";""
"202200018927";"780 281";"A01";"1";"7";"0";"2";"2";"1";"1";""
"202200018927";"780 282";"B01";"1";"38";"0";"2";"3";"2";"1";"1"
"202200018928";"780 277";"B01";"2";"7";"0";"2";"6";"1";"1";""
"202200018928";"780 278";"A01";"2";"7";"4";"2";"9";"26";"1";""
"202200018929";"780 275";"A01";"2";"7";"13";"0";"0";"13";"1";""
"202200018930";"780 273";"B01";"1";"10";"0";"2";"5";"1";"1";""
"202200018930";"780 274";"A01";"1";"7";"0";"2";"1";"13";"1";""
"202200018931";"780 271";"A01";"2";"7";"0";"2";"8";"1";"1";""
"202200018931";"780 272";"B01";"2";"30";"0";"2";"7";"17";"1";""
"202200018932";"780 265";"A01";"1";"7";"7";"2";"6";"19";"1";""
"202200018932";"780 267";"B01";"2";"10";"0";"2";"3";"1";"1";""
"202200018933";"780 270";"B01";"3";"32";"0";"2";"3";"1";"1";""
"202200018933";"780 276";"A01";"3";"7";"0";"2";"3";"15";"1";""
"202200018934";"780 264";"A01";"0";"7";"0";"2";"1";"9";"1";""
"202200018934";"780 266";"B01";"1";"33";"0";"2";"1";"1";"1";""
"202200018934";"780 268";"C01";"1";"33";"0";"2";"1";"1";"1";""
"202200018934";"780 269";"D01";"1";"33";"0";"2";"1";"1";"1";""
"202200018935";"780 263";"A01";"2";"7";"2";"0";"8";"1";"1";""
"202200018936";"780 261";"A01";"0";"7";"6";"2";"1";"0";"1";""
"202200018936";"780 262";"B01";"3";"7";"6";"2";"2";"1";"1";""
"202200018937";"780 259";"A01";"3";"7";"12";"0";"1";"1";"1";""
"202200018938";"780 258";"A01";"1";"7";"0";"2";"2";"17";"1";""
"202200018938";"780 260";"B01";"1";"7";"0";"0";"6";"21";"1";""
"202200018939";"780 256";"A01";"2";"30";"0";"1";"1";"2";"1";""
"202200018940";"780 257";"A01";"1";"33";"0";"0";"0";"1";"1";""
"202200018941";"780 254";"A01";"1";"7";"0";"1";"1";"1";"1";""
"202200018942";"780 253";"B01";"2";"7";"5";"2";"7";"15";"2";""
"202200018942";"780 255";"A01";"2";"7";"0";"2";"1";"1";"1";""
"202200018943";"780 251";"A01";"2";"7";"0";"1";"1";"1";"1";""
"202200018944";"780 249";"A01";"1";"7";"0";"2";"4";"2";"1";""
"202200018944";"780 250";"B01";"1";"33";"0";"2";"7";"2";"1";""
"202200018944";"780 252";"C01";"1";"7";"0";"2";"8";"11";"1";""
"202200018945";"780 248";"A01";"3";"7";"0";"2";"1";"1";"1";""
"202200018946";"780 246";"B01";"1";"33";"0";"2";"1";"1";"1";""
"202200018946";"780 247";"A01";"1";"7";"0";"2";"6";"17";"1";""
"202200018947";"780 244";"A01";"1";"37";"6";"0";"1";"16";"1";"22"
"202200018948";"780 242";"B01";"1";"7";"0";"2";"4";"2";"1";""
"202200018948";"780 245";"A01";"1";"33";"0";"2";"1";"1";"1";""
"202200018949";"780 241";"B01";"3";"7";"0";"2";"8";"1";"3";""
"202200018949";"780 243";"A01";"3";"7";"0";"2";"2";"1";"1";""
"202200018950";"780 237";"A01";"1";"7";"8";"0";"1";"15";"1";""
"202200018951";"780 238";"B01";"2";"99";"0";"2";"8";"18";"0";""
"202200018951";"780 240";"A01";"2";"7";"13";"2";"1";"12";"1";""
"202200018952";"780 233";"Z01";"2";"7";"0";"2";"2";"0";"1";""
"202200018952";"780 236";"B01";"2";"7";"0";"2";"8";"0";"1";""
"202200018952";"780 239";"A01";"2";"7";"14";"2";"1";"0";"1";""
"202200018953";"780 234";"B01";"2";"7";"0";"2";"3";"1";"1";""
"202200018953";"780 235";"A01";"1";"7";"0";"2";"1";"13";"1";""
"202200018954";"780 230";"B01";"3";"7";"0";"0";"5";"1";"0";""
"202200018954";"780 232";"A01";"3";"30";"0";"0";"0";"0";"0";""
"202200018955";"780 229";"A01";"3";"7";"0";"2";"1";"19";"1";""
"202200018955";"780 231";"B01";"2";"32";"0";"2";"7";"1";"1";""
"202200018956";"780 227";"A01";"0";"7";"0";"1";"0";"1";"1";""
"202200018957";"780 225";"B01";"2";"10";"0";"2";"1";"2";"1";""
"202200018957";"780 228";"A01";"2";"17";"0";"2";"4";"1";"1";""
"202200018958";"780 224";"B01";"2";"33";"0";"2";"2";"1";"1";""
"202200018958";"780 226";"A01";"1";"7";"0";"2";"1";"15";"2";""
"202200018959";"780 222";"A01";"3";"7";"0";"1";"3";"1";"1";""
"202200018960";"780 221";"B01";"1";"1";"0";"0";"1";"0";"5";""
"202200018960";"780 223";"A01";"1";"7";"0";"0";"1";"1";"1";""
"202200018961";"780 216";"A01";"2";"31";"0";"2";"1";"1";"1";""
"202200018961";"780 219";"B01";"1";"7";"0";"2";"2";"1";"1";""
"202200018962";"780 218";"A01";"2";"7";"0";"2";"1";"1";"1";""
"202200018962";"780 220";"B01";"2";"7";"0";"2";"4";"1";"1";""
"202200018963";"780 214";"A01";"1";"7";"0";"2";"1";"15";"1";""
"202200018963";"780 217";"B01";"1";"7";"0";"2";"1";"1";"1";""
"202200018964";"780 213";"B01";"2";"7";"6";"2";"2";"17";"1";""
"202200018964";"780 215";"A01";"2";"7";"0";"2";"8";"13";"1";""
"202200018965";"780 211";"A01";"0";"7";"0";"1";"2";"0";"0";""
"202200018966";"780 210";"Z01";"2";"7";"0";"2";"0";"0";"0";""
"202200018966";"780 212";"A01";"1";"33";"0";"2";"8";"1";"1";""
"202200018967";"780 207";"A01";"2";"7";"0";"0";"3";"1";"1";""
"202200018968";"780 208";"B01";"2";"7";"0";"2";"1";"9";"1";""
"202200018968";"780 209";"A01";"2";"1";"0";"2";"1";"9";"5";""
"202200018969";"780 205";"A01";"2";"7";"6";"0";"1";"25";"1";""
"202200018970";"780 204";"A01";"1";"7";"11";"0";"0";"1";"1";""
"202200018971";"780 202";"A01";"2";"34";"0";"2";"1";"5";"1";""
"202200018971";"780 206";"B01";"1";"7";"0";"2";"1";"11";"1";""
"202200018972";"780 200";"A01";"1";"7";"13";"0";"3";"13";"1";""
"202200018973";"780 201";"B01";"1";"1";"0";"2";"1";"1";"5";""
"202200018973";"780 203";"A01";"1";"7";"0";"2";"0";"26";"1";""
"202200018974";"780 199";"A01";"2";"7";"6";"0";"2";"1";"0";""
"202200018975";"780 197";"A01";"3";"7";"0";"2";"1";"1";"1";""
"202200018975";"780 198";"B01";"3";"7";"0";"2";"1";"1";"1";""
"202200018976";"780 193";"A01";"3";"7";"0";"2";"1";"15";"1";""
"202200018976";"780 196";"B01";"3";"2";"0";"2";"7";"3";"1";""
"202200018977";"780 194";"B01";"1";"10";"0";"2";"4";"1";"1";""
"202200018977";"780 195";"A01";"1";"7";"0";"2";"1";"1";"1";""
"202200018978";"780 190";"A01";"1";"7";"2";"0";"1";"14";"1";""
"202200018979";"780 186";"B01";"1";"1";"0";"2";"7";"1";"5";""
"202200018979";"780 188";"A01";"1";"7";"0";"2";"1";"9";"1";""
"202200018980";"780 187";"A01";"1";"7";"0";"2";"2";"10";"1";""
"202200018980";"780 189";"B01";"1";"30";"0";"2";"1";"1";"1";""
"202200018981";"780 184";"A01";"1";"33";"0";"0";"9";"1";"1";""
"202200018982";"780 183";"B01";"1";"99";"0";"2";"1";"1";"1";""
"202200018982";"780 185";"A01";"1";"31";"0";"2";"1";"1";"1";""
"202200018983";"780 181";"A01";"1";"7";"0";"0";"1";"26";"1";""
"202200018984";"780 180";"B01";"1";"7";"0";"2";"4";"2";"1";""
"202200018984";"780 182";"A01";"1";"10";"0";"2";"1";"1";"1";""
"202200018985";"780 177";"A01";"1";"1";"1";"0";"1";"2";"5";""
"202200018985";"780 179";"B01";"1";"15";"0";"0";"4";"23";"1";""
"202200018986";"780 172";"Z01";"3";"7";"0";"2";"2";"17";"0";""
"202200018986";"780 176";"B01";"3";"60";"0";"2";"1";"1";"5";""
"202200018987";"780 169";"A01";"1";"10";"0";"2";"3";"1";"1";""
"202200018987";"780 171";"B01";"2";"7";"0";"2";"3";"1";"1";""
"202200018987";"780 174";"C01";"2";"7";"0";"2";"3";"1";"1";""
"202200018988";"780 167";"A01";"1";"10";"0";"2";"1";"2";"1";""
"202200018988";"780 168";"B01";"1";"7";"0";"2";"4";"2";"1";""
"202200018988";"780 173";"C01";"1";"10";"0";"2";"6";"2";"1";""
"202200018989";"780 165";"A01";"1";"7";"0";"2";"1";"1";"1";""
"202200018989";"780 166";"B01";"1";"7";"0";"0";"4";"1";"1";""
"202200018990";"780 170";"B01";"2";"7";"0";"2";"1";"1";"1";""
"202200018990";"780 175";"A01";"1";"7";"0";"2";"2";"1";"1";""
"202200018991";"780 163";"Z01";"1";"7";"0";"2";"1";"1";"1";""
"202200018991";"780 164";"B01";"1";"7";"0";"2";"4";"1";"1";""
"202200018992";"780 156";"B01";"2";"10";"0";"2";"3";"1";"1";""
"202200018992";"780 158";"A01";"2";"7";"0";"2";"1";"1";"1";""
"202200018993";"780 157";"C01";"2";"7";"0";"2";"1";"1";"1";""
"202200018993";"780 159";"B01";"2";"7";"0";"2";"1";"1";"1";""
"202200018993";"780 161";"A01";"2";"7";"0";"0";"4";"23";"1";""
"202200018994";"780 160";"A01";"3";"7";"0";"2";"1";"15";"1";""
"202200018994";"780 162";"B01";"3";"33";"0";"2";"0";"0";"1";""
"202200018995";"780 154";"A01";"3";"7";"0";"1";"2";"26";"1";""
"202200018996";"780 153";"A01";"2";"7";"0";"2";"5";"12";"1";""
"202200018996";"780 155";"B01";"2";"33";"0";"2";"2";"1";"1";""
"202200018997";"780 148";"A01";"2";"7";"0";"0";"0";"1";"1";""
"202200018997";"780 150";"Z01";"2";"7";"0";"2";"1";"3";"1";""
"202200018998";"780 152";"A01";"1";"30";"15";"0";"2";"1";"1";""
"202200018999";"780 147";"C01";"1";"7";"0";"2";"1";"1";"1";""
"202200018999";"780 149";"B01";"2";"7";"0";"2";"1";"1";"1";""
"202200018999";"780 151";"A01";"1";"7";"0";"2";"4";"9";"1";""
"202200019000";"780 146";"A01";"2";"33";"0";"0";"0";"1";"1";""
"202200019001";"780 145";"A01";"2";"7";"2";"0";"1";"1";"1";""
"202200019002";"780 139";"A01";"2";"14";"0";"2";"2";"11";"1";""
"202200019002";"780 141";"B01";"2";"33";"0";"2";"6";"1";"1";""
"202200019002";"780 143";"C01";"2";"33";"0";"2";"7";"1";"1";""
"202200019003";"780 137";"A01";"3";"10";"0";"1";"0";"1";"1";""
"202200019004";"780 136";"A01";"2";"7";"0";"2";"1";"2";"1";""
"202200019004";"780 138";"B01";"2";"10";"0";"2";"1";"2";"1";""
"202200019004";"780 140";"C01";"2";"7";"0";"2";"4";"0";"1";""
"202200019005";"780 142";"B01";"2";"7";"14";"0";"2";"5";"0";""
"202200019005";"780 144";"A01";"1";"7";"0";"0";"5";"23";"1";""
"202200019006";"780 133";"A01";"1";"10";"3";"0";"3";"0";"1";""
"202200019007";"780 132";"Z01";"2";"7";"0";"0";"0";"0";"0";""
"202200019007";"780 135";"A01";"2";"7";"0";"2";"3";"26";"1";""
"202200019008";"780 134";"A01";"1";"33";"1";"0";"1";"1";"1";""
"202200019009";"780 131";"A01";"2";"33";"0";"0";"3";"1";"1";""
"202200019010";"780 129";"A01";"3";"7";"0";"1";"1";"1";"1";""
"202200019011";"780 128";"A01";"2";"7";"0";"2";"4";"1";"2";""
"202200019011";"780 130";"B01";"2";"33";"0";"2";"1";"1";"1";""
"202200019012";"780 126";"A01";"2";"1";"0";"0";"0";"2";"5";""
"202200019013";"780 124";"B01";"2";"7";"0";"2";"1";"5";"0";""
"202200019013";"780 127";"A01";"1";"10";"0";"2";"1";"1";"0";""
"202200019014";"780 125";"A01";"1";"7";"0";"1";"3";"1";"1";""
"202200019015";"780 123";"A01";"3";"2";"0";"0";"0";"0";"1";""
"202200019016";"780 122";"A01";"1";"1";"0";"2";"1";"1";"5";""
"202200019017";"780 120";"B01";"2";"7";"0";"2";"8";"9";"1";""
"202200019017";"780 121";"A01";"2";"34";"0";"2";"7";"3";"1";""
"202200019018";"780 118";"A01";"3";"10";"0";"2";"6";"1";"1";""
"202200019018";"780 119";"B01";"3";"2";"0";"2";"1";"13";"1";""
"202200019019";"780 117";"A01";"1";"7";"0";"1";"3";"15";"1";""
"202200019020";"780 115";"A01";"1";"7";"0";"1";"1";"0";"1";""
"202200019021";"780 114";"B01";"1";"7";"4";"2";"6";"0";"1";""
"202200019021";"780 116";"A01";"1";"7";"0";"2";"2";"12";"1";""
"202200019022";"780 113";"B01";"2";"10";"1";"0";"4";"24";"1";""
"202200019023";"780 112";"A01";"2";"7";"0";"1";"5";"1";"1";""
"202200019024";"780 109";"A01";"1";"10";"2";"0";"8";"14";"1";""
"202200019025";"780 107";"A01";"2";"33";"3";"2";"7";"3";"1";""
"202200019025";"780 108";"B01";"2";"7";"3";"2";"8";"11";"1";""
"202200019025";"780 111";"C01";"2";"7";"3";"2";"6";"1";"1";""
"202200019026";"780 106";"A01";" -1";"7";"0";"2";"1";"2";"1";""
"202200019026";"780 110";"B01";" -1";"7";"0";"2";"4";"2";"1";""
"202200019027";"780 104";"B01";"1";"7";"0";"2";"4";"2";"2";""
"202200019027";"780 105";"A01";"1";"7";"0";"2";"1";"2";"1";""
"202200019028";"780 103";"A01";"1";"7";"3";"0";"9";"12";"1";""
"202200019029";"780 100";"A01";"1";"32";"0";"2";"2";"3";"1";""
"202200019029";"780 102";"B01";"1";"7";"0";"2";"6";"11";"1";""
"202200019030";"780 101";"A01";"0";"7";"0";"1";"1";"16";"1";""
"202200019031";"780 097";"A01";"1";"7";"0";"2";"1";"12";"1";""
"202200019031";"780 098";"B01";"1";"7";"0";"2";"6";"1";"1";""
"202200019032";"780 099";"A01";"1";"33";"0";"0";"9";"1";"1";""
"202200019033";"780 094";"A01";"1";"7";"3";"0";"1";"14";"2";""
"202200019034";"780 093";"B01";"1";"7";"0";"2";"1";"2";"1";""
"202200019034";"780 095";"A01";"1";"7";"0";"2";"4";"23";"1";""
"202200019035";"780 092";"B01";"2";"31";"0";"2";"1";"1";"1";""
"202200019035";"780 096";"A01";"1";"7";"0";"2";"6";"15";"1";""
"202200019036";"780 089";"B01";"2";"7";"0";"2";"5";"15";"1";""
"202200019036";"780 091";"A01";"2";"7";"0";"2";"1";"1";"1";""
"202200019037";"780 088";"A01";"1";"7";"0";"2";"4";"23";"1";""
"202200019037";"780 090";"B01";"1";"7";"0";"2";"2";"1";"1";""
"202200019038";"780 085";"B01";"1";"1";"0";"2";"1";"1";"5";""
"202200019038";"780 086";"A01";"1";"30";"0";"2";"2";"16";"1";""
"202200019039";"780 087";"A01";"1";"7";"12";"0";"8";"2";"1";""
"202200019040";"780 083";"B01";"1";"10";"0";"2";"1";"15";"1";""
"202200019040";"780 084";"A01";"1";"32";"0";"2";"1";"1";"1";""
"202200019041";"780 081";"A01";"2";"1";"0";"0";"0";"1";"5";""
"202200019042";"780 076";"A01";"2";"7";"0";"2";"2";"12";"1";""
"202200019042";"780 079";"B01";"2";"7";"0";"2";"3";"1";"1";""
"202200019042";"780 082";"Z01";"2";"7";"0";"2";"3";"1";"1";""
"202200019043";"780 077";"A01";"1";"10";"0";"2";"4";"2";"1";""
"202200019043";"780 078";"B01";"1";"1";"0";"9";"1";"2";"5";""
"202200019044";"780 080";"A01";"3";"33";"15";"9";"1";"0";"1";""
"202200019045";"780 072";"A01";"2";"34";"0";"1";"8";"1";"1";""
"202200019046";"780 073";"B01";"1";"7";"0";"2";"1";"2";"1";""
"202200019046";"780 075";"A01";"1";"7";"0";"2";"4";"2";"1";""
"202200019047";"780 074";"A01";"1";"10";"13";"0";"9";"14";"1";""
"202200019048";"780 070";"B01";"1";"1";"0";"2";"2";"1";"5";""
"202200019048";"780 071";"A01";"1";"7";"0";"2";"8";"22";"0";""
"202200019049";"780 069";"A01";"2";"33";"8";"0";"0";"1";"1";""
"202200019050";"780 066";"A01";"0";"7";"0";"1";"1";"1";"1";""
"202200019051";"780 065";"A01";"2";"7";"0";"1";"1";"1";"2";""
"202200019052";"780 064";"A01";"2";"7";"0";"1";"2";"1";"1";""
"202200019053";"780 063";"A01";"2";"7";"1";"0";"2";"14";"1";""
"202200019054";"780 061";"A01";"2";"7";"8";"0";"1";"13";"1";""
"202200019055";"780 059";"A01";"3";"7";"0";"1";"1";"26";"1";""
"202200019056";"780 060";"A01";"3";"10";"0";"9";"3";"19";"1";""
"202200019056";"780 062";"B01";"3";"1";"0";"2";"1";"1";"5";""
"202200019057";"780 058";"A01";"2";"80";"12";"0";"8";"14";"3";""
"202200019058";"780 056";"Z01";"2";"7";"0";"1";"7";"2";"1";""
"202200019059";"780 054";"A01";"1";"10";"0";"2";"5";"12";"1";""
"202200019059";"780 055";"B01";"1";"31";"0";"2";"8";"1";"1";""
"202200019060";"780 051";"B01";"2";"7";"0";"2";"7";"15";"1";""
"202200019060";"780 052";"A01";"1";"7";"0";"2";"1";"2";"1";""
"202200019061";"780 049";"A01";"1";"30";"0";"2";"1";"17";"3";""
"202200019061";"780 050";"B01";"3";"7";"0";"2";"3";"9";"1";""
"202200019062";"780 053";"B01";"1";"7";"0";"0";"4";"23";"1";""
"202200019062";"780 057";"A01";"1";"7";"0";"2";"1";"1";"1";""
"202200019063";"780 048";"A01";"2";"7";"2";"0";"1";"0";"1";""
"202200019064";"780 046";"A01";"1";"7";"0";"2";"2";"1";"1";""
"202200019064";"780 047";"B01";"1";"43";"0";"2";"1";"1";"1";""
"202200019065";"780 045";"A01";"1";"7";"0";"1";"7";"26";"1";""
"202200019066";"780 044";"A01";"1";"7";"0";"1";"1";"1";"1";""
"202200019067";"780 043";"A01";"2";"34";"0";"1";"2";"1";"1";""
"202200019068";"780 040";"A01";"1";"30";"0";"1";"7";"1";"1";""
"202200019069";"780 039";"B01";"1";"33";"8";"2";"1";"2";"1";""
"202200019069";"780 042";"A01";"1";"10";"0";"2";"3";"15";"1";""
"202200019070";"780 037";"A01";"1";"32";"0";"2";"2";"17";"1";""
"202200019070";"780 038";"Z01";"1";"7";"0";"2";"8";"15";"0";""
"202200019071";"780 035";"A01";"0";"31";"0";"2";"1";"9";"1";""
"202200019071";"780 036";"B01";"0";"10";"0";"2";"3";"1";"1";""
"202200019072";"780 034";"A01";"2";"7";"2";"0";"3";"1";"1";""
"202200019073";"780 032";"A01";"1";"1";"0";"2";"4";"1";"5";""
"202200019073";"780 033";"B01";"1";"80";"0";"2";"6";"11";"3";""
"202200019074";"780 028";"B01";"1";"1";"0";"2";"6";"15";"5";""
"202200019074";"780 031";"A01";"1";"34";"0";"2";"1";"1";"3";""
"202200019075";"780 027";"A01";"3";"7";"0";"2";"2";"1";"1";""
"202200019075";"780 030";"B01";"3";"1";"0";"2";"1";"1";"5";""
"202200019076";"780 029";"A01";"1";"43";"12";"1";"3";"21";"1";""
"202200019077";"780 025";"B01";"3";"43";"0";"2";"5";"15";"1";""
"202200019077";"780 026";"A01";"3";"7";"0";"2";"1";"26";"1";""
"202200019078";"780 022";"B01";"1";"1";"0";"2";"1";"1";"5";""
"202200019078";"780 024";"A01";"1";"14";"0";"2";"8";"15";"6";""
"202200019079";"780 021";"B01";"1";"7";"0";"2";"3";"1";"1";""
"202200019079";"780 023";"A01";"1";"7";"16";"2";"5";"15";"1";""
"202200019080";"780 019";"B01";"1";"7";"0";"2";"4";"15";"1";""
"202200019080";"780 020";"A01";"1";"31";"0";"2";"1";"2";"1";""
"202200019081";"780 017";"B01";"1";"7";"0";"2";"3";"1";"1";""
"202200019081";"780 018";"A01";"1";"7";"0";"2";"2";"7";"1";""
"202200019082";"780 015";"B01";"1";"10";"1";"2";"8";"20";"1";""
"202200019082";"780 016";"A01";"1";"7";"0";"2";"7";"1";"1";""
"202200019083";"780 013";"A01";"2";"7";"0";"1";"1";"15";"2";""
"202200019084";"780 012";"A01";"1";"7";"0";"2";"4";"2";"1";""
"202200019084";"780 014";"B01";"1";"7";"0";"2";"1";"1";"1";""
"202200019085";"780 010";"A01";"3";"7";"0";"2";"1";"1";"1";""
"202200019085";"780 011";"B01";"3";"30";"0";"2";"7";"1";"1";""
"202200019086";"780 006";"B01";"1";"7";"0";"2";"4";"23";"1";""
"202200019086";"780 009";"A01";"1";"7";"0";"2";"1";"1";"1";""
"202200019087";"780 005";"B01";"2";"7";"7";"2";"6";"1";"2";""
"202200019087";"780 007";"A01";"1";"7";"8";"2";"3";"1";"1";""
"202200019088";"780 003";"A01";"3";"7";"0";"1";"1";"26";"1";""
"202200019089";"780 004";"Z01";"1";"7";"0";"1";"0";"1";"0";""
"202200019090";"779 999";"A01";"2";"30";"12";"0";"3";"17";"3";""
"202200019091";"780 001";"A01";"1";"7";"0";"2";"4";"2";"1";""
"202200019091";"780 002";"B01";"1";"7";"0";"2";"4";"2";"1";""
"202200019091";"780 008";"C01";"1";"7";"0";"2";"4";"2";"1";""
"202200019092";"779 998";"B01";"3";"50";"0";"2";"0";"0";"3";""
"202200019092";"780 000";"A01";"0";"7";"0";"2";"0";"0";"1";""
"202200019093";"779 995";"A01";"3";"1";"0";"2";"4";"1";"5";""
"202200019093";"779 997";"Z01";"3";"7";"0";"2";"2";"16";"0";""
"202200019094";"779 992";"B01";"1";"30";"0";"0";"8";"1";"1";""
"202200019094";"779 994";"A01";"1";"10";"0";"0";"0";"11";"1";""
"202200019095";"779 990";"A01";"1";"7";"0";"2";"2";"13";"2";""
"202200019095";"779 991";"B01";"1";"30";"0";"2";"1";"1";"3";""
"202200019096";"779 993";"B01";"2";"17";"0";"0";"4";"1";"1";""
"202200019096";"779 996";"A01";"2";"7";"4";"2";"2";"17";"1";""
"202200019097";"779 986";"A01";"1";"32";"1";"0";"2";"18";"1";""
"202200019097";"779 988";"Z01";"1";"7";"0";"2";"0";"22";"1";""
"202200019098";"779 985";"A01";"3";"7";"0";"1";"3";"1";"1";""
"202200019099";"779 984";"B01";"2";"7";"0";"2";"1";"0";"0";""
"202200019099";"779 987";"A01";"1";"7";"0";"2";"1";"13";"1";""
"202200019100";"779 982";"A01";"2";"10";"0";"2";"1";"15";"1";""
"202200019100";"779 983";"B01";"2";"50";"0";"2";"2";"1";"3";""
"202200019101";"779 980";"B01";"2";"50";"0";"2";"7";"1";"3";""
"202200019101";"779 981";"A01";"1";"7";"0";"9";"1";"9";"0";""
"202200019102";"779 978";"A01";"1";"7";"0";"2";"5";"22";"2";""
"202200019102";"779 979";"B01";"1";"1";"1";"0";"1";"1";"5";""
"202200019103";"779 976";"A01";"3";"7";"1";"0";"2";"26";"1";""
"202200019104";"779 975";"A01";"1";"10";"0";"1";"3";"1";"1";""
"202200019105";"779 977";"A01";"1";"7";"17";"0";"2";"1";"2";""
"202200019106";"779 974";"A01";"1";"7";"0";"1";"3";"1";"0";""
"202200019107";"779 973";"A01";"0";"7";"0";"1";"2";"0";"1";""
"202200019108";"779 972";"A01";"0";"37";"0";"1";"2";"1";"1";"1"
"202200019109";"779 971";"A01";"2";"10";"12";"0";"2";"15";"1";""
"202200019110";"779 969";"A01";"1";"7";"15";"0";"1";"26";"1";""
"202200019111";"779 968";"A01";"2";"7";"0";"2";"3";"19";"1";""
"202200019111";"779 970";"B01";"2";"33";"0";"2";"1";"1";"1";""
"202200019112";"779 964";"B01";"2";"10";"1";"0";"8";"24";"1";""
"202200019112";"779 965";"A01";"2";"7";"0";"2";"3";"13";"1";""
"202200019113";"779 963";"A01";"1";"32";"0";"2";"7";"12";"1";""
"202200019113";"779 966";"B01";"1";"7";"6";"2";"3";"1";"1";""
"202200019114";"779 962";"A01";"1";"7";"2";"0";"2";"1";"1";""
"202200019115";"779 957";"B01";"1";"34";"0";"2";"1";"1";"1";""