"Num_Acc";"id_vehicule";"num_veh";"senc";"catv";"obs";"obsm";"choc";"manv";"motor";"occutc"
"202200019115";"779 959";"A01";"2";"7";"0";"2";"5";"10";"1";""
"202200019116";"779 956";"B01";"2";"50";"0";"2";"1";"1";"3";""
"202200019116";"779 958";"A01";"2";"7";"0";"2";"8";"15";"2";""
"202200019117";"779 954";"B01";"2";"7";"0";"2";"1";"0";"1";""
"202200019117";"779 955";"A01";"2";"10";"0";"2";"0";"26";"1";""
"202200019118";"779 951";"A01";"1";"7";"0";"9";"3";"9";"1";""
"202200019118";"779 953";"B01";"2";"1";"0";"2";"1";"1";"5";""
"202200019119";"779 950";"A01";"1";"7";"0";"2";"1";"15";"1";""
"202200019119";"779 952";"B01";"2";"32";"0";"2";"1";"1";"3";""
"202200019120";"779 948";"B01";"1";"7";"0";"2";"4";"2";"1";""
"202200019120";"779 949";"A01";"1";"7";"0";"2";"1";"2";"1";""
"202200019121";"779 944";"A01";"1";"7";"0";"1";"1";"15";"1";""
"202200019122";"779 943";"B01";"1";"7";"0";"2";"4";"1";"1";""
"202200019122";"779 945";"A01";"1";"7";"0";"2";"1";"1";"1";""
"202200019123";"779 942";"Z01";"0";"7";"0";"1";"0";"16";"0";""
"202200019124";"779 941";"A01";"1";"33";"0";"1";"2";"1";"1";""
"202200019125";"779 940";"A01";"0";"7";"0";"1";"1";"2";"1";""
"202200019126";"779 939";"A01";"3";"7";"0";"1";"2";"1";"1";""
"202200019127";"779 938";"A01";"1";"7";"0";"1";"1";"15";"1";""
"202200019128";"779 937";"A01";"1";"7";"0";"1";"1";"17";"1";""
"202200019129";"779 934";"A01";"2";"7";"0";"2";"4";"26";"1";""
"202200019129";"779 935";"B01";"2";"7";"16";"0";"0";"0";"1";""
"202200019130";"779 933";"B01";"2";"30";"0";"0";"4";"23";"1";""
"202200019130";"779 936";"A01";"2";"10";"0";"2";"1";"11";"1";""
"202200019131";"779 930";"B01";"1";"1";"0";"2";"5";"1";"5";""
"202200019131";"779 932";"A01";"2";"7";"0";"2";"1";"9";"1";""
"202200019132";"779 929";"A01";"3";"50";"0";"2";"1";"19";"3";""
"202200019132";"779 931";"B01";"3";"7";"0";"2";"1";"1";"1";""
"202200019133";"779 925";"B01";"1";"7";"0";"2";"2";"1";"1";""
"202200019133";"779 926";"A01";"1";"10";"0";"2";"8";"26";"1";""
"202200019134";"779 923";"A01";"2";"10";"0";"2";"2";"5";"0";""
"202200019134";"779 924";"B01";"2";"7";"0";"2";"3";"1";"1";""
"202200019134";"779 927";"C01";"2";"7";"0";"2";"1";"5";"1";""
"202200019134";"779 928";"D01";"2";"7";"0";"2";"6";"1";"1";""
"202200019135";"779 921";"B01";"2";"7";"0";"2";"1";"1";"1";""
"202200019135";"779 922";"A01";"2";"7";"0";"2";"7";"1";"1";""
"202200019136";"779 919";"A01";"0";"7";"0";"2";"1";"0";"1";""
"202200019136";"779 920";"B01";"0";"7";"0";"2";"4";"2";"1";""
"202200019137";"779 917";"A01";"1";"7";"1";"0";"2";"0";"1";""
"202200019138";"779 918";"A01";"0";"7";"0";"1";"1";"16";"1";""
"202200019139";"779 915";"A01";"2";"7";"0";"1";"0";"1";"2";""
"202200019140";"779 913";"C01";"2";"7";"0";"2";"3";"1";"1";""
"202200019140";"779 914";"B01";"1";"7";"0";"2";"6";"16";"1";""
"202200019140";"779 916";"A01";"1";"7";"0";"2";"2";"1";"1";""
"202200019141";"779 911";"B01";"1";"1";"1";"0";"1";"1";"5";""
"202200019141";"779 912";"A01";"1";"10";"0";"2";"1";"20";"1";""
"202200019142";"779 909";"A01";"1";"7";"0";"1";"4";"20";"1";""
"202200019143";"779 908";"B01";"2";"1";"0";"2";"7";"1";"5";""
"202200019143";"779 910";"A01";"1";"38";"0";"2";"1";"9";"1";"1"
"202200019144";"779 906";"B01";"1";"50";"0";"2";"1";"1";"3";""
"202200019144";"779 907";"A01";"1";"7";"0";"2";"3";"20";"1";""
"202200019145";"779 904";"A01";"1";"7";"0";"2";"7";"1";"1";""
"202200019145";"779 905";"B01";"1";"1";"0";"2";"1";"1";"5";""
"202200019146";"779 902";"A01";"1";"7";"0";"1";"1";"1";"1";""
"202200019147";"779 901";"A01";"1";"7";"0";"2";"2";"15";"1";""
"202200019147";"779 903";"B01";"2";"32";"0";"2";"1";"1";"1";""
"202200019148";"779 898";"A01";"2";"1";"0";"2";"5";"1";"5";""
"202200019148";"779 900";"B01";"3";"7";"0";"2";"2";"1";"1";""
"202200019149";"779 897";"B01";"0";"7";"0";"2";"3";"1";"2";""
"202200019149";"779 899";"A01";"0";"7";"0";"2";"2";"1";"1";""
"202200019150";"779 895";"A01";"2";"2";"0";"0";"0";"21";"1";""
"202200019151";"779 894";"A01";"1";"7";"0";"2";"7";"26";"1";""
"202200019151";"779 896";"B01";"1";"10";"0";"2";"3";"1";"1";""
"202200019152";"779 891";"B01";"3";"7";"0";"2";"1";"1";"1";""
"202200019152";"779 892";"A01";"3";"7";"0";"2";"4";"17";"1";""
"202200019153";"779 890";"B01";"2";"14";"0";"2";"3";"1";"1";""
"202200019153";"779 893";"A01";"2";"7";"4";"2";"2";"1";"1";""
"202200019154";"779 889";"A01";"2";"30";"0";"0";"7";"1";"1";""
"202200019155";"779 887";"B01";"2";"7";"0";"2";"3";"1";"2";""
"202200019155";"779 888";"A01";"1";"7";"0";"2";"7";"1";"1";""
"202200019156";"779 886";"A01";"2";"10";"0";"1";"2";"1";"1";""
"202200019157";"779 885";"A01";"2";"50";"0";"0";"3";"26";"3";""
"202200019158";"779 883";"B01";"1";"2";"0";"2";"7";"0";"0";""
"202200019158";"779 884";"A01";"3";"7";"0";"2";"1";"9";"1";""
"202200019159";"779 881";"B01";"1";"7";"0";"2";"3";"1";"1";""
"202200019159";"779 882";"A01";"1";"7";"0";"2";"1";"1";"1";""
"202200019160";"779 879";"A01";"1";"34";"0";"0";"3";"1";"1";""
"202200019161";"779 876";"B01";"1";"7";"0";"2";"8";"1";"1";""
"202200019161";"779 878";"C01";"1";"7";"0";"2";"9";"1";"1";""
"202200019161";"779 880";"A01";"3";"7";"0";"2";"1";"17";"1";""
"202200019162";"779 875";"A01";"1";"7";"0";"2";"7";"1";"1";""
"202200019162";"779 877";"B01";"0";"10";"0";"0";"6";"15";"1";""
"202200019163";"779 873";"A01";"0";"7";"0";"1";"1";"1";"2";""
"202200019164";"779 874";"A01";"1";"33";"0";"9";"0";"1";"1";""
"202200019165";"779 872";"A01";"1";"31";"0";"1";"1";"1";"3";""
"202200019166";"779 870";"B01";"1";"31";"0";"2";"1";"0";"1";""
"202200019166";"779 871";"A01";"2";"7";"0";"2";"1";"10";"1";""
"202200019167";"779 868";"B01";"1";"7";"0";"2";"0";"15";"1";""
"202200019167";"779 869";"A01";"1";"7";"0";"2";"0";"1";"1";""
"202200019168";"779 866";"A01";"1";"7";"0";"1";"3";"26";"1";""
"202200019169";"779 863";"A01";"2";"7";"0";"1";"1";"1";"2";""
"202200019170";"779 864";"A01";"1";"33";"0";"2";"1";"17";"1";""
"202200019170";"779 865";"B01";"1";"7";"0";"2";"3";"1";"1";""
"202200019170";"779 867";"C01";"2";"7";"0";"2";"8";"1";"1";""
"202200019171";"779 862";"A01";"1";"7";"0";"1";"1";"1";"1";""
"202200019172";"779 859";"A01";"3";"7";"0";"2";"1";"16";"1";""
"202200019172";"779 860";"B01";"3";"33";"0";"2";"4";"16";"1";""
"202200019173";"779 858";"A01";"2";"32";"0";"2";"0";"1";"1";""
"202200019173";"779 861";"B01";"1";"7";"0";"2";"0";"15";"1";""
"202200019174";"779 856";"A01";"1";"7";"0";"2";"8";"10";"1";""
"202200019174";"779 857";"B01";"2";"7";"0";"2";"2";"1";"1";""
"202200019175";"779 855";"A01";"3";"7";"0";"1";"2";"1";"1";""
"202200019176";"779 851";"B01";"0";"7";"0";"2";"1";"1";"1";""
"202200019176";"779 853";"A01";"0";"7";"0";"2";"3";"1";"1";""
"202200019177";"779 852";"B01";"0";"31";"0";"2";"4";"23";"1";""
"202200019177";"779 854";"A01";"0";"7";"0";"2";"3";"1";"1";""
"202200019178";"779 848";"A01";"1";"31";"0";"2";"2";"3";"1";""
"202200019178";"779 849";"B01";"1";"7";"0";"2";"8";"11";"1";""
"202200019179";"779 845";"A01";"3";"7";"0";"2";"3";"15";"1";""
"202200019179";"779 846";"B01";"3";"32";"0";"2";"2";"2";"1";""
"202200019180";"779 847";"B01";"0";"2";"0";"2";"1";"0";"1";""
"202200019180";"779 850";"Z01";"3";"7";"0";"2";"1";"5";"1";""
"202200019181";"779 842";"A01";"1";"7";"0";"2";"2";"9";"1";""
"202200019181";"779 844";"B01";"2";"50";"0";"2";"1";"1";"3";""
"202200019182";"779 841";"B01";"1";"33";"0";"2";"1";"1";"1";""
"202200019182";"779 843";"A01";"2";"10";"0";"2";"3";"19";"1";""
"202200019183";"779 839";"A01";"2";"7";"0";"2";"3";"5";"0";""
"202200019183";"779 840";"B01";"1";"33";"0";"2";"8";"1";"1";""
"202200019184";"779 836";"A01";"2";"7";"0";"2";"0";"0";"0";""
"202200019184";"779 837";"B01";"2";"7";"0";"2";"7";"1";"1";""
"202200019184";"779 838";"C01";"2";"7";"0";"2";"5";"1";"1";""
"202200019185";"779 833";"Z01";"1";"1";"0";"1";"0";"17";"5";""
"202200019186";"779 830";"B01";"3";"7";"0";"2";"6";"1";"2";""
"202200019186";"779 832";"A01";"3";"7";"0";"2";"3";"5";"1";""
"202200019187";"779 831";"C01";"1";"7";"0";"2";"8";"1";"1";""
"202200019187";"779 834";"B01";"2";"2";"0";"2";"1";"2";"1";""
"202200019187";"779 835";"A01";"2";"7";"0";"2";"8";"22";"1";""
"202200019188";"779 829";"A01";"1";"7";"6";"0";"2";"21";"1";""
"202200019189";"779 828";"A01";"2";"7";"11";"0";"1";"1";"1";""
"202200019190";"779 826";"B01";"1";"15";"13";"0";"8";"1";"1";""
"202200019190";"779 827";"A01";"2";"15";"0";"0";"3";"5";"1";""
"202200019191";"779 822";"A01";"3";"7";"0";"2";"7";"19";"1";""
"202200019191";"779 824";"B01";"1";"7";"0";"2";"3";"1";"1";""
"202200019192";"779 823";"B01";"1";"7";"0";"2";"1";"1";"1";""
"202200019192";"779 825";"A01";"2";"7";"0";"2";"2";"15";"1";""
"202200019193";"779 820";"A01";"1";"7";"0";"2";"2";"1";"1";""
"202200019193";"779 821";"B01";"2";"7";"0";"2";"3";"26";"1";""
"202200019194";"779 817";"A01";"1";"7";"0";"2";"2";"19";"1";""
"202200019194";"779 819";"B01";"1";"2";"0";"2";"8";"0";"1";""
"202200019195";"779 816";"B01";"1";"15";"0";"2";"4";"2";"1";""
"202200019195";"779 818";"A01";"1";"7";"0";"2";"1";"2";"1";""
"202200019196";"779 813";"A01";"1";"7";"2";"0";"1";"13";"1";""
"202200019197";"779 814";"A01";"1";"7";"0";"2";"2";"26";"1";""
"202200019197";"779 815";"B01";"1";"7";"0";"1";"2";"23";"1";""
"202200019198";"779 810";"A01";"3";"7";"2";"0";"1";"0";"0";""
"202200019199";"779 811";"A01";"0";"32";"14";"0";"1";"13";"1";""
"202200019200";"779 809";"A01";"2";"7";"0";"1";"7";"1";"1";""
"202200019201";"779 808";"Z01";"1";"32";"0";"1";"3";"1";"0";""
"202200019202";"779 807";"A01";"0";"7";"17";"0";"1";"1";"1";""
"202200019203";"779 805";"A01";"3";"7";"0";"1";"3";"15";"1";""
"202200019204";"779 804";"Z01";"2";"7";"0";"2";"2";"5";"1";""
"202200019204";"779 806";"B01";"1";"31";"0";"2";"3";"1";"1";""
"202200019205";"779 803";"A01";"3";"2";"0";"0";"0";"1";"1";""
"202200019206";"779 802";"A01";"1";"7";"0";"9";"5";"26";"1";""
"202200019207";"779 800";"A01";"1";"7";"4";"2";"1";"0";"1";""
"202200019207";"779 801";"B01";"1";"7";"5";"2";"4";"0";"1";""
"202200019208";"779 799";"A01";"3";"7";"0";"1";"1";"26";"1";""
"202200019209";"779 798";"A01";"1";"7";"4";"0";"3";"21";"1";""
"202200019210";"779 796";"A01";"1";"32";"0";"2";"3";"1";"1";""
"202200019210";"779 797";"B01";"2";"14";"0";"2";"2";"15";"1";""
"202200019211";"779 793";"B01";"1";"2";"0";"0";"7";"17";"1";""
"202200019211";"779 795";"A01";"2";"7";"0";"2";"1";"15";"1";""
"202200019212";"779 792";"A01";"1";"43";"0";"2";"1";"2";"1";""
"202200019212";"779 794";"B01";"1";"7";"0";"2";"5";"2";"1";""
"202200019213";"779 790";"A01";"2";"7";"14";"0";"2";"0";"1";""
"202200019214";"779 786";"A01";"2";"7";"0";"0";"8";"14";"1";""
"202200019215";"779 787";"Z01";"0";"0";"0";"2";"0";"1";"0";""
"202200019215";"779 788";"A01";"2";"31";"0";"2";"3";"11";"1";""
"202200019216";"779 785";"A01";"3";"7";"0";"2";"3";"15";"1";""
"202200019216";"779 789";"C01";"3";"7";"0";"2";"1";"15";"1";""
"202200019216";"779 791";"B01";"3";"7";"0";"2";"1";"1";"1";""
"202200019217";"779 781";"B01";"1";"7";"0";"2";"7";"21";"1";""
"202200019217";"779 784";"A01";"1";"7";"0";"2";"2";"13";"1";""
"202200019218";"779 780";"A01";"1";"7";"0";"2";"7";"12";"2";""
"202200019218";"779 783";"B01";"1";"32";"0";"2";"8";"3";"1";""
"202200019219";"779 779";"A01";"2";"31";"0";"2";"3";"1";"1";""
"202200019219";"779 782";"B01";"2";"7";"0";"2";"5";"1";"1";""
"202200019220";"779 778";"A01";"2";"7";"13";"0";"3";"1";"1";""
"202200019221";"779 775";"A01";"1";"33";"12";"0";"1";"21";"1";""
"202200019222";"779 774";"A01";"1";"7";"12";"0";"1";"1";"1";""
"202200019223";"779 771";"D01";"2";"7";"0";"2";"6";"1";"2";""
"202200019223";"779 773";"C01";"2";"7";"0";"2";"6";"1";"1";""
"202200019223";"779 776";"B01";"2";"33";"0";"2";"8";"3";"1";""
"202200019223";"779 777";"A01";"2";"7";"0";"2";"7";"12";"1";""
"202200019224";"779 770";"A01";"2";"33";"0";"2";"8";"13";"1";""
"202200019224";"779 772";"B01";"2";"7";"0";"2";"6";"1";"1";""
"202200019225";"779 768";"B01";"2";"14";"0";"2";"6";"1";"1";""
"202200019225";"779 769";"A01";"2";"7";"0";"2";"1";"0";"1";""
"202200019226";"779 767";"A01";"1";"10";"0";"1";"1";"1";"1";""
"202200019227";"779 766";"A01";"2";"31";"0";"1";"1";"1";"1";""
"202200019228";"779 765";"A01";"1";"7";"13";"0";"1";"15";"3";""
"202200019229";"779 763";"A01";"2";"7";"0";"1";"2";"16";"2";""
"202200019230";"779 761";"B01";"2";"2";"0";"2";"6";"1";"1";""
"202200019230";"779 764";"A01";"1";"7";"0";"2";"3";"15";"1";""
"202200019231";"779 757";"A01";"2";"7";"13";"0";"3";"13";"1";""
"202200019232";"779 756";"A01";"1";"32";"0";"2";"2";"17";"1";""
"202200019232";"779 758";"B01";"1";"7";"0";"2";"3";"20";"1";""
"202200019233";"779 755";"A01";"2";"30";"0";"2";"1";"17";"1";""
"202200019233";"779 759";"B01";"1";"7";"0";"2";"1";"15";"1";""
"202200019234";"779 754";"A01";"3";"32";"9";"0";"3";"5";"1";""
"202200019235";"779 752";"A01";"1";"17";"2";"0";"1";"14";"1";""
"202200019236";"779 750";"A01";"2";"10";"0";"1";"3";"20";"1";""
"202200019237";"779 751";"A01";"3";"30";"0";"2";"1";"1";"1";""
"202200019237";"779 753";"B01";"3";"7";"0";"2";"8";"9";"1";""
"202200019238";"779 749";"A01";"1";"7";"3";"0";"1";"1";"1";""
"202200019239";"779 746";"A01";"3";"33";"13";"0";"1";"2";"1";""
"202200019240";"779 745";"B01";"3";"7";"0";"2";"8";"11";"1";""
"202200019240";"779 748";"A01";"3";"33";"0";"2";"2";"3";"1";""
"202200019241";"779 744";"A01";"3";"7";"0";"2";"3";"10";"1";""
"202200019241";"779 747";"B01";"3";"32";"0";"2";"1";"1";"3";""
"202200019242";"779 738";"A01";"1";"7";"0";"2";"0";"9";"1";""
"202200019242";"779 743";"B01";"1";"2";"0";"2";"7";"12";"1";""
"202200019243";"779 740";"A01";"1";"30";"0";"2";"3";"15";"1";""
"202200019243";"779 742";"B01";"1";"7";"0";"2";"2";"1";"2";""
"202200019244";"779 739";"B01";"1";"7";"0";"2";"4";"2";"1";""
"202200019244";"779 741";"A01";"1";"7";"0";"2";"1";"1";"1";""
"202200019245";"779 737";"A01";"3";"10";"16";"0";"1";"1";"1";""
"202200019246";"779 735";"A01";"1";"10";"0";"2";"3";"15";"1";""
"202200019246";"779 736";"B01";"2";"1";"0";"2";"1";"7";"5";""
"202200019247";"779 733";"A01";"1";"50";"0";"2";"1";"2";"3";""
"202200019247";"779 734";"B01";"1";"7";"0";"2";"4";"23";"1";""
"202200019248";"779 730";"A01";"2";"2";"0";"0";"0";"1";"3";""
"202200019248";"779 732";"B01";"3";"7";"0";"0";"0";"20";"1";""
"202200019249";"779 727";"A01";"2";"7";"0";"2";"1";"0";"1";""
"202200019249";"779 729";"B01";"1";"15";"0";"2";"1";"1";"1";""
"202200019250";"779 726";"A01";"1";"7";"2";"0";"0";"0";"1";""
"202200019251";"779 724";"A01";"2";"10";"2";"0";"3";"0";"1";""
"202200019252";"779 721";"B01";"2";"7";"0";"2";"3";"1";"1";""
"202200019252";"779 722";"A01";"1";"7";"0";"2";"3";"17";"1";""
"202200019253";"779 728";"A01";"1";"7";"0";"2";"8";"15";"2";""
"202200019253";"779 731";"B01";"1";"32";"0";"2";"2";"17";"1";""
"202200019254";"779 718";"A01";"1";"7";"0";"0";"4";"15";"1";""
"202200019254";"779 719";"B01";"1";"7";"0";"2";"4";"23";"2";""
"202200019254";"779 720";"C01";"1";"7";"0";"2";"1";"1";"1";""
"202200019255";"779 716";"B01";"1";"17";"0";"2";"1";"1";"1";""
"202200019255";"779 717";"A01";"2";"7";"0";"2";"1";"13";"1";""
"202200019256";"779 723";"B01";"3";"7";"0";"2";"0";"9";"1";""
"202200019256";"779 725";"A01";"3";"50";"0";"2";"1";"1";"3";""
"202200019257";"779 713";"A01";"2";"7";"0";"2";"3";"15";"1";""
"202200019257";"779 714";"B01";"2";"7";"0";"2";"1";"17";"1";""
"202200019258";"779 711";"A01";"3";"7";"0";"2";"1";"1";"1";""
"202200019258";"779 712";"B01";"3";"7";"0";"2";"8";"1";"1";""
"202200019259";"779 715";"A01";"2";"7";"0";"1";"1";"9";"1";""
"202200019260";"779 708";"B01";"2";"7";"0";"2";"1";"1";"1";""
"202200019260";"779 709";"A01";"1";"7";"0";"2";"1";"5";"1";""
"202200019261";"779 705";"B01";"1";"7";"0";"0";"4";"1";"3";""
"202200019261";"779 706";"A01";"1";"7";"0";"2";"1";"1";"1";""
"202200019262";"779 703";"B01";"1";"0";"0";"9";"0";"0";"0";""
"202200019262";"779 704";"A01";"2";"1";"0";"2";"0";"0";"5";""
"202200019263";"779 700";"B01";"1";"7";"0";"2";"6";"0";"1";""
"202200019263";"779 701";"A01";"1";"7";"0";"2";"1";"1";"1";""
"202200019264";"779 707";"B01";"1";"1";"0";"2";"3";"1";"5";""
"202200019264";"779 710";"A01";"1";"7";"0";"2";"1";"15";"1";""
"202200019265";"779 698";"A01";"1";"7";"0";"2";"3";"13";"1";""
"202200019265";"779 702";"B01";"1";"1";"0";"2";"1";"17";"5";""
"202200019266";"779 695";"A01";"1";"7";"0";"2";"3";"13";"2";""
"202200019266";"779 697";"B01";"2";"7";"0";"2";"3";"1";"1";""
"202200019267";"779 694";"A01";"1";"33";"0";"1";"1";"1";"1";""
"202200019268";"779 692";"B01";"2";"7";"0";"2";"1";"1";"1";""
"202200019268";"779 693";"A01";"1";"7";"0";"2";"1";"13";"1";""
"202200019269";"779 689";"A01";"2";"7";"0";"2";"2";"1";"1";""
"202200019269";"779 696";"B01";"2";"1";"0";"2";"0";"1";"5";""
"202200019270";"779 690";"A01";"2";"31";"0";"0";"0";"1";"1";""
"202200019271";"779 687";"A01";"2";"1";"0";"2";"8";"1";"5";""
"202200019271";"779 688";"Z01";"2";"7";"0";"2";"2";"17";"1";""
"202200019272";"779 685";"A01";"1";"30";"14";"0";"3";"14";"3";""
"202200019273";"779 686";"A01";"1";"7";"0";"2";"1";"10";"1";""
"202200019273";"779 691";"B01";"3";"50";"0";"2";"7";"1";"3";""
"202200019274";"779 682";"A01";"3";"1";"0";"2";"3";"1";"5";""
"202200019274";"779 683";"B01";"2";"7";"0";"2";"3";"1";"2";""
"202200019275";"779 681";"B01";"2";"7";"0";"2";"2";"1";"1";""
"202200019275";"779 684";"A01";"1";"7";"13";"2";"9";"13";"1";""
"202200019276";"779 680";"A01";"2";"1";"0";"1";"1";"1";"5";""
"202200019277";"779 677";"A01";"1";"10";"0";"2";"2";"16";"1";""
"202200019277";"779 679";"B01";"1";"1";"0";"2";"3";"1";"5";""
"202200019278";"779 676";"B01";"2";"15";"0";"2";"6";"2";"1";""
"202200019278";"779 678";"A01";"2";"7";"3";"2";"2";"11";"1";""
"202200019279";"779 673";"B01";"1";"7";"0";"2";"2";"15";"2";""
"202200019279";"779 675";"A01";"2";"10";"0";"2";"1";"1";"0";""
"202200019280";"779 672";"A01";"1";"7";"2";"0";"0";"0";"1";""
"202200019281";"779 671";"A01";"1";"7";"0";"2";"2";"9";"2";""
"202200019281";"779 674";"B01";"2";"33";"0";"2";"1";"1";"1";""
"202200019282";"779 670";"A01";"2";"7";"16";"0";"9";"1";"1";""
"202200019283";"779 669";"A01";"1";"7";"0";"1";"1";"1";"1";""
"202200019284";"779 667";"B01";"2";"10";"0";"2";"3";"15";"1";""
"202200019284";"779 668";"A01";"2";"32";"0";"2";"2";"17";"1";""
"202200019285";"779 666";"A01";"1";"15";"0";"0";"8";"1";"1";""
"202200019286";"779 664";"A01";"1";"33";"0";"2";"2";"17";"1";""
"202200019286";"779 665";"B01";"2";"7";"0";"2";"2";"15";"1";""
"202200019287";"779 661";"A01";"2";"7";"0";"2";"3";"1";"0";""
"202200019287";"779 663";"B01";"1";"7";"0";"2";"3";"26";"1";""
"202200019288";"779 660";"A01";"2";"1";"0";"2";"0";"7";"5";""
"202200019288";"779 662";"Z01";"3";"30";"0";"2";"0";"8";"0";""
"202200019289";"779 658";"A01";"1";"7";"0";"9";"1";"16";"1";""
"202200019289";"779 659";"B01";"1";"50";"0";"2";"1";"1";"3";""
"202200019290";"779 655";"A01";"2";"7";"0";"1";"1";"1";"1";""
"202200019291";"779 653";"A01";"2";"7";"0";"2";"3";"2";"1";""
"202200019291";"779 654";"B01";"2";"7";"0";"2";"2";"2";"1";""
"202200019291";"779 656";"C01";"2";"13";"0";"2";"4";"23";"1";""
"202200019292";"779 651";"JA01";"2";"7";"0";"9";"1";"2";"1";""
"202200019292";"779 652";"B01";"2";"1";"0";"2";"0";"0";"5";""
"202200019293";"779 647";"B01";"2";"7";"0";"2";"8";"1";"1";""
"202200019293";"779 649";"A01";"1";"30";"0";"2";"1";"1";"1";""
"202200019294";"779 648";"A01";"0";"50";"0";"0";"0";"0";"3";""
"202200019295";"779 650";"B01";"2";"7";"0";"2";"1";"1";"1";""
"202200019295";"779 657";"A01";"1";"7";"3";"0";"1";"1";"1";""
"202200019296";"779 646";"A01";"1";"1";"0";"0";"0";"1";"5";""
"202200019297";"779 645";"A01";"2";"7";"0";"1";"3";"1";"1";""
"202200019298";"779 643";"A01";"0";"7";"0";"1";"4";"26";"1";""
"202200019299";"779 644";"A01";"1";"7";"0";"1";"2";"9";"1";""
"202200019300";"779 641";"A01";"1";"10";"0";"2";"1";"2";"1";""
"202200019300";"779 642";"B01";"1";"0";"0";"2";"0";"0";"0";""
"202200019301";"779 638";"A01";"2";"32";"0";"2";"1";"2";"1";""
"202200019301";"779 640";"B01";"2";"7";"0";"0";"7";"2";"1";""
"202200019302";"779 637";"A01";"1";"7";"6";"0";"1";"0";"1";""
"202200019303";"779 634";"A01";"2";"7";"0";"2";"0";"0";"1";""
"202200019303";"779 636";"B01";"2";"7";"0";"2";"0";"0";"1";""
"202200019304";"779 632";"A01";"3";"32";"0";"2";"3";"17";"1";""
"202200019304";"779 633";"B01";"0";"1";"0";"2";"3";"15";"5";""
"202200019305";"779 631";"A01";"1";"33";"0";"1";"0";"0";"1";""
"202200019306";"779 635";"B01";"2";"7";"0";"2";"1";"13";"1";""
"202200019306";"779 639";"A01";"1";"10";"0";"2";"3";"1";"1";""
"202200019307";"779 630";"A01";"1";"7";"0";"1";"1";"1";"1";""
"202200019308";"779 628";"A01";"2";"7";"0";"2";"1";"1";"1";""
"202200019308";"779 629";"B01";"2";"7";"0";"2";"4";"1";"1";""
"202200019309";"779 627";"A01";"1";"7";"12";"0";"3";"14";"1";""
"202200019310";"779 624";"C01";"2";"7";"1";"0";"1";"2";"1";""
"202200019310";"779 625";"B01";"2";"7";"0";"2";"1";"23";"1";""
"202200019310";"779 626";"A01";"2";"7";"0";"2";"4";"23";"1";""
"202200019311";"779 623";"A01";"1";"7";"0";"1";"5";"20";"0";""
"202200019312";"779 621";"A01";"2";"30";"0";"2";"0";"0";"0";""
"202200019313";"779 622";"A01";"3";"21";"0";"0";"0";"0";"0";""
"202200019314";"779 617";"A01";"1";"30";"12";"2";"0";"18";"1";""
"202200019314";"779 618";"B01";"1";"15";"12";"2";"0";"16";"1";""
"202200019315";"779 619";"B01";"2";"32";"0";"2";"3";"1";"1";""
"202200019315";"779 620";"A01";"2";"7";"0";"2";"2";"14";"0";""
"202200019316";"779 614";"B01";"1";"7";"0";"2";"3";"15";"1";""
"202200019316";"779 616";"A01";"1";"32";"0";"2";"1";"17";"1";""
"202200019317";"779 613";"A01";"1";"10";"0";"2";"7";"16";"1";""
"202200019317";"779 615";"B01";"1";"50";"0";"2";"1";"1";"3";""
"202200019318";"779 611";"A01";"2";"7";"0";"1";"2";"1";"1";""
"202200019319";"779 612";"A01";"0";"7";"6";"0";"1";"1";"1";""
"202200019320";"779 607";"A01";"1";"14";"0";"2";"1";"2";"1";""
"202200019320";"779 608";"B01";"1";"14";"0";"2";"4";"23";"1";""
"202200019320";"779 610";"C01";"1";"14";"0";"2";"4";"23";"1";""
"202200019321";"779 606";"B01";"3";"7";"0";"0";"4";"23";"1";""
"202200019321";"779 609";"A01";"3";"7";"0";"2";"1";"2";"1";""
"202200019322";"779 602";"B01";"0";"30";"0";"2";"7";"1";"0";""
"202200019322";"779 604";"A01";"0";"10";"0";"2";"2";"15";"0";""
"202200019323";"779 601";"A01";"1";"34";"0";"2";"1";"0";"0";""
"202200019323";"779 603";"Z01";"1";"7";"0";"2";"1";"15";"1";""
"202200019324";"779 605";"A01";"2";"7";"0";"1";"1";"1";"1";""
"202200019325";"779 597";"A01";"1";"7";"0";"2";"4";"2";"1";""
"202200019325";"779 599";"B01";"1";"2";"0";"2";"1";"2";"1";""
"202200019326";"779 596";"Y01";"2";"1";"0";"2";"7";"15";"5";""
"202200019326";"779 600";"A01";"2";"32";"0";"2";"1";"1";"0";""
"202200019327";"779 595";"A01";"0";"7";"0";"2";"3";"13";"1";""
"202200019327";"779 598";"B01";"0";"33";"0";"2";"1";"1";"1";""
"202200019328";"779 593";"A01";"2";"7";"14";"1";"3";"1";"1";""
"202200019329";"779 592";"A01";"1";"7";"14";"0";"1";"2";"1";""
"202200019330";"779 591";"B01";"1";"1";"0";"2";"2";"1";"5";""
"202200019330";"779 594";"A01";"1";"7";"0";"9";"2";"15";"1";""
"202200019331";"779 585";"A01";"1";"30";"0";"2";"6";"9";"1";""
"202200019331";"779 589";"B01";"1";"7";"0";"2";"3";"1";"1";""
"202200019332";"779 587";"B01";"1";"7";"3";"0";"3";"1";"1";""
"202200019332";"779 590";"A01";"1";"7";"0";"0";"3";"0";"1";""