"Num_Acc";"id_vehicule";"num_veh";"senc";"catv";"obs";"obsm";"choc";"manv";"motor";"occutc"
"202200019553";"779 208";"A01";"2";"31";"0";"2";"7";"3";"1";""
"202200019554";"779 205";"B01";"3";"50";"0";"2";"8";"19";"3";""
"202200019554";"779 206";"A01";"1";"10";"0";"2";"2";"1";"1";""
"202200019555";"779 203";"B01";"3";"50";"0";"2";"8";"25";"3";""
"202200019555";"779 204";"A01";"3";"7";"0";"2";"1";"1";"1";""
"202200019556";"779 201";"A01";"1";"7";"0";"1";"3";"1";"1";""
"202200019557";"779 200";"A01";"1";"7";"0";"2";"2";"16";"1";""
"202200019557";"779 202";"B01";"1";"33";"0";"2";"3";"1";"1";""
"202200019558";"779 199";"A01";"2";"32";"0";"1";"1";"1";"1";""
"202200019559";"779 197";"A01";"0";"10";"0";"2";"1";"1";"1";""
"202200019559";"779 198";"B01";"1";"50";"0";"2";"1";"1";"3";""
"202200019560";"779 195";"A01";"1";"7";"0";"2";"4";"2";"1";""
"202200019560";"779 196";"B01";"0";"7";"0";"0";"0";"0";"1";""
"202200019561";"779 192";"A01";"1";"43";"0";"2";"1";"2";"1";""
"202200019561";"779 194";"B01";"1";"7";"0";"2";"4";"23";"1";""
"202200019562";"779 191";"B01";"1";"7";"0";"2";"5";"1";"1";""
"202200019562";"779 193";"A01";"2";"7";"0";"2";"1";"1";"1";""
"202200019563";"779 188";"B01";"3";"1";"0";"2";"1";"1";"5";""
"202200019563";"779 190";"A01";"3";"80";"0";"2";"1";"1";"3";""
"202200019564";"779 187";"B01";"0";"2";"0";"2";"1";"3";"1";""
"202200019564";"779 189";"A01";"0";"7";"0";"2";"1";"9";"1";""
"202200019565";"779 185";"A01";"1";"1";"0";"2";"1";"2";"5";""
"202200019565";"779 186";"B01";"1";"1";"0";"2";"4";"2";"5";""
"202200019566";"779 183";"A01";"0";"10";"0";"1";"3";"1";"1";""
"202200019567";"779 182";"B01";"2";"3";"0";"1";"1";"23";"3";""
"202200019567";"779 184";"A01";"2";"7";"0";"2";"1";"2";"2";""
"202200019568";"779 180";"A01";"1";"7";"0";"0";"2";"1";"1";""
"202200019568";"779 181";"B01";"1";"7";"0";"0";"0";"0";"1";""
"202200019569";"779 178";"A01";"2";"1";"0";"9";"1";"1";"5";""
"202200019570";"779 179";"A01";"1";"1";"0";"1";"1";"1";"5";""
"202200019571";"779 174";"A01";"0";"34";"0";"2";"3";"7";"1";""
"202200019571";"779 176";"B01";"3";"80";"0";"2";"2";"12";"3";""
"202200019572";"779 173";"C01";"2";"37";"9";"2";"1";"2";"2";"1"
"202200019572";"779 175";"B01";"2";"10";"0";"2";"2";"2";"1";""
"202200019572";"779 177";"A01";"2";"3";"0";"2";"6";"0";"1";""
"202200019573";"779 170";"A01";"1";"7";"0";"2";"8";"13";"1";""
"202200019573";"779 172";"B01";"1";"2";"0";"2";"7";"17";"1";""
"202200019574";"779 169";"A01";"1";"7";"0";"2";"1";"1";"1";""
"202200019574";"779 171";"B01";"2";"7";"0";"2";"1";"1";"1";""
"202200019575";"779 166";"A01";"3";"7";"0";"2";"2";"16";"1";""
"202200019575";"779 168";"B01";"3";"30";"0";"2";"1";"2";"1";""
"202200019576";"779 167";"A01";"1";"7";"1";"0";"2";"0";"0";""
"202200019577";"779 164";"A01";"0";"32";"0";"2";"1";"2";"1";""
"202200019577";"779 165";"B01";"0";"7";"0";"0";"4";"2";"1";""
"202200019578";"779 162";"A01";"1";"32";"0";"2";"1";"26";"1";""
"202200019578";"779 163";"B01";"2";"7";"0";"2";"3";"15";"1";""
"202200019579";"779 161";"A01";"3";"3";"0";"1";"2";"1";"1";""
"202200019580";"779 158";"A01";"3";"7";"0";"0";"0";"15";"1";""
"202200019580";"779 160";"B01";"3";"2";"15";"0";"2";"1";"1";""
"202200019581";"779 157";"B01";"2";"1";"0";"2";"8";"1";"5";""
"202200019581";"779 159";"A01";"1";"7";"0";"2";"8";"9";"1";""
"202200019582";"779 153";"A01";"2";"30";"0";"2";"1";"18";"1";""
"202200019582";"779 155";"B01";"2";"7";"0";"2";"5";"16";"1";""
"202200019583";"779 150";"A01";"1";"7";"2";"0";"2";"16";"1";""
"202200019584";"779 149";"B01";"1";"7";"8";"0";"4";"2";"1";""
"202200019584";"779 151";"A01";"1";"7";"0";"2";"1";"2";"1";""
"202200019585";"779 152";"C01";"1";"7";"0";"0";"4";"1";"1";""
"202200019585";"779 154";"A01";"1";"7";"0";"2";"1";"0";"1";""
"202200019585";"779 156";"B01";"1";"7";"0";"0";"8";"2";"1";""
"202200019586";"779 148";"A01";"1";"31";"15";"0";"1";"1";"1";""
"202200019587";"779 147";"A01";"2";"7";"1";"0";"1";"14";"1";""
"202200019588";"779 144";"B01";"1";"7";"0";"2";"2";"2";"0";""
"202200019588";"779 146";"A01";"1";"7";"0";"0";"3";"15";"1";""
"202200019589";"779 143";"A01";"3";"21";"2";"0";"1";"1";"1";""
"202200019590";"779 142";"A01";"2";"3";"8";"0";"1";"14";"1";""
"202200019591";"779 140";"A01";"2";"7";"1";"0";"1";"1";"1";""
"202200019591";"779 141";"B01";"2";"7";"1";"2";" -1";"24";" -1";""
"202200019592";"779 138";"A01";"2";"7";"0";"0";"2";"15";"1";""
"202200019592";"779 139";"B01";"1";"1";"0";"2";"1";"1";"5";""
"202200019593";"779 137";"A01";"0";"7";"0";"0";"9";"1";"1";""
"202200019594";"779 136";"A01";"2";"17";"1";"0";"2";"1";"1";""
"202200019595";"779 135";"A01";"1";"7";"13";"0";"1";"1";"1";""
"202200019596";"779 134";"A01";"1";"30";"3";"0";"7";"1";"1";""
"202200019597";"779 131";"A01";"0";"2";"0";"0";"0";"0";"1";""
"202200019598";"779 126";"A01";"1";"33";"0";"2";"1";"17";"1";""
"202200019598";"779 128";"B01";"1";"7";"0";"2";"3";"15";"1";""
"202200019598";"779 130";"C01";"2";"7";"0";"2";"3";"24";"1";""
"202200019599";"779 127";"B01";"2";"7";"0";"0";"3";"1";"1";""
"202200019599";"779 129";"A01";"1";"7";"0";"0";"3";"1";"1";""
"202200019600";"779 124";"A01";"1";"7";"15";"0";"2";"2";"1";""
"202200019601";"779 123";"A01";"2";"7";"0";"2";"7";"15";"1";""
"202200019601";"779 125";"B01";"1";"33";"0";"2";"1";"1";"1";""
"202200019602";"779 120";"B01";"0";"7";"0";"0";"8";"0";"1";""
"202200019602";"779 121";"A01";"0";"10";"0";"2";"1";"1";"1";""
"202200019603";"779 122";"A01";"1";"33";"12";"0";"6";"1";"1";""
"202200019604";"779 119";"A01";"1";"7";"2";"0";"3";"13";"1";""
"202200019605";"779 117";"A01";"2";"7";"0";"2";"1";"5";"1";""
"202200019605";"779 118";"B01";"2";"7";"0";"2";"3";"1";"1";""
"202200019606";"779 114";"A01";"1";"7";"13";"0";"1";"13";"1";""
"202200019607";"779 113";"A01";"2";"7";"13";"2";"5";"13";"1";""
"202200019607";"779 115";"B01";"1";"7";"0";"2";"2";"1";"1";""
"202200019607";"779 116";"C01";"1";"7";"0";"2";"1";"1";"1";""
"202200019608";"779 112";"A01";"1";"2";"0";"0";"0";"1";"1";""
"202200019609";"779 110";"A01";"1";"33";"0";"2";"1";"1";"1";""
"202200019609";"779 111";"B01";"1";"10";"0";"2";"5";"15";"1";""
"202200019610";"779 108";"B01";"2";"33";"0";"2";"1";"2";"1";""
"202200019610";"779 109";"A01";"2";"7";"0";"0";"7";"16";"1";""
"202200019611";"779 107";"A01";"1";"7";"2";"0";"1";"1";"1";""
"202200019612";"779 105";"A01";"2";"33";"0";"0";"0";"26";"1";""
"202200019613";"779 102";"B01";"2";"7";"0";"2";"2";"1";"3";""
"202200019613";"779 103";"A01";"1";"7";"0";"2";"1";"5";"1";""
"202200019614";"779 101";"B01";"2";"7";"0";"2";"1";"1";"1";""
"202200019614";"779 104";"A01";"1";"2";"0";"2";"1";"1";"1";""
"202200019615";"779 099";"B01";"0";"7";"0";"2";"5";"1";"2";""
"202200019615";"779 100";"A01";"0";"2";"0";"2";"8";"26";"1";""
"202200019616";"779 098";"A01";"1";"33";"0";"6";"2";"1";"1";""
"202200019617";"779 097";"A01";"1";"1";"6";"0";"1";"1";"5";""
"202200019618";"779 093";"C01";"2";"7";"0";"2";"3";"1";"3";""
"202200019618";"779 095";"B01";"1";"7";"0";"0";"4";"23";"1";""
"202200019618";"779 096";"A01";"1";"7";"0";"2";"1";"1";"1";""
"202200019619";"779 092";"B01";"2";"16";"0";"2";"2";"1";"1";""
"202200019619";"779 094";"A01";"1";"7";"0";"2";"7";"15";"1";""
"202200019620";"779 090";"B01";"3";"33";"0";"2";"1";"1";"1";""
"202200019620";"779 091";"A01";"3";"7";"0";"2";"1";"15";"1";""
"202200019621";"779 089";"A01";"3";"2";"6";"0";"1";"1";"1";""
"202200019622";"779 086";"A01";"2";"2";"0";"2";"1";"1";"1";""
"202200019622";"779 088";"B01";"1";"7";"0";"2";"7";"19";"1";""
"202200019623";"779 085";"A01";"1";"7";"0";"2";"2";"15";"1";""
"202200019623";"779 087";"B01";"2";"7";"0";"2";"3";"1";"1";""
"202200019624";"779 083";"B01";"2";"1";"0";"2";"1";"1";"5";""
"202200019624";"779 084";"A01";"1";"7";"0";"2";"3";"26";"1";""
"202200019625";"779 080";"B01";"2";"10";"0";"0";"1";"1";"1";""
"202200019625";"779 082";"A01";"3";"2";"0";"2";"8";"1";"1";""
"202200019626";"779 079";"A01";"2";"7";"0";"2";"1";"0";"1";""
"202200019626";"779 081";"B01";"1";"7";"0";"2";"1";"0";"1";""
"202200019627";"779 078";"A01";"2";"7";"0";"1";"2";"21";"0";""
"202200019628";"779 076";"A01";"1";"7";"0";"2";"1";"5";"1";""
"202200019628";"779 077";"B01";"2";"7";"0";"2";"8";"1";"1";""
"202200019629";"779 074";"A01";"1";"33";"0";"2";"2";"15";"1";""
"202200019629";"779 075";"B01";"1";"7";"0";"2";"3";"17";"1";""
"202200019630";"779 072";"A01";"1";"2";"1";"0";"1";"14";"1";""
"202200019631";"779 071";"A01";"2";"7";"0";"2";"1";"13";"1";""
"202200019631";"779 073";"B01";"1";"13";"0";"2";"3";"1";"1";""
"202200019632";"779 067";"A01";"2";"7";"0";"2";"2";"2";"1";""
"202200019632";"779 068";"B01";"2";"2";"0";"0";"4";"2";"1";""
"202200019632";"779 070";"C01";"2";"2";"0";"0";"4";"2";"1";""
"202200019633";"779 065";"A01";"1";"7";"13";"9";"8";"1";"1";""
"202200019634";"779 063";"D01";"2";"7";"0";"2";"3";"1";"1";""
"202200019634";"779 064";"C01";"1";"7";"0";"2";"8";"1";"1";""
"202200019634";"779 066";"B01";"1";"7";"0";"2";"8";"1";"1";""
"202200019634";"779 069";"A01";"1";"7";"0";"2";"3";"13";"1";""
"202200019635";"779 062";"A01";"2";"33";"13";"0";"9";"1";"1";""
"202200019636";"779 060";"A01";"2";"7";"6";"0";"3";"13";"1";""
"202200019637";"779 061";"A01";"1";"80";"0";"0";"0";"0";"3";""
"202200019638";"779 056";"B01";"2";"17";"0";"2";"4";"1";"1";""
"202200019638";"779 058";"A01";"2";"7";"0";"2";"1";"1";"1";""
"202200019639";"779 055";"A01";"2";"7";"0";"2";"3";"13";"1";""
"202200019639";"779 057";"B01";"1";"7";"3";"2";"3";"1";"1";""
"202200019639";"779 059";"C01";"1";"7";"0";"2";"1";"1";"1";""
"202200019640";"779 052";"B01";"1";"7";"0";"2";"2";"1";"1";""
"202200019640";"779 053";"A01";"1";"32";"0";"2";"3";"1";"1";""
"202200019641";"779 050";"A01";"2";"7";"0";"2";"8";"10";"1";""
"202200019641";"779 051";"B01";"1";"31";"0";"2";"1";"2";"1";""
"202200019642";"779 048";"A01";"1";"33";"1";"2";"3";"0";"1";""
"202200019642";"779 049";"B01";"1";"7";"0";"0";"3";"26";"1";""
"202200019643";"779 047";"A01";"3";"7";"0";"1";"2";"1";"1";""
"202200019644";"779 045";"B01";"1";"15";"0";"2";"1";"1";"1";""
"202200019644";"779 046";"A01";"2";"7";"0";"2";"1";"17";"1";""
"202200019645";"779 044";"A01";"2";"38";"0";"2";"1";"2";"1";"37"
"202200019645";"779 054";"B01";"2";"17";"0";"2";"4";"2";"1";""
"202200019646";"779 043";"A01";"3";"7";"13";"0";"0";"1";"1";""
"202200019647";"779 042";"A01";"2";"7";"8";"0";"3";"1";"1";""
"202200019648";"779 039";"B01";"2";"30";"0";"2";"1";"1";"1";""
"202200019648";"779 040";"A01";"1";"31";"0";"2";"1";"5";"1";""
"202200019649";"779 038";"A01";"1";"7";"0";"2";"1";"5";"1";""
"202200019649";"779 041";"B01";"2";"7";"0";"2";"1";"1";"1";""
"202200019650";"779 035";"B01";"1";"7";"0";"2";"3";"1";"1";""
"202200019650";"779 037";"A01";"2";"7";"0";"2";"1";"13";"1";""
"202200019651";"779 034";"A01";"2";"7";"0";"2";"3";"5";"1";""
"202200019651";"779 036";"B01";"1";"7";"0";"2";"3";"1";"1";""
"202200019652";"779 032";"B01";"2";"7";"0";"2";"1";"1";"1";""
"202200019652";"779 033";"A01";"1";"7";"0";"2";"3";"1";"1";""
"202200019653";"779 031";"A01";"2";"7";"13";"0";"2";"26";"1";""
"202200019654";"779 028";"A01";"1";"7";"0";"2";"3";"10";"1";""
"202200019654";"779 029";"B01";"2";"34";"0";"0";"1";"0";"0";""
"202200019655";"779 027";"B01";"1";"7";"0";"9";"2";"1";"1";""
"202200019655";"779 030";"A01";"3";"1";"0";"2";"1";"15";"5";""
"202200019656";"779 024";"B01";"2";"33";"0";"2";"8";"1";"1";""
"202200019656";"779 026";"A01";"1";"7";"0";"2";"7";"1";"1";""
"202200019657";"779 023";"A01";"2";"7";"0";"2";"1";"5";"1";""
"202200019657";"779 025";"B01";"1";"10";"0";"2";"1";"1";"1";""
"202200019658";"779 022";"A01";"2";"7";"13";"0";"1";"1";"1";""
"202200019659";"779 020";"B01";"2";"10";"0";"2";"6";"15";"1";""
"202200019659";"779 021";"A01";"2";"33";"0";"2";"1";"2";"1";""
"202200019660";"779 018";"B01";"1";"30";"0";"2";"1";"17";"1";""
"202200019660";"779 019";"A01";"1";"7";"0";"0";"3";"15";"1";""
"202200019661";"779 016";"B01";"1";"7";"0";"2";"1";"1";"1";""
"202200019661";"779 017";"A01";"2";"7";"0";"2";"1";"15";"1";""
"202200019662";"779 012";"A01";"1";"7";"2";"0";"8";"19";"1";""
"202200019663";"779 013";"C01";"2";"1";"0";"2";"0";"1";"5";""
"202200019663";"779 014";"B01";"2";"1";"0";"2";"1";"1";"5";""
"202200019663";"779 015";"A01";"1";"7";"0";"0";"3";"17";"1";""
"202200019664";"779 011";"A01";"0";"7";"0";"1";"4";"4";"1";""
"202200019665";"779 010";"A01";"1";"7";"3";"0";"1";"13";"1";""
"202200019666";"779 008";"B01";"1";"7";"0";"2";"1";"1";"1";""
"202200019666";"779 009";"A01";"2";"7";"0";"2";"2";"13";"1";""
"202200019667";"779 006";"A01";"2";"7";"0";"1";"2";"1";"1";""
"202200019668";"779 005";"A01";"1";"7";"8";"0";"2";"1";"1";""
"202200019669";"779 002";"A01";"1";"7";"0";"0";"4";"23";"1";""
"202200019669";"779 004";"B01";"1";"7";"0";"2";"1";"1";"1";""
"202200019670";"779 003";"A01";"2";"31";"12";"0";"0";"1";"1";""
"202200019671";"779 001";"A01";"0";"7";"0";"1";"1";"15";"1";""
"202200019672";"779 000";"A01";"0";"7";"0";"1";"0";"0";"0";""
"202200019673";"778 998";"B01";"1";"7";"0";"2";"1";"1";"1";""
"202200019673";"778 999";"A01";"1";"10";"0";"2";"4";"1";"1";""
"202200019674";"778 997";"A01";"2";"17";"3";"0";"8";"6";"1";""
"202200019675";"778 994";"A01";"1";"31";"12";"0";"1";"1";"1";""
"202200019676";"778 992";"D01";"1";"7";"0";"2";"4";"1";"1";""
"202200019676";"778 993";"C01";"1";"7";"0";"2";"4";"1";"1";""
"202200019676";"778 995";"B01";"1";"7";"0";"2";"4";"1";"1";""
"202200019676";"778 996";"A01";"1";"7";"0";"2";"3";"2";"2";""
"202200019677";"778 991";"A01";"2";"33";"12";"0";"1";"1";"1";""
"202200019678";"778 989";"A01";"1";"17";"0";"2";"8";"0";"1";""
"202200019678";"778 990";"B01";"1";"7";"0";"2";"7";"0";"1";""
"202200019679";"778 986";"A01";"1";"10";"0";"2";"3";"15";"1";""
"202200019679";"778 987";"B01";"2";"34";"3";"2";"1";"1";"1";""
"202200019680";"778 984";"A01";"1";"33";"0";"2";"0";"3";"1";""
"202200019680";"778 985";"B01";"1";"7";"0";"2";"0";"0";"1";""
"202200019680";"778 988";"C01";"1";"7";"0";"2";"0";"0";"1";""
"202200019681";"778 981";"A01";"2";"7";"0";"2";"1";"15";"1";""
"202200019681";"778 983";"B01";"1";"7";"0";"2";"1";"1";"1";""
"202200019682";"778 982";"A01";"2";"7";"4";"0";"3";"1";"1";""
"202200019683";"778 980";"A01";"1";"7";"2";"0";"1";"14";"1";""
"202200019684";"778 978";"A01";"1";"10";"0";"2";"3";"9";"1";""
"202200019684";"778 979";"B01";"1";"15";"0";"2";"2";"1";"1";""
"202200019685";"778 975";"A01";"2";"31";"0";"0";"2";"3";"1";""
"202200019686";"778 971";"B01";"2";"33";"0";"2";"3";"1";"1";""
"202200019686";"778 973";"A01";"2";"7";"0";"2";"5";"14";"1";""
"202200019687";"778 968";"A01";"2";"1";"0";"2";"2";"1";"5";""
"202200019687";"778 969";"B01";"1";"7";"0";"2";"3";"19";"1";""
"202200019688";"778 967";"B01";"2";"7";"0";"2";"1";"1";"1";""
"202200019688";"778 970";"A01";"2";"7";"0";"2";"3";"11";"1";""
"202200019689";"778 966";"A01";"1";"33";"7";"0";"1";"12";"1";""
"202200019690";"778 964";"Z01";"2";"7";"0";"2";"0";"14";"0";""
"202200019690";"778 965";"A01";"2";"7";"0";"2";"6";"1";"1";""
"202200019691";"778 962";"A01";"1";"7";"0";"2";"1";"26";"1";""
"202200019691";"778 963";"B01";"1";"7";"0";"2";"5";"1";"0";""
"202200019692";"778 958";"C01";"1";"10";"0";"2";"6";"2";"1";""
"202200019692";"778 960";"B01";"1";"7";"0";"2";"4";"2";"1";""
"202200019692";"778 961";"A01";"1";"7";"0";"2";"1";"1";"1";""
"202200019693";"778 957";"A01";"1";"10";"0";"2";"5";"1";"1";""
"202200019693";"778 959";"B01";"1";"7";"0";"2";"3";"2";"1";""
"202200019694";"778 954";"A01";"2";"7";"2";"0";"1";"13";"1";""
"202200019695";"778 953";"A01";"2";"7";"0";"2";"3";"11";"1";""
"202200019695";"778 955";"B01";"2";"33";"0";"2";"7";"1";"1";""
"202200019695";"778 956";"C01";"2";"7";"0";"2";"8";"1";"1";""
"202200019696";"778 952";"A01";"1";"7";"3";"2";"2";"1";"1";""
"202200019697";"778 950";"B01";"2";"7";"0";"2";"2";"12";"1";""
"202200019697";"778 951";"A01";"2";"32";"0";"2";"3";"3";"1";""
"202200019698";"778 947";"B01";"2";"7";"0";"2";"4";"11";"1";""
"202200019698";"778 949";"A01";"2";"33";"0";"2";"1";"3";"1";""
"202200019699";"778 946";"A01";"2";"33";"0";"2";"3";"1";"1";""
"202200019699";"778 948";"B01";"1";"7";"0";"2";"0";"0";"1";""
"202200019700";"778 944";"B01";"1";"7";"0";"2";"1";"15";"1";""
"202200019700";"778 945";"A01";"2";"1";"0";"2";"2";"1";"5";""
"202200019701";"778 943";"A01";"1";"7";"2";"0";"1";"1";"2";""
"202200019702";"778 941";"B01";"2";"32";"0";"2";"2";"1";"1";""
"202200019702";"778 942";"A01";"1";"2";"0";"2";"5";"15";"1";""
"202200019703";"778 938";"A01";"2";"7";"0";"2";"1";"2";"1";""
"202200019703";"778 940";"B01";"2";"7";"0";"2";"4";"2";"1";""
"202200019704";"778 937";"A01";"2";"7";"0";"2";"5";"17";"1";""
"202200019704";"778 939";"B01";"2";"7";"0";"2";"3";"26";"1";""
"202200019705";"778 936";"A01";"1";"80";"12";"0";"8";"1";"3";""
"202200019706";"778 934";"A01";"1";"10";"0";"1";"2";"16";"1";""
"202200019707";"778 933";"B01";"2";"7";"4";"0";"4";"1";"1";""
"202200019707";"778 935";"A01";"2";"7";"4";"2";"1";"1";"1";""
"202200019708";"778 930";"A01";"3";"7";"0";"2";"1";"0";"1";""
"202200019708";"778 932";"B01";"3";"7";"0";"0";"4";"0";"1";""
"202200019709";"778 927";"C01";"1";"7";"0";"2";"3";"1";"1";""
"202200019709";"778 929";"B01";"1";"7";"0";"2";"1";"1";"1";""
"202200019709";"778 931";"A01";"1";"7";"0";"2";"4";"26";"1";""
"202200019710";"778 926";"A01";"2";"7";"0";"2";"1";"2";"1";""
"202200019710";"778 928";"B01";"2";"30";"0";"2";"4";"13";"1";""
"202200019711";"778 925";"A01";"3";"7";"8";"0";"1";"13";"1";""
"202200019712";"778 920";"B01";"2";"33";"0";"2";"2";"17";"1";""
"202200019712";"778 922";"A01";"2";"7";"0";"2";"3";"15";"1";""
"202200019713";"778 921";"A01";"1";"10";"0";"2";"1";"1";"1";""
"202200019713";"778 923";"B01";"1";"10";"0";"2";"4";"2";"1";""
"202200019713";"778 924";"C01";"1";"10";"0";"2";"3";"2";"1";""
"202200019714";"778 917";"A01";"1";"7";"0";"2";"3";"15";"1";""
"202200019714";"778 919";"B01";"1";"7";"0";"2";"1";"1";"2";""
"202200019715";"778 916";"A01";"1";"7";"0";"2";"7";"12";"1";""
"202200019715";"778 918";"B01";"1";"33";"0";"2";"8";"2";"1";""
"202200019716";"778 914";"A01";"2";"7";"1";"0";"1";"14";"1";""
"202200019716";"778 915";"B01";"2";"7";"0";"2";"5";"26";"1";""
"202200019717";"778 910";"A01";"1";"33";"0";"0";"8";"17";"1";""
"202200019718";"778 911";"A01";"2";"7";"0";"2";"1";"2";"1";""
"202200019718";"778 912";"B01";"2";"7";"0";"2";"4";"2";"1";""
"202200019718";"778 913";"C01";"2";"10";"0";"2";"4";"2";"1";""
"202200019719";"778 907";"A01";"0";"7";"0";"1";"1";"1";"1";""
"202200019720";"778 908";"B01";"2";"7";"0";"2";"3";"15";"1";""
"202200019720";"778 909";"A01";"2";"7";"0";"2";"2";"17";"1";""
"202200019721";"778 905";"A01";"3";"7";"0";"1";"2";"1";"0";""
"202200019722";"778 904";"B01";"3";"1";"0";"2";"3";"1";"5";""
"202200019722";"778 906";"A01";"3";"7";"0";"9";"4";"4";"1";""
"202200019723";"778 901";"B01";"0";"50";"0";"2";"0";"0";"3";""
"202200019723";"778 903";"A01";"3";"7";"0";"9";"3";"2";"1";""
"202200019724";"778 902";"A01";"3";"7";"0";"1";"1";"16";"1";""
"202200019725";"778 899";"B01";"1";"50";"1";"0";"1";"1";"3";""
"202200019725";"778 900";"A01";"1";"7";"0";"2";"8";"24";"1";""
"202200019726";"778 897";"A01";"2";"7";"13";"0";"3";"16";"1";""
"202200019727";"778 896";"B01";"1";"7";"0";"2";"6";"26";"1";""
"202200019727";"778 898";"A01";"1";"32";"0";"2";"1";"1";"1";""
"202200019728";"778 894";"A01";"2";"7";"0";"2";"1";"16";"1";""
"202200019728";"778 895";"B01";"2";"7";"0";"2";"2";"1";"1";""
"202200019729";"778 891";"A01";"1";"1";"12";"0";"1";"26";"5";""
"202200019730";"778 892";"B01";"2";"31";"0";"2";"1";"1";"1";""
"202200019730";"778 893";"A01";"1";"7";"0";"2";"7";"15";"1";""
"202200019731";"778 889";"B01";"2";"7";"0";"2";"1";"1";"1";""
"202200019731";"778 890";"A01";"1";"7";"1";"2";"3";"0";"1";""
"202200019732";"778 887";"A01";"0";"34";"6";"0";"2";"15";"0";""
"202200019733";"778 885";"A01";"2";"7";"0";"1";"7";"1";"1";""
"202200019734";"778 886";"B01";"0";"7";"0";"2";"3";"16";"1";""
"202200019734";"778 888";"A01";"0";"50";"0";"2";"1";"1";"3";""
"202200019735";"778 882";"A01";"3";"7";"0";"2";"2";"19";"1";""
"202200019735";"778 884";"B01";"3";"7";"0";"2";"1";"2";"1";""
"202200019736";"778 883";"A01";"3";"10";"0";"2";"1";"26";"0";""
"202200019737";"778 879";"B01";"3";"7";"0";"2";"3";"1";"1";""
"202200019737";"778 881";"A01";"3";"7";"0";"2";"2";"9";"1";""
"202200019738";"778 878";"B01";"2";"7";"0";"2";"8";"1";"1";""
"202200019738";"778 880";"A01";"2";"7";"0";"2";"1";"19";"1";""
"202200019739";"778 876";"B01";"2";"1";"0";"2";"1";"1";"5";""
"202200019739";"778 877";"A01";"1";"7";"0";"2";"3";"9";"1";""
"202200019740";"778 875";"A01";"2";"7";"0";"1";"4";"1";"3";""
"202200019741";"778 874";"A01";"1";"7";"8";"0";"5";"4";"1";""
"202200019742";"778 872";"B01";"2";"7";"0";"2";"6";"2";"1";""
"202200019742";"778 873";"A01";"2";"33";"0";"2";"1";"2";"1";""
"202200019743";"778 871";"A01";"1";"7";"9";"0";"1";"1";"1";""
"202200019744";"778 870";"A01";"3";"33";"0";"0";"0";"1";"1";""
"202200019745";"778 868";"A01";"3";"99";"0";"9";"0";"26";"0";""
"202200019745";"778 869";"B01";"2";"1";"0";"0";"0";"0";"5";""
"202200019746";"778 866";"B01";"2";"7";"0";"2";"4";"21";"1";""
"202200019746";"778 867";"A01";"2";"7";"0";"2";"1";"1";"1";""
"202200019747";"778 865";"A01";"3";"7";"6";"0";"1";"1";"1";""
"202200019748";"778 863";"A01";"1";"10";"0";"2";"1";"1";"1";""
"202200019748";"778 864";"B01";"2";"7";"0";"2";"8";"0";"1";""
"202200019749";"778 861";"A01";"2";"33";"0";"0";"0";"2";"1";""
"202200019750";"778 862";"A01";"1";"7";"0";"1";"4";"4";"0";""
"202200019751";"778 859";"B01";"0";"7";"0";"2";"6";"15";"1";""
"202200019751";"778 860";"A01";"1";"33";"0";"2";"1";"1";"1";""
"202200019752";"778 857";"A01";"3";"7";"15";"0";"1";"14";"1";""
"202200019753";"778 858";"A01";"1";"7";"9";"0";"1";"26";"1";""
"202200019754";"778 855";"B01";"3";"1";"0";"2";"3";"15";"5";""
"202200019754";"778 856";"A01";"3";"7";"0";"2";"2";"1";"1";""
"202200019755";"778 851";"A01";"0";"7";"0";"2";"3";"13";"1";""
"202200019755";"778 852";"B01";"0";"7";"0";"2";"3";"0";"1";""
"202200019755";"778 853";"C01";"0";"7";"0";"2";"1";"1";"1";""
"202200019756";"778 854";"A01";"3";"7";"1";"0";"2";"1";"1";""
"202200019757";"778 849";"A01";"2";"30";"0";"0";"3";"1";"1";""
"202200019758";"778 850";"A01";"2";"7";"0";"1";"1";"15";"1";""
"202200019759";"778 848";"A01";"1";"31";"11";"0";"1";"17";"1";""
"202200019760";"778 846";"A01";"1";"7";"0";"1";"0";"16";"2";""
"202200019761";"778 845";"A01";"3";"7";"9";"2";"3";"16";"1";""
"202200019761";"778 847";"B01";"2";"7";"0";"2";"1";"1";"1";""
"202200019762";"778 843";"B01";"1";"7";"0";"2";"1";"16";"1";""
"202200019762";"778 844";"A01";"1";"7";"0";"1";"1";"13";"1";""
"202200019763";"778 840";"B01";"3";"30";"0";"2";"3";"2";"1";""
"202200019763";"778 841";"A01";"3";"7";"0";"2";"2";"15";"0";""
"202200019764";"778 839";"B01";"1";"33";"3";"2";"3";"1";"1";""
"202200019764";"778 842";"A01";"1";"7";"3";"2";"6";"13";"1";""
"202200019765";"778 835";"A01";"0";"7";"0";"2";"1";"1";"1";""
"202200019765";"778 837";"B01";"0";"7";"0";"2";"4";"1";"1";""
"202200019765";"778 838";"Z01";"0";"7";"0";"0";"4";"15";"1";""
"202200019766";"778 834";"B01";"1";"33";"0";"0";"4";"0";"1";""
"202200019766";"778 836";"A01";"1";"7";"0";"2";"0";"0";"1";""
"202200019767";"778 832";"A01";"2";"7";"2";"0";"7";"13";"1";""