"Num_Acc";"id_vehicule";"num_veh";"senc";"catv";"obs";"obsm";"choc";"manv";"motor";"occutc"
"202200021483";"775 772";"B01";"3";"7";"0";"2";"1";"23";"2";""
"202200021484";"775 770";"A01";"1";"7";"0";"1";"2";"16";"2";""
"202200021485";"775 768";"B01";"2";"7";"4";"2";"2";"1";"1";""
"202200021485";"775 769";"A01";"2";"7";"0";"2";"9";"1";"1";""
"202200021486";"775 767";"A01";"1";"33";"0";"0";"8";"1";"1";""
"202200021487";"775 765";"B01";"2";"7";"1";"0";"5";"20";"1";""
"202200021487";"775 766";"A01";"2";"31";"0";"2";"1";"18";"1";""
"202200021488";"775 764";"A01";"2";"33";"13";"0";"0";"1";"1";""
"202200021489";"775 763";"A01";"3";"50";"0";"0";"0";"1";"3";""
"202200021490";"775 761";"B01";"1";"33";"0";"2";"1";"1";"1";""
"202200021490";"775 762";"A01";"1";"7";"0";"2";"6";"15";"1";""
"202200021491";"775 759";"B01";"0";"7";"0";"2";"3";"1";"1";""
"202200021491";"775 760";"A01";"0";"2";"0";"2";"3";"6";"1";""
"202200021492";"775 757";"B01";"0";"30";"0";"2";"1";"1";"1";""
"202200021492";"775 758";"A01";"0";"7";"0";"2";"0";"15";"1";""
"202200021493";"775 756";"Z01";"3";"99";"0";"1";"2";"1";"0";""
"202200021494";"775 755";"A01";"0";"30";"9";"0";"2";"26";"1";""
"202200021495";"775 754";"A01";"2";"1";"0";"0";"0";"2";"5";""
"202200021496";"775 753";"A01";"0";"7";"1";"0";"1";"14";"1";""
"202200021497";"775 752";"A01";"2";"7";"0";"1";"3";"0";"2";""
"202200021498";"775 750";"A01";"0";"7";"8";"0";"1";"14";"1";""
"202200021499";"775 749";"A01";"2";"7";"0";"9";"2";"16";"2";""
"202200021499";"775 751";"B01";"2";"1";"0";"2";"3";"1";"5";""
"202200021500";"775 747";"A01";"0";"7";"0";"1";"1";"1";"1";""
"202200021501";"775 746";"B01";"2";"50";"0";"2";"1";"1";"3";""
"202200021501";"775 748";"A01";"2";"7";"0";"2";"6";"15";"1";""
"202200021502";"775 744";"A01";"3";"7";"0";"1";"3";"15";"1";""
"202200021503";"775 743";"A01";"3";"10";"0";"2";"1";"2";"1";""
"202200021503";"775 745";"B01";"3";"7";"0";"2";"4";"2";"1";""
"202200021504";"775 740";"B01";"1";"7";"0";"2";"3";"1";"1";""
"202200021504";"775 742";"A01";"1";"33";"0";"2";"2";"12";"1";""
"202200021505";"775 739";"B01";"3";"43";"0";"2";"7";"15";"1";""
"202200021505";"775 741";"A01";"1";"10";"0";"2";"3";"18";"1";""
"202200021506";"775 737";"A01";"2";"1";"0";"2";"1";"5";"5";""
"202200021506";"775 738";"B01";"1";"7";"0";"2";"1";"16";"1";""
"202200021507";"775 735";"B01";"2";"80";"0";"2";"1";"1";"3";""
"202200021507";"775 736";"A01";"2";"1";"0";"2";"8";"9";"5";""
"202200021508";"775 733";"B01";"2";"7";"0";"2";"8";"24";"2";""
"202200021508";"775 734";"A01";"2";"7";"1";"2";"2";"1";"1";""
"202200021509";"775 732";"A01";"1";"33";"0";"1";"2";"1";"1";""
"202200021510";"775 728";"B01";"0";"7";"0";"2";"1";"26";"1";""
"202200021510";"775 731";"A01";"0";"7";"0";"2";"2";"26";"1";""
"202200021511";"775 727";"C01";"0";"31";"0";"0";"0";"0";"1";""
"202200021511";"775 729";"B01";"0";"33";"0";"0";"0";"0";"1";""
"202200021511";"775 730";"A01";"0";"10";"0";"0";"0";"0";"1";""
"202200021512";"775 725";"B01";"1";"1";"9";"0";"1";"1";"5";""
"202200021513";"775 724";"A01";"1";"7";"0";"2";"2";"11";"1";""
"202200021513";"775 726";"B01";"1";"2";"0";"2";"1";"1";"0";""
"202200021514";"775 723";"A01";"1";"7";"0";"1";"1";"1";"1";""
"202200021515";"775 722";"A01";"3";"7";"15";"0";"1";"14";"1";""
"202200021516";"775 720";"A01";"2";"7";"0";"5";"1";"1";"1";""
"202200021517";"775 719";"A01";"1";"10";"13";"0";"1";"0";"1";""
"202200021517";"775 721";"B01";"1";"17";"0";"0";"4";"1";"1";""
"202200021518";"775 717";"A01";"1";"2";"0";"1";"1";"1";"1";""
"202200021519";"775 716";"A01";"1";"7";"0";"2";"3";"15";"1";""
"202200021519";"775 718";"B01";"1";"7";"0";"2";"8";"1";"1";""
"202200021520";"775 715";"A01";"1";"7";"7";"0";"1";"1";"1";""
"202200021521";"775 713";"A01";"3";"7";"1";"0";"1";"15";"1";""
"202200021522";"775 710";"A01";"1";"7";"2";"0";"1";"13";"1";""
"202200021523";"775 711";"A01";"2";"7";"0";"2";"1";"1";"1";""
"202200021523";"775 712";"B01";"2";"7";"0";"2";"6";"11";"1";""
"202200021523";"775 714";"C01";"1";"7";"0";"2";"1";"1";"1";""
"202200021524";"775 707";"A01";"2";"7";"3";"2";"1";"2";"1";""
"202200021524";"775 709";"B01";"2";"17";"0";"2";"5";"1";"1";""
"202200021525";"775 708";"A01";"1";"7";"2";"0";"1";"1";"1";""
"202200021526";"775 705";"B01";"0";"1";"3";"2";"5";"2";"5";""
"202200021526";"775 706";"A01";"0";"7";"0";"9";"2";"2";"1";""
"202200021527";"775 703";"A01";"3";"7";"0";"9";"3";"1";"1";""
"202200021527";"775 704";"B01";"3";"0";"0";"2";"1";"19";"5";""
"202200021528";"775 701";"A01";"2";"7";"0";"2";"1";"2";"1";""
"202200021528";"775 702";"B01";"2";"7";"0";"0";"4";"2";"1";""
"202200021529";"775 700";"A01";"1";"7";"0";"1";"2";"1";"1";""
"202200021530";"775 699";"A01";"1";"17";"8";"0";"2";"1";"1";""
"202200021531";"775 697";"A01";"3";"7";"1";"1";"2";"4";"1";""
"202200021532";"775 696";"B01";"1";"1";"0";"2";"5";"2";"5";""
"202200021532";"775 698";"A01";"1";"7";"0";"2";"2";"12";"1";""
"202200021533";"775 693";"A01";"3";"7";"0";"2";"7";"15";"1";""
"202200021533";"775 695";"B01";"3";"33";"0";"2";"1";"1";"1";""
"202200021534";"775 692";"B01";"1";"80";"0";"2";"1";"1";"3";""
"202200021534";"775 694";"A01";"1";"7";"0";"2";"5";"9";"1";""
"202200021535";"775 689";"A01";"1";"7";"0";"0";"8";"15";"1";""
"202200021535";"775 691";"B01";"1";"10";"0";"2";"2";"17";"0";""
"202200021536";"775 688";"B01";"2";"50";"0";"2";"7";"19";"3";""
"202200021536";"775 690";"A01";"1";"7";"0";"2";"1";"15";"1";""
"202200021537";"775 686";"A01";"1";"2";"0";"2";"1";"2";"1";""
"202200021537";"775 687";"B01";"1";"21";"0";"0";"4";"2";"1";""
"202200021538";"775 684";"B01";"1";"31";"0";"2";"1";"18";"1";""
"202200021538";"775 685";"A01";"2";"7";"0";"2";"5";"15";"1";""
"202200021539";"775 683";"A01";"0";"10";"8";"0";"1";"16";"1";""
"202200021540";"775 680";"A01";"2";"2";"0";"2";"1";"1";"1";""
"202200021540";"775 682";"B01";"3";"7";"0";"2";"3";"19";"1";""
"202200021541";"775 679";"A01";"2";"7";"0";"2";"1";"1";"1";""
"202200021541";"775 681";"B01";"1";"50";"0";"2";"0";"1";"3";""
"202200021542";"775 678";"A01";"2";"7";"8";"0";"1";"1";"1";""
"202200021543";"775 676";"A01";"2";"10";"6";"0";"2";"0";"1";""
"202200021544";"775 675";"B01";"2";"50";"0";"2";"1";"1";"3";""
"202200021544";"775 677";"A01";"1";"7";"0";"2";"1";"15";"1";""
"202200021545";"775 672";"A01";"2";"7";"0";"2";"1";"17";"1";""
"202200021545";"775 674";"B01";"2";"7";"0";"2";"1";"1";"1";""
"202200021546";"775 671";"A01";"0";"33";"0";"2";"1";"1";"0";""
"202200021546";"775 673";"B01";"0";"7";"0";"0";"0";"0";"1";""
"202200021547";"775 670";"A01";"1";"7";"6";"0";"3";"1";"1";""
"202200021548";"775 667";"A01";"1";"7";"13";"0";"7";"1";"1";""
"202200021549";"775 668";"A01";"2";"7";"0";"2";"6";"1";"1";""
"202200021549";"775 669";"B01";"2";"30";"0";"2";"1";"1";"1";""
"202200021550";"775 666";"A01";"2";"33";"0";"0";"0";"0";"1";""
"202200021551";"775 664";"B01";"2";"1";"0";"2";"4";"1";"5";""
"202200021551";"775 665";"A01";"2";"7";"0";"2";"2";"2";"1";""
"202200021552";"775 663";"A01";"1";"7";"0";"1";"3";"1";"1";""
"202200021553";"775 662";"A01";"3";"33";"12";"0";"1";"1";"0";""
"202200021554";"775 660";"B01";"1";"7";"0";"2";"3";"19";"1";""
"202200021554";"775 661";"A01";"1";"33";"0";"2";"1";"1";"1";""
"202200021555";"775 659";"A01";"2";"7";"0";"1";"0";"9";"0";""
"202200021556";"775 657";"A01";"2";"7";"0";"2";"3";"13";"1";""
"202200021556";"775 658";"B01";"1";"15";"0";"2";"6";"21";"1";""
"202200021557";"775 654";"A01";"3";"7";"0";"2";"4";"9";"1";""
"202200021557";"775 656";"B01";"3";"7";"0";"2";"1";"1";"1";""
"202200021558";"775 653";"B01";"2";"7";"0";"0";"6";"1";"1";""
"202200021558";"775 655";"A01";"2";"2";"0";"2";"1";"2";"1";""
"202200021559";"775 651";"A01";"1";"7";"0";"2";"3";"15";"1";""
"202200021559";"775 652";"B01";"2";"32";"0";"2";"1";"2";"1";""
"202200021560";"775 649";"B01";"1";"7";"0";"2";"1";"1";"1";""
"202200021560";"775 650";"A01";"2";"7";"0";"2";"1";"1";"1";""
"202200021561";"775 644";"A01";"3";"7";"0";"2";"2";"17";"1";""
"202200021561";"775 646";"B01";"3";"7";"0";"2";"3";"20";"1";""
"202200021561";"775 648";"C01";"3";"7";"1";"2";"3";"24";"1";""
"202200021562";"775 641";"A01";"3";"7";"0";"2";"8";"19";"1";""
"202200021562";"775 643";"B01";"1";"33";"0";"2";"1";"1";"1";""
"202200021563";"775 639";"A01";"2";"33";"0";"2";"1";"2";"1";""
"202200021563";"775 640";"B01";"2";"7";"0";"2";"3";"2";"1";""
"202200021564";"775 638";"B01";"0";"38";"0";"2";"4";"24";"1";"9"
"202200021564";"775 642";"A01";"0";"15";"0";"2";"1";"2";"0";""
"202200021565";"775 636";"A01";"3";"7";"0";"9";"3";"1";"1";""
"202200021565";"775 637";"B01";"3";"1";"0";"2";"3";"1";"5";""
"202200021566";"775 634";"A01";"2";"7";"0";"2";"1";"13";"1";""
"202200021566";"775 635";"B01";"1";"7";"0";"2";"2";"21";"1";""
"202200021567";"775 632";"B01";"2";"31";"0";"2";"1";"15";"1";""
"202200021567";"775 633";"A01";"1";"7";"0";"2";"1";"1";"1";""
"202200021568";"775 630";"A01";"1";"33";"0";"2";"1";"1";"1";""
"202200021568";"775 631";"B01";"1";"7";"0";"2";"6";"1";"1";""
"202200021569";"775 629";"A01";"1";"2";"0";"0";"1";"1";"1";""
"202200021570";"775 626";"A01";"1";"7";"0";"1";"2";"2";"1";""
"202200021571";"775 627";"B01";"1";"7";"0";"2";"4";"2";"1";""
"202200021571";"775 628";"A01";"1";"7";"0";"2";"1";"2";"1";""
"202200021572";"775 625";"A01";"2";"7";"2";"0";"7";"14";"1";""
"202200021573";"775 624";"A01";"0";"7";"0";"1";"1";"16";"1";""
"202200021574";"775 623";"A01";"1";"33";"0";"0";"0";"17";"1";""
"202200021575";"775 620";"A01";"1";"33";"0";"2";"1";"3";"1";""
"202200021575";"775 622";"B01";"1";"7";"0";"2";"2";"12";"1";""
"202200021576";"775 618";"A01";"2";"7";"6";"0";"3";"0";"0";""
"202200021577";"775 616";"A01";"1";"33";"0";"2";"1";"3";"1";""
"202200021577";"775 617";"B01";"1";"7";"0";"2";"7";"22";"1";""
"202200021577";"775 619";"C01";"1";"7";"0";"2";"4";"23";"1";""
"202200021578";"775 615";"A01";"1";"7";"4";"0";"2";"14";"1";""
"202200021579";"775 613";"A01";"2";"7";"0";"2";"1";"1";"2";""
"202200021579";"775 614";"B01";"2";"7";"0";"0";"4";"1";"1";""
"202200021580";"775 612";"A01";"2";"30";"0";"0";"0";"1";"1";""
"202200021581";"775 611";"A01";"1";"33";"0";"0";"2";"1";"1";""
"202200021582";"775 608";"A01";"1";"7";"0";"2";"4";"2";"1";""
"202200021582";"775 610";"B01";"1";"80";"0";"2";"1";"2";"3";""
"202200021583";"775 607";"A01";"2";"7";"0";"2";"1";"2";"1";""
"202200021583";"775 609";"B01";"2";"15";"0";"0";"4";"2";"1";""
"202200021584";"775 606";"A01";"2";"17";"3";"0";"1";"1";"1";""
"202200021585";"775 604";"B01";"2";"1";"0";"2";"4";"23";"5";""
"202200021585";"775 605";"A01";"2";"14";"0";"2";"1";"2";"6";""
"202200021586";"775 602";"B01";"1";"33";"0";"2";"2";"17";"1";""
"202200021586";"775 603";"A01";"1";"10";"0";"2";"8";"15";"1";""
"202200021587";"775 599";"A01";"1";"33";"10";"0";"1";"1";"1";""
"202200021588";"775 598";"C01";"2";"7";"0";"2";"3";"24";"1";""
"202200021588";"775 600";"B01";"1";"7";"0";"2";"3";"1";"1";""
"202200021588";"775 601";"A01";"1";"30";"0";"2";"2";"17";"1";""
"202200021589";"775 596";"A01";"3";"10";"0";"2";"3";"19";"1";""
"202200021589";"775 597";"B01";"1";"33";"0";"2";"1";"1";"1";""
"202200021590";"775 594";"A01";"1";"1";"0";"2";"1";"9";"5";""
"202200021590";"775 595";"B01";"1";"37";"0";"2";"5";"1";"2";"1"
"202200021591";"775 592";"A01";"3";"1";"0";"2";"3";"9";"5";""
"202200021591";"775 593";"B01";"1";"10";"0";"9";"2";"1";"1";""
"202200021592";"775 588";"A01";"2";"1";"0";"2";"3";"15";"5";""
"202200021592";"775 591";"B01";"2";"7";"0";"2";"2";"1";"1";""
"202200021593";"775 587";"C01";"1";"7";"0";"0";"3";"1";"1";""
"202200021593";"775 589";"B01";"2";"7";"0";"0";"6";"1";"1";""
"202200021593";"775 590";"A01";"2";"7";"0";"2";"1";"21";"1";""
"202200021594";"775 583";"A01";"1";"33";"0";"2";"1";"1";"1";""
"202200021594";"775 586";"B01";"1";"7";"0";"2";"6";"15";"2";""
"202200021595";"775 584";"A01";"3";"7";"0";"2";"3";"9";"1";""
"202200021595";"775 585";"B01";"3";"7";"0";"2";"1";"1";"1";""
"202200021596";"775 581";"A01";"2";"7";"2";"0";"3";"0";"1";""
"202200021597";"775 580";"B01";"1";"50";"0";"2";"8";"15";"3";""
"202200021597";"775 582";"A01";"1";"33";"0";"2";"8";"5";"1";""
"202200021598";"775 579";"A01";"2";"7";"2";"0";"1";"1";"1";""
"202200021599";"775 577";"B01";"2";"1";"0";"2";"8";"1";"5";""
"202200021599";"775 578";"A01";"2";"1";"0";"2";"7";"17";"5";""
"202200021600";"775 575";"A01";"3";"7";"0";"2";"3";"15";"1";""
"202200021600";"775 576";"B01";"3";"30";"0";"2";"2";"17";"1";""
"202200021601";"775 572";"A01";"1";"7";"5";"0";"1";"1";"1";""
"202200021602";"775 573";"B01";"1";"10";"0";"2";"4";"23";"1";""
"202200021602";"775 574";"A01";"1";"10";"0";"2";"1";"2";"1";""
"202200021603";"775 570";"A01";"1";"7";"8";"0";"2";"1";"1";""
"202200021604";"775 569";"B01";"1";"34";"0";"2";"1";"1";"1";""
"202200021604";"775 571";"A01";"2";"7";"0";"2";"3";"13";"1";""
"202200021605";"775 568";"A01";"0";"7";"0";"0";"1";"1";"1";""
"202200021606";"775 564";"B01";"2";"7";"0";"2";"0";"26";"1";""
"202200021606";"775 566";"A01";"2";"30";"0";"2";"0";"0";"1";""
"202200021607";"775 563";"A01";"2";"7";"6";"0";"3";"13";"1";""
"202200021608";"775 562";"A01";"2";"7";"0";"1";"3";"9";"3";""
"202200021609";"775 560";"B01";"1";"33";"0";"2";"2";"1";"1";""
"202200021609";"775 561";"A01";"1";"10";"0";"2";"6";"11";"1";""
"202200021610";"775 557";"A01";"2";"7";"0";"2";"8";"9";"1";""
"202200021610";"775 559";"B01";"2";"31";"0";"2";"0";"0";"1";""
"202200021611";"775 552";"A01";"1";"30";"0";"2";"1";"9";"1";""
"202200021611";"775 553";"B01";"1";"15";"0";"2";"4";"2";"1";""
"202200021612";"775 551";"E01";"2";"7";"0";"2";"4";"2";"1";""
"202200021612";"775 554";"D01";"2";"7";"0";"2";"4";"2";"1";""
"202200021612";"775 555";"C01";"2";"7";"0";"2";"4";"2";"1";""
"202200021612";"775 556";"B01";"2";"7";"0";"2";"4";"2";"1";""
"202200021612";"775 558";"A01";"2";"10";"0";"2";"1";"14";"1";""
"202200021613";"775 548";"B01";"2";"7";"0";"2";"5";"1";"1";""
"202200021613";"775 549";"A01";"2";"33";"0";"2";"3";"13";"1";""
"202200021614";"775 547";"B01";"3";"50";"0";"2";"2";"0";"3";""
"202200021614";"775 550";"A01";"1";"7";"0";"9";"1";"16";"1";""
"202200021615";"775 542";"D01";"2";"7";"0";"2";"4";"1";"2";""
"202200021615";"775 543";"A01";"2";"7";"0";"2";"3";"14";"1";""
"202200021615";"775 545";"B01";"2";"7";"0";"2";"6";"1";"1";""
"202200021615";"775 546";"C01";"2";"7";"0";"2";"5";"1";"1";""
"202200021616";"775 541";"B01";"2";"7";"0";"2";"8";"1";"1";""
"202200021616";"775 544";"A01";"1";"7";"0";"2";"1";"1";"1";""
"202200021617";"775 539";"A01";"2";"7";"0";"2";"1";"1";"1";""
"202200021617";"775 540";"B01";"2";"7";"0";"2";"4";"1";"2";""
"202200021618";"775 537";"B01";"1";"33";"0";"2";"8";"2";"1";""
"202200021618";"775 538";"A01";"1";"7";"0";"2";"1";"15";"1";""
"202200021619";"775 536";"A01";"1";"7";"4";"0";"1";"1";"1";""
"202200021620";"775 533";"B01";"2";"33";"0";"2";"7";"21";"1";""
"202200021620";"775 535";"A01";"2";"10";"0";"2";"8";"0";"1";""
"202200021621";"775 532";"B01";"0";"7";"0";"2";"5";"1";"1";""
"202200021621";"775 534";"A01";"0";"50";"0";"2";"1";"1";"3";""
"202200021622";"775 530";"A01";"2";"34";"0";"2";"0";"2";"1";""
"202200021622";"775 531";"B01";"2";"7";"0";"2";"4";"1";"1";""
"202200021623";"775 526";"A01";"2";"10";"0";"2";"8";"11";"1";""
"202200021623";"775 527";"B01";"2";"33";"0";"2";"7";"1";"1";""
"202200021624";"775 528";"B01";"1";"32";"0";"2";"9";"1";"1";""
"202200021624";"775 529";"A01";"1";"7";"0";"2";"8";"15";"1";""
"202200021625";"775 523";"B01";"2";"7";"0";"2";"1";"2";"1";""
"202200021625";"775 525";"A01";"2";"7";"0";"2";"4";"2";"1";""
"202200021626";"775 522";"B01";"3";"7";"0";"2";"3";"15";"1";""
"202200021626";"775 524";"A01";"3";"32";"0";"2";"1";"1";"1";""
"202200021627";"775 520";"Z01";"1";"7";"0";"2";"0";"14";"1";""
"202200021627";"775 521";"B01";"1";"33";"0";"2";"8";"1";"1";""
"202200021628";"775 519";"A01";"1";"7";"0";"1";"0";"0";"0";""
"202200021629";"775 518";"A01";"1";"7";"4";"0";"1";"1";"1";""
"202200021630";"775 516";"Z01";"0";"7";"0";"1";"1";"1";"0";""
"202200021631";"775 517";"A01";"1";"7";"0";"2";"7";"26";"1";""
"202200021632";"775 514";"A01";"1";"37";"0";"2";"1";"2";"1";"1"
"202200021632";"775 515";"B01";"1";"7";"0";"1";"4";"2";"3";""
"202200021633";"775 513";"A01";"1";"10";"0";"1";"2";"1";"1";""
"202200021634";"775 509";"A01";"2";"31";"0";"2";"1";"0";"1";""
"202200021634";"775 510";"Y01";"2";"1";"0";"2";"4";"15";"5";""
"202200021635";"775 508";"A01";"0";"80";"0";"1";"0";"21";"3";""
"202200021636";"775 505";"A01";"2";"33";"0";"2";"7";"0";"0";""
"202200021636";"775 507";"B01";"2";"43";"0";"2";"8";"1";"1";""
"202200021637";"775 503";"B01";"1";"7";"0";"2";"7";"1";"1";""
"202200021637";"775 504";"A01";"3";"7";"0";"2";"8";"1";"1";""
"202200021638";"775 501";"B01";"3";"7";"0";"2";"3";"1";"1";""
"202200021638";"775 502";"A01";"1";"1";"0";"2";"2";"1";"5";""
"202200021639";"775 500";"A01";"3";"10";"0";"1";"4";"20";"1";""
"202200021640";"775 498";"A01";"0";"7";"6";"0";"0";"0";"1";""
"202200021641";"775 497";"A01";"2";"33";"0";"2";"3";"13";"1";""
"202200021641";"775 499";"B01";"1";"7";"0";"2";"3";"1";"1";""
"202200021642";"775 495";"Z01";"1";"1";"0";"2";"7";"2";"5";""
"202200021642";"775 496";"B01";"2";"99";"0";"2";"3";"15";"5";""
"202200021643";"775 493";"A01";"1";"1";"0";"1";"1";"1";"5";""
"202200021644";"775 492";"A01";"1";"7";"0";"2";"2";"15";"1";""
"202200021644";"775 494";"B01";"2";"33";"0";"2";"1";"1";"1";""
"202200021645";"775 489";"A01";"2";"7";"3";"0";"9";"14";"1";""
"202200021646";"775 485";"A01";"2";"33";"0";"2";"1";"1";"1";""
"202200021646";"775 486";"B01";"1";"7";"0";"2";"2";"15";"2";""
"202200021647";"775 484";"A01";"3";"7";"3";"0";"9";"9";"1";""
"202200021648";"775 481";"A01";"1";"7";"0";"2";"8";"15";"1";""
"202200021648";"775 482";"B01";"1";"31";"0";"2";"7";"17";"1";""
"202200021649";"775 478";"B01";"3";"1";"0";"2";"9";"0";"5";""
"202200021649";"775 479";"A01";"3";"7";"0";"9";"1";"15";"1";""
"202200021650";"775 477";"A01";"3";"99";"13";"0";"2";"1";"1";""
"202200021651";"775 475";"A01";"3";"7";"0";"2";"1";"0";"1";""
"202200021651";"775 476";"B01";"3";"33";"0";"2";"4";"0";"1";""
"202200021652";"775 471";"A01";"1";"10";"0";"1";"1";"0";"1";""
"202200021653";"775 466";"G01";"1";"15";"0";"2";"8";"1";"1";""
"202200021653";"775 467";"F01";"2";"7";"0";"2";"1";"1";"1";""
"202200021653";"775 469";"E01";"2";"10";"0";"2";"2";"1";"1";""
"202200021653";"775 470";"D01";"2";"7";"0";"2";"3";"1";"1";""
"202200021653";"775 472";"C01";"2";"7";"0";"2";"8";"1";"1";""
"202200021653";"775 473";"B01";"2";"7";"0";"2";"3";"1";"1";""
"202200021653";"775 474";"A01";"1";"7";"0";"2";"9";"17";"1";""
"202200021654";"775 465";"A01";"2";"7";"0";"2";"6";"9";"1";""
"202200021654";"775 468";"B01";"1";"7";"0";"2";"2";"1";"1";""
"202200021655";"775 462";"A01";"2";"7";"0";"2";"6";"24";"1";""
"202200021655";"775 464";"B01";"2";"33";"1";"0";"3";"1";"1";""
"202200021656";"775 461";"A01";"3";"7";"0";"0";"4";"4";"1";""
"202200021656";"775 463";"B01";"1";"2";"0";"0";"1";"1";"1";""
"202200021657";"775 460";"A01";"3";"7";"0";"1";"1";"1";"1";""
"202200021658";"775 458";"B01";"1";"7";"0";"2";"3";"1";"1";""
"202200021658";"775 459";"A01";"2";"33";"0";"2";"8";"13";"1";""
"202200021659";"775 455";"A01";"1";"33";"0";"2";"0";"26";"1";""
"202200021659";"775 457";"B01";"1";"7";"0";"2";"5";"15";"1";""
"202200021660";"775 454";"B01";"2";"7";"0";"0";"4";"1";"1";""
"202200021660";"775 456";"A01";"2";"7";"0";"2";"1";"1";"1";""
"202200021661";"775 453";"A01";"2";"7";"0";"1";"2";"19";"0";""
"202200021662";"775 451";"A01";"1";"7";"0";"2";"7";"1";"1";""
"202200021662";"775 452";"B01";"1";"33";"0";"2";"1";"1";"1";""
"202200021663";"775 450";"A01";"2";"33";"0";"0";"1";"0";"1";""
"202200021664";"775 448";"A01";"1";"7";"0";"0";"9";"1";"1";""
"202200021665";"775 449";"A01";"1";"7";"0";"1";"4";"4";"1";""
"202200021666";"775 444";"B01";"1";"2";"0";"2";"1";"1";"1";""
"202200021666";"775 446";"A01";"2";"33";"0";"2";"1";"5";"1";""
"202200021667";"775 445";"A01";"1";"60";"0";"2";"1";"1";"5";""
"202200021667";"775 447";"B01";"1";"10";"0";"9";"2";"0";"1";""
"202200021668";"775 442";"A01";"1";"50";"0";"0";"6";"19";"3";""
"202200021668";"775 443";"B01";"2";"7";"0";"2";"1";"1";"1";""
"202200021669";"775 440";"A01";"2";"7";"0";"2";"1";"1";"1";""
"202200021669";"775 441";"B01";"1";"1";"0";"2";"1";"17";"5";""
"202200021670";"775 438";"A01";"2";"2";"0";"2";"1";"13";"1";""
"202200021670";"775 439";"B01";"1";"31";"0";"2";"1";"1";"1";""
"202200021671";"775 436";"A01";"1";"10";"2";"0";"1";"1";"1";""
"202200021672";"775 432";"B01";"1";"33";"0";"2";"1";"2";"1";""
"202200021672";"775 434";"A01";"3";"7";"0";"2";"3";"15";"1";""
"202200021673";"775 431";"B01";"2";"7";"0";"2";"1";"1";"1";""
"202200021673";"775 433";"C01";"1";"7";"0";"2";"0";"0";"1";""
"202200021673";"775 435";"D01";"1";"50";"0";"2";"0";"0";"3";""
"202200021673";"775 437";"A01";"1";"7";"0";"2";"1";"9";"1";""
"202200021674";"775 429";"B01";"3";"1";"0";"2";"1";"1";"5";""
"202200021674";"775 430";"A01";"3";"10";"0";"9";"1";"13";"1";""
"202200021675";"775 428";"A01";"3";"7";"0";"1";"1";"26";"1";""
"202200021676";"775 424";"A01";"1";"7";"0";"2";"1";"13";"1";""
"202200021676";"775 426";"C01";"2";"7";"0";"2";"1";"1";"1";""
"202200021676";"775 427";"B01";"2";"7";"0";"2";"3";"1";"0";""
"202200021677";"775 423";"B01";"1";"33";"0";"2";"1";"9";"0";""
"202200021677";"775 425";"A01";"2";"7";"0";"2";"3";"1";"1";""
"202200021678";"775 422";"A01";"1";"2";"0";"0";"0";"1";"1";""
"202200021679";"775 418";"A01";"2";"33";"15";"2";"2";"17";"1";""
"202200021679";"775 420";"B01";"2";"7";"0";"2";"8";"15";"1";""
"202200021680";"775 415";"B01";"3";"33";"12";"0";"8";"1";"1";""
"202200021680";"775 416";"A01";"3";"7";"0";"2";"1";"19";"1";""
"202200021681";"775 410";"A01";"2";"7";"4";"2";"1";"17";"1";""
"202200021681";"775 411";"B01";"1";"7";"4";"2";"1";"1";"1";""
"202200021681";"775 412";"C01";"2";"7";"0";"0";"8";"1";"1";""
"202200021682";"775 407";"B01";"2";"1";"6";"2";"3";"1";"5";""
"202200021682";"775 408";"A01";"1";"2";"0";"2";"3";"16";"1";""
"202200021683";"775 402";"A01";"2";"7";"0";"2";"1";"1";"1";""
"202200021683";"775 404";"B01";"1";"10";"0";"2";"1";"1";"1";""
"202200021683";"775 405";"C01";"1";"7";"0";"2";"1";"1";"1";""
"202200021684";"775 403";"B01";"1";"7";"0";"2";"8";"1";"1";""
"202200021684";"775 406";"A01";"2";"7";"0";"2";"2";"9";"1";""
"202200021685";"775 399";"C01";"1";"10";"0";"2";"1";"13";"1";""
"202200021685";"775 400";"B01";"2";"7";"0";"2";"1";"1";"1";""
"202200021685";"775 401";"A01";"2";"7";"0";"0";"3";"1";"1";""
"202200021686";"775 398";"A01";"3";"14";"0";"1";"5";"1";"1";""
"202200021687";"775 396";"B01";"2";"38";"0";"2";"3";"1";"0";"1"
"202200021687";"775 397";"A01";"1";"7";"0";"2";"3";"13";"1";""
"202200021688";"775 395";"A01";"3";"7";"13";"0";"1";"15";"1";""
"202200021689";"775 394";"A01";"2";"7";"0";"0";"2";"1";"1";""
"202200021690";"775 392";"A01";"3";"7";"6";"0";"1";"1";"1";""
"202200021691";"775 391";"B01";"2";"30";"0";"2";"7";"1";"1";""
"202200021691";"775 393";"A01";"2";"7";"0";"2";"6";"9";"1";""
"202200021692";"775 389";"B01";"2";"10";"0";"0";"6";"26";"1";""
"202200021692";"775 390";"A01";"2";"10";"1";"0";"2";"14";"1";""
"202200021693";"775 386";"B01";"3";"7";"0";"2";"2";"1";"2";""
"202200021693";"775 388";"A01";"3";"34";"0";"2";"1";"13";"1";""
"202200021694";"775 384";"C01";"2";"7";"0";"2";"2";"21";"1";""