"Num_Acc";"id_vehicule";"num_veh";"senc";"catv";"obs";"obsm";"choc";"manv";"motor";"occutc"
"202200023395";"772 373";"B01";"2";"34";"0";"2";"7";"1";"1";""
"202200023396";"772 370";"A01";"3";"7";"0";"2";"2";"1";"4";""
"202200023396";"772 371";"B01";"3";"1";"0";"2";"1";"1";"5";""
"202200023397";"772 368";"A01";"2";"7";"0";"2";"2";"1";"1";""
"202200023397";"772 369";"B01";"1";"7";"0";"2";"1";"1";"1";""
"202200023398";"772 367";"A01";"1";"60";"12";"0";"1";"14";"5";""
"202200023399";"772 365";"B01";"1";"7";"0";"2";"4";"16";"1";""
"202200023399";"772 366";"A01";"3";"33";"0";"2";"1";"2";"1";""
"202200023400";"772 363";"A01";"3";"1";"0";"2";"1";"1";"5";""
"202200023400";"772 364";"Z01";"3";"7";"0";"2";"4";"22";"1";""
"202200023401";"772 361";"A01";"1";"50";"0";"2";"7";"5";"3";""
"202200023401";"772 362";"B01";"2";"7";"0";"2";"3";"1";"2";""
"202200023402";"772 359";"B01";"3";"7";"0";"2";"3";"13";"1";""
"202200023402";"772 360";"A01";"3";"30";"0";"2";"2";"17";"1";""
"202200023403";"772 357";"B01";"1";"80";"0";"2";"1";"1";"3";""
"202200023403";"772 358";"A01";"3";"7";"0";"2";"2";"1";"1";""
"202200023404";"772 356";"Z01";"3";"7";"0";"1";"0";"0";"0";""
"202200023405";"772 352";"A01";"1";"10";"0";"2";"1";"1";"1";""
"202200023405";"772 354";"B01";"2";"7";"0";"2";"1";"1";"1";""
"202200023406";"772 351";"A01";"2";"7";"0";"2";"2";"15";"1";""
"202200023406";"772 353";"B01";"1";"7";"0";"2";"1";"1";"1";""
"202200023407";"772 348";"A01";"1";"7";"0";"2";"1";"16";"2";""
"202200023407";"772 350";"B01";"1";"50";"0";"2";"8";"19";"3";""
"202200023408";"772 347";"B01";"3";"7";"0";"2";"1";"9";"1";""
"202200023408";"772 349";"A01";"1";"7";"0";"0";"3";"1";"1";""
"202200023409";"772 346";"A01";"1";"7";"0";"1";"1";"1";"1";""
"202200023410";"772 344";"B01";"1";"32";"0";"2";"1";"1";"1";""
"202200023410";"772 345";"A01";"1";"13";"0";"0";"5";"15";"1";""
"202200023411";"772 342";"B01";"2";"50";"0";"2";"3";"5";"3";""
"202200023411";"772 343";"A01";"1";"7";"0";"2";"3";"1";"1";""
"202200023412";"772 339";"B01";"3";"34";"0";"2";"7";"17";"1";""
"202200023412";"772 341";"A01";"3";"7";"0";"2";"3";"2";"1";""
"202200023413";"772 338";"A01";"0";"7";"0";"2";"6";"15";"1";""
"202200023413";"772 340";"B01";"0";"34";"0";"2";"1";"2";"1";""
"202200023414";"772 334";"B01";"3";"7";"0";"2";"7";"2";"1";""
"202200023414";"772 337";"A01";"3";"7";"0";"2";"4";"19";"1";""
"202200023415";"772 333";"A01";"2";"7";"0";"2";"1";"16";"1";""
"202200023415";"772 335";"B01";"0";"7";"0";"2";"1";"17";"1";""
"202200023415";"772 336";"C01";"2";"38";"0";"2";"3";"1";"1";"2"
"202200023416";"772 331";"B01";"1";"33";"0";"0";"8";"2";"1";""
"202200023416";"772 332";"A01";"1";"7";"0";"2";"7";"14";"1";""
"202200023417";"772 330";"A01";"2";"1";"0";"0";"0";"19";"5";""
"202200023418";"772 328";"B01";"2";"33";"0";"2";"3";"15";"1";""
"202200023418";"772 329";"A01";"1";"7";"0";"2";"2";"17";"1";""
"202200023419";"772 326";"B01";"1";"1";"0";"2";"1";"1";"5";""
"202200023419";"772 327";"A01";"2";"7";"0";"9";"3";"15";"1";""
"202200023420";"772 325";"A01";"2";"33";"0";"1";"1";"26";"1";""
"202200023421";"772 324";"A01";"2";"17";"6";"0";"1";"1";"1";""
"202200023422";"772 322";"B01";"1";"7";"0";"2";"2";"1";"1";""
"202200023422";"772 323";"A01";"1";"1";"0";"2";"7";"19";"5";""
"202200023423";"772 320";"A01";"1";"7";"0";"2";"1";"1";"1";""
"202200023423";"772 321";"B01";"1";"7";"0";"0";"4";"15";"1";""
"202200023424";"772 319";"A01";"2";"33";"9";"0";"1";"1";"1";""
"202200023425";"772 318";"A01";"2";"33";"13";"0";"2";"2";"1";""
"202200023426";"772 317";"A01";"2";"7";"1";"0";"2";"5";"1";""
"202200023427";"772 316";"A01";"1";"34";"0";"0";"8";"0";"1";""
"202200023428";"772 312";"A01";"1";"7";"0";"2";"1";"2";"1";""
"202200023428";"772 313";"B01";"1";"7";"0";"2";"4";"2";"1";""
"202200023429";"772 314";"A01";"3";"31";"14";"2";"8";"21";"1";""
"202200023429";"772 315";"B01";"0";"7";"0";"2";"3";"23";"1";""
"202200023430";"772 310";"A01";"1";"7";"0";"2";"3";"21";"1";""
"202200023430";"772 311";"B01";"1";"33";"0";"2";"1";"21";"0";""
"202200023431";"772 308";"B01";"0";"1";"0";"2";"3";"2";"0";""
"202200023431";"772 309";"A01";"0";"32";"0";"2";"1";"7";"1";""
"202200023432";"772 306";"A01";"2";"30";"0";"2";"2";"22";"1";""
"202200023432";"772 307";"B01";"2";"7";"0";"2";"2";"2";"0";""
"202200023433";"772 304";"A01";"2";"7";"14";"2";"1";"13";"1";""
"202200023433";"772 305";"B01";"1";"7";"0";"2";"1";"1";"1";""
"202200023434";"772 303";"A01";"1";"7";"0";"1";"2";"15";"1";""
"202200023435";"772 300";"B01";"2";"7";"0";"2";"8";"1";"1";""
"202200023435";"772 301";"C01";"1";"7";"0";"2";"1";"1";"1";""
"202200023435";"772 302";"A01";"1";"7";"0";"2";"1";"13";"1";""
"202200023436";"772 299";"A01";"2";"7";"15";"0";"2";"14";"1";""
"202200023437";"772 297";"B01";"3";"7";"0";"2";"2";"15";"1";""
"202200023437";"772 298";"A01";"2";"7";"0";"2";"1";"1";"1";""
"202200023438";"772 296";"A01";"3";"7";"1";"1";"3";"26";"0";""
"202200023439";"772 295";"A01";"1";"34";"14";"0";"1";"2";"1";""
"202200023440";"772 291";"A01";"3";"30";"0";"2";"4";"2";"1";""
"202200023440";"772 292";"B01";"3";"10";"0";"2";"4";"23";"1";""
"202200023441";"772 290";"A01";"3";"7";"0";"1";"1";"0";"1";""
"202200023442";"772 289";"A01";"2";"7";"0";"1";"8";"1";"1";""
"202200023443";"772 288";"A01";"2";"7";"1";"0";"2";"14";"1";""
"202200023444";"772 286";"B01";"1";"7";"0";"2";"4";"1";"2";""
"202200023444";"772 287";"A01";"1";"7";"0";"2";"1";"1";"1";""
"202200023445";"772 284";"A01";"1";"7";"0";"9";"7";"15";"0";""
"202200023445";"772 285";"B01";"1";"33";"0";"2";"1";"1";"0";""
"202200023446";"772 283";"A01";"0";"1";"0";"2";"8";"9";"5";""
"202200023447";"772 281";"B01";"3";"7";"0";"2";"4";"2";"1";""
"202200023447";"772 282";"A01";"3";"7";"0";"2";"1";"2";"1";""
"202200023448";"772 279";"B01";"3";"7";"0";"2";"1";"1";"1";""
"202200023448";"772 280";"A01";"3";"7";"0";"2";"8";"19";"1";""
"202200023449";"772 278";"A01";"0";"7";"0";"1";"3";"1";"1";""
"202200023450";"772 276";"A01";"2";"7";"0";"2";"1";"1";"1";""
"202200023450";"772 277";"B01";"2";"10";"0";"2";"6";"1";"1";""
"202200023451";"772 274";"A01";"0";"1";"12";"0";"8";"13";"5";""
"202200023451";"772 275";"B01";"3";"37";"0";"9";"5";"1";"1";"1"
"202200023452";"772 272";"A01";"1";"7";"0";"2";"1";"9";"1";""
"202200023452";"772 273";"B01";"1";"1";"0";"2";"5";"1";"5";""
"202200023453";"772 268";"A01";"2";"7";"0";"2";"1";"1";"0";""
"202200023453";"772 269";"B01";"2";"7";"0";"2";"4";"2";"1";""
"202200023453";"772 270";"C01";"2";"7";"0";"2";"4";"2";"1";""
"202200023453";"772 271";"D01";"2";"7";"0";"2";"4";"23";"1";""
"202200023454";"772 265";"A01";"2";"31";"0";"2";"1";"2";"1";""
"202200023454";"772 266";"B01";"2";"7";"0";"2";"4";"2";"2";""
"202200023454";"772 267";"C01";"1";"7";"0";"2";"0";"1";"1";""
"202200023455";"772 263";"A01";"3";"32";"0";"2";"8";"26";"0";""
"202200023455";"772 264";"B01";"0";"3";"0";"2";"0";"0";"0";""
"202200023456";"772 262";"A01";"2";"37";"0";"1";"2";"1";"3";"1"
"202200023457";"772 260";"A01";"1";"50";"0";"2";"1";"9";"3";""
"202200023457";"772 261";"B01";"1";"10";"0";"9";"2";"1";"1";""
"202200023458";"772 258";"A01";"2";"1";"0";"0";"6";"1";"5";""
"202200023458";"772 259";"B01";"1";"7";"0";"2";"3";"15";"1";""
"202200023459";"772 256";"B01";"1";"33";"0";"2";"1";"1";"1";""
"202200023459";"772 257";"A01";"2";"7";"0";"2";"2";"19";"1";""
"202200023460";"772 254";"A01";"2";"7";"0";"2";"2";"15";"1";""
"202200023460";"772 255";"B01";"1";"7";"0";"2";"3";"1";"1";""
"202200023461";"772 253";"A01";"1";"35";"0";"0";"0";"1";"1";""
"202200023462";"772 251";"A01";"2";"30";"0";"2";"1";"1";"1";""
"202200023462";"772 252";"B01";"1";"7";"0";"2";"3";"1";"2";""
"202200023463";"772 249";"B01";"2";"34";"0";"2";"6";"1";"1";""
"202200023463";"772 250";"A01";"2";"30";"1";"2";"1";"13";"1";""
"202200023464";"772 247";"B01";"1";"1";"0";"2";"6";"11";"5";""
"202200023464";"772 248";"A01";"1";"7";"0";"2";"3";"1";"1";""
"202200023465";"772 246";"A01";"1";"50";"0";"1";"1";"1";"3";""
"202200023466";"772 244";"A01";"1";"10";"0";"2";"2";"1";"3";""
"202200023466";"772 245";"B01";"1";"1";"0";"2";"1";"1";"5";""
"202200023467";"772 242";"B01";"3";"1";"0";"2";"1";"1";"5";""
"202200023467";"772 243";"A01";"3";"7";"0";"2";"2";"10";"1";""
"202200023468";"772 240";"B01";"1";"7";"0";"2";"2";"9";"1";""
"202200023468";"772 241";"A01";"2";"33";"0";"2";"1";"1";"1";""
"202200023469";"772 239";"A01";"1";"33";"12";"0";"7";"14";"1";""
"202200023470";"772 236";"A01";"1";"7";"0";"1";"1";"17";"1";""
"202200023471";"772 235";"A01";"1";"7";"0";"2";"8";"6";"1";""
"202200023471";"772 237";"B01";"1";"7";"0";"2";"1";"13";"1";""
"202200023471";"772 238";"C01";"1";"7";"0";"2";"1";"2";"1";""
"202200023472";"772 234";"A01";"3";"7";"0";"1";"4";"4";"1";""
"202200023473";"772 232";"A01";"2";"30";"0";"2";"1";"5";"3";""
"202200023473";"772 233";"B01";"1";"7";"0";"2";"8";"1";"1";""
"202200023474";"772 230";"A01";"2";"2";"0";"2";"3";"15";"3";""
"202200023474";"772 231";"B01";"2";"34";"0";"2";"2";"0";"1";""
"202200023475";"772 228";"A01";"2";"50";"0";"2";"1";"26";"3";""
"202200023475";"772 229";"B01";"2";"7";"0";"2";"3";"1";"1";""
"202200023476";"772 226";"A01";"1";"37";"0";"2";"5";"16";"1";"1"
"202200023476";"772 227";"B01";"1";"50";"0";"2";"1";"1";"3";""
"202200023477";"772 224";"B01";"1";"2";"0";"2";"1";"1";"1";""
"202200023477";"772 225";"A01";"1";"7";"0";"2";"4";"4";"1";""
"202200023478";"772 222";"A01";"1";"7";"0";"2";"2";"15";"1";""
"202200023478";"772 223";"B01";"2";"32";"0";"2";"1";"21";"1";""
"202200023479";"772 220";"B01";"2";"7";"0";"2";"8";"15";"1";""
"202200023479";"772 221";"A01";"2";"33";"0";"2";"1";"5";"1";""
"202200023480";"772 218";"A01";"1";"33";"0";"2";"1";"0";"1";""
"202200023480";"772 219";"B01";"1";"10";"0";"2";"6";"21";"1";""
"202200023481";"772 215";"A01";"1";"7";"0";"2";"2";"26";"0";""
"202200023481";"772 217";"B01";"1";"32";"0";"2";"1";"1";"0";""
"202200023482";"772 213";"C01";"3";"7";"0";"2";"3";"1";"1";""
"202200023482";"772 214";"B01";"3";"7";"0";"2";"7";"1";"1";""
"202200023482";"772 216";"A01";"1";"7";"0";"2";"2";"1";"1";""
"202200023483";"772 211";"A01";"1";"32";"0";"1";"1";"25";"1";""
"202200023484";"772 210";"A01";"2";"7";"0";"2";"1";"1";"0";""
"202200023484";"772 212";"B01";"1";"7";"0";"2";"1";"1";"1";""
"202200023485";"772 209";"A01";"1";"7";"0";"1";"3";"1";"1";""
"202200023486";"772 207";"A01";"1";"31";"0";"2";"1";"2";"1";""
"202200023486";"772 208";"B01";"0";"7";"0";"2";"3";"9";"1";""
"202200023487";"772 205";"B01";"2";"7";"0";"2";"1";"1";"1";""
"202200023487";"772 206";"A01";"1";"7";"0";"2";"2";"15";"1";""
"202200023488";"772 203";"B01";"1";"7";"0";"2";"1";"1";"1";""
"202200023488";"772 204";"A01";"1";"7";"0";"1";"1";"23";"1";""
"202200023489";"772 202";"A01";"0";"50";"0";"0";"0";"0";"3";""
"202200023490";"772 201";"A01";"3";"7";"0";"1";"2";"1";"1";""
"202200023491";"772 199";"B01";"1";"7";"8";"2";"1";"1";"1";""
"202200023491";"772 200";"A01";"0";"7";"8";"2";"5";"15";"2";""
"202200023492";"772 195";"A01";"2";"7";"0";"2";"7";"1";"0";""
"202200023492";"772 197";"B01";"2";"2";"0";"2";"1";"1";"0";""
"202200023493";"772 194";"A01";"1";"7";"13";"0";"1";"1";"1";""
"202200023494";"772 192";"B01";"2";"30";"0";"2";"1";"1";"1";""
"202200023494";"772 193";"A01";"1";"99";"0";"2";"3";"26";"1";""
"202200023495";"772 190";"A01";"3";"10";"0";"2";"3";"15";"1";""
"202200023495";"772 191";"B01";"3";"34";"0";"2";"2";"2";"1";""
"202200023496";"772 188";"B01";"1";"1";"0";"2";"1";"1";"5";""
"202200023496";"772 189";"A01";"1";"10";"0";"2";"7";"16";"1";""
"202200023497";"772 187";"A01";"3";"7";"0";"1";"1";"1";"1";""
"202200023498";"772 186";"A01";"1";"7";"1";"0";"3";"1";"1";""
"202200023499";"772 183";"A01";"2";"7";"0";"2";"2";"2";"1";""
"202200023499";"772 185";"B01";"2";"1";"0";"2";"6";"2";"5";""
"202200023500";"772 182";"B01";"2";"7";"0";"2";"1";"1";"1";""
"202200023500";"772 184";"A01";"1";"7";"0";"2";"8";"9";"1";""
"202200023501";"772 180";"A01";"0";"99";"1";"1";"4";"20";"1";""
"202200023502";"772 179";"A01";"1";"7";"0";"9";"7";"2";"1";""
"202200023502";"772 181";"B01";"2";"1";"0";"2";"6";"2";"5";""
"202200023503";"772 175";"B01";"2";"7";"0";"2";"2";"1";"1";""
"202200023503";"772 178";"A01";"2";"7";"0";"2";"3";"19";"1";""
"202200023504";"772 176";"A01";"1";"7";"0";"2";"2";"2";"1";""
"202200023504";"772 177";"B01";"1";"80";"0";"2";"8";"15";"3";""
"202200023505";"772 171";"A01";"2";"32";"0";"2";"2";"1";"1";""
"202200023505";"772 173";"B01";"3";"7";"0";"2";"3";"9";"1";""
"202200023506";"772 170";"A01";"1";"31";"0";"0";"0";"21";"1";""
"202200023507";"772 168";"A01";"3";"7";"0";"2";"2";"15";"1";""
"202200023507";"772 169";"B01";"3";"7";"0";"2";"3";"1";"1";""
"202200023508";"772 166";"B01";"2";"33";"0";"0";"1";"17";"1";""
"202200023508";"772 167";"A01";"2";"30";"0";"0";"8";"15";"1";""
"202200023509";"772 162";"B01";"1";"7";"0";"2";"1";"1";"1";""
"202200023509";"772 164";"A01";"2";"7";"0";"2";"7";"13";"1";""
"202200023510";"772 163";"B01";"0";"7";"0";"2";"1";"1";"1";""
"202200023510";"772 165";"A01";"3";"33";"0";"2";"1";"1";"1";""
"202200023511";"772 159";"A01";"2";"7";"0";"2";"7";"5";"1";""
"202200023511";"772 161";"B01";"1";"14";"0";"2";"1";"1";"1";""
"202200023512";"772 158";"A01";"2";"10";"0";"2";"3";"13";"1";""
"202200023512";"772 160";"B01";"1";"14";"0";"2";"3";"1";"1";""
"202200023513";"772 157";"A01";"1";"7";"2";"0";"3";"19";"1";""
"202200023514";"772 156";"A01";"1";"7";"13";"0";"3";"13";"1";""
"202200023515";"772 153";"B01";"1";"15";"0";"2";"3";"1";"1";""
"202200023515";"772 154";"A01";"2";"7";"13";"2";"3";"13";"1";""
"202200023516";"772 152";"A01";"2";"7";"0";"2";"3";"16";"1";""
"202200023516";"772 155";"B01";"1";"7";"0";"2";"7";"1";"1";""
"202200023517";"772 151";"A01";"1";"7";"13";"0";"1";"1";"1";""
"202200023518";"772 150";"A01";"1";"7";"0";"1";"3";"17";"1";""
"202200023519";"772 149";"A01";"3";"31";"0";"0";"0";"0";"1";""
"202200023520";"772 147";"A01";"2";"7";"0";"2";"3";"1";"1";""
"202200023520";"772 148";"B01";"1";"33";"0";"2";"1";"13";"1";""
"202200023521";"772 145";"A01";"1";"7";"0";"2";"2";"5";"1";""
"202200023521";"772 146";"B01";"2";"7";"0";"2";"2";"11";"1";""
"202200023522";"772 143";"A01";"2";"33";"0";"2";"0";"13";"1";""
"202200023522";"772 144";"B01";"1";"10";"0";"2";"3";"1";"1";""
"202200023523";"772 142";"A01";"1";"33";"9";"0";"1";"1";"1";""
"202200023524";"772 140";"A01";"2";"7";"13";"0";"8";"13";"1";""
"202200023525";"772 136";"A01";"2";"7";"3";"0";"1";"21";"1";""
"202200023525";"772 138";"B01";"2";"17";"0";"2";"8";"23";"1";""
"202200023525";"772 139";"C01";"2";"10";"3";"2";"2";"21";"1";""
"202200023525";"772 141";"D01";"2";"10";"0";"9";"1";"9";"1";""
"202200023526";"772 134";"E01";"1";"7";"0";"2";"1";"1";"1";""
"202200023526";"772 135";"D01";"1";"7";"0";"2";"1";"1";"1";""
"202200023526";"772 137";"F01";"2";"7";"0";"2";"2";"15";"1";""
"202200023527";"772 133";"A01";"1";"15";"0";"1";"1";"1";"1";""
"202200023528";"772 131";"A01";"1";"7";"0";"2";"3";"1";"1";""
"202200023528";"772 132";"B01";"2";"31";"0";"2";"8";"13";"1";""
"202200023529";"772 130";"A01";"1";"33";"14";"0";"1";"1";"1";""
"202200023530";"772 128";"B01";"2";"10";"3";"2";"1";"0";"1";""
"202200023530";"772 129";"A01";"1";"7";"13";"2";"1";"1";"1";""
"202200023531";"772 127";"A01";"0";"36";"1";"0";"0";"0";"1";""
"202200023532";"772 126";"A01";"1";"33";"2";"0";"1";"1";"1";""
"202200023533";"772 125";"A01";"1";"7";"0";"1";"7";"21";"1";""
"202200023534";"772 123";"A01";"2";"14";"13";"0";"0";"1";"1";""
"202200023535";"772 122";"B01";"1";"15";"0";"0";"4";"23";"1";""
"202200023535";"772 124";"A01";"1";"7";"1";"0";"1";"12";"1";""
"202200023536";"772 120";"B01";"2";"10";"0";"2";"1";"1";"1";""
"202200023536";"772 121";"A01";"1";"7";"0";"2";"1";"13";"1";""
"202200023537";"772 118";"A01";"1";"10";"6";"0";"2";"1";"1";""
"202200023538";"772 117";"A01";"1";"7";"0";"0";"0";"1";"1";""
"202200023538";"772 119";"B01";"2";"7";"0";"9";"1";"1";"1";""
"202200023539";"772 116";"A01";"2";"7";"3";"0";"2";"1";"1";""
"202200023540";"772 114";"A01";"1";"7";"8";"0";"1";"1";"1";""
"202200023541";"772 113";"A01";"2";"7";"16";"0";"2";"2";"1";""
"202200023541";"772 115";"B01";"2";"36";"0";"0";"8";"15";"1";""
"202200023542";"772 112";"A01";"1";"7";"6";"0";"0";"1";"1";""
"202200023543";"772 111";"A01";"2";"33";"13";"0";"1";"1";"1";""
"202200023544";"772 109";"B01";"2";"7";"0";"2";"2";"1";"1";""
"202200023544";"772 110";"A01";"1";"7";"0";"2";"1";"5";"1";""
"202200023545";"772 107";"A01";"1";"2";"13";"0";"5";"0";"1";""
"202200023546";"772 106";"B01";"1";"7";"13";"2";"1";"21";"1";""
"202200023546";"772 108";"A01";"3";"7";"13";"2";"3";"19";"1";""
"202200023547";"772 103";"B01";"1";"7";"0";"2";"1";"1";"1";""
"202200023547";"772 105";"A01";"2";"7";"0";"2";"1";"3";"1";""
"202200023548";"772 102";"A01";"0";"7";"8";"2";"1";"2";"1";""
"202200023548";"772 104";"B01";"0";"7";"16";"0";"4";"1";"1";""
"202200023549";"772 101";"A01";"1";"33";"15";"0";"1";"1";"1";""
"202200023550";"772 099";"A01";"1";"7";"0";"2";"3";"15";"1";""
"202200023550";"772 100";"B01";"2";"33";"0";"2";"1";"1";"1";""
"202200023551";"772 096";"A01";"3";"2";"0";"0";"1";"1";"1";""
"202200023552";"772 094";"B01";"0";"50";"0";"2";"1";"1";"3";""
"202200023552";"772 095";"A01";"0";"7";"0";"2";"2";"16";"1";""
"202200023553";"772 091";"A01";"1";"7";"3";"0";"3";"17";"1";""
"202200023554";"772 090";"A01";"1";"7";"0";"2";"1";"1";"1";""
"202200023554";"772 092";"B01";"1";"7";"0";"2";"4";"23";"1";""
"202200023554";"772 093";"C01";"1";"7";"0";"2";"4";"23";"1";""
"202200023555";"772 087";"B01";"0";"7";"0";"2";"5";"12";"3";""
"202200023555";"772 089";"A01";"0";"2";"0";"2";"8";"1";"1";""
"202200023556";"772 086";"B01";"2";"7";"0";"2";"2";"1";"1";""
"202200023556";"772 088";"A01";"1";"7";"0";"2";"3";"19";"1";""
"202200023557";"772 085";"A01";"0";"17";"0";"1";"1";"1";"1";""
"202200023558";"772 082";"B01";"1";"7";"8";"2";"3";"1";"1";""
"202200023558";"772 084";"A01";"2";"7";"0";"2";"1";"15";"1";""
"202200023559";"772 081";"B01";"2";"7";"0";"2";"1";"1";"1";""
"202200023559";"772 083";"A01";"1";"10";"0";"2";"1";"13";"1";""
"202200023560";"772 080";"A01";"1";"7";"0";"0";"1";"1";"1";""
"202200023561";"772 079";"A01";"1";"43";"6";"0";"1";"1";"1";""
"202200023562";"772 074";"A01";"2";"2";"0";"2";"1";"17";"1";""
"202200023562";"772 076";"B01";"1";"7";"0";"2";"3";"1";"1";""
"202200023562";"772 078";"C01";"2";"7";"0";"2";"6";"1";"1";""
"202200023563";"772 075";"A01";"2";"7";"0";"0";"0";"17";"1";""
"202200023563";"772 077";"B01";"2";"33";"13";"0";"1";"17";"1";""
"202200023564";"772 073";"A01";"1";"31";"13";"0";"1";"1";"0";""
"202200023565";"772 071";"A01";"1";"7";"0";"2";"3";"19";"2";""
"202200023565";"772 072";"B01";"2";"7";"13";"2";"1";"1";"1";""
"202200023566";"772 067";"A01";"1";"7";"0";"2";"2";"0";"1";""
"202200023566";"772 069";"B01";"1";"7";"13";"0";"6";"0";"1";""
"202200023567";"772 068";"A01";"1";"7";"0";"0";"8";"10";"1";""
"202200023567";"772 070";"B01";"2";"2";"0";"2";"1";"1";"1";""
"202200023568";"772 065";"A01";"1";"7";"0";"0";"9";"0";"1";""
"202200023569";"772 063";"A01";"2";"7";"0";"2";"3";"1";"1";""
"202200023569";"772 064";"B01";"1";"15";"0";"2";"6";"1";"1";""
"202200023569";"772 066";"C01";"1";"7";"0";"2";"1";"1";"1";""
"202200023570";"772 062";"A01";"3";"36";"16";"0";"0";"0";"1";""
"202200023571";"772 060";"A01";"1";"7";"0";"2";"1";"0";"1";""
"202200023571";"772 061";"B01";"1";"13";"0";"2";"6";"0";"1";""
"202200023572";"772 056";"A01";"2";"7";"0";"0";"4";"2";"1";""
"202200023572";"772 058";"B01";"2";"10";"0";"2";"1";"2";"1";""
"202200023572";"772 059";"C01";"2";"33";"0";"2";"1";"2";"1";""
"202200023573";"772 057";"A01";"1";"7";"0";"1";"1";"1";"1";""
"202200023574";"772 053";"B01";"1";"33";"0";"2";"1";"17";"1";""
"202200023574";"772 055";"A01";"1";"7";"0";"2";"8";"10";"1";""
"202200023575";"772 051";"A01";"1";"7";"0";"0";"3";"5";"1";""
"202200023575";"772 052";"B01";"2";"7";"0";"0";"3";"1";"1";""
"202200023575";"772 054";"C01";"2";"7";"0";"0";"0";"15";"1";""
"202200023576";"772 047";"A01";"2";"7";"0";"2";"6";"15";"1";""
"202200023576";"772 048";"B01";"2";"33";"13";"2";"7";"17";"1";""
"202200023577";"772 045";"A01";"3";"7";"0";"2";"2";"1";"1";""
"202200023577";"772 046";"B01";"3";"31";"0";"2";"1";"1";"1";""
"202200023578";"772 043";"B01";"3";"10";"0";"2";"3";"1";"1";""
"202200023578";"772 044";"A01";"3";"1";"0";"2";"6";"1";"5";""
"202200023579";"772 042";"A01";"1";"13";"6";"1";"3";"1";"1";""
"202200023580";"772 040";"A01";"1";"2";"0";"4";"5";"1";"1";""
"202200023580";"772 041";"B01";"1";"39";"0";"2";"1";"1";"6";""
"202200023581";"772 036";"A01";"3";"7";"0";"0";"6";"15";"2";""
"202200023581";"772 037";"B01";"3";"33";"0";"2";"1";"1";"1";""
"202200023582";"772 035";"B01";"2";"10";"0";"2";"1";"2";"0";""
"202200023582";"772 038";"A01";"2";"7";"0";"2";"6";"2";"1";""
"202200023583";"772 034";"A01";"0";"33";"0";"0";"0";"0";"1";""
"202200023584";"772 032";"A01";"1";"7";"0";"2";"1";"2";"1";""
"202200023584";"772 033";"B01";"1";"7";"0";"2";"4";"2";"1";""
"202200023585";"772 029";"A01";"2";"33";"0";"2";"7";"3";"1";""
"202200023585";"772 030";"Z01";"2";"7";"0";"2";"0";"0";"0";""
"202200023586";"772 028";"A01";"2";"33";"0";"2";"1";"1";"1";""
"202200023586";"772 031";"B01";"1";"7";"0";"2";"1";"15";"1";""
"202200023587";"772 026";"A01";"2";"14";"0";"2";"1";"2";"1";""
"202200023587";"772 027";"B01";"2";"7";"0";"2";"4";"2";"1";""
"202200023588";"772 025";"A01";"2";"2";"12";"0";"2";"1";"1";""
"202200023589";"772 021";"B01";"2";"7";"0";"2";"5";"23";"1";""
"202200023589";"772 023";"A01";"2";"2";"0";"2";"1";"1";"1";""
"202200023590";"772 020";"B01";"2";"7";"0";"2";"3";"12";"2";""
"202200023590";"772 022";"A01";"2";"7";"0";"2";"2";"1";"2";""
"202200023590";"772 024";"C01";"2";"15";"0";"0";"4";"1";"1";""
"202200023591";"772 019";"A01";"2";"7";"8";"0";"2";"2";"1";""
"202200023592";"772 018";"A01";"1";"7";"13";"0";"9";"17";"1";""
"202200023593";"772 015";"A01";"1";"7";"0";"0";"4";"23";"1";""
"202200023593";"772 016";"B01";"1";"10";"1";"0";"1";"1";"1";""
"202200023594";"772 014";"A01";"1";"43";"0";"2";"1";"17";"1";""
"202200023594";"772 017";"B01";"2";"10";"0";"2";"2";"1";"1";""
"202200023595";"772 011";"B01";"1";"7";"0";"2";"4";"23";"1";""
"202200023595";"772 013";"A01";"1";"7";"1";"2";"1";"2";"1";""
"202200023596";"772 010";"B01";"0";"10";"0";"2";"1";"1";"1";""
"202200023596";"772 012";"A01";"0";"7";"0";"0";"4";"15";"1";""
"202200023597";"772 007";"B01";"2";"10";"0";"2";"5";"1";"1";""
"202200023597";"772 009";"A01";"2";"33";"0";"2";"1";"11";"1";""
"202200023598";"772 008";"A01";"0";"7";"2";"0";"1";"1";"1";""
"202200023599";"772 004";"A01";"2";"14";"0";"2";"2";"2";"1";""
"202200023599";"772 005";"B01";"1";"7";"0";"2";"8";"2";"1";""
"202200023600";"772 003";"A01";"3";"7";"0";"2";"8";"16";"1";""
"202200023600";"772 006";"B01";"1";"7";"0";"2";"2";"26";"2";""
"202200023601";"772 001";"B01";"2";"7";"0";"2";"6";"2";"1";""
"202200023601";"772 002";"A01";"2";"7";"0";"2";"2";"2";"1";""
"202200023602";"772 000";"A01";"1";"7";"2";"0";"3";"1";"1";""
"202200023603";"771 998";"B01";"2";"7";"0";"2";"6";"2";"1";""
"202200023603";"771 999";"A01";"2";"7";"0";"2";"2";"2";"1";""
"202200023604";"771 996";"A01";"2";"7";"0";"2";"2";"1";"2";""
"202200023604";"771 997";"B01";"1";"7";"0";"2";"3";"26";"1";""
"202200023605";"771 995";"A01";"2";"15";"4";"0";"3";"0";"1";""