"Num_Acc";"id_vehicule";"num_veh";"senc";"catv";"obs";"obsm";"choc";"manv";"motor";"occutc"
"202200023606";"771 992";"B01";"2";"2";"0";"0";"4";"11";"1";""
"202200023606";"771 994";"A01";"2";"2";"0";"2";"1";"2";"1";""
"202200023607";"771 991";"A01";"1";"7";"0";"2";"3";"0";"1";""
"202200023607";"771 993";"B01";"1";"7";"0";"2";"5";"0";"3";""
"202200023608";"771 989";"A01";"1";"33";"6";"0";"1";"1";"1";""
"202200023609";"771 988";"B01";"3";"7";"0";"2";"1";"26";"1";""
"202200023609";"771 990";"A01";"1";"33";"0";"0";"2";"1";"1";""
"202200023610";"771 984";"A01";"1";"7";"0";"2";"1";"19";"1";""
"202200023610";"771 986";"B01";"1";"7";"0";"0";"7";"1";"1";""
"202200023611";"771 982";"A01";"2";"7";"0";"2";"1";"13";"1";""
"202200023611";"771 983";"B01";"1";"7";"0";"2";"1";"1";"1";""
"202200023612";"771 981";"A01";"1";"2";"15";"0";"0";"1";"1";""
"202200023613";"771 980";"A01";"3";"10";"0";"1";"3";"1";"1";""
"202200023614";"771 979";"A01";"2";"7";"7";"0";"7";"1";"1";""
"202200023615";"771 978";"A01";"1";"7";"0";"0";"0";"1";"1";""
"202200023616";"771 977";"A01";"3";"7";"0";"1";"1";"1";"2";""
"202200023617";"771 976";"A01";"1";"10";"14";"0";"1";"1";"1";""
"202200023618";"771 975";"A01";"1";"33";"12";"0";"1";"9";"1";""
"202200023619";"771 973";"B01";"2";"7";"0";"2";"6";"1";"2";""
"202200023619";"771 974";"A01";"2";"7";"0";"2";"2";"14";"1";""
"202200023620";"771 971";"B01";"2";"7";"0";"2";"4";"1";"1";""
"202200023620";"771 972";"A01";"2";"10";"0";"2";"1";"1";"1";""
"202200023621";"771 969";"A01";"2";"7";"4";"2";"2";"1";"1";""
"202200023621";"771 970";"B01";"2";"7";"0";"2";"4";"1";"1";""
"202200023622";"771 967";"A01";"1";"32";"0";"2";"8";"11";"1";""
"202200023622";"771 968";"B01";"1";"10";"0";"2";"5";"2";"1";""
"202200023623";"771 966";"A01";"1";"32";"4";"0";"8";"1";"1";""
"202200023624";"771 965";"A01";"2";"33";"0";"0";"7";"1";"1";""
"202200023625";"771 964";"A01";"2";"7";"0";"1";"2";"1";"1";""
"202200023626";"771 963";"A01";"1";"7";"4";"0";"1";"1";"1";""
"202200023627";"771 960";"A01";"3";"10";"0";"2";"3";"13";"1";""
"202200023627";"771 962";"B01";"3";"7";"0";"2";"8";"0";"1";""
"202200023628";"771 959";"A01";"2";"7";"3";"2";"3";"11";"1";""
"202200023628";"771 961";"B01";"2";"7";"0";"2";"5";"1";"1";""
"202200023629";"771 958";"A01";"1";"7";"9";"0";"1";"13";"1";""
"202200023630";"771 957";"A01";"1";"7";"0";"1";"1";"1";"1";""
"202200023631";"771 955";"A01";"1";"7";"4";"0";"3";"13";"1";""
"202200023632";"771 951";"A01";"2";"7";"0";"2";"1";"26";"1";""
"202200023632";"771 953";"B01";"2";"7";"0";"2";"1";"26";"1";""
"202200023632";"771 954";"C01";"2";"7";"0";"2";"1";"26";"1";""
"202200023632";"771 956";"D01";"2";"7";"0";"2";"1";"26";"1";""
"202200023633";"771 950";"B01";"1";"7";"0";"2";"6";"15";"1";""
"202200023633";"771 952";"A01";"1";"31";"0";"2";"1";"1";"1";""
"202200023634";"771 948";"A01";"2";"50";"12";"0";"1";"1";"3";""
"202200023635";"771 946";"A01";"2";"7";"0";"2";"1";"2";"1";""
"202200023635";"771 947";"B01";"2";"7";"0";"2";"4";"2";"1";""
"202200023635";"771 949";"C01";"2";"7";"0";"2";"4";"2";"1";""
"202200023636";"771 945";"A01";"2";"7";"2";"0";"9";"1";"1";""
"202200023637";"771 940";"A01";"1";"7";"4";"2";"1";"1";"1";""
"202200023637";"771 942";"B01";"1";"7";"4";"2";"1";"1";"1";""
"202200023637";"771 944";"C01";"1";"7";"4";"2";"4";"1";"1";""
"202200023638";"771 939";"C01";"2";"7";"0";"2";"4";"1";"1";""
"202200023638";"771 941";"B01";"2";"10";"0";"2";"1";"2";"1";""
"202200023638";"771 943";"A01";"2";"7";"0";"2";"1";"1";"1";""
"202200023639";"771 936";"A01";"1";"34";"0";"2";"6";"26";"1";""
"202200023639";"771 938";"B01";"1";"7";"0";"2";"6";"26";"1";""
"202200023640";"771 934";"C01";"1";"7";"0";"2";"4";"23";"1";""
"202200023640";"771 935";"B01";"1";"7";"0";"2";"9";"23";"1";""
"202200023640";"771 937";"A01";"1";"7";"0";"2";"1";"1";"1";""
"202200023641";"771 932";"B01";"2";"7";"4";"2";"4";"1";"2";""
"202200023641";"771 933";"A01";"2";"7";"0";"2";"1";"1";"1";""
"202200023642";"771 926";"C01";"2";"7";"0";"2";"4";"1";"1";""
"202200023642";"771 928";"B01";"2";"7";"0";"2";"4";"1";"1";""
"202200023642";"771 929";"A01";"2";"10";"0";"2";"1";"1";"1";""
"202200023643";"771 925";"A01";"3";"7";"2";"2";"2";"12";"1";""
"202200023643";"771 927";"B01";"3";"10";"2";"2";"6";"1";"1";""
"202200023644";"771 922";"B01";"1";"33";"0";"2";"2";"0";"1";""
"202200023644";"771 924";"A01";"1";"7";"0";"2";"8";"11";"1";""
"202200023645";"771 921";"B01";"1";"7";"0";"2";"1";"1";"1";""
"202200023645";"771 923";"A01";"1";"7";"0";"2";"3";"10";"1";""
"202200023646";"771 919";"A01";"1";"7";"13";"0";"3";"13";"1";""
"202200023647";"771 920";"A01";"3";"7";"0";"1";"3";"13";"1";""
"202200023648";"771 917";"B01";"1";"7";"0";"2";"4";"1";"0";""
"202200023648";"771 918";"A01";"1";"7";"0";"2";"1";"1";"1";""
"202200023649";"771 915";"B01";"3";"7";"0";"2";"1";"1";"1";""
"202200023649";"771 916";"A01";"3";"1";"0";"2";"4";"1";"5";""
"202200023650";"771 912";"B01";"1";"1";"0";"2";"0";"0";"5";""
"202200023650";"771 913";"A01";"1";"7";"0";"2";"1";"1";"1";""
"202200023651";"771 911";"A01";"3";"7";"0";"2";"1";"15";"1";""
"202200023651";"771 914";"B01";"3";"7";"0";"2";"3";"1";"1";""
"202200023652";"771 908";"A01";"3";"7";"0";"2";"2";"19";"0";""
"202200023652";"771 909";"C01";"3";"7";"0";"2";"3";"23";"1";""
"202200023652";"771 910";"B01";"1";"7";"0";"2";"3";"1";"1";""
"202200023653";"771 904";"A01";"1";"10";"0";"2";"2";"17";"1";""
"202200023653";"771 906";"B01";"1";"1";"0";"2";"3";"2";"5";""
"202200023654";"771 905";"A01";"1";"7";"0";"2";"1";"2";"1";""
"202200023654";"771 907";"B01";"1";"7";"0";"2";"3";"2";"1";""
"202200023655";"771 901";"B01";"1";"7";"0";"2";"5";"1";"1";""
"202200023655";"771 903";"A01";"1";"30";"0";"2";"1";"9";"1";""
"202200023656";"771 900";"B01";"2";"7";"0";"2";"1";"1";"1";""
"202200023656";"771 902";"A01";"1";"7";"0";"2";"7";"19";"1";""
"202200023657";"771 898";"B01";"2";"2";"0";"2";"8";"1";"1";""
"202200023657";"771 899";"A01";"1";"7";"0";"2";"1";"15";"1";""
"202200023658";"771 896";"B01";"2";"7";"0";"2";"4";"2";"1";""
"202200023658";"771 897";"A01";"2";"7";"0";"2";"1";"9";"1";""
"202200023659";"771 894";"B01";"3";"33";"0";"2";"7";"17";"1";""
"202200023659";"771 895";"A01";"3";"7";"0";"2";"8";"17";"1";""
"202200023660";"771 892";"A01";"1";"7";"1";"0";"2";"14";"1";""
"202200023661";"771 891";"B01";"3";"60";"0";"2";"1";"19";"5";""
"202200023661";"771 893";"A01";"1";"7";"0";"2";"1";"15";"2";""
"202200023662";"771 890";"A01";"1";"7";"12";"0";"1";"13";"1";""
"202200023663";"771 889";"A01";"2";"7";"15";"0";"1";"17";"1";""
"202200023664";"771 887";"A01";"1";"7";"14";"0";"1";"13";"1";""
"202200023665";"771 886";"B01";"1";"7";"0";"2";"1";"2";"1";""
"202200023665";"771 888";"A01";"1";"7";"0";"2";"4";"2";"1";""
"202200023666";"771 884";"A01";"1";"7";"0";"2";"1";"2";"1";""
"202200023666";"771 885";"B01";"1";"7";"0";"2";"4";"1";"1";""
"202200023667";"771 883";"A01";"1";"33";"0";"1";"1";"26";"1";""
"202200023668";"771 881";"A01";"2";"32";"0";"2";"1";"18";"3";""
"202200023668";"771 882";"B01";"0";"7";"0";"2";"1";"20";"1";""
"202200023669";"771 876";"A01";"2";"7";"0";"2";"1";"26";"1";""
"202200023669";"771 878";"B01";"2";"7";"0";"2";"8";"26";"1";""
"202200023670";"771 875";"A01";"3";"7";"1";"2";"2";"14";"1";""
"202200023670";"771 877";"B01";"3";"7";"0";"2";"6";"24";"1";""
"202200023670";"771 879";"C01";"3";"7";"1";"0";"4";"23";"1";""
"202200023670";"771 880";"D01";"3";"7";"0";"2";"3";"1";"1";""
"202200023671";"771 874";"A01";"1";"34";"1";"0";"1";"2";"1";""
"202200023672";"771 872";"B01";"1";"7";"0";"2";"7";"16";"1";""
"202200023672";"771 873";"A01";"1";"37";"0";"2";"1";"1";"1";"1"
"202200023673";"771 870";"A01";"2";"7";"0";"2";"1";"9";"2";""
"202200023673";"771 871";"B01";"1";"1";"0";"2";"7";"1";"5";""
"202200023674";"771 869";"A01";"2";"7";"0";"1";"3";"1";"0";""
"202200023675";"771 868";"A01";"1";"2";"1";"0";"0";"26";"1";""
"202200023676";"771 865";"B01";"1";"50";"0";"2";"0";"0";"3";""
"202200023676";"771 866";"A01";"1";"7";"0";"9";"1";"26";"1";""
"202200023677";"771 864";"B01";"1";"7";"0";"2";"2";"15";"1";""
"202200023677";"771 867";"A01";"2";"7";"0";"2";"3";"1";"1";""
"202200023678";"771 863";"A01";"0";"7";"0";"1";"1";"0";"1";""
"202200023679";"771 859";"A01";"0";"7";"0";"0";"3";"0";"1";""
"202200023679";"771 861";"B01";"0";"32";"0";"0";"1";"0";"3";""
"202200023680";"771 860";"A01";"1";"7";"0";"2";"8";"15";"1";""
"202200023680";"771 862";"B01";"1";"33";"0";"2";"1";"21";"1";""
"202200023681";"771 856";"A01";"0";"7";"0";"2";"1";"1";"1";""
"202200023681";"771 858";"B01";"0";"1";"0";"2";"7";"1";"5";""
"202200023682";"771 857";"A01";"1";"31";"0";"2";"1";"1";"1";""
"202200023683";"771 854";"A01";"2";"7";"0";"2";"3";"16";"1";""
"202200023683";"771 855";"B01";"2";"1";"0";"2";"1";"1";"5";""
"202200023684";"771 850";"B01";"3";"7";"0";"2";"1";"2";"1";""
"202200023684";"771 852";"A01";"3";"7";"0";"2";"1";"15";"1";""
"202200023685";"771 847";"B01";"3";"1";"0";"2";"1";"1";"5";""
"202200023685";"771 849";"A01";"3";"7";"0";"2";"8";"22";"1";""
"202200023686";"771 846";"B01";"2";"7";"0";"2";"5";"15";"1";""
"202200023686";"771 848";"A01";"1";"34";"0";"2";"2";"1";"1";""
"202200023687";"771 843";"B01";"0";"1";"0";"2";"8";"1";"5";""
"202200023687";"771 845";"A01";"0";"15";"0";"2";"7";"16";"0";""
"202200023688";"771 842";"A01";"3";"7";"0";"2";"6";"10";"1";""
"202200023688";"771 844";"B01";"3";"7";"0";"2";"3";"1";"1";""
"202200023689";"771 841";"A01";"1";"33";"0";"0";"4";"9";"1";""
"202200023690";"771 840";"A01";"1";"7";"0";"1";"2";"1";"1";""
"202200023691";"771 839";"A01";"1";"7";"3";"0";"0";"14";"1";""
"202200023692";"771 837";"B01";"1";"7";"0";"2";"1";"1";"1";""
"202200023692";"771 838";"A01";"2";"32";"0";"2";"0";"13";"1";""
"202200023693";"771 836";"A01";"1";"7";"0";"5";"1";"1";"1";""
"202200023694";"771 835";"A01";"2";"33";"0";"0";"8";"1";"1";""
"202200023695";"771 833";"A01";"1";"7";"0";"2";"1";"13";"1";""
"202200023695";"771 834";"B01";"2";"7";"0";"2";"1";"1";"1";""
"202200023696";"771 830";"B01";"2";"10";"1";"2";"4";"4";"0";""
"202200023696";"771 831";"A01";"2";"7";"1";"2";"1";"1";"1";""
"202200023697";"771 829";"A01";"2";"7";"2";"2";"2";"21";"1";""
"202200023697";"771 832";"B01";"3";"7";"0";"2";"6";"9";"1";""
"202200023698";"771 827";"A01";"3";"7";"0";"2";"1";"1";"1";""
"202200023698";"771 828";"B01";"3";"7";"0";"2";"4";"23";"1";""
"202200023699";"771 826";"A01";"1";"7";"0";"1";"1";"1";"1";""
"202200023700";"771 825";"Z01";"2";"50";"0";"1";"0";"5";"3";""
"202200023701";"771 822";"A01";"0";"7";"0";"0";"0";"0";"1";""
"202200023701";"771 824";"B01";"0";"7";"0";"0";"0";"0";"2";""
"202200023702";"771 821";"B01";"3";"7";"0";"2";"1";"1";"1";""
"202200023702";"771 823";"A01";"3";"7";"0";"2";"2";"15";"1";""
"202200023703";"771 817";"C01";"2";"7";"0";"2";"2";"1";"1";""
"202200023703";"771 819";"B01";"2";"33";"0";"2";"6";"1";"1";""
"202200023703";"771 820";"A01";"2";"7";"0";"0";"5";"23";"1";""
"202200023704";"771 816";"A01";"1";"7";"0";"2";"2";"1";"0";""
"202200023704";"771 818";"B01";"1";"7";"0";"2";"6";"1";"1";""
"202200023705";"771 814";"A01";"2";"7";"0";"2";"3";"13";"1";""
"202200023705";"771 815";"B01";"1";"7";"0";"2";"6";"0";"1";""
"202200023706";"771 812";"A01";"1";"33";"0";"0";"9";"1";"1";""
"202200023707";"771 810";"C01";"3";"7";"0";"2";"4";"2";"1";""
"202200023707";"771 811";"B01";"3";"33";"0";"2";"4";"2";"1";""
"202200023707";"771 813";"A01";"1";"7";"0";"2";"1";"2";"1";""
"202200023708";"771 808";"A01";"1";"7";"0";"2";"0";"9";"1";""
"202200023708";"771 809";"B01";"1";"7";"0";"2";"3";"1";"1";""
"202200023709";"771 806";"B01";"2";"7";"0";"2";"8";"1";"1";""
"202200023709";"771 807";"A01";"2";"33";"0";"2";"7";"17";"1";""
"202200023710";"771 805";"B01";"2";"80";"0";"1";"1";"0";"3";""
"202200023711";"771 804";"A01";"2";"7";"6";"0";"1";"13";"3";""
"202200023712";"771 801";"A01";"1";"7";"4";"2";"1";"13";"1";""
"202200023712";"771 803";"B01";"1";"7";"0";"2";"4";"1";"1";""
"202200023713";"771 800";"B01";"3";"1";"0";"2";"4";"0";"5";""
"202200023713";"771 802";"A01";"3";"7";"0";"9";"1";"16";"1";""
"202200023714";"771 798";"B01";"2";"10";"0";"2";"5";"1";"1";""
"202200023714";"771 799";"A01";"2";"43";"0";"2";"1";"1";"1";""
"202200023715";"771 797";"A01";"1";"43";"4";"0";"8";"13";"1";""
"202200023716";"771 795";"B01";"1";"7";"0";"0";"0";"0";"1";""
"202200023716";"771 796";"A01";"0";"7";"0";"2";"1";"0";"1";""
"202200023717";"771 793";"A01";"1";"30";"1";"0";"1";"1";"1";""
"202200023718";"771 791";"A01";"3";"1";"0";"2";"1";"5";"5";""
"202200023718";"771 792";"B01";"3";"7";"0";"2";"1";"1";"1";""
"202200023719";"771 789";"A01";"1";"7";"0";"2";"1";"13";"1";""
"202200023719";"771 790";"B01";"2";"7";"0";"2";"1";"1";"1";""
"202200023720";"771 788";"A01";"1";"10";"0";"1";"3";"1";"1";""
"202200023721";"771 785";"B01";"1";"2";"0";"2";"1";"1";"1";""
"202200023721";"771 787";"A01";"2";"7";"0";"2";"1";"15";"1";""
"202200023722";"771 784";"A01";"1";"7";"0";"2";"5";"22";"1";""
"202200023722";"771 786";"B01";"1";"1";"0";"2";"1";"1";"5";""
"202200023723";"771 782";"Z01";"2";"10";"1";"1";"1";"14";"1";""
"202200023724";"771 781";"B01";"2";"31";"0";"2";"1";"1";"1";""
"202200023724";"771 783";"A01";"1";"7";"0";"2";"2";"13";"1";""
"202200023725";"771 779";"A01";"1";"32";"0";"2";"1";"2";"1";""
"202200023725";"771 780";"B01";"1";"33";"0";"2";"7";"2";"1";""
"202200023726";"771 778";"A01";"2";"7";"13";"0";"3";"13";"1";""
"202200023727";"771 776";"A01";"1";"7";"0";"1";"3";"2";"2";""
"202200023728";"771 775";"A01";"3";"7";"0";"2";"2";"16";"2";""
"202200023728";"771 777";"B01";"2";"1";"0";"2";"1";"1";"5";""
"202200023729";"771 772";"A01";"3";"33";"0";"2";"1";"2";"1";""
"202200023729";"771 774";"B01";"3";"37";"0";"2";"6";"0";"3";"1"
"202200023730";"771 771";"B01";"2";"7";"0";"2";"7";"1";"1";""
"202200023730";"771 773";"A01";"2";"30";"0";"2";"8";"18";"1";""
"202200023731";"771 769";"B01";"2";"7";"0";"2";"5";"1";"1";""
"202200023731";"771 770";"A01";"2";"31";"0";"2";"1";"3";"1";""
"202200023732";"771 768";"Z01";"1";"30";"0";"1";"3";"21";"0";""
"202200023733";"771 767";"A01";"1";"30";"0";"1";"1";"1";"1";""
"202200023734";"771 766";"A01";"1";"33";"0";"1";"3";"1";"1";""
"202200023735";"771 765";"A01";"2";"10";"8";"1";"7";"15";"1";""
"202200023736";"771 763";"A01";"2";"1";"0";"1";"1";"1";"5";""
"202200023737";"771 761";"A01";"2";"1";"12";"2";"1";"13";"5";""
"202200023737";"771 762";"B01";"1";"2";"0";"2";"1";"1";"1";""
"202200023738";"771 760";"A01";"1";"50";"1";"0";"1";"5";"3";""
"202200023739";"771 758";"A01";"3";"30";"0";"2";"0";"2";"1";""
"202200023739";"771 759";"B01";"1";"7";"0";"2";"2";"2";"2";""
"202200023740";"771 757";"A01";"1";"1";"0";"1";"1";"16";"5";""
"202200023741";"771 755";"A01";"2";"10";"0";"2";"0";"15";"1";""
"202200023741";"771 756";"B01";"2";"1";"0";"2";"1";"1";"5";""
"202200023742";"771 754";"A01";"1";"7";"0";"1";"1";"1";"1";""
"202200023743";"771 751";"B01";"1";"7";"0";"2";"1";"1";"2";""
"202200023743";"771 753";"A01";"2";"50";"0";"2";"2";"1";"3";""
"202200023744";"771 750";"Z01";"1";"10";"0";"2";"3";"9";"1";""
"202200023744";"771 752";"A01";"1";"32";"0";"2";"2";"1";"1";""
"202200023745";"771 749";"A01";"3";"30";"0";"0";"0";"21";"1";""
"202200023746";"771 746";"A01";"1";"7";"0";"2";"1";"1";"2";""
"202200023746";"771 748";"B01";"1";"7";"0";"2";"4";"1";"1";""
"202200023747";"771 745";"A01";"1";"7";"2";"0";"0";"0";"1";""
"202200023747";"771 747";"B01";"1";"50";"2";"0";"0";"0";"3";""
"202200023748";"771 744";"A01";"2";"7";"0";"1";"7";"1";"1";""
"202200023749";"771 743";"A01";"1";"1";"0";"1";"7";"7";"5";""
"202200023750";"771 741";"B01";"0";"1";"0";"2";"8";"0";"5";""
"202200023750";"771 742";"A01";"3";"7";"0";"2";"5";"19";"1";""
"202200023751";"771 740";"A01";"2";"1";"0";"0";"7";"1";"5";""
"202200023752";"771 739";"A01";"2";"7";"0";"1";"1";"2";"1";""
"202200023753";"771 736";"A01";"1";"7";"0";"2";"1";"1";"1";""
"202200023753";"771 738";"B01";"2";"1";"0";"2";"7";"1";"5";""
"202200023754";"771 732";"D01";"3";"7";"0";"2";"4";"1";"1";""
"202200023754";"771 734";"C01";"3";"7";"0";"2";"4";"1";"1";""
"202200023754";"771 735";"B01";"3";"7";"0";"2";"4";"1";"1";""
"202200023754";"771 737";"A01";"3";"37";"0";"2";"1";"1";"1";"1"
"202200023755";"771 731";"Z01";"1";"32";"0";"2";"7";"1";"1";""
"202200023755";"771 733";"A01";"1";"1";"0";"2";"8";"15";"5";""
"202200023756";"771 729";"B01";"2";"7";"0";"2";"4";"2";"1";""
"202200023756";"771 730";"A01";"2";"7";"0";"2";"1";"2";"1";""
"202200023757";"771 727";"A01";"2";"7";"0";"1";"1";"15";"1";""
"202200023758";"771 726";"A01";"1";"32";"0";"2";"7";"15";"1";""
"202200023758";"771 728";"B01";"2";"7";"0";"2";"1";"1";"1";""
"202200023759";"771 724";"A01";"1";"50";"0";"2";"1";"1";"3";""
"202200023759";"771 725";"B01";"1";"7";"0";"9";"7";"15";"1";""
"202200023760";"771 723";"A01";"1";"7";"8";"0";"2";"14";"2";""
"202200023761";"771 720";"C01";"2";"7";"0";"2";"6";"23";"1";""
"202200023761";"771 721";"B01";"2";"7";"0";"2";"6";"23";"1";""
"202200023761";"771 722";"A01";"2";"7";"0";"2";"2";"17";"1";""
"202200023762";"771 719";"A01";"2";"10";"0";"1";"3";"15";"1";""
"202200023763";"771 717";"A01";"2";"33";"0";"0";"8";"1";"1";""
"202200023763";"771 718";"B01";"2";"33";"0";"0";"8";"1";"1";""
"202200023764";"771 714";"A01";"2";"7";"0";"1";"1";"15";"1";""
"202200023765";"771 715";"A01";"1";"7";"0";"2";"1";"1";"0";""
"202200023765";"771 716";"B01";"1";"2";"0";"2";"4";"23";"1";""
"202200023766";"771 711";"A01";"0";"7";"0";"2";"3";"9";"1";""
"202200023766";"771 713";"B01";"0";"2";"0";"2";"3";"0";"1";""
"202200023767";"771 710";"A01";"2";"7";"0";"2";"1";"1";"1";""
"202200023767";"771 712";"B01";"2";"33";"0";"2";"0";"0";"1";""
"202200023768";"771 708";"B01";"1";"7";"0";"2";"0";"1";"0";""
"202200023768";"771 709";"A01";"1";"33";"0";"2";"0";"1";"0";""
"202200023769";"771 706";"A01";"1";"7";"0";"2";"1";"26";"1";""
"202200023769";"771 707";"B01";"1";"3";"0";"2";"4";"0";"1";""
"202200023770";"771 704";"A01";"1";"7";"15";"2";"4";"21";"1";""
"202200023770";"771 705";"B01";"1";"7";"0";"2";"1";"5";"0";""
"202200023771";"771 703";"A01";"3";"34";"15";"2";"0";"18";"1";""
"202200023772";"771 701";"B01";"0";"2";"0";"2";"3";"26";"1";""
"202200023772";"771 702";"A01";"0";"7";"0";"2";"2";"1";"1";""
"202200023773";"771 699";"A01";"2";"7";"0";"2";"2";"16";"1";""
"202200023773";"771 700";"B01";"2";"32";"0";"2";"3";"18";"1";""
"202200023774";"771 697";"A01";" -1";"31";"0";"0";"0";"0";"1";""
"202200023774";"771 698";"B01";"0";"7";"0";"2";"2";"9";"0";""
"202200023775";"771 695";"B01";"3";"7";"0";"2";"3";"1";"1";""
"202200023775";"771 696";"A01";"3";"7";"0";"2";"2";"16";"1";""
"202200023776";"771 693";"A01";"3";"7";"0";"9";"3";"0";"1";""
"202200023776";"771 694";"B01";"0";"2";"0";"0";"1";"3";"1";""
"202200023777";"771 691";"A01";"3";"99";"0";"2";"1";"25";"0";""
"202200023777";"771 692";"B01";"3";"10";"0";"0";"2";"15";"0";""
"202200023778";"771 688";"B01";"2";"7";"0";"2";"2";"1";"1";""
"202200023778";"771 690";"A01";"2";"2";"0";"2";"6";"1";"1";""
"202200023779";"771 685";"A01";"3";"7";"0";"2";"2";"10";"1";""
"202200023779";"771 686";"B01";"3";"1";"0";"2";"1";"1";"5";""
"202200023780";"771 684";"C01";"3";"7";"0";"2";"6";"23";"1";""
"202200023780";"771 687";"B01";"2";"33";"1";"2";"1";"1";"1";""
"202200023780";"771 689";"A01";"1";"7";"0";"2";"3";"15";"1";""
"202200023781";"771 682";"B01";"1";"7";"0";"2";"3";"1";"1";""
"202200023781";"771 683";"A01";"1";"50";"0";"2";"1";"17";"3";""
"202200023782";"771 681";"A01";"3";"10";"0";"1";"2";"16";"1";""
"202200023783";"771 679";"A01";"2";"7";"0";"2";"1";"15";"1";""
"202200023783";"771 680";"B01";"1";"43";"0";"2";"1";"1";"1";""
"202200023784";"771 678";"A01";"2";"7";"0";"1";"2";"1";"1";""
"202200023785";"771 677";"A01";"1";"7";"0";"1";"2";"1";"1";""
"202200023786";"771 675";"A01";"1";"10";"0";"2";"4";"2";"1";""
"202200023786";"771 676";"B01";"1";"10";"0";"2";"1";"2";"1";""
"202200023787";"771 672";"A01";"1";"7";"0";"2";"1";"1";"1";""
"202200023787";"771 673";"B01";"1";"7";"0";"2";"4";"1";"2";""
"202200023787";"771 674";"C01";"1";"7";"0";"2";"4";"1";"1";""
"202200023788";"771 670";"B01";"1";"1";"0";"2";"4";"1";"5";""
"202200023788";"771 671";"Z01";"1";"10";"0";"2";"1";"12";"1";""
"202200023789";"771 668";"B01";"3";"31";"0";"9";"1";"0";"1";""
"202200023789";"771 669";"A01";"3";"1";"0";"2";"1";"0";"5";""
"202200023790";"771 666";"B01";"0";"7";"0";"0";"0";"10";"1";""
"202200023790";"771 667";"A01";"3";"2";"6";"0";"1";"21";"1";""
"202200023791";"771 662";"B01";"2";"32";"0";"2";"1";"1";"1";""
"202200023791";"771 663";"A01";"1";"7";"0";"2";"3";"15";"1";""
"202200023792";"771 661";"A01";"2";"15";"13";"0";"2";"0";"1";""
"202200023793";"771 658";"C01";"1";"10";"0";"2";"1";"1";"1";""
"202200023793";"771 659";"B01";"2";"7";"0";"2";"3";"1";"1";""
"202200023793";"771 660";"A01";"1";"7";"0";"2";"3";"1";"1";""
"202200023794";"771 656";"B01";"1";"17";"0";"2";"1";"1";"1";""
"202200023794";"771 657";"A01";"2";"7";"0";"2";"3";"15";"1";""
"202200023795";"771 654";"B01";"1";"33";"0";"2";"1";"1";"1";""
"202200023795";"771 655";"A01";"1";"7";"0";"2";"1";"15";"1";""
"202200023796";"771 650";"A01";"1";"7";"4";"2";"1";"1";"1";""
"202200023796";"771 651";"B01";"1";"7";"16";"2";"4";"2";"1";""
"202200023797";"771 649";"A01";"2";"7";"3";"0";"3";"13";"2";""
"202200023798";"771 647";"B01";"1";"2";"0";"2";"5";"17";"1";""
"202200023798";"771 648";"A01";"1";"7";"0";"2";"1";"1";"1";""
"202200023799";"771 645";"B01";"1";"33";"0";"2";"1";"17";"1";""
"202200023799";"771 646";"A01";"2";"7";"0";"2";"3";"9";"1";""
"202200023800";"771 644";"A01";"1";"7";"3";"9";"1";"1";"1";""
"202200023801";"771 643";"A01";"0";"7";"0";"1";"0";"1";"1";""
"202200023802";"771 642";"A01";"0";"7";"8";"0";"1";"1";"1";""
"202200023803";"771 640";"A01";"0";"7";"0";"2";"1";"15";"1";""
"202200023803";"771 641";"B01";"0";"1";"0";"2";"1";"1";"5";""
"202200023804";"771 639";"A01";"3";"7";"0";"1";"3";"26";"1";""
"202200023805";"771 637";"B01";"0";"2";"0";"2";"1";"15";"1";""
"202200023805";"771 638";"A01";"2";"7";"0";"2";"1";"1";"1";""
"202200023806";"771 636";"A01";"3";"7";"0";"1";"1";"1";"1";""
"202200023807";"771 634";"B01";"1";"32";"0";"2";"1";"1";"1";""
"202200023807";"771 635";"A01";"1";"3";"0";"2";"7";"13";"1";""
"202200023808";"771 631";"B01";"0";"7";"0";"2";"4";"1";"1";""
"202200023808";"771 632";"C01";"0";"1";"0";"0";"4";"1";"5";""
"202200023808";"771 633";"A01";"0";"10";"0";"2";"1";"2";"1";""
"202200023809";"771 629";"A01";"2";"32";"0";"2";"1";"1";"1";""
"202200023809";"771 630";"B01";"1";"7";"0";"2";"3";"15";"1";""
"202200023810";"771 628";"A01";"3";"7";"0";"1";"1";"2";"1";""
"202200023811";"771 626";"B01";"1";"7";"0";"2";"4";"1";"1";""
"202200023811";"771 627";"A01";"1";"7";"0";"2";"1";"1";"1";""
"202200023812";"771 625";"A01";"1";"7";"0";"1";"2";"0";"0";""
"202200023813";"771 623";"A01";"3";"7";"0";"0";"0";"15";"1";""
"202200023813";"771 624";"B01";"2";"1";"0";"0";"0";"15";"5";""
"202200023814";"771 621";"A01";"1";"7";"0";"2";"1";"2";"1";""
"202200023814";"771 622";"B01";"1";"7";"0";"2";"4";"2";"1";""
"202200023815";"771 619";"B01";"2";"10";"0";"2";"4";"2";"1";""
"202200023815";"771 620";"A01";"2";"33";"0";"2";"1";"2";"1";""
"202200023816";"771 617";"A01";"2";"33";"0";"2";"1";"13";"1";""
"202200023816";"771 618";"B01";"2";"7";"0";"2";"4";"1";"1";""
"202200023817";"771 615";"A01";"2";"33";"0";"2";"1";"1";"1";""