"Num_Acc";"id_vehicule";"num_veh";"senc";"catv";"obs";"obsm";"choc";"manv";"motor";"occutc"
"202200023817";"771 616";"B01";"2";"10";"0";"2";"5";"12";"1";""
"202200023818";"771 613";"B01";"1";"1";"0";"2";"3";"1";"5";""
"202200023818";"771 614";"A01";"1";"7";"0";"2";"3";"22";"2";""
"202200023819";"771 611";"B01";"1";"1";"0";"2";"1";"13";"5";""
"202200023819";"771 612";"A01";"2";"1";"0";"2";"1";"1";"5";""
"202200023820";"771 609";"Z01";"1";"1";"0";"2";"1";"13";"5";""
"202200023820";"771 610";"A01";"2";"50";"0";"2";"1";"1";"3";""
"202200023821";"771 608";"A01";"1";"7";"1";"0";"2";"13";"3";""
"202200023822";"771 606";"B01";"2";"7";"0";"2";"3";"23";"1";""
"202200023822";"771 607";"A01";"2";"43";"0";"2";"2";"5";"1";""
"202200023823";"771 605";"A01";"3";"37";"0";"0";"0";"1";"1";"2"
"202200023824";"771 603";"B01";"2";"10";"0";"2";"8";"15";"1";""
"202200023824";"771 604";"A01";"2";"33";"0";"2";"1";"17";"1";""
"202200023825";"771 602";"A01";"1";"37";"0";"0";"0";"1";"1";"12"
"202200023826";"771 600";"A01";"1";"7";"0";"2";"5";"15";"1";""
"202200023826";"771 601";"B01";"2";"80";"0";"2";"2";"1";"3";""
"202200023827";"771 599";"A01";"3";"30";"0";"1";"1";"1";"1";""
"202200023828";"771 597";"A01";"2";"10";"0";"2";"2";"12";"1";""
"202200023828";"771 598";"B01";"2";"1";"0";"2";"8";"1";"5";""
"202200023829";"771 595";"A01";"1";"7";"0";"2";"3";"22";"1";""
"202200023829";"771 596";"B01";"1";"1";"0";"2";"1";"1";"5";""
"202200023830";"771 593";"B01";"0";"7";"0";"2";"1";"1";"1";""
"202200023830";"771 594";"A01";"1";"1";"0";"2";"8";"1";"5";""
"202200023831";"771 592";"A01";"3";"34";"0";"1";"1";"1";"1";""
"202200023832";"771 590";"A01";"3";"7";"0";"2";"8";"13";"1";""
"202200023832";"771 591";"B01";"3";"33";"0";"2";"7";"1";"1";""
"202200023833";"771 589";"A01";"2";"7";"0";"1";"1";"1";"1";""
"202200023834";"771 587";"A01";"2";"7";"0";"2";"8";"22";"1";""
"202200023834";"771 588";"B01";"2";"2";"0";"2";"7";"18";"3";""
"202200023835";"771 586";"A01";"2";"33";"0";"1";"8";"1";"1";""
"202200023836";"771 585";"A01";"1";"7";"8";"0";"1";"1";"3";""
"202200023837";"771 583";"A01";"1";"34";"9";"2";"1";"5";"1";""
"202200023837";"771 584";"B01";"1";"7";"0";"2";"3";"15";"1";""
"202200023838";"771 581";"B01";"1";"32";"0";"2";"3";"19";"3";""
"202200023838";"771 582";"A01";"1";"2";"0";"2";"1";"19";"1";""
"202200023839";"771 579";"B01";"1";"10";"0";"2";"3";"15";"1";""
"202200023839";"771 580";"A01";"1";"30";"0";"2";"2";"0";"1";""
"202200023840";"771 577";"B01";"2";"7";"0";"2";"3";"15";"1";""
"202200023840";"771 578";"A01";"1";"50";"0";"2";"3";"13";"3";""
"202200023841";"771 575";"A01";"3";"37";"0";"2";"7";"16";"1";"2"
"202200023841";"771 576";"B01";"2";"14";"0";"2";"4";"20";"1";""
"202200023842";"771 574";"A01";"0";"3";"1";"0";"3";"1";"1";""
"202200023843";"771 572";"A01";"1";"7";"0";"2";"1";"2";"1";""
"202200023843";"771 573";"B01";"1";"7";"0";"2";"4";"2";"1";""
"202200023844";"771 571";"A01";"1";"7";"0";"1";"1";"1";"1";""
"202200023845";"771 569";"B01";"2";"99";"0";"2";"8";"1";"0";""
"202200023845";"771 570";"A01";"1";"7";"0";"2";"1";"15";"1";""
"202200023846";"771 568";"A01";"1";"99";"0";"1";"1";"0";"3";""
"202200023847";"771 567";"A01";"3";"10";"0";"1";"6";"4";"1";""
"202200023848";"771 566";"A01";"2";"7";"0";"1";"7";"2";"1";""
"202200023849";"771 565";"A01";"1";"7";"8";"0";"1";"13";"1";""
"202200023850";"771 564";"A01";"0";"30";"0";"0";"0";"2";"1";""
"202200023851";"771 563";"A01";"0";"7";"1";"0";"0";"0";"0";""
"202200023852";"771 562";"A01";"1";"7";"0";"1";"4";"4";"1";""
"202200023853";"771 561";"A01";"2";"7";"0";"1";"1";"1";"2";""
"202200023854";"771 559";"A01";"2";"33";"0";"2";"3";"15";"1";""
"202200023854";"771 560";"B01";"1";"1";"0";"2";"0";"0";"5";""
"202200023855";"771 558";"A01";"1";"7";"0";"1";"1";"15";"1";""
"202200023856";"771 556";"B01";"3";"1";"0";"2";"4";"15";"5";""
"202200023856";"771 557";"A01";"3";"7";"0";"9";"1";"13";"1";""
"202200023857";"771 555";"A01";"1";"7";"0";"1";"1";"1";"1";""
"202200023858";"771 553";"B01";"3";"7";"0";"2";"2";"19";"1";""
"202200023858";"771 554";"A01";"2";"1";"0";"2";"5";"1";"5";""
"202200023859";"771 552";"A01";"3";"7";"2";"0";"1";"14";"1";""
"202200023860";"771 551";"A01";"1";"7";"8";"0";"1";"14";"1";""
"202200023861";"771 548";"A01";"0";"31";"15";"2";"1";"6";"1";""
"202200023861";"771 549";"C01";"0";"7";"7";"0";"8";"1";"1";""
"202200023861";"771 550";"B01";"0";"7";"0";"2";"1";"1";"1";""
"202200023862";"771 547";"A01";"1";"7";"13";"0";"9";"13";"1";""
"202200023863";"771 545";"B01";"2";"14";"0";"2";"4";"1";"1";""
"202200023863";"771 546";"A01";"2";"14";"0";"0";"4";"26";"1";""
"202200023864";"771 543";"B01";"1";"7";"0";"2";"3";"2";"1";""
"202200023864";"771 544";"A01";"1";"33";"0";"2";"4";"23";"1";""
"202200023865";"771 542";"A01";"3";"7";"8";"0";"2";"1";"1";""
"202200023866";"771 540";"B01";"2";"7";"0";"2";"3";"1";"1";""
"202200023866";"771 541";"A01";"1";"15";"0";"2";"3";"13";"1";""
"202200023867";"771 539";"A01";"1";"7";"0";"0";"9";"13";"1";""
"202200023868";"771 538";"A01";"3";"1";"0";"0";"0";"2";"5";""
"202200023869";"771 536";"A01";"2";"7";"0";"2";"2";"15";"1";""
"202200023869";"771 537";"B01";"1";"31";"0";"2";"1";"1";"1";""
"202200023870";"771 534";"A01";"2";"2";"0";"2";"7";"1";"1";""
"202200023870";"771 535";"B01";"2";"2";"0";"2";"8";"1";"1";""
"202200023871";"771 533";"A01";"1";"32";"0";"6";"1";"1";"1";""
"202200023872";"771 531";"B01";"0";"33";"0";"2";"8";"1";"1";""
"202200023872";"771 532";"A01";"2";"7";"0";"2";"2";"1";"1";""
"202200023873";"771 530";"A01";"2";"7";"13";"0";"2";"14";"1";""
"202200023874";"771 529";"A01";"1";"7";"0";"1";"1";"1";"1";""
"202200023875";"771 527";"B01";"1";"7";"0";"2";"3";"5";"1";""
"202200023875";"771 528";"A01";"2";"7";"0";"2";"3";"1";"1";""
"202200023876";"771 526";"A01";"1";"7";"4";"0";"3";"18";"1";""
"202200023877";"771 525";"A01";"1";"7";"15";"0";"2";"1";"1";""
"202200023878";"771 523";"B01";"1";"1";"0";"2";"8";"1";"5";""
"202200023878";"771 524";"A01";"1";"7";"0";"9";"3";"17";"1";""
"202200023879";"771 521";"B01";"3";"33";"0";"2";"8";"1";"1";""
"202200023879";"771 522";"A01";"3";"7";"0";"9";"3";"15";"1";""
"202200023880";"771 520";"A01";"2";"7";"0";"1";"1";"1";"1";""
"202200023881";"771 516";"A01";"1";"33";"0";"0";"7";"1";"1";""
"202200023882";"771 514";"B01";"2";"7";"0";"2";"2";"1";"1";""
"202200023882";"771 515";"A01";"1";"7";"0";"0";"5";"4";"1";""
"202200023883";"771 513";"A01";"0";"7";"8";"0";"2";"0";"1";""
"202200023884";"771 512";"A01";"0";"7";"0";"0";"0";"1";"1";""
"202200023885";"771 510";"B01";"1";"15";"0";"2";"2";"1";"1";""
"202200023885";"771 511";"A01";"2";"7";"0";"2";"1";"5";"1";""
"202200023886";"771 508";"A01";"1";"7";"0";"2";"4";"23";"1";""
"202200023886";"771 509";"B01";"1";"7";"0";"2";"1";"2";"1";""
"202200023887";"771 507";"A01";"1";"15";"0";"1";"3";"2";"1";""
"202200023888";"771 503";"A01";"1";"7";"0";"2";"2";"15";"1";""
"202200023888";"771 504";"B01";"2";"34";"0";"2";"1";"1";"1";""
"202200023889";"771 502";"A01";"2";"7";"3";"0";"7";"1";"1";""
"202200023890";"771 500";"A01";"1";"43";"0";"2";"1";"1";"1";""
"202200023890";"771 501";"B01";"1";"7";"0";"2";"4";"1";"1";""
"202200023891";"771 499";"A01";"2";"34";"0";"0";"8";"26";"1";""
"202200023892";"771 496";"C01";"2";"7";"0";"0";"3";"1";"2";""
"202200023892";"771 497";"B01";"2";"7";"0";"0";"6";"1";"1";""
"202200023892";"771 498";"A01";"2";"33";"0";"2";"1";"12";"1";""
"202200023893";"771 494";"B01";"1";"32";"0";"2";"1";"13";"1";""
"202200023893";"771 495";"A01";"2";"7";"0";"2";"3";"1";"1";""
"202200023894";"771 493";"A01";"1";"7";"0";"1";"1";"15";"1";""
"202200023895";"771 491";"A01";"2";"7";"0";"1";"5";"20";"1";""
"202200023896";"771 490";"B01";"1";"7";"0";"2";"8";"1";"1";""
"202200023896";"771 492";"A01";"1";"7";"0";"2";"1";"19";"1";""
"202200023897";"771 487";"B01";"1";"33";"0";"2";"1";"2";"1";""
"202200023897";"771 489";"A01";"1";"7";"0";"2";"2";"16";"1";""
"202200023898";"771 485";"B01";"3";"3";"0";"2";"3";"1";"1";""
"202200023898";"771 486";"Z01";"3";" -1";"0";"2";"2";"26";" -1";""
"202200023899";"771 483";"A01";"3";"7";"0";"1";"2";"16";"1";""
"202200023900";"771 482";"B01";"2";"33";"0";"2";"1";"1";"1";""
"202200023900";"771 484";"A01";"1";"7";"0";"2";"3";"15";"1";""
"202200023901";"771 481";"A01";"1";"10";"4";"0";"3";"16";"1";""
"202200023902";"771 478";"A01";"1";"7";"0";"2";"1";"12";"1";""
"202200023902";"771 479";"B01";"1";"7";"0";"2";"6";"1";"1";""
"202200023902";"771 480";"C01";"1";"7";"0";"2";"7";"1";"1";""
"202200023903";"771 476";"A01";"3";"37";"0";"2";"1";"1";"1";"1"
"202200023903";"771 477";"B01";"3";"7";"0";"2";"8";"9";"1";""
"202200023904";"771 472";"A01";"1";"7";"0";"2";"8";"15";"1";""
"202200023904";"771 474";"B01";"1";"2";"0";"2";"8";"17";"1";""
"202200023905";"771 471";"A01";"3";"10";"0";"0";"3";"10";"1";""
"202200023905";"771 473";"B01";"3";"33";"0";"2";"1";"1";"1";""
"202200023906";"771 469";"A01";"2";"2";"0";"2";"0";"15";"0";""
"202200023906";"771 470";"B01";"2";"7";"0";"2";"8";"1";"1";""
"202200023907";"771 466";"C01";"1";"50";"0";"2";"0";"0";"3";""
"202200023907";"771 467";"B01";"2";"7";"0";"2";"1";"15";"1";""
"202200023907";"771 468";"A01";"2";"10";"0";"2";"0";"15";"1";""
"202200023908";"771 464";"A01";"2";"7";"6";"0";"1";"1";"1";""
"202200023909";"771 463";"B01";"1";"43";"0";"2";"1";"1";"1";""
"202200023909";"771 465";"A01";"2";"7";"0";"2";"2";"15";"1";""
"202200023910";"771 461";"B01";"3";"7";"0";"2";"4";"1";"1";""
"202200023910";"771 462";"A01";"3";"7";"0";"2";"1";"1";"1";""
"202200023911";"771 459";"A01";"1";"7";"0";"1";"1";"16";"1";""
"202200023912";"771 457";"A01";"1";"7";"6";"0";"1";"21";"1";""
"202200023913";"771 458";"B01";"3";"1";"0";"0";"4";"1";"5";""
"202200023913";"771 460";"A01";"3";"7";"0";"9";"2";"1";"1";""
"202200023914";"771 455";"A01";"1";"7";"0";"2";"1";"1";"1";""
"202200023914";"771 456";"B01";"1";"7";"0";"2";"3";"15";"1";""
"202200023915";"771 452";"A01";"1";"20";"0";"0";"0";"16";"1";""
"202200023916";"771 453";"B01";"2";"2";"0";"0";"7";"2";"1";""
"202200023916";"771 454";"A01";"2";"7";"0";"2";"8";"13";"1";""
"202200023917";"771 451";"A01";"3";"10";"0";"1";"6";"4";"1";""
"202200023918";"771 447";"C01";"1";"7";"0";"2";"3";"2";"1";""
"202200023918";"771 448";"B01";"1";"10";"0";"2";"4";"2";"1";""
"202200023918";"771 450";"A01";"1";"7";"0";"2";"1";"2";"1";""
"202200023919";"771 446";"A01";"0";"7";"0";"9";"2";"16";"1";""
"202200023919";"771 449";"B01";"0";"1";"0";"2";"4";"2";"5";""
"202200023920";"771 444";"A01";"2";"30";"0";"2";"8";"5";"1";""
"202200023920";"771 445";"B01";"1";"7";"0";"0";"8";"1";"1";""
"202200023921";"771 441";"A01";"3";"7";"12";"0";"1";"1";"1";""
"202200023922";"771 442";"A01";"0";"7";"0";"2";"3";"13";"1";""
"202200023922";"771 443";"B01";"0";"10";"0";"2";"3";"1";"1";""
"202200023923";"771 440";"A01";"1";"7";"14";"0";"1";"1";"1";""
"202200023924";"771 438";"A01";"1";"7";"0";"2";"3";"1";"1";""
"202200023924";"771 439";"B01";"1";"33";"0";"2";"3";"12";"1";""
"202200023925";"771 435";"A01";"1";"2";"0";"2";"1";"2";"1";""
"202200023925";"771 436";"B01";"1";"7";"0";"2";"6";"1";"1";""
"202200023926";"771 437";"A01";"1";"7";"2";"0";"1";"2";"1";""
"202200023927";"771 433";"B01";"0";"14";"0";"2";"7";"1";"1";""
"202200023927";"771 434";"A01";"0";"7";"0";"2";"1";"9";"1";""
"202200023928";"771 428";"B01";"1";"33";"0";"2";"1";"13";"1";""
"202200023928";"771 431";"A01";"2";"10";"0";"2";"2";"1";"1";""
"202200023929";"771 425";"C01";"2";"7";"0";"0";"0";"1";"1";""
"202200023929";"771 426";"B01";"1";"7";"0";"2";"3";"26";"1";""
"202200023929";"771 427";"A01";"2";"7";"0";"2";"1";"1";"1";""
"202200023930";"771 422";"A01";"1";"1";"0";"2";"4";"1";"5";""
"202200023930";"771 424";"Z01";"1";"7";"0";"2";"0";"0";"1";""
"202200023931";"771 420";"A01";"1";"50";"14";"0";"0";"0";"3";""
"202200023932";"771 421";"A01";"1";"37";"0";"2";"1";"1";"1";"1"
"202200023932";"771 423";"B01";"2";"34";"0";"2";"1";"13";"1";""
"202200023933";"771 419";"A01";"2";"7";"1";"0";"1";"18";"1";""
"202200023934";"771 416";"B01";"2";"7";"0";"2";"5";"15";"1";""
"202200023934";"771 417";"A01";"2";"2";"0";"2";"1";"12";"1";""
"202200023935";"771 415";"A01";"3";"50";"0";"0";"0";"26";"3";""
"202200023936";"771 418";"A01";"2";"10";"13";"0";"1";"1";"1";""
"202200023937";"771 413";"A01";"1";"10";"0";"0";"0";"0";"0";""
"202200023937";"771 414";"B01";"1";"7";"0";"0";"0";"0";"1";""
"202200023938";"771 410";"A01";"3";"7";"0";"2";"1";"2";"1";""
"202200023938";"771 411";"B01";"3";"7";"0";"2";"4";"2";"1";""
"202200023939";"771 408";"A01";"1";"7";"0";"1";"1";"19";"1";""
"202200023940";"771 409";"B01";"3";"2";"0";"2";"3";"18";"1";""
"202200023940";"771 412";"A01";"3";"7";"0";"2";"2";"16";"1";""
"202200023941";"771 406";"A01";"1";"7";"6";"0";"1";"15";"1";""
"202200023942";"771 404";"B01";"0";"30";"0";"2";"1";"26";"3";""
"202200023942";"771 405";"A01";"1";"7";"0";"0";"2";"0";"1";""
"202200023943";"771 403";"B01";"3";"1";"0";"2";"1";"8";"5";""
"202200023943";"771 407";"A01";"3";"7";"0";"9";"3";"19";"1";""
"202200023944";"771 401";"Z01";"1";"7";"0";"2";"2";"12";"1";""
"202200023944";"771 402";"B01";"1";"33";"0";"2";"8";"1";"1";""
"202200023945";"771 400";"A01";"1";"7";"0";"1";"8";"1";"1";""
"202200023946";"771 398";"A01";"1";"41";"6";"0";"1";"10";"3";""
"202200023947";"771 397";"B01";"1";"21";"0";"2";"6";"15";"1";""
"202200023947";"771 399";"A01";"1";"33";"0";"2";"1";"17";"1";""
"202200023948";"771 394";"B01";"2";"7";"0";"2";"3";"1";"1";""
"202200023948";"771 396";"A01";"1";"7";"0";"2";"3";"13";"1";""
"202200023949";"771 393";"A01";"2";"7";"0";"2";"2";"15";"1";""
"202200023949";"771 395";"B01";"1";"1";"0";"2";"1";"1";"5";""
"202200023950";"771 391";"A01";"1";"10";"0";"2";"1";"2";"1";""
"202200023950";"771 392";"B01";"1";"7";"0";"0";"4";"1";"1";""
"202200023951";"771 390";"A01";"1";"7";"0";"1";"1";"1";"1";""
"202200023952";"771 389";"A01";"1";"7";"2";"0";"9";"16";"1";""
"202200023953";"771 384";"B01";"2";"2";"0";"2";"1";"1";"1";""
"202200023953";"771 387";"A01";"2";"10";"0";"2";"5";"4";"3";""
"202200023954";"771 383";"A01";"3";"7";"0";"2";"1";"15";"1";""
"202200023954";"771 386";"B01";"3";"7";"0";"2";"3";"1";"1";""
"202200023955";"771 382";"C01";"1";"7";"0";"2";"4";"2";"2";""
"202200023955";"771 385";"B01";"1";"7";"0";"2";"4";"2";"1";""
"202200023955";"771 388";"A01";"1";"7";"0";"2";"1";"2";"1";""
"202200023956";"771 379";"A01";"2";"7";"0";"1";"1";"1";"1";""
"202200023957";"771 380";"A01";"1";"7";"0";"2";"1";"15";"1";""
"202200023957";"771 381";"B01";"2";"80";"0";"2";"1";"1";"3";""
"202200023958";"771 377";"A01";"1";"7";"0";"2";"2";"20";"1";""
"202200023958";"771 378";"B01";"2";"31";"0";"2";"1";"1";"1";""
"202200023959";"771 371";"A01";"1";"7";"0";"2";"7";"1";"1";""
"202200023959";"771 373";"B01";"1";"7";"1";"2";"8";"1";"1";""
"202200023959";"771 376";"C01";"2";"7";"0";"2";"3";"1";"1";""
"202200023960";"771 369";"A01";"1";"7";"0";"2";"2";"13";"1";""
"202200023960";"771 370";"B01";"2";"7";"0";"2";"1";"1";"1";""
"202200023961";"771 367";"Z01";"0";"0";"0";"0";"0";"26";"0";""
"202200023962";"771 366";"A01";"1";"17";"0";"2";"4";"2";"1";""
"202200023962";"771 368";"B01";"1";"7";"0";"2";"9";"2";"1";""
"202200023962";"771 372";"C01";"0";"13";"0";"0";"0";"0";"0";""
"202200023963";"771 365";"A01";"1";"7";"0";"1";"1";"1";"1";""
"202200023964";"771 362";"A01";"1";"7";"8";"0";"3";"16";"1";""
"202200023965";"771 361";"A01";"2";"10";"1";"0";"9";"26";"1";""
"202200023965";"771 364";"B01";"2";"7";"1";"0";"0";"26";"1";""
"202200023966";"771 360";"A01";"1";"7";"0";"2";"4";"2";"1";""
"202200023966";"771 363";"B01";"1";"33";"0";"2";"1";"2";"1";""
"202200023967";"771 359";"A01";"3";"30";"0";"0";"7";"1";"1";""
"202200023968";"771 358";"A01";"3";"7";"0";"1";"3";"10";"1";""
"202200023969";"771 356";"A01";"2";"32";"12";"0";"1";"1";"1";""
"202200023970";"771 355";"A01";"2";"7";"0";"2";"4";"2";"1";""
"202200023970";"771 357";"B01";"2";"7";"0";"2";"1";"2";"1";""
"202200023971";"771 353";"A01";"1";"21";"0";"2";"0";"0";"0";""
"202200023971";"771 354";"B01";"3";"1";"0";"2";"1";"26";"5";""
"202200023972";"771 352";"A01";"2";"7";"0";"1";"1";"1";"1";""
"202200023973";"771 347";"B01";"3";"2";"0";"2";"4";"2";"1";""
"202200023973";"771 350";"A01";"3";"7";"0";"2";"1";"2";"1";""
"202200023974";"771 346";"B01";"2";"7";"0";"9";"0";"0";"1";""
"202200023974";"771 348";"A01";"2";"1";"0";"2";"1";"2";"5";""
"202200023975";"771 345";"C01";"2";"10";"0";"2";"1";"2";"1";""
"202200023975";"771 349";"B01";"2";"7";"0";"2";"3";"2";"1";""
"202200023975";"771 351";"A01";"2";"7";"0";"2";"4";"2";"1";""
"202200023976";"771 342";"A01";"1";"7";"4";"0";"3";"13";"1";""
"202200023977";"771 340";"A01";"1";"1";"0";"2";"7";"1";"5";""
"202200023977";"771 344";"B01";"1";"31";"0";"2";"1";"1";"1";""
"202200023978";"771 341";"B01";"1";"50";"0";"2";"7";"1";"3";""
"202200023978";"771 343";"A01";"1";"7";"0";"2";"1";"9";"1";""
"202200023979";"771 335";"A01";"2";"33";"0";"2";"1";"2";"1";""
"202200023979";"771 339";"B01";"2";"10";"0";"2";"6";"1";"1";""
"202200023980";"771 334";"B01";"1";"7";"0";"2";"3";"26";"1";""
"202200023980";"771 337";"A01";"1";"50";"0";"2";"1";"26";"3";""
"202200023981";"771 329";"B01";"1";"7";"0";"2";"4";"26";"1";""
"202200023981";"771 331";"A01";"1";"7";"0";"2";"3";"26";"1";""
"202200023982";"771 330";"D01";"2";"10";"0";"2";"4";"2";"1";""
"202200023982";"771 333";"C01";"2";"7";"0";"2";"4";"2";"1";""
"202200023982";"771 336";"B01";"2";"7";"0";"2";"4";"2";"1";""
"202200023982";"771 338";"A01";"2";"10";"0";"2";"1";"2";"1";""
"202200023983";"771 328";"B01";"1";"7";"0";"2";"6";"24";"1";""
"202200023983";"771 332";"A01";"1";"1";"1";"0";"1";"1";"5";""
"202200023984";"771 325";"B01";"1";"50";"0";"2";"1";"26";"3";""
"202200023984";"771 327";"A01";"1";"7";"0";"2";"2";"26";"1";""
"202200023985";"771 323";"B01";"2";"32";"0";"2";"7";"3";"1";""
"202200023985";"771 326";"A01";"2";"7";"0";"2";"3";"13";"1";""
"202200023986";"771 320";"C01";"1";"7";"0";"2";"1";"2";"1";""
"202200023986";"771 322";"B01";"1";"7";"0";"2";"4";"2";"1";""
"202200023986";"771 324";"A01";"1";"7";"0";"2";"1";"2";"1";""
"202200023987";"771 319";"B01";"1";"7";"0";"2";"5";"17";"1";""
"202200023987";"771 321";"A01";"1";"1";"0";"2";"3";"1";"5";""
"202200023988";"771 316";"A01";"1";"2";"0";"0";"1";"1";"3";""
"202200023989";"771 317";"A01";"2";"7";"0";"2";"6";"12";"1";""
"202200023989";"771 318";"B01";"2";"33";"0";"2";"1";"3";"1";""
"202200023990";"771 314";"B01";"1";"1";"0";"2";"1";"26";"5";""
"202200023990";"771 315";"A01";"1";"7";"0";"2";"2";"25";"1";""
"202200023991";"771 312";"A01";"2";"33";"0";"0";"8";"15";"1";""
"202200023992";"771 309";"A01";"1";"7";"1";"0";"1";"14";"1";""
"202200023993";"771 310";"A01";"1";"7";"0";"0";"1";"2";"1";""
"202200023993";"771 311";"B01";"1";"7";"0";"2";"4";"2";"1";""
"202200023993";"771 313";"C01";"1";"7";"0";"0";"4";"2";"1";""
"202200023994";"771 308";"A01";"1";"7";"0";"5";"1";"1";"1";""
"202200023995";"771 306";"A01";"0";"7";"11";"0";"1";"1";"1";""
"202200023996";"771 303";"C01";"2";"7";"0";"2";"4";"23";"1";""
"202200023996";"771 305";"B01";"2";"7";"0";"2";"4";"23";"1";""
"202200023996";"771 307";"A01";"2";"7";"0";"2";"1";"2";"1";""
"202200023997";"771 302";"B01";"1";"7";"0";"2";"4";"1";"1";""
"202200023997";"771 304";"A01";"1";"7";"0";"2";"1";"1";"1";""
"202200023998";"771 300";"B01";"3";"7";"0";"2";"3";"26";"1";""
"202200023998";"771 301";"A01";"3";"7";"0";"2";"3";"0";"1";""
"202200023999";"771 299";"A01";"1";"7";"3";"0";"0";"13";"2";""
"202200024000";"771 296";"A01";"1";"33";"0";"2";"1";"2";"1";""
"202200024000";"771 298";"B01";"1";"10";"0";"2";"4";"2";"1";""
"202200024001";"771 294";"A01";"3";"7";"0";"2";"3";"1";"1";""
"202200024001";"771 297";"B01";"3";"50";"0";"2";"1";"1";"3";""
"202200024002";"771 295";"A01";"1";"32";"12";"0";"1";"1";"1";""
"202200024003";"771 291";"A01";"2";"7";"4";"5";"1";"1";"1";""
"202200024004";"771 290";"A01";"2";"33";"0";"2";"1";"2";"1";""
"202200024004";"771 293";"B01";"2";"10";"0";"2";"4";"2";"1";""
"202200024005";"771 289";"A01";"1";"7";"0";"1";"3";"9";"1";""
"202200024006";"771 287";"A01";"1";"7";"0";"2";"7";"13";"1";""
"202200024006";"771 288";"Z01";"1";"7";"0";"2";"0";"0";"0";""
"202200024007";"771 284";"A01";"1";"7";"13";"0";"2";"26";"1";""
"202200024008";"771 285";"B01";"1";"7";"0";"2";"4";"2";"1";""
"202200024008";"771 286";"A01";"1";"7";"0";"2";"1";"2";"1";""
"202200024009";"771 283";"A01";"2";"7";"0";"1";"2";"1";"2";""
"202200024010";"771 280";"A01";"1";"7";"0";"2";"3";"13";"1";""
"202200024010";"771 282";"B01";"1";"33";"0";"2";"2";"17";"1";""
"202200024011";"771 276";"A01";"1";"7";"0";"2";"1";"2";"1";""
"202200024011";"771 278";"B01";"1";"7";"0";"2";"4";"16";"1";""
"202200024012";"771 277";"C01";"2";"10";"0";"2";"4";"1";"1";""
"202200024012";"771 279";"B01";"2";"14";"0";"2";"4";"2";"1";""
"202200024012";"771 281";"A01";"2";"13";"0";"2";"1";"2";"1";""
"202200024013";"771 275";"A01";"2";"7";"16";"0";"1";"1";"1";""
"202200024014";"771 270";"A01";"2";"7";"0";"2";"1";"1";"1";""
"202200024014";"771 272";"B01";"2";"10";"0";"2";"6";"1";"1";""
"202200024015";"771 271";"B01";"1";"33";"0";"2";"1";"3";"1";""
"202200024015";"771 274";"A01";"1";"7";"0";"2";"3";"11";"1";""
"202200024016";"771 269";"A01";"1";"7";"0";"2";"3";"9";"1";""
"202200024016";"771 273";"B01";"1";"1";"0";"2";"1";"1";"5";""
"202200024017";"771 267";"Z01";"2";"7";"0";"2";"3";"18";"0";""
"202200024017";"771 268";"B01";"3";"7";"0";"2";"4";"23";"3";""
"202200024018";"771 265";"A01";"0";"35";"6";"0";"3";"1";"1";""
"202200024019";"771 266";"A01";"1";"33";"4";"0";"8";"1";"1";""
"202200024020";"771 262";"B01";"1";"31";"0";"2";"1";"1";"1";""
"202200024020";"771 264";"A01";"2";"7";"0";"2";"3";"15";"1";""
"202200024021";"771 260";"A01";"3";"30";"0";"0";"8";"1";"1";""
"202200024022";"771 259";"A01";"1";"7";"0";"2";"4";"23";"1";""
"202200024022";"771 261";"B01";"1";"7";"0";"2";"4";"23";"1";""
"202200024022";"771 263";"C01";"1";"7";"0";"2";"1";"1";"1";""
"202200024023";"771 257";"A01";"2";"33";"0";"2";"1";"17";"1";""
"202200024023";"771 258";"B01";"2";"7";"0";"2";"3";"15";"1";""
"202200024024";"771 254";"B01";"2";"33";"0";"2";"9";"0";"1";""
"202200024024";"771 256";"A01";"2";"32";"0";"2";"3";"9";"1";""
"202200024025";"771 252";"A01";"1";"7";"0";"2";"8";"15";"1";""
"202200024025";"771 253";"B01";"2";"7";"0";"2";"1";"1";"1";""
"202200024026";"771 251";"A01";"1";"10";"0";"2";"3";"16";"1";""
"202200024026";"771 255";"B01";"2";"7";"13";"2";"1";"1";"1";""
"202200024027";"771 248";"A01";"2";"7";"3";"2";"9";"1";"1";""
"202200024027";"771 250";"B01";"2";"7";"0";"2";"1";"1";"1";""
"202200024028";"771 247";"A01";"0";"60";"0";"2";"1";"11";"5";""
"202200024028";"771 249";"B01";"3";"33";"0";"2";"1";"1";"1";""
"202200024029";"771 245";"B01";"2";"1";"0";"0";"6";"14";"5";""
"202200024029";"771 246";"A01";"2";"7";"0";"2";"6";"17";"1";""
"202200024030";"771 242";"A01";"2";"10";"0";"2";"1";"2";"1";""
"202200024030";"771 244";"B01";"2";"7";"0";"0";"4";"2";"1";""
"202200024031";"771 241";"B01";"0";"7";"0";"2";"1";"1";"1";""
"202200024031";"771 243";"A01";"0";"7";"0";"2";"1";"15";"1";""
"202200024032";"771 240";"A01";"1";"7";"0";"1";"1";"1";"1";""
"202200024033";"771 236";"A01";"1";"7";"0";"2";"0";"0";"0";""
"202200024033";"771 238";"B01";"1";"2";"0";"2";"0";"0";"0";""
"202200024034";"771 235";"A01";"0";"7";"0";"0";"0";"0";"3";""