"Num_Acc";"id_vehicule";"num_veh";"senc";"catv";"obs";"obsm";"choc";"manv";"motor";"occutc"
"202200024034";"771 239";"B01";"2";"30";"0";"2";"8";"1";"1";""
"202200024035";"771 232";"B01";"3";"32";"0";"2";"2";"26";"1";""
"202200024035";"771 233";"A01";"3";"7";"0";"2";"3";"9";"1";""
"202200024036";"771 230";"A01";"2";"7";"0";"0";"6";"2";"0";""
"202200024037";"771 229";"B01";"1";"31";"0";"2";"1";"1";"1";""
"202200024037";"771 231";"A01";"2";"10";"0";"2";"3";"9";"1";""
"202200024038";"771 227";"A01";"2";"13";"0";"2";"8";"13";"1";""
"202200024038";"771 228";"B01";"1";"7";"0";"2";"3";"1";"1";""
"202200024039";"771 226";"Z01";"2";"0";"0";"1";"2";"1";"0";""
"202200024040";"771 225";"A01";"1";"7";"0";"1";"1";"1";"1";""
"202200024041";"771 224";"A01";"3";"1";"1";"0";"1";"2";"0";""
"202200024042";"771 222";"A01";"1";"30";"0";"2";"1";"19";"1";""
"202200024042";"771 223";"B01";"2";"7";"0";"2";"2";"1";"1";""
"202200024043";"771 216";"A01";"1";"7";"14";"2";"1";"1";"1";""
"202200024043";"771 220";"B01";"1";"7";"14";"2";"1";"1";"2";""
"202200024043";"771 221";"C01";"1";"7";"14";"2";"4";"2";"1";""
"202200024044";"771 215";"B01";"0";"3";"0";"2";"0";"0";"0";""
"202200024044";"771 219";"A01";"1";"7";"0";"2";"2";"2";"1";""
"202200024045";"771 210";"A01";"1";"33";"0";"2";"1";"1";"1";""
"202200024045";"771 213";"B01";"1";"7";"0";"2";"4";"1";"1";""
"202200024046";"771 209";"A01";"1";"10";"0";"2";"1";"9";"1";""
"202200024046";"771 212";"Z01";"2";"2";"0";"2";"1";"1";"1";""
"202200024047";"771 208";"Z01";"1";"7";"0";"2";"0";"0";"0";""
"202200024047";"771 211";"A01";"1";"30";"0";"2";"0";"0";"1";""
"202200024048";"771 207";"A01";"1";"30";"11";"0";"1";"16";"1";""
"202200024049";"771 204";"B01";"1";"7";"0";"2";"7";"1";"1";""
"202200024049";"771 206";"A01";"2";"30";"0";"2";"1";"1";"1";""
"202200024050";"771 203";"B01";"3";"1";"0";"2";"0";"0";"5";""
"202200024050";"771 205";"A01";"0";"7";"0";"2";"0";"0";"1";""
"202200024051";"771 201";"A01";"1";"33";"0";"2";"1";"26";"1";""
"202200024051";"771 202";"B01";"1";"7";"0";"2";"3";"15";"1";""
"202200024052";"771 198";"A01";"1";"7";"0";"4";"8";"16";"1";""
"202200024052";"771 200";"B01";"2";"40";"0";"2";"1";"1";"3";""
"202200024053";"771 196";"B01";"1";"1";"0";"2";"1";"9";"5";""
"202200024053";"771 199";"A01";"1";"7";"0";"2";"2";"1";"1";""
"202200024054";"771 197";"B01";"1";"7";"0";"1";"2";"1";"1";""
"202200024055";"771 195";"A01";"2";"7";"0";"1";"1";"7";"1";""
"202200024056";"771 194";"A01";"2";"7";"0";"1";"8";"1";"2";""
"202200024057";"771 192";"A01";"2";"7";"1";"0";"2";"1";"1";""
"202200024058";"771 191";"B01";"3";"1";"0";"2";"9";"1";"5";""
"202200024058";"771 193";"A01";"3";"7";"0";"9";"3";"15";"1";""
"202200024059";"771 188";"A01";"3";"7";"0";"2";"3";"1";"1";""
"202200024059";"771 190";"B01";"3";"80";"0";"2";"3";"9";"3";""
"202200024060";"771 187";"A01";"2";"7";"0";"2";"7";"12";"1";""
"202200024060";"771 189";"B01";"2";"32";"0";"2";"8";"1";"1";""
"202200024061";"771 185";"B01";"2";"30";"0";"2";"0";"0";"1";""
"202200024061";"771 186";"A01";"2";"7";"0";"2";"8";"1";"1";""
"202200024062";"771 180";"A01";"1";"7";"0";"2";"2";"12";"1";""
"202200024062";"771 181";"B01";"1";"7";"0";"2";"3";"1";"1";""
"202200024062";"771 183";"C01";"1";"7";"0";"2";"7";"1";"2";""
"202200024063";"771 177";"B01";"1";"7";"0";"2";"2";"2";"1";""
"202200024063";"771 178";"A01";"1";"1";"0";"2";"4";"1";"5";""
"202200024064";"771 176";"A01";"2";"1";"0";"2";"1";"26";"5";""
"202200024064";"771 179";"B01";"1";"7";"0";"2";"3";"15";"1";""
"202200024065";"771 174";"A01";"1";"32";"0";"2";"0";"1";"1";""
"202200024065";"771 175";"Z01";"2";"30";"0";"0";"0";"17";"0";""
"202200024066";"771 170";"A01";"3";"7";"0";"2";"8";"21";"1";""
"202200024066";"771 172";"B01";"0";"7";"0";"2";"8";"1";"1";""
"202200024067";"771 169";"A01";"2";"10";"0";"1";"6";"20";"1";""
"202200024068";"771 168";"A01";"3";"7";"0";"1";"2";"1";"2";""
"202200024069";"771 166";"A01";"1";"7";"0";"1";"2";"1";"1";""
"202200024070";"771 165";"A01";"3";"0";"6";"0";"0";"0";"1";""
"202200024071";"771 164";"A01";"1";"7";"1";"2";"2";"5";"1";""
"202200024071";"771 167";"B01";"2";"7";"0";"2";"3";"15";"2";""
"202200024072";"771 161";"A01";"1";"34";"0";"1";"1";"9";"1";""
"202200024073";"771 160";"A01";"1";"7";"0";"2";"2";"11";"1";""
"202200024073";"771 163";"B01";"3";"31";"0";"2";"1";"2";"1";""
"202200024074";"771 158";"A01";"2";"38";"0";"2";"0";"11";"1";"2"
"202200024075";"771 157";"B01";"2";"7";"0";"2";"4";"2";"1";""
"202200024075";"771 159";"A01";"2";"7";"0";"2";"1";"2";"1";""
"202200024076";"771 156";"A01";"1";"7";"1";"0";"1";"1";"1";""
"202200024077";"771 154";"A01";"2";"7";"0";"1";"3";"9";"1";""
"202200024078";"771 153";"B01";"2";"34";"0";"2";"3";"1";"1";""
"202200024078";"771 155";"A01";"1";"30";"0";"2";"3";"5";"1";""
"202200024079";"771 152";"A01";"2";"7";"0";"1";"1";"15";"1";""
"202200024080";"771 151";"A01";"1";"7";"6";"0";"7";"20";"1";""
"202200024081";"771 148";"A01";"2";"7";"0";"2";"7";"15";"1";""
"202200024081";"771 150";"B01";"1";"32";"0";"2";"1";"1";"0";""
"202200024082";"771 147";"A01";"1";"7";"0";"2";"7";"12";"1";""
"202200024082";"771 149";"B01";"1";"7";"0";"2";"8";"1";"1";""
"202200024083";"771 142";"B01";"1";"2";"0";"2";"2";"17";"1";""
"202200024083";"771 145";"A01";"1";"80";"0";"2";"6";"15";"3";""
"202200024084";"771 141";"A01";"1";"7";"0";"2";"1";"12";"1";""
"202200024084";"771 144";"B01";"1";"7";"11";"2";"4";"1";"1";""
"202200024085";"771 143";"B01";"2";"1";"0";"2";"1";"11";"5";""
"202200024085";"771 146";"A01";"2";"7";"0";"2";"1";"1";"1";""
"202200024086";"771 138";"A01";"1";"7";"0";"2";"3";"26";"1";""
"202200024086";"771 140";"B01";"1";"30";"0";"2";"3";"1";"1";""
"202200024087";"771 135";"B01";"1";"7";"0";"2";"4";"2";"1";""
"202200024087";"771 137";"A01";"1";"7";"0";"2";"1";"2";"1";""
"202200024087";"771 139";"C01";"1";"7";"13";"0";"9";"14";"1";""
"202200024088";"771 136";"A01";"2";"1";"0";"1";"1";"21";"5";""
"202200024089";"771 134";"A01";"1";"7";"0";"1";"1";"1";"1";""
"202200024090";"771 133";"A01";"3";"7";"0";"1";"1";"12";"2";""
"202200024091";"771 131";"A01";"1";"7";"0";"2";"5";"1";"2";""
"202200024091";"771 132";"B01";"2";"7";"0";"2";"2";"1";"1";""
"202200024092";"771 128";"A01";"1";"7";"0";"2";"3";"15";"1";""
"202200024092";"771 130";"B01";"1";"33";"0";"2";"2";"17";"1";""
"202200024093";"771 125";"A01";"2";"7";"0";"1";"1";"15";"1";""
"202200024094";"771 124";"D01";"3";"7";"0";"2";"1";"1";"3";""
"202200024094";"771 126";"C01";"3";"7";"0";"2";"6";"1";"1";""
"202200024094";"771 127";"B01";"3";"15";"0";"2";"7";"14";"1";""
"202200024094";"771 129";"A01";"3";"7";"0";"2";"8";"1";"1";""
"202200024095";"771 123";"A01";"3";"7";"8";"0";"1";"1";"1";""
"202200024096";"771 122";"A01";"2";"33";"1";"2";"1";"14";"1";""
"202200024097";"771 120";"A01";"2";"7";"4";"0";"1";"14";"1";""
"202200024098";"771 119";"B01";"1";"2";"0";"2";"1";"1";"1";""
"202200024098";"771 121";"A01";"2";"7";"0";"2";"2";"15";"1";""
"202200024099";"771 118";"A01";"3";"7";"0";"1";"3";"2";"1";""
"202200024100";"771 117";"A01";"3";"7";"2";"0";"1";"14";"1";""
"202200024101";"771 115";"A01";"0";"7";"1";"0";"2";"19";"0";""
"202200024102";"771 114";"A01";"2";"2";"0";"2";"1";"1";"1";""
"202200024102";"771 116";"B01";"0";"7";"0";"2";"3";"1";"1";""
"202200024103";"771 111";"B01";"1";"33";"0";"2";"1";"1";"1";""
"202200024103";"771 112";"A01";"1";"10";"0";"2";"3";"10";"1";""
"202200024104";"771 110";"A01";"1";"7";"0";"2";"3";"13";"1";""
"202200024104";"771 113";"B01";"2";"10";"0";"2";"3";"21";"1";""
"202200024105";"771 109";"A01";"3";"7";"8";"0";"1";"14";"1";""
"202200024106";"771 105";"A01";"1";"7";"0";"2";"1";"0";"1";""
"202200024106";"771 108";"B01";"1";"7";"0";"2";"4";"0";"1";""
"202200024107";"771 104";"A01";"1";"30";"0";"2";"7";"19";"1";""
"202200024107";"771 107";"B01";"1";"7";"0";"2";"2";"1";"1";""
"202200024108";"771 103";"A01";"1";"7";"0";"2";"1";"21";"1";""
"202200024108";"771 106";"B01";"1";"7";"0";"2";"8";"10";"1";""
"202200024109";"771 102";"A01";"3";"10";"1";"0";"1";"14";"1";""
"202200024110";"771 099";"A01";"0";"7";"6";"0";"7";"1";"1";""
"202200024111";"771 100";"B01";"2";"2";"0";"2";"8";"1";"1";""
"202200024111";"771 101";"A01";"1";"7";"0";"2";"3";"15";"1";""
"202200024112";"771 096";"A01";"1";"7";"9";"0";"7";"1";"1";""
"202200024113";"771 093";"A01";"1";"7";"0";"2";"1";"1";"1";""
"202200024113";"771 094";"B01";"2";"50";"0";"2";"7";"15";"3";""
"202200024114";"771 091";"A01";" -1";"7";"1";"1";"8";"1";"1";""
"202200024115";"771 088";"B01";"0";"7";"0";"2";"5";"1";"1";""
"202200024115";"771 092";"A01";"0";"7";"0";"2";"1";"1";"1";""
"202200024116";"771 087";"B01";"1";"32";"0";"2";"3";"1";"1";""
"202200024116";"771 089";"A01";"1";"7";"0";"2";"1";"15";"1";""
"202200024117";"771 086";"A01";"1";"7";"1";"0";"2";"11";"1";""
"202200024117";"771 090";"B01";"1";"7";"0";"2";"3";"1";"1";""
"202200024118";"771 084";"A01";"1";"30";"8";"2";"1";"14";"1";""
"202200024119";"771 083";"A01";"1";"10";"0";"2";"2";"16";"1";""
"202200024119";"771 085";"B01";"3";"1";"0";"2";"1";"19";"5";""
"202200024120";"771 082";"A01";"1";"7";"12";"1";"3";"1";"1";""
"202200024121";"771 081";"A01";"1";"7";"2";"0";"1";"1";"1";""
"202200024122";"771 079";"A01";"1";"33";"0";"1";"3";"1";"1";""
"202200024123";"771 080";"A01";"1";"7";"0";"1";"4";"10";"1";""
"202200024124";"771 078";"A01";"1";"7";"0";"0";"9";"2";"1";""
"202200024125";"771 077";"A01";"2";"30";"11";"0";"1";"14";"3";""
"202200024126";"771 076";"A01";"1";"7";"0";"1";"7";"1";"1";""
"202200024127";"771 075";"A01";"2";"50";"0";"0";"1";"15";"3";""
"202200024128";"771 072";"B01";"1";"1";"0";"2";"1";"1";"5";""
"202200024128";"771 074";"Z01";"1";"7";"0";"2";"1";"1";"1";""
"202200024129";"771 073";"A01";"1";"7";"0";"1";"1";"1";"1";""
"202200024130";"771 069";"B01";"1";"7";"0";"2";"3";"9";"1";""
"202200024130";"771 071";"A01";"1";"7";"0";"2";"2";"21";"1";""
"202200024131";"771 068";"A01";"1";"2";"0";"2";"7";"12";"1";""
"202200024131";"771 070";"B01";"1";"10";"0";"2";"3";"1";"1";""
"202200024132";"771 066";"A01";"3";"7";"0";"2";"2";"15";"1";""
"202200024132";"771 067";"B01";"3";"31";"0";"2";"1";"1";"1";""
"202200024133";"771 065";"A01";"1";"7";"0";"1";"2";"1";"1";""
"202200024134";"771 061";"Z01";"2";"10";"0";"2";"3";"2";"1";""
"202200024134";"771 063";"A01";"2";"1";"0";"2";"2";"17";"5";""
"202200024135";"771 062";"A01";"2";"7";"0";"2";"1";"9";"1";""
"202200024135";"771 064";"B01";"2";"2";"0";"2";"7";"1";"1";""
"202200024136";"771 060";"A01";"1";"10";"0";"1";"7";"1";"1";""
"202200024137";"771 059";"A01";"1";"7";"1";"0";"2";"14";"1";""
"202200024138";"771 055";"B01";"2";"30";"9";"2";"1";"1";"3";""
"202200024138";"771 057";"A01";"1";"7";"9";"2";"2";"15";"1";""
"202200024139";"771 056";"B01";"1";"33";"0";"2";"1";"1";"1";""
"202200024139";"771 058";"A01";"2";"7";"0";"2";"7";"15";"1";""
"202200024140";"771 053";"A01";"2";"7";"0";"2";"2";"2";"1";""
"202200024140";"771 054";"Z01";"1";"7";"0";"2";"2";"15";"0";""
"202200024141";"771 051";"B01";"1";"30";"9";"2";"1";"1";"1";""
"202200024141";"771 052";"A01";"1";"7";"9";"2";"4";"16";"1";""
"202200024142";"771 049";"B01";"0";"1";"0";"2";"1";"1";"5";""
"202200024142";"771 050";"A01";"1";"7";"0";"2";"7";"16";"1";""
"202200024143";"771 048";"A01";"2";"7";"15";"0";"1";"1";"1";""
"202200024144";"771 046";"A01";"1";"7";"7";"2";"2";"13";"1";""
"202200024144";"771 047";"B01";"2";"10";"0";"2";"3";"1";"1";""
"202200024145";"771 042";"A01";"1";"7";"0";"2";"2";"10";"1";""
"202200024145";"771 044";"C01";"2";"7";"0";"2";"8";"1";"0";""
"202200024145";"771 045";"B01";"2";"2";"0";"2";"1";"1";"1";""
"202200024146";"771 040";"B01";"2";"7";"0";"2";"0";"1";"1";""
"202200024146";"771 043";"A01";"1";"7";"0";"2";"1";"1";"1";""
"202200024147";"771 041";"A01";"2";"2";"0";"1";"2";"1";"1";""
"202200024148";"771 039";"A01";"3";"7";"0";"1";"2";"1";"1";""
"202200024149";"771 038";"A01";"1";"7";"15";"2";"1";"13";"1";""
"202200024150";"771 037";"A01";"0";"7";"3";"0";"0";"14";"1";""
"202200024151";"771 035";"A01";"3";"7";"6";"0";"3";"1";"1";""
"202200024152";"771 034";"B01";"1";"50";"0";"2";"1";"15";"3";""
"202200024152";"771 036";"Z01";"2";"7";"0";"9";"1";"1";"0";""
"202200024153";"771 032";"A01";"2";"7";"0";"2";"1";"13";"1";""
"202200024153";"771 033";"B01";"1";"7";"0";"2";"1";"1";"1";""
"202200024154";"771 031";"A01";"3";"1";"12";"0";"2";"12";"5";""
"202200024155";"771 029";"A01";"3";"7";"0";"1";"1";"1";"1";""
"202200024156";"771 030";"A01";"1";"7";"0";"1";"1";"2";"2";""
"202200024157";"771 028";"A01";"1";"7";"0";"1";"6";"20";"1";""
"202200024158";"771 026";"A01";"3";"7";"0";"2";"1";"1";"1";""
"202200024158";"771 027";"B01";"3";"1";"0";"2";"0";"0";"5";""
"202200024159";"771 025";"A01";"1";"7";"13";"0";"1";"1";"1";""
"202200024160";"771 023";"A01";"2";"50";"0";"2";"1";"19";"3";""
"202200024160";"771 024";"B01";"2";"43";"0";"2";"8";"1";"1";""
"202200024161";"771 022";"A01";"3";"30";"12";"0";"0";"1";"1";""
"202200024162";"771 020";"B01";"1";"7";"0";"0";"4";"2";"1";""
"202200024162";"771 021";"A01";"1";"7";"0";"2";"1";"2";"1";""
"202200024163";"771 019";"A01";"1";"7";"0";"1";"2";"1";"1";""
"202200024164";"771 017";"A01";"3";"10";"0";"2";"2";"1";"1";""
"202200024164";"771 018";"B01";"0";"7";"0";"2";"1";"1";"1";""
"202200024165";"771 012";"C01";"2";"17";"0";"0";"6";"24";"1";""
"202200024165";"771 015";"B01";"2";"7";"1";"2";"4";"21";"1";""
"202200024165";"771 016";"A01";"2";"7";"0";"2";"1";"21";"1";""
"202200024166";"771 010";"A01";"1";"7";"0";"2";"2";"12";"1";""
"202200024166";"771 013";"B01";"1";"31";"9";"2";"6";"1";"1";""
"202200024167";"771 011";"A01";"2";"30";"0";"2";"2";"16";"1";""
"202200024167";"771 014";"B01";"2";"7";"0";"2";"3";"7";"2";""
"202200024168";"771 009";"A01";"2";"7";"0";"1";"3";"1";"0";""
"202200024169";"771 008";"A01";"3";"50";"0";"0";"0";"25";"3";""
"202200024170";"771 006";"B01";"2";"10";"0";"2";"8";"13";"1";""
"202200024170";"771 007";"A01";"2";"50";"0";"2";"7";"17";"3";""
"202200024171";"771 004";"A01";"2";"3";"2";"0";"3";"1";"1";""
"202200024172";"771 003";"A01";"3";"2";"0";"2";"3";"1";"1";""
"202200024172";"771 005";"B01";"3";"7";"0";"2";"2";"16";"1";""
"202200024173";"771 000";"A01";"1";"1";"0";"2";"3";"15";"5";""
"202200024173";"771 002";"Z01";"1";"14";"0";"2";"0";"1";"0";""
"202200024174";"770 998";"B01";"3";"7";"0";"2";"3";"1";"1";""
"202200024174";"771 001";"A01";"3";"7";"0";"2";"3";"1";"1";""
"202200024175";"770 997";"B01";"3";"10";"0";"2";"2";"1";"1";""
"202200024175";"770 999";"A01";"3";"1";"0";"2";"3";"26";"5";""
"202200024176";"770 995";"A01";"2";"7";"15";"0";"2";"0";"1";""
"202200024177";"770 994";"B01";"1";"1";"0";"2";"1";"1";"5";""
"202200024177";"770 996";"A01";"1";"7";"0";"2";"3";"1";"1";""
"202200024178";"770 992";"A01";"1";"7";"16";"0";"1";"13";"1";""
"202200024179";"770 991";"B01";"1";"7";"0";"2";"7";"1";"1";""
"202200024179";"770 993";"A01";"1";"17";"0";"2";"3";"9";"1";""
"202200024180";"770 990";"A01";"1";"2";"6";"0";"1";"13";"1";""
"202200024181";"770 989";"Z01";"1";"7";"0";"1";"0";"1";"2";""
"202200024182";"770 988";"A01";"2";"10";"0";"1";"3";"1";"1";""
"202200024183";"770 987";"A01";"1";"14";"13";"0";"3";"0";"0";""
"202200024184";"770 985";"A01";"3";"1";"0";"2";"2";"12";"5";""
"202200024184";"770 986";"B01";"3";"1";"0";"2";"2";"1";"5";""
"202200024185";"770 982";"A01";"1";"7";"0";"2";"1";"1";"1";""
"202200024185";"770 984";"B01";"1";"7";"0";"2";"4";"1";"1";""
"202200024186";"770 981";"B01";"1";"2";"0";"2";"1";"1";"1";""
"202200024186";"770 983";"A01";"1";"7";"0";"2";"3";"15";"1";""
"202200024187";"770 978";"A01";"1";"10";"15";"0";"9";"13";"1";""
"202200024188";"770 977";"B01";"1";"7";"0";"2";"2";"1";"1";""
"202200024188";"770 979";"A01";"3";"7";"0";"2";"3";"15";"1";""
"202200024189";"770 974";"A01";"1";"10";"0";"2";"3";"1";"3";""
"202200024189";"770 976";"B01";"1";"30";"0";"2";"1";"1";"1";""
"202200024190";"770 972";"B01";"1";"2";"0";"2";"7";"17";"1";""
"202200024190";"770 975";"A01";"1";"7";"0";"2";"3";"15";"1";""
"202200024191";"770 971";"A01";"0";"2";"0";"2";"7";"26";"1";""
"202200024191";"770 973";"B01";"0";"10";"0";"2";"1";"1";"1";""
"202200024192";"770 970";"A01";"2";"7";"14";"0";"1";"1";"1";""
"202200024193";"770 969";"A01";"3";"7";"0";"1";"4";"20";"1";""
"202200024194";"770 968";"A01";"3";"31";"12";"0";"1";"2";"1";""
"202200024195";"770 966";"B01";"1";"1";"0";"2";"4";"2";"5";""
"202200024195";"770 967";"A01";"1";"7";"0";"9";"2";"2";"1";""
"202200024196";"770 965";"A01";"1";"7";"12";"0";"1";"1";"1";""
"202200024197";"770 962";"A01";"3";"7";"0";"9";"2";"1";"1";""
"202200024197";"770 963";"B01";"3";"50";"0";"2";"3";"19";"3";""
"202200024198";"770 961";"B01";"2";"7";"0";"2";"1";"1";"1";""
"202200024198";"770 964";"A01";"1";"7";"0";"2";"1";"17";"1";""
"202200024199";"770 957";"A01";"1";"7";"2";"0";"7";"1";"1";""
"202200024200";"770 959";"A01";"3";"99";"0";"2";"1";"1";"3";""
"202200024200";"770 960";"B01";"3";"7";"0";"2";"3";"1";"1";""
"202200024201";"770 956";"A01";"2";"2";"0";"2";"1";"1";"1";""
"202200024201";"770 958";"B01";"2";"7";"0";"2";"4";"1";"1";""
"202200024202";"770 955";"A01";"1";"7";"0";"1";"3";"13";"1";""
"202200024203";"770 953";"A01";"1";"7";"0";"1";"3";"15";"1";""
"202200024204";"770 952";"A01";"3";"7";"0";"2";"3";"1";"1";""
"202200024204";"770 954";"B01";"3";"7";"0";"2";"3";"0";"1";""
"202200024205";"770 950";"A01";"1";"21";"0";"2";"4";"4";"1";""
"202200024205";"770 951";"B01";"1";"1";"0";"2";"2";"1";"5";""
"202200024206";"770 947";"A01";"3";"7";"0";"2";"1";"1";"1";""
"202200024206";"770 949";"B01";"0";"1";"0";"2";"9";"19";"5";""
"202200024207";"770 945";"A01";"2";"7";"0";"9";"0";"0";"0";""
"202200024207";"770 948";"B01";"2";"1";"0";"2";"0";"0";"5";""
"202200024208";"770 944";"B01";"1";"1";"0";"2";"4";"1";"5";""
"202200024208";"770 946";"A01";"2";"7";"0";"9";"3";"1";"1";""
"202200024209";"770 942";"A01";"1";"33";"0";"0";"0";"0";"0";""
"202200024210";"770 941";"A01";"1";"7";"0";"2";"2";"13";"1";""
"202200024210";"770 943";"B01";"2";"7";"0";"2";"2";"1";"1";""
"202200024211";"770 940";"A01";"2";"7";"2";"0";"2";"2";"1";""
"202200024212";"770 938";"A01";"2";"7";"0";"1";"7";"1";"2";""
"202200024213";"770 937";"A01";"2";"7";"13";"0";"1";"0";"1";""
"202200024214";"770 935";"A01";"1";"10";"0";"2";"5";"13";"1";""
"202200024214";"770 936";"B01";"1";"7";"0";"2";"3";"1";"1";""
"202200024214";"770 939";"C01";"1";"7";"0";"2";"1";"23";"1";""
"202200024215";"770 931";"A01";"2";"10";"1";"0";"1";"14";"1";""
"202200024215";"770 933";"B01";"2";"7";"0";"0";"4";"23";"1";""
"202200024216";"770 932";"A01";"0";"0";"0";"2";"0";"0";"0";""
"202200024216";"770 934";"B01";"0";"50";"0";"2";"0";"0";"3";""
"202200024217";"770 927";"A01";"1";"10";"0";"2";"2";"1";"1";""
"202200024217";"770 929";"B01";"1";"7";"0";"2";"4";"23";"1";""
"202200024218";"770 926";"B01";"1";"1";"0";"2";"1";"1";"5";""
"202200024218";"770 928";"A01";"1";"7";"0";"2";"8";"20";"1";""
"202200024219";"770 923";"C01";"2";"7";"0";"2";"1";"1";"1";""
"202200024219";"770 925";"B01";"2";"7";"0";"0";"4";"1";"1";""
"202200024219";"770 930";"A01";"2";"7";"0";"6";"1";"2";"1";""
"202200024220";"770 921";"A01";"2";"33";"0";"2";"1";"1";"1";""
"202200024220";"770 924";"B01";"2";"7";"0";"2";"8";"10";"1";""
"202200024221";"770 920";"B01";"2";"7";"0";"0";"0";"10";"1";""
"202200024221";"770 922";"A01";"1";"30";"0";"2";"0";"1";"1";""
"202200024222";"770 916";"A01";"3";"7";"0";"1";"1";"1";"1";""
"202200024223";"770 915";"A01";"2";"7";"0";"2";"1";"2";"1";""
"202200024223";"770 917";"B01";"2";"7";"0";"2";"4";"1";"1";""
"202200024223";"770 919";"C01";"2";"7";"0";"2";"1";"2";"1";""
"202200024224";"770 914";"A01";"2";"7";"0";"2";"8";"1";"1";""
"202200024224";"770 918";"B01";"2";"33";"0";"2";"1";"1";"1";""
"202200024225";"770 908";"B01";"2";"2";"0";"2";"7";"17";"1";""
"202200024225";"770 911";"A01";"2";"7";"0";"2";"1";"2";"1";""
"202200024226";"770 903";"A01";"2";"7";"3";"2";"4";"2";"1";""
"202200024226";"770 907";"B01";"2";"7";"0";"2";"1";"2";"1";""
"202200024226";"770 910";"C01";"2";"10";"0";"2";"3";"2";"1";""
"202200024226";"770 912";"D01";"2";"7";"0";"9";"2";"1";"1";""
"202200024227";"770 901";"B01";"2";"31";"0";"2";"1";"0";"1";""
"202200024227";"770 904";"A01";"2";"7";"0";"2";"3";"9";"1";""
"202200024228";"770 900";"A01";"3";"7";"6";"0";"1";"14";"1";""
"202200024229";"770 899";"A01";"3";"2";"0";"0";"0";"14";"1";""
"202200024230";"770 898";"A01";"2";"7";" -1";"0";"2";"13";"1";""
"202200024231";"770 896";"A01";"2";"7";"0";"0";"8";"15";"1";""
"202200024231";"770 897";"B01";"2";"32";"0";"0";"1";"17";"1";""
"202200024232";"770 893";"A01";"1";"33";"0";"1";"3";"1";"0";""
"202200024233";"770 891";"A01";"1";"7";"14";"2";"4";"6";"1";""
"202200024233";"770 894";"B01";"2";"17";"0";"2";"8";"1";"6";""
"202200024234";"770 892";"A01";"1";"7";"0";"2";"2";"9";"1";""
"202200024234";"770 895";"B01";"1";"7";"0";"2";"3";"1";"1";""
"202200024235";"770 890";"A01";"1";"7";"1";"0";"1";"2";"1";""
"202200024236";"770 888";"A01";"0";"7";"0";"2";"1";"1";"0";""
"202200024236";"770 889";"B01";"0";"7";"0";"0";"4";"1";"1";""
"202200024237";"770 887";"A01";"2";"7";"13";"0";"7";"14";"1";""
"202200024238";"770 886";"Z01";"1";"30";"0";"1";"1";"26";"0";""
"202200024239";"770 883";"B01";"2";"2";"0";"2";"1";"1";"1";""
"202200024239";"770 884";"A01";"2";"2";"0";"0";"4";"1";"1";""
"202200024240";"770 882";"B01";"1";"7";"0";"2";"1";"1";"1";""
"202200024240";"770 885";"A01";"1";"7";"0";"2";"3";"15";"1";""
"202200024241";"770 879";"B01";"2";"7";"0";"2";"1";"1";"1";""
"202200024241";"770 880";"A01";"1";"2";"0";"2";"1";"1";"1";""
"202200024242";"770 878";"A01";"2";"7";"2";"2";"1";"13";"1";""
"202200024242";"770 881";"B01";"1";"7";"0";"2";"2";"1";"1";""
"202200024243";"770 877";"A01";"2";"7";"2";"0";"1";"1";"1";""
"202200024244";"770 874";"A01";"3";"7";"13";"6";"1";"0";"1";""
"202200024245";"770 873";"A01";"2";"15";"13";"0";"2";"2";"1";""
"202200024246";"770 870";"A01";"0";"7";"0";"0";"2";"1";"1";""
"202200024246";"770 872";"B01";"0";"1";"0";"2";"1";"1";"5";""
"202200024247";"770 867";"A01";"1";"7";"0";"1";"2";"1";"1";""
"202200024248";"770 865";"A01";"2";"13";"0";"0";"1";"1";"1";""
"202200024248";"770 866";"B01";"2";"7";"0";"0";"4";"1";"1";""
"202200024248";"770 868";"C01";"2";"7";"0";"0";"4";"1";"1";""
"202200024248";"770 869";"D01";"1";"7";"0";"0";"4";"1";"1";""
"202200024248";"770 871";"E01";"2";"7";"0";"0";"0";"1";"1";""
"202200024249";"770 864";"A01";"1";"7";"17";"0";"1";"1";"1";""
"202200024250";"770 862";"A01";"3";"7";"0";"2";"2";"1";"1";""
"202200024250";"770 863";"B01";"3";"2";"0";"2";"1";"1";"1";""
"202200024251";"770 860";"B01";"2";"7";"0";"2";"1";"1";"1";""
"202200024251";"770 861";"A01";"1";"2";"0";"2";"1";"13";"1";""
"202200024252";"770 858";"B01";"2";"32";"0";"2";"1";"1";"1";""
"202200024252";"770 859";"A01";"1";"7";"0";"2";"8";"19";"1";""
"202200024253";"770 857";"A01";"1";"7";"8";"0";"1";"1";"1";""
"202200024254";"770 855";"B01";"1";"7";"0";"2";"3";"9";"2";""
"202200024254";"770 856";"A01";"2";"1";"0";"0";"4";"1";"5";""
"202200024255";"770 854";"A01";"1";"7";"13";"0";"2";"1";"2";""
"202200024256";"770 853";"A01";"2";"7";"12";"0";"9";"1";"1";""
"202200024257";"770 852";"A01";"3";"7";"6";"1";"5";"4";"1";""
"202200024258";"770 851";"A01";"1";"7";"8";"0";"1";"1";"1";""
"202200024259";"770 848";"B01";"2";"7";"0";"2";"1";"1";"1";""