"Num_Acc";"id_vehicule";"num_veh";"senc";"catv";"obs";"obsm";"choc";"manv";"motor";"occutc"
"202200025123";"769 301";"A01";"1";"7";"0";"2";"1";"1";"1";""
"202200025123";"769 303";"B01";"1";"7";"1";"2";"1";"1";"1";""
"202200025123";"769 304";"C01";"1";"7";"0";"2";"4";"0";"1";""
"202200025124";"769 299";"A01";"1";"7";"2";"0";"1";"14";"1";""
"202200025125";"769 298";"B01";"3";"7";"0";"2";"3";"15";"1";""
"202200025125";"769 300";"A01";"3";"2";"0";"2";"3";"15";"1";""
"202200025126";"769 295";"B01";"2";"7";"0";"2";"1";"26";"0";""
"202200025126";"769 297";"A01";"2";"32";"0";"2";"8";"1";"1";""
"202200025127";"769 291";"A01";"2";"7";"0";"0";"0";"0";"1";""
"202200025127";"769 293";"B01";"2";"7";"0";"2";"5";"0";"1";""
"202200025127";"769 294";"C01";"2";"7";"0";"2";"4";"2";"1";""
"202200025127";"769 296";"D01";"2";"7";"0";"2";"3";"2";"1";""
"202200025128";"769 290";"A01";"1";"7";"0";"2";"6";"11";"1";""
"202200025128";"769 292";"B01";"1";"34";"0";"2";"1";"1";"1";""
"202200025129";"769 287";"A01";" -1";"10";"0";"2";"2";"15";"1";""
"202200025129";"769 288";"B01";" -1";"32";"0";"2";"1";"1";"1";""
"202200025130";"769 286";"A01";"1";"7";"7";"0";"1";"14";"1";""
"202200025131";"769 285";"A01";"2";"7";"0";"1";"1";"1";"1";""
"202200025132";"769 282";"B01";"1";"7";"0";"0";"4";"1";"1";""
"202200025132";"769 284";"A01";"1";"7";"0";"2";"1";"17";"1";""
"202200025133";"769 281";"B01";"2";"43";"0";"2";"1";"1";"1";""
"202200025133";"769 283";"A01";"1";"7";"0";"2";"7";"15";"1";""
"202200025134";"769 279";"A01";"1";"33";"0";"2";"1";"1";"1";""
"202200025134";"769 280";"B01";"2";"7";"0";"9";"6";"15";"2";""
"202200025135";"769 277";"B01";"1";"7";"0";"2";"1";"9";"1";""
"202200025135";"769 278";"A01";"1";"13";"0";"2";"7";"1";"1";""
"202200025136";"769 275";"A01";"1";"7";"0";"2";"1";"19";"1";""
"202200025136";"769 276";"B01";"2";"7";"0";"2";"8";"1";"1";""
"202200025137";"769 273";"Z01";"0";"60";"0";"2";"0";"0";"5";""
"202200025137";"769 274";"[01";"0";"7";"0";"2";"0";"16";" -1";""
"202200025138";"769 272";"A01";"2";"7";"13";"0";"3";"13";"1";""
"202200025139";"769 271";"A01";"0";"7";"6";"0";"8";"0";"1";""
"202200025140";"769 269";"B01";"2";"30";"0";"2";"1";"1";"1";""
"202200025140";"769 270";"A01";"2";"7";"0";"2";"4";"1";"0";""
"202200025141";"769 266";"A01";"2";"7";"0";"2";"3";"1";"1";""
"202200025141";"769 268";"B01";"1";"7";"0";"2";"3";"1";"1";""
"202200025142";"769 265";"B01";"3";"30";"0";"2";"7";"15";"1";""
"202200025142";"769 267";"A01";"3";"7";"0";"2";"1";"1";"2";""
"202200025143";"769 264";"A01";"3";"7";"6";"0";"1";"1";"1";""
"202200025144";"769 263";"A01";"0";"10";"0";"1";"0";"1";"2";""
"202200025145";"769 260";"A01";"2";"7";"0";"2";"3";"15";"1";""
"202200025145";"769 262";"B01";"2";"31";"0";"2";"7";"17";"1";""
"202200025146";"769 261";"A01";"2";"30";"0";"0";"0";"23";"1";""
"202200025147";"769 259";"A01";"2";"7";"13";"0";"3";"1";"1";""
"202200025148";"769 257";"A01";"1";"33";"0";"0";"0";"21";"1";""
"202200025148";"769 258";"Z01";"3";"7";"0";"2";"0";"1";"0";""
"202200025149";"769 255";"B01";"1";"1";"0";"2";"1";"1";"5";""
"202200025149";"769 256";"A01";"1";"7";"0";"9";"4";"1";"1";""
"202200025150";"769 251";"A01";"3";"99";"0";"2";"0";"1";"1";""
"202200025150";"769 253";"B01";"0";"7";"0";"2";"2";"11";"1";""
"202200025151";"769 252";"A01";"2";"33";"0";"0";"0";"1";"1";""
"202200025151";"769 254";"B01";"2";"7";"0";"2";"8";"19";"1";""
"202200025152";"769 249";"A01";"2";"10";"3";"0";"3";"14";"1";""
"202200025153";"769 247";"C01";"1";"10";"0";"2";"3";"1";"1";""
"202200025153";"769 248";"B01";"2";"7";"0";"2";"5";"2";"1";""
"202200025153";"769 250";"A01";"2";"7";"0";"2";"3";"2";"1";""
"202200025154";"769 245";"B01";"1";"7";"0";"2";"1";"1";"1";""
"202200025154";"769 246";"A01";"2";"7";"0";"2";"1";"13";"1";""
"202200025155";"769 242";"A01";"1";"33";"0";"2";"3";"13";"1";""
"202200025155";"769 243";"B01";"2";"7";"0";"2";"3";"1";"1";""
"202200025156";"769 239";"B01";"3";"33";"0";"2";"1";"1";"1";""
"202200025156";"769 241";"A01";"3";"7";"0";"2";"2";"21";"1";""
"202200025157";"769 237";"A01";"2";"33";"0";"2";"1";"13";"1";""
"202200025157";"769 238";"B01";"1";"7";"0";"2";"3";"1";"1";""
"202200025158";"769 236";"A01";"1";"7";"2";"0";"1";"1";"1";""
"202200025159";"769 235";"A01";"2";"7";"2";"0";"1";"13";"1";""
"202200025160";"769 234";"A01";"2";"31";"8";"0";"1";"0";"1";""
"202200025161";"769 233";"A01";"2";"32";"0";"0";"0";"1";"1";""
"202200025162";"769 232";"A01";"2";"7";"8";"0";"8";"1";"1";""
"202200025163";"769 231";"A01";"2";"7";"2";"0";"3";"1";"1";""
"202200025164";"769 229";"B01";"2";"7";"0";"2";"1";"1";"1";""
"202200025164";"769 230";"A01";"1";"7";"0";"2";"1";"13";"1";""
"202200025165";"769 227";"A01";"1";"7";"0";"2";"2";"1";"1";""
"202200025165";"769 228";"B01";"1";"13";"0";"2";"3";"1";"1";""
"202200025166";"769 226";"A01";"1";"7";"0";"0";"0";"1";"1";""
"202200025167";"769 225";"A01";"2";"33";"3";"0";"1";"26";"1";""
"202200025168";"769 223";"A01";"1";"7";"0";"2";"3";"13";"2";""
"202200025168";"769 224";"B01";"2";"7";"0";"2";"3";"0";"1";""
"202200025169";"769 221";"B01";"0";"14";"0";"2";"3";"1";"1";""
"202200025169";"769 222";"A01";"3";"7";"0";"2";"3";"13";"1";""
"202200025170";"769 220";"A01";"2";"7";"2";"0";"6";"1";"1";""
"202200025171";"769 218";"B01";"1";"7";"0";"2";"3";"1";"1";""
"202200025171";"769 219";"A01";"2";"2";"0";"2";"1";"13";"1";""
"202200025172";"769 216";"A01";"1";"32";"0";"2";"3";"1";"1";""
"202200025172";"769 217";"B01";"1";"7";"0";"2";"5";"12";"1";""
"202200025173";"769 215";"A01";"1";"7";"13";"0";"2";"1";"1";""
"202200025174";"769 214";"A01";"2";"7";"7";"0";"1";"1";"1";""
"202200025175";"769 213";"A01";"1";"7";"13";"0";"9";"1";"1";""
"202200025176";"769 212";"A01";"2";"10";"3";"0";"1";"14";"1";""
"202200025177";"769 211";"A01";"2";"7";"3";"0";"0";"14";"1";""
"202200025178";"769 210";"A01";"1";"7";"0";"0";"9";"1";"1";""
"202200025179";"769 207";"C01";"2";"10";"0";"2";"4";"2";"1";""
"202200025179";"769 208";"B01";"2";"7";"0";"2";"4";"2";"1";""
"202200025179";"769 209";"A01";"2";"14";"0";"2";"1";"2";"1";""
"202200025180";"769 206";"A01";"2";"7";"8";"0";"1";"1";"1";""
"202200025181";"769 204";"A01";"1";"7";"0";"2";"2";"15";"1";""
"202200025181";"769 205";"B01";"2";"7";"0";"2";"1";"1";"1";""
"202200025182";"769 202";"A01";"2";"7";"0";"2";"9";"13";"1";""
"202200025182";"769 203";"B01";"1";"7";"0";"2";"8";"1";"1";""
"202200025183";"769 200";"A01";"2";"7";"0";"9";"3";"5";"1";""
"202200025183";"769 201";"B01";"1";"1";"0";"2";"8";"5";"5";""
"202200025184";"769 198";"B01";"3";"7";"0";"2";"5";"15";"1";""
"202200025184";"769 199";"A01";"3";"32";"0";"2";"1";"1";"1";""
"202200025185";"769 197";"A01";"1";"7";"0";"0";"0";"0";"1";""
"202200025186";"769 196";"A01";"0";"10";"0";"1";"4";"4";"1";""
"202200025187";"769 194";"B01";"0";"2";"0";"2";"7";"17";"1";""
"202200025187";"769 195";"A01";"0";"10";"0";"2";"6";"15";"1";""
"202200025188";"769 193";"A01";"2";"7";"0";"1";"4";"20";"1";""
"202200025189";"769 192";"A01";"1";"7";"13";"0";"1";"16";"1";""
"202200025190";"769 191";"A01";"1";"7";"8";"0";"2";"0";"1";""
"202200025191";"769 190";"A01";"2";"7";"1";"1";"3";"25";"1";""
"202200025192";"769 189";"A01";"2";"7";"5";"0";"1";"1";"1";""
"202200025193";"769 188";"A01";"2";"80";"0";"0";"0";"1";"3";""
"202200025194";"769 186";"B01";"1";"7";"0";"2";"8";"15";"1";""
"202200025194";"769 187";"A01";"1";"31";"0";"2";"1";"17";"1";""
"202200025195";"769 184";"A01";"2";"7";"0";"2";"3";"15";"1";""
"202200025195";"769 185";"B01";"1";"7";"0";"2";"0";"1";"1";""
"202200025196";"769 183";"A01";"1";"7";"9";"0";"1";"1";"1";""
"202200025197";"769 180";"A01";"2";"7";"0";"9";"2";"15";"1";""
"202200025197";"769 181";"B01";"1";"1";"0";"2";"1";"1";"5";""
"202200025198";"769 178";"A01";"2";"7";"0";"2";"1";"2";"1";""
"202200025198";"769 179";"B01";"2";"7";"0";"2";"4";"2";"1";""
"202200025199";"769 176";"A01";"1";"7";"0";"2";"1";"2";"1";""
"202200025199";"769 177";"B01";"1";"7";"0";"2";"4";"2";"1";""
"202200025200";"769 174";"B01";"1";"7";"0";"2";"4";"2";"1";""
"202200025200";"769 175";"A01";"1";"7";"0";"2";"1";"2";"1";""
"202200025201";"769 172";"A01";"1";"7";"0";"2";"8";"11";"1";""
"202200025201";"769 173";"B01";"1";"33";"0";"2";"7";"3";"1";""
"202200025202";"769 170";"A01";"2";"7";"0";"2";"2";"14";"1";""
"202200025202";"769 171";"B01";"2";"7";"0";"2";"8";"1";"3";""
"202200025203";"769 167";"A01";"1";"10";"0";"2";"1";"2";"1";""
"202200025203";"769 168";"B01";"1";"7";"0";"2";"4";"2";"1";""
"202200025203";"769 169";"C01";"1";"7";"0";"2";"4";"2";"1";""
"202200025204";"769 165";"B01";"1";"7";"0";"2";"4";"2";"1";""
"202200025204";"769 166";"A01";"1";"7";"0";"2";"1";"2";"1";""
"202200025205";"769 162";"C01";"1";"7";"0";"2";"4";"2";"1";""
"202200025205";"769 163";"B01";"1";"7";"0";"2";"4";"2";"1";""
"202200025205";"769 164";"A01";"1";"10";"0";"2";"1";"2";"1";""
"202200025206";"769 160";"Z01";"1";"7";"0";"2";"1";"0";"1";""
"202200025206";"769 161";"A01";"1";"7";"0";"2";"4";"2";"1";""
"202200025207";"769 158";"B01";"1";"14";"0";"2";"3";"1";"1";""
"202200025207";"769 159";"A01";"1";"10";"0";"2";"5";"1";"1";""
"202200025208";"769 157";"A01";"2";"13";"4";"0";"8";"1";"1";""
"202200025209";"769 154";"C01";"1";"10";"0";"2";"3";"1";"1";""
"202200025209";"769 155";"B01";"1";"10";"0";"2";"5";"1";"1";""
"202200025209";"769 156";"A01";"1";"33";"0";"2";"1";"3";"1";""
"202200025210";"769 151";"C01";"2";"10";"0";"2";"4";"1";"1";""
"202200025210";"769 152";"B01";"2";"7";"0";"2";"4";"2";"1";""
"202200025210";"769 153";"A01";"2";"10";"0";"2";"1";"2";"1";""
"202200025211";"769 149";"B01";"1";"50";"0";"2";"1";"2";"3";""
"202200025211";"769 150";"A01";"1";"10";"0";"2";"5";"16";"1";""
"202200025212";"769 148";"Z01";"1";"1";"0";"1";"0";"0";"5";""
"202200025213";"769 145";"A01";"1";"7";"0";"2";"1";"19";"1";""
"202200025213";"769 146";"B01";"1";"10";"16";"0";"8";"2";"1";""
"202200025214";"769 143";"A01";"3";"7";"0";"2";"1";"1";"1";""
"202200025214";"769 144";"B01";"3";"7";"0";"2";"4";"0";"1";""
"202200025215";"769 141";"B01";"1";"7";"0";"2";"3";"15";"1";""
"202200025215";"769 142";"A01";"2";"30";"0";"2";"5";"17";"1";""
"202200025216";"769 139";"A01";"1";"14";"0";"2";"2";"12";"1";""
"202200025216";"769 140";"B01";"1";"7";"4";"2";"8";"1";"1";""
"202200025217";"769 138";"A01";"1";"30";"6";"0";"0";"1";"1";""
"202200025218";"769 136";"A01";"3";"7";"0";"2";"3";"22";"1";""
"202200025218";"769 137";"B01";"1";"1";"1";"2";"1";"1";"5";""
"202200025219";"769 134";"A01";"1";"7";"0";"2";"4";"23";"1";""
"202200025219";"769 135";"B01";"1";"0";"0";"2";"0";"2";"0";""
"202200025220";"769 133";"A01";"0";"33";"0";"0";"0";"0";"1";""
"202200025221";"769 132";"A01";"1";"7";"0";"1";"3";"1";"1";""
"202200025222";"769 129";"A01";"3";"7";"0";"2";"1";"15";"1";""
"202200025222";"769 130";"C01";"1";"7";"0";"2";"8";"24";"1";""
"202200025222";"769 131";"B01";"1";"34";"0";"2";"2";"1";"1";""
"202200025223";"769 127";"B01";"1";"1";"0";"2";"7";"2";"5";""
"202200025223";"769 128";"A01";"0";"7";"0";"2";"1";"9";"1";""
"202200025224";"769 122";"A01";"3";"7";"0";"2";"6";"16";"1";""
"202200025224";"769 123";"B01";"3";"80";"0";"2";"7";"0";"3";""
"202200025225";"769 120";"B01";"3";"7";"0";"2";"3";"15";"1";""
"202200025225";"769 121";"A01";"3";"33";"0";"2";"2";"17";"1";""
"202200025226";"769 118";"B01";"3";"1";"0";"2";"1";"1";"5";""
"202200025226";"769 119";"A01";"3";"7";"0";"2";"2";"15";"1";""
"202200025227";"769 117";"A01";"3";"31";"0";"1";"1";"1";"1";""
"202200025228";"769 115";"A01";"1";"1";"0";"2";"1";"16";"5";""
"202200025228";"769 116";"B01";"2";"7";"0";"2";"3";"1";"1";""
"202200025229";"769 113";"B01";"2";"1";"0";"4";"1";"1";"5";""
"202200025229";"769 114";"A01";"1";"40";"0";"2";"3";"1";"3";""
"202200025230";"769 110";"A01";"2";"7";"0";"2";"1";"5";"1";""
"202200025230";"769 111";"B01";"1";"7";"0";"2";"1";"17";"1";""
"202200025230";"769 112";"C01";"1";"10";"0";"9";"0";"1";"1";""
"202200025231";"769 108";"B01";"1";"2";"0";"2";"8";"15";"1";""
"202200025231";"769 109";"A01";"1";"7";"0";"2";"1";"1";"1";""
"202200025232";"769 106";"A01";"1";"7";"0";"2";"1";"1";"1";""
"202200025232";"769 107";"B01";"1";"7";"0";"2";"4";"2";"1";""
"202200025233";"769 104";"B01";"2";"10";"0";"2";"2";"1";"1";""
"202200025233";"769 105";"A01";"1";"33";"0";"2";"1";"5";"1";""
"202200025234";"769 102";"B01";"3";"7";"0";"2";"4";"1";"1";""
"202200025234";"769 103";"A01";"3";"15";"0";"2";"1";"2";"1";""
"202200025235";"769 100";"B01";"0";"50";"0";"2";"1";"19";"3";""
"202200025235";"769 101";"A01";"3";"7";"0";"9";"2";"1";"1";""
"202200025236";"769 098";"A01";"0";"7";"0";"0";"0";"15";"1";""
"202200025236";"769 099";"B01";"0";"2";"0";"0";"0";"1";"3";""
"202200025237";"769 096";"A01";"1";"7";"0";"9";"3";"1";"1";""
"202200025237";"769 097";"B01";"2";"80";"0";"2";"0";"13";"3";""
"202200025238";"769 094";"A01";"1";"7";"0";"2";"1";"26";"1";""
"202200025238";"769 095";"B01";"1";"7";"0";"2";"7";"1";"0";""
"202200025239";"769 093";"A01";"2";"7";"0";"0";"9";"26";"1";""
"202200025240";"769 092";"A01";"1";"7";"0";"1";"2";"26";"1";""
"202200025241";"769 091";"A01";"2";"7";"13";"0";"2";"14";"1";""
"202200025242";"769 089";"B01";"1";"7";"0";"9";"8";"15";"1";""
"202200025242";"769 090";"A01";"1";"80";"0";"2";"1";"17";"3";""
"202200025243";"769 087";"A01";"1";"7";"0";"2";"2";"15";"1";""
"202200025243";"769 088";"B01";"2";"1";"0";"2";"1";"1";"5";""
"202200025244";"769 085";"A01";"3";"7";"0";"2";"1";"1";"1";""
"202200025244";"769 086";"B01";"3";"1";"0";"2";"4";"19";"5";""
"202200025245";"769 084";"A01";"1";"10";"0";"1";"1";"1";"1";""
"202200025246";"769 083";"A01";"3";"33";"0";"1";"2";"17";"1";""
"202200025247";"769 082";"A01";"1";"10";"0";"1";"1";"1";"1";""
"202200025248";"769 080";"A01";"1";"50";"0";"2";"8";"19";"3";""
"202200025248";"769 081";"B01";"2";"7";"0";"2";"3";"1";"1";""
"202200025249";"769 078";"B01";"2";"1";"0";"2";"1";"1";"5";""
"202200025249";"769 079";"A01";"1";"7";"0";"2";"3";"9";"2";""
"202200025250";"769 076";"B01";"1";"7";"0";"2";"8";"1";"1";""
"202200025250";"769 077";"A01";"1";"50";"0";"2";"1";"2";"3";""
"202200025251";"769 075";"A01";"2";"1";"0";"0";"0";"1";"5";""
"202200025252";"769 072";"C01";"2";"7";"0";"2";"1";"2";"1";""
"202200025252";"769 073";"B01";"2";"7";"0";"2";"4";"2";"1";""
"202200025252";"769 074";"A01";"2";"7";"0";"2";"1";"2";"1";""
"202200025253";"769 069";"A01";"3";"15";"1";"2";"2";"2";"1";""
"202200025253";"769 070";"B01";"3";"7";"1";"2";"4";"2";"1";""
"202200025253";"769 071";"C01";"3";"10";"1";"0";"4";"23";"1";""
"202200025254";"769 067";"B01";"1";"7";"0";"2";"3";"15";"1";""
"202200025254";"769 068";"A01";"1";"31";"0";"2";"1";"17";"1";""
"202200025255";"769 065";"B01";"0";"7";"0";"2";"4";"2";"1";""
"202200025255";"769 066";"A01";"0";"1";"0";"2";"1";"2";"5";""
"202200025256";"769 063";"A01";"3";"7";"0";"2";"3";"9";"1";""
"202200025256";"769 064";"B01";"3";"80";"0";"2";"7";"1";"3";""
"202200025257";"769 061";"A01";"3";"7";"0";"2";"1";"15";"1";""
"202200025257";"769 062";"B01";"1";"7";"0";"2";"1";"1";"1";""
"202200025258";"769 059";"A01";"2";"7";"0";"2";"2";"15";"1";""
"202200025258";"769 060";"B01";"1";"32";"0";"2";"1";"1";"1";""
"202200025259";"769 058";"A01";"1";"33";"8";"0";"1";"26";"1";""
"202200025260";"769 056";"B01";"0";"7";"0";"2";"4";"1";"1";""
"202200025260";"769 057";"A01";"0";"7";"0";"2";"1";"2";"0";""
"202200025261";"769 053";"A01";"0";"7";"5";"0";"1";"26";"1";""
"202200025262";"769 051";"A01";"1";"7";"0";"2";"7";"9";"1";""
"202200025262";"769 052";"B01";"1";"33";"0";"2";"1";"1";"1";""
"202200025263";"769 049";"A01";"0";"33";"0";"2";"1";"2";"1";""
"202200025263";"769 050";"B01";"3";"7";"0";"2";"5";"15";"1";""
"202200025264";"769 047";"A01";"0";"7";"0";"2";"1";"15";"1";""
"202200025264";"769 048";"B01";"1";"32";"0";"2";"1";"1";"1";""
"202200025265";"769 045";"B01";"1";"7";"0";"2";"3";"15";"1";""
"202200025265";"769 046";"A01";"1";"34";"0";"2";"1";"13";"1";""
"202200025266";"769 043";"B01";"1";"7";"0";"2";"3";"15";"1";""
"202200025266";"769 044";"A01";"1";"33";"0";"2";"1";"17";"1";""
"202200025267";"769 041";"A01";"2";"33";"8";"2";"1";"13";"1";""
"202200025267";"769 042";"B01";"2";"7";"0";"2";"3";"15";"1";""
"202200025268";"769 039";"A01";"2";"50";"0";"2";"1";"14";"3";""
"202200025268";"769 040";"B01";"2";"15";"0";"2";"6";"1";"1";""
"202200025269";"769 038";"A01";"1";"7";"2";"0";"2";"26";"1";""
"202200025270";"769 036";"A01";"3";"1";"0";"2";"1";"0";"5";""
"202200025270";"769 037";"B01";"3";"7";"0";"9";"2";"1";"1";""
"202200025271";"769 035";"A01";"3";"1";"0";"1";"1";"26";"5";""
"202200025272";"769 033";"B01";"0";"1";"0";"2";"7";"1";"5";""
"202200025272";"769 034";"A01";"0";"7";"0";"2";"3";"9";"1";""
"202200025273";"769 031";"B01";"2";"7";"0";"2";"1";"15";"1";""
"202200025273";"769 032";"A01";"1";"7";"0";"2";"1";"1";"1";""
"202200025274";"769 029";"B01";"1";"7";"0";"2";"6";"11";"1";""
"202200025274";"769 030";"A01";"1";"33";"0";"2";"3";"1";"1";""
"202200025275";"769 027";"Z01";"2";"7";"0";"2";"3";"18";"1";""
"202200025275";"769 028";"A01";"2";"14";"0";"2";"7";"1";"1";""
"202200025276";"769 025";"A01";"2";"43";"0";"2";"4";"1";"1";""
"202200025276";"769 026";"Z01";"2";"10";"0";"2";"0";"1";"0";""
"202200025277";"769 021";"A01";"2";"7";"0";"2";"1";"13";"1";""
"202200025277";"769 022";"B01";"2";"7";"0";"2";"4";"1";"1";""
"202200025277";"769 023";"D01";"2";"7";"0";"2";"4";"1";"1";""
"202200025277";"769 024";"C01";"2";"33";"0";"2";"1";"1";"1";""
"202200025278";"769 020";"A01";"1";"7";"0";"1";"7";"1";"1";""
"202200025279";"769 018";"A01";"1";"50";"0";"0";"7";"1";"3";""
"202200025280";"769 016";"B01";"2";"10";"0";"2";"6";"23";"1";""
"202200025280";"769 017";"A01";"2";"30";"0";"2";"3";"1";"1";""
"202200025281";"769 015";"Z01";"2";"1";"0";"1";"2";"1";"5";""
"202200025282";"769 013";"A01";"2";"7";"1";"0";"6";"20";"1";""
"202200025282";"769 014";"B01";"2";"7";"0";"2";"0";"24";"1";""
"202200025283";"769 012";"A01";"1";"7";"0";"1";"2";"16";"1";""
"202200025284";"769 011";"A01";"1";"10";"0";"1";"4";"4";"1";""
"202200025285";"769 009";"A01";"1";"7";"0";"0";"0";"20";"1";""
"202200025285";"769 010";"B01";"2";"50";"0";"2";"0";"1";"3";""
"202200025286";"769 007";"B01";"1";"50";"0";"0";"0";"7";"3";""
"202200025286";"769 008";"A01";"1";"7";"0";"2";"6";"17";"1";""
"202200025287";"769 005";"B01";"2";"1";"0";"0";"0";"1";"5";""
"202200025287";"769 006";"A01";"2";"32";"0";"2";"0";"21";"1";""
"202200025288";"769 004";"A01";"1";"50";"0";"0";"1";"1";"3";""
"202200025289";"769 001";"Z01";"2";"7";"0";"2";"0";"18";"1";""
"202200025289";"769 002";"A01";"1";"7";"0";"2";"0";"1";"2";""
"202200025289";"769 003";"B01";"1";"7";"0";"2";"0";"24";"1";""
"202200025290";"768 997";"A01";"1";"13";"0";"2";"2";"1";"1";""
"202200025290";"768 999";"B01";"1";"30";"0";"2";"3";"18";"1";""
"202200025291";"768 996";"B01";"0";"7";"0";"2";"7";"1";"1";""
"202200025291";"768 998";"A01";"3";"43";"9";"2";"1";"14";"1";""
"202200025292";"768 993";"B01";"1";"15";"0";"0";"4";"23";"1";""
"202200025292";"768 995";"A01";"1";"15";"0";"2";"1";"2";"1";""
"202200025293";"768 991";"A01";"0";"7";"0";"2";"1";"1";"1";""
"202200025293";"768 994";"B01";"2";"7";"0";"2";"7";"1";"1";""
"202200025294";"768 990";"A01";"1";"33";"3";"0";"2";"1";"1";""
"202200025295";"768 988";"A01";"1";"7";"0";"1";"0";"0";"1";""
"202200025296";"768 989";"A01";"2";"7";"0";"2";"1";"9";"1";""
"202200025296";"768 992";"B01";"1";"43";"0";"2";"8";"0";"1";""
"202200025297";"768 987";"A01";"1";"7";"2";"0";"2";"1";"1";""
"202200025298";"768 984";"A01";"1";"7";"13";"0";"9";"1";"1";""
"202200025299";"768 983";"A01";"1";"33";"0";"2";"4";"17";"1";""
"202200025299";"768 986";"B01";"1";"0";"0";"2";"4";"0";"3";""
"202200025300";"768 985";"A01";"3";"7";"0";"1";"1";"1";"1";""
"202200025301";"768 982";"A01";"1";"7";"13";"0";"1";"1";"1";""
"202200025302";"768 979";"B01";"2";"1";"0";"2";"8";"1";"5";""
"202200025302";"768 981";"A01";"1";"7";"0";"2";"1";"15";"1";""
"202200025303";"768 980";"A01";"1";"1";"11";"0";"1";"11";"5";""
"202200025304";"768 974";"A01";"0";"7";"1";"0";"2";"17";"1";""
"202200025304";"768 976";"B01";"0";"14";"0";"2";"6";"23";"0";""
"202200025305";"768 975";"A01";"2";"33";"0";"2";"1";"13";"1";""
"202200025305";"768 978";"B01";"1";"7";"0";"2";"3";"21";"1";""
"202200025306";"768 973";"B01";"2";"7";"0";"2";"4";"1";"1";""
"202200025306";"768 977";"A01";"2";"7";"0";"2";"1";"1";"1";""
"202200025307";"768 971";"A01";"3";"2";"6";"0";"7";"1";"1";""
"202200025308";"768 970";"B01";"3";"2";"0";"2";"1";"2";"0";""
"202200025308";"768 972";"A01";"1";"30";"0";"2";"7";"16";"1";""
"202200025309";"768 969";"A01";"1";"32";"9";"0";"0";"1";"1";""
"202200025310";"768 967";"A01";"2";"43";"1";"1";"1";"1";"1";""
"202200025311";"768 968";"A01";"2";"2";"13";"0";"0";"0";"1";""
"202200025312";"768 965";"A01";"2";"43";"14";"0";"3";"26";"1";""
"202200025312";"768 966";"B01";"1";"7";"14";"0";"3";"9";"1";""
"202200025313";"768 962";"A01";"1";"7";"16";"9";"2";"1";"1";""
"202200025313";"768 964";"B01";"1";"99";"0";"2";"2";"0";"0";""
"202200025314";"768 958";"B01";"2";"37";"0";"2";"1";"1";"2";"1"
"202200025314";"768 961";"A01";"1";"10";"8";"2";"7";"10";"1";""
"202200025315";"768 957";"A01";"1";"30";"0";"2";"1";"1";"3";""
"202200025315";"768 959";"B01";"2";"30";"0";"2";"7";"15";"3";""
"202200025316";"768 953";"B01";"1";"7";"0";"2";"1";"15";"1";""
"202200025316";"768 955";"A01";"1";"30";"0";"2";"1";"5";"3";""
"202200025317";"768 951";"A01";"2";"32";"0";"9";"1";"0";"1";""
"202200025317";"768 954";"B01";"1";"1";"0";"9";"1";"0";"5";""
"202200025318";"768 949";"A01";"1";"14";"0";"1";"2";"16";"1";""
"202200025319";"768 948";"C01";"2";"1";"0";"2";"1";"1";"5";""
"202200025319";"768 950";"B01";"1";"7";"8";"2";"3";"21";"1";""
"202200025319";"768 952";"A01";"2";"7";"0";"0";"0";"17";"0";""
"202200025320";"768 946";"A01";"3";"2";"0";"2";"3";"15";"1";""
"202200025320";"768 947";"B01";"3";"10";"0";"2";"3";"1";"1";""
"202200025321";"768 943";"A01";"0";"33";"0";"0";"0";"0";"1";""
"202200025322";"768 942";"B01";"2";"7";"0";"2";"2";"15";"1";""
"202200025322";"768 945";"A01";"2";"32";"0";"2";"1";"17";"1";""
"202200025323";"768 941";"B01";"2";"7";"0";"2";"8";"19";"1";""
"202200025323";"768 944";"A01";"1";"2";"0";"2";"1";"1";"1";""
"202200025324";"768 939";"A01";"1";"10";"0";"1";"2";"1";"1";""
"202200025325";"768 937";"A01";"2";"1";"0";"2";"1";"15";"5";""
"202200025325";"768 940";"B01";"1";"7";"0";"2";"2";"1";"1";""
"202200025326";"768 934";"B01";"1";"7";"0";"2";"7";"16";"1";""
"202200025326";"768 936";"A01";"1";"2";"0";"2";"8";"16";"1";""
"202200025327";"768 933";"A01";"2";"7";"0";"2";"1";"13";"1";""
"202200025327";"768 935";"B01";"1";"15";"0";"2";"1";"1";"1";""
"202200025328";"768 928";"A01";"1";"7";"0";"2";"1";"1";"1";""
"202200025328";"768 931";"B01";"3";"1";"0";"2";"8";"19";"5";""
"202200025329";"768 929";"A01";"2";"7";"0";"1";"3";"1";"1";""
"202200025330";"768 926";"D01";"1";"7";"0";"2";"6";"2";"1";""
"202200025330";"768 927";"C01";"1";"7";"0";"0";"4";"2";"1";""
"202200025330";"768 930";"B01";"1";"7";"0";"0";"6";"2";"1";""
"202200025330";"768 932";"A01";"1";"7";"1";"2";"2";"21";"1";""
"202200025331";"768 923";"B01";"2";"7";"0";"2";"1";"11";"1";""
"202200025331";"768 925";"A01";"1";"7";"0";"2";"1";"13";"1";""
"202200025332";"768 920";"B01";"2";"1";"0";"2";"8";"1";"5";""
"202200025332";"768 924";"A01";"2";"37";"0";"2";"2";"1";"2";"3"