"Num_Acc";"id_vehicule";"num_veh";"senc";"catv";"obs";"obsm";"choc";"manv";"motor";"occutc"
"202200026183";"767 394";"A01";"1";"7";"9";"0";"1";"9";"1";""
"202200026184";"767 392";"A01";"2";"7";"1";"0";"1";"1";"1";""
"202200026184";"767 393";"B01";"2";"7";"0";"2";"4";"24";"1";""
"202200026185";"767 391";"A01";"2";"50";"8";"0";"1";"1";"3";""
"202200026186";"767 388";"B01";"1";"15";"0";"2";"2";"1";"1";""
"202200026186";"767 390";"A01";"1";"7";"0";"2";"3";"11";"1";""
"202200026187";"767 386";"A01";"2";"7";"0";"2";"3";"5";"1";""
"202200026187";"767 389";"B01";"1";"2";"0";"2";"1";"1";"1";""
"202200026188";"767 385";"A01";"3";"10";"0";"2";"7";"1";"1";""
"202200026188";"767 387";"B01";"3";"32";"0";"2";"8";"16";"1";""
"202200026189";"767 381";"B01";"1";"7";"0";"2";"8";"23";"1";""
"202200026189";"767 384";"A01";"1";"7";"0";"2";"2";"14";"1";""
"202200026190";"767 379";"A01";"2";"7";"0";"2";"4";"1";"1";""
"202200026190";"767 380";"C01";"2";"7";"0";"2";"1";"1";"1";""
"202200026190";"767 383";"B01";"2";"7";"0";"2";"1";"1";"1";""
"202200026191";"767 378";"B01";"1";"32";"0";"2";"1";"9";"1";""
"202200026191";"767 382";"A01";"2";"7";"0";"2";"3";"15";"1";""
"202200026192";"767 377";"A01";"1";"7";"0";"1";"2";"0";"1";""
"202200026193";"767 374";"A01";"2";"32";"0";"2";"1";"14";"1";""
"202200026193";"767 376";"B01";"2";"7";"0";"2";"4";"1";"1";""
"202200026194";"767 373";"A01";"2";"32";"0";"2";"3";"18";"1";""
"202200026194";"767 375";"B01";"2";"7";"0";"2";"2";"15";"1";""
"202200026195";"767 371";"B01";"1";"7";"0";"9";"3";"15";"2";""
"202200026195";"767 372";"A01";"1";"80";"0";"2";"1";"2";"3";""
"202200026196";"767 368";"A01";"1";"7";"0";"9";"1";"15";"1";""
"202200026196";"767 370";"B01";"1";"50";"0";"2";"1";"19";"3";""
"202200026197";"767 366";"A01";"1";"7";"0";"1";"1";"1";"1";""
"202200026197";"767 367";"B01";"1";"7";"14";"2";"1";"1";"1";""
"202200026198";"767 365";"B01";"2";"50";"0";"2";"3";"7";"3";""
"202200026198";"767 369";"A01";"2";"37";"0";"2";"2";"17";"3";"1"
"202200026199";"767 363";"A01";"1";"34";"0";"1";"1";"1";"0";""
"202200026200";"767 362";"B01";"2";"14";"0";"2";"0";"12";"1";""
"202200026200";"767 364";"A01";"2";"7";"0";"2";"3";"1";"1";""
"202200026201";"767 360";"A01";"2";"31";"0";"0";"4";"3";"1";""
"202200026202";"767 358";"B01";"1";"10";"0";"2";"5";"15";"1";""
"202200026202";"767 361";"A01";"1";"43";"0";"2";"1";"1";"1";""
"202200026203";"767 357";"B01";"1";"7";"0";"2";"3";"16";"1";""
"202200026203";"767 359";"A01";"1";"7";"0";"2";"2";"1";"1";""
"202200026204";"767 356";"A01";"1";"3";"0";"1";"3";"1";"1";""
"202200026205";"767 355";"A01";"1";"7";"0";"0";"7";"2";"1";""
"202200026206";"767 350";"B01";"0";"7";"0";"2";"2";"1";"1";""
"202200026206";"767 353";"A01";"0";"7";"0";"2";"3";"13";"1";""
"202200026207";"767 349";"A01";"0";"7";"0";"2";"3";"11";"1";""
"202200026207";"767 351";"B01";"0";"33";"0";"2";"2";"3";"1";""
"202200026208";"767 352";"Z01";"1";"10";"0";"2";"8";"22";"1";""
"202200026208";"767 354";"A01";"2";"1";"1";"2";"1";"1";"5";""
"202200026209";"767 345";"A01";"1";"7";"0";"2";"2";"1";"1";""
"202200026209";"767 348";"B01";"2";"7";"0";"2";"3";"0";"1";""
"202200026210";"767 344";"A01";"0";"7";"0";"2";"2";"17";"1";""
"202200026210";"767 347";"B01";"0";"1";"0";"2";"8";"1";"5";""
"202200026211";"767 343";"A01";"1";"80";"0";"2";"2";"1";"3";""
"202200026211";"767 346";"B01";"1";"7";"0";"2";"0";"1";"2";""
"202200026212";"767 341";"B01";"1";"32";"0";"2";"8";"0";"1";""
"202200026212";"767 342";"A01";"2";"10";"0";"2";"1";"15";"1";""
"202200026213";"767 339";"A01";"0";"7";"0";"2";"2";"10";"1";""
"202200026213";"767 340";"B01";"0";"7";"0";"2";"3";"1";"1";""
"202200026214";"767 338";"Z01";"0";"7";"0";"1";"1";"1";"0";""
"202200026215";"767 337";"A01";"1";"33";"0";"0";"0";"1";"1";""
"202200026216";"767 332";"A01";"2";"50";"0";"2";"1";"25";"3";""
"202200026216";"767 334";"B01";"2";"7";"0";"2";"3";"0";"1";""
"202200026217";"767 333";"A01";"1";"7";"0";"2";"4";"20";"1";""
"202200026217";"767 336";"B01";"1";"7";"0";"2";"1";"1";"1";""
"202200026218";"767 331";"B01";"2";"7";"0";"2";"2";"15";"1";""
"202200026218";"767 335";"A01";"2";"32";"0";"2";"3";"15";"1";""
"202200026219";"767 328";"B01";"1";"32";"0";"2";"1";"1";"1";""
"202200026219";"767 330";"A01";"3";"7";"0";"2";"3";"15";"1";""
"202200026220";"767 327";"A01";"2";"7";"0";"2";"1";"1";"1";""
"202200026220";"767 329";"B01";"2";"7";"0";"2";"4";"1";"1";""
"202200026221";"767 324";"A01";"1";"2";"0";"2";"1";"17";"1";""
"202200026221";"767 325";"B01";"1";"32";"0";"2";"7";"17";"1";""
"202200026222";"767 322";"A01";"2";"7";"0";"2";"1";"1";"1";""
"202200026222";"767 326";"B01";"2";"30";"0";"2";"8";"1";"1";""
"202200026223";"767 319";"B01";"1";"7";"1";"0";"3";"17";"1";""
"202200026223";"767 320";"A01";"1";"30";"0";"2";"7";"17";"3";""
"202200026224";"767 318";"C01";"1";"7";"0";"2";"4";"23";"1";""
"202200026224";"767 321";"B01";"1";"7";"0";"2";"4";"23";"1";""
"202200026224";"767 323";"A01";"1";"7";"14";"0";"1";"1";"1";""
"202200026225";"767 316";"A01";"1";"43";"0";"2";"1";"1";"1";""
"202200026225";"767 317";"B01";"2";"10";"0";"2";"7";"15";"1";""
"202200026226";"767 313";"A01";"2";"30";"0";"1";"1";"25";"0";""
"202200026227";"767 312";"B01";"3";"7";"0";"2";"5";"1";"1";""
"202200026227";"767 315";"A01";"3";"10";"0";"2";"3";"10";"1";""
"202200026228";"767 311";"A01";"1";"34";"0";"2";"1";"1";"1";""
"202200026228";"767 314";"B01";"2";"7";"0";"2";"3";"1";"1";""
"202200026229";"767 309";"A01";"0";"7";"0";"1";"1";"1";"2";""
"202200026230";"767 307";"A01";"1";"33";"0";"2";"1";"17";"1";""
"202200026230";"767 310";"B01";"2";"2";"0";"2";"1";"1";"1";""
"202200026231";"767 305";"A01";"0";"37";"0";"1";"3";"1";"1";"1"
"202200026232";"767 306";"A01";"1";"34";"0";"2";"1";"1";"1";""
"202200026232";"767 308";"B01";"2";"7";"0";"2";"2";"15";"1";""
"202200026233";"767 304";"A01";"1";"7";"0";"1";"2";"1";"1";""
"202200026234";"767 303";"A01";"0";"7";"0";"1";"1";"11";"1";""
"202200026235";"767 299";"Z01";"3";"7";"0";"2";"9";"26";"1";""
"202200026235";"767 301";"A01";"3";"33";"0";"2";"4";"1";"1";""
"202200026236";"767 300";"A01";"1";"50";"0";"1";"1";"1";"3";""
"202200026237";"767 298";"A01";"1";"7";"0";"2";"8";"10";"1";""
"202200026237";"767 302";"B01";"1";"30";"0";"2";"1";"1";"1";""
"202200026238";"767 295";"B01";"1";"7";"15";"0";"8";"10";"2";""
"202200026238";"767 296";"A01";"1";"7";"0";"2";"2";"2";"1";""
"202200026239";"767 293";"A01";"2";"7";"0";"2";"6";"15";"1";""
"202200026239";"767 297";"B01";"1";"10";"0";"2";"3";"1";"1";""
"202200026240";"767 292";"A01";"2";"50";"0";"2";"7";"1";"3";""
"202200026240";"767 294";"B01";"0";"7";"0";"2";"1";"1";"1";""
"202200026241";"767 290";"A01";"1";"7";"0";"2";"7";"15";"1";""
"202200026241";"767 291";"B01";"1";"33";"0";"2";"3";"1";"1";""
"202200026242";"767 288";"B01";"2";"33";"0";"2";"2";"1";"1";""
"202200026242";"767 289";"A01";"1";"7";"0";"2";"7";"15";"1";""
"202200026243";"767 286";"A01";"1";"7";"0";"1";"1";"9";"1";""
"202200026244";"767 285";"B01";"2";"14";"0";"2";"2";"1";"1";""
"202200026244";"767 287";"A01";"1";"80";"14";"2";"2";"14";"3";""
"202200026245";"767 281";"A01";"1";"7";"0";"0";"8";"9";"1";""
"202200026245";"767 284";"B01";"1";"7";"0";"2";"1";"1";"2";""
"202200026246";"767 280";"A01";"1";"32";"0";"0";"7";"1";"1";""
"202200026247";"767 274";"B01";"3";"2";"0";"2";"1";"1";"1";""
"202200026247";"767 277";"A01";"0";"7";"0";"2";"1";"15";"1";""
"202200026248";"767 275";"B01";"1";"2";"0";"2";"4";"1";"1";""
"202200026248";"767 278";"A01";"1";"7";"0";"2";"1";"2";"1";""
"202200026249";"767 273";"B01";"1";"10";"0";"2";"8";"1";"1";""
"202200026249";"767 276";"A01";"1";"50";"0";"2";"1";"9";"3";""
"202200026250";"767 272";"A01";"1";"7";"7";"0";"0";"6";"1";""
"202200026251";"767 271";"A01";"1";"7";"0";"1";"1";"1";"1";""
"202200026252";"767 268";"B01";"2";"7";"0";"2";"3";"1";"1";""
"202200026252";"767 269";"A01";"1";"7";"0";"2";"3";"1";"1";""
"202200026253";"767 270";"A01";"1";"32";"0";"0";"3";"21";"1";""
"202200026254";"767 267";"A01";"2";"7";"6";"0";"2";"14";"1";""
"202200026255";"767 264";"A01";"1";"2";"0";"2";"1";"26";"1";""
"202200026255";"767 266";"B01";"1";"7";"0";"2";"5";"19";"1";""
"202200026256";"767 262";"A01";"2";"10";"0";"1";"2";"2";"1";""
"202200026257";"767 261";"A01";"2";"7";"0";"1";"2";"14";"1";""
"202200026258";"767 263";"A01";"2";"7";"0";"2";"2";"10";"1";""
"202200026258";"767 265";"B01";"1";"7";"0";"2";"3";"1";"2";""
"202200026259";"767 258";"A01";"1";"10";"0";"2";"6";"1";"1";""
"202200026259";"767 260";"B01";"2";"1";"0";"2";"8";"13";"5";""
"202200026260";"767 255";"B01";"1";"7";"0";"9";"1";"1";"1";""
"202200026260";"767 257";"A01";"1";"50";"0";"2";"8";"19";"3";""
"202200026261";"767 254";"A01";"1";"7";"2";"0";"2";"14";"1";""
"202200026262";"767 256";"A01";"2";"7";"0";"2";"2";"15";"1";""
"202200026262";"767 259";"B01";"1";"30";"0";"2";"1";"8";"1";""
"202200026263";"767 252";"A01";"3";"7";"0";"0";"0";"1";"1";""
"202200026264";"767 251";"A01";"3";"7";"0";"2";"1";"1";"1";""
"202200026264";"767 253";"B01";"3";"31";"0";"2";"4";"1";"1";""
"202200026265";"767 250";"A01";"2";"7";"0";"1";"3";"1";"2";""
"202200026266";"767 248";"A01";"3";"34";"0";"0";"1";"9";"1";""
"202200026267";"767 245";"A01";"2";"10";"0";"2";"2";"17";"1";""
"202200026267";"767 247";"B01";"2";"31";"0";"2";"8";"15";"1";""
"202200026268";"767 246";"A01";"1";"80";"0";"1";"1";"1";"3";""
"202200026269";"767 243";"B01";"1";"1";"0";"2";"4";"1";"5";""
"202200026269";"767 244";"A01";"1";"7";"0";"2";"1";"1";"1";""
"202200026270";"767 241";"A01";"3";"7";"0";"2";"3";"1";"1";""
"202200026270";"767 242";"B01";"3";"7";"0";"2";"3";"1";"1";""
"202200026271";"767 240";"A01";"1";"1";"0";"1";"1";"1";"5";""
"202200026272";"767 238";"A01";"1";"33";"5";"0";"1";"1";"1";""
"202200026273";"767 237";"B01";"2";"10";"0";"2";"4";"2";"1";""
"202200026273";"767 239";"A01";"2";"7";"0";"2";"1";"2";"1";""
"202200026274";"767 236";"A01";"2";"33";"15";"0";"8";"1";"1";""
"202200026275";"767 235";"A01";"2";"1";"0";"1";"1";"1";"5";""
"202200026276";"767 233";"A01";"1";"7";"0";"1";"8";"19";"2";""
"202200026277";"767 232";"B01";"2";"30";"0";"2";"5";"2";"1";""
"202200026277";"767 234";"A01";"2";"31";"0";"2";"0";"2";"0";""
"202200026278";"767 231";"A01";"1";"14";"0";"1";"1";"1";"1";""
"202200026279";"767 228";"A01";"1";"33";"0";"0";"7";"26";"1";""
"202200026279";"767 229";"B01";"2";"7";"0";"2";"8";"26";"1";""
"202200026280";"767 226";"A01";"2";"7";"0";"2";"5";"15";"1";""
"202200026280";"767 227";"B01";"2";"7";"0";"2";"1";"1";"1";""
"202200026281";"767 224";"B01";"1";"1";"0";"2";"3";"18";"5";""
"202200026281";"767 225";"A01";"1";"7";"0";"2";"2";"16";"1";""
"202200026282";"767 222";"A01";"1";"7";"3";"0";"1";"26";"1";""
"202200026283";"767 221";"B01";"2";"10";"0";"2";"3";"15";"1";""
"202200026283";"767 223";"A01";"1";"7";"0";"2";"3";"1";"1";""
"202200026284";"767 218";"A01";"2";"1";"0";"2";"1";"1";"5";""
"202200026284";"767 220";"B01";"2";"7";"0";"2";"2";"9";"3";""
"202200026285";"767 215";"A01";"0";"7";"2";"0";"1";"14";"1";""
"202200026286";"767 216";"A01";"2";"1";"0";"1";"1";"1";"5";""
"202200026287";"767 209";"C01";"0";"7";"0";"2";"1";"2";"1";""
"202200026287";"767 211";"B01";"0";"7";"0";"2";"1";"1";"0";""
"202200026287";"767 213";"A01";"3";"33";"0";"2";"1";"5";"1";""
"202200026288";"767 207";"A01";"1";"7";"7";"0";"1";"13";"1";""
"202200026289";"767 205";"B01";"1";"31";"0";"2";"2";"1";"1";""
"202200026289";"767 208";"A01";"1";"7";"0";"2";"3";"15";"2";""
"202200026290";"767 202";"A01";"2";"7";"0";"2";"8";"16";"1";""
"202200026290";"767 203";"B01";"2";"7";"0";"2";"1";"1";"1";""
"202200026291";"767 198";"A01";"1";"7";"15";"0";"3";"13";"1";""
"202200026292";"767 197";"A01";"1";"10";"0";"2";"1";"2";"1";""
"202200026292";"767 199";"B01";"1";"33";"0";"2";"4";"23";"1";""
"202200026293";"767 195";"A01";"1";"7";"17";"0";"1";"14";"1";""
"202200026294";"767 192";"A01";"1";"7";"3";"0";"9";"0";"1";""
"202200026295";"767 191";"B01";"2";"7";"0";"2";"2";"12";"1";""
"202200026295";"767 193";"A01";"2";"31";"9";"1";"1";"18";"1";""
"202200026296";"767 189";"A01";"1";"7";"0";"0";"9";"2";"1";""
"202200026297";"767 184";"A01";"1";"30";"0";"2";"2";"1";"3";""
"202200026297";"767 187";"B01";"1";"1";"0";"2";"3";"13";"5";""
"202200026298";"767 183";"B01";"2";"7";"0";"2";"1";"0";"1";""
"202200026298";"767 185";"A01";"1";"7";"0";"2";"1";"13";"1";""
"202200026299";"767 180";"A01";"2";"10";"0";"1";"6";"4";"1";""
"202200026300";"767 179";"B01";"1";"7";"0";"2";"1";"1";"1";""
"202200026300";"767 181";"A01";"2";"7";"0";"2";"7";"15";"1";""
"202200026301";"767 173";"A01";"3";"7";"0";"2";"1";"1";"1";""
"202200026301";"767 175";"B01";"3";"2";"0";"2";"3";"1";"1";""
"202200026302";"767 174";"A01";"1";"13";"0";"2";"4";"15";"6";""
"202200026302";"767 176";"B01";"1";"1";"0";"2";"1";"1";"5";""
"202200026303";"767 169";"B01";"1";"7";"0";"2";"4";"1";"1";""
"202200026303";"767 171";"A01";"1";"7";"0";"2";"1";"11";"1";""
"202200026304";"767 166";"A01";"2";"7";"0";"2";"2";"15";"1";""
"202200026304";"767 168";"B01";"2";"30";"0";"2";"1";"1";"1";""
"202200026305";"767 162";"A01";"1";"7";"0";"2";"1";"2";"1";""
"202200026305";"767 163";"B01";"1";"33";"0";"2";"4";"2";"1";""
"202200026305";"767 164";"C01";"1";"7";"4";"2";"5";"1";"1";""
"202200026306";"767 159";"B01";"2";"7";"0";"0";"4";"1";"1";""
"202200026306";"767 160";"A01";"2";"7";"0";"0";"1";"1";"1";""
"202200026307";"767 156";"B01";"0";"38";"0";"2";"1";"15";"1";"7"
"202200026307";"767 158";"A01";"3";"38";"0";"2";"1";"16";"1";"13"
"202200026308";"767 154";"A01";"1";"33";"6";"2";"1";"5";"1";""
"202200026308";"767 155";"B01";"2";"17";"0";"2";"2";"1";"1";""
"202200026309";"767 151";"A01";"1";"7";"0";"0";"3";"1";"1";""
"202200026310";"767 150";"B01";"2";"7";"0";"2";"4";"4";"0";""
"202200026310";"767 152";"A01";"2";"7";"0";"2";"3";"1";"0";""
"202200026311";"767 146";"A01";"1";"7";"0";"2";"1";"17";"1";""
"202200026311";"767 147";"B01";"2";"7";"0";"2";"1";"1";"1";""
"202200026312";"767 141";"A01";"0";"7";"0";"2";"1";"13";"1";""
"202200026312";"767 144";"B01";"0";"7";"0";"2";"1";"1";"1";""
"202200026313";"767 140";"B01";"2";"30";"0";"2";"7";"17";"1";""
"202200026313";"767 143";"A01";"2";"7";"0";"2";"8";"11";"1";""
"202200026314";"767 136";"B01";"2";"33";"0";"2";"2";"17";"1";""
"202200026314";"767 139";"A01";"2";"7";"0";"2";"3";"15";"1";""
"202200026315";"767 135";"A01";"2";"7";"12";"0";"9";"1";"1";""
"202200026316";"767 132";"B01";"2";"7";"0";"0";"8";"15";"1";""
"202200026316";"767 133";"A01";"1";"10";"0";"0";"1";"1";"1";""
"202200026317";"767 131";"A01";"2";"10";"0";"1";"2";"1";"1";""
"202200026318";"767 130";"A01";"2";"50";"0";"0";"0";"0";"3";""
"202200026319";"767 129";"A01";"3";"33";"14";"0";"1";"0";"1";""
"202200026320";"767 125";"A01";"1";"1";"0";"0";"6";"1";"5";""
"202200026320";"767 126";"B01";"1";"7";"0";"9";"5";"9";"1";""
"202200026321";"767 123";"A01";"1";"7";"13";"0";"1";"1";"1";""
"202200026322";"767 122";"A01";"2";"50";"0";"2";"2";"5";"3";""
"202200026322";"767 124";"B01";"2";"7";"0";"2";"0";"1";"1";""
"202200026323";"767 120";"A01";"2";"2";"0";"2";"6";"2";"1";""
"202200026323";"767 121";"B01";"3";"0";"0";"2";"3";"13";"0";""
"202200026324";"767 117";"A01";"1";"7";"0";"2";"1";"5";"1";""
"202200026324";"767 119";"B01";"1";"1";"0";"2";"1";"1";"5";""
"202200026325";"767 116";"B01";"2";"7";"15";"0";"3";"1";"1";""
"202200026325";"767 118";"A01";"1";"7";"15";"0";"3";"5";"1";""
"202200026326";"767 115";"A01";"1";"7";"3";"5";"1";"0";"1";""
"202200026327";"767 113";"B01";"1";"34";"0";"2";"3";"1";"1";""
"202200026327";"767 114";"A01";"1";"7";"0";"2";"6";"1";"1";""
"202200026328";"767 110";"C01";"2";"10";"0";"2";"8";"2";"1";""
"202200026328";"767 111";"B01";"2";"7";"0";"2";"5";"2";"1";""
"202200026328";"767 112";"A01";"2";"7";"0";"2";"1";"2";"1";""
"202200026329";"767 109";"B01";"3";"2";"0";"1";"1";"1";"1";""
"202200026330";"767 104";"D01";"2";"7";"0";"2";"5";"1";"1";""
"202200026330";"767 106";"C01";"2";"7";"0";"2";"4";"1";"1";""
"202200026330";"767 107";"B01";"2";"10";"0";"2";"7";"1";"1";""
"202200026330";"767 108";"A01";"2";"10";"0";"2";"3";"1";"1";""
"202200026331";"767 105";"A01";"3";"7";"0";"1";"6";"1";"1";""
"202200026332";"767 100";"C01";"1";"7";"0";"2";"4";"2";"1";""
"202200026332";"767 101";"B01";"1";"7";"0";"2";"4";"2";"1";""
"202200026332";"767 103";"A01";"1";"7";"0";"2";"1";"2";"1";""
"202200026333";"767 099";"B01";"1";"7";"0";"2";"2";"19";"1";""
"202200026333";"767 102";"A01";"1";"32";"0";"2";"1";"19";"1";""
"202200026334";"767 097";"B01";"2";"7";"0";"2";"5";"12";"1";""
"202200026334";"767 098";"A01";"1";"33";"0";"2";"1";"2";"1";""
"202200026335";"767 093";"A01";"2";"31";"0";"9";"8";"15";"1";""
"202200026335";"767 095";"B01";"1";"1";"0";"0";"8";"1";"5";""
"202200026336";"767 094";"A01";"1";"15";"5";"2";"3";"2";"1";""
"202200026336";"767 096";"B01";"1";"33";"0";"2";"4";"2";"1";""
"202200026337";"767 090";"A01";"2";"10";"4";"2";"8";"11";"1";""
"202200026337";"767 091";"B01";"2";"33";"4";"2";"2";"3";"1";""
"202200026338";"767 092";"A01";"1";"10";"1";"0";"1";"25";"3";""
"202200026339";"767 087";"A01";"1";"7";"0";"2";"3";"1";"1";""
"202200026339";"767 088";"B01";"3";"7";"0";"2";"2";"16";"1";""
"202200026340";"767 086";"B01";"2";"34";"0";"2";"2";"3";"1";""
"202200026340";"767 089";"A01";"2";"7";"0";"2";"3";"11";"1";""
"202200026341";"767 083";"A01";"2";"7";"0";"2";"1";"2";"1";""
"202200026341";"767 084";"B01";"2";"7";"0";"2";"4";"2";"1";""
"202200026341";"767 085";"C01";"2";"7";"0";"2";"4";"2";"1";""
"202200026342";"767 081";"B01";"1";"7";"0";"2";"8";"11";"1";""
"202200026342";"767 082";"A01";"1";"32";"0";"2";"5";"3";"1";""
"202200026343";"767 079";"A01";"0";"7";"0";"2";"3";"1";"1";""
"202200026343";"767 080";"B01";"0";"34";"0";"2";"1";"9";"1";""
"202200026344";"767 078";"A01";"1";"33";"6";"0";"1";"1";"1";""
"202200026345";"767 072";"A01";"1";"7";"0";"9";"6";"9";"1";""
"202200026345";"767 074";"C01";"1";"1";"0";"2";"2";"1";"5";""
"202200026346";"767 073";"E01";"0";"7";"0";"2";"1";"1";"1";""
"202200026346";"767 075";"D01";"3";"7";"0";"2";"4";"2";"1";""
"202200026346";"767 077";"A01";"0";"7";"0";"2";"1";"2";"1";""
"202200026347";"767 071";"A01";"3";"7";"0";"1";"1";"15";"1";""
"202200026348";"767 070";"A01";"1";"30";"0";"0";"0";"0";"1";""
"202200026349";"767 068";"A01";"2";"30";"0";"2";"3";"13";"1";""
"202200026349";"767 069";"B01";"1";"7";"0";"2";"3";"26";"3";""
"202200026350";"767 067";"A01";"2";"10";"0";"1";"1";"16";"1";""
"202200026351";"767 065";"A01";"1";"7";"0";"2";"0";"22";"1";""
"202200026351";"767 066";"B01";"1";"1";"1";"0";"0";"1";"5";""
"202200026352";"767 064";"A01";"3";"7";"1";"1";"3";"0";"1";""
"202200026353";"767 060";"A01";"2";"7";"3";"0";"3";"9";"1";""
"202200026353";"767 062";"B01";"2";"15";"0";"2";"2";"2";"1";""
"202200026354";"767 061";"B01";"2";"1";"0";"2";"0";"1";"5";""
"202200026354";"767 063";"A01";"2";"7";"0";"2";"4";"2";"1";""
"202200026355";"767 058";"A01";"1";"7";"0";"1";"5";"16";"1";""
"202200026356";"767 056";"A01";"2";"7";"0";"2";"1";"1";"1";""
"202200026356";"767 057";"B01";"2";"7";"0";"2";"4";"1";"1";""
"202200026356";"767 059";"Z01";"2";"7";"0";"2";"1";"0";"0";""
"202200026357";"767 052";"A01";"2";"7";"0";"2";"1";"13";"1";""
"202200026357";"767 054";"B01";"1";"7";"0";"2";"3";"1";"1";""
"202200026358";"767 053";"B01";"1";"33";"0";"2";"3";"1";"1";""
"202200026358";"767 055";"A01";"2";"7";"0";"2";"3";"15";"1";""
"202200026359";"767 049";"B01";"1";"30";"0";"2";"1";"2";"1";""
"202200026359";"767 050";"A01";"1";"7";"0";"2";"8";"15";"1";""
"202200026360";"767 048";"B01";"2";"50";"0";"2";"0";"0";"3";""
"202200026360";"767 051";"A01";"1";"7";"0";"2";"2";"15";"1";""
"202200026361";"767 046";"B01";"1";"32";"0";"2";"1";"1";"1";""
"202200026361";"767 047";"A01";"1";"10";"0";"2";"8";"13";"1";""
"202200026362";"767 043";"C01";"2";"7";"0";"2";"4";"1";"1";""
"202200026362";"767 044";"B01";"2";"7";"0";"2";"4";"1";"1";""
"202200026362";"767 045";"A01";"2";"10";"0";"2";"1";"1";"1";""
"202200026363";"767 042";"A01";"1";"7";"0";"1";"1";"1";"1";""
"202200026364";"767 041";"A01";"1";"7";"0";"1";"3";"15";"1";""
"202200026365";"767 038";"B01";"2";"7";"0";"2";"4";"2";"1";""
"202200026365";"767 040";"A01";"2";"7";"0";"2";"1";"2";"1";""
"202200026366";"767 037";"B01";"2";"7";"0";"2";"5";"15";"1";""
"202200026366";"767 039";"A01";"2";"1";"0";"2";"5";"0";"5";""
"202200026367";"767 034";"A01";"1";"7";"3";"2";"2";"1";"1";""
"202200026367";"767 035";"B01";"2";"10";"0";"2";"0";"1";"1";""
"202200026367";"767 036";"C01";"1";"7";"0";"2";"0";"1";"1";""
"202200026368";"767 033";"A01";"1";"30";"12";"0";"3";"1";"1";""
"202200026369";"767 031";"A01";"2";"7";"0";"2";"1";"16";"0";""
"202200026369";"767 032";"B01";"2";"99";"0";"2";"1";"1";"0";""
"202200026370";"767 028";"B01";"3";"7";"0";"2";"3";"11";"1";""
"202200026370";"767 030";"A01";"3";"30";"0";"2";"1";"17";"1";""
"202200026371";"767 027";"B01";"3";"31";"0";"2";"8";"21";"1";""
"202200026371";"767 029";"A01";"3";"1";"0";"2";"8";"21";"5";""
"202200026372";"767 025";"B01";"2";"43";"0";"2";"1";"15";"1";""
"202200026372";"767 026";"A01";"2";"7";"0";"2";"1";"1";"3";""
"202200026373";"767 023";"A01";"2";"7";"0";"1";"2";"1";"1";""
"202200026374";"767 022";"A01";"1";"32";"0";"2";"1";"13";"1";""
"202200026374";"767 024";"B01";"1";"7";"0";"2";"5";"23";"1";""
"202200026375";"767 020";"B01";"1";"31";"0";"2";"4";"1";"1";""
"202200026375";"767 021";"A01";"1";"7";"0";"2";"1";"1";"1";""
"202200026376";"767 018";"A01";"2";"7";"0";"1";"1";"15";"1";""
"202200026377";"767 013";"B01";"1";"1";"0";"2";"0";"19";"5";""
"202200026377";"767 015";"A01";"1";"7";"0";"2";"7";"1";"2";""
"202200026378";"767 012";"A01";"1";"7";"0";"2";"7";"10";"1";""
"202200026378";"767 016";"B01";"1";"7";"0";"2";"3";"1";"2";""
"202200026379";"767 011";"A01";"1";"7";"0";"2";"3";"9";"1";""
"202200026379";"767 014";"B01";"2";"31";"0";"2";"1";"1";"1";""
"202200026380";"767 009";"A01";"3";"7";"3";"0";"1";"1";"0";""
"202200026381";"767 008";"B01";"1";"50";"0";"2";"0";"19";"3";""
"202200026381";"767 010";"Z01";"1";"0";"0";"2";"0";"0";"0";""
"202200026382";"767 007";"A01";"2";"33";"6";"0";"1";"13";"1";""
"202200026383";"767 003";"A01";"1";"7";"0";"2";"1";"1";"1";""
"202200026383";"767 005";"B01";"1";"10";"0";"2";"4";"1";"1";""
"202200026384";"767 004";"A01";"2";"7";"0";"2";"7";"15";"1";""
"202200026384";"767 006";"B01";"1";"2";"0";"2";"1";"1";"1";""
"202200026385";"767 002";"A01";"0";"50";"0";"1";"1";"9";"3";""
"202200026386";"766 997";"C01";"2";"7";"0";"2";"3";"23";"1";""
"202200026386";"766 998";"B01";"2";"7";"0";"2";"5";"13";"1";""
"202200026386";"767 001";"A01";"2";"36";"0";"2";"1";"13";"1";""
"202200026387";"766 996";"B01";"1";"10";"0";"2";"8";"0";"1";""
"202200026387";"767 000";"A01";"1";"33";"0";"2";"1";"26";"1";""
"202200026388";"766 995";"B01";"1";"7";"0";"2";"1";"1";"1";""
"202200026388";"766 999";"A01";"2";"7";"0";"2";"3";"15";"1";""
"202200026389";"766 992";"A01";"1";"2";"0";"2";"1";"13";"1";""
"202200026389";"766 994";"B01";"2";"7";"0";"2";"3";"1";"1";""
"202200026390";"766 987";"B01";"2";"30";"0";"2";"1";"1";"1";""
"202200026390";"766 989";"A01";"2";"7";"0";"2";"4";"16";"1";""
"202200026391";"766 985";"C01";"1";"7";"0";"2";"1";"1";"1";""
"202200026391";"766 988";"B01";"2";"33";"0";"2";"1";"1";"1";""
"202200026391";"766 990";"A01";"1";"7";"0";"2";"7";"15";"1";""