"Num_Acc";"id_vehicule";"num_veh";"senc";"catv";"obs";"obsm";"choc";"manv";"motor";"occutc"
"202200026392";"766 986";"A01";"3";"7";"0";"1";"1";"15";"1";""
"202200026393";"766 981";"C01";"3";"7";"0";"2";"6";"2";"1";""
"202200026393";"766 983";"B01";"3";"34";"0";"2";"4";"2";"1";""
"202200026393";"766 984";"A01";"3";"7";"0";"2";"1";"2";"1";""
"202200026394";"766 979";"A01";"2";"7";"0";"2";"2";"15";"1";""
"202200026394";"766 982";"B01";"0";"34";"0";"2";"2";"1";"0";""
"202200026395";"766 978";"A01";"2";"7";"9";"2";"5";"1";"1";""
"202200026395";"766 980";"B01";"1";"7";"9";"2";"1";"1";"1";""
"202200026396";"766 977";"A01";"2";"2";"0";"0";"9";"1";"1";""
"202200026397";"766 975";"A01";"1";"7";"0";"1";"1";"1";"1";""
"202200026398";"766 974";"A01";"1";"32";"0";"0";"8";"1";"1";""
"202200026399";"766 973";"A01";"1";"7";"9";"2";"2";"15";"1";""
"202200026399";"766 976";"B01";"2";"33";"9";"2";"1";"1";"1";""
"202200026400";"766 970";"A01";"3";"1";"0";"2";"1";"19";"5";""
"202200026400";"766 972";"B01";"2";"7";"0";"9";"2";"15";"1";""
"202200026401";"766 971";"A01";"1";"7";"0";"1";"1";"16";"1";""
"202200026402";"766 967";"B01";"1";"32";"0";"2";"1";"1";"1";""
"202200026402";"766 969";"A01";"1";"7";"0";"2";"4";"2";"1";""
"202200026403";"766 965";"B01";"0";"1";"0";"2";"4";"1";"5";""
"202200026403";"766 968";"A01";"0";"7";"0";"2";"1";"9";"1";""
"202200026404";"766 964";"A01";"1";"7";"0";"2";"8";"15";"1";""
"202200026404";"766 966";"B01";"1";"31";"0";"2";"7";"1";"1";""
"202200026405";"766 960";"A01";"2";"7";"10";"0";"1";"14";"1";""
"202200026406";"766 961";"A01";"1";"30";"0";"2";"2";"16";"1";""
"202200026406";"766 963";"B01";"1";"7";"0";"2";"3";"1";"1";""
"202200026407";"766 955";"A01";"1";"37";"1";"1";"3";"1";"1";"1"
"202200026408";"766 952";"E01";"2";"7";"0";"2";"4";"1";"1";""
"202200026408";"766 954";"D01";"2";"7";"0";"2";"4";"1";"1";""
"202200026408";"766 956";"C01";"2";"7";"0";"2";"4";"1";"1";""
"202200026408";"766 958";"B01";"2";"7";"0";"2";"4";"1";"2";""
"202200026408";"766 962";"A01";"2";"7";"0";"2";"1";"2";"1";""
"202200026409";"766 953";"B01";"2";"7";"0";"2";"4";"2";"1";""
"202200026409";"766 957";"C01";"2";"10";"0";"2";"4";"2";"1";""
"202200026409";"766 959";"Z01";"2";"7";"0";"2";"1";"2";"1";""
"202200026410";"766 951";"A01";"1";"3";"0";"1";"2";"1";"0";""
"202200026411";"766 947";"A01";"1";"17";"0";"2";"0";"11";"1";""
"202200026411";"766 950";"B01";"1";"7";"0";"2";"0";"1";"1";""
"202200026412";"766 946";"A01";"1";"7";"0";"2";"2";"1";"1";""
"202200026412";"766 949";"B01";"1";"7";"0";"1";"1";"1";"1";""
"202200026413";"766 945";"B01";"3";"7";"0";"9";"4";"2";"1";""
"202200026413";"766 948";"A01";"3";"7";"0";"9";"1";"2";"1";""
"202200026414";"766 943";"A01";"3";"7";"2";"0";"1";"0";"1";""
"202200026415";"766 941";"A01";"2";"7";"0";"2";"3";"13";"1";""
"202200026415";"766 942";"B01";"3";"7";"0";"2";"1";"1";"1";""
"202200026416";"766 940";"B01";"2";"7";"0";"2";"6";"2";"1";""
"202200026416";"766 944";"A01";"2";"7";"0";"2";"1";"2";"1";""
"202200026417";"766 936";"A01";"1";"7";"0";"2";"1";"9";"1";""
"202200026417";"766 939";"B01";"1";"7";"0";"2";"2";"1";"1";""
"202200026418";"766 934";"B01";"1";"7";"0";"2";"4";"1";"1";""
"202200026418";"766 938";"A01";"1";"7";"0";"2";"1";"2";"1";""
"202200026419";"766 933";"Z01";"2";"17";"0";"2";"0";"0";"0";""
"202200026419";"766 935";"B01";"2";"7";"0";"2";"9";"1";"1";""
"202200026419";"766 937";"A01";"2";"7";"0";"2";"2";"1";"1";""
"202200026420";"766 932";"A01";"1";"7";"0";"1";"2";"15";"1";""
"202200026421";"766 929";"A01";"1";"10";"3";"2";"1";"13";"1";""
"202200026421";"766 931";"B01";"2";"15";"0";"2";"1";"1";"1";""
"202200026422";"766 927";"C01";"2";"7";"0";"2";"4";"1";"1";""
"202200026422";"766 928";"B01";"2";"33";"0";"2";"4";"1";"1";""
"202200026422";"766 930";"A01";"2";"33";"0";"2";"1";"1";"1";""
"202200026423";"766 926";"Z01";"1";"7";"0";"1";"1";"1";"1";""
"202200026424";"766 925";"A01";"3";"7";"6";"0";"1";"5";"1";""
"202200026425";"766 923";"A01";"2";"14";"0";"2";"2";"12";"1";""
"202200026425";"766 924";"B01";"2";"7";"0";"2";"8";"1";"1";""
"202200026426";"766 921";"Z01";"3";"7";"0";"1";"1";"1";"1";""
"202200026427";"766 919";"A01";"1";"33";"0";"2";"1";"3";"1";""
"202200026427";"766 920";"B01";"1";"7";"0";"2";"2";"12";"1";""
"202200026427";"766 922";"C01";"1";"7";"0";"2";"5";"1";"2";""
"202200026428";"766 917";"A01";"1";"33";"0";"2";"1";"1";"1";""
"202200026428";"766 918";"B01";"1";"7";"0";"2";"4";"1";"1";""
"202200026429";"766 915";"A01";"2";"31";"0";"0";"7";"21";"1";""
"202200026430";"766 914";"B01";"3";"30";"0";"2";"1";"5";"0";""
"202200026430";"766 916";"A01";"3";"7";"0";"2";"3";"15";"1";""
"202200026431";"766 911";"B01";"1";"7";"0";"2";"7";"12";"2";""
"202200026431";"766 913";"A01";"1";"33";"0";"2";"8";"3";"1";""
"202200026432";"766 909";"A01";"2";"10";"0";"2";"8";"11";"1";""
"202200026432";"766 910";"B01";"2";"33";"0";"2";"2";"3";"1";""
"202200026432";"766 912";"C01";"2";"10";"0";"2";"7";"1";"1";""
"202200026433";"766 908";"A01";"3";"7";"0";"1";"2";"1";"1";""
"202200026434";"766 907";"A01";"1";"33";"3";"0";"8";"2";"1";""
"202200026435";"766 904";"A01";"2";"1";"0";"2";"1";"1";"5";""
"202200026435";"766 906";"B01";"1";"7";"0";"2";"1";"1";"1";""
"202200026436";"766 903";"A01";"2";"7";"3";"0";"2";"14";"1";""
"202200026437";"766 902";"A01";"3";"30";"0";"2";"1";"1";"1";""
"202200026437";"766 905";"B01";"3";"7";"0";"2";"3";"1";"1";""
"202200026438";"766 899";"A01";"2";"10";"0";"2";"4";"0";"1";""
"202200026438";"766 901";"B01";"2";"13";"0";"2";"1";"0";"1";""
"202200026439";"766 898";"A01";"3";"7";"0";"1";"3";"1";"3";""
"202200026440";"766 897";"B01";"2";"33";"0";"2";"1";"1";"1";""
"202200026440";"766 900";"A01";"2";"10";"0";"2";"3";"15";"1";""
"202200026441";"766 894";"A01";"3";"7";"0";"1";"1";"1";"1";""
"202200026442";"766 892";"A01";"1";"33";"0";"2";"1";"1";"1";""
"202200026442";"766 895";"B01";"1";"1";"0";"2";"3";"1";"5";""
"202200026443";"766 893";"A01";"1";"7";"0";"2";"3";"15";"1";""
"202200026443";"766 896";"B01";"1";"7";"0";"2";"1";"1";"1";""
"202200026444";"766 891";"A01";"3";"32";"12";"0";"1";"1";"1";""
"202200026445";"766 889";"A01";"2";"7";"0";"1";"1";"15";"1";""
"202200026446";"766 888";"A01";"2";"10";"0";"2";"1";"1";"1";""
"202200026446";"766 890";"B01";"1";"15";"0";"2";"1";"1";"1";""
"202200026447";"766 886";"A01";"2";"33";"0";"0";"0";"16";"1";""
"202200026448";"766 885";"A01";"3";"7";"0";"2";"2";"9";"1";""
"202200026448";"766 887";"B01";"3";"32";"0";"2";"1";"1";"1";""
"202200026449";"766 884";"A01";"1";"10";"0";"1";"4";"4";"1";""
"202200026450";"766 881";"B01";"3";"30";"0";"0";"8";"1";"1";""
"202200026450";"766 883";"A01";"3";"7";"0";"0";"3";"10";"2";""
"202200026451";"766 882";"A01";"2";"10";"0";"1";"3";"26";"0";""
"202200026452";"766 880";"A01";"1";"30";"0";"1";"1";"26";"1";""
"202200026453";"766 877";"B01";"1";"10";"0";"2";"4";"1";"1";""
"202200026453";"766 879";"A01";"1";"7";"0";"2";"1";"2";"1";""
"202200026454";"766 873";"B01";"1";"43";"0";"2";"2";"1";"1";""
"202200026454";"766 874";"A01";"1";"7";"0";"2";"3";"9";"1";""
"202200026455";"766 870";"A01";"3";"7";"0";"2";"1";"1";"1";""
"202200026455";"766 872";"B01";"3";"7";"0";"2";"1";"1";"1";""
"202200026456";"766 871";"A01";"1";"2";"11";"0";"8";"0";"1";""
"202200026457";"766 869";"A01";"1";"7";"0";"1";"1";"1";"2";""
"202200026458";"766 868";"A01";"3";"7";"8";"0";"1";"1";"1";""
"202200026459";"766 865";"A01";"1";"7";"0";"1";"2";"1";"1";""
"202200026460";"766 866";"A01";"2";"7";"0";"1";"6";"4";"2";""
"202200026461";"766 861";"A01";"2";"7";"0";"1";"1";"1";"1";""
"202200026462";"766 859";"A01";"1";"1";"0";"2";"7";"19";"5";""
"202200026462";"766 862";"B01";"1";"34";"0";"2";"1";"1";"1";""
"202200026463";"766 855";"B01";"3";"7";"0";"2";"1";"1";"1";""
"202200026463";"766 857";"A01";"3";"10";"0";"2";"7";"15";"3";""
"202200026464";"766 852";"A01";"2";"31";"0";"2";"0";"1";"1";""
"202200026464";"766 854";"Z01";"2";"10";"0";"0";"0";"14";"1";""
"202200026465";"766 851";"G01";"1";"7";"0";"2";"1";"2";"1";""
"202200026465";"766 853";"F01";"1";"32";"0";"2";"1";"11";"1";""
"202200026465";"766 856";"E01";"1";"7";"0";"2";"1";"2";"1";""
"202200026465";"766 858";"D01";"1";"7";"0";"2";"1";"2";"1";""
"202200026465";"766 860";"C01";"1";"7";"0";"2";"4";"2";"1";""
"202200026465";"766 863";"B01";"1";"7";"0";"2";"4";"2";"1";""
"202200026465";"766 864";"A01";"1";"10";"0";"0";"4";"2";"1";""
"202200026466";"766 850";"A01";"1";"10";"0";"1";"1";"1";"1";""
"202200026467";"766 847";"B01";"2";"80";"0";"2";"1";"1";"3";""
"202200026467";"766 849";"A01";"3";"7";"0";"2";"8";"22";"1";""
"202200026468";"766 848";"A01";"1";"7";"4";"0";"3";"1";"1";""
"202200026469";"766 845";"B01";"1";"2";"0";"2";"4";"2";"1";""
"202200026469";"766 846";"A01";"1";"2";"0";"2";"1";"2";"1";""
"202200026470";"766 842";"A01";"0";"1";"0";"2";"1";"13";"5";""
"202200026470";"766 844";"B01";"0";"21";"0";"9";"3";"1";"1";""
"202200026471";"766 841";"A01";"2";"1";"0";"2";"7";"1";"5";""
"202200026471";"766 843";"Z01";"2";"7";"0";"2";"1";"1";"0";""
"202200026472";"766 839";"B01";"3";"10";"0";"2";"2";"1";"1";""
"202200026472";"766 840";"A01";"3";"7";"0";"2";"1";"13";"1";""
"202200026473";"766 838";"A01";"2";"21";"0";"0";"0";"2";"0";""
"202200026474";"766 836";"A01";"1";"7";"0";"2";"1";"15";"1";""
"202200026474";"766 837";"B01";"2";"80";"0";"2";"8";"1";"3";""
"202200026475";"766 834";"A01";"3";"31";"16";"6";"1";"1";"1";""
"202200026476";"766 832";"Z01";"2";"7";"0";"2";"1";"1";"0";""
"202200026476";"766 835";"B01";"2";"7";"0";"2";"4";"15";"1";""
"202200026477";"766 831";"B01";"1";"80";"0";"2";"1";"1";"3";""
"202200026477";"766 833";"A01";"1";"7";"0";"2";"2";"16";"3";""
"202200026478";"766 829";"A01";"2";"7";"8";"2";"6";"17";"1";""
"202200026478";"766 830";"B01";"1";"14";"0";"0";"5";"1";"1";""
"202200026479";"766 826";"B01";"1";"7";"0";"2";"5";"2";"1";""
"202200026479";"766 828";"A01";"1";"32";"0";"2";"3";"2";"1";""
"202200026480";"766 823";"[01";"0";"10";" -1";"2";" -1";"0";" -1";""
"202200026480";"766 824";"A01";"1";"33";"0";"2";"8";"18";"1";""
"202200026481";"766 821";"A01";"1";"7";"0";"2";"1";"1";"1";""
"202200026481";"766 825";"B01";"1";"7";"0";"2";"4";"23";"1";""
"202200026481";"766 827";"C01";"2";"7";"0";"2";"3";"1";"1";""
"202200026482";"766 820";"A01";"3";"7";"0";"2";"0";"22";"1";""
"202200026482";"766 822";"B01";"3";"1";"0";"2";"0";"1";"5";""
"202200026483";"766 817";"A01";"1";"80";"1";"2";"2";"1";"3";""
"202200026484";"766 816";"B01";"1";"7";"0";"2";"2";"1";"1";""
"202200026484";"766 818";"A01";"0";"7";"0";"0";"0";"0";"1";""
"202200026485";"766 815";"B01";"2";"7";"0";"2";"6";"15";"1";""
"202200026485";"766 819";"A01";"2";"34";"0";"2";"1";"2";"1";""
"202200026486";"766 811";"A01";"1";"7";"0";"2";"3";"1";"2";""
"202200026486";"766 814";"B01";"2";"33";"0";"2";"2";"1";"1";""
"202200026487";"766 809";"A01";"2";"7";"0";"2";"1";"19";"1";""
"202200026487";"766 813";"B01";"1";"30";"0";"2";"8";"1";"1";""
"202200026488";"766 810";"A01";"2";"7";"4";"2";"1";"14";"1";""
"202200026488";"766 812";"B01";"2";"7";"0";"2";"4";"1";"1";""
"202200026489";"766 806";"B01";"1";"1";"0";"2";"7";"17";"5";""
"202200026489";"766 808";"A01";"1";"1";"0";"2";"8";"21";"5";""
"202200026490";"766 805";"A01";"3";"7";"0";"1";"1";"1";"1";""
"202200026491";"766 802";"A01";"1";"7";"0";"0";"0";"0";"1";""
"202200026492";"766 801";"A01";"1";"7";"0";"2";"2";"15";"1";""
"202200026492";"766 803";"B01";"1";"7";"0";"2";"3";"1";"2";""
"202200026493";"766 799";"A01";"1";"10";"0";"1";"1";"1";"1";""
"202200026494";"766 797";"A01";"2";"7";"0";"2";"4";"23";"1";""
"202200026494";"766 798";"B01";"2";"7";"0";"2";"9";"23";"3";""
"202200026494";"766 800";"C01";"2";"7";"0";"2";"9";"23";"1";""
"202200026494";"766 804";"D01";"2";"7";"0";"2";"9";"23";"1";""
"202200026494";"766 807";"E01";"2";"7";"0";"2";"1";"2";"1";""
"202200026495";"766 796";"A01";"3";"99";"14";"0";"0";"0";"3";""
"202200026496";"766 792";"A01";"3";"7";"0";"0";"0";"0";" -1";""
"202200026497";"766 793";"C01";"3";"7";"0";"0";"0";"15";"1";""
"202200026497";"766 794";"B01";"3";"2";"0";"2";"8";"18";"1";""
"202200026497";"766 795";"A01";"3";"7";"0";"2";"1";"15";"1";""
"202200026498";"766 790";"A01";"2";"7";"12";"2";"3";"18";"2";""
"202200026498";"766 791";"B01";"2";"7";"12";"2";"2";"1";"1";""
"202200026499";"766 782";"Z01";"2";"7";"0";"0";"0";"0";"0";""
"202200026499";"766 785";"C01";"2";"7";"0";"2";"4";"2";"1";""
"202200026499";"766 787";"B01";"2";"7";"0";"2";"4";"2";"1";""
"202200026499";"766 789";"A01";"2";"7";"0";"2";"1";"2";"1";""
"202200026500";"766 783";"B01";"1";"7";"0";"2";"2";"1";"1";""
"202200026500";"766 786";"A01";"1";"2";"0";"2";"3";"15";"1";""
"202200026501";"766 781";"C01";"1";"10";"4";"2";"8";"1";"1";""
"202200026501";"766 784";"A01";"1";"7";"4";"2";"3";"11";"1";""
"202200026501";"766 788";"B01";"1";"7";"4";"2";"7";"1";"1";""
"202200026502";"766 779";"A01";"3";"7";"8";"0";"1";"1";"1";""
"202200026503";"766 776";"A01";"3";"7";"1";"2";"6";"2";"1";""
"202200026503";"766 780";"B01";"3";"10";"0";"2";"1";"1";"1";""
"202200026504";"766 774";"C01";"2";"7";"0";"2";"4";"9";"1";""
"202200026504";"766 777";"B01";"2";"7";"0";"2";"4";"9";"1";""
"202200026504";"766 778";"A01";"2";"15";"4";"2";"1";"0";"1";""
"202200026505";"766 773";"B01";"3";"7";"0";"9";"4";"16";"1";""
"202200026505";"766 775";"A01";"2";"33";"0";"2";"1";"1";"1";""
"202200026506";"766 771";"A01";"2";"10";"0";"1";"2";"2";"1";""
"202200026507";"766 769";"A01";"1";"7";"0";"2";"3";"21";"1";""
"202200026507";"766 772";"B01";"1";"7";"0";"0";"2";"9";"1";""
"202200026508";"766 768";"A01";"1";"10";"0";"2";"1";"2";"1";""
"202200026508";"766 770";"B01";"1";"37";"0";"2";"4";"2";"1";"1"
"202200026509";"766 767";"A01";"2";"10";"4";"0";"3";"13";"1";""
"202200026510";"766 764";"A01";"2";"7";"0";"2";"1";"1";"1";""
"202200026510";"766 766";"B01";"2";"7";"0";"2";"4";"1";"1";""
"202200026511";"766 763";"A01";"2";"30";"0";"2";"1";"1";"1";""
"202200026511";"766 765";"B01";"2";"7";"0";"2";"4";"1";"1";""
"202200026512";"766 762";"A01";"1";"43";"11";"0";"1";"1";"1";""
"202200026513";"766 760";"A01";"2";"7";"1";"0";"2";"2";"1";""
"202200026514";"766 757";"B01";"2";"1";"0";"2";"8";"5";"5";""
"202200026514";"766 759";"A01";"1";"37";"0";"2";"3";"7";"1";"1"
"202200026515";"766 755";"A01";"1";"7";"0";"2";"4";"2";"1";""
"202200026515";"766 758";"B01";"1";"7";"0";"2";"4";"2";"1";""
"202200026515";"766 761";"C01";"1";"7";"0";"2";"1";"1";"1";""
"202200026516";"766 756";"A01";"0";"10";"2";"0";"1";"9";"1";""
"202200026517";"766 753";"A01";"1";"33";"13";"0";"1";"2";"1";""
"202200026518";"766 754";"A01";"1";"7";"0";"1";"1";"1";"1";""
"202200026519";"766 751";"B01";"2";"7";"0";"2";"2";"1";"1";""
"202200026519";"766 752";"A01";"1";"7";"0";"2";"2";"15";"1";""
"202200026520";"766 748";"A01";"0";"7";"8";"0";"1";"1";"1";""
"202200026521";"766 747";"A01";"3";"33";"12";"2";"0";"14";"1";""
"202200026522";"766 746";"C01";"1";"7";"0";"2";"5";"1";"3";""
"202200026522";"766 749";"B01";"1";"7";"0";"2";"3";"1";"1";""
"202200026522";"766 750";"A01";"1";"7";"0";"2";"1";"12";"1";""
"202200026523";"766 744";"A01";"1";"7";"0";"2";"4";"26";"1";""
"202200026523";"766 745";"B01";"1";"33";"0";"2";"1";"1";"1";""
"202200026524";"766 739";"A01";"1";"7";"0";"1";"1";"1";"1";""
"202200026525";"766 741";"B01";"1";"2";"0";"2";"4";"1";"3";""
"202200026525";"766 743";"A01";"1";"7";"0";"2";"1";"14";"1";""
"202200026526";"766 738";"A01";"1";"7";"0";"2";"7";"0";"1";""
"202200026526";"766 740";"B01";"1";"7";"0";"2";"5";"13";"1";""
"202200026526";"766 742";"Z01";"1";"0";"0";"2";"3";"12";"6";""
"202200026527";"766 737";"A01";"3";"7";"0";"1";"3";"1";"1";""
"202200026528";"766 733";"B01";"1";"7";"0";"2";"1";"2";"1";""
"202200026528";"766 735";"A01";"1";"7";"0";"2";"4";"1";"1";""
"202200026529";"766 734";"B01";"1";"50";"0";"2";"0";"0";"3";""
"202200026529";"766 736";"A01";"1";"10";"0";"2";"0";"0";"1";""
"202200026530";"766 732";"A01";"3";"7";"0";"1";"3";"1";"1";""
"202200026531";"766 730";"A01";"1";"42";"3";"2";"7";"26";"1";""
"202200026531";"766 731";"B01";"1";"7";"0";"2";"8";"13";"1";""
"202200026532";"766 729";"A01";"1";"7";"0";"1";"1";"1";"6";""
"202200026533";"766 728";"A01";"2";"7";"0";"1";"3";"1";"1";""
"202200026534";"766 725";"A01";"1";"33";"0";"2";"1";"2";"1";""
"202200026534";"766 727";"B01";"1";"7";"0";"2";"4";"2";"1";""
"202200026535";"766 724";"A01";"1";"7";"0";"2";"1";"2";"1";""
"202200026535";"766 726";"B01";"1";"7";"0";"0";"4";"2";"1";""
"202200026536";"766 718";"A01";"1";"7";"0";"2";"7";"15";"1";""
"202200026536";"766 720";"B01";"2";"33";"0";"2";"1";"1";"1";""
"202200026536";"766 721";"C01";"2";"33";"0";"2";"1";"1";"1";""
"202200026537";"766 722";"A01";"2";"7";"0";"2";"8";"15";"1";""
"202200026537";"766 723";"B01";"1";"7";"0";"2";"1";"1";"1";""
"202200026538";"766 717";"B01";"2";"7";"0";"2";"1";"0";"1";""
"202200026538";"766 719";"A01";"2";"7";"0";"2";"8";"9";"1";""
"202200026539";"766 716";"A01";"1";"7";"0";"1";"1";"1";"1";""
"202200026540";"766 711";"B01";"1";"13";"0";"2";"3";"1";"1";""
"202200026540";"766 714";"A01";"2";"10";"0";"2";"3";"13";"1";""
"202200026541";"766 710";"A01";"1";"7";"0";"2";"2";"14";"6";""
"202200026541";"766 713";"B01";"1";"1";"0";"2";"4";"1";"5";""
"202200026542";"766 712";"B01";"1";"1";"0";"2";"1";"1";"5";""
"202200026542";"766 715";"A01";"3";"7";"0";"9";"7";"1";"1";""
"202200026543";"766 709";"A01";"2";"30";"0";"1";"0";"17";"1";""
"202200026544";"766 708";"A01";"1";"32";"8";"0";"1";"14";"3";""
"202200026545";"766 706";"A01";"2";"7";"4";"0";"1";"13";"1";""
"202200026546";"766 704";"B01";"2";"32";"0";"2";"2";"1";"1";""
"202200026546";"766 707";"A01";"2";"1";"0";"2";"8";"9";"5";""
"202200026547";"766 701";"A01";"0";"7";"0";"2";"8";"0";"1";""
"202200026547";"766 703";"B01";"0";"31";"1";"2";"3";"26";"1";""
"202200026548";"766 700";"A01";"3";"10";"0";"1";"4";"4";"1";""
"202200026549";"766 697";"A01";"3";"7";"0";"2";"4";"20";"1";""
"202200026549";"766 699";"B01";"0";"10";"0";"1";"6";"23";"1";""
"202200026550";"766 695";"B01";"2";"7";"0";"2";"3";"1";"1";""
"202200026550";"766 698";"A01";"2";"7";"0";"2";"2";"1";"1";""
"202200026551";"766 690";"B01";"3";"30";"0";"2";"8";"14";"1";""
"202200026551";"766 691";"A01";"3";"7";"0";"2";"1";"9";"1";""
"202200026552";"766 688";"A01";"2";"31";"13";"0";"9";"1";"1";""
"202200026553";"766 685";"A01";"1";"7";"0";"9";"1";"1";"1";""
"202200026553";"766 689";"B01";"1";"7";"0";"2";"1";"1";"1";""
"202200026553";"766 694";"C01";"1";"7";"3";"0";"3";"1";"1";""
"202200026553";"766 696";"D01";"2";"7";"0";"2";"9";"1";"1";""
"202200026553";"766 702";"E01";"1";"7";"14";"0";"9";"1";"1";""
"202200026553";"766 705";"F01";"1";"7";"14";"0";"4";"1";"1";""
"202200026554";"766 683";"A01";"2";"7";"0";"2";"7";"15";"1";""
"202200026554";"766 686";"B01";"1";"33";"0";"2";"1";"1";"1";""
"202200026555";"766 681";"A01";"1";"1";"0";"2";"4";"2";"5";""
"202200026555";"766 682";"Z01";"1";"1";"0";"2";"1";"2";"0";""
"202200026556";"766 677";"B01";"1";"2";"0";"2";"1";"2";"1";""
"202200026556";"766 680";"A01";"1";"7";"0";"2";"3";"15";"1";""
"202200026557";"766 678";"A01";"1";"7";"0";"1";"1";"1";"2";""
"202200026558";"766 676";"B01";"1";"7";"0";"0";"3";"16";"1";""
"202200026558";"766 679";"A01";"2";"7";"0";"0";"2";"19";"1";""
"202200026559";"766 673";"B01";"3";"10";"0";"2";"1";"26";"1";""
"202200026559";"766 675";"A01";"3";"7";"0";"2";"1";"26";"1";""
"202200026560";"766 671";"A01";"1";"10";"0";"2";"2";"2";"1";""
"202200026560";"766 674";"B01";"1";"7";"0";"2";"3";"16";"1";""
"202200026561";"766 670";"A01";"2";"10";"0";"2";"1";"21";"1";""
"202200026561";"766 672";"B01";"1";"7";"0";"2";"3";"13";"1";""
"202200026562";"766 669";"A01";"2";"7";"0";"1";"3";"15";"1";""
"202200026563";"766 668";"A01";"1";"7";"14";"0";"1";"11";"1";""
"202200026564";"766 667";"A01";"1";"7";"0";"1";"1";"1";"1";""
"202200026565";"766 666";"A01";"1";"7";"0";"1";"1";"1";"1";""
"202200026566";"766 665";"A01";"1";"7";"6";"0";"1";"1";"1";""
"202200026567";"766 664";"A01";"3";"7";"4";"0";"1";"0";"1";""
"202200026568";"766 661";"A01";"2";"7";"0";"1";"2";"15";"1";""
"202200026569";"766 660";"A01";" -1";"43";"0";"2";"4";"23";"1";""
"202200026569";"766 662";"B01";" -1";"7";"0";"2";"1";"1";"1";""
"202200026570";"766 659";"A01";"1";"7";"0";"1";"1";"13";"1";""
"202200026570";"766 663";"B01";"1";"7";"0";"2";"1";"0";"1";""
"202200026571";"766 657";"A01";"1";"7";"0";"1";"2";"1";"1";""
"202200026572";"766 656";"B01";"1";"1";"0";"2";"1";"1";"5";""
"202200026572";"766 658";"A01";"2";"10";"0";"9";"1";"15";"1";""
"202200026573";"766 654";"A01";"1";"7";"1";"0";"2";"1";"2";""
"202200026574";"766 653";"A01";"1";"7";"0";"2";"5";"1";"1";""
"202200026574";"766 655";"B01";"1";"7";"0";"2";"1";"16";"1";""
"202200026575";"766 650";"B01";"2";"7";"0";"2";"0";"16";"1";""
"202200026575";"766 652";"A01";"2";"7";"0";"2";"5";"2";"0";""
"202200026576";"766 648";"B01";"2";"10";"0";"2";"2";"1";"6";""
"202200026576";"766 649";"A01";"1";"7";"0";"2";"3";"15";"1";""
"202200026577";"766 645";"B01";"1";"50";"0";"2";"2";"19";"3";""
"202200026577";"766 646";"A01";"1";"33";"0";"2";"1";"1";"1";""
"202200026578";"766 647";"A01";"2";"33";"0";"2";"1";"1";"1";""
"202200026578";"766 651";"B01";"2";"7";"0";"0";"5";"15";"1";""
"202200026579";"766 642";"A01";"2";"7";"14";"0";"1";"1";"1";""
"202200026580";"766 643";"B01";"1";"50";"0";"2";"1";"1";"3";""
"202200026580";"766 644";"A01";"1";"10";"0";"2";"2";"15";"1";""
"202200026581";"766 638";"A01";"0";"7";"0";"2";"1";"15";"1";""
"202200026581";"766 640";"B01";"0";"2";"0";"0";"1";"9";"1";""
"202200026582";"766 637";"B01";"1";"10";"0";"0";"4";"2";"1";""
"202200026582";"766 639";"A01";"1";"14";"0";"0";"1";"1";"1";""
"202200026583";"766 636";"B01";"2";"33";"0";"2";"1";"2";"1";""
"202200026583";"766 641";"A01";"2";"7";"0";"2";"4";"23";"1";""
"202200026584";"766 635";"A01";"0";"7";"0";"1";"3";"15";"1";""
"202200026585";"766 634";"A01";"1";"7";"0";"1";"2";"1";"1";""
"202200026586";"766 631";"A01";"2";"33";"0";"2";"1";"2";"1";""
"202200026586";"766 633";"B01";"2";"7";"0";"2";"4";"1";"1";""
"202200026587";"766 630";"A01";"1";"31";"1";"0";"1";"26";"1";""
"202200026587";"766 632";"B01";"2";"7";"0";"2";"1";"23";"1";""
"202200026588";"766 628";"A01";"1";"7";"2";"0";"1";"1";"1";""
"202200026589";"766 626";"A01";"1";"7";"1";"2";"1";"14";"1";""
"202200026589";"766 629";"B01";"1";"7";"0";"0";"4";"23";"1";""
"202200026590";"766 622";"B01";"2";"13";"3";"2";"1";"1";"0";""
"202200026590";"766 623";"A01";"1";"7";"0";"2";"2";"13";"1";""
"202200026591";"766 621";"B01";"1";"31";"0";"2";"5";"1";"1";""
"202200026591";"766 624";"A01";"1";"7";"0";"2";"3";"1";"1";""
"202200026591";"766 625";"C01";"1";"7";"0";"2";"6";"1";"1";""
"202200026591";"766 627";"D01";"1";"7";"0";"2";"4";"1";"1";""
"202200026592";"766 618";"B01";"2";"7";"0";"2";"1";"1";"1";""
"202200026592";"766 619";"A01";"2";"7";"0";"2";"8";"10";"1";""
"202200026593";"766 616";"B01";"2";"33";"0";"2";"3";"1";"1";""
"202200026593";"766 620";"A01";"1";"7";"0";"2";"1";"15";"1";""
"202200026594";"766 615";"A01";"1";"33";"0";"2";"1";"26";"1";""
"202200026594";"766 617";"B01";"1";"7";"0";"0";"4";"1";"1";""
"202200026595";"766 613";"A01";"2";"7";"0";"0";"1";"2";"1";""
"202200026595";"766 614";"B01";"2";"15";"0";"0";"4";"1";"1";""
"202200026596";"766 611";"A01";"1";"7";"2";"0";"1";"2";"1";""