"Num_Acc";"id_vehicule";"num_veh";"senc";"catv";"obs";"obsm";"choc";"manv";"motor";"occutc"
"202200026597";"766 609";"A01";"2";"7";"0";"1";"3";"1";"1";""
"202200026598";"766 608";"A01";"2";"7";"6";"0";"3";"1";"0";""
"202200026599";"766 606";"A01";"1";"7";"4";"0";"1";"0";"1";""
"202200026600";"766 605";"B01";"3";"7";"13";"2";"1";"1";"1";""
"202200026600";"766 607";"A01";"3";"7";"0";"2";"1";"13";"1";""
"202200026601";"766 603";"B01";"3";"7";"0";"2";"4";"15";"1";""
"202200026601";"766 604";"A01";"3";"7";"0";"2";"1";"1";"1";""
"202200026602";"766 601";"B01";"2";"37";"0";"2";"3";"1";"2";"1"
"202200026602";"766 602";"A01";"1";"7";"0";"2";"2";"13";"1";""
"202200026603";"766 599";"A01";"1";"7";"13";"0";"1";"1";"1";""
"202200026604";"766 597";"A01";"1";"7";"2";"0";"9";"13";"1";""
"202200026605";"766 598";"A01";"3";"7";"0";"2";"2";"1";"1";""
"202200026605";"766 600";"B01";"3";"99";"0";"2";"0";"0";"0";""
"202200026606";"766 596";"A01";"2";"7";"15";"0";"1";"1";"1";""
"202200026607";"766 593";"B01";"3";"7";"0";"2";"4";"2";"1";""
"202200026607";"766 594";"A01";"3";"30";"0";"2";"1";"2";"0";""
"202200026608";"766 591";"A01";"1";"7";"13";"0";"1";"1";"1";""
"202200026609";"766 592";"A01";"1";"7";"0";"2";"7";"15";"1";""
"202200026609";"766 595";"B01";"2";"33";"0";"2";"1";"1";"1";""
"202200026610";"766 588";"B01";"1";"32";"0";"2";"1";"1";"1";""
"202200026610";"766 590";"A01";"2";"7";"0";"2";"2";"21";"1";""
"202200026611";"766 587";"B01";"2";"7";"0";"2";"1";"1";"1";""
"202200026611";"766 589";"A01";"1";"7";"0";"2";"1";"15";"1";""
"202200026612";"766 586";"A01";"2";"7";"0";"0";"9";"6";"1";""
"202200026613";"766 584";"A01";"0";"7";"0";"1";"0";"0";" -1";""
"202200026614";"766 581";"A01";"1";"7";"0";"2";"1";"2";"1";""
"202200026614";"766 583";"B01";"1";"10";"0";"0";"4";"2";"1";""
"202200026614";"766 585";"C01";"1";"10";"0";"0";"5";"2";"1";""
"202200026615";"766 579";"A01";"3";"7";"2";"0";"3";"14";"1";""
"202200026616";"766 578";"A01";"1";"7";"0";"2";"1";"15";"0";""
"202200026616";"766 580";"B01";"1";"7";"0";"2";"1";"0";"0";""
"202200026617";"766 574";"A01";"1";"7";"0";"0";"2";"15";"1";""
"202200026617";"766 576";"B01";"1";"31";"0";"2";"1";"1";"1";""
"202200026618";"766 573";"A01";"3";"7";"0";"1";"1";"1";"1";""
"202200026619";"766 575";"A01";"2";"7";"0";"2";"3";"19";"1";""
"202200026619";"766 577";"B01";"2";"7";"0";"2";"5";"26";"1";""
"202200026620";"766 572";"A01";"1";"7";"0";"1";"7";"1";"1";""
"202200026621";"766 570";"B01";"1";"37";"0";"2";"8";"1";"1";"1"
"202200026621";"766 571";"A01";"1";"7";"0";"9";"7";"16";"1";""
"202200026622";"766 569";"A01";"2";"7";"0";"1";"6";"4";"1";""
"202200026623";"766 567";"A01";"1";"7";"0";"2";"1";"1";"1";""
"202200026623";"766 568";"B01";"2";"7";"0";"2";"1";"13";"1";""
"202200026624";"766 564";"B01";"1";"7";"0";"9";"3";"1";"1";""
"202200026624";"766 566";"A01";"1";"33";"0";"2";"1";"13";"1";""
"202200026625";"766 563";"A01";"1";"31";"0";"2";"1";"17";"1";""
"202200026625";"766 565";"B01";"2";"7";"0";"2";"1";"0";"1";""
"202200026626";"766 561";"A01";"1";"30";"0";"2";"1";"2";"1";""
"202200026626";"766 562";"B01";"1";"7";"0";"0";"4";"23";"1";""
"202200026627";"766 559";"A01";"1";"31";"0";"2";"8";"2";"0";""
"202200026627";"766 560";"B01";"1";"7";"0";"2";"8";"2";"1";""
"202200026628";"766 557";"A01";"2";"7";"13";"0";"1";"1";"1";""
"202200026629";"766 555";"A01";"1";"10";"0";"2";"8";"1";"1";""
"202200026629";"766 558";"B01";"2";"2";"0";"2";"1";"15";"1";""
"202200026630";"766 554";"B01";"0";"37";"0";"9";"3";"0";"1";"1"
"202200026630";"766 556";"A01";"0";"1";"0";"2";"2";"19";"5";""
"202200026631";"766 553";"A01";"3";"7";"13";"0";"2";"1";"1";""
"202200026632";"766 552";"A01";"2";"80";"0";"0";"0";"0";"3";""
"202200026633";"766 551";"A01";"1";"7";"0";"1";"3";"26";"1";""
"202200026634";"766 550";"A01";"1";"14";"13";"0";"3";"0";"1";""
"202200026635";"766 548";"A01";"3";"7";"2";"1";"2";"0";"1";""
"202200026636";"766 545";"A01";"1";"7";"0";"2";"1";"26";"1";""
"202200026636";"766 547";"B01";"1";"7";"0";"2";"2";"0";"1";""
"202200026637";"766 543";"D01";"1";"0";"0";"0";" -1";" -1";" -1";""
"202200026637";"766 544";"A01";"1";"7";"0";"2";"1";"21";"1";""
"202200026637";"766 546";"B01";"2";"10";"2";"2";"1";"1";"1";""
"202200026637";"766 549";"C01";"2";"13";"0";"2";"1";"1";"1";""
"202200026638";"766 541";"A01";"1";"7";"0";"1";"8";"1";"0";""
"202200026639";"766 540";"A01";"2";"7";"1";"2";"3";"13";"1";""
"202200026639";"766 542";"B01";"1";"7";"1";"0";"6";"1";"1";""
"202200026640";"766 538";"B01";"3";"33";"0";"0";"1";"17";"1";""
"202200026640";"766 539";"A01";"3";"33";"0";"0";"8";"15";"1";""
"202200026641";"766 536";"A01";"1";"33";"12";"0";"1";"0";"1";""
"202200026641";"766 537";"B01";"1";"33";"0";"0";"0";"0";"1";""
"202200026642";"766 532";"B01";"2";"2";"0";"2";"1";"1";"1";""
"202200026642";"766 534";"A01";"3";"7";"0";"2";"2";"19";"1";""
"202200026643";"766 530";"B01";"2";"7";"0";"2";"6";"2";"1";""
"202200026643";"766 533";"A01";"2";"7";"0";"2";"2";"2";"1";""
"202200026644";"766 531";"B01";"0";"7";"0";"2";"2";"1";"1";""
"202200026644";"766 535";"A01";"1";"7";"0";"2";"3";"1";"1";""
"202200026645";"766 527";"B01";"2";"7";"0";"2";"3";"1";"1";""
"202200026645";"766 529";"A01";"1";"7";"0";"2";"3";"13";"1";""
"202200026646";"766 526";"B01";"3";"2";"0";"2";"1";"1";"1";""
"202200026646";"766 528";"A01";"3";"7";"0";"2";"0";"15";"1";""
"202200026647";"766 525";"A01";"2";"33";"9";"0";"0";"1";"1";""
"202200026648";"766 522";"A01";"3";"7";"0";"2";"3";"0";"1";""
"202200026648";"766 524";"B01";"3";"31";"0";"2";"1";"0";"1";""
"202200026649";"766 521";"A01";"2";"7";"0";"2";"2";"16";"1";""
"202200026649";"766 523";"B01";"2";"1";"0";"2";"3";"1";"5";""
"202200026650";"766 517";"A01";"2";"7";"0";"2";"3";"1";"2";""
"202200026650";"766 520";"B01";"1";"7";"0";"2";"3";"1";"1";""
"202200026651";"766 519";"A01";"1";"7";"2";"0";"2";"1";"1";""
"202200026652";"766 516";"A01";"2";"30";"0";"2";"7";"26";"1";""
"202200026652";"766 518";"B01";"2";"7";"14";"2";"8";"1";"1";""
"202200026653";"766 513";"A01";"1";"7";"8";"0";"2";"1";"1";""
"202200026654";"766 511";"B01";"1";"7";"0";"2";"3";"1";"1";""
"202200026654";"766 514";"A01";"2";"7";"0";"2";"3";"1";"1";""
"202200026655";"766 512";"B01";"2";"14";"0";"2";"3";"1";"1";""
"202200026655";"766 515";"A01";"1";"2";"0";"2";"1";"16";"1";""
"202200026656";"766 507";"A01";"1";"50";"0";"2";"1";"1";"3";""
"202200026656";"766 509";"B01";"1";"7";"0";"2";"4";"23";"1";""
"202200026657";"766 508";"B01";"2";"80";"0";"2";"3";"13";"3";""
"202200026657";"766 510";"A01";"2";"7";"0";"2";"7";"21";"1";""
"202200026658";"766 506";"A01";"1";"17";"3";"0";"5";"17";"1";""
"202200026659";"766 502";"A01";"1";"7";"0";"2";"1";"1";"2";""
"202200026659";"766 503";"B01";"2";"17";"0";"2";"1";"1";"1";""
"202200026660";"766 500";"B01";"3";"7";"0";"2";"3";"2";"2";""
"202200026660";"766 505";"A01";"3";"34";"0";"2";"5";"2";"1";""
"202200026661";"766 499";"A01";"1";"7";"0";"2";"1";"2";"1";""
"202200026661";"766 501";"B01";"1";"7";"0";"2";"4";"2";"1";""
"202200026661";"766 504";"C01";"1";"7";"0";"2";"4";"2";"2";""
"202200026662";"766 498";"A01";"0";"80";"0";"0";"0";"16";"3";""
"202200026663";"766 497";"A01";"2";"7";"13";"0";"1";"2";"1";""
"202200026664";"766 496";"A01";"3";"7";"0";"1";"1";"1";"1";""
"202200026665";"766 494";"A01";"3";"7";"0";"1";"3";"1";"1";""
"202200026666";"766 493";"A01";"3";"10";"0";"2";"2";"1";"1";""
"202200026666";"766 495";"B01";"3";"33";"0";"2";"1";"15";"1";""
"202200026667";"766 492";"A01";"2";"7";"3";"0";"1";"21";"1";""
"202200026668";"766 491";"A01";"2";"10";"2";"0";"1";"1";"1";""
"202200026669";"766 490";"A01";"1";"7";"1";"0";"2";"1";" -1";""
"202200026670";"766 487";"A01";"1";"3";"0";"0";"7";"1";"3";""
"202200026671";"766 488";"A01";"1";"7";"0";"2";"3";"19";"1";""
"202200026671";"766 489";"B01";"2";"33";"0";"0";"6";"1";"1";""
"202200026672";"766 481";"A01";"1";"10";"0";"2";"1";"9";"1";""
"202200026672";"766 484";"B01";"2";"7";"0";"2";"2";"1";"1";""
"202200026673";"766 480";"B01";"2";"7";"14";"2";"1";"0";"1";""
"202200026673";"766 483";"A01";"1";"7";"0";"2";"5";"15";"1";""
"202200026674";"766 482";"A01";"3";"7";"6";"0";"1";"1";"1";""
"202200026675";"766 479";"A01";"2";"43";"8";"0";"1";"1";"1";""
"202200026676";"766 478";"A01";"1";"7";"6";"0";"3";"1";"1";""
"202200026677";"766 477";"A01";"1";"2";"6";"0";"1";"1";"1";""
"202200026678";"766 474";"A01";"1";"7";"0";"2";"2";"19";"1";""
"202200026678";"766 476";"B01";"1";"7";"0";"2";"1";"1";"1";""
"202200026679";"766 471";"B01";"2";"7";"0";"2";"1";"1";"1";""
"202200026679";"766 473";"A01";"1";"7";"0";"2";"6";"19";"1";""
"202200026680";"766 467";"B01";"2";"34";"0";"2";"1";"1";"1";""
"202200026680";"766 470";"A01";"1";"7";"0";"2";"1";"15";"1";""
"202200026681";"766 466";"B01";"1";"31";"0";"2";"8";"1";"1";""
"202200026681";"766 469";"A01";"1";"7";"0";"2";"1";"19";"1";""
"202200026682";"766 465";"A01";"3";"7";"0";"9";"8";"15";"1";""
"202200026682";"766 468";"B01";"3";"1";"0";"2";"1";"1";"5";""
"202200026683";"766 463";"A01";"1";"33";"0";"2";"7";"17";"1";""
"202200026683";"766 464";"B01";"1";"1";"0";"2";"8";"11";"5";""
"202200026684";"766 461";"A01";"1";"7";"2";"0";"1";"1";"1";""
"202200026685";"766 460";"B01";"2";"15";"0";"0";"6";"2";"1";""
"202200026685";"766 462";"A01";"2";"7";"0";"2";"2";"2";"1";""
"202200026686";"766 457";"A01";"2";"7";"2";"0";"1";"1";"1";""
"202200026687";"766 456";"B01";"2";"7";"0";"2";"3";"23";"1";""
"202200026687";"766 458";"A01";"2";"15";"0";"2";"2";"14";"1";""
"202200026688";"766 455";"B01";"2";"7";"0";"2";"1";"21";"3";""
"202200026688";"766 459";"A01";"1";"7";"0";"0";"3";"5";"0";""
"202200026689";"766 453";"B01";"1";"15";"0";"0";"7";"15";"1";""
"202200026689";"766 454";"A01";"2";"7";"0";"2";"1";"1";"1";""
"202200026690";"766 450";"B01";"3";"32";"0";"2";"2";"1";"1";""
"202200026690";"766 452";"A01";"3";"7";"0";"2";"1";"15";"1";""
"202200026691";"766 449";"A01";"0";"7";"0";"2";"2";"15";"1";""
"202200026691";"766 451";"B01";"0";"30";"0";"2";"1";"1";"1";""
"202200026692";"766 448";"A01";"2";"7";"0";"1";"3";"16";"1";""
"202200026693";"766 444";"A01";"1";"7";"0";"2";"7";"14";"1";""
"202200026693";"766 446";"B01";"1";"32";"0";"2";"3";"2";"1";""
"202200026693";"766 447";"C01";"1";"7";"0";"2";"3";"2";"1";""
"202200026694";"766 443";"A01";"3";"2";"0";"0";"0";"13";"1";""
"202200026695";"766 445";"A01";"2";"7";"13";"0";"1";"13";"1";""
"202200026696";"766 439";"Z01";"1";"7";"0";"2";"5";"12";"1";""
"202200026696";"766 442";"A01";"1";"33";"0";"2";"8";"3";"1";""
"202200026697";"766 441";"A01";"3";"7";"0";"1";"1";"15";"1";""
"202200026698";"766 437";"B01";"1";"33";"0";"2";"1";"1";"1";""
"202200026698";"766 440";"A01";"2";"7";"0";"2";"2";"5";"1";""
"202200026699";"766 433";"A01";"2";"7";"15";"2";"3";"13";"1";""
"202200026699";"766 436";"B01";"1";"30";"0";"2";"3";"1";"1";""
"202200026700";"766 434";"A01";"2";"33";"0";"2";"7";"3";"1";""
"202200026700";"766 435";"B01";"2";"7";"0";"2";"6";"2";"1";""
"202200026700";"766 438";"C01";"2";"43";"0";"2";"2";"2";"1";""
"202200026701";"766 429";"B01";"2";"2";"0";"2";"1";"1";"1";""
"202200026701";"766 431";"A01";"1";"7";"0";"0";"5";"15";"1";""
"202200026702";"766 428";"B01";"2";"50";"0";"2";"1";"1";"3";""
"202200026702";"766 430";"A01";"1";"10";"0";"2";"7";"15";"1";""
"202200026703";"766 427";"A01";"1";"7";"0";"2";"2";"1";"1";""
"202200026703";"766 432";"B01";"3";"1";"0";"2";"4";"9";"5";""
"202200026704";"766 426";"A01";"2";"7";"3";"0";"3";"16";"1";""
"202200026705";"766 425";"A01";"1";"10";"2";"0";"1";"1";"1";""
"202200026706";"766 424";"Z01";"3";"50";"0";"1";"0";"25";"3";""
"202200026707";"766 420";"A01";"2";"80";"0";"1";"2";"1";"3";""
"202200026708";"766 421";"A01";"2";"7";"0";"2";"4";"2";"1";""
"202200026708";"766 423";"B01";"2";"15";"0";"2";"1";"2";"1";""
"202200026709";"766 419";"A01";"0";"31";"0";"2";"1";"1";"1";""
"202200026709";"766 422";"B01";"0";"0";"0";"2";"0";"0";"0";""
"202200026710";"766 417";"B01";"1";"7";"0";"2";"1";"1";"1";""
"202200026710";"766 418";"A01";"1";"7";"3";"2";"0";"0";"1";""
"202200026711";"766 414";"A01";"2";"33";"0";"0";"8";"1";"1";""
"202200026712";"766 410";"B01";"2";"10";"3";"2";"4";"2";"1";""
"202200026712";"766 411";"A01";"2";"7";"3";"2";"1";"2";"1";""
"202200026713";"766 408";"B01";"0";"7";"0";"0";"7";"19";"1";""
"202200026713";"766 409";"A01";"2";"33";"0";"2";"1";"0";"1";""
"202200026714";"766 405";"A01";"2";"43";"0";"2";"1";"18";"1";""
"202200026714";"766 406";"C01";"2";"7";"0";"2";"5";"1";"2";""
"202200026714";"766 407";"B01";"2";"33";"0";"2";"4";"9";"1";""
"202200026715";"766 402";"B01";"2";"7";"0";"2";"1";"1";"1";""
"202200026715";"766 404";"A01";"1";"7";"0";"2";"1";"13";"1";""
"202200026716";"766 401";"B01";"1";"7";"0";"2";"1";"1";"1";""
"202200026716";"766 403";"A01";"1";"10";"0";"2";"7";"12";"1";""
"202200026717";"766 400";"A01";"2";"7";"2";"0";"3";"1";"1";""
"202200026718";"766 398";"A01";"2";"15";"1";"0";"1";"17";"1";""
"202200026718";"766 399";"B01";"2";"15";"0";"2";"4";"24";"1";""
"202200026719";"766 397";"A01";"1";"1";"0";"0";"0";"0";"5";""
"202200026720";"766 395";"A01";"2";"7";"0";"2";"6";"11";"1";""
"202200026720";"766 396";"B01";"2";"32";"0";"2";"2";"1";"1";""
"202200026721";"766 391";"A01";"2";"7";"0";"2";"4";"11";"1";""
"202200026721";"766 393";"B01";"2";"7";"0";"2";"1";"1";"1";""
"202200026722";"766 392";"A01";"1";"7";"0";"2";"2";"2";"3";""
"202200026722";"766 394";"B01";"1";"15";"0";"2";"8";"9";"1";""
"202200026723";"766 389";"B01";"1";"7";"0";"2";"4";"2";"1";""
"202200026723";"766 390";"A01";"1";"7";"0";"2";"1";"2";"1";""
"202200026724";"766 388";"A01";"3";"7";"0";"1";"6";"4";"2";""
"202200026725";"766 385";"A01";"1";"31";"0";"2";"1";"17";"1";""
"202200026725";"766 387";"B01";"1";"7";"0";"2";"6";"15";"1";""
"202200026726";"766 386";"A01";"3";"10";"0";"0";"1";"1";"1";""
"202200026727";"766 384";"A01";"1";"10";"0";"1";"4";"20";"1";""
"202200026728";"766 380";"A01";"3";"7";"0";"2";"2";"1";"1";""
"202200026728";"766 382";"B01";"3";"33";"0";"2";"1";"1";"1";""
"202200026729";"766 381";"B01";"1";"2";"0";"2";"1";"1";"1";""
"202200026729";"766 383";"A01";"1";"7";"0";"2";"2";"1";"1";""
"202200026730";"766 378";"A01";"3";"2";"0";"2";"5";"13";"1";""
"202200026730";"766 379";"B01";"3";"1";"0";"2";"8";"1";"5";""
"202200026731";"766 375";"B01";"1";"7";"0";"2";"3";"0";"1";""
"202200026731";"766 376";"A01";"1";"7";"0";"2";"4";"1";"1";""
"202200026732";"766 372";"B01";"2";"1";"0";"2";"8";"1";"5";""
"202200026732";"766 373";"A01";"2";"7";"0";"2";"1";"1";"1";""
"202200026733";"766 374";"B01";"2";"7";"0";"2";"1";"1";"1";""
"202200026733";"766 377";"A01";"1";"7";"0";"2";"1";"13";"1";""
"202200026734";"766 371";"A01";"2";"10";"0";"1";"1";"1";"1";""
"202200026735";"766 367";"B01";"1";"7";"4";"2";"3";"1";"1";""
"202200026735";"766 369";"A01";"2";"7";"4";"2";"1";"5";"1";""
"202200026736";"766 368";"B01";"2";"7";"0";"0";"8";"1";"1";""
"202200026736";"766 370";"A01";"1";"7";"0";"2";"1";"19";"1";""
"202200026737";"766 366";"A01";"1";"0";"14";"1";"1";"1";"6";""
"202200026738";"766 364";"A01";"3";"7";"0";"1";"2";"0";"1";""
"202200026739";"766 362";"A01";"2";"30";"0";"2";"1";"26";"1";""
"202200026739";"766 363";"B01";"2";"7";"0";"2";"4";"23";"0";""
"202200026740";"766 365";"A01";"2";"7";"4";"0";"7";"1";"1";""
"202200026741";"766 360";"A01";"2";"7";"0";"2";"1";"1";"1";""
"202200026741";"766 361";"B01";"1";"7";"0";"2";"7";"1";"1";""
"202200026742";"766 359";"B01";"1";"7";"0";"1";"2";"1";"1";""
"202200026743";"766 356";"B01";"1";"7";"3";"2";"1";"1";"1";""
"202200026743";"766 358";"A01";"1";"7";"3";"2";"1";"13";"1";""
"202200026744";"766 355";"A01";"1";"7";"8";"1";"2";"1";"1";""
"202200026745";"766 352";"B01";"3";"7";"0";"2";"1";"1";"1";""
"202200026745";"766 353";"A01";"3";"7";"0";"2";"1";"1";"1";""
"202200026746";"766 351";"A01";"2";"7";"1";"0";"2";"14";"1";""
"202200026747";"766 349";"A01";"2";"30";"0";"2";"3";"17";"1";""
"202200026747";"766 350";"B01";"2";"7";"0";"0";"3";"15";"1";""
"202200026748";"766 354";"A01";"1";"7";"0";"2";"2";"0";"2";""
"202200026748";"766 357";"B01";"2";"33";"0";"2";"1";"0";"1";""
"202200026749";"766 347";"A01";"1";"7";"9";"2";"3";"1";"1";""
"202200026749";"766 348";"B01";"2";"7";"0";"2";"1";"15";"1";""
"202200026750";"766 346";"A01";"2";"7";"1";"0";"2";"1";"1";""
"202200026751";"766 342";"A01";"1";"7";"0";"2";"4";"23";"1";""
"202200026751";"766 343";"B01";"1";"7";"0";"2";"1";"1";"1";""
"202200026752";"766 338";"A01";"2";"10";"0";"2";"4";"2";"1";""
"202200026752";"766 340";"B01";"2";"37";"0";"2";"1";"2";"1";"1"
"202200026753";"766 337";"A01";"1";"7";"0";"1";"3";"1";"1";""
"202200026754";"766 336";"A01";"2";"7";"0";"1";"1";"0";"1";""
"202200026755";"766 339";"A01";"2";"7";"0";"2";"1";"13";"1";""
"202200026755";"766 341";"B01";"1";"7";"0";"2";"6";"1";"1";""
"202200026756";"766 335";"A01";"2";"30";"0";"1";"1";"0";"1";""
"202200026757";"766 333";"A01";"1";"7";"0";"1";"1";"1";"1";""
"202200026758";"766 334";"A01";"3";"33";"0";"0";"1";"1";"1";""
"202200026759";"766 331";"B01";"2";"33";"0";"2";"1";"1";"1";""
"202200026759";"766 332";"A01";"2";"33";"0";"2";"4";"1";"1";""
"202200026760";"766 329";"A01";"3";"7";"0";"2";"1";"1";"1";""
"202200026760";"766 330";"B01";"3";"7";"0";"2";"4";"1";"1";""
"202200026761";"766 328";"A01";"3";"33";"0";"0";"0";"26";"1";""
"202200026762";"766 325";"A01";"2";"7";"4";"0";"2";"1";"1";""
"202200026763";"766 320";"A01";"2";"7";"0";"2";"2";"12";"0";""
"202200026763";"766 322";"B01";"2";"7";"0";"2";"6";"1";"0";""
"202200026763";"766 323";"C01";"2";"7";"0";"2";"4";"1";"0";""
"202200026764";"766 319";"A01";"1";"10";"0";"1";"7";"1";"1";""
"202200026765";"766 321";"B01";"1";"7";"0";"2";"3";"9";"1";""
"202200026765";"766 324";"A01";"1";"31";"0";"2";"7";"1";"1";""
"202200026766";"766 317";"B01";"2";"7";"0";"2";"4";"1";"1";""
"202200026766";"766 318";"A01";"2";"7";"0";"2";"1";"2";"1";""
"202200026767";"766 316";"A01";"2";"7";"0";"1";"1";"1";"1";""
"202200026768";"766 314";"A01";"2";"7";"0";"1";"3";"1";"1";""
"202200026769";"766 313";"A01";"2";"7";"0";"1";"3";"1";"1";""
"202200026770";"766 310";"A01";"2";"7";"0";"2";"1";"17";"1";""
"202200026770";"766 312";"B01";"1";"10";"0";"2";"1";"1";"1";""
"202200026771";"766 311";"B01";"1";"7";"0";"2";"1";"1";"1";""
"202200026771";"766 315";"A01";"2";"7";"0";"2";"2";"19";"1";""
"202200026772";"766 309";"A01";"2";"7";"0";"1";"1";"16";"1";""
"202200026773";"766 308";"A01";"1";"7";"0";"1";"1";"1";"1";""
"202200026774";"766 305";"B01";"1";"7";"0";"2";"4";"1";"1";""
"202200026774";"766 306";"A01";"1";"7";"0";"2";"1";"1";"1";""
"202200026775";"766 307";"A01";"2";"7";"13";"0";"9";"16";"1";""
"202200026776";"766 301";"A01";"1";"7";"6";"0";"3";"6";"1";""
"202200026777";"766 299";"A01";"2";"7";"0";"2";"3";"13";"1";""
"202200026777";"766 300";"B01";"2";"2";"0";"2";"2";"17";"1";""
"202200026778";"766 297";"A01";"2";"33";"15";"2";"8";"17";"1";""
"202200026779";"766 295";"B01";"2";"1";"0";"2";"1";"1";"5";""
"202200026779";"766 296";"A01";"2";"7";"0";"2";"8";"9";"1";""
"202200026780";"766 298";"A01";"3";"33";"0";"0";"8";"1";"1";""
"202200026781";"766 293";"B01";"1";"2";"0";"2";"4";"2";"1";""
"202200026781";"766 294";"A01";"1";"7";"0";"2";"4";"9";"1";""
"202200026782";"766 291";"A01";"1";"37";"0";"1";"3";"7";"3";"1"
"202200026783";"766 292";"A01";"2";"36";"12";"0";"2";"18";"1";""
"202200026784";"766 289";"A01";"2";"7";"13";"0";"0";"1";"1";""
"202200026785";"766 290";"A01";"1";"7";"2";"0";"1";"1";"1";""
"202200026786";"766 288";"A01";"1";"7";"0";"1";"1";"1";"1";""
"202200026787";"766 287";"A01";"2";"7";"2";"0";"1";"1";"1";""
"202200026788";"766 286";"A01";"1";"7";"0";"1";"8";"1";"0";""
"202200026789";"766 285";"A01";"2";"2";"0";"0";"8";"1";"1";""
"202200026790";"766 281";"A01";"3";"7";"0";"2";"8";"19";"1";""
"202200026790";"766 282";"B01";"3";"1";"0";"2";"1";"1";"5";""
"202200026791";"766 283";"B01";"1";"1";"0";"2";"8";"2";"5";""
"202200026791";"766 284";"A01";"1";"7";"0";"2";"5";"2";"1";""
"202200026792";"766 280";"A01";"3";"7";"0";"1";"1";"1";"1";""
"202200026793";"766 278";"B01";"0";"7";"0";"2";"3";"1";"1";""
"202200026793";"766 279";"A01";"0";"7";"0";"2";"2";"1";"1";""
"202200026794";"766 276";"A01";"2";"10";"0";"1";"3";"26";"1";""
"202200026795";"766 277";"C01";"1";"15";"1";"1";"2";"14";"1";""
"202200026796";"766 275";"A01";"1";"30";"16";"0";"7";"1";"3";""
"202200026797";"766 271";"A01";"2";"7";"0";"2";"3";"15";"1";""
"202200026797";"766 274";"B01";"2";"33";"0";"2";"1";"1";"1";""
"202200026798";"766 268";"A01";"2";"7";"0";"2";"2";"15";"1";""
"202200026798";"766 269";"B01";"1";"30";"0";"2";"1";"18";"1";""
"202200026799";"766 266";"A01";"1";"7";"0";"2";"5";"1";"1";""
"202200026799";"766 267";"B01";"1";"34";"0";"2";"1";"0";"1";""
"202200026800";"766 262";"D01";"2";"10";"0";"2";"5";"23";"1";""
"202200026800";"766 263";"C01";"2";"7";"0";"2";"5";"23";"1";""
"202200026800";"766 264";"B01";"2";"33";"0";"2";"7";"23";"1";""
"202200026800";"766 265";"A01";"2";"7";"0";"2";"3";"3";"1";""
"202200026801";"766 261";"A01";"1";"7";"0";"0";"1";"1";"1";""
"202200026802";"766 259";"A01";"1";"33";"0";"2";"3";"3";"1";""
"202200026802";"766 260";"B01";"1";"7";"0";"2";"2";"12";"1";""
"202200026803";"766 254";"A01";"1";"7";"0";"2";"1";"2";"1";""
"202200026803";"766 255";"B01";"1";"7";"0";"2";"4";"2";"1";""
"202200026803";"766 256";"C01";"1";"7";"0";"2";"1";"2";"1";""
"202200026803";"766 257";"D01";"1";"7";"0";"2";"1";"2";"1";""
"202200026803";"766 258";"E01";"1";"7";"0";"2";"1";"2";"2";""
"202200026804";"766 251";"C01";"2";"7";"0";"2";"5";"2";"0";""
"202200026804";"766 252";"B01";"2";"7";"0";"2";"2";"12";"0";""
"202200026804";"766 253";"A01";"2";"32";"0";"2";"3";"3";"0";""
"202200026805";"766 249";"A01";"2";"10";"0";"2";"8";"9";"1";""
"202200026805";"766 250";"B01";"2";"7";"0";"2";"7";"1";"1";""
"202200026806";"766 247";"B01";"2";"7";"0";"2";"1";"26";"1";""
"202200026806";"766 248";"A01";"2";"7";"0";"2";"4";"1";"2";""
"202200026807";"766 244";"C01";"1";"33";"0";"2";"1";"3";"1";""
"202200026807";"766 245";"B01";"1";"7";"0";"2";"6";"2";"1";""
"202200026807";"766 246";"A01";"1";"7";"0";"2";"8";"11";"1";""
"202200026808";"766 242";"A01";"1";"33";"0";"2";"7";"9";"1";""
"202200026808";"766 243";"B01";"2";"7";"0";"2";"6";"1";"1";""
"202200026809";"766 241";"A01";"1";"7";"0";"2";"0";"2";"1";""
"202200026810";"766 239";"A01";"1";"7";"0";"0";"7";"15";"1";""
"202200026810";"766 240";"B01";"2";"33";"0";"2";"1";"1";"1";""
"202200026811";"766 237";"B01";"2";"1";"0";"2";"1";"9";"5";""
"202200026811";"766 238";"A01";"1";"7";"0";"2";"2";"1";"1";""
"202200026812";"766 235";"A01";"1";"10";"0";"2";"8";"9";"1";""
"202200026812";"766 236";"B01";"2";"2";"0";"2";"1";"1";"1";""
"202200026813";"766 233";"A01";"1";"7";"0";"2";"7";"16";"1";""
"202200026813";"766 234";"B01";"1";"7";"0";"2";"3";"1";"1";""
"202200026814";"766 232";"A01";"2";"7";"4";"0";"1";"26";"1";""
"202200026815";"766 230";"B01";"2";"7";"4";"2";"2";"11";"1";""
"202200026815";"766 231";"A01";"2";"7";"4";"2";"5";"1";"1";""
"202200026816";"766 227";"C01";"2";"7";"0";"2";"7";"1";"2";""
"202200026816";"766 228";"B01";"2";"7";"0";"2";"8";"0";"1";""
"202200026816";"766 229";"A01";"2";"7";"3";"2";"7";"14";"1";""
"202200026817";"766 225";"A01";"2";"33";"0";"2";"1";"2";"1";""
"202200026817";"766 226";"B01";"2";"7";"0";"2";"4";"2";"1";""
"202200026818";"766 223";"B01";"1";"7";"0";"2";"1";"1";"1";""