"Num_Acc";"id_vehicule";"num_veh";"senc";"catv";"obs";"obsm";"choc";"manv";"motor";"occutc"
"202200026818";"766 224";"A01";"1";"1";"0";"2";"7";"9";"5";""
"202200026819";"766 222";"A01";"3";"7";"0";"1";"1";"13";"1";""
"202200026820";"766 221";"A01";"1";"7";"0";"1";"1";"16";"1";""
"202200026821";"766 219";"B01";"2";"7";"0";"2";"6";"23";"1";""
"202200026821";"766 220";"A01";"2";"32";"0";"2";"1";"1";"1";""
"202200026822";"766 215";"A01";"2";"7";"0";"2";"4";"23";"1";""
"202200026822";"766 216";"B01";"2";"7";"0";"2";"4";"2";"1";""
"202200026822";"766 217";"C01";"2";"7";"0";"2";"1";"2";"1";""
"202200026822";"766 218";"D01";"2";"10";"0";"2";"6";"20";"1";""
"202200026823";"766 213";"A01";"1";"7";"0";"2";"1";"15";"1";""
"202200026823";"766 214";"B01";"1";"30";"0";"2";"1";"1";"1";""
"202200026824";"766 211";"A01";"2";"7";"0";"2";"1";"15";"1";""
"202200026824";"766 212";"B01";"1";"33";"0";"2";"1";"1";"1";""
"202200026825";"766 209";"B01";"1";"7";"0";"2";"1";"1";"1";""
"202200026825";"766 210";"A01";"2";"7";"0";"2";"1";"13";"1";""
"202200026826";"766 207";"B01";"1";"31";"0";"2";"1";"1";"1";""
"202200026826";"766 208";"A01";"2";"7";"0";"2";"5";"15";"1";""
"202200026827";"766 205";"B01";"3";"7";"0";"2";"1";"1";"1";""
"202200026827";"766 206";"A01";"3";"7";"0";"2";"2";"15";"3";""
"202200026828";"766 203";"A01";"3";"7";"0";"2";"3";"1";"1";""
"202200026828";"766 204";"B01";"3";"7";"0";"2";"1";"1";"0";""
"202200026829";"766 202";"A01";"3";"31";"8";"0";"1";"0";"1";""
"202200026830";"766 200";"A01";"1";"7";"0";"2";"1";"1";"1";""
"202200026830";"766 201";"B01";"1";"7";"0";"2";"4";"1";"1";""
"202200026831";"766 198";"A01";"1";"30";"0";"2";"1";"1";"1";""
"202200026831";"766 199";"B01";"1";"7";"0";"2";"4";"1";"1";""
"202200026832";"766 196";"A01";"2";"7";"0";"2";"1";"2";"1";""
"202200026832";"766 197";"B01";"2";"7";"0";"2";"4";"2";"1";""
"202200026833";"766 194";"B01";"1";"30";"14";"2";"0";"0";"1";""
"202200026833";"766 195";"A01";"1";"7";"14";"2";"1";"9";"1";""
"202200026834";"766 192";"A01";"2";"7";"0";"2";"1";"9";"1";""
"202200026834";"766 193";"B01";"2";"50";"0";"2";"7";"15";"3";""
"202200026835";"766 191";"A01";"3";"7";"0";"1";"5";"25";"2";""
"202200026836";"766 189";"B01";"1";"7";"0";"2";"8";"1";"1";""
"202200026836";"766 190";"A01";"1";"17";"0";"2";"3";"13";"1";""
"202200026837";"766 186";"A01";"2";"10";"0";"2";"7";"17";"1";""
"202200026837";"766 187";"C01";"2";"14";"0";"2";"3";"0";"1";""
"202200026837";"766 188";"B01";"2";"31";"0";"2";"2";"0";"1";""
"202200026838";"766 184";"B01";"1";"7";"0";"2";"4";"1";"1";""
"202200026838";"766 185";"A01";"1";"7";"0";"2";"1";"1";"1";""
"202200026839";"766 182";"B01";"3";"7";"0";"2";"3";"15";"0";""
"202200026839";"766 183";"A01";"3";"33";"0";"2";"1";"1";"1";""
"202200026840";"766 181";"A01";"1";"7";"8";"0";"1";"14";"1";""
"202200026841";"766 180";"A01";"2";"2";"0";"0";"8";"1";"1";""
"202200026842";"766 178";"B01";"2";"7";"0";"2";"3";"1";"0";""
"202200026842";"766 179";"A01";"1";"7";"0";"2";"3";"13";"1";""
"202200026843";"766 176";"B01";"2";"10";"0";"0";"4";"1";"1";""
"202200026843";"766 177";"A01";"2";"33";"0";"2";"1";"9";"1";""
"202200026844";"766 174";"B01";"2";"7";"0";"2";"4";"23";"6";""
"202200026844";"766 175";"A01";"2";"7";"0";"2";"1";"2";"1";""
"202200026845";"766 172";"B01";"0";"7";"0";"2";"1";"0";"0";""
"202200026845";"766 173";"A01";"0";"30";"0";"2";"1";"26";"1";""
"202200026846";"766 170";"A01";"1";"7";"0";"2";"4";"23";"1";""
"202200026846";"766 171";"B01";"1";"10";"0";"2";"1";"2";"1";""
"202200026847";"766 166";"B01";"1";"30";"0";"2";"1";"0";"1";""
"202200026847";"766 167";"A01";"2";"7";"0";"2";"2";"15";"1";""
"202200026848";"766 165";"A01";"1";"2";"1";"0";"1";"14";"1";""
"202200026849";"766 164";"A01";"1";"7";"0";"1";"2";"1";"2";""
"202200026850";"766 162";"A01";"0";"15";"0";"4";"7";"23";"1";""
"202200026850";"766 163";"B01";"0";"39";"0";"2";"1";"1";"3";""
"202200026851";"766 160";"A01";"2";"10";"0";"2";"2";"21";"1";""
"202200026851";"766 161";"B01";"2";"80";"0";"2";"3";"15";"3";""
"202200026852";"766 158";"A01";"2";"7";"0";"2";"3";"13";"1";""
"202200026852";"766 159";"B01";"1";"10";"0";"2";"3";"1";"1";""
"202200026853";"766 156";"A01";"1";"7";"0";"2";"1";"1";"1";""
"202200026853";"766 157";"B01";"1";"7";"0";"0";"8";"15";"1";""
"202200026854";"766 155";"A01";"3";"7";"8";"0";"2";"14";"1";""
"202200026855";"766 154";"A01";"1";"7";"0";"1";"1";"16";"1";""
"202200026856";"766 152";"A01";"1";"7";"0";"0";"3";"1";"1";""
"202200026856";"766 153";"B01";"2";"80";"0";"2";"1";"5";"3";""
"202200026857";"766 149";"C01";"1";"13";"0";"2";"2";"1";"1";""
"202200026857";"766 150";"B01";"1";"7";"16";"2";"3";"1";"1";""
"202200026857";"766 151";"A01";"2";"7";"0";"2";"3";"13";"1";""
"202200026858";"766 147";"B01";"2";"7";"0";"0";"1";"1";"1";""
"202200026858";"766 148";"A01";"1";"7";"0";"0";"8";"1";"1";""
"202200026859";"766 145";"B01";"1";"10";"0";"2";"3";"1";"1";""
"202200026859";"766 146";"A01";"1";"7";"3";"2";"2";"0";"1";""
"202200026860";"766 143";"A01";"2";"10";"0";"0";"2";"1";"1";""
"202200026860";"766 144";"B01";"2";"1";"0";"2";"1";"1";"5";""
"202200026861";"766 142";"B01";"2";"1";"1";"0";"1";"0";"5";""
"202200026862";"766 140";"A01";"1";"2";"0";"2";"6";"7";"1";""
"202200026862";"766 141";"B01";"1";"7";"0";"2";"3";"19";"1";""
"202200026863";"766 139";"A01";"1";"7";"3";"0";"1";"1";"1";""
"202200026864";"766 137";"B01";"1";"13";"0";"2";"3";"1";"1";""
"202200026864";"766 138";"A01";"2";"7";"0";"0";"3";"1";"1";""
"202200026865";"766 134";"A01";"2";"7";"0";"2";"1";"1";"0";""
"202200026865";"766 135";"B01";"2";"7";"0";"2";"9";"1";"1";""
"202200026865";"766 136";"C01";"2";"7";"0";"2";"4";"1";"1";""
"202200026866";"766 132";"A01";"1";"10";"0";"2";"2";"1";"1";""
"202200026866";"766 133";"B01";"1";"10";"0";"2";"6";"11";"1";""
"202200026867";"766 131";"A01";"1";"7";"2";"0";"1";"0";"0";""
"202200026868";"766 129";"A01";"1";"33";"0";"2";"1";"13";"1";""
"202200026868";"766 130";"B01";"2";"7";"0";"2";"1";"1";"1";""
"202200026869";"766 127";"B01";"2";"7";"0";"2";"8";"1";"1";""
"202200026869";"766 128";"A01";"1";"10";"9";"2";"3";"13";"1";""
"202200026870";"766 124";"C01";"1";"7";"0";"0";"0";"1";"1";""
"202200026870";"766 125";"A01";"1";"7";"3";"2";"1";"1";"1";""
"202200026870";"766 126";"B01";"1";"7";"3";"2";"5";"15";"1";""
"202200026871";"766 120";"A01";"3";"7";"0";"2";"3";"0";"1";""
"202200026871";"766 121";"B01";"3";"7";"0";"2";"2";"1";"1";""
"202200026872";"766 119";"A01";"3";"2";"0";"6";"1";"1";"1";""
"202200026873";"766 118";"A01";"0";"7";"8";"0";"1";"1";"1";""
"202200026874";"766 116";"A01";"0";"7";"0";"0";"1";"19";"1";""
"202200026874";"766 117";"B01";"1";"14";"0";"0";"1";"13";"1";""
"202200026875";"766 114";"A01";"2";"7";"0";"2";"1";"2";"1";""
"202200026875";"766 115";"B01";"2";"7";"0";"2";"4";"1";"2";""
"202200026876";"766 110";"A01";"2";"7";"0";"2";"1";"26";"1";""
"202200026876";"766 111";"B01";"2";"7";"0";"0";"4";"12";"1";""
"202200026876";"766 112";"C01";"2";"7";"0";"2";"4";"1";"1";""
"202200026876";"766 113";"D01";"2";"7";"0";"0";"4";"1";"1";""
"202200026877";"766 109";"A01";"1";"7";"3";"0";"1";"0";"1";""
"202200026878";"766 107";"B01";"1";"14";"0";"2";"2";"1";"1";""
"202200026878";"766 108";"A01";"1";"7";"0";"2";"6";"11";"1";""
"202200026879";"766 105";"B01";"2";"43";"0";"2";"1";"3";"1";""
"202200026879";"766 106";"A01";"2";"7";"0";"2";"8";"11";"1";""
"202200026880";"766 103";"B01";"1";"7";"0";"2";"2";"0";"2";""
"202200026880";"766 104";"A01";"1";"31";"0";"2";"3";"18";"1";""
"202200026881";"766 100";"C01";"1";"7";"0";"0";"4";"26";"1";""
"202200026881";"766 101";"B01";"1";"7";"0";"2";"4";"0";"1";""
"202200026881";"766 102";"A01";"1";"7";"0";"2";"1";"9";"1";""
"202200026882";"766 097";"A01";"1";"7";"0";"2";"2";"14";"1";""
"202200026882";"766 098";"B01";"1";"7";"0";"2";"8";"1";"1";""
"202200026882";"766 099";"C01";"1";"7";"0";"2";"3";"1";"2";""
"202200026883";"766 095";"B01";"1";"14";"0";"2";"4";"2";"1";""
"202200026883";"766 096";"A01";"1";"10";"0";"2";"1";"2";"1";""
"202200026884";"766 093";"A01";"1";"7";"1";"0";"1";"17";"1";""
"202200026884";"766 094";"B01";"2";"7";"0";"0";"4";"24";"0";""
"202200026885";"766 092";"A01";"1";"7";"4";"0";"2";"1";"1";""
"202200026886";"766 089";"B01";"2";"43";"0";"2";"1";"3";"1";""
"202200026886";"766 090";"C01";"2";"7";"0";"2";"6";"2";"1";""
"202200026886";"766 091";"A01";"2";"7";"0";"2";"3";"11";"1";""
"202200026887";"766 086";"A01";"2";"7";"0";"2";"1";"2";"1";""
"202200026887";"766 087";"B01";"2";"7";"0";"2";"4";"2";"1";""
"202200026887";"766 088";"C01";"2";"10";"0";"2";"4";"2";"1";""
"202200026888";"766 085";"A01";"2";"7";"3";"0";"1";"16";"1";""
"202200026889";"766 083";"B01";"2";"2";"0";"2";"1";"1";"1";""
"202200026889";"766 084";"A01";"1";"7";"0";"2";"6";"19";"1";""
"202200026890";"766 081";"A01";"3";"7";"0";"2";"1";"2";"0";""
"202200026890";"766 082";"B01";"3";"7";"0";"2";"8";"15";"1";""
"202200026891";"766 079";"B01";"2";"10";"0";"2";"6";"0";"1";""
"202200026891";"766 080";"A01";"2";"7";"0";"2";"5";"3";"1";""
"202200026892";"766 077";"A01";"2";"7";"0";"2";"1";"15";"1";""
"202200026892";"766 078";"B01";"2";"7";"0";"2";"1";"15";"1";""
"202200026893";"766 076";"A01";"2";"0";"0";"0";"0";"26";"0";""
"202200026894";"766 075";"A01";"1";"7";"6";"0";"1";"1";"1";""
"202200026895";"766 074";"A01";"1";"7";"9";"9";"2";"14";"1";""
"202200026896";"766 073";"A01";"1";"33";"0";"0";"0";"0";"1";""
"202200026897";"766 072";"A01";"2";"33";"5";"1";"1";"26";"1";""
"202200026898";"766 070";"B01";"3";"1";"0";"9";"4";"0";"5";""
"202200026898";"766 071";"A01";"3";"7";"0";"9";"2";"2";"1";""
"202200026899";"766 069";"Z01";"2";"7";"0";"1";"3";"25";"0";""
"202200026900";"766 067";"B01";"2";"30";"0";"2";"1";"1";"1";""
"202200026900";"766 068";"A01";"2";"7";"0";"2";"2";"15";"1";""
"202200026901";"766 066";"A01";"3";"7";"0";"1";"2";"20";"1";""
"202200026902";"766 064";"A01";"1";"33";"0";"2";"1";"17";"1";""
"202200026902";"766 065";"B01";"1";"7";"0";"2";"3";"15";"1";""
"202200026903";"766 060";"A01";"0";"7";"0";"2";"2";"9";"1";""
"202200026903";"766 061";"B01";"3";"43";"0";"0";"1";"1";"1";""
"202200026904";"766 059";"A01";"1";"7";"6";"0";"3";"14";"1";""
"202200026905";"766 058";"A01";"1";"7";"0";"1";"2";"1";"1";""
"202200026906";"766 057";"A01";"1";"7";"2";"0";"2";"1";"1";""
"202200026907";"766 055";"A01";"2";"2";"0";"0";"7";"15";"1";""
"202200026907";"766 056";"B01";"2";"7";"0";"2";"1";"9";"1";""
"202200026908";"766 053";"A01";"1";"7";"0";"0";"3";"1";"1";""
"202200026908";"766 054";"B01";"1";"1";"0";"2";"7";"19";"5";""
"202200026909";"766 052";"A01";"2";"50";"12";"0";"0";"0";"3";""
"202200026910";"766 050";"B01";"2";"7";"0";"2";"7";"1";"1";""
"202200026910";"766 051";"A01";"2";"7";"0";"2";"1";"1";"1";""
"202200026911";"766 048";"B01";"3";"30";"0";"2";"1";"1";"1";""
"202200026911";"766 049";"A01";"3";"7";"0";"2";"7";"15";"1";""
"202200026912";"766 045";"B01";"2";"2";"0";"2";"1";"21";"1";""
"202200026912";"766 046";"C01";"2";"7";"0";"2";"6";"13";"1";""
"202200026912";"766 047";"D01";"1";"7";"0";"2";"3";"26";"1";""
"202200026913";"766 043";"B01";"2";"33";"0";"2";"4";"23";"1";""
"202200026913";"766 044";"A01";"2";"7";"9";"2";"3";"2";"1";""
"202200026914";"766 040";"A01";"3";"7";"0";"2";"2";"15";"1";""
"202200026914";"766 041";"B01";"3";"30";"0";"2";"1";"1";"1";""
"202200026915";"766 038";"A01";"2";"30";"0";"2";"2";"17";"1";""
"202200026915";"766 039";"B01";"2";"7";"0";"2";"3";"15";"1";""
"202200026916";"766 036";"A01";"2";"7";"0";"2";"4";"23";"1";""
"202200026916";"766 037";"Z01";"2";"7";"0";"2";"1";"1";"1";""
"202200026917";"766 034";"B01";"2";"7";"0";"9";"8";"15";"1";""
"202200026917";"766 035";"A01";"2";"7";"0";"2";"1";"1";"1";""
"202200026918";"766 032";"B01";"3";"33";"0";"2";"1";"1";"1";""
"202200026918";"766 033";"A01";"3";"7";"0";"2";"2";"15";"1";""
"202200026919";"766 030";"A01";"2";"30";"0";"2";"9";"13";"1";""
"202200026919";"766 031";"B01";"1";"7";"0";"2";"9";"13";"1";""
"202200026920";"766 029";"A01";"1";"7";"3";"0";"1";"14";"1";""
"202200026921";"766 027";"A01";"1";"32";"0";"2";"2";"14";"1";""
"202200026921";"766 028";"B01";"1";"7";"0";"2";"6";"1";"1";""
"202200026922";"766 025";"B01";"1";"7";"0";"2";"5";"12";"1";""
"202200026922";"766 026";"A01";"1";"31";"0";"2";"8";"3";"1";""
"202200026923";"766 024";"A01";"1";"33";"0";"0";"0";"11";"1";""
"202200026924";"766 021";"A01";"1";"7";"0";"2";"1";"2";"1";""
"202200026924";"766 022";"B01";"1";"10";"0";"2";"4";"2";"1";""
"202200026924";"766 023";"C01";"1";"7";"0";"2";"4";"23";"1";""
"202200026925";"766 019";"B01";"1";"50";"0";"2";"1";"1";"3";""
"202200026925";"766 020";"A01";"1";"7";"0";"2";"7";"22";"1";""
"202200026926";"766 017";"B01";"1";"7";"0";"2";"3";"13";"1";""
"202200026926";"766 018";"A01";"1";"30";"0";"2";"7";"1";"1";""
"202200026927";"766 015";"A01";"3";"30";"0";"2";"6";"1";"1";""
"202200026927";"766 016";"Z01";"3";"7";"12";"2";"2";"1";"0";""
"202200026928";"766 013";"B01";"1";"7";"0";"2";"1";"1";"2";""
"202200026928";"766 014";"A01";"2";"7";"0";"2";"2";"1";"1";""
"202200026929";"766 012";"A01";"1";"1";"0";"1";"1";"18";"5";""
"202200026930";"766 010";"B01";"2";"1";"0";"2";"8";"25";"5";""
"202200026930";"766 011";"A01";"2";"7";"0";"2";"7";"22";"1";""
"202200026931";"766 008";"A01";"1";"33";"0";"2";"3";"2";"1";""
"202200026931";"766 009";"B01";"1";"7";"0";"2";"5";"23";"1";""
"202200026932";"766 007";"A01";"1";"80";"0";"1";"7";"1";"3";""
"202200026933";"766 005";"B01";"2";"7";"0";"2";"3";"15";"1";""
"202200026933";"766 006";"A01";"2";"30";"0";"2";"2";"5";"1";""
"202200026934";"766 003";"B01";"0";"10";"0";"2";"3";"1";"1";""
"202200026934";"766 004";"A01";"0";"32";"0";"2";"1";"1";"1";""
"202200026935";"766 001";"B01";"1";"7";"0";"2";"3";"9";"2";""
"202200026935";"766 002";"A01";"2";"32";"0";"2";"2";"1";"1";""
"202200026936";"765 999";"B01";"1";"37";"0";"2";"7";"1";"2";"1"
"202200026936";"766 000";"A01";"1";"50";"0";"2";"8";"13";"3";""
"202200026937";"765 998";"A01";"2";"7";"9";"0";"2";"1";"1";""
"202200026938";"765 996";"A01";"2";"7";"0";"2";"4";"23";"1";""
"202200026938";"765 997";"B01";"2";"7";"0";"2";"1";"2";"0";""
"202200026939";"765 994";"A01";"2";"7";"0";"2";"1";"2";"1";""
"202200026939";"765 995";"B01";"1";"7";"0";"2";"4";"2";"1";""
"202200026940";"765 993";"A01";" -1";"7";"0";"2";"0";"0";"0";""
"202200026941";"765 991";"B01";"2";"2";"0";"2";"3";"1";"1";""
"202200026941";"765 992";"A01";"2";"7";"0";"2";"2";"12";"1";""
"202200026942";"765 989";"A01";"1";"7";"0";"2";"1";"15";"2";""
"202200026942";"765 990";"B01";"2";"33";"0";"2";"8";"1";"1";""
"202200026943";"765 988";"A01";"1";"10";"13";"0";"3";"1";"1";""
"202200026944";"765 986";"A01";"1";"7";"0";"2";"1";"5";"1";""
"202200026944";"765 987";"B01";"2";"14";"0";"2";"1";"1";"1";""
"202200026945";"765 984";"A01";"2";"7";"0";"2";"8";"11";"2";""
"202200026945";"765 985";"B01";"2";"7";"4";"2";"7";"1";"1";""
"202200026946";"765 983";"A01";"1";"7";"0";"1";"3";"1";"1";""
"202200026947";"765 981";"A01";"2";"7";"0";"2";"1";"0";"1";""
"202200026947";"765 982";"B01";"2";"2";"0";"0";"4";"2";"1";""
"202200026948";"765 979";"A01";"1";"7";"0";"2";"3";"13";"1";""
"202200026948";"765 980";"B01";"2";"10";"0";"2";"8";"1";"1";""
"202200026949";"765 978";"A01";"0";"10";"2";"0";"1";"1";"1";""
"202200026950";"765 976";"A01";"3";"7";"0";"2";"8";"15";"1";""
"202200026950";"765 977";"B01";"1";"33";"0";"2";"1";"21";"1";""
"202200026951";"765 974";"A01";"2";"33";"0";"2";"1";"13";"1";""
"202200026951";"765 975";"B01";"1";"7";"0";"2";"1";"1";"1";""
"202200026952";"765 971";"C01";"2";"7";"0";"2";"1";"0";"1";""
"202200026952";"765 972";"B01";"1";"7";"0";"2";"9";"0";"1";""
"202200026952";"765 973";"A01";"2";"7";"0";"2";"3";"13";"1";""
"202200026953";"765 970";"A01";"2";"7";"8";"0";"2";"17";"1";""
"202200026954";"765 968";"A01";"1";"7";"13";"0";"9";"1";"1";""
"202200026955";"765 966";"A01";"1";"7";"0";"2";"1";"13";"1";""
"202200026955";"765 967";"B01";"2";"7";"0";"2";"1";"1";"1";""
"202200026956";"765 964";"B01";"1";"2";"0";"0";"2";"16";"1";""
"202200026956";"765 965";"A01";"1";"2";"0";"2";"1";"2";"1";""
"202200026957";"765 963";"A01";"3";"7";"1";"0";"3";"1";"1";""
"202200026958";"765 959";"A01";"2";"7";"0";"2";"3";"15";"3";""
"202200026958";"765 960";"B01";"1";"33";"0";"2";"1";"1";"1";""
"202200026959";"765 957";"B01";"1";"15";"0";"2";"0";"1";"1";""
"202200026959";"765 958";"A01";"2";"7";"0";"2";"0";"13";"1";""
"202200026960";"765 955";"B01";"2";"7";"0";"2";"3";"13";"1";""
"202200026960";"765 956";"A01";"1";"33";"0";"2";"1";"1";"1";""
"202200026961";"765 954";"A01";"2";"7";"6";"0";"1";"0";"1";""
"202200026962";"765 953";"A01";"3";"1";"0";"1";"1";"1";"5";""
"202200026963";"765 951";"A01";"1";"2";"0";"2";"1";"0";"1";""
"202200026963";"765 952";"B01";"3";"7";"0";"0";"7";"1";"1";""
"202200026964";"765 950";"A01";"1";"7";"16";"0";"1";"1";"1";""
"202200026965";"765 948";"B01";"1";"7";"0";"2";"2";"1";"1";""
"202200026965";"765 949";"A01";"1";"7";"0";"0";"8";"10";"1";""
"202200026966";"765 947";"A01";"2";"7";"2";"0";"7";"1";"1";""
"202200026967";"765 946";"A01";"1";"7";"15";"0";"9";"0";"1";""
"202200026968";"765 944";"B01";"2";"31";"0";"2";"1";"0";"0";""
"202200026968";"765 945";"A01";"1";"7";"0";"2";"1";"13";"1";""
"202200026969";"765 943";"A01";"1";"17";"0";"1";"2";"1";"1";""
"202200026970";"765 942";"A01";"1";"7";"0";"1";"2";"1";"1";""
"202200026971";"765 940";"A01";"1";"7";"0";"2";"2";"15";"1";""
"202200026971";"765 941";"B01";"2";"30";"0";"2";"1";"1";"1";""
"202200026972";"765 939";"A01";"2";"7";"3";"0";"2";"2";"1";""
"202200026973";"765 937";"B01";"1";"7";"0";"2";"1";"1";"1";""
"202200026973";"765 938";"A01";"1";"7";"0";"2";"4";"23";"1";""
"202200026974";"765 935";"B01";"2";"21";"0";"0";"4";"2";"1";""
"202200026974";"765 936";"A01";"2";"15";"0";"2";"1";"2";"1";""
"202200026975";"765 934";"A01";"2";"33";"0";"0";"0";"1";"1";""
"202200026976";"765 933";"A01";"2";"7";"0";"1";"1";"1";"1";""
"202200026977";"765 932";"A01";"3";"33";"16";"0";"1";"0";"1";""
"202200026978";"765 931";"A01";"3";"35";"0";"0";"2";"17";"1";""
"202200026979";"765 930";"A01";"3";"10";"0";"1";"6";"4";"1";""
"202200026980";"765 928";"B01";"2";"7";"0";"2";"1";"1";"1";""
"202200026980";"765 929";"A01";"1";"37";"0";"2";"2";"15";"1";"1"
"202200026981";"765 927";"A01";"2";"1";"0";"5";"1";"19";"5";""
"202200026982";"765 926";"A01";"1";"10";"0";"1";"3";"15";"1";""
"202200026983";"765 924";"B01";"2";"7";"0";"2";"7";"1";"1";""
"202200026983";"765 925";"A01";"2";"7";"0";"2";"1";"9";"1";""
"202200026984";"765 923";"A01";"2";"7";"13";"0";"3";"1";"1";""
"202200026985";"765 921";"B01";"0";"7";"0";"2";"4";"2";"1";""
"202200026985";"765 922";"A01";"2";"7";"0";"2";"1";"2";"1";""
"202200026986";"765 919";"B01";"1";"7";"4";"2";"1";"1";"1";""
"202200026986";"765 920";"A01";"1";"7";"0";"1";"2";"1";"1";""
"202200026987";"765 917";"B01";"2";"2";"0";"2";"4";"13";"1";""
"202200026987";"765 918";"A01";"2";"7";"0";"2";"1";"1";"1";""
"202200026988";"765 915";"B01";"1";"7";"0";"2";"1";"1";"1";""
"202200026988";"765 916";"A01";"1";"7";"0";"2";"9";"1";"1";""
"202200026989";"765 912";"C01";"1";"7";"0";"2";"4";"1";"1";""
"202200026989";"765 913";"B01";"1";"7";"0";"2";"6";"1";"2";""
"202200026989";"765 914";"A01";"1";"14";"0";"2";"2";"11";"1";""
"202200026990";"765 911";"A01";"3";"7";"3";"0";"1";"16";"1";""
"202200026991";"765 910";"A01";"2";"7";"3";"0";"1";"26";"1";""
"202200026992";"765 905";"C01";"1";"7";"0";"2";"4";"1";"1";""
"202200026992";"765 906";"D01";"1";"7";"0";"2";"4";"1";"1";""
"202200026992";"765 907";"E01";"1";"7";"0";"2";"4";"1";"1";""
"202200026992";"765 908";"A01";"1";"7";"0";"2";"3";"1";"1";""
"202200026992";"765 909";"B01";"1";"7";"0";"2";"5";"1";"1";""
"202200026993";"765 902";"C01";"1";"10";"0";"2";"4";"2";"1";""
"202200026993";"765 903";"B01";"1";"7";"0";"0";"5";"2";"1";""
"202200026993";"765 904";"A01";"1";"10";"0";"2";"1";"2";"1";""
"202200026994";"765 900";"A01";"0";"33";"0";"0";"0";"26";"1";""
"202200026994";"765 901";"B01";"0";"10";"0";"0";"0";"0";"1";""
"202200026995";"765 899";"A01";"2";"33";"0";"0";"8";"21";"1";""
"202200026996";"765 897";"A01";"2";"7";"0";"2";"1";"2";"1";""
"202200026996";"765 898";"B01";"2";"7";"0";"2";"4";"2";"1";""
"202200026997";"765 896";"A01";"1";"7";"4";"2";"1";"14";"1";""
"202200026998";"765 895";"A01";"2";"7";"4";"0";"1";"13";"1";""
"202200026999";"765 890";"E01";"2";"10";"4";"2";"4";"2";"1";""
"202200026999";"765 891";"D01";"2";"7";"4";"2";"4";"2";"1";""
"202200026999";"765 892";"C01";"2";"7";"4";"2";"4";"2";"1";""
"202200026999";"765 893";"B01";"2";"10";"4";"2";"4";"2";"1";""
"202200026999";"765 894";"A01";"2";"17";"4";"2";"1";"2";"1";""
"202200027000";"765 886";"D01";"2";"7";"0";"2";"4";"2";"1";""
"202200027000";"765 887";"A01";"1";"7";"0";"2";"1";"2";"1";""
"202200027000";"765 888";"B01";"1";"7";"0";"2";"4";"2";"1";""
"202200027000";"765 889";"C01";"1";"7";"0";"2";"1";"2";"1";""
"202200027001";"765 884";"A01";"1";"10";"0";"2";"1";"9";"1";""
"202200027001";"765 885";"B01";"1";"7";"1";"2";"4";"9";"1";""
"202200027002";"765 882";"A01";"3";"30";"0";"1";"1";"0";"0";""
"202200027003";"765 881";"A01";"1";"7";"4";"1";"2";"11";"1";""
"202200027004";"765 880";"A01";"3";"2";"0";"0";"0";"26";"1";""
"202200027005";"765 878";"A01";"3";"7";"0";"2";"3";"1";"1";""
"202200027005";"765 879";"B01";"1";"33";"0";"2";"1";"1";"1";""
"202200027006";"765 876";"A01";"1";"7";"0";"2";"8";"10";"1";""
"202200027006";"765 877";"B01";"1";"7";"0";"2";"1";"1";"1";""
"202200027007";"765 875";"A01";"1";"7";"10";"0";"1";"0";"1";""
"202200027008";"765 873";"B01";"2";"33";"0";"2";"1";"17";"1";""
"202200027008";"765 874";"A01";"2";"7";"0";"2";"6";"15";"1";""
"202200027009";"765 871";"B01";"3";"1";"0";"2";"8";"19";"5";""
"202200027009";"765 872";"A01";"1";"7";"9";"2";"2";"1";"1";""
"202200027010";"765 870";"A01";"1";"0";"0";"1";"0";"26";"0";""
"202200027011";"765 869";"A01";"1";"7";"4";"0";"3";"1";"1";""
"202200027012";"765 867";"A01";"2";"7";"0";"2";"3";"26";"1";""
"202200027012";"765 868";"B01";"2";"1";"0";"2";"1";"1";"5";""
"202200027013";"765 865";"A01";"2";"7";"0";"2";"3";"20";"1";""
"202200027013";"765 866";"B01";"2";"7";"0";"2";"2";"1";"1";""
"202200027014";"765 864";"A01";"2";"7";"0";"0";"0";"0";"1";""
"202200027015";"765 862";"A01";"2";"33";"0";"2";"2";"17";"1";""
"202200027015";"765 863";"B01";"2";"7";"0";"2";"8";"1";"1";""
"202200027016";"765 860";"B01";"1";"7";"0";"2";"6";"1";"1";""
"202200027016";"765 861";"A01";"1";"7";"9";"2";"2";"2";"1";""
"202200027017";"765 858";"A01";"1";"7";"0";"1";"3";"1";"1";""
"202200027018";"765 856";"A01";"3";"7";"0";"2";"8";"15";"0";""
"202200027018";"765 857";"B01";"3";"33";"0";"2";"7";"1";"1";""
"202200027019";"765 854";"A01";"2";"30";"0";"2";"1";"15";"1";""
"202200027019";"765 855";"B01";"2";"50";"0";"2";"0";"1";"3";""
"202200027020";"765 852";"B01";"2";"2";"0";"2";"1";"1";"1";""
"202200027020";"765 853";"A01";"1";"7";"0";"2";"2";"15";"1";""
"202200027021";"765 851";"A01";"3";"7";"2";"0";"1";"1";"1";""
"202200027022";"765 849";"B01";"1";"31";"0";"2";"1";"1";"1";""
"202200027022";"765 850";"A01";"1";"7";"0";"2";"7";"15";"1";""
"202200027023";"765 847";"B01";"0";"7";"0";"2";"1";"0";"1";""
"202200027023";"765 848";"A01";"0";"7";"0";"2";"2";"1";"1";""
"202200027024";"765 845";"A01";"1";"99";"13";"0";"0";"0";"1";""