"Num_Acc";"id_vehicule";"num_veh";"senc";"catv";"obs";"obsm";"choc";"manv";"motor";"occutc"
"202200027233";"765 468";"B01";"2";"7";"0";"2";"2";"1";"1";""
"202200027234";"765 464";"A01";"1";"7";"0";"0";"3";"15";"1";""
"202200027234";"765 465";"B01";"1";"33";"0";"2";"1";"17";"1";""
"202200027235";"765 461";"A01";"3";"2";"0";"2";"8";"13";"1";""
"202200027235";"765 463";"B01";"3";"21";"0";"2";"8";"1";"1";""
"202200027236";"765 460";"A01";"2";"7";"0";"2";"1";"13";"1";""
"202200027236";"765 462";"B01";"1";"10";"0";"2";"1";"1";"1";""
"202200027237";"765 456";"C01";"2";"7";"0";"9";"1";"1";"1";""
"202200027237";"765 457";"B01";"2";"1";"0";"2";"4";"1";"5";""
"202200027237";"765 459";"A01";"2";"1";"0";"0";"4";"1";"5";""
"202200027238";"765 455";"B01";"2";"7";"0";"2";"1";"1";"1";""
"202200027238";"765 458";"A01";"1";"7";"0";"2";"1";"1";"1";""
"202200027239";"765 451";"A01";"2";"7";"0";"0";"9";"1";"1";""
"202200027240";"765 453";"B01";"1";"2";"0";"2";"1";"13";"1";""
"202200027240";"765 454";"A01";"2";"7";"0";"2";"1";"1";"1";""
"202200027241";"765 448";"B01";"2";"1";"0";"2";"1";"25";"5";""
"202200027241";"765 449";"A01";"2";"7";"0";"2";"3";"26";"1";""
"202200027242";"765 446";"A01";"1";"7";"0";"0";"6";"0";"1";""
"202200027242";"765 447";"B01";"1";"33";"0";"2";"1";"17";"1";""
"202200027242";"765 450";"C01";"1";"33";"0";"0";"0";"17";"1";""
"202200027242";"765 452";"D01";"1";"33";"0";"0";"0";"17";"1";""
"202200027243";"765 445";"A01";"2";"2";"0";"0";"0";"1";"1";""
"202200027244";"765 442";"B01";"1";"2";"0";"0";"7";"15";"1";""
"202200027244";"765 444";"A01";"1";"7";"0";"9";"3";"16";"1";""
"202200027245";"765 440";"A01";"1";"7";"0";"2";"1";"11";"1";""
"202200027245";"765 443";"B01";"2";"7";"0";"2";"1";"1";"1";""
"202200027246";"765 441";"A01";"1";"7";"13";"0";"3";"1";"1";""
"202200027247";"765 435";"C01";"3";"33";"17";"0";"3";"1";"1";""
"202200027247";"765 437";"B01";"3";"33";"13";"0";"1";"1";"1";""
"202200027247";"765 439";"A01";"3";"33";"13";"0";"7";"1";"1";""
"202200027248";"765 436";"A01";"2";"1";"0";"0";"8";"1";"5";""
"202200027249";"765 434";"A01";"2";"2";"13";"0";"1";"1";"1";""
"202200027250";"765 432";"A01";"1";"7";"1";"0";"1";"1";"1";""
"202200027250";"765 438";"B01";"1";"21";"0";"0";"4";"23";"1";""
"202200027251";"765 429";"B01";"2";"33";"0";"2";"1";"1";"1";""
"202200027251";"765 431";"A01";"1";"7";"0";"2";"3";"13";"1";""
"202200027252";"765 427";"B01";"1";"10";"0";"2";"1";"13";"0";""
"202200027252";"765 428";"A01";"2";"7";"0";"2";"1";"1";"2";""
"202200027253";"765 430";"B01";"2";"7";"0";"2";"1";"23";"1";""
"202200027253";"765 433";"A01";"1";"7";"0";"2";"1";"13";"1";""
"202200027254";"765 423";"A01";"0";"10";"0";"2";"2";"19";"1";""
"202200027254";"765 424";"B01";"0";"36";"0";"2";"3";"1";"1";""
"202200027255";"765 422";"A01";"1";"7";"1";"2";"1";"1";"1";""
"202200027255";"765 425";"B01";"1";"7";"0";"2";"4";"1";"1";""
"202200027255";"765 426";"C01";"1";"7";"0";"0";"4";"23";"1";""
"202200027256";"765 421";"A01";"1";"17";"0";"0";"9";"14";"1";""
"202200027257";"765 418";"B01";"0";"31";"0";"2";"1";"21";"1";""
"202200027257";"765 420";"A01";"0";"7";"0";"2";"2";"21";"1";""
"202200027258";"765 417";"B01";"2";"7";"0";"2";"7";"17";"1";""
"202200027258";"765 419";"A01";"2";"33";"0";"0";"3";"1";"1";""
"202200027259";"765 416";"A01";"2";"7";"13";"0";"2";"14";"1";""
"202200027260";"765 413";"B01";"3";"7";"0";"2";"8";"15";"1";""
"202200027260";"765 415";"A01";"1";"33";"0";"2";"1";"1";"1";""
"202200027261";"765 407";"B01";"3";"31";"0";"2";"1";"2";"1";""
"202200027261";"765 409";"A01";"3";"7";"0";"2";"8";"2";"1";""
"202200027262";"765 406";"B01";"3";"1";"0";"2";"3";"1";"5";""
"202200027262";"765 410";"A01";"3";"2";"0";"2";"3";"13";"1";""
"202200027263";"765 408";"B01";"3";"10";"0";"2";"2";"1";"1";""
"202200027263";"765 411";"A01";"3";"7";"0";"2";"3";"9";"1";""
"202200027264";"765 405";"A01";"1";"33";"0";"0";"3";"1";"1";""
"202200027265";"765 403";"B01";"1";"33";"0";"2";"2";"17";"1";""
"202200027265";"765 404";"A01";"2";"7";"0";"2";"2";"15";"1";""
"202200027266";"765 402";"A01";"2";"7";"6";"0";"3";"1";"1";""
"202200027267";"765 400";"A01";"1";"7";"0";"2";"1";"5";"1";""
"202200027267";"765 401";"B01";"2";"7";"0";"2";"1";"1";"1";""
"202200027268";"765 399";"A01";"3";"2";"11";"0";"1";"13";"1";""
"202200027269";"765 397";"B01";"3";"10";"0";"2";"1";"1";"1";""
"202200027269";"765 398";"A01";"3";"2";"0";"2";"1";"17";"1";""
"202200027270";"765 391";"C01";"1";"7";"0";"2";"1";"1";"1";""
"202200027270";"765 394";"B01";"1";"13";"0";"0";"8";"1";"1";""
"202200027270";"765 396";"A01";"2";"7";"0";"2";"1";"13";"1";""
"202200027271";"765 390";"A01";"1";"33";"0";"2";"1";"17";"1";""
"202200027271";"765 393";"B01";"1";"7";"0";"2";"8";"15";"1";""
"202200027272";"765 388";"A01";"2";"7";"0";"2";"1";"1";"1";""
"202200027272";"765 389";"B01";"1";"7";"0";"2";"1";"1";"1";""
"202200027273";"765 387";"C01";"2";"10";"0";"0";"4";"23";"1";""
"202200027273";"765 392";"B01";"2";"7";"0";"2";"4";"2";"2";""
"202200027273";"765 395";"A01";"2";"15";"0";"2";"1";"2";"1";""
"202200027274";"765 386";"A01";"1";"7";"0";"1";"8";"15";"1";""
"202200027275";"765 384";"B01";"2";"7";"0";"2";"6";"1";"1";""
"202200027275";"765 385";"A01";"2";"33";"0";"2";"3";"2";"1";""
"202200027276";"765 382";"B01";"2";"32";"0";"2";"2";"0";"1";""
"202200027276";"765 383";"A01";"3";"7";"0";"2";"6";"23";"1";""
"202200027277";"765 381";"A01";"2";"7";"8";"0";"8";"1";"1";""
"202200027278";"765 378";"B01";"2";"7";"0";"2";"8";"1";"1";""
"202200027278";"765 379";"A01";"1";"33";"0";"2";"1";"1";"1";""
"202200027279";"765 377";"A01";"1";"10";"1";"0";"1";"1";"1";""
"202200027279";"765 380";"B01";"1";"14";"0";"2";"4";"23";"1";""
"202200027280";"765 376";"A01";"3";"2";"13";"0";"7";"1";"1";""
"202200027281";"765 374";"A01";"2";"7";"3";"0";"1";"15";"1";""
"202200027282";"765 372";"A01";"2";"7";"0";"2";"3";"5";"1";""
"202200027282";"765 375";"B01";"1";"7";"0";"2";"3";"5";"1";""
"202200027283";"765 368";"A01";"1";"7";"0";"2";"2";"0";"1";""
"202200027283";"765 371";"B01";"1";"17";"0";"2";"8";"0";"1";""
"202200027284";"765 367";"B01";"2";"1";"0";"2";"4";"1";"5";""
"202200027284";"765 370";"A01";"2";"7";"0";"2";"1";"14";"1";""
"202200027285";"765 369";"B01";"2";"7";"0";"2";"1";"1";"1";""
"202200027285";"765 373";"A01";"3";"7";"0";"0";"8";"15";"1";""
"202200027286";"765 364";"B01";"1";"10";"0";"2";"4";"2";"1";""
"202200027286";"765 366";"A01";"1";"7";"0";"2";"1";"2";"1";""
"202200027287";"765 363";"B01";"1";"37";"0";"2";"2";"1";"1";"1"
"202200027287";"765 365";"A01";"1";"7";"0";"2";"3";"9";"1";""
"202200027288";"765 362";"A01";"1";"7";"7";"9";"1";"6";"1";""
"202200027289";"765 359";"A01";"1";"7";"0";"2";"7";"12";"1";""
"202200027289";"765 361";"B01";"1";"34";"0";"2";"8";"1";"1";""
"202200027290";"765 356";"B01";"1";"7";"0";"2";"4";"2";"1";""
"202200027290";"765 358";"C01";"1";"7";"0";"2";"4";"15";"1";""
"202200027290";"765 360";"A01";"1";"7";"0";"2";"1";"2";"1";""
"202200027291";"765 352";"A01";"1";"7";"0";"1";"2";"1";"1";""
"202200027292";"765 350";"A01";"1";"7";"0";"2";"1";"2";"1";""
"202200027292";"765 351";"B01";"1";"10";"0";"2";"4";"2";"1";""
"202200027292";"765 353";"C01";"1";"7";"0";"2";"4";"2";"2";""
"202200027292";"765 355";"D01";"1";"7";"0";"2";"4";"2";"2";""
"202200027293";"765 354";"B01";"1";"33";"0";"2";"1";"1";"1";""
"202200027293";"765 357";"A01";"1";"10";"0";"2";"8";"10";"1";""
"202200027294";"765 349";"A01";"0";"1";"0";"9";"1";"1";"5";""
"202200027295";"765 347";"A01";"1";"7";"0";"2";"1";"2";"1";""
"202200027295";"765 348";"B01";"1";"10";"0";"2";"6";"2";"1";""
"202200027296";"765 346";"A01";"0";"1";"0";"0";"0";"15";"5";""
"202200027297";"765 345";"A01";"1";"14";"13";"0";"0";"13";"1";""
"202200027298";"765 343";"A01";"1";"33";"5";"0";"7";"1";"1";""
"202200027299";"765 340";"C01";"2";"7";"0";"2";"4";"23";"1";""
"202200027299";"765 342";"B01";"2";"7";"0";"2";"1";"23";"1";""
"202200027299";"765 344";"A01";"2";"7";"0";"2";"1";"1";"1";""
"202200027300";"765 338";"B01";"3";"33";"0";"2";"8";"15";"1";""
"202200027300";"765 339";"A01";"3";"10";"0";"2";"3";"15";"1";""
"202200027301";"765 341";"A01";"3";"10";"13";"0";"2";"1";"1";""
"202200027302";"765 335";"A01";"1";"7";"0";"2";"1";"17";"2";""
"202200027302";"765 337";"B01";"1";"37";"0";"2";"6";"1";"3";"1"
"202200027303";"765 333";"B01";"2";"7";"0";"0";"4";"2";"1";""
"202200027303";"765 336";"A01";"2";"7";"0";"2";"1";"2";"1";""
"202200027304";"765 331";"A01";"1";"10";"13";"0";"0";"1";"1";""
"202200027305";"765 330";"A01";"1";"10";"6";"0";"9";"1";"1";""
"202200027306";"765 332";"A01";"1";"7";"0";"9";"2";"16";"1";""
"202200027306";"765 334";"B01";"1";"1";"0";"2";"8";"1";"5";""
"202200027307";"765 328";"A01";"1";"1";"0";"0";"0";"26";"6";""
"202200027308";"765 327";"B01";"2";"7";"0";"2";"6";"2";"1";""
"202200027308";"765 329";"A01";"2";"7";"0";"2";"2";"17";"1";""
"202200027309";"765 324";"A01";"1";"7";"15";"0";"3";"2";"1";""
"202200027310";"765 323";"A01";"0";"80";"0";"2";"0";"0";"3";""
"202200027310";"765 325";"B01";"1";"10";"0";"2";"2";"1";"1";""
"202200027311";"765 321";"C01";"2";"7";"0";"2";"4";"2";"1";""
"202200027311";"765 322";"B01";"2";"7";"0";"2";"4";"2";"1";""
"202200027311";"765 326";"A01";"2";"10";"0";"2";"1";"2";"1";""
"202200027312";"765 318";"B01";"1";"10";"0";"2";"3";"15";"1";""
"202200027312";"765 319";"A01";"1";"33";"0";"2";"1";"3";"1";""
"202200027313";"765 316";"A01";"2";"7";"0";"2";"1";"1";"2";""
"202200027313";"765 320";"Z01";"2";"7";"0";"2";"4";"23";"1";""
"202200027314";"765 312";"A01";"2";"33";"0";"2";"1";"1";"1";""
"202200027314";"765 314";"B01";"2";"7";"0";"2";"6";"1";"1";""
"202200027315";"765 315";"B01";"2";"7";"0";"0";"4";"2";"1";""
"202200027315";"765 317";"A01";"2";"7";"0";"2";"1";"2";"0";""
"202200027316";"765 310";"B01";"2";"7";"0";"2";"1";"23";"2";""
"202200027316";"765 311";"C01";"2";"7";"0";"2";"4";"23";"1";""
"202200027316";"765 313";"A01";"2";"7";"0";"2";"1";"1";"1";""
"202200027317";"765 309";"A01";"3";"7";"0";"1";"1";"1";"1";""
"202200027318";"765 306";"C01";"1";"7";"0";"2";"3";"1";"1";""
"202200027318";"765 307";"B01";"1";"7";"0";"2";"6";"1";"1";""
"202200027318";"765 308";"A01";"1";"33";"0";"2";"1";"1";"1";""
"202200027319";"765 303";"A01";"1";"7";"0";"1";"1";"1";"1";""
"202200027320";"765 304";"B01";"1";"7";"0";"2";"5";"1";"1";""
"202200027320";"765 305";"A01";"1";"33";"0";"2";"1";"2";"1";""
"202200027321";"765 298";"A01";"2";"7";"13";"0";"1";"1";"1";""
"202200027322";"765 296";"B01";"1";"7";"0";"2";"3";"0";"1";""
"202200027322";"765 299";"A01";"2";"7";"0";"2";"3";"26";"1";""
"202200027323";"765 297";"A01";"2";"32";"0";"2";"2";"3";"1";""
"202200027323";"765 300";"B01";"2";"7";"0";"9";"3";"2";"1";""
"202200027323";"765 301";"C01";"2";"10";"0";"9";"5";"2";"1";""
"202200027323";"765 302";"D01";"2";"17";"0";"9";"3";"2";"1";""
"202200027324";"765 293";"B01";"0";"7";"0";"2";"0";"0";"1";""
"202200027324";"765 294";"A01";"2";"10";"0";"2";"2";"1";"1";""
"202200027325";"765 292";"B01";"3";"7";"0";"2";"1";"19";"1";""
"202200027325";"765 295";"A01";"1";"1";"0";"2";"8";"1";"5";""
"202200027326";"765 291";"A01";"3";"7";"0";"1";"2";"1";"1";""
"202200027327";"765 289";"A01";"3";"7";"0";"1";"3";"1";"1";""
"202200027328";"765 288";"A01";"2";"7";"0";"2";"1";"16";"1";""
"202200027328";"765 290";"B01";"1";"33";"0";"2";"0";"1";"0";""
"202200027329";"765 287";"A01";"1";"32";"0";"1";"1";"1";"1";""
"202200027330";"765 286";"A01";"1";"1";"0";"0";"0";"1";"5";""
"202200027331";"765 285";"A01";"0";"50";"0";"1";"1";"25";"3";""
"202200027332";"765 282";"B01";"0";"7";"0";"2";"8";"1";"1";""
"202200027332";"765 283";"A01";"0";"10";"0";"2";"1";"1";"1";""
"202200027333";"765 278";"B01";"1";"2";"0";"2";"1";"1";"1";""
"202200027333";"765 280";"A01";"1";"7";"0";"2";"3";"26";"1";""
"202200027334";"765 279";"A01";"1";"37";"0";"2";"2";"17";"1";"1"
"202200027334";"765 281";"B01";"1";"14";"0";"0";"3";"26";"1";""
"202200027335";"765 276";"A01";"2";"30";"0";"2";"8";"9";"1";""
"202200027335";"765 277";"B01";"2";"10";"0";"2";"8";"1";"1";""
"202200027336";"765 274";"B01";"1";"13";"1";"0";"5";"17";"1";""
"202200027336";"765 275";"A01";"1";"10";"0";"0";"6";"0";"6";""
"202200027337";"765 272";"B01";"3";"7";"0";"2";"8";"1";"1";""
"202200027337";"765 273";"A01";"3";"30";"0";"2";"1";"1";"1";""
"202200027338";"765 270";"Z01";"1";"7";"0";"1";"4";"26";"0";""
"202200027339";"765 271";"A01";"3";"10";"1";"0";"1";"0";"0";""
"202200027340";"765 267";"B01";"2";"10";"0";"2";"1";"9";"1";""
"202200027340";"765 269";"A01";"2";"34";"0";"2";"7";"26";"1";""
"202200027341";"765 266";"A01";"2";"33";"0";"2";"1";"13";"1";""
"202200027341";"765 268";"B01";"1";"37";"0";"2";"1";"1";"1";"1"
"202200027342";"765 264";"A01";"2";"10";"0";"1";"3";"15";"1";""
"202200027343";"765 263";"B01";"1";"38";"0";"2";"3";"13";"1";"1"
"202200027343";"765 265";"A01";"0";"7";"8";"2";"8";"15";"1";""
"202200027344";"765 261";"A01";"1";"7";"0";"2";"5";"15";"1";""
"202200027344";"765 262";"B01";"1";"33";"0";"2";"3";"18";"1";""
"202200027345";"765 259";"B01";"1";"10";"1";"0";"1";"1";"0";""
"202200027345";"765 260";"A01";"1";"15";"0";"2";"6";"24";"1";""
"202200027346";"765 257";"B01";"3";"1";"0";"2";"8";"1";"5";""
"202200027346";"765 258";"A01";"3";"7";"0";"2";"7";"17";"1";""
"202200027347";"765 254";"B01";"1";"33";"0";"2";"1";"1";"1";""
"202200027347";"765 256";"A01";"1";"7";"0";"2";"3";"15";"1";""
"202200027348";"765 253";"B01";"2";"10";"0";"2";"3";"1";"1";""
"202200027348";"765 255";"A01";"1";"7";"0";"2";"3";"13";"1";""
"202200027349";"765 252";"A01";"1";"7";"1";"0";"3";"19";"1";""
"202200027350";"765 249";"B01";"0";"1";"0";"2";"8";"1";"5";""
"202200027350";"765 251";"A01";"0";"7";"0";"2";"2";"16";"1";""
"202200027351";"765 248";"B01";"2";"33";"0";"2";"1";"1";"1";""
"202200027351";"765 250";"A01";"2";"10";"0";"2";"2";"1";"1";""
"202200027352";"765 247";"A01";"3";"7";"8";"0";"0";"1";"1";""
"202200027353";"765 245";"B01";"1";"80";"1";"0";"1";"21";"3";""
"202200027353";"765 246";"Z01";"1";"7";"0";"2";"8";"22";"1";""
"202200027354";"765 242";"A01";"2";"1";"0";"2";"1";"1";"5";""
"202200027354";"765 244";"B01";"1";"7";"0";"2";"5";"15";"1";""
"202200027355";"765 241";"A01";"3";"1";"0";"2";"1";"1";"5";""
"202200027355";"765 243";"B01";"2";"3";"0";"9";"8";"1";"3";""
"202200027356";"765 238";"A01";"3";"7";"0";"2";"3";"1";"1";""
"202200027356";"765 239";"B01";"1";"1";"0";"2";"1";"1";"5";""
"202200027357";"765 237";"A01";"0";"7";"0";"2";"0";"9";"1";""
"202200027357";"765 240";"B01";"1";"7";"0";"2";"0";"1";"1";""
"202200027358";"765 236";"A01";"1";"33";"12";"0";"2";"1";"1";""
"202200027359";"765 233";"B01";"2";"7";"0";"2";"1";"1";"1";""
"202200027359";"765 235";"A01";"1";"7";"0";"2";"1";"13";"1";""
"202200027360";"765 232";"A01";"1";"7";"0";"9";"8";"17";"1";""
"202200027360";"765 234";"B01";"2";"1";"0";"2";"8";"1";"5";""
"202200027361";"765 230";"B01";"1";"7";"0";"2";"1";"1";"1";""
"202200027361";"765 231";"A01";"1";"7";"0";"2";"4";"15";"1";""
"202200027362";"765 226";"B01";"1";"7";"0";"0";"6";"20";"1";""
"202200027362";"765 228";"A01";"1";"2";"0";"2";"1";"2";"1";""
"202200027363";"765 225";"A01";"2";"7";"0";"2";"6";"17";"1";""
"202200027363";"765 227";"B01";"1";"7";"0";"2";"3";"1";"1";""
"202200027364";"765 223";"B01";"3";"99";"0";"0";"8";"0";"1";""
"202200027364";"765 224";"A01";"3";"33";"0";"0";"1";"0";"1";""
"202200027365";"765 218";"D01";"1";"10";"0";"2";"1";"1";"1";""
"202200027365";"765 219";"C01";"1";"7";"0";"2";"6";"1";"1";""
"202200027365";"765 221";"B01";"1";"3";"0";"2";"1";"1";"1";""
"202200027365";"765 222";"A01";"2";"7";"0";"2";"3";"5";"1";""
"202200027366";"765 217";"B01";"2";"7";"0";"4";"7";"19";"1";""
"202200027366";"765 220";"A01";"1";"40";"0";"2";"1";"19";"3";""
"202200027367";"765 213";"B01";"3";"80";"0";"2";"5";"1";"3";""
"202200027367";"765 215";"A01";"3";"7";"0";"2";"7";"16";"1";""
"202200027368";"765 214";"A01";"2";"7";"0";"2";"1";"15";"1";""
"202200027368";"765 216";"B01";"0";"31";"0";"2";"8";"1";"1";""
"202200027369";"765 211";"A01";"2";"33";"2";"0";"3";"14";"1";""
"202200027370";"765 210";"B01";"1";"32";"0";"2";"1";"1";"1";""
"202200027370";"765 212";"Z01";"1";"32";"0";"2";"0";"0";"0";""
"202200027371";"765 209";"A01";"1";"33";"16";"0";"9";"14";"1";""
"202200027372";"765 208";"A01";"2";"30";"1";"0";"3";"13";"1";""
"202200027373";"765 205";"B01";"1";"7";"0";"2";"1";"15";"1";""
"202200027373";"765 206";"A01";"2";"30";"0";"2";"1";"16";"3";""
"202200027374";"765 202";"A01";"2";"33";"0";"2";"1";"1";"1";""
"202200027374";"765 203";"B01";"1";"7";"0";"2";"3";"9";"1";""
"202200027375";"765 198";"A01";"2";"33";"0";"2";"2";"2";"1";""
"202200027375";"765 200";"B01";"2";"7";"0";"0";"6";"23";"1";""
"202200027375";"765 201";"C01";"1";"7";"0";"0";"3";"1";"1";""
"202200027376";"765 197";"B01";"2";"33";"0";"2";"1";"2";"1";""
"202200027376";"765 199";"A01";"2";"7";"0";"0";"4";"16";"1";""
"202200027377";"765 193";"B01";"1";"1";"0";"2";"1";"1";"5";""
"202200027377";"765 196";"A01";"2";"7";"0";"9";"3";"13";"1";""
"202200027378";"765 191";"A01";"3";"7";"0";"1";"3";"1";"1";""
"202200027379";"765 190";"A01";"2";"7";"0";"2";"2";"16";"1";""
"202200027379";"765 192";"B01";"2";"50";"0";"2";"3";"1";"3";""
"202200027380";"765 188";"B01";"0";"31";"0";"2";"1";"21";"1";""
"202200027380";"765 189";"A01";"0";"10";"0";"2";"6";"20";"1";""
"202200027381";"765 187";"A01";"1";"7";"6";"0";"1";"19";"1";""
"202200027382";"765 185";"B01";"1";"0";"0";"2";"2";"2";"0";""
"202200027382";"765 186";"A01";"1";"1";"0";"2";"1";"2";"5";""
"202200027383";"765 184";"A01";"2";"7";"16";"0";"9";"1";"1";""
"202200027384";"765 182";"A01";"1";"7";"0";"1";"3";"2";"1";""
"202200027385";"765 181";"B01";"1";"7";"0";"2";"1";"1";"1";""
"202200027385";"765 183";"A01";"2";"7";"0";"2";"1";"1";"1";""
"202200027386";"765 179";"A01";"0";"7";"13";"0";"0";"0";"1";""
"202200027387";"765 178";"B01";"2";"33";"0";"2";"1";"1";"1";""
"202200027387";"765 180";"A01";"1";"7";"0";"2";"3";"9";"1";""
"202200027388";"765 175";"B01";"1";"33";"0";"2";"4";"23";"1";""
"202200027388";"765 177";"A01";"1";"7";"14";"0";"1";"2";"1";""
"202200027389";"765 174";"B01";"2";"7";"0";"2";"3";"15";"1";""
"202200027389";"765 176";"A01";"2";"33";"0";"2";"3";"17";"1";""
"202200027390";"765 172";"A01";"0";"7";"0";"2";"2";"15";"1";""
"202200027390";"765 173";"B01";"0";"7";"0";"2";"1";"1";"1";""
"202200027391";"765 169";"A01";"1";"7";"0";"0";"1";"19";"1";""
"202200027392";"765 168";"C01";"1";"7";"0";"2";"1";"2";"1";""
"202200027392";"765 170";"B01";"1";"7";"0";"2";"4";"2";"1";""
"202200027392";"765 171";"A01";"1";"10";"0";"2";"4";"1";"1";""
"202200027393";"765 165";"Z01";"0";"7";"0";"0";"0";"0";"0";""
"202200027393";"765 167";"B01";"0";"33";"0";"0";"0";"0";"1";""
"202200027394";"765 164";"B01";"2";"10";"14";"2";"4";"2";"1";""
"202200027394";"765 166";"A01";"2";"14";"1";"2";"1";"21";"1";""
"202200027395";"765 163";"A01";"1";"7";"2";"0";"1";"1";"1";""
"202200027396";"765 160";"A01";"2";"31";"0";"0";"0";"0";"1";""
"202200027397";"765 156";"E01";"1";"7";"0";"2";"5";"1";"1";""
"202200027397";"765 158";"D01";"1";"7";"0";"2";"4";"0";"1";""
"202200027397";"765 159";"C01";"1";"7";"0";"2";"4";"0";"1";""
"202200027397";"765 161";"B01";"1";"7";"0";"2";"4";"1";"1";""
"202200027397";"765 162";"A01";"1";"13";"0";"2";"1";"1";"1";""
"202200027398";"765 155";"A01";"0";"7";"0";"2";"1";"2";"1";""
"202200027398";"765 157";"B01";"3";"7";"0";"1";"6";"0";"1";""
"202200027399";"765 154";"A01";"1";"33";"0";"0";"7";"2";"1";""
"202200027400";"765 152";"B01";"1";"32";"0";"2";"1";"17";"1";""
"202200027400";"765 153";"A01";"1";"7";"0";"2";"8";"15";"1";""
"202200027401";"765 150";"A01";"2";"7";"0";"2";"4";"2";"1";""
"202200027401";"765 151";"B01";"2";"17";"0";"2";"3";"12";"1";""
"202200027402";"765 148";"A01";"1";"7";"0";"2";"2";"15";"1";""
"202200027402";"765 149";"B01";"2";"33";"0";"2";"1";"1";"1";""
"202200027403";"765 146";"B01";"2";"15";"0";"2";"3";"1";"1";""
"202200027403";"765 147";"A01";"2";"7";"0";"2";"7";"14";"1";""
"202200027404";"765 144";"B01";"0";"40";"0";"2";"0";"1";"0";""
"202200027404";"765 145";"A01";"1";"34";"0";"4";"0";"1";"1";""
"202200027405";"765 142";"B01";"2";"31";"0";"2";"8";"3";"1";""
"202200027405";"765 143";"A01";"2";"7";"0";"2";"7";"12";"1";""
"202200027406";"765 141";"A01";"3";"7";"0";"1";"2";"2";"1";""
"202200027407";"765 138";"A01";"3";"1";"0";"0";"0";"0";"5";""
"202200027408";"765 137";"A01";"2";"17";"0";"2";"3";"11";"1";""
"202200027408";"765 139";"B01";"2";"33";"0";"2";"7";"1";"1";""
"202200027408";"765 140";"C01";"2";"7";"0";"2";"4";"1";"1";""
"202200027409";"765 134";"A01";"3";"50";"0";"2";"4";"19";"3";""
"202200027409";"765 136";"B01";"3";"33";"0";"2";"1";"1";"1";""
"202200027410";"765 131";"C01";"2";"10";"0";"2";"4";"1";"0";""
"202200027410";"765 133";"B01";"2";"7";"0";"2";"1";"1";"0";""
"202200027410";"765 135";"A01";"2";"7";"0";"2";"2";"1";"0";""
"202200027411";"765 129";"C01";"1";"7";"0";"2";"4";"2";"2";""
"202200027411";"765 130";"B01";"1";"33";"0";"2";"7";"1";"1";""
"202200027411";"765 132";"A01";"1";"33";"0";"2";"1";"2";"1";""
"202200027412";"765 126";"A01";"2";"33";"0";"0";"7";"21";"1";""
"202200027413";"765 127";"Z01";"2";"7";"0";"2";"0";"0";"2";""
"202200027413";"765 128";"A01";"2";"7";"0";"2";"6";"1";"1";""
"202200027414";"765 125";"A01";"1";"7";"0";"0";"0";"1";"0";""
"202200027415";"765 123";"B01";"1";"7";"0";"2";"4";"2";"1";""
"202200027415";"765 124";"A01";"1";"32";"0";"2";"1";"2";"1";""
"202200027416";"765 121";"A01";"1";"30";"0";"0";"0";"21";"1";""
"202200027417";"765 120";"A01";"2";"7";"0";"2";"3";"2";"1";""
"202200027417";"765 122";"B01";"2";"7";"0";"2";"5";"2";"2";""
"202200027418";"765 118";"A01";"1";"33";"0";"1";"2";"1";"1";""
"202200027419";"765 116";"C01";"1";"7";"0";"2";"4";"1";"1";""
"202200027419";"765 117";"B01";"1";"7";"0";"2";"4";"1";"0";""
"202200027419";"765 119";"A01";"1";"10";"0";"2";"1";"1";"0";""
"202200027420";"765 114";"B01";"2";"34";"0";"2";"3";"1";"1";""
"202200027420";"765 115";"A01";"2";"7";"0";"2";"2";"9";"1";""
"202200027421";"765 110";"C01";"1";"7";"0";"2";"4";"1";"1";""
"202200027421";"765 112";"B01";"1";"7";"0";"2";"4";"2";"1";""
"202200027421";"765 113";"A01";"1";"7";"0";"2";"1";"2";"1";""
"202200027422";"765 109";"A01";"1";"7";"4";"0";"1";"13";"1";""
"202200027423";"765 108";"A01";"1";"7";"0";"2";"2";"16";"1";""
"202200027423";"765 111";"B01";"1";"31";"0";"2";"1";"1";"1";""
"202200027424";"765 106";"A01";"2";"7";"0";"2";"3";"2";"1";""
"202200027424";"765 107";"B01";"2";"10";"0";"2";"5";"2";"1";""
"202200027425";"765 103";"A01";"1";"30";"0";"1";"1";"1";"1";""
"202200027426";"765 102";"A01";"2";"7";"0";"2";"6";"12";"1";""
"202200027426";"765 104";"B01";"2";"31";"0";"2";"8";"1";"1";""
"202200027426";"765 105";"C01";"2";"7";"0";"2";"6";"0";"1";""
"202200027427";"765 100";"B01";"2";"7";"0";"2";"1";"1";"1";""
"202200027427";"765 101";"A01";"2";"7";"0";"2";"4";"1";"1";""
"202200027428";"765 099";"A01";"2";"7";"0";"1";"1";"7";"1";""
"202200027429";"765 097";"A01";"1";"33";"0";"2";"1";"2";"1";""
"202200027429";"765 098";"B01";"1";"10";"0";"2";"4";"2";"1";""
"202200027430";"765 094";"A01";"1";"50";"0";"2";"1";"1";"3";""
"202200027430";"765 096";"Z01";"2";"1";"0";"2";"1";"13";"5";""
"202200027431";"765 092";"A01";"2";"7";"0";"2";"1";"11";"1";""