"Num_Acc";"id_vehicule";"num_veh";"senc";"catv";"obs";"obsm";"choc";"manv";"motor";"occutc"
"202200027858";"764 320";"A01";"3";"1";"0";"2";"3";"1";"5";""
"202200027858";"764 321";"B01";"0";"7";"0";"9";"2";"0";"1";""
"202200027859";"764 318";"A01";"1";"2";"0";"2";"2";"17";"1";""
"202200027859";"764 319";"B01";"1";"10";"0";"0";"8";"15";"1";""
"202200027860";"764 316";"B01";"1";"50";"0";"2";"7";"1";"3";""
"202200027860";"764 317";"A01";"2";"7";"0";"2";"1";"9";"1";""
"202200027861";"764 315";"A01";"2";"7";"2";"0";"2";"1";"1";""
"202200027862";"764 313";"A01";"2";"7";"0";"2";"1";"1";"1";""
"202200027862";"764 314";"B01";"2";"7";"0";"0";"4";"1";"1";""
"202200027863";"764 311";"A01";"1";"7";"3";"2";"8";"26";"1";""
"202200027863";"764 312";"B01";"2";"7";"0";"2";"1";"1";"0";""
"202200027864";"764 310";"A01";"3";"7";"0";"1";"1";"1";"1";""
"202200027865";"764 309";"A01";"1";"7";"0";"0";"3";"1";"1";""
"202200027866";"764 307";"B01";"2";"2";"0";"2";"3";"1";"1";""
"202200027866";"764 308";"A01";"1";"7";"0";"2";"3";"15";"1";""
"202200027867";"764 306";"A01";"1";"7";"4";"0";"1";"0";"1";""
"202200027868";"764 305";"A01";"2";"7";"0";"1";"3";"1";"1";""
"202200027869";"764 304";"A01";"2";"10";"0";"1";"3";"1";"1";""
"202200027870";"764 300";"D01";"1";"80";"0";"2";"4";"2";"3";""
"202200027870";"764 301";"C01";"1";"1";"0";"2";"4";"2";"5";""
"202200027870";"764 302";"B01";"1";"1";"0";"2";"4";"2";"5";""
"202200027870";"764 303";"A01";"1";"7";"0";"9";"2";"2";"1";""
"202200027871";"764 299";"A01";"0";"7";"2";"0";"2";"1";"0";""
"202200027872";"764 295";"D01";"1";"7";"3";"2";"1";"0";"1";""
"202200027872";"764 296";"C01";"1";"7";"6";"2";"1";"0";"1";""
"202200027872";"764 297";"B01";"1";"37";"0";"2";"3";"1";"1";"1"
"202200027872";"764 298";"A01";"2";"7";"3";"2";"3";"13";"1";""
"202200027873";"764 293";"A01";"2";"2";"1";"0";"1";"0";"1";""
"202200027873";"764 294";"B01";"0";"7";"0";"2";"4";"23";"1";""
"202200027874";"764 291";"A01";"1";"7";"7";"2";"2";"1";"1";""
"202200027874";"764 292";"B01";"1";"7";"0";"2";"3";"1";"1";""
"202200027875";"764 288";"C01";"1";"7";"0";"2";"1";"1";"1";""
"202200027875";"764 289";"B01";"1";"7";"0";"2";"3";"1";"1";""
"202200027875";"764 290";"A01";"2";"7";"3";"2";"3";"13";"2";""
"202200027876";"764 285";"B01";"1";"20";"0";"2";"6";"12";"1";""
"202200027876";"764 287";"A01";"1";"7";"13";"2";"2";"14";"1";""
"202200027877";"764 284";"B01";"3";"1";"0";"2";"1";"1";"5";""
"202200027877";"764 286";"A01";"3";"10";"0";"2";"1";"15";" -1";""
"202200027878";"764 281";"A01";"1";"7";"0";"2";"3";"13";"1";""
"202200027878";"764 283";"B01";"2";"7";"0";"2";"3";"1";"1";""
"202200027879";"764 277";"B01";"1";"1";"0";"2";"3";"1";"5";""
"202200027879";"764 279";"A01";"1";"17";"0";"2";"5";"2";"0";""
"202200027880";"764 276";"B01";"2";"60";"0";"2";"1";"0";"5";""
"202200027880";"764 278";"A01";"2";"7";"0";"2";"1";"2";"1";""
"202200027881";"764 275";"A01";"1";"7";"1";"0";"2";"2";"1";""
"202200027882";"764 273";"A01";"0";"7";"2";"0";"3";"1";"1";""
"202200027883";"764 272";"B01";"0";"7";"0";"2";"3";"1";"1";""
"202200027883";"764 274";"A01";"2";"7";"0";"2";"8";"10";"1";""
"202200027884";"764 271";"A01";"3";"2";"9";"0";"8";"1";"0";""
"202200027885";"764 269";"A01";"1";"7";"15";"0";"3";"13";"1";""
"202200027886";"764 265";"A01";"1";"33";"0";"0";"4";"2";"1";""
"202200027886";"764 266";"B01";"1";"33";"0";"0";"4";"16";"1";""
"202200027887";"764 261";"A01";"2";"7";"0";"2";"1";"1";"1";""
"202200027887";"764 263";"B01";"2";"15";"0";"2";"3";"1";"1";""
"202200027888";"764 258";"A01";"1";"7";"0";"2";"3";"1";"1";""
"202200027888";"764 260";"B01";"2";"7";"0";"2";"3";"1";"1";""
"202200027889";"764 255";"B01";"1";"10";"0";"2";"2";"9";"1";""
"202200027889";"764 256";"A01";"2";"7";"0";"2";"7";"1";"1";""
"202200027890";"764 254";"A01";"1";"7";"0";"1";"3";"1";"1";""
"202200027891";"764 252";"B01";"1";"7";"0";"2";"3";"1";"1";""
"202200027891";"764 253";"A01";"2";"7";"0";"2";"3";"13";"1";""
"202200027892";"764 251";"A01";"0";"7";"0";"1";"3";"1";"1";""
"202200027893";"764 249";"A01";"1";"7";"0";"2";"1";"11";"1";""
"202200027893";"764 250";"B01";"2";"7";"0";"2";"1";"1";"1";""
"202200027894";"764 246";"C01";"0";"7";"0";"2";"7";"1";"1";""
"202200027894";"764 247";"B01";"0";"7";"0";"2";"7";"1";"1";""
"202200027894";"764 248";"A01";"0";"7";"0";"2";"1";"9";"1";""
"202200027895";"764 245";"A01";"2";"7";"13";"0";"2";"1";"1";""
"202200027896";"764 244";"A01";"0";"7";"0";"2";"1";"9";"1";""
"202200027897";"764 243";"A01";"1";"7";"13";"0";"1";"1";"1";""
"202200027898";"764 242";"A01";"1";"7";"6";"2";"2";"13";"1";""
"202200027899";"764 241";"A01";"1";"33";"0";"0";"8";"15";"1";""
"202200027900";"764 238";"A01";"1";"7";"0";"4";"7";"1";"1";""
"202200027900";"764 239";"B01";"1";"39";"0";"4";"2";"1";"3";""
"202200027901";"764 237";"A01";"1";"7";"0";"2";"1";"16";"1";""
"202200027901";"764 240";"B01";"2";"7";"0";"2";"0";"0";"1";""
"202200027902";"764 235";"B01";"3";"7";"0";"2";"8";"15";"1";""
"202200027902";"764 236";"A01";"3";"33";"0";"2";"1";"3";"1";""
"202200027903";"764 233";"A01";"1";"30";"8";"0";"1";"1";"1";""
"202200027904";"764 232";"A01";"1";"7";"0";"2";"6";"1";"3";""
"202200027904";"764 234";"B01";"2";"1";"0";"2";"1";"1";"5";""
"202200027905";"764 231";"A01";"0";"0";"0";"1";"0";"0";"0";""
"202200027906";"764 227";"A01";"1";"14";"0";"2";"3";"1";"1";""
"202200027906";"764 229";"B01";"2";"7";"0";"2";"1";"17";"1";""
"202200027907";"764 228";"A01";"0";"7";"0";"2";"6";"1";"1";""
"202200027907";"764 230";"B01";"2";"2";"0";"2";"1";"1";"1";""
"202200027908";"764 225";"A01";"1";"7";"11";"0";"1";"1";"1";""
"202200027909";"764 222";"A01";"1";"7";"0";"2";"3";"13";"1";""
"202200027909";"764 223";"B01";"2";"7";"0";"2";"3";"1";"1";""
"202200027910";"764 221";"A01";"2";"7";"0";"1";"1";"16";"1";""
"202200027911";"764 219";"B01";"0";"7";"0";"2";"1";"1";"1";""
"202200027911";"764 220";"A01";"0";"7";"0";"2";"1";"13";"1";""
"202200027912";"764 217";"A01";"1";"30";"0";"2";"1";"2";"1";""
"202200027912";"764 218";"B01";"1";"7";"0";"2";"4";"2";"1";""
"202200027913";"764 216";"A01";" -1";"7";"0";"1";"2";"1";"1";""
"202200027914";"764 213";"B01";"1";"7";"0";"0";"3";"1";"2";""
"202200027914";"764 214";"A01";"2";"7";"0";"0";"3";"13";"2";""
"202200027915";"764 212";"A01";"1";"7";"0";"2";"1";"1";"1";""
"202200027915";"764 215";"B01";"0";"7";"0";"2";"8";"19";"1";""
"202200027916";"764 211";"A01";"2";"7";"0";"1";"2";"1";"1";""
"202200027917";"764 210";"A01";"1";"7";"0";"1";"1";"1";"2";""
"202200027918";"764 208";"A01";"1";"7";"0";"0";"8";"9";"1";""
"202200027918";"764 209";"B01";"1";"7";"0";"2";"1";"1";"1";""
"202200027919";"764 206";"A01";"2";"7";"0";"4";"1";"19";"1";""
"202200027919";"764 207";"B01";"2";"40";"0";"2";"1";"1";"3";""
"202200027920";"764 199";"B01";"1";"1";"0";"2";"8";"2";"5";""
"202200027920";"764 201";"A01";"1";"10";"0";"2";"0";"2";"1";""
"202200027921";"764 197";"A01";"1";"7";"0";"2";"1";"17";"1";""
"202200027921";"764 198";"B01";"1";"7";"0";"0";"6";"1";"1";""
"202200027921";"764 200";"C01";"2";"7";"0";"2";"3";"1";"1";""
"202200027922";"764 194";"A01";"2";"7";"0";"0";"0";"1";"1";""
"202200027923";"764 195";"A01";"1";"10";"0";"2";"1";"1";"1";""
"202200027923";"764 196";"B01";"2";"50";"0";"2";"6";"19";"3";""
"202200027924";"764 191";"A01";"1";"14";"0";"2";"4";"0";"1";""
"202200027924";"764 193";"B01";"1";"7";"0";"2";"1";"0";"1";""
"202200027925";"764 190";"A01";"3";"7";"1";"0";"4";"23";"1";""
"202200027925";"764 192";"B01";"1";"7";"1";"2";"1";"2";"1";""
"202200027926";"764 189";"A01";"1";"7";"16";"0";"0";"14";"1";""
"202200027927";"764 188";"A01";"3";"7";"0";"1";"1";"1";"0";""
"202200027928";"764 184";"B01";"1";"1";"0";"2";"1";"26";"5";""
"202200027928";"764 186";"A01";"1";"7";"0";"2";"2";"0";"1";""
"202200027929";"764 183";"A01";"2";"7";"0";"2";"1";"2";"1";""
"202200027929";"764 185";"B01";"2";"7";"0";"2";"4";"2";"1";""
"202200027929";"764 187";"C01";"2";"7";"0";"2";"4";"2";"1";""
"202200027930";"764 180";"A01";"2";"7";"3";"0";"8";"13";"1";""
"202200027931";"764 178";"A01";"1";"7";"0";"1";"7";"26";"1";""
"202200027932";"764 177";"B01";"1";"7";"4";"2";"4";"2";"2";""
"202200027932";"764 179";"A01";"1";"7";"4";"2";"1";"2";"1";""
"202200027933";"764 175";"B01";"3";"7";"0";"1";"2";"26";"1";""
"202200027934";"764 173";"Z01";"2";"10";"0";"2";"6";"11";"0";""
"202200027934";"764 174";"A01";"2";"7";"0";"2";"2";"1";"1";""
"202200027934";"764 176";"B01";"2";"7";"0";"2";"2";"1";"1";""
"202200027935";"764 169";"B01";"2";"34";"0";"2";"3";"3";"1";""
"202200027935";"764 170";"A01";"2";"7";"0";"2";"2";"12";"1";""
"202200027936";"764 167";"A01";"1";"33";"0";"0";"7";"3";"1";""
"202200027937";"764 163";"A01";"1";"33";"0";"2";"8";"11";"0";""
"202200027937";"764 165";"B01";"2";"34";"0";"2";"7";"2";"0";""
"202200027938";"764 162";"B01";"0";"1";"0";"2";"4";"1";"5";""
"202200027938";"764 164";"A01";"0";"7";"0";"2";"2";"2";"0";""
"202200027939";"764 160";"B01";"1";"7";"0";"2";"5";"2";"1";""
"202200027939";"764 161";"A01";"1";"33";"0";"2";"1";"2";"1";""
"202200027940";"764 159";"A01";"2";"10";"0";"1";"2";"1";"1";""
"202200027941";"764 157";"A01";"2";"7";"0";"2";"7";"1";"1";""
"202200027941";"764 158";"B01";"2";"15";"0";"2";"2";"12";"1";""
"202200027942";"764 156";"A01";"1";"7";"0";"1";"3";"1";"1";""
"202200027943";"764 154";"B01";"2";"7";"0";"2";"4";"2";"1";""
"202200027943";"764 155";"A01";"2";"7";"0";"2";"1";"2";"1";""
"202200027944";"764 153";"A01";"3";"7";"0";"1";"4";"4";"1";""
"202200027945";"764 148";"B01";"2";"21";"0";"2";"5";"1";"1";""
"202200027945";"764 150";"A01";"2";"33";"0";"2";"1";"12";"1";""
"202200027946";"764 146";"C01";"1";"10";"1";"2";"3";"24";"1";""
"202200027946";"764 147";"B01";"1";"10";"0";"2";"3";"24";"1";""
"202200027946";"764 149";"E01";"1";"7";"0";"2";"7";"19";"1";""
"202200027946";"764 151";"D01";"1";"7";"0";"2";"8";"0";"1";""
"202200027946";"764 152";"A01";"1";"7";"0";"2";"3";"19";"1";""
"202200027947";"764 144";"A01";"1";"2";"0";"1";"1";"1";"1";""
"202200027948";"764 143";"A01";"3";"7";"0";"2";"1";"1";"0";""
"202200027948";"764 145";"B01";"0";"1";"0";"2";"0";"0";"5";""
"202200027949";"764 142";"A01";"0";"7";"0";"1";"3";"26";"1";""
"202200027950";"764 140";"A01";"1";"7";"0";"1";"1";"15";"1";""
"202200027951";"764 139";"A01";"2";"7";"0";"2";"1";"17";"1";""
"202200027951";"764 141";"B01";"1";"7";"0";"2";"1";"1";"1";""
"202200027952";"764 138";"Z01";"3";"7";"0";"1";"1";"0";"1";""
"202200027953";"764 136";"B01";"1";"50";"0";"2";"1";"1";"3";""
"202200027953";"764 137";"A01";"1";"10";"0";"2";"2";"9";"1";""
"202200027954";"764 134";"A01";"1";"37";"0";"2";"7";"13";"1";"3"
"202200027954";"764 135";"B01";"1";"7";"0";"2";"3";"0";"1";""
"202200027955";"764 132";"B01";"1";"7";"0";"2";"4";"2";"1";""
"202200027955";"764 133";"A01";"1";"2";"0";"2";"2";"2";"1";""
"202200027956";"764 130";"B01";"1";"7";"0";"2";"1";"1";"1";""
"202200027956";"764 131";"A01";"1";"7";"0";"2";"1";"1";"1";""
"202200027957";"764 127";"B01";"1";"7";"0";"2";"2";"1";"1";""
"202200027957";"764 128";"A01";"1";"7";"0";"2";"3";"1";"1";""
"202200027958";"764 126";"A01";"3";"50";"0";"2";"1";"2";"3";""
"202200027958";"764 129";"B01";"3";"10";"0";"2";"3";"2";"1";""
"202200027959";"764 123";"B01";"1";"7";"0";"2";"4";"14";"1";""
"202200027959";"764 125";"A01";"1";"7";"0";"2";"1";"14";"1";""
"202200027960";"764 122";"B01";"2";"1";"0";"4";"1";"1";"5";""
"202200027960";"764 124";"A01";"2";"40";"0";"2";"3";"1";"3";""
"202200027961";"764 120";"B01";"1";"7";"0";"2";"4";"1";"1";""
"202200027961";"764 121";"A01";"1";"7";"0";"2";"1";"1";"1";""
"202200027962";"764 115";"B01";"1";"7";"0";"2";"8";"15";"1";""
"202200027962";"764 118";"A01";"1";"33";"0";"2";"1";"17";"1";""
"202200027963";"764 116";"A01";"1";"43";"0";"2";"8";"18";"1";""
"202200027963";"764 119";"B01";"2";"10";"0";"2";"3";"15";"1";""
"202200027964";"764 114";"A01";"2";"99";"0";"9";"8";"15";"3";""
"202200027964";"764 117";"B01";"1";"2";"0";"9";"2";"1";"1";""
"202200027965";"764 110";"Z01";"0";"7";"0";"1";"4";"4";"0";""
"202200027966";"764 109";"A01";"1";"2";"0";"2";"1";"1";"1";""
"202200027966";"764 112";"B01";"1";"7";"0";"9";"3";"15";"1";""
"202200027967";"764 108";"A01";"1";"10";"0";"0";"0";"1";"1";""
"202200027968";"764 104";"A01";"1";"34";"0";"2";"7";"17";"1";""
"202200027968";"764 106";"B01";"2";"7";"0";"2";"3";"1";"1";""
"202200027969";"764 105";"B01";"3";"43";"0";"2";"5";"1";"1";""
"202200027969";"764 107";"A01";"2";"7";"0";"2";"2";"15";"1";""
"202200027970";"764 103";"A01";"2";"7";"6";"0";"1";"1";"1";""
"202200027971";"764 100";"B01";"2";"7";"0";"2";"1";"1";"1";""
"202200027971";"764 102";"A01";"1";"2";"0";"2";"8";"5";"1";""
"202200027972";"764 099";"A01";"1";"7";"0";"2";"7";"12";"1";""
"202200027972";"764 101";"B01";"1";"34";"0";"2";"8";"1";"1";""
"202200027973";"764 097";"A01";"1";"31";"0";"0";"0";"26";"1";""
"202200027974";"764 096";"A01";"0";"33";"0";"2";"8";"0";"1";""
"202200027974";"764 098";"B01";"0";"7";"0";"2";"5";"1";"1";""
"202200027975";"764 095";"A01";"1";"34";"0";"1";"1";"1";"1";""
"202200027976";"764 094";"A01";"2";"30";"0";"1";"1";"1";"3";""
"202200027977";"764 092";"A01";"0";"1";"0";"0";"0";"1";"5";""
"202200027978";"764 091";"A01";"2";"30";"0";"2";"1";"1";"1";""
"202200027978";"764 093";"B01";"2";"7";"0";"2";"3";"1";"1";""
"202200027979";"764 085";"B01";"3";"7";"0";"2";"4";"0";"1";""
"202200027979";"764 086";"A01";"3";"7";"0";"2";"1";"0";"1";""
"202200027980";"764 088";"A01";"1";"32";"0";"2";"1";"2";"1";""
"202200027980";"764 090";"B01";"1";"33";"0";"2";"4";"23";"1";""
"202200027981";"764 083";"B01";"3";"7";"0";"2";"6";"2";"1";""
"202200027981";"764 084";"A01";"3";"33";"0";"2";"2";"2";"1";""
"202200027982";"764 081";"A01";"1";"99";"0";"1";"4";"21";"1";""
"202200027983";"764 080";"B01";"2";"10";"0";"2";"2";"1";"3";""
"202200027983";"764 082";"A01";"2";"80";"0";"2";"8";"13";"3";""
"202200027984";"764 079";"A01";"0";"7";"0";"1";"1";"1";"1";""
"202200027985";"764 076";"A01";"2";"7";"1";"0";"2";"14";"1";""
"202200027986";"764 077";"B01";"1";"7";"0";"2";"1";"1";"1";""
"202200027986";"764 078";"A01";"1";"30";"0";"2";"2";"1";"1";""
"202200027987";"764 075";"A01";"1";"7";"0";"1";"2";"1";"1";""
"202200027988";"764 073";"A01";"1";"7";"14";"0";"2";"14";"1";""
"202200027989";"764 071";"A01";"1";"7";"0";"2";"3";"18";"1";""
"202200027989";"764 074";"B01";"1";"7";"0";"2";"2";"1";"1";""
"202200027990";"764 072";"A01";"1";"7";"0";"2";"0";"18";"1";""
"202200027991";"764 069";"A01";"1";"50";"8";"0";"1";"1";"3";""
"202200027992";"764 067";"B01";"2";"7";"6";"0";"4";"0";"1";""
"202200027992";"764 070";"A01";"1";"7";"6";"0";"3";"14";"1";""
"202200027993";"764 066";"A01";"0";"7";"0";"2";"7";"0";"1";""
"202200027993";"764 068";"B01";"0";"7";"0";"2";"0";"1";"1";""
"202200027994";"764 061";"A01";"2";"10";"0";"2";"6";"1";"1";""
"202200027994";"764 064";"B01";"2";"33";"0";"2";"7";"2";"1";""
"202200027995";"764 062";"B01";"2";"50";"0";"2";"1";"1";"3";""
"202200027995";"764 065";"A01";"1";"80";"0";"2";"1";"13";"3";""
"202200027996";"764 060";"B01";"3";"60";"0";"2";"0";"0";"5";""
"202200027996";"764 063";"A01";"1";"7";"0";"2";"2";"2";"1";""
"202200027997";"764 056";"A01";"0";"7";"0";"1";"1";"0";"0";""
"202200027998";"764 055";"B01";"1";"50";"0";"2";"1";"16";"3";""
"202200027998";"764 057";"A01";"2";"30";"0";"2";"4";"15";"1";""
"202200027999";"764 054";"A01";"2";"13";"6";"0";"1";"1";"1";""
"202200028000";"764 051";"A01";"1";"7";"0";"1";"2";"17";"1";""
"202200028001";"764 050";"A01";"1";"7";"0";"2";"2";"9";"1";""
"202200028001";"764 052";"B01";"1";"80";"0";"2";"1";"1";"3";""
"202200028002";"764 049";"B01";"2";"34";"0";"2";"8";"1";"1";""
"202200028002";"764 053";"A01";"1";"7";"0";"2";"1";"1";"1";""
"202200028003";"764 048";"A01";"3";"7";"2";"0";"2";"1";"1";""
"202200028004";"764 047";"A01";"1";"7";"9";"0";"1";"0";"1";""
"202200028005";"764 043";"B01";"3";"32";"0";"2";"2";"19";"1";""
"202200028005";"764 046";"A01";"3";"7";"0";"2";"1";"9";"1";""
"202200028006";"764 040";"A01";"3";"30";"0";"2";"1";"1";"1";""
"202200028006";"764 042";"B01";"0";"7";"0";"0";"0";"0";"1";""
"202200028007";"764 037";"C01";"3";"7";"0";"2";"4";"23";"1";""
"202200028007";"764 039";"B01";"3";"7";"0";"2";"4";"23";"1";""
"202200028007";"764 041";"A01";"3";"7";"0";"2";"1";"1";"1";""
"202200028008";"764 036";"A01";"3";"34";"0";"2";"1";"16";"1";""
"202200028008";"764 038";"B01";"3";"7";"0";"2";"5";"2";"1";""
"202200028009";"764 035";"A01";"1";"7";"0";"1";"1";"1";"1";""
"202200028010";"764 033";"B01";"2";"7";"0";"2";"7";"2";"1";""
"202200028010";"764 034";"A01";"1";"7";"0";"2";"1";"2";"2";""
"202200028011";"764 029";"B01";"3";"37";"0";"2";"5";"7";"1";"1"
"202200028011";"764 032";"A01";"1";"20";"0";"2";"1";"1";"3";""
"202200028012";"764 027";"Z01";"1";"2";"0";"1";"1";"17";"1";""
"202200028013";"764 025";"A01";"3";"10";"0";"9";"7";"5";"1";""
"202200028013";"764 026";"B01";"3";"1";"0";"2";"0";"0";"5";""
"202200028013";"764 028";"C01";"3";"1";"0";"2";"0";"0";"5";""
"202200028013";"764 030";"D01";"3";"1";"0";"2";"0";"0";"5";""
"202200028013";"764 031";"E01";"3";"1";"0";"2";"0";"0";"5";""
"202200028014";"764 021";"A01";"1";"7";"0";"2";"1";"2";"1";""
"202200028014";"764 023";"B01";"1";"7";"0";"2";"4";"2";"1";""
"202200028015";"764 022";"B01";"1";"7";"0";"2";"7";"1";"1";""
"202200028015";"764 024";"A01";"1";"7";"0";"2";"3";"10";"1";""
"202200028016";"764 019";"A01";"1";"30";"0";"2";"1";"2";"1";""
"202200028016";"764 020";"B01";"1";"7";"0";"2";"8";"15";"1";""
"202200028017";"764 017";"A01";"1";"33";"0";"2";"2";"17";"1";""
"202200028017";"764 018";"B01";"2";"7";"0";"2";"3";"15";"1";""
"202200028018";"764 016";"A01";"1";"34";"0";"1";"2";"1";"1";""
"202200028019";"764 014";"A01";"1";"7";"0";"2";"1";"2";"1";""
"202200028019";"764 015";"B01";"1";"7";"0";"2";"4";"2";"1";""
"202200028020";"764 012";"A01";"1";"7";"0";"1";"1";"0";"1";""
"202200028021";"764 013";"A01";"1";"7";"0";"1";"5";"26";"1";""
"202200028022";"764 011";"A01";"1";"7";"9";"0";"1";"26";"1";""
"202200028023";"764 010";"A01";"3";"7";"0";"1";"1";"26";"1";""
"202200028024";"764 008";"A01";"1";"7";"13";"0";"7";"14";"1";""
"202200028025";"764 007";"A01";"3";"7";"12";"2";"7";"12";"0";""
"202200028025";"764 009";"B01";"3";"2";"0";"2";"8";"1";"1";""
"202200028026";"764 005";"B01";"2";"50";"0";"2";"2";"1";"3";""
"202200028026";"764 006";"A01";"1";"7";"0";"2";"3";"1";"1";""
"202200028027";"764 000";"A01";"0";"7";"0";"2";"1";"19";"1";""
"202200028027";"764 002";"B01";"0";"7";"0";"2";"7";"1";"1";""
"202200028028";"763 999";"A01";"1";"7";"0";"2";"2";"16";"0";""
"202200028028";"764 001";"B01";"1";"1";"0";"2";"0";"16";"5";""
"202200028029";"763 997";"A01";"0";"30";"0";"0";"3";"1";"1";""
"202200028030";"763 996";"A01";"3";"7";"0";"2";"3";"9";"1";""
"202200028030";"763 998";"B01";"1";"21";"0";"2";"1";"1";"1";""
"202200028031";"763 995";"A01";"1";"30";"0";"1";"1";"0";"1";""
"202200028032";"763 993";"A01";"0";"7";"0";"2";"3";"10";"1";""
"202200028032";"763 994";"B01";"0";"32";"0";"2";"8";"17";"1";""
"202200028033";"763 991";"A01";"1";"30";"12";"0";"9";"9";"1";""
"202200028034";"763 990";"A01";"3";"1";"0";"2";"5";"2";"5";""
"202200028034";"763 992";"B01";"3";"2";"0";"2";"3";"2";"0";""
"202200028035";"763 988";"A01";"1";"38";"0";"1";"5";"16";"1";"1"
"202200028036";"763 986";"A01";"1";"7";"0";"2";"1";"5";"1";""
"202200028036";"763 987";"B01";"2";"7";"0";"2";"1";"1";"1";""
"202200028036";"763 989";"C01";"2";"7";"0";"2";"1";"2";"3";""
"202200028037";"763 983";"A01";"1";"7";"0";"2";"6";"1";"1";""
"202200028037";"763 985";"B01";"1";"7";"0";"2";"3";"1";"1";""
"202200028038";"763 982";"B01";"2";"7";"0";"2";"3";"1";"1";""
"202200028038";"763 984";"A01";"1";"7";"0";"2";"3";"13";"1";""
"202200028039";"763 981";"A01";"1";"7";"0";"1";"2";"1";"1";""
"202200028040";"763 977";"B01";"2";"7";"0";"2";"2";"12";"1";""
"202200028040";"763 980";"A01";"2";"7";"0";"2";"9";"1";"1";""
"202200028041";"763 976";"A01";"1";"33";"0";"2";"1";"2";"1";""
"202200028041";"763 979";"B01";"1";"7";"0";"1";"4";"2";"1";""
"202200028042";"763 970";"A01";"3";"7";"0";"2";"8";"10";"1";""
"202200028042";"763 973";"B01";"3";"7";"0";"2";"3";"1";"1";""
"202200028043";"763 971";"B01";"1";"7";"0";"2";"8";"1";"1";""
"202200028043";"763 974";"A01";"1";"7";"0";"2";"7";"14";"1";""
"202200028044";"763 969";"A01";"2";"7";" -1";"2";"1";"1";"1";""
"202200028044";"763 972";"B01";"2";"7";"0";"2";"4";"26";"1";""
"202200028045";"763 968";"A01";"3";"7";"9";"0";"1";"11";"1";""
"202200028046";"763 967";"A01";"2";"7";"0";"0";"9";"1";"0";""
"202200028047";"763 964";"A01";"2";"30";"14";"0";"1";"17";"1";""
"202200028048";"763 962";"A01";"1";"7";"4";"2";"2";"9";"1";""
"202200028048";"763 963";"B01";"1";"7";"0";"2";"6";"1";"1";""
"202200028049";"763 960";"A01";"1";"7";"0";"1";"7";"2";"1";""
"202200028050";"763 958";"A01";"1";"10";"4";"0";"0";"0";"0";""
"202200028051";"763 955";"A01";"1";"7";"0";"2";"3";"15";"1";""
"202200028051";"763 956";"B01";"2";"1";"0";"2";"1";"16";"5";""
"202200028052";"763 954";"A01";"1";"7";"0";"2";"1";"16";"1";""
"202200028052";"763 957";"B01";"1";"50";"0";"2";"1";"1";"3";""
"202200028053";"763 950";"A01";"1";"7";"0";"2";"8";"18";"2";""
"202200028053";"763 953";"B01";"1";"10";"0";"2";"7";"12";"1";""
"202200028054";"763 951";"B01";"2";"1";"0";"9";"1";"1";"5";""
"202200028054";"763 952";"A01";"1";"50";"0";"9";"1";"26";"3";""
"202200028055";"763 948";"A01";"1";"7";"0";"2";"1";"1";"1";""
"202200028055";"763 949";"B01";"1";"7";"0";"2";"4";"1";"1";""
"202200028056";"763 945";"B01";"2";"33";"0";"2";"1";"2";"1";""
"202200028056";"763 947";"A01";"2";"7";"0";"2";"6";"10";"1";""
"202200028057";"763 944";"A01";"2";"43";"0";"2";"1";"1";"1";""
"202200028057";"763 946";"B01";"2";"7";"0";"2";"6";"11";"2";""
"202200028058";"763 942";"A01";"2";"7";"0";"2";"2";"14";"1";""
"202200028058";"763 943";"B01";"2";"7";"0";"2";"5";"1";"1";""
"202200028059";"763 937";"A01";"2";"14";"0";"2";"2";"12";"1";""
"202200028059";"763 940";"B01";"2";"7";"0";"2";"3";"18";"1";""
"202200028060";"763 936";"A01";"2";"10";"0";"2";"1";"2";"1";""
"202200028060";"763 938";"B01";"2";"10";"0";"2";"4";"2";"1";""
"202200028061";"763 935";"A01";"2";"7";"0";"2";"3";"19";"1";""
"202200028061";"763 939";"B01";"1";"2";"0";"2";"1";"1";"1";""
"202200028062";"763 934";"A01";"1";"33";"16";"0";"7";"21";"1";""
"202200028063";"763 931";"A01";"2";"33";"0";"2";"1";"17";"1";""
"202200028063";"763 933";"B01";"2";"7";"0";"0";"3";"15";"2";""
"202200028064";"763 930";"A01";"2";"31";"0";"2";"7";"15";"1";""
"202200028064";"763 932";"B01";"2";"7";"0";"2";"1";"1";"1";""
"202200028065";"763 927";"A01";"1";"7";"0";"2";"1";"2";"1";""
"202200028065";"763 929";"B01";"1";"7";"0";"2";"4";"2";"1";""
"202200028066";"763 925";"B01";"2";"7";"0";"2";"1";"1";"1";""
"202200028066";"763 928";"A01";"2";"7";"0";"2";"7";"1";"1";""
"202200028067";"763 922";"A01";"2";"10";"0";"2";"6";"11";"1";""
"202200028067";"763 923";"B01";"2";"32";"0";"2";"1";"3";"1";""
"202200028068";"763 921";"A01";"2";"7";"0";"2";"9";"14";"1";""
"202200028068";"763 924";"B01";"2";"7";"0";"2";"3";"1";"1";""
"202200028068";"763 926";"C01";"2";"7";"0";"2";"6";"1";"2";""
"202200028069";"763 919";"A01";"2";"7";"0";"2";"7";"1";"1";""
"202200028069";"763 920";"B01";"1";"7";"0";"2";"1";"1";"1";""
"202200028070";"763 917";"B01";"1";"10";"0";"2";"4";"13";"1";""