"Num_Acc";"id_vehicule";"num_veh";"senc";"catv";"obs";"obsm";"choc";"manv";"motor";"occutc"
"202200028280";"763 542";"B01";"1";"32";"0";"2";"1";"1";"1";""
"202200028280";"763 543";"A01";"1";"7";"0";"2";"3";"15";"1";""
"202200028281";"763 540";"A01";"1";"7";"1";"1";"1";"13";"1";""
"202200028282";"763 538";"A01";"1";"10";"0";"2";"1";"1";"1";""
"202200028282";"763 539";"B01";"3";"7";"0";"2";"3";"12";"1";""
"202200028283";"763 537";"A01";"2";"1";"0";"1";"1";"1";"5";""
"202200028284";"763 534";"A01";"1";"33";"1";"0";"1";"21";"1";""
"202200028285";"763 535";"B01";"1";"7";"0";"2";"1";"1";"1";""
"202200028285";"763 536";"A01";"2";"7";"0";"0";"8";"15";"1";""
"202200028286";"763 533";"A01";"2";"7";"0";"1";"1";"9";"2";""
"202200028287";"763 531";"A01";"1";"7";"0";"2";"8";"9";"1";""
"202200028287";"763 532";"B01";"2";"7";"0";"2";"3";"1";"1";""
"202200028288";"763 529";"A01";"1";"7";"0";"2";"3";"13";"1";""
"202200028288";"763 530";"B01";"1";"1";"0";"2";"2";"1";"5";""
"202200028289";"763 528";"A01";"0";"7";"2";"0";"2";"1";"1";""
"202200028290";"763 527";"A01";"2";"7";"1";"0";"2";"14";"1";""
"202200028291";"763 523";"B01";"2";"7";"0";"0";"1";"1";"1";""
"202200028291";"763 526";"A01";"2";"15";"0";"0";"4";"0";"1";""
"202200028292";"763 524";"B01";"2";"34";"0";"2";"1";"17";"1";""
"202200028292";"763 525";"A01";"1";"7";"0";"2";"6";"9";"1";""
"202200028293";"763 522";"A01";"1";"33";"17";"0";"0";"1";"1";""
"202200028294";"763 520";"A01";"2";"7";"0";"2";"3";"15";"1";""
"202200028294";"763 521";"B01";"1";"32";"0";"2";"2";"1";"1";""
"202200028295";"763 517";"B01";"3";"15";"0";"2";"7";"11";"1";""
"202200028295";"763 519";"A01";"1";"7";"0";"2";"1";"1";"1";""
"202200028296";"763 516";"B01";"1";"32";"0";"2";"8";"16";"1";""
"202200028296";"763 518";"A01";"1";"7";"0";"2";"1";"1";"1";""
"202200028297";"763 514";"A01";"1";"7";"0";"2";"3";"5";"1";""
"202200028297";"763 515";"B01";"2";"7";"0";"2";"6";"1";"1";""
"202200028298";"763 513";"A01";"1";"7";"0";"1";"2";"9";"1";""
"202200028299";"763 511";"A01";"2";"7";"6";"2";"1";"1";"1";""
"202200028299";"763 512";"B01";"1";"7";"0";"2";"1";"1";"1";""
"202200028300";"763 508";"B01";"1";"7";"0";"2";"4";"2";"1";""
"202200028300";"763 510";"A01";"1";"13";"0";"2";"1";"2";"1";""
"202200028301";"763 507";"B01";"1";"7";"0";"2";"3";"1";"1";""
"202200028301";"763 509";"A01";"2";"21";"0";"2";"3";"1";"1";""
"202200028302";"763 505";"B01";"3";"10";"0";"2";"7";"1";"1";""
"202200028302";"763 506";"A01";"1";"80";"0";"2";"1";"1";"3";""
"202200028303";"763 504";"A01";"2";"7";"2";"0";"2";"14";"1";""
"202200028304";"763 502";"A01";"3";"7";"0";"1";"1";"1";"1";""
"202200028305";"763 501";"B01";"1";"33";"0";"2";"1";"1";"1";""
"202200028305";"763 503";"A01";"2";"7";"0";"2";"1";"15";"1";""
"202200028306";"763 499";"B01";"1";"7";"0";"2";"6";"1";"1";""
"202200028306";"763 500";"A01";"1";"32";"0";"2";"2";"17";"1";""
"202200028307";"763 497";"A01";"2";"7";"16";"0";"2";"1";"1";""
"202200028307";"763 498";"B01";"1";"7";"11";"0";"8";"1";"1";""
"202200028308";"763 495";"A01";"2";"7";"0";"2";"5";"22";"2";""
"202200028308";"763 496";"B01";"2";"1";"0";"2";"1";"1";"5";""
"202200028309";"763 494";"A01";"1";"50";"0";"0";"3";"1";"3";""
"202200028310";"763 492";"A01";"1";"43";"0";"6";"1";"1";"1";""
"202200028311";"763 491";"B01";"0";"1";"0";"2";"1";"5";"5";""
"202200028311";"763 493";"A01";"0";"7";"0";"2";"6";"1";"1";""
"202200028312";"763 490";"A01";"2";"33";"17";"0";"1";"1";"1";""
"202200028313";"763 487";"C01";"2";"7";"0";"2";"3";"1";"1";""
"202200028313";"763 488";"B01";"1";"33";"0";"2";"2";"1";"1";""
"202200028313";"763 489";"A01";"1";"7";"0";"2";"3";"22";"1";""
"202200028314";"763 484";"B01";"3";"2";"0";"2";"1";"1";"1";""
"202200028314";"763 486";"A01";"3";"7";"0";"0";"2";"19";"1";""
"202200028315";"763 483";"B01";"1";"7";"0";"2";"5";"23";"1";""
"202200028315";"763 485";"A01";"1";"7";"0";"2";"1";"2";"3";""
"202200028316";"763 480";"B01";"2";"50";"0";"2";"1";"1";"3";""
"202200028316";"763 481";"A01";"1";"50";"0";"2";"1";"5";"3";""
"202200028317";"763 478";"A01";"1";"1";"0";"1";"1";"1";"5";""
"202200028318";"763 477";"C01";"1";"7";"0";"2";"2";"23";"1";""
"202200028318";"763 479";"B01";"2";"7";"0";"2";"1";"1";"1";""
"202200028318";"763 482";"A01";"1";"7";"16";"0";"7";"15";"1";""
"202200028319";"763 473";"B01";"2";"1";"0";"2";"8";"1";"5";""
"202200028319";"763 474";"A01";"2";"7";"0";"2";"2";"1";"1";""
"202200028320";"763 472";"A01";"2";"7";"0";"2";"3";"22";"1";""
"202200028320";"763 475";"B01";"2";"32";"0";"2";"1";"1";"1";""
"202200028320";"763 476";"Z01";"2";"7";"0";"2";"8";"1";"1";""
"202200028321";"763 469";"B01";"1";"1";"0";"0";"6";"1";"5";""
"202200028321";"763 471";"A01";"1";"7";"0";"2";"2";"1";"1";""
"202200028322";"763 468";"A01";"1";"7";"0";"2";"4";"23";"1";""
"202200028322";"763 470";"B01";"1";"50";"0";"2";"1";"1";"3";""
"202200028323";"763 466";"A01";"1";"7";"0";"0";"3";"1";"1";""
"202200028323";"763 467";"B01";"1";"33";"0";"2";"2";"18";"1";""
"202200028324";"763 464";"B01";"1";"10";"0";"0";"0";"16";"1";""
"202200028324";"763 465";"A01";"1";"32";"0";"2";"8";"21";"1";""
"202200028325";"763 461";"B01";"1";"7";"0";"2";"3";"20";"1";""
"202200028325";"763 462";"A01";"1";"7";"0";"2";"2";"1";"1";""
"202200028326";"763 460";"B01";"1";"50";"0";"2";"7";"19";"3";""
"202200028326";"763 463";"A01";"2";"7";"0";"2";"2";"1";"1";""
"202200028327";"763 456";"A01";"2";"34";"0";"2";"6";"13";"1";""
"202200028327";"763 457";"B01";"2";"7";"0";"2";"6";"0";"1";""
"202200028327";"763 458";"C01";"2";"7";"0";"2";"8";"0";"1";""
"202200028327";"763 459";"D01";"2";"7";"0";"2";"6";"0";"1";""
"202200028328";"763 453";"A01";"1";"7";"0";"1";"1";"1";"1";""
"202200028329";"763 454";"B01";"1";"1";"0";"2";"4";"1";"5";""
"202200028329";"763 455";"A01";"1";"7";"0";"9";"2";"1";"1";""
"202200028330";"763 452";"A01";"1";"7";"0";"1";"3";"16";"1";""
"202200028331";"763 450";"A01";"1";"31";"0";"2";"1";"1";"1";""
"202200028331";"763 451";"B01";"2";"7";"0";"2";"6";"10";"1";""
"202200028332";"763 448";"B01";"1";"7";"0";"0";"5";"2";"1";""
"202200028332";"763 449";"A01";"1";"7";"0";"2";"3";"2";"1";""
"202200028333";"763 445";"B01";"2";"2";"0";"2";"1";"1";"1";""
"202200028333";"763 446";"A01";"1";"7";"0";"0";"5";"9";"1";""
"202200028334";"763 444";"A01";"1";"7";"0";"0";"8";"23";"1";""
"202200028334";"763 447";"B01";"1";"7";"0";"0";"2";"2";"1";""
"202200028335";"763 443";"A01";"1";"34";"0";"1";"8";"5";"0";""
"202200028336";"763 442";"A01";"1";"7";"1";"0";"3";"1";"1";""
"202200028337";"763 440";"A01";"3";"50";"0";"2";"1";"1";"3";""
"202200028337";"763 441";"B01";"1";"7";"0";"2";"3";"1";"1";""
"202200028338";"763 438";"A01";"0";"10";"0";"2";"4";"20";"1";""
"202200028338";"763 439";"B01";"0";"10";"0";"2";"2";"2";"1";""
"202200028339";"763 437";"A01";"0";"30";"0";"1";"8";"0";"1";""
"202200028340";"763 435";"A01";"1";"7";"3";"2";"2";"26";"1";""
"202200028340";"763 436";"B01";"2";"7";"8";"0";"0";"1";"1";""
"202200028341";"763 434";"A01";"1";"7";"1";"0";"1";"21";"1";""
"202200028342";"763 433";"A01";"1";"7";"0";"1";"1";"1";"2";""
"202200028343";"763 431";"A01";"3";"7";"0";"1";"3";"15";"1";""
"202200028344";"763 432";"A01";"2";"7";"0";"1";"1";"1";"1";""
"202200028345";"763 429";"A01";"2";"7";"0";"2";"7";"15";"1";""
"202200028345";"763 430";"B01";"1";"80";"0";"0";"0";"0";"3";""
"202200028346";"763 426";"A01";"0";"2";"0";"2";"3";"15";"1";""
"202200028346";"763 427";"B01";"0";"7";"0";"2";"1";"1";"1";""
"202200028347";"763 425";"A01";"1";"7";"0";"2";"2";"1";"2";""
"202200028347";"763 428";"B01";"3";"7";"0";"2";"3";"9";"2";""
"202200028348";"763 423";"B01";"2";"3";"0";"2";"1";"1";"1";""
"202200028348";"763 424";"A01";"1";"14";"0";"2";"7";"15";"1";""
"202200028349";"763 422";"A01";"2";"7";"0";"1";"2";"1";"1";""
"202200028350";"763 420";"A01";"2";"7";"0";"9";"3";"2";"1";""
"202200028350";"763 421";"B01";"1";"50";"0";"2";"1";"2";"3";""
"202200028351";"763 419";"A01";"1";"7";"0";"1";"1";"9";"0";""
"202200028352";"763 417";"B01";"2";"7";"0";"2";"3";"15";"1";""
"202200028352";"763 418";"A01";"2";"33";"0";"2";"1";"17";"1";""
"202200028353";"763 416";"Z01";"2";"7";"0";"1";"0";"1";"1";""
"202200028354";"763 415";"A01";"1";"7";"0";"2";"3";"1";"1";""
"202200028355";"763 414";"A01";"1";"7";"0";"1";"1";"1";"0";""
"202200028356";"763 411";"A01";"2";"33";"0";"2";"1";"1";"1";""
"202200028356";"763 412";"B01";"1";"7";"0";"2";"2";"15";"1";""
"202200028357";"763 413";"A01";"1";"7";"1";"0";"3";"13";"1";""
"202200028358";"763 409";"A01";"0";"7";"0";"1";"1";"17";"1";""
"202200028359";"763 408";"A01";"1";"7";"0";"2";"3";"9";"1";""
"202200028359";"763 410";"B01";"1";"33";"0";"2";"1";"1";"1";""
"202200028360";"763 406";"B01";"2";"10";"0";"2";"5";"2";"1";""
"202200028360";"763 407";"A01";"2";"7";"0";"2";"3";"1";"1";""
"202200028361";"763 405";"A01";"3";"1";"0";"1";"2";"19";"5";""
"202200028362";"763 403";"B01";"1";"7";"1";"2";"5";"1";"1";""
"202200028362";"763 404";"A01";"1";"7";"0";"2";"3";"2";"1";""
"202200028363";"763 401";"A01";"3";"10";"0";"1";"2";"1";"1";""
"202200028364";"763 402";"A01";"2";"7";"0";"1";"2";"1";"2";""
"202200028365";"763 400";"A01";"1";"50";"0";"1";"4";"25";"3";""
"202200028366";"763 399";"A01";"1";"7";"0";"1";"1";"1";"1";""
"202200028367";"763 396";"A01";"1";"7";"0";"2";"2";"14";"1";""
"202200028367";"763 397";"B01";"1";"32";"0";"2";"3";"15";"1";""
"202200028368";"763 398";"A01";"2";"10";"0";"1";"2";"16";"1";""
"202200028369";"763 394";"A01";"2";"7";"0";"2";"2";"10";"1";""
"202200028369";"763 395";"B01";"1";"32";"0";"2";"8";"1";"1";""
"202200028370";"763 392";"A01";"2";"32";"0";"1";"8";"1";"1";""
"202200028371";"763 393";"Z01";"1";"7";"0";"0";"1";"26";"1";""
"202200028372";"763 391";"A01";"2";"7";"0";"1";"1";"1";"1";""
"202200028373";"763 390";"A01";"1";"7";"0";"1";"7";"1";"1";""
"202200028374";"763 388";"A01";"3";"7";"0";"2";"1";"0";"1";""
"202200028374";"763 389";"B01";"1";"7";"0";"2";"8";"0";"1";""
"202200028375";"763 386";"B01";"2";"32";"0";"2";"3";"1";"1";""
"202200028375";"763 387";"A01";"1";"34";"0";"2";"4";"15";"1";""
"202200028376";"763 384";"Z01";"1";"30";"0";"1";"8";"25";"0";""
"202200028377";"763 383";"B01";"2";"7";"0";"2";"7";"16";"1";""
"202200028377";"763 385";"A01";"2";"34";"0";"2";"1";"18";"1";""
"202200028378";"763 382";"A01";"2";"7";"0";"1";"4";"20";"2";""
"202200028379";"763 378";"C01";"1";"7";"0";"2";"1";"2";"1";""
"202200028379";"763 380";"B01";"1";"7";"0";"2";"4";"2";"0";""
"202200028379";"763 381";"A01";"1";"7";"0";"2";"6";"2";"1";""
"202200028380";"763 377";"B01";"1";"1";"0";"2";"3";"1";"5";""
"202200028380";"763 379";"A01";"1";"14";"0";"2";"2";"21";"1";""
"202200028381";"763 375";"A01";"1";"30";"0";"1";"1";"1";"3";""
"202200028382";"763 374";"B01";"0";"7";"0";"2";"9";"26";"3";""
"202200028382";"763 376";"A01";"1";"7";"0";"2";"4";"26";"1";""
"202200028383";"763 373";"A01";"1";"30";"0";"0";"8";"1";"3";""
"202200028384";"763 371";"B01";"1";"33";"0";"2";"7";"26";"1";""
"202200028384";"763 372";"A01";"1";"33";"0";"2";"8";"26";"1";""
"202200028385";"763 369";"B01";"3";"7";"0";"2";"1";"1";"1";""
"202200028385";"763 370";"A01";"3";"7";"0";"2";"0";"0";"1";""
"202200028386";"763 366";"B01";"1";"7";"0";"2";"2";"20";"1";""
"202200028386";"763 367";"A01";"1";"34";"1";"2";"1";"7";"1";""
"202200028387";"763 365";"A01";"2";"33";"0";"2";"1";"2";"1";""
"202200028387";"763 368";"B01";"2";"10";"0";"2";"5";"2";"1";""
"202200028388";"763 363";"B01";"2";"7";"0";"2";"4";"2";"1";""
"202200028388";"763 364";"Z01";"1";"10";"0";"2";"1";"2";"1";""
"202200028389";"763 362";"A01";"1";"10";"0";"1";"1";"1";"1";""
"202200028390";"763 359";"A01";"2";"15";"0";"2";"1";"2";"1";""
"202200028390";"763 361";"B01";"2";"7";"0";"0";"0";"0";"1";""
"202200028391";"763 358";"A01";"2";"7";"0";"2";"2";"14";"1";""
"202200028391";"763 360";"B01";"2";"1";"0";"2";"6";"1";"5";""
"202200028392";"763 357";"A01";"0";"34";"14";"0";"2";"1";"1";""
"202200028393";"763 356";"A01";"0";"7";"0";"1";"1";"2";"1";""
"202200028394";"763 354";"A01";"1";"37";"0";"1";"2";"19";"1";"1"
"202200028395";"763 353";"B01";"1";"7";"12";"2";"7";"1";"1";""
"202200028395";"763 355";"A01";"1";"7";"0";"2";"3";"11";"2";""
"202200028396";"763 352";"A01";"1";"7";"0";"1";"1";"26";"1";""
"202200028397";"763 349";"A01";"1";"7";"3";"2";"6";"1";"1";""
"202200028397";"763 350";"B01";"1";"14";"0";"2";"2";"12";"1";""
"202200028398";"763 348";"B01";"3";"7";"0";"2";"3";"16";"1";""
"202200028398";"763 351";"A01";"3";"1";"0";"2";"1";"1";"5";""
"202200028399";"763 346";"A01";"1";"7";"0";"2";"1";"1";"1";""
"202200028399";"763 347";"B01";"1";"7";"0";"2";"4";"1";"1";""
"202200028400";"763 345";"A01";"1";"7";"0";"1";"3";"15";"1";""
"202200028401";"763 343";"A01";"1";"7";"1";"0";"1";"20";"2";""
"202200028402";"763 342";"B01";"1";"7";"0";"2";"4";"12";"1";""
"202200028402";"763 344";"A01";"1";"33";"0";"2";"1";"3";"1";""
"202200028403";"763 340";"B01";"1";"10";"0";"0";"6";"4";"1";""
"202200028403";"763 341";"A01";"1";"33";"0";"2";"1";"2";"0";""
"202200028404";"763 339";"A01";"1";"32";"0";"0";"8";"3";"1";""
"202200028405";"763 337";"A01";"1";"7";"0";"2";"3";"13";"2";""
"202200028405";"763 338";"B01";"2";"14";"0";"2";"3";"1";"1";""
"202200028406";"763 335";"A01";"1";"7";"0";"1";"7";"1";"1";""
"202200028407";"763 334";"B01";"2";"7";"0";"2";"4";"1";"2";""
"202200028407";"763 336";"A01";"2";"7";"0";"2";"7";"1";"1";""
"202200028408";"763 330";"B01";"1";"7";"0";"2";"7";"0";"1";""
"202200028408";"763 332";"A01";"1";"33";"0";"2";"3";"26";"1";""
"202200028409";"763 329";"A01";"3";"2";"0";"1";"1";"3";"1";""
"202200028410";"763 326";"A01";"2";"7";"0";"2";"2";"2";"1";""
"202200028410";"763 327";"B01";"2";"31";"0";"2";"4";"2";"1";""
"202200028411";"763 325";"B01";"2";"15";"0";"2";"3";"1";"1";""
"202200028411";"763 328";"A01";"1";"7";"0";"2";"1";"13";"1";""
"202200028412";"763 323";"A01";"2";"7";"0";"9";"3";"1";"1";""
"202200028412";"763 324";"B01";"1";"1";"0";"2";"1";"1";"5";""
"202200028413";"763 321";"B01";"2";"10";"0";"2";"4";"2";"1";""
"202200028413";"763 322";"A01";"2";"7";"0";"2";"1";"1";"1";""
"202200028414";"763 320";"A01";"1";"17";"3";"0";"1";"1";"1";""
"202200028415";"763 318";"A01";"1";"33";"0";"2";"2";"3";"1";""
"202200028415";"763 319";"B01";"1";"7";"0";"2";"6";"11";"1";""
"202200028416";"763 315";"A01";"1";"33";"0";"2";"1";"3";"1";""
"202200028416";"763 316";"B01";"1";"10";"0";"2";"8";"11";"1";""
"202200028417";"763 308";"E01";"2";"7";"0";"2";"4";"2";"1";""
"202200028417";"763 309";"A01";"2";"7";"0";"2";"1";"2";"1";""
"202200028417";"763 311";"B01";"2";"7";"0";"2";"4";"2";"1";""
"202200028417";"763 312";"C01";"2";"7";"0";"2";"4";"2";"1";""
"202200028417";"763 313";"D01";"2";"7";"0";"2";"4";"2";"1";""
"202200028417";"763 314";"F01";"2";"7";"0";"2";"4";"2";"1";""
"202200028418";"763 306";"A01";"2";"7";"4";"0";"2";"14";"1";""
"202200028419";"763 301";"A01";"2";"7";"0";"2";"3";"13";"1";""
"202200028419";"763 303";"B01";"1";"38";"0";"2";"6";"1";"1";"1"
"202200028419";"763 305";"C01";"1";"13";"0";"2";"1";"1";"1";""
"202200028420";"763 300";"A01";"1";"7";"0";"2";"0";"1";"1";""
"202200028420";"763 304";"B01";"1";"7";"4";"2";"9";"2";"1";""
"202200028420";"763 307";"C01";"1";"7";"4";"2";"9";"2";"1";""
"202200028420";"763 310";"D01";"1";"7";"3";"9";"9";"2";"2";""
"202200028420";"763 317";"E01";"1";"17";"0";"2";"1";"21";"1";""
"202200028421";"763 299";"A01";"2";"7";"0";"2";"2";"12";"1";""
"202200028421";"763 302";"B01";"2";"33";"0";"2";"3";"3";"1";""
"202200028422";"763 296";"A01";"1";"37";"0";"1";"7";"7";"1";"1"
"202200028423";"763 294";"B01";"3";"7";"3";"2";"7";"15";"1";""
"202200028423";"763 298";"A01";"1";"7";"0";"2";"3";"1";"1";""
"202200028424";"763 291";"A01";"1";"10";"0";"2";"1";"1";"1";""
"202200028424";"763 293";"D01";"1";"7";"0";"0";"4";"2";"1";""
"202200028424";"763 295";"C01";"1";"7";"0";"2";"1";"2";"1";""
"202200028424";"763 297";"B01";"1";"7";"0";"2";"0";"2";"1";""
"202200028425";"763 290";"A01";"0";"7";"0";"0";"3";"22";"1";""
"202200028425";"763 292";"B01";"0";"1";"0";"2";"0";"0";"5";""
"202200028426";"763 289";"A01";"2";"7";"15";"0";"1";"14";"1";""
"202200028427";"763 286";"B01";"2";"80";"0";"2";"8";"1";"3";""
"202200028427";"763 288";"A01";"2";"7";"0";"2";"2";"13";"1";""
"202200028428";"763 285";"A01";"1";"2";"1";"2";"1";"2";"1";""
"202200028429";"763 284";"A01";"2";"7";"8";"2";"7";"1";"1";""
"202200028429";"763 287";"B01";"1";"7";"0";"2";"1";"1";"1";""
"202200028430";"763 278";"A01";"1";"7";"0";"0";"4";"1";"1";""
"202200028430";"763 282";"B01";"1";"7";"0";"2";"1";"2";"0";""
"202200028431";"763 280";"B01";"2";"7";"4";"2";"8";"1";"1";""
"202200028431";"763 283";"A01";"2";"7";"4";"2";"7";"14";"1";""
"202200028432";"763 277";"C01";"2";"7";"0";"2";"4";"1";"1";""
"202200028432";"763 279";"B01";"2";"33";"0";"2";"4";"23";"1";""
"202200028432";"763 281";"A01";"2";"10";"0";"2";"1";"1";"1";""
"202200028433";"763 276";"A01";"1";"7";"10";"0";"1";"1";"1";""
"202200028434";"763 273";"A01";"1";"7";"1";"0";"1";"14";"1";""
"202200028434";"763 274";"B01";"1";"17";"0";"0";"6";"24";"1";""
"202200028435";"763 272";"B01";"0";"33";"0";"2";"1";"1";"1";""
"202200028435";"763 275";"A01";"0";"7";"0";"2";"8";"15";"1";""
"202200028436";"763 271";"A01";"3";"7";"6";"0";"1";"0";"2";""
"202200028437";"763 269";"A01";"1";"3";"0";"2";"1";"13";"1";""
"202200028437";"763 270";"B01";"1";"7";"0";"2";"1";"1";"1";""
"202200028438";"763 268";"A01";"1";"7";"0";"2";"1";"1";"0";""
"202200028439";"763 265";"A01";"1";"2";"1";"2";"1";"1";"1";""
"202200028439";"763 267";"B01";"1";"17";"0";"0";"4";"23";"1";""
"202200028440";"763 266";"A01";"3";"32";"0";"0";"1";"1";"1";""
"202200028441";"763 264";"A01";"1";"7";"8";"0";"8";"1";"1";""
"202200028442";"763 263";"A01";"3";"7";"0";"1";"0";"1";"0";""
"202200028443";"763 262";"A01";"3";"7";"2";"0";"3";"1";"1";""
"202200028444";"763 260";"B01";"2";"32";"0";"2";"1";"1";"1";""
"202200028444";"763 261";"A01";"1";"7";"0";"0";"2";"15";"1";""
"202200028445";"763 256";"C01";"1";"7";"2";"0";"7";"1";"1";""
"202200028445";"763 258";"B01";"2";"7";"0";"0";"6";"2";"1";""
"202200028445";"763 259";"A01";"2";"7";"0";"2";"3";"2";"1";""
"202200028446";"763 255";"A01";"1";"7";"0";"2";"3";"19";"1";""
"202200028446";"763 257";"B01";"1";"33";"0";"2";"1";"1";"1";""
"202200028447";"763 253";"B01";"3";"7";"0";"2";"1";"1";"1";""
"202200028447";"763 254";"A01";"3";"7";"0";"2";"1";"1";"1";""
"202200028448";"763 252";"A01";"1";"40";"0";"1";"7";"1";"3";""
"202200028449";"763 249";"A01";"2";"7";"0";"2";"1";"13";"2";""
"202200028449";"763 251";"B01";"1";"7";"0";"0";"1";"1";"1";""
"202200028450";"763 248";"B01";"1";"2";"0";"2";"8";"11";"1";""
"202200028450";"763 250";"A01";"1";"7";"0";"2";"2";"1";"1";""
"202200028451";"763 245";"B01";"1";"7";"0";"2";"1";"1";"1";""
"202200028451";"763 247";"A01";"2";"7";"0";"2";"1";"13";"1";""
"202200028452";"763 244";"A01";"2";"7";"0";"2";"3";"9";"1";""
"202200028452";"763 246";"B01";"1";"33";"0";"2";"7";"1";"1";""
"202200028453";"763 243";"A01";"3";"7";"6";"0";"1";"15";"1";""
"202200028454";"763 241";"A01";"2";"30";"0";"2";"2";"1";"1";""
"202200028454";"763 242";"B01";"2";"7";"0";"2";"6";"15";"1";""
"202200028455";"763 237";"Z01";"2";"7";"0";"2";"2";"15";"0";""
"202200028455";"763 239";"A01";"1";"32";"0";"2";"1";"1";"1";""
"202200028456";"763 238";"B01";"1";"2";"0";"2";"1";"1";"1";""
"202200028456";"763 240";"A01";"2";"21";"0";"2";"2";"15";"1";""
"202200028457";"763 234";"B01";"2";"7";"0";"2";"5";"16";"1";""
"202200028457";"763 236";"A01";"2";"50";"0";"2";"1";"1";"3";""
"202200028458";"763 235";"A01";"1";"7";"13";"0";"2";"1";"1";""
"202200028459";"763 231";"B01";"3";"7";"0";"0";"0";"0";"1";""
"202200028459";"763 233";"A01";"3";"50";"0";"2";"1";"16";"3";""
"202200028460";"763 230";"B01";"1";"7";"0";"2";"3";"1";"1";""
"202200028460";"763 232";"A01";"2";"7";"0";"2";"3";"5";"1";""
"202200028461";"763 229";"A01";"2";"7";"14";"0";"2";"1";"1";""
"202200028462";"763 227";"B01";"1";"7";"0";"0";"4";"15";"1";""
"202200028462";"763 228";"A01";"1";"10";"0";"2";"1";"2";"1";""
"202200028463";"763 225";"A01";"1";"34";"0";"0";"0";"0";"1";""
"202200028463";"763 226";"B01";"0";"34";"0";"2";"7";"1";"0";""
"202200028464";"763 223";"B01";"3";"7";"0";"2";"1";"1";"1";""
"202200028464";"763 224";"A01";"3";"7";"0";"2";"1";"13";"1";""
"202200028465";"763 221";"B01";"1";"43";"0";"2";"4";"23";"1";""
"202200028465";"763 222";"A01";"1";"7";"0";"2";"1";"2";"1";""
"202200028466";"763 220";"A01";"3";"7";"0";"1";"1";"1";"1";""
"202200028467";"763 218";"B01";"2";"33";"0";"2";"1";"3";"1";""
"202200028467";"763 219";"A01";"2";"7";"0";"2";"5";"12";"1";""
"202200028468";"763 217";"A01";"3";"7";"0";"1";"1";"1";"1";""
"202200028469";"763 216";"A01";"3";"14";"0";"1";"7";"1";"1";""
"202200028470";"763 215";"A01";"0";"7";"15";"0";"0";"0";"1";""
"202200028471";"763 213";"A01";"1";"7";"0";"2";"6";"15";"1";""
"202200028471";"763 214";"B01";"1";"32";"0";"2";"2";"17";"1";""
"202200028472";"763 212";"A01";"2";"7";"3";"0";"2";"2";"1";""
"202200028473";"763 209";"A01";"2";"80";"0";"1";"1";"5";"3";""
"202200028474";"763 205";"A01";"2";"99";"0";"0";"5";"23";"1";""
"202200028474";"763 207";"B01";"2";"10";"1";"0";"3";"1";"1";""
"202200028474";"763 208";"C01";"2";"7";"4";"0";"1";"21";"1";""
"202200028474";"763 210";"D01";"2";"17";"0";"0";"4";"1";"1";""
"202200028474";"763 211";"E01";"2";"7";"0";"2";"1";"21";"1";""
"202200028475";"763 204";"B01";"1";"10";"0";"2";"3";"22";"3";""
"202200028475";"763 206";"A01";"1";"2";"0";"2";"2";"1";"1";""
"202200028476";"763 201";"A01";"1";"20";"0";"1";"2";"16";"1";""
"202200028477";"763 200";"A01";"0";"80";"0";"0";"0";"2";"3";""
"202200028478";"763 198";"A01";"3";"17";"0";"2";"5";"15";"6";""
"202200028478";"763 199";"B01";"3";"7";"0";"2";"0";"15";"1";""
"202200028479";"763 196";"A01";"1";"7";"0";"2";"1";"1";"1";""
"202200028479";"763 197";"B01";"2";"7";"0";"0";"7";"5";"1";""
"202200028480";"763 195";"A01";"2";"30";"0";"1";"2";"9";"1";""
"202200028481";"763 194";"A01";"1";"7";"0";"1";"2";"1";"0";""
"202200028482";"763 192";"A01";"2";"7";"0";"2";"0";"13";"2";""
"202200028482";"763 193";"B01";"2";"30";"0";"2";"0";"17";"1";""
"202200028483";"763 187";"A01";"1";"7";"3";"2";"2";"1";"1";""
"202200028483";"763 189";"B01";"1";"7";"0";"0";"6";"24";"1";""
"202200028483";"763 191";"C01";"1";"7";"3";"0";"3";"21";"1";""
"202200028484";"763 188";"B01";"1";"80";"0";"2";"1";"1";"3";""
"202200028484";"763 190";"A01";"1";"10";"0";"2";"2";"22";"1";""
"202200028485";"763 183";"B01";"2";"50";"0";"2";"6";"19";"3";""
"202200028485";"763 185";"A01";"2";"32";"0";"2";"1";"1";"1";""
"202200028486";"763 184";"A01";"2";"1";"0";"2";"1";"19";"5";""
"202200028486";"763 186";"B01";"2";"7";"0";"2";"3";"1";"1";""
"202200028487";"763 181";"A01";"2";"31";"13";"0";"1";"0";"1";""
"202200028488";"763 180";"A01";"2";"7";"0";"2";"3";"1";"1";""
"202200028488";"763 182";"B01";"2";"32";"0";"2";"3";"1";"1";""
"202200028489";"763 179";"A01";"1";"7";"2";"0";"4";"0";"1";""
"202200028490";"763 177";"Z01";"0";"10";"0";"2";"7";"16";"0";""
"202200028490";"763 178";"A01";"1";"30";"0";"2";"3";"16";"1";""
"202200028491";"763 174";"B01";"1";"1";"0";"2";"0";"19";"5";""
"202200028491";"763 176";"A01";"1";"7";"0";"2";"0";"1";"1";""
"202200028492";"763 173";"B01";"2";"7";"0";"2";"3";"13";"2";""
"202200028492";"763 175";"A01";"1";"7";"0";"2";"3";"1";"1";""