"Num_Acc";"id_vehicule";"num_veh";"senc";"catv";"obs";"obsm";"choc";"manv";"motor";"occutc"
"202200028493";"763 170";"A01";"1";"3";"0";"1";"1";"19";"3";""
"202200028494";"763 171";"A01";"1";"33";"0";"2";"0";"1";"1";""
"202200028494";"763 172";"B01";"3";"7";"0";"2";"0";"23";"1";""
"202200028495";"763 168";"B01";"2";"7";"0";"2";"6";"9";"1";""
"202200028495";"763 169";"A01";"2";"33";"0";"2";"7";"9";"1";""
"202200028496";"763 165";"C01";"1";"1";"0";"2";"7";"1";"5";""
"202200028496";"763 166";"B01";"1";"1";"0";"2";"2";"1";"5";""
"202200028496";"763 167";"A01";"1";"7";"0";"2";"3";"9";"1";""
"202200028497";"763 162";"C01";"2";"7";"0";"2";"4";"23";"2";""
"202200028497";"763 163";"A01";"2";"7";"1";"0";"1";"2";"1";""
"202200028497";"763 164";"B01";"2";"7";"0";"2";"4";"23";"1";""
"202200028498";"763 160";"A01";"3";"7";"0";"2";"1";"5";"1";""
"202200028498";"763 161";"B01";"3";"7";"0";"2";"1";"5";"1";""
"202200028499";"763 158";"A01";"2";"7";"0";"2";"1";"2";"1";""
"202200028499";"763 159";"B01";"2";"7";"0";"2";"4";"2";"1";""
"202200028500";"763 155";"A01";"3";"7";"0";"2";"8";"9";"1";""
"202200028500";"763 157";"B01";"3";"7";"0";"2";"1";"1";"1";""
"202200028501";"763 154";"B01";"1";"31";"0";"2";"3";"1";"1";""
"202200028501";"763 156";"A01";"2";"7";"0";"2";"5";"15";"1";""
"202200028502";"763 152";"A01";"2";"15";"0";"1";"3";"1";"1";""
"202200028503";"763 150";"C01";"2";"10";"1";"0";"4";"23";"1";""
"202200028503";"763 151";"B01";"2";"7";"1";"0";"5";"23";"1";""
"202200028503";"763 153";"A01";"2";"7";"1";"0";"1";"1";"1";""
"202200028504";"763 148";"A01";"1";"7";"0";"1";"3";"1";"1";""
"202200028505";"763 147";"B01";"1";"10";"0";"2";"1";"1";"0";""
"202200028505";"763 149";"A01";"1";"10";"0";"2";"4";"1";"2";""
"202200028506";"763 146";"A01";"1";"7";"0";"1";"1";"1";"1";""
"202200028507";"763 144";"A01";"2";"10";"0";"2";"4";"2";"1";""
"202200028507";"763 145";"Z01";"2";"14";"0";"2";"1";"2";"1";""
"202200028508";"763 141";"A01";"1";"7";"0";"2";"1";"1";"1";""
"202200028508";"763 142";"B01";"1";"33";"0";"2";"4";"1";"1";""
"202200028508";"763 143";"C01";"1";"1";"0";"2";"4";"25";"5";""
"202200028509";"763 136";"Z01";"0";"33";"0";"0";"0";"0";"0";""
"202200028509";"763 138";"A01";"3";"1";"0";"2";"0";"0";"5";""
"202200028510";"763 137";"A01";"1";"7";"0";"2";"1";"1";"1";""
"202200028510";"763 139";"B01";"1";"7";"0";"2";"4";"1";"1";""
"202200028510";"763 140";"C01";"1";"7";"0";"2";"4";"1";"1";""
"202200028511";"763 135";"A01";"3";"10";"0";"1";"2";"7";"1";""
"202200028512";"763 133";"A01";"2";"10";"0";"2";"3";"11";"1";""
"202200028512";"763 134";"B01";"2";"7";"0";"2";"2";"1";"1";""
"202200028513";"763 131";"A01";"3";"7";"0";"2";"4";"11";"1";""
"202200028513";"763 132";"B01";"3";"7";"0";"2";"1";"1";"1";""
"202200028514";"763 127";"B01";"2";"7";"0";"2";"2";"17";"1";""
"202200028514";"763 128";"A01";"2";"7";"0";"2";"3";"11";"1";""
"202200028515";"763 126";"C01";"1";"17";"0";"2";"4";"1";"1";""
"202200028515";"763 129";"B01";"1";"13";"0";"2";"1";"1";"1";""
"202200028515";"763 130";"A01";"1";"10";"0";"2";"1";"1";"1";""
"202200028516";"763 124";"A01";"3";"7";"0";"2";"6";"2";"1";""
"202200028516";"763 125";"B01";"3";"99";"0";"2";"2";"2";"0";""
"202200028517";"763 120";"A01";"3";"10";"0";"0";"8";"2";"0";""
"202200028517";"763 121";"B01";"3";"10";"0";"0";"0";"0";"0";""
"202200028518";"763 119";"A01";"1";"7";"0";"2";"4";"1";"1";""
"202200028518";"763 122";"B01";"1";"10";"0";"2";"4";"2";"1";""
"202200028518";"763 123";"C01";"1";"7";"0";"2";"1";"11";"1";""
"202200028519";"763 118";"A01";"1";"7";"0";"1";"1";"1";"1";""
"202200028520";"763 113";"B01";"1";"50";"0";"2";"7";"1";"3";""
"202200028520";"763 115";"A01";"1";"7";"0";"2";"1";"1";"1";""
"202200028521";"763 114";"A01";"1";"33";"0";"2";"7";"3";"1";""
"202200028521";"763 116";"B01";"1";"14";"0";"2";"6";"23";"1";""
"202200028521";"763 117";"C01";"1";"10";"0";"2";"7";"23";"1";""
"202200028522";"763 111";"A01";"1";"10";"0";"1";"2";"1";"1";""
"202200028523";"763 109";"A01";"1";"10";"0";"2";"4";"2";"1";""
"202200028523";"763 110";"B01";"1";"10";"0";"2";"4";"2";"1";""
"202200028523";"763 112";"C01";"1";"10";"0";"2";"4";"1";"1";""
"202200028524";"763 107";"A01";"1";"7";"0";"2";"1";"2";"1";""
"202200028524";"763 108";"B01";"1";"7";"0";"2";"4";"2";"1";""
"202200028525";"763 105";"A01";"3";"7";"2";"0";"3";"1";"1";""
"202200028526";"763 104";"A01";"1";"10";"0";"2";"2";"14";"1";""
"202200028526";"763 106";"B01";"1";"7";"0";"2";"6";"1";"1";""
"202200028527";"763 102";"A01";"2";"7";"0";"0";"6";"1";"1";""
"202200028527";"763 103";"B01";"2";"2";"0";"2";"1";"1";"1";""
"202200028528";"763 100";"A01";"1";"99";"3";"2";"0";"26";"1";""
"202200028528";"763 101";"B01";"1";"10";"0";"2";"1";"1";"1";""
"202200028529";"763 097";"C01";"1";"7";"0";"2";"9";"1";"1";""
"202200028529";"763 098";"B01";"2";"7";"0";"2";"9";"1";"1";""
"202200028529";"763 099";"A01";"2";"7";"0";"2";"1";"1";"1";""
"202200028530";"763 095";"A01";"2";"7";"0";"2";"1";"14";"1";""
"202200028530";"763 096";"B01";"2";"7";"0";"2";"8";"1";"1";""
"202200028531";"763 090";"A01";"1";"7";"0";"2";"3";"13";"1";""
"202200028531";"763 092";"B01";"2";"7";"0";"2";"1";"1";"1";""
"202200028531";"763 094";"C01";"1";"43";"0";"2";"1";"1";"1";""
"202200028532";"763 091";"B01";"1";"7";"0";"2";"4";"1";"0";""
"202200028532";"763 093";"A01";"1";"33";"0";"2";"1";"1";"1";""
"202200028533";"763 089";"A01";"1";"7";"6";"0";"1";"1";"1";""
"202200028534";"763 087";"A01";"2";"14";"0";"2";"1";"1";"1";""
"202200028534";"763 088";"B01";"2";"15";"0";"2";"4";"2";"1";""
"202200028535";"763 086";"A01";"1";"7";"9";"0";"2";"0";"1";""
"202200028536";"763 083";"A01";"2";"7";"0";"2";"3";"2";"1";""
"202200028536";"763 084";"B01";"2";"34";"0";"2";"2";"2";"1";""
"202200028537";"763 082";"A01";"2";"33";"0";"2";"2";"3";"1";""
"202200028537";"763 085";"B01";"2";"7";"0";"2";"3";"1";"1";""
"202200028538";"763 080";"B01";"1";"7";"0";"2";"4";"2";"1";""
"202200028538";"763 081";"A01";"1";"7";"0";"2";"1";"2";"1";""
"202200028539";"763 076";"B01";"3";"7";"0";"2";"1";"1";"1";""
"202200028539";"763 078";"A01";"3";"7";"0";"2";"1";"15";"0";""
"202200028540";"763 075";"A01";"2";"7";"0";"2";"4";"1";"1";""
"202200028540";"763 077";"B01";"2";"10";"0";"2";"1";"1";"1";""
"202200028541";"763 073";"A01";"1";"7";"2";"0";"1";"1";"1";""
"202200028542";"763 072";"B01";"1";"1";"0";"2";"4";"1";"5";""
"202200028542";"763 074";"A01";"1";"7";"0";"2";"1";"9";"1";""
"202200028543";"763 068";"B01";"3";"50";"0";"2";"8";"1";"3";""
"202200028543";"763 069";"A01";"3";"7";"0";"2";"2";"15";"1";""
"202200028544";"763 065";"B01";"1";"7";"0";"2";"2";"13";"1";""
"202200028544";"763 066";"A01";"1";"31";"0";"2";"0";"13";"1";""
"202200028545";"763 063";"A01";"0";"7";"0";"1";"0";"0";" -1";""
"202200028545";"763 064";"B01";"0";"99";"0";"2";"0";"0";"5";""
"202200028546";"763 062";"A01";"1";"3";"16";"0";"9";"0";"1";""
"202200028547";"763 061";"A01";"0";"7";"0";"1";"2";"16";"1";""
"202200028548";"763 060";"A01";"2";"36";"0";"0";"0";"1";"1";""
"202200028549";"763 058";"Z01";"1";"7";"0";"1";"0";"1";"0";""
"202200028550";"763 057";"B01";"3";"10";"0";"0";"8";"15";"1";""
"202200028550";"763 059";"A01";"3";"2";"0";"2";"1";"1";"1";""
"202200028551";"763 056";"A01";"0";"36";"14";"0";"1";"0";"0";""
"202200028552";"763 055";"A01";"3";"7";"0";"1";"3";"15";"1";""
"202200028553";"763 054";"A01";"1";"7";"0";"0";"0";"1";"1";""
"202200028554";"763 053";"A01";"2";"33";"2";"0";"0";"1";"1";""
"202200028555";"763 051";"A01";"1";"10";"0";"2";"4";"1";"1";""
"202200028555";"763 052";"B01";"1";"7";"0";"2";"1";"2";"1";""
"202200028556";"763 050";"A01";"2";"33";"13";"0";"0";"1";"1";""
"202200028557";"763 048";"A01";"1";"7";"0";"2";"3";"1";"1";""
"202200028557";"763 049";"B01";"1";"33";"0";"2";"1";"1";"1";""
"202200028558";"763 047";"A01";"1";"7";"0";"2";"1";"15";"1";""
"202200028559";"763 046";"A01";"1";"7";"13";"0";"1";"1";"1";""
"202200028560";"763 044";"B01";"1";"1";"0";"2";"8";"19";"5";""
"202200028560";"763 045";"A01";"1";"7";"0";"2";"6";"1";"1";""
"202200028561";"763 041";"A01";"1";"7";"0";"2";"3";"13";"1";""
"202200028561";"763 042";"B01";"2";"15";"0";"2";"6";"1";"1";""
"202200028561";"763 043";"C01";"2";"7";"0";"2";"1";"1";"1";""
"202200028562";"763 039";"A01";"2";"7";"0";"2";"3";"1";"1";""
"202200028562";"763 040";"B01";"2";"1";"0";"0";"0";"0";"5";""
"202200028563";"763 037";"B01";"1";"7";"0";"2";"1";"1";"1";""
"202200028563";"763 038";"A01";"2";"7";"0";"2";"1";"5";"1";""
"202200028564";"763 035";"A01";"1";"7";"0";"2";"1";"16";"1";""
"202200028564";"763 036";"B01";"1";"7";"0";"2";"1";"1";"1";""
"202200028565";"763 033";"B01";"3";"2";"0";"2";"1";"1";"1";""
"202200028565";"763 034";"A01";"3";"7";"0";"2";"3";"1";"1";""
"202200028566";"763 032";"A01";"3";"7";"0";"1";"1";"15";"1";""
"202200028567";"763 030";"B01";"2";"7";"0";"2";"3";"1";"1";""
"202200028567";"763 031";"A01";"1";"7";"0";"2";"3";"1";"1";""
"202200028568";"763 027";"A01";"2";"7";"0";"0";"9";"13";"1";""
"202200028569";"763 028";"A01";"2";"7";"0";"2";"1";"13";"1";""
"202200028569";"763 029";"B01";"2";"7";"0";"2";"8";"15";"1";""
"202200028570";"763 024";"A01";"3";"7";"0";"2";"7";"17";"1";""
"202200028570";"763 026";"B01";"3";"32";"0";"2";"1";"1";"1";""
"202200028571";"763 023";"B01";"2";"7";"0";"2";"1";"21";"2";""
"202200028571";"763 025";"A01";"1";"7";"0";"2";"1";"13";"1";""
"202200028572";"763 019";"A01";"1";"7";"15";"2";"3";"1";"1";""
"202200028572";"763 021";"B01";"2";"33";"0";"2";"3";"1";"1";""
"202200028573";"763 017";"A01";"2";"7";"0";"2";"3";"1";"1";""
"202200028573";"763 018";"B01";"2";"7";"0";"2";"5";"23";"1";""
"202200028573";"763 020";"C01";"2";"7";"0";"2";"4";"23";"6";""
"202200028573";"763 022";"D01";"2";"7";"0";"2";"0";"23";"1";""
"202200028574";"763 016";"A01";"1";"33";"0";"0";"0";"1";"1";""
"202200028575";"763 015";"A01";"1";"7";"0";"1";"1";"17";"1";""
"202200028576";"763 014";"A01";"1";"7";"2";"0";"2";"1";"1";""
"202200028577";"763 013";"A01";"1";"1";"0";"0";"0";"2";"5";""
"202200028578";"763 012";"A01";"0";"7";"0";"0";"1";"1";"1";""
"202200028579";"763 011";"A01";"1";"7";"6";"0";"3";"1";"1";""
"202200028580";"763 009";"A01";"3";"7";"0";"2";"2";"9";"1";""
"202200028580";"763 010";"B01";"3";"50";"0";"2";"1";"5";"3";""
"202200028581";"763 007";"B01";"2";"2";"0";"2";"1";"1";"1";""
"202200028581";"763 008";"A01";"2";"7";"0";"2";"5";"15";"1";""
"202200028582";"763 005";"B01";"1";"80";"0";"0";"2";"1";"3";""
"202200028582";"763 006";"A01";"1";"7";"0";"2";"1";"1";"1";""
"202200028583";"763 003";"A01";"3";"1";"0";"0";"0";"1";"5";""
"202200028584";"763 002";"B01";"1";"7";"0";"2";"8";"1";"1";""
"202200028584";"763 004";"A01";"1";"7";"0";"2";"1";"1";"1";""
"202200028585";"763 000";"A01";"1";"7";"2";"0";"5";"1";"1";""
"202200028586";"762 999";"A01";"2";"31";"0";"2";"0";"17";"1";""
"202200028586";"763 001";"B01";"1";"7";"0";"2";"6";"15";"1";""
"202200028587";"762 998";"A01";"2";"36";"15";"0";"1";"1";"1";""
"202200028588";"762 997";"A01";"1";"7";"5";"0";"2";"1";"1";""
"202200028589";"762 995";"A01";"2";"31";"0";"2";"1";"13";"1";""
"202200028589";"762 996";"B01";"1";"14";"0";"2";"1";"1";"1";""
"202200028590";"762 992";"B01";"2";"1";"0";"2";"4";"0";"5";""
"202200028590";"762 993";"A01";"2";"1";"0";"2";"1";"0";"5";""
"202200028591";"762 991";"A01";"3";"7";"0";"2";"2";"15";"1";""
"202200028591";"762 994";"B01";"3";"33";"0";"2";"0";"1";"1";""
"202200028592";"762 989";"B01";"1";"1";"0";"2";"4";"1";"5";""
"202200028592";"762 990";"A01";"2";"7";"0";"2";"2";"2";"1";""
"202200028593";"762 987";"A01";"1";"10";"0";"2";"7";"15";"1";""
"202200028593";"762 988";"B01";"2";"2";"0";"2";"1";"1";"1";""
"202200028594";"762 985";"B01";"1";"33";"0";"2";"3";"1";"1";""
"202200028594";"762 986";"A01";"2";"33";"0";"2";"1";"13";"1";""
"202200028595";"762 982";"A01";"2";"7";"13";"0";"1";"19";"1";""
"202200028596";"762 980";"A01";"2";"17";"0";"2";"1";"1";"1";""
"202200028596";"762 981";"B01";"2";"7";"0";"2";"9";"1";"1";""
"202200028596";"762 983";"C01";"2";"20";"0";"2";"4";"1";"1";""
"202200028596";"762 984";"D01";"2";"10";"0";"2";"4";"1";"1";""
"202200028597";"762 978";"A01";"2";"7";"0";"2";"7";"17";"1";""
"202200028597";"762 979";"B01";"1";"10";"0";"2";"1";"1";"1";""
"202200028598";"762 976";"B01";"1";"2";"0";"2";"1";"0";"1";""
"202200028598";"762 977";"A01";"1";"7";"0";"2";"2";"0";"1";""
"202200028599";"762 973";"C01";"1";"7";"0";"2";"1";"1";"1";""
"202200028599";"762 974";"B01";"1";"7";"0";"2";"8";"1";"1";""
"202200028599";"762 975";"A01";"1";"2";"0";"2";"1";"5";"1";""
"202200028600";"762 971";"A01";"2";"2";"0";"0";"8";"1";"1";""
"202200028601";"762 970";"B01";"1";"7";"9";"2";"2";"1";"1";""
"202200028601";"762 972";"A01";"2";"7";"0";"2";"3";"9";"1";""
"202200028602";"762 969";"A01";"3";"7";"6";"0";"2";"1";"1";""
"202200028603";"762 967";"A01";"3";"7";"0";"9";"3";"16";"0";""
"202200028604";"762 966";"B01";"1";"17";"0";"2";"1";"13";"1";""
"202200028604";"762 968";"A01";"2";"10";"0";"2";"1";"13";"1";""
"202200028605";"762 965";"A01";"2";"7";"16";"0";"3";"13";"1";""
"202200028606";"762 962";"A01";"1";"7";"0";"2";"3";"13";"1";""
"202200028606";"762 963";"B01";"2";"7";"0";"2";"2";"1";"1";""
"202200028607";"762 961";"A01";"2";"7";"0";"2";"3";"15";"1";""
"202200028607";"762 964";"B01";"1";"10";"0";"2";"3";"0";"1";""
"202200028608";"762 960";"A01";"1";"33";"0";"6";"1";"1";"1";""
"202200028609";"762 956";"A01";"1";"7";"0";"2";"1";"19";"1";""
"202200028609";"762 959";"B01";"1";"7";"0";"2";"1";"1";"1";""
"202200028610";"762 955";"A01";"3";"7";"0";"9";"1";"1";"1";""
"202200028610";"762 957";"B01";"3";"10";"0";"9";"1";"1";"1";""
"202200028610";"762 958";"C01";"3";"7";"0";"9";"4";"1";"1";""
"202200028611";"762 953";"B01";"2";"7";"0";"2";"1";"11";"2";""
"202200028611";"762 954";"A01";"1";"32";"0";"2";"1";"1";"1";""
"202200028612";"762 952";"A01";"3";"7";"16";"0";"0";"0";"1";""
"202200028613";"762 951";"A01";"1";"7";"13";"0";"1";"1";"1";""
"202200028614";"762 950";"A01";"2";"33";"3";"0";"0";"0";"1";""
"202200028615";"762 949";"A01";"2";"33";"3";"0";"1";"14";"1";""
"202200028616";"762 946";"A01";"2";"7";"0";"2";"3";"9";"1";""
"202200028616";"762 948";"B01";"1";"1";"0";"2";"1";"1";"5";""
"202200028617";"762 943";"A01";"1";"7";"0";"2";"1";"2";"1";""
"202200028617";"762 945";"B01";"1";"7";"0";"2";"4";"2";"1";""
"202200028617";"762 947";"C01";"1";"7";"0";"2";"4";"2";"2";""
"202200028618";"762 942";"B01";"2";"33";"0";"2";"2";"2";"1";""
"202200028618";"762 944";"A01";"1";"7";"0";"2";"3";"9";"1";""
"202200028619";"762 939";"B01";"0";"80";"0";"2";"1";"2";"3";""
"202200028619";"762 941";"A01";"0";"33";"0";"2";"5";"23";"1";""
"202200028620";"762 940";"Z01";"3";"7";"0";"1";"1";"1";"1";""
"202200028621";"762 938";"A01";"2";"7";"13";"0";"3";"1";"1";""
"202200028622";"762 937";"A01";"1";"7";"0";"1";"2";"26";"0";""
"202200028623";"762 936";"A01";"1";"7";"8";"0";"8";"1";"1";""
"202200028624";"762 935";"A01";"1";"7";"0";"1";"1";"1";"1";""
"202200028625";"762 933";"A01";"2";"7";"0";"0";"1";"1";"1";""
"202200028625";"762 934";"B01";"2";"30";"0";"0";"7";"9";"1";""
"202200028626";"762 929";"C01";"2";"7";"0";"2";"3";"1";"1";""
"202200028626";"762 930";"B01";"2";"7";"0";"2";"1";"1";"1";""
"202200028626";"762 932";"A01";"1";"7";"0";"2";"1";"13";"1";""
"202200028627";"762 926";"C01";"1";"7";"0";"2";"6";"23";"1";""
"202200028627";"762 928";"A01";"1";"7";"0";"2";"2";"15";"1";""
"202200028627";"762 931";"B01";"2";"7";"0";"2";"1";"1";"1";""
"202200028628";"762 925";"A01";"2";"2";"0";"2";"7";"1";"1";""
"202200028628";"762 927";"B01";"3";"7";"0";"2";"1";"15";"1";""
"202200028629";"762 923";"B01";"1";"7";"0";"0";"0";"0";"0";""
"202200028630";"762 924";"A01";"1";"7";"6";"0";"1";"26";"1";""
"202200028631";"762 921";"A01";"1";"7";"9";"1";"2";"25";"1";""
"202200028632";"762 920";"B01";"1";"7";"0";"1";"4";"2";"1";""
"202200028632";"762 922";"A01";"1";"7";"0";"2";"1";"2";"1";""
"202200028633";"762 919";"A01";"1";"7";"1";"0";"1";"1";"1";""
"202200028634";"762 915";"B01";"1";"7";"0";"2";"4";"23";"1";""
"202200028634";"762 917";"A01";"1";"1";"0";"2";"1";"1";"5";""
"202200028635";"762 914";"A01";"1";"10";"0";"2";"3";"1";"1";""
"202200028635";"762 916";"B01";"2";"17";"0";"0";"3";"1";"1";""
"202200028636";"762 913";"A01";"1";"7";"1";"0";"2";"14";"1";""
"202200028637";"762 911";"B01";"2";"1";"0";"2";"1";"1";"5";""
"202200028637";"762 912";"A01";"1";"7";"0";"9";"1";"11";"1";""
"202200028638";"762 908";"B01";"1";"80";"0";"2";"6";"1";"3";""
"202200028638";"762 910";"A01";"1";"7";"0";"2";"1";"9";"1";""
"202200028639";"762 907";"B01";"1";"21";"0";"2";"3";"2";"1";""
"202200028639";"762 909";"A01";"1";"7";"0";"2";"2";"2";"1";""
"202200028640";"762 904";"A01";"1";"33";"0";"2";"2";"1";"1";""
"202200028640";"762 906";"B01";"2";"7";"0";"2";"1";"19";"1";""
"202200028641";"762 905";"A01";"2";"7";"0";"1";"2";"1";"1";""
"202200028642";"762 903";"A01";"3";"2";"0";"0";"0";"0";"1";""
"202200028643";"762 902";"A01";"1";"7";"0";"1";"1";"15";"1";""
"202200028644";"762 900";"B01";"1";"33";"0";"2";"7";"1";"1";""
"202200028644";"762 901";"A01";"0";"7";"0";"2";"1";"10";"1";""
"202200028645";"762 898";"A01";"2";"7";"13";"0";"9";"1";"1";""
"202200028646";"762 897";"P01";"3";"50";"0";"2";"3";"19";"3";""
"202200028646";"762 899";"A01";"3";"7";"0";"2";"2";"16";"1";""
"202200028647";"762 894";"B01";"0";"10";"0";"0";"4";"2";"1";""
"202200028647";"762 896";"A01";"0";"33";"0";"2";"1";"2";"1";""
"202200028648";"762 893";"B01";"1";"7";"0";"0";"1";"1";"1";""
"202200028648";"762 895";"A01";"1";"7";"0";"2";"7";"16";"1";""
"202200028649";"762 892";"A01";"2";"10";"0";"1";"2";"1";"1";""
"202200028650";"762 891";"A01";"2";"7";"0";"1";"3";"15";"1";""
"202200028651";"762 887";"B01";"3";"33";"0";"2";"2";"1";"1";""
"202200028651";"762 889";"A01";"3";"7";"0";"2";"2";"0";"1";""
"202200028652";"762 886";"C01";"1";"7";"0";"0";"4";"2";"1";""
"202200028652";"762 888";"A01";"1";"7";"0";"2";"1";"2";"1";""
"202200028652";"762 890";"B01";"1";"2";"0";"2";"4";"2";"1";""
"202200028653";"762 885";"A01";"2";"1";"0";"0";"1";"21";"5";""
"202200028654";"762 884";"A01";"0";"7";"0";"1";"1";"15";"1";""
"202200028655";"762 882";"Z01";"2";"7";"0";"1";"0";"0";"0";""
"202200028656";"762 881";"Z01";"2";"7";"0";"2";"0";"0";"1";""
"202200028656";"762 883";"A01";"2";"32";"0";"2";"8";"0";"1";""
"202200028657";"762 880";"A01";"1";"10";"13";"0";"0";"0";"1";""
"202200028658";"762 878";"B01";"1";"7";"0";"2";"1";"1";"1";""
"202200028658";"762 879";"A01";"1";"7";"0";"0";"4";"1";"1";""
"202200028659";"762 876";"B01";"1";"7";"0";"2";"4";"23";"1";""
"202200028659";"762 877";"A01";"1";"10";"0";"2";"1";"1";"1";""
"202200028660";"762 873";"A01";"0";"7";"0";"1";"1";"26";"1";""
"202200028661";"762 872";"C01";"2";"7";"0";"2";"8";"1";"1";""
"202200028661";"762 874";"B01";"2";"7";"0";"0";"1";"2";"1";""
"202200028661";"762 875";"A01";"2";"7";"0";"2";"6";"12";"1";""
"202200028662";"762 870";"A01";"0";"7";"13";"0";"1";"1";"1";""
"202200028663";"762 868";"C01";"2";"7";"0";"2";"1";"2";"1";""
"202200028663";"762 869";"B01";"2";"7";"0";"2";"4";"23";"1";""
"202200028663";"762 871";"A01";"2";"7";"0";"2";"7";"1";"1";""
"202200028664";"762 867";"A01";"2";"7";"4";"0";"1";"16";"1";""
"202200028665";"762 866";"A01";"2";"14";"3";"0";"0";"1";"1";""
"202200028666";"762 864";"A01";"1";"7";"0";"2";"1";"1";"1";""
"202200028666";"762 865";"B01";"1";"10";"0";"2";"4";"1";"1";""
"202200028667";"762 863";"A01";"2";"7";"3";"2";"0";"0";"1";""
"202200028668";"762 861";"B01";"1";"7";"0";"2";"0";"23";"1";""
"202200028668";"762 862";"A01";"1";"15";"0";"2";"0";"1";"1";""
"202200028669";"762 860";"A01";"1";"7";"3";"0";"2";"1";"1";""
"202200028670";"762 858";"A01";"3";"7";"0";"2";"2";"15";"1";""
"202200028670";"762 859";"B01";"3";"1";"0";"2";"1";"1";"5";""
"202200028671";"762 856";"B01";"2";"7";"0";"2";"4";"2";"1";""
"202200028671";"762 857";"A01";"2";"15";"0";"2";"1";"2";"1";""
"202200028672";"762 853";"A01";"1";"10";"0";"2";"1";"2";"1";""
"202200028672";"762 854";"B01";"1";"7";"0";"2";"5";"1";"1";""
"202200028673";"762 852";"B01";"0";"7";"0";"2";"1";"9";"1";""
"202200028673";"762 855";"A01";"2";"60";"0";"2";"2";"1";"5";""
"202200028674";"762 849";"A01";"1";"7";"0";"2";"1";"2";"1";""
"202200028674";"762 851";"B01";"1";"7";"0";"2";"4";"2";"1";""
"202200028675";"762 846";"A01";"2";"13";"0";"2";"0";"2";"1";""
"202200028675";"762 847";"B01";"2";"7";"0";"2";"0";"1";"1";""
"202200028675";"762 848";"C01";"2";"7";"0";"2";"0";"0";"1";""
"202200028675";"762 850";"D01";"2";"7";"0";"2";"7";"2";"1";""
"202200028676";"762 845";"A01";"3";"7";"0";"2";"1";"2";"1";""
"202200028677";"762 844";"A01";"1";"10";"0";"1";"3";"17";"1";""
"202200028678";"762 841";"A01";"0";"7";"0";"1";"1";"1";"1";""
"202200028679";"762 840";"C01";"1";"7";"0";"2";"4";"1";"1";""
"202200028679";"762 842";"B01";"1";"33";"0";"2";"7";"1";"1";""
"202200028679";"762 843";"A01";"1";"7";"0";"2";"3";"11";"1";""
"202200028680";"762 838";"A01";"2";"7";"3";"0";"1";"1";"2";""
"202200028681";"762 837";"B01";"0";"7";"0";"2";"0";"1";"1";""
"202200028681";"762 839";"A01";"0";"7";"0";"2";"8";"10";"1";""
"202200028682";"762 836";"A01";"1";"7";"0";"0";"0";"0";"1";""
"202200028683";"762 834";"A01";"1";"7";"0";"2";"8";"9";"1";""
"202200028683";"762 835";"B01";"2";"50";"0";"2";"7";"0";"3";""
"202200028684";"762 833";"A01";"1";"7";"8";"0";"2";"15";"1";""
"202200028685";"762 832";"A01";"1";"31";"0";"0";"0";"21";"1";""
"202200028686";"762 831";"A01";"3";"7";"0";"1";"1";"1";"1";""
"202200028687";"762 829";"B01";"2";"7";"0";"2";"6";"2";"1";""
"202200028687";"762 830";"A01";"2";"2";"0";"2";"1";"2";"1";""
"202200028688";"762 825";"A01";"1";"7";"0";"2";"1";"2";"1";""
"202200028688";"762 827";"B01";"1";"7";"0";"2";"4";"2";"1";""
"202200028688";"762 828";"C01";"1";"7";"0";"2";"4";"2";"1";""
"202200028689";"762 826";"A01";"0";"32";"0";"1";"1";"1";"1";""
"202200028690";"762 823";"B01";"2";"33";"0";"2";"1";"1";"1";""
"202200028690";"762 824";"A01";"1";"7";"0";"2";"2";"15";"2";""
"202200028691";"762 822";"A01";"2";"7";"0";"1";"7";"1";"1";""
"202200028692";"762 819";"A01";"2";"7";"0";"2";"3";"19";"1";""
"202200028692";"762 821";"B01";"2";"10";"0";"2";"1";"1";"1";""
"202200028693";"762 818";"A01";"1";"7";"0";"2";"1";"2";"1";""
"202200028693";"762 820";"B01";"1";"7";"0";"2";"4";"2";"1";""
"202200028694";"762 816";"B01";"3";"7";"0";"2";"1";"1";"1";""
"202200028694";"762 817";"A01";"3";"7";"0";"2";"4";"23";"1";""
"202200028695";"762 815";"A01";"1";"7";"6";"0";"1";"1";"1";""
"202200028696";"762 813";"A01";"2";"7";"0";"2";"1";"2";"1";""
"202200028696";"762 814";"B01";"2";"7";"0";"2";"6";"2";"1";""
"202200028697";"762 810";"B01";"1";"7";"0";"2";"2";"1";"1";""
"202200028697";"762 811";"A01";"1";"1";"0";"2";"1";"13";"5";""
"202200028698";"762 809";"A01";"2";"31";"0";"2";"1";"0";"1";""
"202200028698";"762 812";"B01";"2";"7";"5";"0";"6";"13";"1";""
"202200028699";"762 808";"A01";"2";"7";"0";"1";"3";"15";"1";""
"202200028700";"762 807";"A01";"2";"7";"0";"1";"2";"1";"1";""
"202200028701";"762 804";"B01";"2";"30";"0";"0";"0";"21";"1";""
"202200028701";"762 806";"A01";"1";"43";"0";"0";"0";"16";"1";""
"202200028702";"762 803";"A01";"3";"7";"0";"2";"7";"1";"1";""
"202200028702";"762 805";"B01";"3";"13";"0";"2";"1";"1";"1";""
"202200028703";"762 800";"B01";"1";"50";"0";"2";"3";"1";"3";""
"202200028703";"762 802";"A01";"1";"10";"0";"2";"2";"16";"1";""