"Num_Acc";"id_vehicule";"num_veh";"senc";"catv";"obs";"obsm";"choc";"manv";"motor";"occutc"
"202200029129";"762 037";"A01";"2";"7";"0";"0";"0";"15";"1";""
"202200029130";"762 035";"B01";"2";"33";"0";"2";"1";"1";"1";""
"202200029130";"762 036";"A01";"2";"7";"0";"2";"8";"15";"1";""
"202200029131";"762 033";"A01";"1";"7";"0";"2";"1";"2";"1";""
"202200029131";"762 034";"B01";"0";"7";"1";"2";"4";"2";"1";""
"202200029132";"762 031";"A01";"1";"7";"0";"2";"3";"2";"1";""
"202200029132";"762 032";"B01";"1";"7";"0";"2";"6";"0";"1";""
"202200029133";"762 029";"B01";"1";"1";"0";"9";"1";"1";"5";""
"202200029133";"762 030";"A01";"1";"7";"0";"2";"3";"22";"1";""
"202200029134";"762 027";"B01";"1";"2";"0";"2";"1";"1";"1";""
"202200029134";"762 028";"A01";"1";"7";"0";"2";"2";"19";"1";""
"202200029135";"762 026";"A01";"3";"7";"0";"1";"4";"4";"1";""
"202200029136";"762 024";"A01";"3";"7";"0";"2";"1";"15";"1";""
"202200029136";"762 025";"B01";"0";"7";"0";"2";"1";"1";"1";""
"202200029137";"762 023";"A01";"0";"7";"0";"1";"5";"20";"1";""
"202200029138";"762 022";"A01";"0";"7";"0";"1";"0";"1";"0";""
"202200029139";"762 020";"A01";"3";"10";"0";"2";"1";"1";"0";""
"202200029139";"762 021";"B01";"3";"50";"0";"2";"0";"0";"3";""
"202200029140";"762 018";"A01";"3";"7";"0";"2";"2";"15";"1";""
"202200029140";"762 019";"B01";"1";"2";"0";"2";"1";"1";"1";""
"202200029141";"762 016";"B01";"2";"1";"0";"2";"0";"0";"5";""
"202200029141";"762 017";"A01";"1";"7";"0";"2";"3";"15";"1";""
"202200029142";"762 014";"B01";"1";"0";"0";"2";"1";"9";"0";""
"202200029142";"762 015";"A01";"1";"7";"0";"2";"5";"1";"1";""
"202200029143";"762 013";"A01";"3";"7";"0";"0";"9";"1";"1";""
"202200029144";"762 012";"A01";"1";"2";"0";"0";"0";"0";"1";""
"202200029145";"762 010";"B01";"1";"7";"0";"2";"8";"1";"1";""
"202200029145";"762 011";"A01";"1";"7";"0";"2";"9";"1";"1";""
"202200029146";"762 008";"A01";"1";"7";"0";"2";"1";"2";"1";""
"202200029146";"762 009";"B01";"1";"7";"0";"2";"4";"2";"1";""
"202200029147";"762 006";"A01";"2";"7";"0";"2";"5";"10";"1";""
"202200029147";"762 007";"B01";"2";"33";"0";"2";"1";"3";"1";""
"202200029148";"762 003";"C01";"3";"7";"0";"2";"5";"23";"1";""
"202200029148";"762 004";"A01";"3";"80";"0";"2";"8";"18";"3";""
"202200029148";"762 005";"B01";"3";"7";"0";"2";"7";"23";"1";""
"202200029149";"762 001";"A01";"3";"7";"0";"2";"1";"1";"1";""
"202200029149";"762 002";"B01";"3";"50";"0";"2";"7";"19";"3";""
"202200029150";"761 999";"B01";"1";"1";"0";"2";"1";"1";"0";""
"202200029150";"762 000";"A01";"1";"7";"0";"2";"6";"15";"1";""
"202200029151";"761 998";"A01";"2";"7";"0";"1";"2";"1";"1";""
"202200029152";"761 997";"A01";"1";"7";"0";"1";"1";"1";"1";""
"202200029153";"761 995";"A01";"1";"34";"0";"2";"1";"1";"1";""
"202200029153";"761 996";"B01";"1";"3";"0";"2";"3";"0";"1";""
"202200029154";"761 994";"A01";"3";"7";"6";"0";"1";"1";"1";""
"202200029155";"761 992";"A01";"1";"7";"0";"2";"8";"1";"1";""
"202200029155";"761 993";"B01";"1";"1";"0";"2";"0";"0";"5";""
"202200029156";"761 991";"A01";"0";"33";"0";"0";"0";"0";"1";""
"202200029157";"761 990";"A01";"2";"7";"13";"6";"5";"2";"1";""
"202200029158";"761 989";"A01";"3";"33";"17";"0";"0";"1";"1";""
"202200029159";"761 985";"D01";"1";"7";"0";"2";"4";"1";"1";""
"202200029159";"761 986";"C01";"1";"10";"0";"2";"4";"1";"1";""
"202200029159";"761 987";"B01";"1";"7";"0";"2";"4";"1";"1";""
"202200029159";"761 988";"A01";"1";"7";"0";"2";"1";"2";"2";""
"202200029160";"761 984";"A01";"2";"7";"4";"0";"3";"1";"1";""
"202200029161";"761 982";"B01";"1";"7";"0";"2";"4";"2";"2";""
"202200029161";"761 983";"A01";"1";"7";"0";"2";"1";"2";"1";""
"202200029162";"761 980";"B01";"2";"33";"0";"2";"1";"3";"1";""
"202200029162";"761 981";"A01";"2";"7";"0";"2";"6";"11";"1";""
"202200029163";"761 978";"A01";"1";"7";"0";"2";"1";"2";"1";""
"202200029163";"761 979";"B01";"1";"7";"0";"2";"4";"2";"1";""
"202200029164";"761 975";"A01";"1";"15";"0";"2";"1";"2";"1";""
"202200029164";"761 976";"B01";"1";"7";"0";"2";"1";"2";"1";""
"202200029164";"761 977";"C01";"1";"7";"0";"2";"4";"2";"1";""
"202200029165";"761 974";"A01";"1";"7";"4";"0";"1";"1";"1";""
"202200029166";"761 970";"A01";"2";"7";"0";"2";"2";"0";"1";""
"202200029166";"761 971";"B01";"2";"7";"0";"2";"6";"1";"1";""
"202200029166";"761 972";"C01";"2";"7";"0";"2";"0";"1";"1";""
"202200029166";"761 973";"D01";"2";"10";"0";"2";"1";"2";"1";""
"202200029167";"761 968";"A01";"2";"7";"0";"2";"0";"1";"1";""
"202200029167";"761 969";"B01";"2";"15";"0";"2";"8";"1";"1";""
"202200029168";"761 966";"B01";"2";"7";"1";"0";"1";"2";"1";""
"202200029168";"761 967";"A01";"2";"7";"0";"2";"4";"23";"1";""
"202200029169";"761 964";"A01";"2";"7";"0";"2";"8";"12";"1";""
"202200029169";"761 965";"B01";"2";"33";"0";"2";"8";"1";"1";""
"202200029170";"761 961";"C01";"1";"10";"0";"2";"1";"21";"1";""
"202200029170";"761 962";"B01";"1";"7";"0";"2";"1";"1";"1";""
"202200029170";"761 963";"A01";"2";"7";"0";"2";"1";"13";"1";""
"202200029171";"761 959";"B01";"1";"33";"0";"2";"1";"26";"1";""
"202200029171";"761 960";"A01";"1";"3";"0";"2";"1";"19";"1";""
"202200029172";"761 957";"B01";"2";"2";"0";"2";"6";"0";"1";""
"202200029172";"761 958";"A01";"2";"33";"0";"2";"6";"21";"1";""
"202200029173";"761 955";"B01";"3";"7";"0";"2";"6";"2";"1";""
"202200029173";"761 956";"A01";"3";"7";"0";"2";"1";"1";"1";""
"202200029174";"761 954";"A01";"3";"7";"6";"0";"2";"16";"1";""
"202200029175";"761 953";"A01";"1";"7";"0";"1";"2";"1";"1";""
"202200029176";"761 951";"A01";"1";"10";"0";"2";"3";"1";"0";""
"202200029176";"761 952";"B01";"1";"1";"0";"2";"3";"1";"0";""
"202200029177";"761 949";"A01";"2";"7";"0";"2";"2";"9";"1";""
"202200029177";"761 950";"B01";"1";"33";"0";"2";"4";"24";"1";""
"202200029178";"761 948";"A01";"3";"30";"0";"0";"0";"15";"1";""
"202200029179";"761 946";"A01";"1";"50";"1";"2";"1";"21";"3";""
"202200029179";"761 947";"B01";"2";"60";"0";"2";"0";"1";"5";""
"202200029180";"761 945";"A01";"2";"7";"9";"0";"3";"10";"1";""
"202200029181";"761 943";"B01";"0";"33";"0";"2";"1";"2";"1";""
"202200029181";"761 944";"A01";"1";"7";"0";"2";"4";"15";"1";""
"202200029182";"761 940";"B01";"1";"7";"0";"2";"1";"15";"1";""
"202200029182";"761 941";"C01";"2";"7";"0";"2";"2";"23";"1";""
"202200029182";"761 942";"A01";"2";"33";"0";"2";"1";"1";"1";""
"202200029183";"761 938";"A01";"2";"3";"1";"2";"2";"20";"1";""
"202200029183";"761 939";"B01";"2";"7";"0";"2";"2";"0";"1";""
"202200029184";"761 936";"B01";"3";"7";"0";"2";"3";"1";"1";""
"202200029184";"761 937";"A01";"3";"7";"0";"2";"3";"1";"1";""
"202200029185";"761 935";"A01";"1";"50";"2";"0";"1";"26";"3";""
"202200029186";"761 933";"B01";"1";"1";"0";"2";"1";"1";"5";""
"202200029186";"761 934";"A01";"3";"7";"0";"2";"3";"15";"1";""
"202200029187";"761 930";"A01";"1";"7";"0";"2";"0";"15";"1";""
"202200029187";"761 931";"B01";"2";"7";"0";"2";"1";"1";"1";""
"202200029187";"761 932";"C01";"2";"37";"0";"2";"5";"1";"0";"2"
"202200029188";"761 929";"A01";"1";"10";"0";"1";"1";"1";"1";""
"202200029189";"761 925";"D01";"2";"7";"0";"0";"0";"0";"2";""
"202200029189";"761 926";"C01";"1";"7";"0";"2";"5";"0";"1";""
"202200029189";"761 927";"B01";"2";"10";"0";"2";"6";"0";"1";""
"202200029189";"761 928";"A01";"1";"7";"0";"2";"3";"15";"1";""
"202200029190";"761 922";"A01";"3";"7";"0";"2";"3";"15";"1";""
"202200029191";"761 917";"A01";"1";"7";"0";"2";"2";"6";"1";""
"202200029191";"761 918";"B01";"1";"7";"0";"2";"3";"26";"3";""
"202200029191";"761 919";"C01";"2";"7";"0";"2";"8";"1";"1";""
"202200029191";"761 920";"D01";"2";"7";"0";"2";"1";"1";"1";""
"202200029191";"761 921";"E01";"2";"7";"0";"2";"1";"1";"1";""
"202200029192";"761 915";"A01";"0";"7";"0";"2";"1";"9";"1";""
"202200029192";"761 916";"B01";"3";"33";"0";"2";"2";"1";"1";""
"202200029193";"761 913";"A01";"1";"1";"15";"0";"1";"21";"5";""
"202200029193";"761 914";"Z01";"2";"7";"0";"0";"0";"0";"1";""
"202200029194";"761 911";"A01";"2";"7";"0";"2";"3";"9";"1";""
"202200029194";"761 912";"B01";"1";"1";"0";"2";"7";"1";"5";""
"202200029195";"761 909";"A01";"3";"7";"0";"2";"5";"16";"1";""
"202200029195";"761 910";"B01";"3";"1";"0";"2";"0";"1";"5";""
"202200029196";"761 907";"A01";"2";"7";"0";"2";"7";"16";"1";""
"202200029196";"761 908";"B01";"2";"1";"0";"2";"1";"1";"5";""
"202200029197";"761 905";"B01";"1";"43";"8";"2";"2";"17";"1";""
"202200029197";"761 906";"A01";"1";"10";"16";"0";"3";"15";"1";""
"202200029198";"761 904";"A01";"2";"10";"0";"1";"2";"1";"6";""
"202200029199";"761 902";"A01";"3";"7";"0";"2";"2";"21";"1";""
"202200029199";"761 903";"B01";"3";"1";"0";"2";"1";"19";"5";""
"202200029200";"761 900";"B01";"2";"1";"0";"2";"8";"1";"5";""
"202200029200";"761 901";"A01";"1";"7";"0";"2";"3";"15";"1";""
"202200029201";"761 899";"A01";"2";"33";"6";"0";"0";"0";"1";""
"202200029202";"761 898";"A01";"2";"33";"16";"0";"0";"0";"1";""
"202200029203";"761 895";"B01";"1";"33";"0";"2";"3";"15";"1";""
"202200029203";"761 897";"A01";"2";"7";"0";"2";"1";"1";"1";""
"202200029204";"761 894";"B01";"2";"7";"0";"2";"1";"2";"1";""
"202200029204";"761 896";"A01";"2";"32";"9";"2";"1";"5";"1";""
"202200029205";"761 892";"B01";"3";"1";"0";"9";"1";"2";"5";""
"202200029205";"761 893";"A01";"3";"1";"0";"9";"1";"2";"5";""
"202200029206";"761 891";"A01";"1";"1";"7";"0";"1";"1";"5";""
"202200029207";"761 888";"A01";"3";"2";"13";"0";"0";"0";"1";""
"202200029208";"761 889";"A01";"1";"7";"0";"2";"1";"2";"1";""
"202200029208";"761 890";"B01";"1";"7";"0";"2";"4";"2";"3";""
"202200029209";"761 886";"A01";"1";"7";"13";"0";"0";"1";"1";""
"202200029210";"761 885";"A01";"0";"33";"0";"2";"3";"1";"1";""
"202200029210";"761 887";"B01";"0";"7";"0";"2";"1";"15";"1";""
"202200029211";"761 882";"A01";"3";"7";"0";"2";"5";"6";"1";""
"202200029211";"761 884";"B01";"3";"13";"0";"2";"2";"1";"1";""
"202200029212";"761 881";"A01";"1";"21";"0";"2";"2";"15";"1";""
"202200029212";"761 883";"B01";"2";"1";"0";"2";"1";"1";"5";""
"202200029213";"761 880";"A01";"1";"33";"0";"0";"8";"1";"1";""
"202200029214";"761 877";"A01";"2";"10";"0";"2";"1";"0";"1";""
"202200029214";"761 878";"B01";"1";"10";"0";"2";"1";"0";"1";""
"202200029214";"761 879";"C01";"2";"7";"0";"2";"1";"0";"1";""
"202200029215";"761 876";"A01";"1";"7";"0";"1";"2";"1";"1";""
"202200029216";"761 875";"A01";"1";"7";"6";"0";"1";"5";"1";""
"202200029217";"761 873";"A01";"2";"35";"12";"0";"3";"13";"1";""
"202200029218";"761 871";"A01";"1";"30";"0";"2";"1";"1";"1";""
"202200029218";"761 874";"B01";"2";"7";"0";"2";"2";"1";"2";""
"202200029219";"761 870";"B01";"1";"2";"0";"2";"0";"0";"1";""
"202200029219";"761 872";"A01";"1";"7";"0";"2";"0";"0";"1";""
"202200029220";"761 865";"B01";"3";"7";"0";"2";"8";"0";"0";""
"202200029220";"761 866";"A01";"2";"7";"0";"2";"2";"1";"1";""
"202200029221";"761 864";"B01";"2";"10";"0";"0";"6";"18";"1";""
"202200029221";"761 867";"C01";"2";"7";"0";"0";"4";"15";"1";""
"202200029221";"761 869";"A01";"2";"7";"0";"2";"1";"1";"1";""
"202200029222";"761 862";"C01";"1";"14";"0";"2";"2";"2";"0";""
"202200029222";"761 863";"B01";"1";"10";"1";"0";"6";"2";"1";""
"202200029222";"761 868";"A01";"1";"7";"1";"0";"0";"2";"1";""
"202200029223";"761 861";"A01";"1";"7";"13";"0";"2";"1";"1";""
"202200029224";"761 860";"A01";"1";"33";"15";"1";"1";"1";"1";""
"202200029225";"761 858";"A01";"1";"7";"0";"1";"2";"1";"1";""
"202200029226";"761 856";"A01";"2";"7";"0";"2";"3";"26";"1";""
"202200029226";"761 857";"B01";"1";"7";"0";"2";"2";"26";"1";""
"202200029227";"761 855";"B01";"3";"1";"0";"2";"2";"1";"5";""
"202200029227";"761 859";"A01";"3";"7";"0";"2";"6";"9";"1";""
"202200029228";"761 853";"A01";"1";"7";"15";"0";"4";"23";"1";""
"202200029228";"761 854";"B01";"1";"7";"1";"0";"1";"25";"0";""
"202200029229";"761 851";"B01";"1";"1";"0";"0";"3";"19";"5";""
"202200029229";"761 852";"A01";"1";"7";"0";"0";"2";"16";"1";""
"202200029230";"761 850";"A01";"1";"34";"0";"1";"1";"1";"1";""
"202200029231";"761 849";"A01";"0";"7";"0";"1";"2";"2";"1";""
"202200029232";"761 848";"A01";"3";"2";"13";"0";"1";"1";"1";""
"202200029233";"761 846";"B01";"2";"7";"0";"2";"6";"11";"1";""
"202200029233";"761 847";"A01";"2";"33";"0";"2";"1";"3";"1";""
"202200029234";"761 843";"B01";"1";"7";"0";"0";"0";"13";"1";""
"202200029234";"761 844";"A01";"1";"2";"6";"0";"1";"21";"1";""
"202200029235";"761 840";"A01";"2";"7";"0";"2";"3";"1";"1";""
"202200029235";"761 842";"B01";"2";"33";"0";"2";"7";"1";"1";""
"202200029236";"761 841";"B01";"3";"7";"0";"2";"5";"15";"1";""
"202200029236";"761 845";"A01";"3";"7";"0";"2";"1";"1";"1";""
"202200029237";"761 839";"A01";"3";"7";"2";"0";"1";"1";"1";""
"202200029238";"761 835";"B01";"1";"34";"0";"2";"8";"17";"1";""
"202200029238";"761 838";"Z01";"1";"2";"0";"2";"8";"11";"1";""
"202200029239";"761 833";"B01";"3";"1";"0";"2";"0";"15";"5";""
"202200029239";"761 837";"A01";"3";"7";"0";"2";"2";"1";"1";""
"202200029240";"761 832";"C01";"1";"7";"0";"2";"4";"2";"1";""
"202200029240";"761 834";"A01";"1";"10";"0";"2";"1";"2";"1";""
"202200029240";"761 836";"B01";"1";"7";"0";"2";"1";"2";"1";""
"202200029241";"761 830";"B01";"2";"32";"0";"2";"1";"2";"1";""
"202200029241";"761 831";"A01";"1";"7";"0";"2";"3";"15";"1";""
"202200029242";"761 826";"A01";"1";"7";"0";"2";"1";"13";"1";""
"202200029242";"761 827";"B01";"2";"7";"0";"2";"1";"1";"1";""
"202200029243";"761 824";"A01";"1";"7";"0";"2";"2";"11";"1";""
"202200029243";"761 828";"B01";"1";"7";"0";"2";"6";"1";"1";""
"202200029243";"761 829";"C01";"1";"10";"0";"2";"8";"23";"1";""
"202200029244";"761 825";"A01";"0";"7";"4";"0";"1";"16";"1";""
"202200029245";"761 822";"A01";"1";"7";"0";"2";"3";"17";"1";""
"202200029245";"761 823";"B01";"2";"7";"0";"2";"3";"1";"1";""
"202200029246";"761 819";"A01";"1";"32";"0";"2";"3";"10";"1";""
"202200029246";"761 820";"B01";"2";"80";"9";"2";"3";"1";"3";""
"202200029247";"761 818";"A01";"1";"7";"13";"0";"3";"1";"1";""
"202200029248";"761 817";"B01";"2";"7";"0";"2";"3";"1";"1";""
"202200029248";"761 821";"A01";"1";"7";"0";"2";"1";"13";"1";""
"202200029249";"761 816";"A01";"1";"37";"0";"1";"5";"15";"1";"1"
"202200029250";"761 815";"A01";"1";"7";"2";"0";"1";"2";"1";""
"202200029251";"761 813";"A01";"2";"7";"0";"1";"7";"16";"1";""
"202200029252";"761 811";"A01";"2";"7";"0";"2";"1";"13";"1";""
"202200029252";"761 812";"B01";"1";"7";"0";"2";"3";"1";"1";""
"202200029253";"761 810";"B01";"2";"7";"0";"2";"4";"23";"1";""
"202200029253";"761 814";"A01";"2";"7";"0";"2";"1";"3";"1";""
"202200029254";"761 808";"A01";"1";"30";"0";"2";"1";"1";"1";""
"202200029254";"761 809";"B01";"2";"7";"0";"2";"3";"1";"1";""
"202200029255";"761 805";"B01";"1";"7";"0";"2";"4";"2";"1";""
"202200029255";"761 807";"A01";"1";"10";"0";"2";"1";"2";"1";""
"202200029256";"761 804";"Z01";"2";"7";"0";"2";"7";"12";"1";""
"202200029256";"761 806";"A01";"2";"33";"0";"2";"8";"3";"1";""
"202200029257";"761 802";"Z01";"1";"50";"0";"1";"8";"1";"3";""
"202200029258";"761 801";"B01";"3";"30";"0";"2";"1";"1";"0";""
"202200029258";"761 803";"A01";"3";"7";"0";"2";"2";"15";"0";""
"202200029259";"761 797";"A01";"2";"30";"0";"0";"2";"1";"1";""
"202200029260";"761 799";"A01";"1";"7";"0";"2";"1";"13";"1";""
"202200029260";"761 800";"B01";"1";"7";"0";"2";"2";"24";"2";""
"202200029261";"761 796";"A01";"2";"7";"0";"2";"1";"1";"2";""
"202200029261";"761 798";"B01";"1";"7";"0";"2";"1";"13";"1";""
"202200029262";"761 794";"B01";"1";"7";"0";"2";"4";"1";"2";""
"202200029262";"761 795";"A01";"1";"32";"0";"2";"1";"1";"1";""
"202200029263";"761 790";"A01";"2";"2";"0";"2";"1";"16";"0";""
"202200029263";"761 792";"B01";"1";"7";"0";"9";"2";"1";"1";""
"202200029264";"761 791";"A01";"1";"50";"0";"2";"1";"2";"3";""
"202200029264";"761 793";"B01";"1";"80";"0";"2";"4";"2";"3";""
"202200029265";"761 788";"B01";"3";"34";"0";"2";"2";"1";"1";""
"202200029265";"761 789";"A01";"3";"7";"0";"2";"3";"13";"1";""
"202200029266";"761 786";"A01";"1";"7";"0";"0";"4";"0";"2";""
"202200029266";"761 787";"B01";"1";"33";"0";"2";"1";"26";"1";""
"202200029267";"761 783";"Z01";"1";"7";"0";"2";"3";"2";"0";""
"202200029267";"761 784";"A01";"1";"80";"0";"2";"4";"20";"3";""
"202200029268";"761 785";"A01";"1";"7";"0";"1";"2";"1";"1";""
"202200029269";"761 780";"A01";"1";"7";"0";"2";"1";"1";"1";""
"202200029269";"761 782";"B01";"2";"34";"0";"2";"1";"1";"1";""
"202200029270";"761 779";"A01";"1";"30";"0";"1";"3";"25";"1";""
"202200029271";"761 778";"A01";"2";"7";"0";"2";"2";"15";"1";""
"202200029271";"761 781";"B01";"1";"2";"0";"2";"1";"1";"1";""
"202200029272";"761 775";"B01";"2";"50";"0";"2";"1";"17";"3";""
"202200029272";"761 777";"A01";"2";"7";"0";"2";"3";"1";"1";""
"202200029273";"761 774";"A01";"2";"7";"0";"2";"7";"17";"1";""
"202200029273";"761 776";"B01";"2";"1";"0";"2";"8";"1";"5";""
"202200029274";"761 773";"A01";"1";"7";"0";"1";"3";"1";"1";""
"202200029275";"761 771";"A01";"2";"10";"0";"2";"3";"15";"1";""
"202200029275";"761 772";"B01";"2";"33";"0";"2";"2";"1";"1";""
"202200029276";"761 770";"A01";"1";"7";"0";"1";"1";"1";"1";""
"202200029277";"761 769";"A01";"1";"7";"0";"1";"3";"9";"1";""
"202200029278";"761 768";"A01";"1";"14";"0";"1";"1";"1";"1";""
"202200029279";"761 767";"A01";"1";"7";"1";"0";"2";"14";"0";""
"202200029280";"761 766";"A01";"2";"7";"0";"1";"2";"7";"2";""
"202200029281";"761 765";"A01";"2";"7";"2";"0";"1";"1";"1";""
"202200029282";"761 762";"B01";"1";"30";"0";"2";"3";"2";"1";""
"202200029282";"761 764";"A01";"1";"7";"12";"2";"3";"14";"3";""
"202200029283";"761 761";"A01";"1";"7";"0";"2";"2";"15";"1";""
"202200029283";"761 763";"B01";"2";"32";"0";"2";"3";"1";"1";""
"202200029284";"761 759";"B01";"0";"32";"0";"2";"1";"17";"1";""
"202200029284";"761 760";"A01";"0";"7";"0";"2";"2";"15";"1";""
"202200029285";"761 757";"A01";"1";"1";"0";"2";"1";"2";"5";""
"202200029285";"761 758";"B01";"1";"7";"0";"9";"4";"2";"1";""
"202200029286";"761 755";"A01";"2";"33";"0";"6";"1";"0";"1";""
"202200029287";"761 753";"Z01";"2";"7";"8";"2";"1";"17";"1";""
"202200029287";"761 756";"A01";"1";"50";"0";"2";"4";"13";"3";""
"202200029288";"761 752";"A01";"2";"33";"0";"9";"1";"2";"1";""
"202200029288";"761 754";"B01";"2";"80";"0";"2";"4";"1";"3";""
"202200029289";"761 747";"A01";"2";"30";"0";"2";"7";"17";"1";""
"202200029289";"761 750";"B01";"2";"7";"0";"2";"3";"15";"1";""
"202200029290";"761 746";"B01";"1";"7";"0";"2";"3";"0";"1";""
"202200029290";"761 749";"A01";"1";"2";"0";"2";"1";"26";"1";""
"202200029291";"761 748";"B01";"1";"33";"0";"2";"1";"23";"1";""
"202200029291";"761 751";"A01";"2";"30";"0";"2";"1";"13";"1";""
"202200029292";"761 745";"A01";"1";"10";"1";"0";"3";"1";"1";""
"202200029293";"761 744";"A01";"0";"7";"2";"0";"7";"14";"1";""
"202200029294";"761 742";"A01";"1";"7";"0";"1";"3";"1";"1";""
"202200029295";"761 741";"B01";"2";"7";"0";"2";"3";"1";"1";""
"202200029295";"761 743";"A01";"2";"50";"0";"2";"1";"1";"3";""
"202200029296";"761 738";"A01";"3";"7";"0";"1";"1";"9";"0";""
"202200029297";"761 737";"B01";"3";"60";"0";"2";"8";"19";"5";""
"202200029297";"761 739";"A01";"2";"7";"0";"2";"8";"1";"2";""
"202200029298";"761 736";"A01";"1";"7";"0";"0";"6";"1";"1";""
"202200029298";"761 740";"B01";"1";"7";"0";"2";"1";"1";"1";""
"202200029299";"761 735";"A01";" -1";"7";"0";"1";"7";"1";"1";""
"202200029300";"761 734";"A01";"1";"7";"13";"0";"8";"13";"3";""
"202200029301";"761 732";"B01";"2";"7";"0";"2";"3";"15";"1";""
"202200029301";"761 733";"A01";"2";"34";"0";"2";"8";"13";"1";""
"202200029302";"761 729";"A01";"2";"7";"0";"2";"2";"15";"1";""
"202200029302";"761 731";"B01";"2";"31";"0";"2";"1";"1";"1";""
"202200029303";"761 728";"B01";"1";"7";"0";"2";"1";"15";"1";""
"202200029303";"761 730";"A01";"2";"33";"0";"2";"1";"1";"1";""
"202200029304";"761 727";"A01";"1";"10";"0";"1";"4";"20";"3";""
"202200029305";"761 725";"A01";"3";"7";"0";"2";"3";"4";"1";""
"202200029305";"761 726";"B01";"3";"7";"0";"2";"2";"2";"1";""
"202200029306";"761 723";"B01";"2";"7";"0";"2";"3";"15";"1";""
"202200029306";"761 724";"A01";"1";"33";"0";"2";"1";"1";"1";""
"202200029307";"761 720";"A01";"1";"7";"0";"2";"3";"15";"1";""
"202200029307";"761 722";"B01";"2";"1";"0";"2";"1";"1";"5";""
"202200029308";"761 719";"B01";"1";"10";"0";"2";"8";"13";"1";""
"202200029308";"761 721";"A01";"1";"33";"0";"2";"7";"14";"1";""
"202200029309";"761 717";"A01";"3";"30";"14";"0";"1";"1";"1";""
"202200029310";"761 716";"A01";"2";"7";"0";"2";"3";"15";"1";""
"202200029310";"761 718";"B01";"1";"33";"0";"0";"6";"1";"1";""
"202200029311";"761 715";"A01";"0";"30";"0";"0";"0";"1";"3";""
"202200029312";"761 713";"A01";"1";"7";"5";"0";"1";"1";"1";""
"202200029313";"761 712";"B01";"1";"10";"0";"2";"3";"1";"1";""
"202200029313";"761 714";"A01";"2";"2";"0";"2";"3";"1";"1";""
"202200029314";"761 710";"B01";"3";"7";"0";"2";"2";"1";"1";""
"202200029314";"761 711";"A01";"3";"1";"0";"2";"1";"15";"5";""
"202200029315";"761 708";"B01";"3";"1";"0";"2";"3";"0";"5";""
"202200029315";"761 709";"A01";"2";"7";"0";"9";"7";"1";"1";""
"202200029316";"761 704";"B01";"2";"7";"0";"2";"2";"17";"1";""
"202200029316";"761 706";"A01";"2";"7";"0";"2";"3";"10";"1";""
"202200029317";"761 703";"A01";"1";"7";"0";"2";"1";"17";"1";""
"202200029317";"761 705";"B01";"1";"7";"0";"2";"8";"1";"1";""
"202200029317";"761 707";"C01";"1";"10";"0";"2";"4";"1";"1";""
"202200029318";"761 699";"A01";"2";"16";"0";"0";"0";"15";"1";""
"202200029319";"761 698";"C01";"2";"7";"0";"2";"1";"2";"1";""
"202200029319";"761 701";"B01";"2";"7";"0";"2";"4";"1";"0";""
"202200029319";"761 702";"A01";"2";"7";"0";"2";"4";"1";"1";""
"202200029320";"761 693";"A01";"1";"7";"0";"2";"4";"1";"1";""
"202200029320";"761 695";"B01";"1";"7";"0";"2";"1";"1";"1";""
"202200029321";"761 692";"A01";"1";"7";"13";"0";"3";"1";"2";""
"202200029322";"761 697";"A01";"2";"7";"0";"2";"1";"9";"1";""
"202200029322";"761 700";"B01";"2";"1";"0";"2";"4";"9";"5";""
"202200029323";"761 691";"A01";"1";"33";"0";"0";"1";"17";"1";""
"202200029324";"761 690";"A01";"0";"7";"0";"1";"2";"0";"1";""
"202200029325";"761 686";"A01";"2";"33";"0";"2";"3";"1";"1";""
"202200029325";"761 689";"B01";"2";"7";"0";"2";"7";"1";"1";""
"202200029326";"761 685";"B01";"1";"7";"0";"2";"8";"15";"0";""
"202200029326";"761 687";"A01";"1";"33";"0";"2";"7";"17";"1";""
"202200029327";"761 684";"A01";"1";"10";"14";"2";"2";"19";"1";""
"202200029327";"761 688";"B01";"2";"1";"14";"0";"7";"19";"5";""
"202200029328";"761 683";"A01";"2";"17";"4";"0";"9";"1";"1";""
"202200029329";"761 681";"A01";"2";"7";"0";"2";"1";"2";"1";""
"202200029329";"761 682";"B01";"2";"10";"0";"2";"4";"2";"1";""
"202200029330";"761 677";"A01";"1";"10";"0";"1";"2";"1";"1";""
"202200029331";"761 678";"A01";"3";"7";"0";"2";"2";"15";"1";""
"202200029331";"761 680";"B01";"3";"32";"0";"2";"1";"1";"1";""
"202200029332";"761 676";"B01";"2";"7";"0";"2";"4";"2";"1";""
"202200029332";"761 679";"A01";"2";"7";"0";"2";"1";"2";"1";""
"202200029333";"761 673";"A01";"2";"7";"0";"0";"8";"21";"1";""
"202200029334";"761 672";"B01";"2";"7";"0";"0";"6";"2";"1";""
"202200029334";"761 675";"A01";"2";"7";"0";"2";"2";"2";"1";""
"202200029335";"761 671";"B01";"3";"7";"0";"0";"0";"0";"1";""
"202200029335";"761 674";"A01";" -1";"7";"0";"2";"2";"26";"1";""
"202200029336";"761 668";"A01";"1";"10";"0";"2";"3";"2";"1";""
"202200029336";"761 670";"B01";"1";"10";"0";"2";"5";"2";"1";""
"202200029337";"761 667";"B01";"1";"33";"0";"2";"3";"18";"0";""
"202200029337";"761 669";"A01";"1";"7";"0";"2";"2";"16";"1";""