"Num_Acc";"id_vehicule";"num_veh";"senc";"catv";"obs";"obsm";"choc";"manv";"motor";"occutc"
"202200029338";"761 665";"A01";"1";"7";"0";"9";"4";"1";"3";""
"202200029338";"761 666";"B01";"1";"1";"0";"2";"1";"1";"5";""
"202200029339";"761 663";"A01";"2";"14";"8";"0";"2";"1";"1";""
"202200029340";"761 662";"B01";"2";"7";"0";"2";"4";"2";"1";""
"202200029340";"761 664";"A01";"2";"34";"0";"2";"8";"3";"1";""
"202200029341";"761 659";"A01";"1";"7";"13";"0";"1";"1";"1";""
"202200029342";"761 661";"A01";"1";"10";"0";"1";"2";"15";"6";""
"202200029343";"761 658";"A01";"1";"7";"0";"2";"4";"2";"1";""
"202200029343";"761 660";"B01";"1";"7";"0";"2";"4";"0";"3";""
"202200029344";"761 654";"B01";"2";"38";"0";"2";"1";"1";"1";"1"
"202200029344";"761 657";"A01";"1";"3";"0";"2";"1";"5";"1";""
"202200029345";"761 656";"A01";"1";"7";"4";"0";"0";"1";"1";""
"202200029346";"761 655";"A01";"0";"30";"0";"1";"7";"19";"1";""
"202200029347";"761 653";"A01";"2";"7";"0";"0";"0";"0";"1";""
"202200029348";"761 651";"A01";"1";"33";"0";"0";"1";"1";"1";""
"202200029349";"761 652";"A01";"1";"32";"0";"1";"1";"1";"1";""
"202200029350";"761 649";"A01";"3";"37";"0";"2";"2";"15";"1";"1"
"202200029350";"761 650";"B01";"3";"30";"0";"2";"8";"1";"1";""
"202200029351";"761 641";"A01";"2";"7";"0";"2";"2";"15";"2";""
"202200029351";"761 644";"B01";"1";"33";"0";"2";"3";"1";"1";""
"202200029352";"761 638";"D01";"2";"7";"0";"2";"3";"23";"1";""
"202200029352";"761 640";"C01";"1";"7";"0";"2";"6";"23";"1";""
"202200029352";"761 643";"B01";"1";"7";"0";"2";"4";"23";"1";""
"202200029352";"761 645";"A01";"1";"7";"0";"2";"1";"1";"1";""
"202200029353";"761 637";"F01";"1";"7";"0";"2";"4";"2";"1";""
"202200029353";"761 639";"E01";"1";"7";"0";"2";"4";"2";"1";""
"202200029353";"761 642";"D01";"1";"7";"0";"2";"1";"2";"1";""
"202200029353";"761 646";"C01";"1";"7";"0";"2";"1";"2";"1";""
"202200029353";"761 647";"B01";"1";"7";"0";"2";"1";"2";"1";""
"202200029353";"761 648";"A01";"1";"7";"0";"2";"1";"2";"1";""
"202200029354";"761 636";"A01";"1";"3";"0";"1";"3";"15";"1";""
"202200029355";"761 633";"A01";"2";"7";"0";"2";"3";"13";"0";""
"202200029355";"761 635";"B01";"1";"7";"0";"2";"3";"1";"1";""
"202200029356";"761 632";"A01";"1";"7";"0";"2";"7";"12";"1";""
"202200029356";"761 634";"B01";"1";"33";"0";"2";"6";"3";"1";""
"202200029357";"761 628";"A01";"2";"7";"2";"2";"0";"1";"6";""
"202200029357";"761 630";"B01";"1";"7";"0";"2";"8";"1";"1";""
"202200029357";"761 631";"C01";"1";"7";"0";"2";"8";"1";"1";""
"202200029358";"761 626";"B01";"1";"7";"0";"2";"5";"1";"1";""
"202200029358";"761 627";"A01";"1";"7";"0";"2";"3";"0";"1";""
"202200029359";"761 622";"A01";"1";"32";"0";"2";"1";"12";"1";""
"202200029359";"761 623";"B01";"1";"33";"0";"2";"8";"1";"1";""
"202200029360";"761 624";"A01";"2";"14";"0";"1";"5";"4";"1";""
"202200029361";"761 621";"B01";"1";"7";"0";"2";"1";"1";"1";""
"202200029361";"761 625";"C01";"2";"7";"0";"2";"3";"23";"1";""
"202200029361";"761 629";"A01";"1";"7";"0";"2";"1";"9";"1";""
"202200029362";"761 619";"A01";"3";"10";"0";"1";"4";"4";"1";""
"202200029363";"761 615";"B01";"1";"7";"0";"2";"1";"1";"1";""
"202200029363";"761 617";"A01";"1";"7";"0";"2";"1";"1";"1";""
"202200029363";"761 620";"C01";"1";"7";"0";"2";"4";"1";"1";""
"202200029364";"761 613";"A01";"3";"7";"0";"1";"1";"1";"1";""
"202200029365";"761 612";"A01";"2";"33";"0";"2";"1";"17";"1";""
"202200029365";"761 614";"B01";"1";"7";"0";"2";"6";"1";"1";""
"202200029365";"761 618";"C01";"1";"7";"0";"2";"3";"1";"1";""
"202200029366";"761 611";"A01";"3";"7";"0";"1";"1";"1";"1";""
"202200029367";"761 609";"A01";"3";"2";"0";"2";"1";"1";"1";""
"202200029367";"761 610";"B01";"3";"10";"0";"2";"3";"2";"1";""
"202200029368";"761 607";"A01";"3";"7";"1";"1";"1";"24";"1";""
"202200029369";"761 608";"A01";"3";"7";"0";"1";"5";"4";"1";""
"202200029370";"761 605";"B01";"2";"7";"6";"2";"3";"1";"1";""
"202200029370";"761 606";"A01";"1";"7";"0";"2";"3";"14";"1";""
"202200029371";"761 604";"A01";"3";"7";"0";"1";"4";"4";"1";""
"202200029372";"761 602";"A01";"3";"33";"0";"0";"0";"0";"1";""
"202200029373";"761 600";"A01";"1";"7";"4";"0";"9";"14";"1";""
"202200029374";"761 601";"B01";"2";"2";"0";"2";"1";"1";"1";""
"202200029374";"761 603";"A01";"1";"7";"0";"0";"1";"15";"1";""
"202200029375";"761 599";"A01";"1";"2";"0";"9";"8";"1";"1";""
"202200029376";"761 596";"A01";"2";"1";"15";"2";"1";"1";"5";""
"202200029376";"761 597";"B01";"1";"10";"0";"9";"3";"1";"1";""
"202200029377";"761 593";"A01";"1";"7";"0";"2";"1";"15";"1";""
"202200029377";"761 594";"B01";"3";"7";"0";"2";"7";"1";"1";""
"202200029378";"761 592";"A01";"1";"10";"1";"1";"2";"1";"1";""
"202200029379";"761 590";"A01";"1";"2";"5";"0";"7";"26";"1";""
"202200029380";"761 591";"A01";"0";"33";"0";"0";"0";"0";"1";""
"202200029381";"761 586";"A01";"1";"7";"0";"1";"2";"1";"1";""
"202200029382";"761 584";"A01";"1";"7";"13";"0";"1";"16";"1";""
"202200029383";"761 585";"B01";"2";"38";"0";"2";"2";"17";"1";"2"
"202200029383";"761 588";"A01";"2";"21";"2";"2";"3";"14";"1";""
"202200029384";"761 583";"A01";"3";"7";"0";"0";"2";"26";"1";""
"202200029385";"761 582";"A01";"2";"7";"4";"0";"2";"0";"1";""
"202200029386";"761 581";"A01";"0";"32";"0";"0";"0";"1";"1";""
"202200029387";"761 577";"A01";"2";"7";"0";"2";"3";"13";"1";""
"202200029387";"761 580";"B01";"1";"7";"0";"2";"3";"1";"1";""
"202200029388";"761 576";"A01";"2";"37";"0";"2";"2";"7";"2";"1"
"202200029388";"761 579";"B01";"2";"7";"14";"2";"3";"10";"1";""
"202200029389";"761 571";"A01";"1";"7";"0";"2";"1";"17";"1";""
"202200029389";"761 573";"B01";"2";"7";"0";"2";"1";"1";"1";""
"202200029390";"761 570";"D01";"2";"7";"0";"2";"5";"2";"2";""
"202200029390";"761 572";"C01";"2";"10";"0";"2";"9";"2";"1";""
"202200029390";"761 574";"B01";"2";"7";"3";"2";"4";"2";"1";""
"202200029390";"761 575";"A01";"2";"7";"0";"2";"1";"1";"1";""
"202200029391";"761 569";"A01";"1";"7";"4";"0";"1";"13";"1";""
"202200029392";"761 568";"A01";"1";"10";"6";"0";"2";"15";"1";""
"202200029393";"761 566";"A01";"3";"7";"0";"2";"1";"1";"1";""
"202200029393";"761 567";"B01";"3";"32";"0";"0";"4";"1";"1";""
"202200029394";"761 563";"A01";"1";"7";"0";"0";"9";"1";"1";""
"202200029395";"761 564";"A01";"2";"7";"0";"9";"1";"1";"1";""
"202200029395";"761 565";"B01";"1";"1";"0";"2";"8";"19";"5";""
"202200029396";"761 562";"A01";"2";"7";"2";"0";"9";"14";"1";""
"202200029397";"761 559";"A01";"1";"7";"4";"0";"3";"1";"1";""
"202200029398";"761 558";"B01";"1";"33";"0";"0";"0";"17";"1";""
"202200029398";"761 561";"A01";"1";"10";"0";"0";"0";"17";"1";""
"202200029399";"761 557";"A01";"1";"7";"0";"2";"3";"15";"1";""
"202200029399";"761 560";"B01";"1";"2";"0";"2";"1";"17";"1";""
"202200029400";"761 556";"A01";"2";"7";"8";"0";"8";"1";"1";""
"202200029401";"761 551";"B01";"2";"7";"0";"2";"1";"1";"1";""
"202200029401";"761 555";"A01";"2";"10";"0";"2";"7";"1";"1";""
"202200029402";"761 549";"A01";"2";"1";"0";"2";"3";"1";"5";""
"202200029402";"761 552";"B01";"1";"10";"0";"2";"3";"1";"1";""
"202200029403";"761 548";"A01";"1";"7";"0";"2";"4";"23";"1";""
"202200029403";"761 550";"B01";"1";"7";"0";"2";"1";"2";"1";""
"202200029403";"761 553";"C01";"1";"7";"0";"2";"1";"2";"1";""
"202200029403";"761 554";"D01";"1";"7";"0";"2";"1";"2";"1";""
"202200029404";"761 547";"A01";"3";"2";"0";"0";"9";"1";"1";""
"202200029405";"761 545";"B01";"2";"7";"0";"2";"2";"4";"1";""
"202200029405";"761 546";"A01";"1";"2";"0";"2";"1";"1";"1";""
"202200029406";"761 542";"A01";"3";"40";"0";"2";"1";"1";"0";""
"202200029406";"761 544";"B01";"3";"7";"0";"4";"4";"23";"1";""
"202200029407";"761 543";"A01";"1";"7";"2";"0";"1";"1";"1";""
"202200029408";"761 538";"B01";"0";"10";"0";"0";"1";"0";"1";""
"202200029408";"761 541";"A01";"0";"7";"0";"2";"1";"26";"1";""
"202200029409";"761 536";"A01";"3";"10";"0";"2";"4";"1";"1";""
"202200029409";"761 539";"B01";"2";"7";"0";"2";"2";"1";"2";""
"202200029410";"761 537";"A01";"1";"7";"0";"0";"8";"1";"1";""
"202200029410";"761 540";"B01";"2";"7";"0";"2";"1";"1";"1";""
"202200029411";"761 535";"A01";"1";"33";"3";"0";"1";"0";"1";""
"202200029412";"761 531";"A01";"2";"33";"6";"0";"0";"1";"1";""
"202200029413";"761 534";"A01";"3";"7";"0";"1";"7";"9";"1";""
"202200029414";"761 532";"B01";"3";"2";"0";"2";"1";"1";"1";""
"202200029414";"761 533";"A01";"1";"7";"0";"2";"2";"16";"1";""
"202200029415";"761 527";"B01";"1";"7";"0";"2";"2";"15";"1";""
"202200029415";"761 530";"A01";"2";"2";"0";"2";"1";"1";"1";""
"202200029416";"761 526";"A01";"1";"7";"0";"2";"3";"13";"1";""
"202200029416";"761 529";"B01";"2";"21";"0";"2";"6";"1";"1";""
"202200029417";"761 525";"B01";"2";"7";"0";"2";"8";"1";"1";""
"202200029417";"761 528";"A01";"1";"7";"0";"2";"1";"1";"1";""
"202200029418";"761 524";"A01";"3";"7";"0";"1";"1";"15";"1";""
"202200029419";"761 523";"A01";"1";"7";"2";"0";"2";"1";"1";""
"202200029420";"761 521";"B01";"0";"7";"1";"2";"0";"0";"1";""
"202200029420";"761 522";"A01";"0";"7";"0";"2";"0";"0";"1";""
"202200029421";"761 520";"A01";"2";"34";"0";"0";"8";"0";"1";""
"202200029422";"761 518";"Z01";"1";"31";"8";"0";"1";"26";"1";""
"202200029423";"761 517";"A01";"3";"7";"13";"0";"1";"1";"1";""
"202200029424";"761 516";"A01";"3";"10";"0";"2";"3";"19";"1";""
"202200029424";"761 519";"B01";"3";"33";"0";"2";"1";"1";"1";""
"202200029425";"761 514";"A01";"2";"7";"8";"0";"3";"1";"1";""
"202200029426";"761 512";"A01";"1";"7";"0";"0";"6";"15";"1";""
"202200029426";"761 515";"B01";"1";"33";"0";"2";"0";"17";"1";""
"202200029427";"761 511";"B01";"1";"2";"0";"2";"1";"1";"1";""
"202200029427";"761 513";"A01";"1";"7";"0";"2";"2";"1";"1";""
"202200029428";"761 509";"A01";"1";"7";"6";"0";"0";"15";"1";""
"202200029429";"761 508";"B01";"1";"7";"0";"2";"1";"2";"1";""
"202200029429";"761 510";"A01";"1";"7";"0";"2";"4";"2";"1";""
"202200029430";"761 506";"A01";"1";"7";"0";"2";"1";"1";"1";""
"202200029430";"761 507";"B01";"2";"7";"0";"2";"7";"15";"1";""
"202200029431";"761 501";"A01";"1";"33";"0";"2";"4";"21";"1";""
"202200029431";"761 504";"B01";"1";"7";"0";"2";"3";"1";"1";""
"202200029432";"761 502";"A01";"1";"7";"0";"2";"3";"13";"1";""
"202200029432";"761 503";"B01";"1";"7";"0";"2";"3";"1";"1";""
"202200029432";"761 505";"C01";"1";"7";"0";"2";"6";"2";"1";""
"202200029433";"761 499";"B01";"2";"38";"0";"2";"5";"26";"1";"1"
"202200029433";"761 500";"A01";"2";"33";"0";"2";"1";"2";"1";""
"202200029434";"761 495";"A01";"2";"7";"0";"2";"3";"1";"1";""
"202200029434";"761 497";"B01";"1";"7";"0";"2";"3";"17";"1";""
"202200029435";"761 494";"C01";"2";"7";"0";"2";"1";"2";"1";""
"202200029435";"761 496";"B01";"2";"10";"0";"2";"1";"2";"1";""
"202200029435";"761 498";"A01";"2";"10";"0";"2";"4";"1";"1";""
"202200029436";"761 491";"A01";"1";"7";"0";"1";"1";"21";"1";""
"202200029437";"761 492";"A01";"2";"7";"0";"2";"2";"17";"1";""
"202200029437";"761 493";"B01";"1";"33";"0";"2";"1";"1";"1";""
"202200029438";"761 487";"A01";"2";"7";"0";"2";"1";"2";"1";""
"202200029438";"761 488";"B01";"2";"7";"0";"2";"4";"2";"1";""
"202200029438";"761 489";"C01";"2";"7";"0";"2";"4";"2";"1";""
"202200029438";"761 490";"D01";"2";"10";"0";"2";"4";"2";"1";""
"202200029439";"761 484";"A01";"2";"7";"0";"2";"3";"15";"1";""
"202200029439";"761 486";"B01";"1";"7";"0";"2";"1";"2";"1";""
"202200029440";"761 483";"A01";"2";"7";"4";"0";"1";"1";"1";""
"202200029441";"761 485";"A01";"3";"7";"8";"0";"2";"14";"1";""
"202200029442";"761 480";"A01";"1";"7";"0";"2";"1";"15";"1";""
"202200029442";"761 482";"B01";"2";"33";"0";"2";"8";"1";"1";""
"202200029443";"761 478";"C01";"1";"10";"0";"2";"4";"2";"1";""
"202200029443";"761 479";"B01";"1";"33";"0";"2";"8";"3";"1";""
"202200029443";"761 481";"A01";"1";"10";"0";"2";"1";"21";"1";""
"202200029444";"761 475";"B01";"2";"33";"0";"2";"1";"2";"1";""
"202200029444";"761 477";"A01";"2";"7";"0";"2";"8";"10";"1";""
"202200029445";"761 476";"A01";"0";"7";"0";"1";"2";"9";"1";""
"202200029446";"761 473";"B01";"1";"7";"0";"2";"6";"2";"1";""
"202200029446";"761 474";"A01";"1";"7";"0";"2";"2";"1";"1";""
"202200029447";"761 471";"A01";"2";"7";"0";"0";"7";"16";"1";""
"202200029448";"761 469";"A01";"2";"7";"0";"2";"5";"12";"0";""
"202200029448";"761 470";"B01";"2";"32";"0";"2";"1";"1";"0";""
"202200029449";"761 467";"A01";"3";"7";"12";"0";"0";"1";"1";""
"202200029450";"761 463";"A01";"2";"50";"0";"2";"1";"25";"3";""
"202200029450";"761 465";"B01";"1";"7";"1";"2";"1";"26";"1";""
"202200029451";"761 462";"B01";"2";"7";"0";"2";"4";"2";"0";""
"202200029451";"761 464";"A01";"2";"7";"0";"2";"1";"2";"1";""
"202200029452";"761 459";"C01";"3";"7";" -1";"2";" -1";"0";" -1";""
"202200029452";"761 461";"B01";"3";"32";"0";"2";"4";"2";"1";""
"202200029453";"761 457";"B01";"2";"10";"0";"2";"4";"23";"1";""
"202200029453";"761 458";"A01";"2";"7";"1";"0";"1";"1";"1";""
"202200029454";"761 454";"A01";"2";"7";"0";"2";"2";"16";"1";""
"202200029454";"761 455";"B01";"1";"7";"0";"2";"3";"1";"1";""
"202200029455";"761 456";"A01";"1";"7";"0";"0";"3";"20";"1";""
"202200029455";"761 460";"B01";"2";"31";"0";"2";"1";"1";"1";""
"202200029456";"761 452";"B01";"2";"31";"0";"2";"1";"1";"1";""
"202200029456";"761 453";"A01";"2";"10";"0";"2";"4";"1";"1";""
"202200029457";"761 447";"B01";"2";"2";"0";"2";"1";"1";"1";""
"202200029457";"761 450";"A01";"1";"2";"0";"2";"1";"5";"1";""
"202200029458";"761 446";"A01";"2";"7";"0";"2";"3";"13";"1";""
"202200029458";"761 448";"B01";"1";"7";"0";"2";"3";"1";"1";""
"202200029458";"761 451";"C01";"1";"3";"0";"2";"1";"1";"3";""
"202200029459";"761 444";"B01";"3";"7";"0";"2";"0";"0";"1";""
"202200029459";"761 445";"A01";"3";"30";"0";"2";"0";"0";"1";""
"202200029460";"761 443";"A01";"1";"7";"4";"0";"3";"21";"1";""
"202200029461";"761 440";"A01";"3";"33";"6";"0";"1";"14";"1";""
"202200029462";"761 442";"A01";"1";"1";"0";"1";"1";"17";"5";""
"202200029463";"761 439";"B01";"1";"32";"0";"2";"1";"1";"1";""
"202200029463";"761 441";"A01";"1";"7";"0";"2";"3";"1";"1";""
"202200029464";"761 438";"A01";"1";"30";"14";"0";"5";"1";"1";""
"202200029465";"761 437";"A01";"1";"1";"0";"0";"0";"21";"5";""
"202200029466";"761 435";"A01";"2";"30";"0";"0";"7";"21";"1";""
"202200029467";"761 433";"A01";"1";"34";"0";"0";"7";"16";"1";""
"202200029468";"761 432";"Z01";"1";"30";"0";"1";"0";"1";"1";""
"202200029469";"761 434";"B01";"1";"7";"8";"2";"8";"15";"1";""
"202200029469";"761 436";"A01";"1";"10";"0";"2";"1";"1";"0";""
"202200029470";"761 426";"A01";"1";"30";"0";"2";"1";"18";"1";""
"202200029470";"761 428";"B01";"2";"7";"0";"2";"7";"15";"2";""
"202200029471";"761 429";"A01";"2";"7";"0";"2";"3";"10";"1";""
"202200029471";"761 430";"B01";"2";"50";"0";"2";"1";"1";"3";""
"202200029472";"761 427";"A01";"2";"7";"0";"2";"3";"1";"1";""
"202200029472";"761 431";"B01";"1";"15";"3";"0";"1";"1";"1";""
"202200029473";"761 424";"A01";"1";"7";"0";"2";"3";"10";"1";""
"202200029473";"761 425";"B01";"1";"32";"0";"2";"7";"1";"1";""
"202200029474";"761 418";"A01";"1";"31";"0";"2";"1";"1";"1";""
"202200029474";"761 419";"B01";"3";"60";"0";"2";"8";"19";"5";""
"202200029475";"761 420";"B01";"3";"7";"0";"2";"1";"14";"1";""
"202200029475";"761 422";"A01";"3";"7";"5";"2";"3";"13";"1";""
"202200029476";"761 421";"B01";"2";"50";"0";"2";"2";"1";"3";""
"202200029476";"761 423";"A01";"2";"10";"0";"2";"3";"22";"1";""
"202200029477";"761 416";"A01";"1";"7";"0";"2";"5";"14";"1";""
"202200029477";"761 417";"B01";"1";"30";"0";"2";"1";"1";"3";""
"202200029478";"761 415";"A01";"2";"1";"0";"1";"1";"16";"5";""
"202200029479";"761 411";"A01";"3";"1";"0";"2";"1";"1";"5";""
"202200029479";"761 412";"B01";"3";"7";"0";"2";"8";"22";"2";""
"202200029480";"761 410";"A01";"1";"1";"0";"2";"2";"17";"5";""
"202200029480";"761 413";"B01";"1";"1";"0";"2";"8";"1";"5";""
"202200029481";"761 407";"A01";"3";"30";"0";"2";"2";"5";"3";""
"202200029481";"761 408";"B01";"3";"7";"0";"2";"3";"1";"1";""
"202200029482";"761 406";"B01";"1";"17";"0";"0";"4";"2";"1";""
"202200029482";"761 409";"A01";"1";"10";"3";"2";"1";"2";"1";""
"202200029483";"761 403";"A01";"1";"80";"0";"2";"1";"1";"3";""
"202200029483";"761 405";"B01";"1";"7";"0";"2";"8";"1";"1";""
"202200029484";"761 402";"B01";"2";"7";"0";"2";"2";"9";"1";""
"202200029484";"761 404";"A01";"2";"33";"0";"2";"1";"21";"1";""
"202200029485";"761 400";"A01";"1";"7";"0";"2";"3";"13";"1";""
"202200029485";"761 401";"B01";"2";"13";"0";"2";"3";"1";"1";""
"202200029486";"761 397";"B01";"3";"2";"0";"2";"4";"0";"1";""
"202200029486";"761 398";"A01";"3";"10";"0";"2";"3";"0";"1";""
"202200029487";"761 396";"A01";"2";"1";"0";"2";"8";"1";"5";""
"202200029487";"761 399";"B01";"1";"33";"0";"2";"1";"1";"1";""
"202200029488";"761 393";"A01";"1";"30";"0";"0";"8";"15";"1";""
"202200029489";"761 392";"B01";"2";"7";"0";"2";"8";"24";"1";""
"202200029489";"761 394";"A01";"2";"30";"1";"0";"7";"21";"1";""
"202200029490";"761 391";"B01";"3";"7";"0";"2";"3";"1";"1";""
"202200029490";"761 395";"A01";"3";"33";"0";"2";"1";"1";"1";""
"202200029491";"761 389";"B01";"2";"33";"0";"2";"1";"1";"1";""
"202200029491";"761 390";"A01";"1";"10";"0";"2";"3";"15";"1";""
"202200029492";"761 388";"A01";"0";"7";"8";"0";"1";"0";"1";""
"202200029493";"761 386";"A01";"1";"15";"0";"2";"3";"13";"1";""
"202200029493";"761 387";"B01";"1";"7";"3";"2";"9";"17";"1";""
"202200029494";"761 385";"A01";"1";"10";"9";"0";"1";"2";"0";""
"202200029495";"761 383";"A01";"2";"7";"0";"2";"0";"26";"1";""
"202200029495";"761 384";"B01";"2";"7";"0";"2";"4";"0";"1";""
"202200029496";"761 380";"A01";"3";"7";"0";"2";"5";"1";"1";""
"202200029496";"761 382";"B01";"3";"2";"0";"2";"1";"1";"1";""
"202200029497";"761 378";"A01";"2";"37";"0";"2";"2";"14";"2";"1"
"202200029497";"761 381";"B01";"1";"1";"0";"0";"4";"2";"5";""
"202200029498";"761 373";"B01";"1";"10";"0";"2";"7";"16";"1";""
"202200029498";"761 375";"A01";"1";"31";"0";"2";"7";"16";"3";""
"202200029499";"761 374";"B01";"0";"50";"0";"2";"0";"5";"3";""
"202200029499";"761 376";"A01";"0";"7";"0";"2";"0";"0";"1";""
"202200029500";"761 368";"A01";"2";"7";"0";"9";"1";"21";"1";""
"202200029500";"761 369";"B01";"1";"7";"0";"2";"8";"0";"1";""
"202200029500";"761 371";"C01";"0";"7";"0";"2";"4";"23";"1";""
"202200029501";"761 367";"A01";"2";"10";"0";"1";"1";"2";"1";""
"202200029502";"761 370";"A01";"2";"7";"0";"2";"2";"10";"1";""
"202200029502";"761 372";"B01";"2";"33";"0";"2";"1";"1";"1";""
"202200029503";"761 363";"B01";"2";"60";"0";"2";"7";"12";"5";""
"202200029503";"761 366";"A01";"2";"7";"0";"2";"8";"9";"2";""
"202200029504";"761 362";"A01";"2";"7";"0";"2";"3";"13";"1";""
"202200029504";"761 365";"B01";"1";"37";"0";"2";"3";"1";"1";"1"
"202200029505";"761 361";"A01";"3";"80";"1";"0";"1";"1";"3";""
"202200029505";"761 364";"B01";"3";"10";"0";"0";"6";"24";"1";""
"202200029506";"761 359";"B01";"2";"7";"1";"0";"2";"1";"1";""
"202200029507";"761 357";"B01";"2";"7";"0";"2";"5";"2";"2";""
"202200029507";"761 360";"A01";"2";"30";"0";"2";"1";"2";"1";""
"202200029508";"761 356";"B01";"1";"7";"0";"2";"3";"1";"1";""
"202200029508";"761 358";"A01";"2";"7";"0";"2";"3";"13";"2";""
"202200029509";"761 355";"B01";"2";"1";"0";"1";"1";"1";"5";""
"202200029510";"761 354";"A01";"2";"7";"1";"1";"2";"0";"1";""
"202200029511";"761 348";"A01";"1";"7";"0";"2";"1";"0";"1";""
"202200029511";"761 351";"B01";"1";"7";"0";"2";"4";"20";"1";""
"202200029512";"761 347";"A01";"1";"30";"0";"2";"1";"1";"1";""
"202200029512";"761 349";"B01";"1";"7";"0";"2";"6";"0";"1";""
"202200029512";"761 352";"C01";"1";"7";"0";"2";"0";"0";"1";""
"202200029513";"761 350";"A01";"1";"1";"0";"2";"4";"2";"5";""
"202200029513";"761 353";"B01";"1";"7";"0";"2";"1";"9";"1";""
"202200029514";"761 345";"A01";"3";"7";"0";"0";"2";"1";"1";""
"202200029515";"761 343";"A01";"1";"7";"0";"2";"2";"9";"0";""
"202200029515";"761 346";"B01";"2";"99";"0";"2";"1";"25";"0";""
"202200029516";"761 342";"A01";"2";"50";"0";"2";"1";"1";"3";""
"202200029516";"761 344";"B01";"3";"1";"0";"2";"7";"19";"5";""
"202200029517";"761 340";"A01";"1";"15";"0";"1";"3";"1";"1";""
"202200029518";"761 338";"B01";"2";"33";"12";"0";"1";"1";"1";""
"202200029518";"761 341";"A01";"0";"7";"0";"2";"3";"9";"1";""
"202200029519";"761 339";"A01";"3";"7";"0";"1";"1";"1";"1";""
"202200029520";"761 336";"A01";"2";"7";"0";"2";"7";"9";"1";""
"202200029520";"761 337";"B01";"2";"2";"0";"2";"1";"1";"1";""
"202200029521";"761 335";"A01";"3";"7";"0";"1";"2";"1";"1";""
"202200029522";"761 333";"A01";"2";"7";"0";"2";"1";"9";"1";""
"202200029522";"761 334";"B01";"2";"15";"0";"0";"5";"1";"1";""
"202200029523";"761 330";"A01";"2";"7";"0";"2";"2";"1";"1";""
"202200029523";"761 332";"B01";"2";"7";"0";"2";"3";"16";"1";""
"202200029524";"761 329";"B01";"2";"7";"0";"2";"3";"16";"1";""
"202200029524";"761 331";"A01";"1";"2";"0";"2";"1";"1";"1";""
"202200029525";"761 325";"B01";"2";"2";"0";"2";"7";"15";"1";""
"202200029525";"761 327";"A01";"1";"14";"0";"2";"2";"1";"1";""
"202200029526";"761 324";"A01";"1";"33";"0";"2";"8";"18";"1";""
"202200029526";"761 326";"B01";"1";"7";"0";"2";"7";"14";"1";""
"202200029527";"761 323";"A01";"1";"7";"2";"0";"3";"14";"1";""
"202200029528";"761 320";"B01";"2";"33";"0";"2";"3";"10";"1";""
"202200029528";"761 322";"A01";"2";"33";"0";"2";"1";"1";"1";""
"202200029529";"761 319";"A01";"0";"32";"0";"2";"1";"9";"1";""
"202200029529";"761 321";"B01";"3";"7";"0";"0";"6";"9";"3";""
"202200029530";"761 318";"A01";"1";"7";"17";"0";"2";"1";"1";""
"202200029531";"761 315";"A01";"2";"7";"0";"2";"2";"9";"1";""
"202200029531";"761 317";"B01";"1";"2";"0";"0";"8";"1";"1";""
"202200029532";"761 314";"A01";"1";"33";"8";"0";"8";"1";"1";""
"202200029533";"761 313";"A01";"1";"30";"0";"2";"1";"26";"1";""
"202200029533";"761 316";"B01";"2";"7";"0";"2";"8";"19";"1";""
"202200029534";"761 312";"A01";"1";"2";"16";"0";"0";"26";"1";""
"202200029535";"761 308";"B01";"1";"7";"0";"2";"4";"0";"1";""
"202200029535";"761 311";"A01";"1";"2";"0";"2";"1";"1";"1";""
"202200029536";"761 307";"B01";"1";"2";"0";"2";"8";"15";"1";""
"202200029536";"761 310";"A01";"1";"7";"0";"2";"7";"17";"1";""
"202200029537";"761 306";"A01";"2";"7";"0";"2";"1";"5";"1";""
"202200029537";"761 309";"B01";"1";"33";"0";"2";"8";"0";"1";""
"202200029538";"761 303";"A01";"2";"7";"13";"0";"0";"0";"1";""
"202200029539";"761 302";"B01";"0";"2";"0";"2";"1";"1";"1";""
"202200029539";"761 305";"A01";"0";"7";"0";"2";"2";"1";"1";""
"202200029540";"761 301";"B01";"2";"7";"0";"0";"2";"1";"1";""
"202200029540";"761 304";"A01";"2";"2";"0";"2";"1";"1";"1";""
"202200029541";"761 298";"A01";"1";"7";"0";"9";"1";"1";"1";""
"202200029541";"761 300";"B01";"2";"80";"0";"2";"2";"15";"3";""
"202200029542";"761 296";"B01";"2";"17";"0";"2";"6";"1";"1";""
"202200029542";"761 299";"A01";"2";"7";"0";"2";"2";"17";"1";""
"202200029543";"761 295";"B01";"0";"10";"0";"0";"3";"26";"1";""
"202200029543";"761 297";"A01";"0";"7";"0";"0";"1";"1";"1";""
"202200029544";"761 293";"B01";"1";"7";"0";"2";"8";"1";"1";""
"202200029544";"761 294";"A01";"2";"33";"0";"2";"3";"1";"1";""
"202200029545";"761 292";"A01";"1";"7";"4";"0";"0";"1";"1";""
"202200029546";"761 287";"B01";"1";"33";"0";"2";"1";"13";"1";""
"202200029546";"761 289";"A01";"2";"7";"0";"2";"1";"1";"1";""
"202200029547";"761 291";"A01";"3";"10";"2";"0";"1";"1";"1";""
"202200029548";"761 284";"A01";"2";"10";"0";"2";"1";"2";"1";""
"202200029548";"761 285";"B01";"2";"10";"0";"2";"4";"23";"1";""