"Num_Acc";"id_vehicule";"num_veh";"senc";"catv";"obs";"obsm";"choc";"manv";"motor";"occutc"
"202200029548";"761 286";"C01";"2";"7";"0";"2";"4";"23";"3";""
"202200029549";"761 279";"C01";"1";"10";"0";"2";"1";"1";"1";""
"202200029549";"761 280";"B01";"1";"10";"0";"2";"4";"1";"1";""
"202200029549";"761 282";"A01";"1";"7";"0";"2";"4";"1";"1";""
"202200029550";"761 281";"A01";"0";"2";"15";"0";"0";"18";"1";""
"202200029551";"761 278";"A01";"2";"2";"0";"0";"1";"17";"1";""
"202200029551";"761 283";"B01";"2";"7";"0";"0";"1";"1";"1";""
"202200029552";"761 276";"B01";"1";"7";"0";"2";"5";"2";"1";""
"202200029552";"761 277";"A01";"1";"34";"0";"2";"1";"2";"1";""
"202200029553";"761 275";"A01";"1";"7";"13";"0";"0";"0";"1";""
"202200029554";"761 272";"B01";"1";"7";"0";"2";"4";"2";"1";""
"202200029554";"761 274";"A01";"1";"10";"0";"2";"1";"1";"1";""
"202200029555";"761 271";"A01";"3";"7";"0";"2";"3";"1";"1";""
"202200029555";"761 273";"B01";"0";"7";"0";"2";"1";"13";"1";""
"202200029556";"761 269";"A01";"1";"10";"0";"0";"0";"1";"1";""
"202200029556";"761 270";"B01";"1";"31";"0";"9";"1";"3";"3";""
"202200029557";"761 268";"A01";"3";"7";"15";"0";"3";"1";"1";""
"202200029558";"761 265";"B01";"2";"7";"0";"2";"6";"1";"1";""
"202200029558";"761 266";"A01";"2";"7";"0";"2";"2";"1";"2";""
"202200029559";"761 263";"B01";"0";"7";"0";"2";"3";"13";"2";""
"202200029559";"761 264";"A01";"0";"7";"0";"2";"2";"13";"1";""
"202200029560";"761 262";"A01";"3";"7";"15";"0";"1";"1";"1";""
"202200029561";"761 261";"A01";"2";"15";"9";"0";"2";"6";"1";""
"202200029562";"761 259";"A01";"1";"31";"0";"0";"1";"1";"1";""
"202200029563";"761 260";"A01";"1";"7";"4";"0";"1";"14";"1";""
"202200029564";"761 255";"B01";"3";"33";"0";"2";"1";"1";"1";""
"202200029564";"761 257";"A01";"3";"7";"0";"2";"1";"1";"1";""
"202200029565";"761 253";"A01";"1";"7";"0";"2";"1";"9";"1";""
"202200029565";"761 256";"B01";"1";"2";"0";"2";"7";"12";"1";""
"202200029566";"761 250";"B01";"1";"7";"0";"2";"1";"21";"1";""
"202200029566";"761 252";"A01";"3";"7";"0";"2";"3";"16";"1";""
"202200029567";"761 249";"A01";"2";"7";"0";"2";"8";"1";"1";""
"202200029567";"761 251";"B01";"2";"2";"0";"2";"7";"17";"1";""
"202200029568";"761 254";"B01";"2";"7";"0";"0";"3";"0";"1";""
"202200029568";"761 258";"A01";"1";"7";"0";"2";"3";"0";"1";""
"202200029569";"761 246";"B01";"1";"50";"0";"2";"7";"19";"3";""
"202200029569";"761 247";"A01";"1";"7";"0";"2";"7";"26";"0";""
"202200029570";"761 245";"A01";"3";"2";"0";"0";"7";"1";"1";""
"202200029570";"761 248";"B01";"3";"33";"0";"0";"0";"26";"1";""
"202200029571";"761 242";"A01";"1";"7";"0";"0";"2";"0";"1";""
"202200029572";"761 241";"B01";"2";"7";"0";"2";"3";"1";"1";""
"202200029572";"761 244";"A01";"1";"7";"0";"2";"3";"1";"1";""
"202200029573";"761 240";"B01";"1";"7";"0";"2";"1";"1";"1";""
"202200029573";"761 243";"A01";"2";"7";"0";"2";"7";"19";"1";""
"202200029574";"761 239";"A01";"1";"33";"2";"0";"1";"1";"1";""
"202200029575";"761 237";"A01";"1";"30";"0";"0";"8";"1";"1";""
"202200029576";"761 235";"B01";"1";"14";"0";"2";"2";"21";"1";""
"202200029576";"761 238";"A01";"1";"1";"0";"2";"4";"13";"5";""
"202200029577";"761 234";"A01";"3";"2";"0";"2";"1";"13";"1";""
"202200029577";"761 236";"B01";"3";"7";"0";"2";"2";"1";"1";""
"202200029578";"761 231";"B01";"1";"7";"0";"2";"1";"2";"2";""
"202200029578";"761 233";"A01";"2";"14";"0";"2";"6";"16";"1";""
"202200029579";"761 230";"B01";"0";"1";"0";"2";"7";"16";"5";""
"202200029579";"761 232";"A01";"0";"10";"0";"9";"3";"26";"1";""
"202200029580";"761 226";"B01";"2";"7";"0";"2";"3";"1";"1";""
"202200029580";"761 229";"A01";"1";"7";"13";"2";"1";"5";"1";""
"202200029581";"761 224";"C01";"2";"7";"0";"2";"3";"0";"1";""
"202200029581";"761 227";"B01";"1";"33";"0";"2";"8";"13";"1";""
"202200029581";"761 228";"A01";"2";"10";"0";"2";"5";"13";"1";""
"202200029582";"761 223";"B01";"1";"50";"0";"2";"1";"5";"3";""
"202200029582";"761 225";"A01";"2";"1";"0";"2";"1";"1";"5";""
"202200029583";"761 221";"A01";"2";"7";"0";"1";"1";"1";"1";""
"202200029584";"761 222";"A01";"3";"7";"2";"0";"2";"1";"1";""
"202200029585";"761 219";"B01";"1";"7";"0";"2";"3";"1";"1";""
"202200029585";"761 220";"A01";"2";"33";"0";"2";"3";"1";"1";""
"202200029586";"761 218";"A01";"1";"2";"13";"0";"8";"26";"1";""
"202200029587";"761 217";"A01";"2";"37";"0";"1";"0";"26";"2";"4"
"202200029588";"761 214";"A01";"1";"7";"0";"1";"3";"1";"1";""
"202200029589";"761 213";"A01";"1";"33";"12";"0";"0";"1";"1";""
"202200029590";"761 212";"A01";"1";"7";"15";"2";"1";"14";"1";""
"202200029591";"761 210";"A01";"3";"1";"0";"1";"1";"21";"5";""
"202200029592";"761 211";"A01";"0";"7";"6";"0";"1";"14";"1";""
"202200029593";"761 206";"A01";"2";"7";"0";"2";"3";"13";"1";""
"202200029593";"761 208";"B01";"2";"7";"0";"2";"6";"14";"1";""
"202200029593";"761 209";"C01";"2";"10";"0";"2";"2";"17";"1";""
"202200029594";"761 205";"B01";"2";"7";"0";"2";"1";"1";"1";""
"202200029594";"761 207";"A01";"1";"7";"0";"2";"1";"1";"1";""
"202200029595";"761 202";"B01";"1";"7";"0";"2";"7";"1";"1";""
"202200029595";"761 204";"A01";"1";"7";"0";"2";"3";"15";"1";""
"202200029596";"761 199";"A01";"0";"7";"0";"2";"5";"1";"1";""
"202200029596";"761 200";"B01";"0";"7";"0";"2";"1";"1";"1";""
"202200029597";"761 197";"B01";"1";"7";"0";"2";"3";"1";"1";""
"202200029597";"761 201";"A01";"1";"7";"0";"2";"2";"1";"1";""
"202200029598";"761 198";"A01";"2";"10";"0";"2";"1";"1";"1";""
"202200029598";"761 203";"B01";"2";"10";"0";"2";"5";"19";"1";""
"202200029599";"761 195";"A01";"1";"33";"2";"0";"0";"0";"1";""
"202200029600";"761 194";"A01";"2";"7";"0";"2";"2";"1";"1";""
"202200029600";"761 196";"B01";"2";"33";"0";"2";"4";"3";"1";""
"202200029601";"761 193";"A01";"1";"0";"0";"1";"0";"1";"0";""
"202200029602";"761 191";"A01";"1";"7";"0";"2";"3";"1";"1";""
"202200029602";"761 192";"B01";"2";"7";"0";"2";"3";"1";"1";""
"202200029603";"761 188";"A01";"3";"7";"0";"2";"2";"1";"1";""
"202200029603";"761 190";"B01";"3";"7";"0";"2";"1";"16";"1";""
"202200029604";"761 189";"A01";"2";"7";"2";"0";"3";"1";"1";""
"202200029605";"761 187";"A01";"3";"31";"0";"0";"0";"1";"0";""
"202200029606";"761 186";"A01";"1";"7";"0";"1";"1";"9";"1";""
"202200029607";"761 183";"A01";"1";"7";"0";"2";"2";"13";"1";""
"202200029607";"761 184";"B01";"1";"7";"2";"2";"6";"13";"1";""
"202200029608";"761 181";"B01";"1";"2";"0";"2";"3";"13";"1";""
"202200029608";"761 182";"A01";"1";"7";"0";"2";"7";"1";"1";""
"202200029609";"761 178";"A01";"1";"7";"0";"2";"1";"13";"1";""
"202200029609";"761 179";"B01";"2";"7";"0";"2";"9";"1";"1";""
"202200029610";"761 180";"B01";"1";"10";"0";"2";"3";"1";"1";""
"202200029610";"761 185";"A01";"2";"7";"0";"2";"3";"13";"1";""
"202200029611";"761 175";"B01";"1";"2";"0";"2";"1";"5";"1";""
"202200029611";"761 177";"A01";"1";"7";"0";"2";"2";"1";"1";""
"202200029612";"761 174";"B01";"2";"7";"0";"2";"1";"1";"1";""
"202200029612";"761 176";"A01";"1";"2";"0";"2";"1";"13";"1";""
"202200029613";"761 171";"A01";"2";"2";"0";"2";"1";"5";"1";""
"202200029613";"761 173";"B01";"1";"7";"0";"2";"1";"1";"1";""
"202200029614";"761 169";"B01";"1";"7";"0";"2";"8";"1";"1";""
"202200029614";"761 172";"A01";"2";"7";"0";"2";"3";"13";"1";""
"202200029615";"761 166";"A01";"1";"7";"3";"2";"3";"5";"1";""
"202200029615";"761 168";"B01";"2";"7";"0";"2";"3";"21";"1";""
"202200029616";"761 167";"A01";"3";"7";"9";"0";"1";"13";"1";""
"202200029617";"761 165";"B01";"1";"7";"0";"2";"3";"21";"1";""
"202200029617";"761 170";"A01";"2";"7";"0";"2";"3";"5";"1";""
"202200029618";"761 162";"A01";"3";"7";"0";"2";"2";"11";"1";""
"202200029618";"761 164";"B01";"3";"7";"0";"2";"1";"1";"1";""
"202200029619";"761 161";"B01";"1";"2";"0";"2";"1";"1";"1";""
"202200029619";"761 163";"A01";"1";"7";"0";"2";"1";"15";"1";""
"202200029620";"761 158";"A01";"0";"7";"13";"2";"9";"17";"0";""
"202200029621";"761 157";"A01";"1";"50";"0";"4";"1";"1";"3";""
"202200029621";"761 159";"B01";"1";"40";"0";"9";"3";"1";"3";""
"202200029622";"761 156";"A01";"2";"7";"0";"9";"3";"15";"1";""
"202200029622";"761 160";"B01";"1";"33";"0";"2";"3";"1";"1";""
"202200029623";"761 155";"A01";"2";"7";"0";"0";"1";"1";"1";""
"202200029624";"761 153";"B01";"2";"1";"0";"2";"2";"1";"5";""
"202200029624";"761 154";"A01";"2";"7";"0";"2";"3";"9";"1";""
"202200029625";"761 151";"A01";"1";"7";"13";"0";"1";"1";"1";""
"202200029626";"761 149";"A01";"2";"17";"0";"0";"6";"1";"1";""
"202200029626";"761 152";"B01";"2";"7";"0";"2";"2";"0";"1";""
"202200029627";"761 148";"A01";"1";"7";"0";"2";"3";"0";"1";""
"202200029627";"761 150";"B01";"3";"30";"0";"2";"1";"0";"1";""
"202200029628";"761 146";"B01";"2";"14";"1";"0";"2";"1";"1";""
"202200029628";"761 147";"A01";"2";"10";"0";"0";"6";"9";"1";""
"202200029629";"761 143";"A01";"2";"7";"8";"0";"4";"13";"1";""
"202200029630";"761 140";"A01";"2";"7";"0";"1";"1";"1";"1";""
"202200029631";"761 141";"A01";"2";"7";"3";"2";"2";"12";"1";""
"202200029631";"761 144";"B01";"2";"7";"4";"0";"0";"0";"1";""
"202200029632";"761 142";"B01";"0";"80";"0";"2";"8";"15";"3";""
"202200029632";"761 145";"A01";"0";"7";"0";"2";"3";"1";"1";""
"202200029633";"761 138";"A01";"2";"7";"4";"0";"3";"2";"1";""
"202200029634";"761 137";"A01";"2";"10";"0";"2";"1";"2";"1";""
"202200029634";"761 139";"B01";"2";"7";"0";"2";"4";"2";"3";""
"202200029635";"761 133";"A01";"3";"1";"0";"2";"2";"19";"5";""
"202200029635";"761 136";"B01";"3";"7";"0";"2";"8";"1";"1";""
"202200029636";"761 134";"A01";"1";"7";"17";"0";"3";"1";"1";""
"202200029637";"761 132";"A01";"0";"31";"0";"2";"1";"1";"1";""
"202200029637";"761 135";"B01";"3";"7";"0";"2";"2";"15";"1";""
"202200029638";"761 131";"A01";"3";"2";"0";"0";"0";"1";"1";""
"202200029639";"761 126";"A01";"1";"7";"0";"0";"3";"1";"1";""
"202200029639";"761 128";"B01";"1";"7";"0";"2";"2";"2";"1";""
"202200029639";"761 130";"C01";"1";"7";"0";"2";"1";"2";"1";""
"202200029640";"761 124";"B01";"1";"7";"0";"2";"1";"0";"1";""
"202200029640";"761 127";"A01";"2";"32";"0";"2";"1";"15";"1";""
"202200029641";"761 125";"B01";"1";"38";"0";"2";"3";"1";"1";"1"
"202200029641";"761 129";"A01";"2";"10";"0";"2";"3";"21";"1";""
"202200029642";"761 122";"A01";"2";"7";"0";"0";"3";"1";"1";""
"202200029642";"761 123";"B01";"1";"1";"0";"0";"1";"1";"5";""
"202200029643";"761 120";"A01";"3";"7";"0";"9";"1";"26";"1";""
"202200029643";"761 121";"B01";"3";"30";"0";"2";"4";"26";"1";""
"202200029644";"761 117";"A01";"0";"7";"0";"2";"0";"26";"1";""
"202200029644";"761 119";"B01";"1";"1";"0";"2";"0";"9";"5";""
"202200029645";"761 118";"A01";"1";"7";"0";"1";"1";"1";"1";""
"202200029646";"761 116";"A01";"1";"7";"0";"1";"3";"17";"1";""
"202200029647";"761 114";"B01";"2";"7";"0";"2";"1";"1";"1";""
"202200029647";"761 115";"A01";"1";"7";"0";"2";"1";"13";"1";""
"202200029648";"761 113";"A01";"2";"7";"0";"0";"9";"0";"1";""
"202200029649";"761 112";"A01";"2";"7";"8";"0";"0";"0";"1";""
"202200029650";"761 111";"A01";"1";"7";"13";"0";"9";"17";"1";""
"202200029651";"761 108";"A01";"1";"7";"0";"2";"3";"15";"1";""
"202200029651";"761 110";"B01";"1";"32";"0";"2";"2";"1";"1";""
"202200029652";"761 106";"B01";"1";"7";"0";"2";"1";"0";"1";""
"202200029652";"761 107";"A01";"2";"7";"0";"2";"1";"0";"1";""
"202200029653";"761 105";"B01";"3";"2";"0";"0";"4";"15";"1";""
"202200029653";"761 109";"A01";"3";"7";"0";"2";"2";"17";"1";""
"202200029654";"761 102";"A01";"2";"7";"0";"2";"1";"5";"1";""
"202200029654";"761 103";"B01";"1";"7";"0";"2";"1";"1";"1";""
"202200029655";"761 101";"A01";"3";"7";"0";"2";"6";"19";"1";""
"202200029655";"761 104";"B01";"1";"37";"0";"2";"3";"1";"1";"4"
"202200029656";"761 099";"A01";"1";"7";"0";"2";"1";"1";"1";""
"202200029656";"761 100";"B01";"1";"1";"0";"0";"4";"1";"5";""
"202200029657";"761 096";"B01";"3";"40";"0";"2";"2";"1";"0";""
"202200029657";"761 097";"A01";"3";"7";"0";"4";"3";"0";"1";""
"202200029658";"761 094";"C01";"0";"7";"0";"2";"3";"15";"1";""
"202200029658";"761 095";"B01";"0";"7";"0";"2";"3";"1";"1";""
"202200029658";"761 098";"A01";"0";"7";"0";"2";"1";"23";"1";""
"202200029659";"761 091";"A01";"3";"7";"0";"2";"3";"1";"1";""
"202200029659";"761 093";"B01";"3";"7";"0";"2";"3";"1";"1";""
"202200029660";"761 089";"B01";"2";"7";"0";"2";"5";"19";"1";""
"202200029660";"761 090";"A01";"2";"33";"0";"2";"1";"1";"1";""
"202200029661";"761 086";"A01";"2";"10";"0";"2";"3";"13";"1";""
"202200029661";"761 087";"B01";"1";"33";"0";"2";"3";"1";"1";""
"202200029662";"761 088";"B01";"1";"7";"0";"2";"1";"1";"1";""
"202200029662";"761 092";"A01";"1";"2";"2";"0";"4";"1";"1";""
"202200029663";"761 082";"B01";"1";"7";"0";"2";"3";"1";"1";""
"202200029663";"761 084";"A01";"2";"7";"0";"2";"3";"1";"1";""
"202200029664";"761 083";"A01";"2";"7";"0";"2";"1";"2";"1";""
"202200029664";"761 085";"B01";"1";"7";"0";"2";"4";"2";"1";""
"202200029665";"761 081";"A01";"1";"7";"1";"0";"2";"1";"1";""
"202200029666";"761 079";"B01";"2";"7";"0";"2";"2";"1";"1";""
"202200029666";"761 080";"A01";"3";"10";"0";"2";"3";"26";"1";""
"202200029667";"761 077";"A01";"3";"36";"2";"0";"1";"13";"1";""
"202200029668";"761 074";"A01";"1";"7";"9";"0";"0";"1";"1";""
"202200029669";"761 073";"B01";"2";"33";"0";"2";"9";"1";"1";""
"202200029669";"761 075";"A01";"1";"7";"0";"2";"2";"15";"1";""
"202200029670";"761 076";"A01";"2";"2";"0";"2";"2";"15";"1";""
"202200029670";"761 078";"B01";"1";"7";"0";"2";"3";"26";"1";""
"202200029671";"761 071";"Z01";"3";"7";"0";"1";"3";"1";"1";""
"202200029672";"761 068";"A01";"1";"7";"0";"9";"2";"9";"3";""
"202200029672";"761 070";"B01";"3";"80";"0";"2";"7";"1";"3";""
"202200029673";"761 063";"A01";"2";"7";"0";"2";"1";"5";"1";""
"202200029673";"761 066";"B01";"1";"7";"0";"2";"1";"1";"0";""
"202200029674";"761 065";"Z01";"1";"7";"0";"2";"0";"17";"3";""
"202200029674";"761 067";"A01";"1";"60";"0";"2";"0";"1";"5";""
"202200029675";"761 064";"B01";"2";"10";"0";"2";"1";"1";"1";""
"202200029675";"761 069";"A01";"1";"7";"0";"2";"1";"13";"1";""
"202200029676";"761 062";"A01";"0";"7";"2";"0";"1";"0";"1";""
"202200029677";"761 060";"A01";"1";"7";"10";"0";"1";"1";"1";""
"202200029678";"761 061";"A01";"1";"7";"1";"0";"9";"14";"1";""
"202200029679";"761 057";"B01";"2";"1";"0";"2";"8";"2";"5";""
"202200029679";"761 058";"A01";"2";"10";"0";"2";"2";"17";"1";""
"202200029680";"761 056";"A01";"3";"7";"0";"1";"4";"20";"2";""
"202200029681";"761 053";"B01";"1";"1";"0";"2";"1";"0";"5";""
"202200029681";"761 054";"A01";"1";"7";"0";"2";"3";"0";"1";""
"202200029682";"761 055";"B01";"1";"10";"0";"2";"2";"1";"1";""
"202200029682";"761 059";"A01";"2";"30";"0";"2";"1";"19";"1";""
"202200029683";"761 052";"A01";"1";"1";"0";"1";"1";"1";"5";""
"202200029684";"761 051";"A01";"1";"7";"2";"0";"1";"13";"1";""
"202200029685";"761 048";"B01";"1";"10";"0";"2";"1";"1";"1";""
"202200029685";"761 049";"A01";"2";"33";"0";"2";"1";"13";"1";""
"202200029686";"761 047";"Z01";"1";"10";"0";"2";"6";"1";"0";""
"202200029686";"761 050";"A01";"2";"1";"0";"2";"1";"1";"5";""
"202200029687";"761 044";"A01";"2";"43";"0";"2";"1";"13";"1";""
"202200029687";"761 045";"B01";"1";"7";"0";"2";"2";"1";"1";""
"202200029688";"761 046";"A01";"1";"7";"0";"1";"1";"1";"1";""
"202200029689";"761 043";"A01";"1";"15";"3";"0";"3";"13";"1";""
"202200029690";"761 041";"A01";"0";"10";"0";"2";"0";"1";"1";""
"202200029690";"761 042";"B01";"0";"7";"0";"0";"8";"15";"1";""
"202200029691";"761 038";"B01";"1";"7";"0";"2";"3";"2";"1";""
"202200029691";"761 039";"A01";"2";"2";"0";"2";"1";"15";"1";""
"202200029692";"761 037";"A01";"0";"10";"9";"0";"0";"2";"1";""
"202200029693";"761 035";"A01";"0";"2";"0";"0";"0";"1";"1";""
"202200029694";"761 036";"A01";"1";"7";"0";"2";"2";"1";"1";""
"202200029694";"761 040";"B01";"0";"7";"0";"2";"7";"19";"1";""
"202200029695";"761 033";"A01";"2";"7";"0";"0";"6";"1";"1";""
"202200029695";"761 034";"B01";"2";"33";"0";"2";"1";"0";"1";""
"202200029696";"761 027";"C01";"1";"7";"0";"2";"4";"1";"1";""
"202200029696";"761 028";"B01";"1";"7";"0";"2";"4";"1";"1";""
"202200029696";"761 030";"A01";"1";"7";"0";"2";"1";"1";"1";""
"202200029697";"761 029";"B01";"0";"1";"1";"9";"1";"1";"5";""
"202200029697";"761 031";"A01";"3";"7";"0";"2";"8";"24";"1";""
"202200029698";"761 025";"A01";"2";"10";"0";"2";"3";"19";"1";""
"202200029698";"761 026";"B01";"1";"1";"0";"2";"7";"1";"5";""
"202200029699";"761 023";"B01";"2";"7";"0";"2";"3";"1";"3";""
"202200029699";"761 024";"A01";"1";"31";"0";"2";"3";"17";"1";""
"202200029700";"761 021";"A01";"3";"2";"0";"2";"2";"1";"1";""
"202200029700";"761 022";"C01";"3";"7";"0";"2";"6";"9";"1";""
"202200029701";"761 020";"A01";"1";"7";"0";"0";"0";"1";"1";""
"202200029702";"761 018";"A01";"1";"7";"0";"2";"2";"1";"1";""
"202200029702";"761 019";"B01";"0";"7";"0";"2";"3";"19";"1";""
"202200029703";"761 015";"C01";"2";"10";"0";"2";"8";"1";"1";""
"202200029703";"761 016";"B01";"2";"7";"0";"2";"2";"1";"1";""
"202200029703";"761 017";"A01";"2";"33";"0";"2";"8";"18";"1";""
"202200029704";"761 012";"B01";"2";"14";"0";"2";"2";"1";"1";""
"202200029704";"761 013";"A01";"2";"7";"0";"2";"6";"11";"1";""
"202200029705";"761 009";"A01";"2";"7";"0";"2";"2";"12";"1";""
"202200029705";"761 010";"C01";"2";"7";"0";"2";"4";"2";"1";""
"202200029705";"761 011";"B01";"2";"31";"0";"2";"8";"2";"1";""
"202200029706";"761 008";"A01";"2";"31";"0";"0";"5";"1";"1";""
"202200029707";"761 006";"A01";"1";"7";"0";"2";"3";"26";"1";""
"202200029707";"761 007";"Z01";"1";"7";"6";"2";"0";"26";"0";""
"202200029708";"761 003";"B01";"2";"2";"0";"2";"1";"1";"1";""
"202200029708";"761 004";"Z01";"2";"2";"0";"2";"0";"0";"1";""
"202200029709";"761 001";"A01";"1";"30";"0";"2";"1";"26";"1";""
"202200029709";"761 002";"B01";"1";"7";"0";"2";"7";"1";"1";""
"202200029710";"760 999";"B01";"1";"2";"0";"2";"1";"1";"1";""
"202200029710";"761 000";"A01";"1";"7";"0";"2";"5";"15";"1";""
"202200029711";"760 997";"A01";"1";"2";"14";"2";"1";"17";"1";""
"202200029711";"760 998";"B01";"1";"7";"0";"2";"6";"2";"1";""
"202200029712";"760 996";"A01";"1";"30";"12";"0";"1";"9";"2";""
"202200029713";"760 994";"A01";"3";"7";"13";"0";"1";"14";"1";""
"202200029714";"760 993";"A01";"2";"7";"0";"2";"1";"1";"1";""
"202200029714";"760 995";"B01";"1";"2";"0";"2";"0";"0";"3";""
"202200029715";"760 989";"A01";"2";"7";"14";"2";"3";"9";"1";""
"202200029715";"760 990";"B01";"2";"2";"14";"2";"1";"9";"1";""
"202200029715";"760 991";"C01";"2";"7";"0";"2";"6";"9";"1";""
"202200029716";"760 988";"A01";"3";"7";"0";"2";"3";"15";"1";""
"202200029716";"760 992";"B01";"3";"33";"0";"2";"1";"1";"1";""
"202200029717";"760 987";"A01";"2";"7";"0";"1";"3";"2";"1";""
"202200029718";"760 984";"A01";"1";"7";"0";"2";"2";"0";"1";""
"202200029718";"760 986";"B01";"2";"2";"0";"2";"7";"13";"1";""
"202200029719";"760 983";"B01";"1";"31";"0";"2";"1";"26";"1";""
"202200029719";"760 985";"A01";"3";"7";"0";"2";"2";"15";"1";""
"202200029720";"760 981";"A01";"3";"1";"0";"2";"1";"9";"5";""
"202200029720";"760 982";"B01";"3";"7";"0";"2";"3";"1";"1";""
"202200029721";"760 980";"A01";"0";"0";"0";"1";"1";"26";"0";""
"202200029722";"760 978";"B01";"1";"1";"0";"2";"1";"1";"5";""
"202200029722";"760 979";"A01";"2";"7";"0";"2";"2";"15";"1";""
"202200029723";"760 977";"A01";"1";"7";"13";"0";"6";"11";"1";""
"202200029724";"760 976";"A01";"2";"7";"0";"1";"1";"1";"1";""
"202200029725";"760 975";"A01";"2";"36";"0";"0";"1";"1";"1";""
"202200029726";"760 973";"A01";"3";"33";"0";"0";"0";"1";"1";""
"202200029727";"760 972";"B01";"1";"10";"0";"2";"4";"23";"1";""
"202200029727";"760 974";"A01";"1";"7";"1";"0";"1";"2";"1";""
"202200029728";"760 969";"A01";"0";"7";"0";"2";"1";"17";"0";""
"202200029728";"760 970";"B01";"0";"7";"0";"2";"3";"10";"1";""
"202200029729";"760 968";"B01";"1";"7";"0";"2";"1";"23";"1";""
"202200029729";"760 971";"A01";"2";"7";"4";"2";"3";"26";"1";""
"202200029730";"760 964";"A01";"2";"7";"0";"2";"2";"15";"1";""
"202200029730";"760 966";"B01";"1";"2";"0";"2";"1";"1";"1";""
"202200029731";"760 965";"A01";"1";"7";"0";"2";"2";"1";"1";""
"202200029731";"760 967";"B01";"1";"7";"0";"2";"2";"1";"1";""
"202200029732";"760 961";"B01";"2";"1";"0";"2";"1";"5";"5";""
"202200029732";"760 963";"A01";"1";"7";"0";"9";"2";"16";"1";""
"202200029733";"760 960";"A01";"2";"7";"0";"2";"3";"15";"1";""
"202200029733";"760 962";"B01";"1";"30";"0";"2";"1";"1";"1";""
"202200029734";"760 958";"B01";"3";"7";"0";"0";"5";"24";"1";""
"202200029734";"760 959";"A01";"2";"7";"0";"1";"2";"1";"1";""
"202200029735";"760 957";"A01";"3";"7";"3";"0";"1";"0";"3";""
"202200029736";"760 956";"A01";"1";"7";"1";"2";"2";"14";"1";""
"202200029737";"760 954";"A01";"2";"7";"0";"2";"6";"15";"1";""
"202200029737";"760 955";"B01";"2";"1";"0";"2";"1";"17";"5";""
"202200029738";"760 953";"A01";"2";"7";"8";"0";"1";"26";"1";""
"202200029739";"760 950";"A01";"2";"7";"0";"2";"8";"15";"1";""
"202200029739";"760 952";"B01";"2";"2";"0";"2";"0";"0";"1";""
"202200029740";"760 949";"B01";"3";"7";"0";"2";"0";"0";"1";""
"202200029740";"760 951";"A01";"3";"7";"0";"2";"0";"26";"1";""
"202200029741";"760 948";"A01";"1";"30";"0";"1";"1";"17";"1";""
"202200029742";"760 947";"A01";"1";"13";"0";"1";"5";"4";"1";""
"202200029743";"760 946";"A01";"0";"0";"2";"0";"1";"13";"0";""
"202200029744";"760 945";"A01";"2";"32";"1";"0";"1";"1";"1";""
"202200029745";"760 942";"B01";"3";"30";"0";"2";"1";"1";"1";""
"202200029745";"760 944";"A01";"3";"7";"0";"2";"1";"15";"1";""
"202200029746";"760 940";"A01";"1";"7";"0";"2";"1";"1";"1";""
"202200029746";"760 941";"B01";"1";"7";"0";"2";"3";"1";"1";""
"202200029746";"760 943";"C01";"1";"7";"0";"2";"0";"0";"0";""
"202200029747";"760 936";"A01";"1";"7";"0";"2";"2";"15";"1";""
"202200029747";"760 939";"B01";"3";"50";"0";"2";"1";"25";"3";""
"202200029748";"760 935";"A01";"2";"7";"0";"1";"3";"1";"1";""
"202200029749";"760 934";"A01";"2";"38";"0";"1";"1";"15";"6";"1"
"202200029750";"760 931";"A01";"3";"7";"0";"2";"1";"1";"1";""
"202200029750";"760 933";"B01";"3";"30";"0";"2";"8";"1";"1";""
"202200029751";"760 930";"B01";"1";"7";"1";"2";"9";"1";"1";""
"202200029751";"760 932";"A01";"1";"7";"0";"2";"1";"1";"1";""
"202200029752";"760 927";"A01";"2";"7";"7";"0";"1";"14";"1";""
"202200029753";"760 928";"B01";"1";"7";"0";"2";"4";"23";"1";""
"202200029753";"760 929";"A01";"1";"7";"0";"2";"1";"1";"1";""
"202200029754";"760 924";"A01";"1";"32";"12";"2";"3";"1";"1";""
"202200029754";"760 925";"B01";"1";"7";"0";"2";"6";"11";"1";""
"202200029755";"760 923";"B01";"1";"7";"0";"2";"4";"23";"1";""
"202200029755";"760 926";"A01";"1";"7";"0";"2";"1";"17";"1";""
"202200029756";"760 921";"A01";"1";"7";"13";"0";"1";"1";"1";""
"202200029757";"760 920";"A01";"2";"7";"0";"2";"4";"20";"1";""
"202200029757";"760 922";"B01";"1";"50";"0";"2";"1";"1";"3";""
"202200029758";"760 918";"A01";"1";"7";"0";"2";"1";"1";"3";""
"202200029758";"760 919";"B01";"1";"1";"0";"2";"7";"1";"5";""
"202200029759";"760 917";"A01";"0";"33";"0";"0";"0";"1";"1";""
"202200029760";"760 916";"A01";"2";"7";"0";"1";"2";"1";"1";""
"202200029761";"760 914";"B01";"0";"33";"0";"2";"7";"1";"1";""
"202200029761";"760 915";"A01";"0";"7";"0";"2";"2";"9";"1";""
"202200029762";"760 912";"B01";"1";"99";"0";"2";"0";"0";"0";""
"202200029762";"760 913";"A01";"1";"7";"0";"2";"8";"15";"1";""
"202200029763";"760 910";"B01";"2";"7";"0";"2";"4";"23";"1";""
"202200029763";"760 911";"A01";"2";"7";"0";"2";"1";"2";"1";""