"Num_Acc";"id_vehicule";"num_veh";"senc";"catv";"obs";"obsm";"choc";"manv";"motor";"occutc"
"202200030402";"759 774";"A01";"3";"7";"0";"2";"3";"15";"0";""
"202200030403";"759 771";"A01";"1";"33";"0";"2";"7";"17";"1";""
"202200030403";"759 773";"B01";"1";"10";"0";"2";"8";"15";"1";""
"202200030404";"759 768";"A01";"2";"30";"0";"2";"2";"1";"1";""
"202200030404";"759 770";"B01";"1";"7";"0";"2";"3";"15";"1";""
"202200030405";"759 769";"A01";"0";"7";"0";"0";"2";"19";"1";""
"202200030406";"759 766";"B01";"3";"7";"0";"2";"7";"0";"3";""
"202200030406";"759 767";"A01";"2";"33";"0";"2";"1";"1";"1";""
"202200030407";"759 763";"A01";"3";"7";"0";"2";"7";"0";"1";""
"202200030407";"759 765";"B01";"3";"7";"0";"2";"1";"0";"1";""
"202200030408";"759 764";"A01";"3";"7";"0";"1";"2";"16";"0";""
"202200030409";"759 759";"C01";"2";"7";"0";"0";"3";"1";"1";""
"202200030409";"759 760";"B01";"2";"7";"0";"0";"6";"11";"1";""
"202200030409";"759 762";"A01";"1";"33";"0";"2";"1";"13";"1";""
"202200030410";"759 758";"B01";"1";"1";"0";"2";"8";"18";"5";""
"202200030410";"759 761";"A01";"1";"21";"0";"9";"7";"14";"1";""
"202200030411";"759 756";"B01";"2";"1";"0";"2";"1";"1";"5";""
"202200030411";"759 757";"A01";"2";"7";"0";"2";"3";"9";"1";""
"202200030412";"759 755";"A01";"2";"7";"0";"1";"3";"19";"1";""
"202200030413";"759 753";"B01";"2";"17";"0";"2";"1";"1";"1";""
"202200030413";"759 754";"A01";"2";"7";"3";"2";"0";"12";"1";""
"202200030414";"759 751";"A01";"2";"7";"4";"0";"2";"17";"1";""
"202200030415";"759 750";"A01";"3";"2";"0";"2";"8";"17";"1";""
"202200030415";"759 752";"B01";"0";"7";"0";"2";"2";"1";"1";""
"202200030416";"759 748";"A01";"1";"33";"0";"2";"1";"13";"1";""
"202200030416";"759 749";"B01";"2";"7";"0";"2";"1";"0";"1";""
"202200030417";"759 745";"A01";"1";"7";"0";"2";"1";"1";"1";""
"202200030417";"759 746";"B01";"2";"7";"0";"2";"1";"15";"1";""
"202200030418";"759 744";"B01";"2";"7";"2";"2";"3";"1";"1";""
"202200030418";"759 747";"A01";"1";"7";"0";"2";"3";"13";"1";""
"202200030419";"759 741";"A01";"1";"33";"3";"0";"0";"1";"1";""
"202200030420";"759 736";"A01";"3";"1";"0";"2";"3";"9";"5";""
"202200030420";"759 737";"B01";"3";"7";"0";"9";"1";"1";"2";""
"202200030421";"759 735";"A01";"2";"7";"3";"2";"0";"12";"1";""
"202200030421";"759 738";"B01";"2";"7";"3";"2";"0";"12";"1";""
"202200030421";"759 739";"C01";"2";"7";"0";"2";"4";"2";"1";""
"202200030421";"759 740";"D01";"2";"7";"0";"2";"1";"2";"1";""
"202200030422";"759 733";"B01";"3";"1";"0";"2";"1";"16";"5";""
"202200030422";"759 734";"A01";"3";"10";"0";"2";"1";"1";"1";""
"202200030423";"759 730";"A01";"1";"7";"4";"0";"1";"13";"1";""
"202200030424";"759 731";"A01";"1";"43";"0";"2";"1";"17";"1";""
"202200030424";"759 732";"B01";"1";"7";"0";"2";"3";"15";"1";""
"202200030425";"759 728";"B01";"1";"7";"0";"2";"4";"2";"1";""
"202200030425";"759 729";"A01";"2";"7";"0";"2";"1";"2";"1";""
"202200030426";"759 727";"A01";"0";"0";"0";"1";"0";"0";"0";""
"202200030427";"759 724";"C01";"1";"7";"0";"2";"6";"2";"1";""
"202200030427";"759 725";"B01";"1";"33";"0";"2";"3";"3";"1";""
"202200030427";"759 726";"A01";"1";"7";"0";"2";"7";"12";"1";""
"202200030428";"759 722";"A01";"1";"7";"0";"2";"3";"15";"1";""
"202200030428";"759 723";"B01";"2";"7";"0";"2";"3";"1";"1";""
"202200030429";"759 720";"A01";"2";"7";"4";"0";"1";"13";"1";""
"202200030429";"759 721";"B01";"2";"7";"0";"2";"1";"1";"1";""
"202200030430";"759 719";"A01";"2";"17";"4";"0";"3";"2";"1";""
"202200030431";"759 715";"A01";"2";"15";"0";"2";"2";"9";"1";""
"202200030431";"759 717";"B01";"2";"7";"0";"2";"6";"1";"1";""
"202200030432";"759 716";"A01";"1";"7";"0";"2";"3";"13";"1";""
"202200030432";"759 718";"B01";"2";"20";"0";"2";"3";"21";"1";""
"202200030433";"759 713";"B01";"1";"10";"0";"2";"6";"2";"1";""
"202200030433";"759 714";"A01";"1";"31";"0";"2";"1";"2";"1";""
"202200030434";"759 709";"B01";"1";"7";"0";"2";"4";"0";"1";""
"202200030434";"759 711";"A01";"1";"33";"0";"2";"1";"3";"1";""
"202200030435";"759 710";"A01";"1";"7";"0";"2";"1";"5";"1";""
"202200030435";"759 712";"B01";"1";"7";"0";"2";"1";"1";"1";""
"202200030436";"759 707";"A01";"2";"31";"0";"2";"3";"3";"1";""
"202200030436";"759 708";"B01";"2";"10";"0";"2";"5";"12";"1";""
"202200030437";"759 703";"A01";"2";"7";"0";"2";"8";"12";"1";""
"202200030437";"759 705";"B01";"2";"14";"0";"2";"0";"0";"1";""
"202200030438";"759 704";"A01";"1";"15";"0";"2";"3";"13";"1";""
"202200030438";"759 706";"B01";"2";"15";"13";"2";"3";"1";"1";""
"202200030439";"759 700";"C01";"2";"10";"4";"2";"6";"1";"1";""
"202200030439";"759 701";"B01";"2";"7";"4";"2";"3";"1";"1";""
"202200030439";"759 702";"A01";"2";"31";"4";"2";"1";"3";"1";""
"202200030440";"759 696";"A01";"2";"7";"4";"2";"1";"1";"1";""
"202200030440";"759 697";"B01";"2";"7";"0";"2";"1";"1";"0";""
"202200030441";"759 694";"A01";"1";"7";"0";"2";"1";"2";"1";""
"202200030441";"759 695";"B01";"1";"3";"0";"2";"4";"2";"0";""
"202200030442";"759 691";"A01";"1";"7";"0";"2";"8";"0";"1";""
"202200030442";"759 693";"B01";"1";"10";"0";"2";"2";"1";"1";""
"202200030443";"759 690";"A01";"2";"7";"0";"2";"1";"11";"1";""
"202200030443";"759 692";"B01";"2";"30";"0";"2";"7";"1";"1";""
"202200030444";"759 689";"A01";"1";"32";"14";"0";"1";"1";"1";""
"202200030445";"759 687";"A01";"0";"13";"0";"2";"3";"1";"1";""
"202200030445";"759 688";"B01";"0";"7";"0";"2";"3";"1";"1";""
"202200030446";"759 683";"A01";"2";"32";"0";"2";"0";"0";"1";""
"202200030446";"759 684";"B01";"2";"7";"0";"2";"2";"1";"1";""
"202200030446";"759 686";"C01";"2";"7";"0";"2";"5";"1";"1";""
"202200030447";"759 681";"A01";"0";"10";"0";"2";"1";"19";"1";""
"202200030447";"759 682";"B01";"1";"7";"0";"0";"8";"1";"1";""
"202200030448";"759 678";"A01";"2";"7";"17";"0";"9";"26";"1";""
"202200030449";"759 676";"B01";"1";"7";"0";"2";"1";"1";"1";""
"202200030449";"759 677";"A01";"2";"7";"0";"2";"1";"13";"1";""
"202200030450";"759 679";"A01";"1";"33";"0";"2";"1";"9";"1";""
"202200030450";"759 680";"B01";"1";"13";"0";"2";"0";"1";"1";""
"202200030451";"759 675";"A01";"1";"7";"6";"0";"3";"0";"1";""
"202200030452";"759 672";"A01";"1";"7";"0";"0";"3";"0";"1";""
"202200030452";"759 674";"B01";"0";"1";"0";"0";"0";"0";"5";""
"202200030453";"759 671";"B01";"2";"7";"0";"9";"4";"23";"1";""
"202200030453";"759 673";"A01";"2";"1";"0";"2";"1";"1";"5";""
"202200030454";"759 669";"B01";"2";"80";"0";"2";"1";"9";"3";""
"202200030454";"759 670";"A01";"2";"7";"0";"0";"8";"9";"1";""
"202200030455";"759 667";"B01";"2";"7";"12";"0";"1";"13";"1";""
"202200030455";"759 668";"A01";"1";"7";"12";"0";"1";"1";"1";""
"202200030456";"759 665";"B01";"2";"7";"0";"0";"4";"1";"2";""
"202200030456";"759 666";"A01";"2";"7";"0";"0";"1";"1";"1";""
"202200030457";"759 664";"A01";"2";"7";"4";"0";"7";"1";"1";""
"202200030458";"759 662";"A01";"1";"7";"0";"2";"2";"23";"1";""
"202200030458";"759 663";"B01";"1";"7";"0";"2";"6";"2";"1";""
"202200030459";"759 661";"A01";"2";"7";"12";"0";"1";"1";"2";""
"202200030460";"759 658";"A01";"2";"7";"0";"1";"1";"1";"1";""
"202200030461";"759 657";"C01";"1";"7";"0";"2";"6";"2";"1";""
"202200030461";"759 659";"B01";"1";"7";"0";"2";"3";"1";"1";""
"202200030461";"759 660";"A01";"1";"7";"0";"2";"3";"17";"1";""
"202200030462";"759 656";"C01";"3";"7";"0";"1";"1";"1";"2";""
"202200030463";"759 654";"A01";"2";"43";"0";"2";"6";"0";"1";""
"202200030463";"759 655";"B01";"2";"10";"0";"2";"6";"0";"1";""
"202200030464";"759 652";"B01";"3";"7";"0";"2";"3";"16";"1";""
"202200030464";"759 653";"A01";"0";"7";"0";"2";"2";"1";"1";""
"202200030465";"759 650";"A01";"0";"7";"13";"0";"9";"17";"1";""
"202200030466";"759 649";"B01";"2";"7";"0";"2";"6";"15";"1";""
"202200030466";"759 651";"A01";"2";"33";"0";"2";"2";"17";"1";""
"202200030467";"759 648";"A01";"2";"17";"13";"0";"1";"0";"1";""
"202200030468";"759 646";"A01";"1";"10";"8";"0";"2";"14";"1";""
"202200030469";"759 645";"Z01";"2";"7";"0";"2";"0";"9";"0";""
"202200030469";"759 647";"A01";"2";"30";"0";"2";"0";"0";"1";""
"202200030470";"759 643";"A01";"1";"7";"0";"0";"4";"2";"1";""
"202200030470";"759 644";"B01";"1";"7";"0";"0";"1";"2";"1";""
"202200030471";"759 637";"D01";"2";"7";"0";"2";"4";"2";"1";""
"202200030471";"759 639";"C01";"2";"7";"0";"2";"4";"2";"1";""
"202200030471";"759 640";"B01";"2";"7";"0";"2";"4";"2";"1";""
"202200030471";"759 642";"A01";"2";"7";"0";"2";"1";"2";"1";""
"202200030472";"759 638";"A01";"2";"7";"0";"2";"1";"19";"1";""
"202200030472";"759 641";"B01";"1";"7";"0";"2";"5";"19";"1";""
"202200030473";"759 634";"A01";"1";"7";"2";"0";"7";"0";"1";""
"202200030473";"759 636";"B01";"1";"7";"15";"0";"1";"1";"1";""
"202200030474";"759 633";"B01";"2";"30";"0";"2";"7";"0";"1";""
"202200030474";"759 635";"A01";"2";"7";"0";"2";"0";"15";"1";""
"202200030475";"759 631";"A01";"2";"33";"0";"2";"1";"3";"1";""
"202200030475";"759 632";"B01";"2";"7";"0";"2";"8";"11";"1";""
"202200030476";"759 629";"B01";"1";"10";"0";"2";"4";"2";"1";""
"202200030476";"759 630";"A01";"1";"7";"0";"2";"1";"2";"1";""
"202200030477";"759 627";"B01";"2";"7";"0";"2";"4";"2";"1";""
"202200030477";"759 628";"A01";"2";"7";"0";"2";"1";"2";"1";""
"202200030478";"759 624";"A01";"2";"10";"0";"2";"1";"11";"1";""
"202200030478";"759 625";"B01";"2";"7";"0";"2";"4";"1";"1";""
"202200030479";"759 623";"B01";"1";"33";"0";"2";"1";"16";"1";""
"202200030479";"759 626";"A01";"1";"7";"0";"2";"7";"1";"1";""
"202200030480";"759 621";"A01";"1";"7";"0";"1";"1";"15";"1";""
"202200030481";"759 619";"A01";"1";"7";"0";"2";"1";"9";"0";""
"202200030481";"759 620";"B01";"1";"7";"0";"2";"1";"21";"0";""
"202200030481";"759 622";"C01";"1";"7";"0";"2";"3";"21";"0";""
"202200030482";"759 616";"B01";"2";"33";"0";"2";"7";"8";"1";""
"202200030482";"759 618";"A01";"2";"1";"0";"2";"1";"1";"0";""
"202200030483";"759 615";"A01";"1";"7";"0";"2";"4";"2";"1";""
"202200030483";"759 617";"B01";"1";"7";"0";"2";"1";"2";"1";""
"202200030484";"759 613";"A01";"1";"7";"0";"1";"2";"1";"1";""
"202200030485";"759 612";"B01";"1";"31";"0";"2";"1";"1";"1";""
"202200030485";"759 614";"A01";"1";"7";"0";"2";"1";"19";"1";""
"202200030486";"759 610";"A01";"2";"7";"0";"2";"1";"2";"1";""
"202200030486";"759 611";"B01";"2";"7";"0";"2";"6";"2";"1";""
"202200030487";"759 609";"A01";"1";"7";"0";"1";"2";"1";"1";""
"202200030488";"759 608";"A01";"1";"7";"0";"1";"5";"1";"1";""
"202200030489";"759 606";"A01";"1";"30";"0";"0";"8";"1";"1";""
"202200030490";"759 605";"A01";"3";"34";"0";"2";"1";"5";"1";""
"202200030490";"759 607";"B01";"3";"7";"0";"2";"7";"15";"1";""
"202200030491";"759 603";"A01";"2";"33";"1";"2";"3";"1";"1";""
"202200030491";"759 604";"B01";"2";"7";"0";"2";"5";"23";"1";""
"202200030492";"759 602";"A01";"3";"3";"0";"0";"3";"21";"1";""
"202200030493";"759 599";"B01";"1";"7";"0";"2";"3";"19";"2";""
"202200030493";"759 601";"A01";"2";"50";"0";"2";"1";"19";"3";""
"202200030494";"759 598";"B01";"2";"1";"0";"2";"1";"1";"5";""
"202200030494";"759 600";"A01";"1";"7";"0";"2";"3";"9";"1";""
"202200030495";"759 597";"A01";"2";"7";"4";"0";"1";"18";"1";""
"202200030496";"759 594";"A01";"2";"7";"0";"2";"1";"2";"1";""
"202200030496";"759 596";"B01";"2";"7";"0";"2";"8";"1";"1";""
"202200030497";"759 593";"B01";"3";"7";"6";"2";"3";"1";"1";""
"202200030497";"759 595";"A01";"3";"7";"0";"2";"2";"15";"1";""
"202200030498";"759 591";"B01";"2";"7";"0";"2";"3";"11";"1";""
"202200030498";"759 592";"A01";"1";"32";"0";"2";"2";"1";"1";""
"202200030499";"759 589";"A01";"3";"7";"0";"1";"4";"26";"1";""
"202200030500";"759 588";"B01";"0";"34";"0";"2";"1";"18";"0";""
"202200030500";"759 590";"A01";"0";"7";"0";"2";"2";"16";"1";""
"202200030501";"759 585";"B01";"1";"7";"0";"9";"6";"1";"2";""
"202200030501";"759 587";"A01";"1";"41";"0";"2";"1";"19";"1";""
"202200030502";"759 582";"A01";"3";"7";"0";"2";"1";"2";"2";""
"202200030502";"759 583";"B01";"3";"7";"0";"2";"4";"1";"1";""
"202200030503";"759 578";"B01";"3";"40";"0";"2";"2";"1";"3";""
"202200030503";"759 579";"A01";"3";"1";"0";"4";"1";"15";"5";""
"202200030504";"759 577";"A01";"1";"33";"4";"0";"1";"1";"1";""
"202200030505";"759 575";"A01";"3";"7";"1";"2";"1";"0";"2";""
"202200030505";"759 576";"B01";"3";"7";"1";"2";"1";"20";"1";""
"202200030506";"759 571";"A01";"3";"7";"0";"0";"6";"2";"1";""
"202200030506";"759 573";"B01";"3";"2";"0";"0";"1";"2";"1";""
"202200030507";"759 568";"B01";"1";"7";"0";"2";"1";"1";"1";""
"202200030507";"759 569";"A01";"2";"7";"0";"2";"7";"13";"1";""
"202200030508";"759 564";"C01";"3";"7";"0";"2";"0";"26";"2";""
"202200030508";"759 565";"B01";"3";"7";"0";"2";"3";"1";"1";""
"202200030508";"759 567";"A01";"3";"33";"0";"2";"2";"17";"1";""
"202200030509";"759 563";"A01";"3";"7";"0";"2";"1";"26";"1";""
"202200030509";"759 566";"B01";"3";"50";"0";"2";"8";"1";"3";""
"202200030510";"759 562";"A01";"2";"7";"0";"1";"2";"20";"1";""
"202200030511";"759 558";"A01";"0";"7";"0";"2";"1";"2";"1";""
"202200030511";"759 559";"B01";"0";"7";"0";"0";"4";"0";"1";""
"202200030512";"759 557";"A01";"2";"7";"6";"0";"0";"14";"1";""
"202200030513";"759 555";"B01";"1";"7";"0";"2";"2";"17";"1";""
"202200030513";"759 556";"A01";"1";"3";"0";"2";"6";"21";"1";""
"202200030514";"759 553";"Z01";"2";"7";"15";"2";"1";"19";"1";""
"202200030514";"759 554";"A01";"2";"34";"15";"2";"8";"1";"1";""
"202200030515";"759 551";"A01";"3";"7";"0";"2";"1";"2";"1";""
"202200030515";"759 552";"B01";"3";"7";"0";"2";"4";"2";"1";""
"202200030516";"759 549";"A01";"1";"30";"12";"0";"7";"14";"1";""
"202200030517";"759 548";"A01";"1";"50";"0";"2";"9";"9";"3";""
"202200030517";"759 550";"B01";"1";"7";"0";"2";"1";"1";"1";""
"202200030518";"759 546";"A01";"1";"1";"0";"2";"1";"1";"5";""
"202200030518";"759 547";"B01";"1";"7";"0";"2";"3";"1";"1";""
"202200030519";"759 544";"A01";"1";"7";"0";"2";"2";"1";"1";""
"202200030519";"759 545";"B01";"2";"1";"0";"2";"8";"19";"5";""
"202200030520";"759 542";"B01";"2";"33";"0";"2";"3";"1";"1";""
"202200030520";"759 543";"A01";"1";"7";"0";"2";"1";"15";"1";""
"202200030521";"759 539";"B01";"0";"1";"0";"2";"1";"1";"5";""
"202200030521";"759 541";"A01";"1";"10";"0";"2";"2";"16";"1";""
"202200030522";"759 538";"A01";"2";"33";"0";"2";"1";"1";"1";""
"202200030522";"759 540";"B01";"3";"1";"0";"2";"7";"19";"5";""
"202200030523";"759 536";"A01";"0";"15";"6";"0";"1";"23";"1";""
"202200030524";"759 535";"B01";"1";"50";"0";"2";"3";"1";"3";""
"202200030524";"759 537";"A01";"1";"10";"0";"2";"2";"16";"1";""
"202200030525";"759 532";"B01";"2";"7";"0";"2";"2";"1";"1";""
"202200030525";"759 533";"A01";"1";"50";"0";"2";"1";"19";"3";""
"202200030526";"759 531";"B01";"3";"7";"0";"2";"3";"1";"1";""
"202200030526";"759 534";"A01";"3";"7";"0";"2";"3";"1";"0";""
"202200030527";"759 529";"A01";"1";"7";"8";"0";"2";"1";"1";""
"202200030528";"759 528";"A01";"1";"7";"0";"2";"1";"15";"1";""
"202200030528";"759 530";"B01";"2";"1";"0";"2";"2";"15";"5";""
"202200030529";"759 526";"A01";"1";"7";"1";"0";"2";"14";"1";""
"202200030530";"759 525";"Z01";"3";"7";"0";"2";"1";"1";"1";""
"202200030530";"759 527";"A01";"3";"7";"0";"2";"4";"1";"1";""
"202200030531";"759 521";"B01";"2";"1";"0";"2";"1";"1";"5";""
"202200030531";"759 523";"A01";"1";"10";"0";"2";"6";"1";"1";""
"202200030532";"759 519";"A01";"1";"7";"0";"2";"1";"1";"0";""
"202200030532";"759 520";"B01";"1";"7";"0";"2";"4";"1";"1";""
"202200030532";"759 522";"C01";"1";"7";"0";"2";"3";"20";"0";""
"202200030532";"759 524";"D01";"1";"7";"0";"2";"0";"0";"0";""
"202200030533";"759 516";"B01";"2";"7";"0";"2";"1";"1";"1";""
"202200030533";"759 518";"A01";"1";"30";"0";"2";"7";"15";"1";""
"202200030534";"759 515";"Z01";"2";"7";"0";"2";"1";"26";"1";""
"202200030534";"759 517";"A01";"1";"30";"0";"2";"2";"2";"1";""
"202200030535";"759 514";"A01";"1";"7";"8";"0";"3";"1";"1";""
"202200030536";"759 513";"A01";"1";"7";"0";"1";"2";"1";"1";""
"202200030537";"759 510";"A01";"2";"7";"0";"2";"3";"15";"1";""
"202200030537";"759 512";"B01";"2";"32";"0";"2";"2";"1";"1";""
"202200030538";"759 509";"A01";"2";"7";"0";"2";"1";"13";"1";""
"202200030538";"759 511";"B01";"1";"7";"0";"2";"1";"1";"1";""
"202200030539";"759 507";"A01";"1";"7";"0";"9";"0";"15";"1";""
"202200030540";"759 506";"B01";"3";"7";"0";"2";"3";"1";"1";""
"202200030540";"759 508";"A01";"3";"7";"0";"2";"3";"1";"1";""
"202200030541";"759 501";"D01";"0";"7";"0";"0";"1";"2";"1";""
"202200030541";"759 502";"C01";"0";"7";"0";"0";"4";"2";"1";""
"202200030541";"759 504";"B01";"0";"7";"0";"0";"4";"2";"1";""
"202200030541";"759 505";"A01";"0";"7";"0";"0";"4";"2";"1";""
"202200030542";"759 500";"B01";"0";"1";"0";"2";"1";"1";"5";""
"202200030542";"759 503";"A01";"2";"7";"0";"2";"1";"15";"1";""
"202200030543";"759 498";"B01";"0";"1";"0";"2";"0";"9";"5";""
"202200030543";"759 499";"A01";"0";"7";"0";"2";"0";"0";"0";""
"202200030544";"759 497";"A01";"3";"2";"0";"1";"3";"1";"0";""
"202200030545";"759 496";"A01";"1";"10";"0";"1";"3";"15";"1";""
"202200030546";"759 493";"A01";"0";"33";"0";"2";"1";"25";"1";""
"202200030546";"759 495";"B01";"3";"7";"0";"9";"2";"0";"1";""
"202200030547";"759 492";"A01";"1";"10";"0";"9";"5";"17";"1";""
"202200030547";"759 494";"B01";"1";"1";"0";"2";"8";"13";"5";""
"202200030548";"759 490";"A01";"1";"32";"0";"1";"0";"14";"0";""
"202200030549";"759 491";"A01";"1";"33";"1";"0";"1";"26";"1";""
"202200030550";"759 489";"A01";"2";"10";"4";"0";"1";"19";"1";""
"202200030551";"759 487";"A01";"2";"7";"0";"2";"1";"17";"1";""
"202200030551";"759 488";"B01";"1";"7";"0";"2";"1";"1";"1";""
"202200030552";"759 486";"A01";"2";"7";"0";"1";"1";"1";"1";""
"202200030553";"759 484";"B01";"3";"7";"0";"2";"3";"1";"1";""
"202200030553";"759 485";"A01";"3";"33";"0";"2";"1";"13";"1";""
"202200030554";"759 480";"B01";"2";"7";"0";"2";"4";"2";"1";""
"202200030554";"759 482";"A01";"2";"33";"0";"2";"1";"26";"1";""
"202200030555";"759 481";"A01";"1";"7";"0";"2";"3";"1";"2";""
"202200030555";"759 483";"B01";"1";"7";"0";"2";"3";"1";"1";""
"202200030556";"759 479";"Y01";"1";"1";"0";"2";"0";"0";"5";""
"202200030557";"759 477";"Y01";"1";"1";"0";"2";"1";"1";"5";""
"202200030557";"759 478";"Z01";"1";"7";"0";"2";"1";"1";"1";""
"202200030558";"759 475";"A01";"1";"31";"0";"0";"0";"1";"1";""
"202200030559";"759 476";"A01";"1";"7";"0";"1";"3";"1";"1";""
"202200030560";"759 473";"B01";"2";"38";"0";"9";"1";"1";"1";"1"
"202200030560";"759 474";"A01";"3";"34";"0";"9";"1";"26";"1";""
"202200030561";"759 470";"B01";"3";"7";"0";"2";"2";"1";"1";""
"202200030561";"759 472";"A01";"3";"31";"0";"2";"1";"13";"0";""
"202200030562";"759 469";"A01";"3";"10";"1";"2";"1";"1";"1";""
"202200030562";"759 471";"B01";"3";"7";"1";"2";"8";"1";"1";""
"202200030563";"759 468";"A01";"3";"7";"0";"1";"4";"4";"1";""
"202200030564";"759 465";"A01";"3";"7";"0";"1";"2";"17";"1";""
"202200030565";"759 466";"B01";"0";"7";"0";"2";"1";"2";"0";""
"202200030565";"759 467";"A01";"1";"7";"0";"2";"4";"2";"1";""
"202200030566";"759 463";"A01";"2";"7";"0";"2";"8";"10";"1";""
"202200030566";"759 464";"B01";"1";"7";"0";"2";"1";"17";"1";""
"202200030567";"759 461";"B01";"2";"1";"0";"2";"9";"2";"5";""
"202200030567";"759 462";"A01";"2";"37";"0";"2";"7";"17";"1";"1"
"202200030568";"759 459";"B01";"1";"33";"0";"2";"1";"17";"1";""
"202200030568";"759 460";"A01";"1";"7";"0";"2";"3";"15";"1";""
"202200030569";"759 456";"A01";"1";"50";"0";"2";"1";"1";"3";""
"202200030569";"759 458";"B01";"1";"7";"0";"2";"4";"20";"1";""
"202200030570";"759 454";"A01";"3";"10";"16";"0";"0";"1";"0";""
"202200030571";"759 453";"A01";"1";"7";"8";"0";"1";"26";"1";""
"202200030572";"759 451";"B01";"1";"7";"14";"2";"2";"2";"1";""
"202200030572";"759 452";"A01";"1";"7";"14";"2";"3";"17";"1";""
"202200030573";"759 447";"A01";"1";"7";"0";"2";"1";"13";"1";""
"202200030573";"759 448";"B01";"2";"37";"0";"2";"1";"1";"2";"1"
"202200030574";"759 449";"A01";"1";"33";"0";"2";"2";"17";"1";""
"202200030574";"759 450";"B01";"3";"7";"0";"2";"6";"15";"1";""
"202200030575";"759 445";"B01";"2";"32";"0";"2";"1";"1";"1";""
"202200030575";"759 446";"A01";"1";"7";"0";"2";"2";"15";"1";""
"202200030576";"759 441";"B01";"3";"10";"0";"2";"5";"15";"1";""
"202200030576";"759 444";"A01";"3";"7";"0";"2";"1";"26";"1";""
"202200030577";"759 440";"A01";"0";"7";"12";"0";"1";"26";"1";""
"202200030578";"759 437";"B01";"3";"7";"0";"2";"5";"16";"1";""
"202200030578";"759 439";"A01";"3";"7";"0";"2";"3";"9";"1";""
"202200030579";"759 436";"B01";"2";"7";"0";"2";"1";"1";"1";""
"202200030579";"759 438";"A01";"1";"7";"0";"2";"2";"15";"1";""
"202200030580";"759 434";"A01";"1";"7";"0";"1";"8";"1";"1";""
"202200030581";"759 433";"B01";"1";"7";"0";"2";"2";"15";"1";""
"202200030581";"759 435";"A01";"2";"2";"0";"2";"1";"1";"1";""
"202200030582";"759 431";"B01";"3";"7";"0";"2";"0";"0";"1";""
"202200030582";"759 432";"A01";"3";"7";"0";"2";"1";"1";"1";""
"202200030583";"759 430";"A01";"3";"80";"0";"1";"2";"1";"3";""
"202200030584";"759 429";"A01";"2";"1";"0";"1";"1";"1";"5";""
"202200030585";"759 427";"A01";"1";"30";"12";"0";"1";"1";"1";""
"202200030586";"759 425";"A01";"1";"37";"0";"1";"8";"1";"1";"1"
"202200030587";"759 426";"A01";"0";"7";"0";"2";"3";"9";"1";""
"202200030587";"759 428";"B01";"0";"50";"0";"2";"7";"1";"3";""
"202200030588";"759 424";"A01";"3";"7";"0";"1";"2";"14";"1";""
"202200030589";"759 423";"A01";"3";"33";"0";"0";"0";"1";"1";""
"202200030590";"759 422";"A01";"0";"30";"0";"2";"3";"16";"1";""
"202200030591";"759 419";"B01";"1";"33";"0";"2";"1";"1";"1";""
"202200030591";"759 421";"A01";"1";"7";"0";"2";"6";"15";"1";""
"202200030592";"759 418";"B01";"1";"7";"0";"2";"3";"15";"1";""
"202200030592";"759 420";"A01";"1";"33";"0";"2";"7";"17";"1";""
"202200030593";"759 414";"C01";"3";"7";"0";"2";"4";"2";"1";""
"202200030593";"759 416";"B01";"3";"7";"0";"2";"4";"2";"1";""
"202200030593";"759 417";"A01";"0";"7";"0";"2";"1";"2";"1";""
"202200030594";"759 412";"A01";"2";"7";"0";"2";"3";"15";"2";""
"202200030594";"759 415";"B01";"1";"7";"0";"2";"1";"1";"1";""
"202200030595";"759 411";"A01";"2";"7";"0";"2";"3";"15";"1";""
"202200030595";"759 413";"B01";"1";"50";"0";"2";"3";"0";"3";""
"202200030596";"759 409";"A01";"3";"7";"0";"1";"1";"1";"3";""
"202200030597";"759 408";"A01";"3";"7";"0";"2";"3";"15";"1";""
"202200030597";"759 410";"B01";"0";"17";"0";"2";"2";"1";"1";""
"202200030598";"759 407";"A01";"1";"7";"0";"1";"1";"1";"1";""
"202200030599";"759 405";"B01";"0";"7";"0";"2";"1";"9";"1";""
"202200030599";"759 406";"A01";"0";"1";"0";"2";"0";"0";"5";""
"202200030600";"759 403";"A01";"2";"10";"0";"2";"2";"12";"1";""
"202200030600";"759 404";"B01";"2";"7";"0";"2";"1";"14";"1";""
"202200030601";"759 402";"A01";"0";"50";"1";"0";"1";"1";"3";""
"202200030602";"759 399";"B01";"3";"2";"0";"2";"8";"1";"1";""
"202200030602";"759 400";"A01";"3";"7";"0";"2";"3";"11";"1";""
"202200030603";"759 396";"B01";"0";"7";"0";"9";"1";"1";"1";""
"202200030603";"759 397";"A01";"0";"1";"0";"2";"7";"15";"5";""
"202200030604";"759 398";"B01";"1";"7";"0";"2";"4";"2";"1";""
"202200030604";"759 401";"A01";"1";"7";"0";"2";"1";"2";"1";""
"202200030605";"759 393";"A01";"1";"7";"0";"2";"4";"26";"1";""
"202200030605";"759 394";"B01";"1";"7";"0";"2";"1";"1";"1";""
"202200030606";"759 392";"A01";"1";"7";"0";"2";"3";"2";"1";""
"202200030606";"759 395";"B01";"1";"2";"0";"2";"5";"2";"1";""
"202200030607";"759 389";"C01";"2";"7";"0";"2";"4";"1";"1";""
"202200030607";"759 390";"B01";"2";"7";"0";"2";"4";"1";"1";""