"Num_Acc";"id_vehicule";"num_veh";"senc";"catv";"obs";"obsm";"choc";"manv";"motor";"occutc"
"202200030607";"759 391";"A01";"2";"7";"0";"2";"1";"1";"1";""
"202200030608";"759 386";"B01";"3";"7";"0";"2";"2";"1";"3";""
"202200030608";"759 388";"A01";"3";"7";"0";"2";"3";"9";"1";""
"202200030609";"759 385";"B01";"3";"7";"0";"2";"1";"1";"1";""
"202200030609";"759 387";"A01";"3";"7";"0";"2";"1";"1";"1";""
"202200030610";"759 383";"B01";"1";"50";"0";"2";"1";"1";"3";""
"202200030610";"759 384";"A01";"1";"7";"0";"2";"5";"16";"1";""
"202200030611";"759 381";"A01";"2";"31";"0";"2";"1";"1";"1";""
"202200030611";"759 382";"B01";"1";"7";"0";"2";"4";"15";"1";""
"202200030612";"759 379";"A01";"2";"7";"0";"2";"1";"1";"1";""
"202200030612";"759 380";"B01";"2";"7";"0";"2";"4";"1";"1";""
"202200030613";"759 377";"A01";"3";"7";"0";"1";"3";"0";"1";""
"202200030614";"759 375";"A01";"3";"7";"15";"0";"1";"13";"1";""
"202200030615";"759 376";"A01";"3";"7";"0";"2";"6";"0";"0";""
"202200030615";"759 378";"B01";"2";"1";"0";"2";"1";"19";"5";""
"202200030616";"759 373";"A01";"2";"7";"0";"2";"2";"16";"2";""
"202200030616";"759 374";"B01";"2";"1";"0";"2";"1";"1";"5";""
"202200030617";"759 370";"A01";"1";"7";"0";"2";"1";"15";"1";""
"202200030617";"759 371";"B01";"2";"10";"0";"2";"3";"21";"1";""
"202200030618";"759 367";"A01";"2";"7";"6";"2";"1";"26";"1";""
"202200030618";"759 369";"B01";"1";"7";"0";"2";"1";"1";"1";""
"202200030619";"759 365";"B01";"1";"15";"0";"2";"4";"1";"1";""
"202200030619";"759 366";"A01";"1";"7";"0";"2";"1";"1";"1";""
"202200030620";"759 368";"A01";"3";"7";"0";"2";"2";"16";"1";""
"202200030620";"759 372";"B01";"3";"7";"0";"2";"3";"1";"1";""
"202200030621";"759 364";"A01";"1";"7";"8";"0";"1";"15";"1";""
"202200030622";"759 362";"A01";"1";"7";"0";"1";"7";"19";"1";""
"202200030623";"759 361";"A01";"1";"34";"0";"2";"1";"1";"1";""
"202200030623";"759 363";"B01";"2";"7";"0";"2";"1";"1";"1";""
"202200030624";"759 359";"A01";"1";"7";"0";"2";"1";"1";"1";""
"202200030624";"759 360";"B01";"2";"7";"0";"2";"2";"15";"1";""
"202200030625";"759 357";"A01";"3";"7";"16";"0";"1";"1";"1";""
"202200030626";"759 356";"A01";"2";"7";"0";"1";"2";"16";"0";""
"202200030627";"759 353";"A01";"1";"10";"0";"0";"0";"0";"1";""
"202200030627";"759 354";"B01";"2";"10";"0";"0";"0";"0";"1";""
"202200030628";"759 355";"B01";"1";"32";"0";"2";"1";"1";"1";""
"202200030628";"759 358";"A01";"2";"30";"0";"2";"7";"19";"1";""
"202200030629";"759 351";"A01";"1";"7";"0";"2";"6";"15";"1";""
"202200030629";"759 352";"B01";"1";"33";"0";"2";"2";"1";"1";""
"202200030630";"759 349";"A01";"1";"7";"8";"0";"1";"26";"1";""
"202200030631";"759 346";"B01";"2";"7";"0";"2";"2";"1";"3";""
"202200030631";"759 347";"A01";"0";"7";"0";"2";"3";"9";"1";""
"202200030632";"759 348";"B01";"1";"33";"0";"2";"2";"2";"1";""
"202200030632";"759 350";"A01";"1";"7";"0";"2";"3";"9";"1";""
"202200030633";"759 344";"B01";"3";"32";"0";"2";"3";"5";"1";""
"202200030633";"759 345";"A01";"3";"7";"0";"2";"3";"5";"1";""
"202200030634";"759 343";"A01";"1";"31";"0";"2";"8";"1";"1";""
"202200030635";"759 342";"A01";"3";"32";"0";"1";"3";"1";"1";""
"202200030636";"759 340";"A01";"2";"43";"0";"2";"1";"18";"1";""
"202200030636";"759 341";"B01";"0";"7";"0";"2";"6";"1";"0";""
"202200030637";"759 336";"A01";"1";"7";"0";"2";"1";"2";"1";""
"202200030637";"759 337";"B01";"1";"10";"0";"2";"4";"2";"1";""
"202200030637";"759 338";"C01";"1";"10";"0";"2";"4";"2";"1";""
"202200030638";"759 332";"Z01";"2";"34";"0";"2";"7";"3";"1";""
"202200030638";"759 333";"B01";"2";"7";"0";"2";"5";"1";"1";""
"202200030638";"759 334";"A01";"2";"7";"0";"2";"8";"1";"1";""
"202200030639";"759 335";"A01";"1";"7";"0";"2";"1";"2";"1";""
"202200030639";"759 339";"B01";"1";"7";"0";"2";"4";"23";"1";""
"202200030640";"759 330";"A01";"1";"43";"0";"2";"3";"18";"1";""
"202200030640";"759 331";"B01";"1";"7";"0";"2";"7";"23";"1";""
"202200030641";"759 327";"A01";"1";"31";"0";"2";"1";"2";"1";""
"202200030641";"759 328";"B01";"1";"7";"0";"2";"4";"2";"1";""
"202200030642";"759 325";"A01";"3";"37";"0";"1";"2";"7";"1";"1"
"202200030643";"759 326";"B01";"2";"7";"0";"2";"3";"1";"1";""
"202200030643";"759 329";"A01";"2";"32";"0";"2";"7";"17";"1";""
"202200030644";"759 323";"B01";"1";"80";"0";"2";"1";"1";"3";""
"202200030644";"759 324";"A01";"1";"7";"0";"2";"3";"22";"1";""
"202200030645";"759 322";"A01";"3";"7";"0";"1";"8";"20";"1";""
"202200030646";"759 321";"A01";"1";"7";"0";"1";"4";"20";"1";""
"202200030647";"759 316";"D01";"1";"7";"0";"2";"1";"23";"1";""
"202200030647";"759 317";"C01";"1";"7";"0";"2";"2";"1";"1";""
"202200030647";"759 318";"B01";"1";"7";"0";"2";"3";"1";"1";""
"202200030647";"759 320";"A01";"1";"7";"0";"2";"3";"21";"1";""
"202200030648";"759 315";"B01";"1";"7";"0";"2";"4";"23";"1";""
"202200030648";"759 319";"A01";"1";"32";"0";"2";"1";"2";"1";""
"202200030649";"759 314";"A01";"2";"7";"0";"1";"1";"18";"0";""
"202200030650";"759 311";"A01";"2";"7";"0";"2";"2";"15";"1";""
"202200030650";"759 312";"B01";"1";"30";"0";"2";"1";"1";"1";""
"202200030651";"759 307";"A01";"1";"34";"0";"2";"2";"17";"0";""
"202200030651";"759 308";"B01";"1";"7";"0";"2";"6";"17";"1";""
"202200030652";"759 309";"A01";"3";"10";"0";"2";"8";"11";"1";""
"202200030652";"759 310";"C01";"0";"7";"0";"2";"2";"1";"1";""
"202200030652";"759 313";"B01";"3";"33";"0";"2";"7";"3";"1";""
"202200030653";"759 306";"A01";"3";"30";"0";"0";"8";"1";"3";""
"202200030654";"759 304";"A01";"3";"7";"6";"2";"9";"20";"2";""
"202200030655";"759 301";"A01";"2";"32";"0";"2";"7";"3";"1";""
"202200030655";"759 302";"B01";"1";"7";"0";"2";"2";"15";"1";""
"202200030656";"759 303";"A01";"3";"10";"0";"2";"1";"15";"1";""
"202200030656";"759 305";"B01";"1";"33";"0";"2";"8";"1";"1";""
"202200030657";"759 300";"A01";"1";"7";"13";"0";"8";"0";"1";""
"202200030658";"759 298";"A01";"1";"7";"0";"2";"1";"2";"1";""
"202200030658";"759 299";"B01";"1";"7";"0";"0";"6";"2";"1";""
"202200030659";"759 294";"A01";"2";"7";"6";"2";"1";"1";"1";""
"202200030659";"759 296";"B01";"1";"7";"0";"2";"2";"1";"2";""
"202200030660";"759 295";"A01";"2";"7";"0";"2";"2";"16";"1";""
"202200030660";"759 297";"B01";"2";"80";"0";"2";"7";"19";"3";""
"202200030661";"759 291";"B01";"1";"7";"0";"2";"3";"1";"1";""
"202200030661";"759 293";"A01";"3";"7";"0";"2";"3";"15";"1";""
"202200030662";"759 292";"A01";"1";"1";"0";"1";"2";"21";"5";""
"202200030663";"759 285";"B01";"1";"7";"0";"0";"8";"15";"1";""
"202200030663";"759 287";"A01";"1";"7";"0";"2";"1";"0";"1";""
"202200030664";"759 286";"A01";"1";"50";"0";"2";"1";"5";"3";""
"202200030664";"759 288";"B01";"2";"50";"0";"2";"1";"1";"3";""
"202200030665";"759 283";"B01";"3";"50";"0";"2";"1";"1";"3";""
"202200030665";"759 284";"A01";"3";"7";"0";"9";"0";"9";"1";""
"202200030666";"759 281";"A01";"2";"7";"0";"1";"2";"1";"1";""
"202200030667";"759 282";"A01";"2";"7";"0";"1";"2";"1";"1";""
"202200030668";"759 279";"B01";"1";"7";"0";"2";"1";"1";"1";""
"202200030668";"759 280";"A01";"2";"7";"0";"2";"1";"13";"1";""
"202200030669";"759 277";"A01";"1";"10";"0";"9";"0";"2";"1";""
"202200030669";"759 278";"B01";"1";"1";"0";"2";"4";"2";"5";""
"202200030670";"759 273";"B01";"2";"7";"0";"2";"3";"1";"1";""
"202200030670";"759 275";"A01";"1";"7";"0";"2";"3";"1";"1";""
"202200030671";"759 274";"A01";"1";"7";"0";"2";"7";"22";"1";""
"202200030671";"759 276";"B01";"1";"31";"0";"2";"3";"18";"1";""
"202200030672";"759 272";"A01";"3";"7";"13";"0";"1";"0";"3";""
"202200030673";"759 268";"C01";"1";"7";"0";"2";"1";"2";"1";""
"202200030673";"759 270";"B01";"2";"7";"0";"2";"1";"1";"1";""
"202200030673";"759 271";"A01";"1";"7";"0";"2";"4";"15";"1";""
"202200030674";"759 269";"A01";"1";"50";"0";"0";"0";"1";"3";""
"202200030675";"759 267";"A01";"3";"7";"0";"0";"0";"2";"1";""
"202200030676";"759 265";"A01";"2";"7";"0";"2";"3";"1";"1";""
"202200030676";"759 266";"B01";"1";"10";"0";"2";"3";"1";"1";""
"202200030677";"759 262";"A01";"1";"7";"0";"2";"1";"1";"1";""
"202200030677";"759 263";"B01";"2";"7";"0";"2";"1";"1";"1";""
"202200030678";"759 264";"A01";"3";"37";"0";"2";"5";"7";"3";"1"
"202200030679";"759 261";"A01";"1";"7";"9";"0";"1";"1";"1";""
"202200030680";"759 259";"A01";"1";"33";"0";"0";"0";"1";"1";""
"202200030681";"759 260";"A01";"2";"10";"0";"1";"1";"15";"1";""
"202200030682";"759 258";"A01";"1";"7";"2";"0";"1";"1";"1";""
"202200030683";"759 257";"A01";"1";"7";"7";"0";"1";"1";"1";""
"202200030684";"759 255";"B01";"1";"50";"0";"2";"0";"0";"3";""
"202200030684";"759 256";"A01";"1";"7";"0";"2";"6";"14";"1";""
"202200030685";"759 253";"A01";"2";"7";"0";"2";"1";"1";"1";""
"202200030685";"759 254";"B01";"1";"7";"0";"2";"7";"19";"1";""
"202200030686";"759 252";"A01";"1";"10";"7";"0";"2";"13";"1";""
"202200030687";"759 251";"A01";"1";"33";"0";"0";"0";"1";"1";""
"202200030688";"759 248";"B01";"1";"7";"0";"2";"3";"1";"1";""
"202200030688";"759 249";"A01";"2";"7";"0";"2";"3";"1";"1";""
"202200030689";"759 246";"A01";"1";"7";"0";"0";"0";"1";"1";""
"202200030690";"759 245";"B01";"1";"10";"0";"2";"4";"2";"1";""
"202200030690";"759 247";"C01";"1";"7";"0";"2";"3";"2";"1";""
"202200030690";"759 250";"A01";"1";"7";"0";"2";"1";"2";"1";""
"202200030691";"759 243";"B01";"2";"7";"0";"2";"1";"1";"1";""
"202200030691";"759 244";"A01";"1";"7";"15";"2";"1";"5";"1";""
"202200030692";"759 237";"C01";"2";"7";"0";"2";"4";"2";"1";""
"202200030692";"759 238";"B01";"2";"7";"0";"2";"4";"2";"1";""
"202200030692";"759 241";"A01";"2";"10";"0";"2";"1";"1";"1";""
"202200030693";"759 235";"B01";"0";"7";"0";"2";"1";"1";"1";""
"202200030693";"759 236";"A01";"0";"7";"0";"2";"1";"15";"0";""
"202200030694";"759 233";"A01";"2";"7";"0";"2";"2";"15";"1";""
"202200030694";"759 234";"B01";"1";"7";"0";"2";"3";"1";"1";""
"202200030695";"759 231";"A01";"0";"7";"0";"2";"2";"0";"1";""
"202200030695";"759 232";"B01";"0";"32";"0";"2";"0";"0";"1";""
"202200030696";"759 229";"A01";"3";"10";"0";"2";"3";"9";"1";""
"202200030696";"759 230";"B01";"0";"50";"0";"2";"2";"2";"3";""
"202200030697";"759 227";"A01";"1";"7";"0";"2";"6";"1";"0";""
"202200030697";"759 228";"B01";"1";"7";"0";"2";"2";"1";"0";""
"202200030698";"759 226";"A01";"1";"7";"0";"1";"2";"1";"1";""
"202200030699";"759 224";"Z01";"1";"7";"0";"2";"2";"19";"0";""
"202200030699";"759 225";"A01";"1";"1";"0";"2";"2";"1";"5";""
"202200030700";"759 223";"A01";"1";"50";"0";"1";"1";"19";"3";""
"202200030701";"759 222";"B01";"1";"1";"0";"1";"1";"0";"5";""
"202200030702";"759 221";"A01";"2";"36";"15";"0";"0";"1";"1";""
"202200030703";"759 219";"B01";"1";"7";"0";"2";"3";"1";"1";""
"202200030703";"759 220";"A01";"2";"7";"0";"2";"1";"13";"1";""
"202200030704";"759 218";"A01";"3";"7";"13";"0";"2";"1";"1";""
"202200030705";"759 217";"A01";"3";"7";"2";"0";"0";"1";"1";""
"202200030706";"759 215";"B01";"1";"33";"0";"0";"4";"1";"1";""
"202200030706";"759 216";"A01";"1";"7";"0";"2";"1";"1";"1";""
"202200030707";"759 213";"B01";"2";"7";"0";"2";"3";"1";"1";""
"202200030707";"759 214";"A01";"1";"32";"0";"2";"1";"6";"1";""
"202200030708";"759 211";"A01";"2";"7";"0";"2";"2";"1";"1";""
"202200030708";"759 212";"B01";"1";"7";"0";"2";"3";"9";"1";""
"202200030709";"759 209";"B01";"3";"7";"0";"2";"3";"1";"1";""
"202200030709";"759 210";"A01";"3";"2";"15";"2";"3";"13";"1";""
"202200030710";"759 207";"B01";"1";"7";"0";"0";"4";"2";"1";""
"202200030710";"759 208";"A01";"1";"31";"0";"2";"1";"2";"1";""
"202200030711";"759 205";"A01";"1";"2";"0";"2";"8";"19";"1";""
"202200030711";"759 206";"B01";"1";"7";"0";"2";"3";"1";"1";""
"202200030712";"759 204";"A01";"2";"7";"0";"1";"1";"1";"1";""
"202200030713";"759 202";"B01";"2";"7";"0";"2";"1";"1";"1";""
"202200030713";"759 203";"A01";"1";"7";"0";"2";"1";"15";"1";""
"202200030714";"759 201";"A01";"3";"7";"6";"0";"1";"13";"1";""
"202200030715";"759 200";"A01";"2";"7";"0";"1";"1";"1";"0";""
"202200030716";"759 198";"A01";"1";"7";"0";"0";"7";"1";"1";""
"202200030716";"759 199";"B01";"1";"7";"0";"2";"1";"1";"1";""
"202200030717";"759 195";"A01";"2";"7";"0";"2";"7";"16";"1";""
"202200030717";"759 196";"B01";"2";"1";"0";"2";"8";"1";"5";""
"202200030718";"759 194";"A01";"1";"7";"2";"0";"1";"1";"0";""
"202200030719";"759 193";"A01";"2";"7";"0";"1";"0";"1";"1";""
"202200030720";"759 191";"B01";"1";"10";"0";"0";"2";"9";"0";""
"202200030720";"759 192";"A01";"1";"7";"0";"0";"6";"15";"1";""
"202200030721";"759 189";"B01";"2";"13";"0";"2";"2";"11";"1";""
"202200030721";"759 190";"A01";"2";"10";"8";"2";"3";"11";"1";""
"202200030722";"759 188";"A01";"1";"7";"0";"0";"9";"1";"1";""
"202200030723";"759 187";"A01";"2";"7";"0";"1";"3";"1";"1";""
"202200030724";"759 185";"A01";"1";"7";"0";"2";"2";"15";"1";""
"202200030724";"759 186";"B01";"2";"7";"0";"2";"1";"1";"1";""
"202200030725";"759 183";"B01";"1";"32";"0";"2";"1";"1";"1";""
"202200030725";"759 184";"A01";"2";"7";"0";"2";"3";"13";"1";""
"202200030726";"759 182";"A01";"0";"7";"0";"1";"1";"0";"1";""
"202200030727";"759 181";"A01";"1";"7";"7";"0";"1";"1";"1";""
"202200030728";"759 179";"A01";"2";"7";"0";"2";"1";"13";"1";""
"202200030728";"759 180";"B01";"1";"7";"0";"2";"1";"1";"1";""
"202200030729";"759 177";"A01";"3";"7";"0";"2";"1";"1";"1";""
"202200030729";"759 178";"B01";"0";"7";"0";"2";"1";"1";"1";""
"202200030730";"759 176";"A01";"1";"7";"0";"1";"1";"1";"1";""
"202200030731";"759 175";"A01";"1";"10";"7";"0";"1";"0";"1";""
"202200030732";"759 174";"A01";"1";"7";"3";"0";"8";"1";"1";""
"202200030733";"759 172";"A01";"1";"7";"0";"2";"3";"0";"1";""
"202200030733";"759 173";"B01";"2";"2";"0";"2";"1";"1";"1";""
"202200030734";"759 171";"A01";"2";"7";"0";"1";"2";"14";"1";""
"202200030735";"759 170";"A01";"1";"10";"0";"0";"1";"1";"1";""
"202200030736";"759 169";"A01";"3";"33";"8";"0";"1";"1";"1";""
"202200030737";"759 167";"A01";"1";"7";"0";"2";"1";"1";"1";""
"202200030737";"759 168";"B01";"2";"10";"0";"2";"1";"1";"1";""
"202200030738";"759 164";"A01";"3";"31";"6";"0";"1";"1";"1";""
"202200030739";"759 163";"A01";"1";"7";"2";"0";"1";"6";"1";""
"202200030740";"759 162";"A01";"1";"7";"0";"0";"9";"0";"1";""
"202200030741";"759 161";"A01";"2";"7";"13";"0";"1";"16";"1";""
"202200030742";"759 160";"A01";"2";"7";"9";"0";"1";"1";"1";""
"202200030743";"759 158";"A01";"1";"1";"0";"2";"4";"2";"5";""
"202200030743";"759 159";"B01";"1";"7";"0";"9";"2";"2";"1";""
"202200030744";"759 155";"A01";"1";"7";"0";"2";"3";"13";"1";""
"202200030744";"759 156";"B01";"2";"33";"0";"2";"1";"1";"1";""
"202200030744";"759 157";"C01";"2";"33";"12";"0";"7";"21";"1";""
"202200030745";"759 154";"A01";"1";"7";"8";"0";"0";"0";"1";""
"202200030746";"759 153";"A01";"2";"33";"3";"0";"7";"1";"1";""
"202200030747";"759 152";"A01";"3";"33";"12";"0";"7";"1";"1";""
"202200030748";"759 150";"A01";"0";"10";"0";"2";"3";"1";"1";""
"202200030748";"759 151";"B01";"2";"1";"0";"2";"1";"23";"5";""
"202200030749";"759 146";"A01";"1";"7";"0";"2";"4";"1";"1";""
"202200030749";"759 147";"B01";"1";"7";"0";"2";"1";"1";"1";""
"202200030749";"759 148";"C01";" -1";"7";" -1";" -1";" -1";" -1";" -1";""
"202200030749";"759 149";"D01";" -1";"7";" -1";" -1";" -1";" -1";" -1";""
"202200030750";"759 144";"A01";"1";"16";"0";"2";"7";"12";"1";""
"202200030750";"759 145";"B01";"1";"7";"4";"2";"8";"1";"1";""
"202200030751";"759 143";"A01";"2";"7";"4";"0";"1";"21";"1";""
"202200030752";"759 141";"A01";"2";"7";"0";"2";"1";"11";"1";""
"202200030752";"759 142";"B01";"2";"7";"0";"2";"4";"1";"1";""
"202200030753";"759 140";"A01";"2";"7";"5";"0";"1";"12";"1";""
"202200030754";"759 138";"A01";"2";"34";"0";"2";"1";"3";"0";""
"202200030754";"759 139";"B01";"2";"7";"0";"2";"2";"12";"2";""
"202200030755";"759 134";"A01";"1";"7";"0";"2";"3";"3";"1";""
"202200030755";"759 135";"B01";"1";"15";"0";"2";"1";"1";"1";""
"202200030755";"759 136";"C01";"1";"7";"0";"2";"2";"1";"1";""
"202200030755";"759 137";"D01";"1";"7";"0";"2";"7";"1";"1";""
"202200030756";"759 132";"B01";"2";"15";"0";"2";"2";"1";"1";""
"202200030756";"759 133";"A01";"2";"33";"0";"2";"6";"3";"1";""
"202200030757";"759 130";"B01";"2";"7";"0";"2";"4";"2";"1";""
"202200030757";"759 131";"A01";"2";"33";"0";"2";"1";"1";"1";""
"202200030758";"759 129";"A01";"1";"1";"0";"1";"1";"25";"5";""
"202200030759";"759 128";"A01";"2";"30";"0";"1";"1";"26";"1";""
"202200030760";"759 126";"A01";"1";"7";"1";"0";"2";"2";"1";""
"202200030760";"759 127";"B01";"3";"7";"0";"2";"6";"24";"1";""
"202200030761";"759 125";"A01";"1";"7";"0";"1";"2";"1";"1";""
"202200030762";"759 124";"A01";"3";"7";"0";"1";"1";"9";"1";""
"202200030763";"759 122";"A01";"2";"30";"0";"2";"1";"2";"0";""
"202200030763";"759 123";"B01";"2";"7";"0";"2";"6";"2";"0";""
"202200030764";"759 120";"A01";"2";"99";"0";"2";"1";"15";"3";""
"202200030764";"759 121";"B01";"1";"30";"0";"2";"8";"1";"1";""
"202200030765";"759 118";"B01";"2";"7";"0";"2";"8";"1";"1";""
"202200030765";"759 119";"A01";"2";"7";"0";"2";"1";"1";"1";""
"202200030766";"759 116";"B01";"2";"1";"0";"2";"7";"1";"0";""
"202200030766";"759 117";"A01";"1";"7";"0";"9";"3";"9";"2";""
"202200030767";"759 113";"C01";"2";"7";"0";"2";"1";"1";"1";""
"202200030767";"759 114";"B01";"2";"7";"0";"2";"3";"1";"1";""
"202200030767";"759 115";"A01";"1";"7";"0";"2";"3";"1";"1";""
"202200030768";"759 111";"A01";"1";"7";"0";"2";"9";"2";"1";""
"202200030768";"759 112";"B01";"1";"7";"0";"2";"9";"10";"1";""
"202200030769";"759 110";"A01";"1";"7";"0";"1";"1";"1";"1";""
"202200030770";"759 108";"A01";"1";"10";"0";"2";"5";"26";"1";""
"202200030770";"759 109";"B01";"2";"7";"0";"2";"1";"9";"1";""
"202200030771";"759 106";"B01";"2";"7";"0";"2";"2";"1";"1";""
"202200030771";"759 107";"A01";"3";"7";"0";"2";"3";"16";"1";""
"202200030772";"759 105";"A01";"1";"7";"0";"1";"2";"1";"1";""
"202200030773";"759 103";"A01";"1";"2";"0";"2";"1";"2";"1";""
"202200030773";"759 104";"B01";"1";"7";"0";"2";"4";"2";"1";""
"202200030774";"759 099";"B01";"2";"1";"0";"2";"4";"1";"5";""
"202200030774";"759 100";"A01";"2";"37";"0";"2";"5";"1";"1";"1"
"202200030775";"759 097";"A01";"3";"33";"0";"2";"1";"2";"1";""
"202200030775";"759 098";"B01";"3";"2";"0";"2";"4";"2";"1";""
"202200030776";"759 096";"A01";"3";"7";"0";"0";"2";"14";"1";""
"202200030777";"759 094";"A01";"1";"10";"0";"2";"1";"1";"1";""
"202200030777";"759 095";"B01";"3";"50";"0";"2";"7";"1";"3";""
"202200030778";"759 092";"A01";"1";"7";"0";"2";"1";"1";"1";""
"202200030778";"759 093";"B01";"1";"1";"0";"2";"1";"1";"5";""
"202200030779";"759 089";"A01";"2";"7";"0";"2";"3";"2";"2";""
"202200030779";"759 090";"B01";"2";"7";"0";"2";"5";"23";"1";""
"202200030779";"759 091";"C01";"2";"7";"0";"2";"5";"23";"1";""
"202200030780";"759 087";"A01";"3";"7";"0";"2";"3";"9";"1";""
"202200030780";"759 088";"B01";" -1";"2";"0";"2";"9";"13";"1";""
"202200030781";"759 086";"A01";"2";"7";"0";"1";"2";"1";"1";""
"202200030782";"759 083";"A01";"1";"7";"0";"2";"1";"2";"1";""
"202200030782";"759 084";"B01";"1";"7";"0";"2";"4";"2";"1";""
"202200030782";"759 085";"C01";"1";"7";"0";"2";"4";"2";"1";""
"202200030783";"759 082";"A01";"2";"7";"0";"1";"2";"1";"2";""
"202200030784";"759 080";"B01";"2";"7";"0";"2";"4";"1";"1";""
"202200030784";"759 081";"A01";"2";"7";"0";"2";"1";"1";"1";""
"202200030785";"759 078";"A01";"2";"7";"0";"2";"3";"26";"1";""
"202200030785";"759 079";"B01";"2";"2";"0";"2";"7";"17";"1";""
"202200030786";"759 077";"A01";"2";"30";"0";"2";"8";"1";"1";""
"202200030787";"759 075";"A01";"1";"7";"0";"2";"1";"15";"1";""
"202200030787";"759 076";"B01";"2";"1";"0";"2";"1";"1";"5";""
"202200030788";"759 072";"A01";"1";"7";"0";"2";"1";"13";"1";""
"202200030788";"759 073";"B01";"2";"7";"0";"2";"1";"1";"1";""
"202200030788";"759 074";"C01";"2";"7";"0";"2";"1";"1";"1";""
"202200030789";"759 071";"A01";"1";"30";"0";"1";"1";"26";"1";""
"202200030790";"759 069";"A01";"3";"39";"0";"9";"0";"2";"3";""
"202200030790";"759 070";"B01";"3";"1";"0";"4";"0";"0";"5";""
"202200030791";"759 067";"A01";"1";"33";"0";"2";"1";"21";"1";""
"202200030791";"759 068";"B01";"1";"7";"0";"0";"5";"1";"1";""
"202200030792";"759 066";"A01";"1";"7";"0";"1";"3";"1";"1";""
"202200030793";"759 065";"Z01";"1";"7";"0";"1";"1";"0";"1";""
"202200030794";"759 063";"A01";"3";"7";"0";"2";"3";"9";"1";""
"202200030794";"759 064";"B01";"3";"33";"0";"2";"1";"1";"1";""
"202200030795";"759 062";"A01";"3";"7";"0";"1";"3";"1";"1";""
"202200030796";"759 061";"A01";"2";"33";"16";"0";"8";"1";"1";""
"202200030797";"759 059";"B01";"1";"50";"0";"2";"7";"1";"3";""
"202200030797";"759 060";"A01";"1";"7";"0";"9";"1";"9";"1";""
"202200030798";"759 058";"A01";"1";"1";"0";" -1";"0";"2";"5";""
"202200030799";"759 056";"A01";"3";"7";"12";"2";"1";"19";"1";""
"202200030799";"759 057";"B01";"2";"7";"0";"2";"7";"1";"1";""
"202200030800";"759 055";"A01";"1";"7";"0";"1";"4";"26";"1";""
"202200030801";"759 053";"B01";"2";"1";"0";"2";"7";"1";"5";""
"202200030801";"759 054";"A01";"2";"7";"0";"9";"3";"20";"1";""
"202200030802";"759 051";"A01";"2";"7";"0";"2";"3";"9";"1";""
"202200030802";"759 052";"B01";"1";"50";"0";"2";"7";"1";"3";""
"202200030803";"759 049";"B01";"1";"7";"0";"2";"6";"1";"1";""
"202200030803";"759 050";"A01";"1";"17";"0";"2";"2";"1";"1";""
"202200030804";"759 048";"A01";"2";"7";"0";"1";"1";"16";"1";""
"202200030805";"759 047";"A01";"2";"7";"0";"1";"1";"19";"1";""
"202200030806";"759 045";"A01";"2";"33";"0";"2";"1";"1";"1";""
"202200030806";"759 046";"B01";"2";"7";"0";"2";"4";"23";"1";""
"202200030807";"759 043";"B01";"2";"7";"0";"2";"8";"9";"1";""
"202200030807";"759 044";"A01";"2";"30";"0";"2";"1";"9";"1";""
"202200030808";"759 040";"A01";"0";"7";"0";"2";"1";"0";"1";""
"202200030808";"759 041";"B01";"0";"7";"0";"2";"4";"2";"1";""
"202200030808";"759 042";"C01";"0";"10";"0";"2";"4";"2";"1";""
"202200030809";"759 036";"Z01";"1";"7";"0";"2";"1";"11";"0";""
"202200030809";"759 037";"A01";"1";"7";"0";"2";"6";"1";"2";""
"202200030810";"759 035";"C01";"3";"7";"0";"2";"4";"23";"1";""
"202200030810";"759 038";"B01";"3";"7";"0";"2";"4";"23";"1";""
"202200030810";"759 039";"A01";"3";"7";"0";"2";"1";"26";"1";""
"202200030811";"759 031";"C01";"2";"10";"0";"2";"4";"1";"1";""
"202200030811";"759 033";"B01";"2";"31";"0";"2";"8";"3";"1";""
"202200030811";"759 034";"A01";"2";"7";"0";"2";"2";"12";"1";""
"202200030812";"759 030";"A01";"1";"7";"0";"2";"1";"1";"1";""
"202200030812";"759 032";"B01";"2";"7";"0";"2";"7";"1";"1";""
"202200030813";"759 027";"A01";"1";"7";"0";"2";"1";"2";"1";""
"202200030813";"759 029";"B01";"1";"10";"0";"2";"4";"2";"1";""
"202200030814";"759 026";"B01";"1";"7";"13";"2";"8";"2";"1";""
"202200030814";"759 028";"A01";"1";"7";"0";"2";"2";"19";"1";""
"202200030815";"759 025";"A01";"1";"33";"4";"0";"1";"12";"3";""
"202200030816";"759 024";"[01";"0";"30";" -1";"1";" -1";"0";" -1";""
"202200030817";"759 022";"B01";"3";"1";"0";"2";"8";"13";"5";""
"202200030817";"759 023";"A01";"3";"1";"0";"2";"1";"1";"5";""
"202200030818";"759 020";"A01";"2";"7";"0";"2";"1";"9";"0";""
"202200030818";"759 021";"B01";"2";"7";"0";"2";"7";"2";"0";""
"202200030819";"759 018";"B01";"1";"50";"0";"2";"8";"1";"3";""
"202200030819";"759 019";"A01";"1";"7";"0";"2";"2";"14";"1";""
"202200030820";"759 013";"C01";"2";"7";"0";"2";"4";"23";"2";""
"202200030820";"759 014";"B01";"2";"7";"0";"2";"4";"23";"1";""
"202200030820";"759 016";"A01";"2";"7";"0";"2";"1";"1";"1";""
"202200030821";"759 009";"B01";"1";"50";"0";"2";"1";"1";"3";""
"202200030821";"759 011";"A01";"2";"1";"0";"2";"3";"1";"5";""