"Num_Acc";"id_vehicule";"num_veh";"senc";"catv";"obs";"obsm";"choc";"manv";"motor";"occutc"
"202200030822";"759 008";"A01";"1";"2";"0";"0";"7";"15";"3";""
"202200030823";"759 006";"B01";"1";"60";"0";"2";"0";"0";"5";""
"202200030823";"759 007";"A01";"1";"7";"0";"2";"0";"10";"1";""
"202200030824";"759 004";"A01";"2";"7";"0";"1";"1";"15";"1";""
"202200030825";"759 003";"B01";"2";"31";"0";"2";"0";"0";"1";""
"202200030825";"759 005";"A01";"2";"7";"0";"2";"1";"0";"1";""
"202200030826";"759 001";"A01";"2";"7";"0";"1";"3";"2";"1";""
"202200030827";"759 000";"B01";"3";"3";"0";"2";"7";"1";"1";""
"202200030827";"759 002";"A01";"3";"7";"0";"2";"1";"15";"1";""
"202200030828";"758 999";"A01";"2";"7";"0";"1";"3";"15";"1";""
"202200030829";"758 998";"A01";"1";"43";"0";"1";"1";"1";"1";""
"202200030830";"758 996";"A01";"1";"7";"0";"2";"1";"1";"1";""
"202200030830";"758 997";"B01";"1";"7";"0";"2";"4";"1";"1";""
"202200030831";"758 994";"A01";"2";"7";"8";"0";"1";"2";"1";""
"202200030832";"758 993";"A01";"1";"1";"0";"2";"1";"5";"5";""
"202200030832";"758 995";"B01";"2";"7";"0";"2";"3";"1";"1";""
"202200030833";"758 991";"A01";"0";"7";"0";"2";"6";"15";"1";""
"202200030833";"758 992";"B01";"0";"34";"0";"2";"1";"2";"1";""
"202200030834";"758 989";"A01";"1";"7";"0";"2";"1";"15";"1";""
"202200030834";"758 990";"B01";"1";"30";"0";"2";"1";"1";"1";""
"202200030835";"758 987";"A01";"2";"32";"0";"2";"1";"1";"1";""
"202200030835";"758 988";"B01";"1";"7";"0";"2";"2";"1";"1";""
"202200030836";"758 984";"B01";"3";"2";"0";"2";"8";"1";"1";""
"202200030836";"758 986";"A01";"3";"7";"0";"2";"7";"14";"1";""
"202200030837";"758 983";"B01";"1";"7";"0";"0";"2";"1";"1";""
"202200030837";"758 985";"A01";"3";"1";"0";"2";"2";"5";"5";""
"202200030838";"758 979";"A01";"2";"7";"0";"2";"2";"20";"1";""
"202200030838";"758 981";"B01";"2";"10";"0";"2";"3";"1";"1";""
"202200030839";"758 978";"C01";"2";"10";"0";"2";"5";"15";"1";""
"202200030839";"758 980";"B01";"2";"7";"0";"2";"3";"21";"1";""
"202200030839";"758 982";"A01";"2";"7";"0";"2";"1";"2";"1";""
"202200030840";"758 976";"B01";"3";"7";"0";"2";"5";"23";"2";""
"202200030840";"758 977";"A01";"3";"32";"0";"2";"1";"1";"1";""
"202200030841";"758 975";"A01";"2";"32";"4";"0";"7";"14";"1";""
"202200030842";"758 970";"D01";"2";"7";"0";"2";"4";"0";"1";""
"202200030842";"758 971";"C01";"2";"7";"0";"2";"4";"0";"1";""
"202200030842";"758 973";"B01";"2";"10";"0";"2";"4";"0";"0";""
"202200030842";"758 974";"A01";"2";"10";"0";"2";"1";"0";"1";""
"202200030843";"758 969";"A01";"1";"33";"0";"2";"1";"2";"1";""
"202200030843";"758 972";"B01";"1";"10";"0";"2";"5";"2";"1";""
"202200030844";"758 968";"A01";"1";"10";"0";"1";"1";"1";"2";""
"202200030845";"758 967";"A01";"1";"34";"0";"1";"1";"1";"1";""
"202200030846";"758 965";"B01";"3";"32";"0";"2";"3";"0";"1";""
"202200030846";"758 966";"A01";"0";"7";"0";"2";"1";"15";"1";""
"202200030847";"758 962";"A01";"0";"50";"0";"2";"1";"5";"3";""
"202200030847";"758 964";"B01";"3";"33";"0";"2";"1";"9";"1";""
"202200030848";"758 961";"B01";"2";"7";"0";"2";"6";"23";"1";""
"202200030848";"758 963";"A01";"2";"37";"0";"2";"1";"2";"3";"1"
"202200030849";"758 959";"B01";"1";"33";"0";"2";"3";"1";"1";""
"202200030849";"758 960";"A01";"0";"7";"0";"2";"2";"19";"1";""
"202200030850";"758 957";"Z01";"1";"7";"0";"2";"0";"15";"0";""
"202200030850";"758 958";"B01";"1";"1";"8";"2";"8";"1";"5";""
"202200030851";"758 955";"A01";"2";"7";"0";"2";"2";"13";"1";""
"202200030851";"758 956";"B01";"1";"7";"0";"2";"1";"1";"1";""
"202200030852";"758 953";"A01";"1";"43";"0";"2";"2";"1";"1";""
"202200030852";"758 954";"Z01";"1";"14";"0";"2";"6";"16";"1";""
"202200030853";"758 952";"A01";"1";"7";"2";"0";"8";"1";"1";""
"202200030854";"758 951";"A01";"1";"7";"13";"0";"4";"1";"1";""
"202200030855";"758 949";"B01";"1";"32";"0";"2";"2";"1";"1";""
"202200030855";"758 950";"A01";"2";"10";"0";"2";"2";"15";"1";""
"202200030856";"758 947";"A01";"3";"30";"0";"0";"0";"1";"1";""
"202200030857";"758 943";"A01";"2";"7";"0";"0";"4";"2";"1";""
"202200030857";"758 945";"B01";"2";"7";"0";"2";"1";"2";"2";""
"202200030857";"758 946";"C01";"2";"7";"0";"2";"1";"2";"1";""
"202200030858";"758 944";"A01";"0";"50";"0";"1";"1";"25";"3";""
"202200030859";"758 940";"A01";"2";"37";"0";"1";"2";"1";"3";"1"
"202200030860";"758 941";"B01";"2";"43";"0";"2";"2";"1";"1";""
"202200030860";"758 942";"A01";"1";"7";"0";"2";"7";"15";"2";""
"202200030861";"758 936";"A01";"1";"43";"0";"2";"7";"17";"1";""
"202200030861";"758 938";"B01";"1";"7";"0";"2";"3";"1";"1";""
"202200030862";"758 937";"A01";"2";"32";"0";"2";"1";"2";"1";""
"202200030862";"758 939";"B01";"2";"2";"0";"2";"8";"15";"1";""
"202200030863";"758 935";"A01";"1";"33";"0";"6";"1";"21";"1";""
"202200030864";"758 931";"B01";"2";"2";"0";"9";"1";"17";"1";""
"202200030864";"758 933";"A01";"2";"80";"0";"0";"8";"15";"3";""
"202200030865";"758 930";"B01";"3";"2";"9";"0";"1";"1";"1";""
"202200030865";"758 932";"A01";"3";"7";"0";"2";"1";"1";"1";""
"202200030866";"758 928";"A01";"2";"10";"0";"2";"8";"1";"1";""
"202200030866";"758 929";"B01";"2";"37";"0";"2";"1";"1";"1";"1"
"202200030867";"758 926";"A01";"1";"7";"0";"2";"3";"1";"1";""
"202200030867";"758 927";"B01";"2";"7";"0";"2";"7";"15";"1";""
"202200030868";"758 924";"B01";"2";"7";"0";"2";"3";"1";"1";""
"202200030868";"758 925";"A01";"1";"7";"0";"2";"2";"13";"1";""
"202200030869";"758 923";"A01";"1";"10";"2";"0";"1";"1";"1";""
"202200030870";"758 921";"B01";"2";"7";"0";"2";"2";"9";"1";""
"202200030870";"758 922";"A01";"1";"33";"0";"2";"5";"1";"1";""
"202200030871";"758 920";"A01";"1";"10";"0";"1";"2";"1";"1";""
"202200030872";"758 917";"A01";"1";"7";"0";"2";"1";"2";"2";""
"202200030872";"758 918";"B01";"1";"7";"0";"2";"3";"12";"1";""
"202200030873";"758 916";"B01";"1";"7";"0";"2";"2";"1";"1";""
"202200030873";"758 919";"A01";"2";"7";"0";"2";"2";"15";"1";""
"202200030874";"758 913";"B01";"2";"7";"0";"2";"1";"1";"1";""
"202200030874";"758 914";"A01";"1";"7";"0";"2";"1";"13";"1";""
"202200030875";"758 912";"B01";"1";"7";"0";"2";"2";"0";"1";""
"202200030875";"758 915";"A01";"1";"7";"0";"2";"1";"0";"1";""
"202200030876";"758 909";"A01";"2";"31";"0";"2";"1";"17";"1";""
"202200030876";"758 911";"B01";"3";"7";"0";"2";"3";"15";"1";""
"202200030877";"758 908";"B01";"3";"7";"1";"0";"2";"1";"2";""
"202200030877";"758 910";"A01";"3";"7";"1";"0";"4";"4";"1";""
"202200030878";"758 905";"A01";"1";"7";"0";"2";"3";"1";"1";""
"202200030878";"758 907";"B01";"2";"7";"0";"2";"3";"1";"1";""
"202200030879";"758 906";"A01";"2";"7";"0";"1";"2";"0";"0";""
"202200030880";"758 902";"A01";"1";"7";"0";"2";"8";"1";"1";""
"202200030880";"758 904";"B01";"2";"7";"0";"2";"1";"1";"1";""
"202200030881";"758 903";"A01";"2";"10";"0";"1";"1";"16";"1";""
"202200030882";"758 899";"B01";"3";"7";"0";"0";"4";"26";"1";""
"202200030882";"758 901";"A01";"1";"7";"0";"2";"1";"1";"1";""
"202200030883";"758 898";"A01";"2";"7";"0";"9";"4";"10";"1";""
"202200030883";"758 900";"B01";"2";"50";"0";"2";"1";"1";"3";""
"202200030884";"758 895";"B01";"0";"7";"0";"0";"0";"9";"1";""
"202200030884";"758 896";"A01";"0";"33";"0";"2";"0";"1";"1";""
"202200030885";"758 894";"A01";"3";"33";"13";"0";"1";"1";"1";""
"202200030886";"758 893";"A01";"1";"7";"0";"0";"8";"21";"1";""
"202200030887";"758 891";"B01";"2";"33";"0";"2";"1";"1";"1";""
"202200030887";"758 892";"A01";"1";"7";"0";"2";"7";"15";"1";""
"202200030888";"758 890";"A01";"1";"7";"13";"0";"0";"1";"1";""
"202200030889";"758 888";"A01";"3";"31";"0";"0";"0";"0";"1";""
"202200030890";"758 887";"A01";"1";"7";"0";"2";"3";"26";"0";""
"202200030890";"758 889";"B01";"1";"7";"0";"2";"3";"0";"0";""
"202200030891";"758 886";"A01";"1";"7";"2";"0";"1";"21";"1";""
"202200030892";"758 885";"A01";"1";"7";"0";"1";"4";"20";"1";""
"202200030893";"758 882";"B01";"3";"7";"0";"2";"1";"1";"1";""
"202200030893";"758 884";"A01";"3";"1";"0";"2";"8";"0";"5";""
"202200030894";"758 881";"A01";"1";"7";"0";"2";"1";"1";"1";""
"202200030894";"758 883";"B01";"1";"7";"0";"2";"7";"1";"1";""
"202200030895";"758 879";"B01";"0";"33";"0";"2";"8";"16";"1";""
"202200030895";"758 880";"A01";"0";"10";"0";"2";"8";"17";"1";""
"202200030896";"758 878";"A01";"0";"33";"0";"0";"0";"1";"1";""
"202200030897";"758 876";"A01";"1";"7";"0";"1";"1";"20";"1";""
"202200030898";"758 875";"A01";"3";"1";"0";"2";"1";"15";"5";""
"202200030898";"758 877";"B01";"2";"7";"0";"0";"6";"1";"1";""
"202200030899";"758 872";"B01";"2";"99";"9";"2";"1";"1";"6";""
"202200030899";"758 874";"A01";"1";"31";"9";"9";"1";"1";"1";""
"202200030900";"758 871";"B01";"0";"7";"0";"2";"1";"1";"1";""
"202200030900";"758 873";"A01";"1";"7";"0";"2";"8";"1";"1";""
"202200030901";"758 868";"A01";"1";"7";"0";"2";"3";"19";"1";""
"202200030901";"758 870";"B01";"2";"33";"0";"2";"1";"1";"1";""
"202200030902";"758 867";"A01";"1";"10";"0";"2";"3";"9";"1";""
"202200030902";"758 869";"B01";"2";"2";"0";"2";"7";"1";"1";""
"202200030903";"758 864";"B01";"3";"7";"0";"2";"2";"15";"1";""
"202200030903";"758 865";"A01";"0";"33";"0";"2";"1";"1";"1";""
"202200030904";"758 863";"A01";"1";"2";"0";"2";"1";"5";"1";""
"202200030904";"758 866";"B01";"0";"7";"0";"2";"2";"1";"1";""
"202200030905";"758 861";"A01";"1";"10";"0";"2";"3";"26";"1";""
"202200030905";"758 862";"B01";"2";"33";"0";"2";"0";"14";"1";""
"202200030906";"758 860";"A01";"3";"33";"0";"0";"1";"0";"1";""
"202200030907";"758 858";"A01";"2";"7";"6";"0";"1";"1";"1";""
"202200030908";"758 857";"A01";"3";"2";"0";"2";"1";"13";"1";""
"202200030908";"758 859";"B01";"3";"7";"0";"2";"3";"1";"1";""
"202200030909";"758 855";"A01";"3";"7";"0";"1";"1";"1";"1";""
"202200030910";"758 854";"B01";"0";"7";"0";"2";"3";"19";"1";""
"202200030910";"758 856";"A01";"3";"10";"0";"2";"6";"0";"1";""
"202200030911";"758 852";"A01";"2";"7";"0";"0";"4";"15";"1";""
"202200030911";"758 853";"B01";"2";"10";"0";"2";"1";"2";"1";""
"202200030912";"758 850";"A01";"1";"7";"0";"0";"9";"1";"1";""
"202200030913";"758 849";"A01";"2";"7";"0";"2";"1";"1";"1";""
"202200030913";"758 851";"B01";"1";"14";"0";"2";"2";"9";"1";""
"202200030914";"758 848";"A01";"0";"2";"0";"0";"0";"1";"1";""
"202200030915";"758 846";"A01";"2";"7";"0";"2";"6";"15";"0";""
"202200030915";"758 847";"B01";"1";"2";"7";"2";"2";"21";"1";""
"202200030916";"758 844";"A01";"0";"7";"0";"2";"3";"11";"1";""
"202200030916";"758 845";"B01";"3";"33";"0";"2";"1";"1";"1";""
"202200030917";"758 843";"A01";"1";"33";"3";"0";"7";"14";"1";""
"202200030918";"758 841";"B01";"2";"17";"0";"2";"6";"1";"1";""
"202200030918";"758 842";"A01";"2";"10";"3";"2";"9";"1";"1";""
"202200030919";"758 839";"B01";"1";"15";"0";"2";"3";"0";"1";""
"202200030919";"758 840";"A01";"2";"7";"0";"2";"1";"13";"1";""
"202200030920";"758 838";"A01";"2";"7";"13";"0";"9";"1";"1";""
"202200030921";"758 837";"A01";"2";"7";"4";"0";"3";"26";"1";""
"202200030922";"758 836";"A01";"1";"7";"0";"1";"2";"15";"1";""
"202200030923";"758 835";"A01";"2";"7";"17";"0";"1";"14";"1";""
"202200030924";"758 834";"A01";"2";"7";"13";"0";"2";"1";"1";""
"202200030925";"758 832";"A01";"2";"7";"0";"0";"4";"23";"1";""
"202200030925";"758 833";"B01";"2";"10";"0";"2";"1";"2";"1";""
"202200030926";"758 831";"A01";"1";"33";"6";"0";"1";"1";"1";""
"202200030927";"758 829";"A01";"2";"7";"13";"0";"1";"1";"1";""
"202200030928";"758 827";"A01";"2";"7";"5";"2";"1";"2";"1";""
"202200030928";"758 828";"B01";"2";"7";"0";"0";"4";"2";"1";""
"202200030928";"758 830";"C01";"2";"10";"0";"2";"2";"2";"1";""
"202200030929";"758 825";"B01";"1";"7";"0";"2";"1";"1";"1";""
"202200030929";"758 826";"A01";"2";"7";"0";"2";"3";"19";"1";""
"202200030930";"758 823";"B01";"2";"10";"0";"2";"1";"1";"1";""
"202200030930";"758 824";"A01";"1";"10";"0";"2";"1";"13";"1";""
"202200030931";"758 822";"A01";"1";"33";"1";"0";"7";"1";"1";""
"202200030932";"758 821";"A01";"3";"10";"16";"0";"0";"1";"1";""
"202200030933";"758 820";"A01";"1";"7";"2";"0";"1";"1";"3";""
"202200030934";"758 819";"A01";"2";"7";"6";"0";"2";"19";"1";""
"202200030935";"758 816";"A01";"1";"33";"0";"2";"1";"12";"1";""
"202200030935";"758 818";"B01";"1";"7";"0";"0";"8";"2";"1";""
"202200030936";"758 817";"A01";"1";"7";"0";"1";"3";"1";"1";""
"202200030937";"758 813";"B01";"1";"33";"0";"2";"2";"2";"1";""
"202200030937";"758 815";"A01";"1";"7";"0";"2";"3";"15";"1";""
"202200030938";"758 811";"A01";"2";"7";"8";"1";"1";"13";"1";""
"202200030939";"758 812";"B01";"1";"31";"0";"2";"8";"1";"1";""
"202200030939";"758 814";"A01";"2";"7";"0";"2";"8";"13";"1";""
"202200030940";"758 809";"A01";"3";"7";"0";"2";"2";"2";"1";""
"202200030940";"758 810";"B01";"3";"50";"0";"2";"4";"2";"3";""
"202200030941";"758 808";"A01";"2";"2";"7";"0";"1";"1";"1";""
"202200030942";"758 806";"B01";"2";"7";"0";"2";"6";"1";"1";""
"202200030942";"758 807";"A01";"2";"2";"0";"2";"1";"1";"1";""
"202200030943";"758 804";"B01";"2";"7";"0";"0";"3";"1";"1";""
"202200030943";"758 805";"A01";"1";"7";"0";"2";"3";"1";"1";""
"202200030944";"758 802";"A01";"1";"7";"2";"0";"2";"1";"1";""
"202200030945";"758 799";"B01";"2";"7";"0";"0";"1";"1";"1";""
"202200030945";"758 800";"A01";"1";"7";"0";"2";"3";"1";"1";""
"202200030946";"758 801";"B01";"1";"2";"0";"2";"1";"18";"1";""
"202200030946";"758 803";"A01";"1";"7";"0";"2";"5";"2";"1";""
"202200030947";"758 797";"B01";"1";"10";"0";"0";"2";"2";"1";""
"202200030947";"758 798";"A01";"1";"33";"0";"0";"4";"1";"1";""
"202200030948";"758 795";"A01";"3";"7";"6";"0";"1";"1";"1";""
"202200030949";"758 794";"A01";"3";"7";"6";"0";"3";"1";"1";""
"202200030950";"758 793";"A01";"2";"7";"13";"0";"0";"0";"1";""
"202200030951";"758 796";"A01";"2";"13";"3";"0";"2";"0";"1";""
"202200030952";"758 792";"A01";"1";"7";"6";"0";"1";"1";"1";""
"202200030953";"758 790";"A01";"3";"2";"0";"0";"1";"1";"1";""
"202200030954";"758 789";"B01";"1";"2";"0";"0";"6";"1";"1";""
"202200030954";"758 791";"A01";"1";"7";"0";"2";"3";"11";"1";""
"202200030955";"758 785";"B01";"1";"33";"0";"2";"1";"1";"1";""
"202200030955";"758 786";"A01";"3";"7";"0";"2";"5";"9";"1";""
"202200030956";"758 782";"B01";"1";"7";"0";"2";"1";"13";"1";""
"202200030956";"758 783";"A01";"2";"10";"0";"2";"1";"1";"1";""
"202200030957";"758 779";"B01";"0";"7";"0";"2";"1";"5";"1";""
"202200030957";"758 780";"A01";"0";"7";"0";"2";"1";"1";"1";""
"202200030958";"758 781";"A01";"3";"2";"0";"2";"2";"1";"3";""
"202200030958";"758 784";"B01";"3";"7";"0";"2";"3";"1";"1";""
"202200030959";"758 776";"A01";"0";"7";"0";"2";"3";"11";"1";""
"202200030959";"758 778";"B01";"3";"7";"0";"2";"1";"17";"1";""
"202200030960";"758 774";"B01";"2";"1";"0";"2";"4";"1";"5";""
"202200030960";"758 775";"A01";"2";"3";"0";"9";"2";"1";"1";""
"202200030961";"758 773";"B01";"1";"32";"13";"2";"2";"17";"1";""
"202200030961";"758 777";"A01";"1";"7";"0";"2";"3";"15";"1";""
"202200030962";"758 772";"A01";"0";"7";"13";"0";"1";"1";"1";""
"202200030963";"758 769";"A01";"2";"10";"8";"0";"3";"0";"1";""
"202200030963";"758 771";"B01";"2";"7";"0";"2";"2";"15";"1";""
"202200030964";"758 765";"A01";"2";"7";"0";"2";"2";"11";"1";""
"202200030964";"758 766";"B01";"1";"7";"0";"2";"8";"1";"1";""
"202200030964";"758 767";"C01";"1";"7";"0";"2";"8";"1";"1";""
"202200030965";"758 768";"B01";"1";"7";"0";"2";"1";"15";"1";""
"202200030965";"758 770";"A01";"2";"50";"0";"2";"1";"17";"3";""
"202200030966";"758 761";"A01";"2";"7";"0";"2";"1";"2";"1";""
"202200030966";"758 762";"B01";"2";"7";"0";"2";"0";"2";"1";""
"202200030966";"758 763";"C01";"2";"10";"0";"2";"1";"2";"1";""
"202200030966";"758 764";"D01";"2";"7";"0";"0";"0";"0";"1";""
"202200030967";"758 758";"B01";"1";"7";"0";"2";"4";"0";"1";""
"202200030967";"758 759";"A01";"1";"13";"0";"2";"1";"26";"1";""
"202200030968";"758 760";"A01";"1";"2";"0";"0";"0";"1";"1";""
"202200030969";"758 756";"B01";"1";"7";"0";"0";"4";"24";"1";""
"202200030969";"758 757";"A01";"1";"7";"1";"0";"1";"1";"1";""
"202200030970";"758 754";"A01";"1";"7";"0";"2";"1";"13";"1";""
"202200030970";"758 755";"B01";"2";"38";"0";"2";"1";"1";"1";"1"
"202200030971";"758 747";"A01";"1";"7";"3";"2";"1";"26";"1";""
"202200030971";"758 748";"B01";"1";"7";"1";"2";"1";"2";"1";""
"202200030971";"758 749";"C01";"1";"7";"1";"2";"1";"0";"1";""
"202200030972";"758 746";"A01";"1";"7";"0";"2";"4";"10";"1";""
"202200030972";"758 750";"B01";"2";"33";"0";"2";"1";"1";"1";""
"202200030973";"758 745";"A01";"1";"7";"8";"0";"1";"0";"1";""
"202200030974";"758 742";"B01";"2";"1";"0";"2";"8";"15";"0";""
"202200030974";"758 743";"A01";"2";"33";"0";"2";"1";"2";"1";""
"202200030975";"758 741";"A01";"2";"15";"0";"0";"0";"26";"0";""
"202200030976";"758 740";"A01";"2";"7";"0";"2";"3";"1";"1";""
"202200030976";"758 744";"B01";"1";"10";"0";"2";"2";"1";"1";""
"202200030977";"758 738";"A01";"2";"7";"0";"1";"2";"0";"1";""
"202200030978";"758 735";"B01";"3";"0";"0";"2";"0";"0";"0";""
"202200030978";"758 737";"A01";"3";"0";"0";"2";"0";"0";"0";""
"202200030979";"758 732";"A01";"2";"7";"0";"2";"1";"2";"1";""
"202200030979";"758 734";"B01";"1";"7";"0";"2";"7";"15";"1";""
"202200030980";"758 731";"C01";"2";"7";"0";"2";"3";"15";"1";""
"202200030980";"758 733";"B01";"2";"7";"0";"2";"6";"15";"1";""
"202200030980";"758 736";"A01";"1";"7";"0";"2";"3";"16";"1";""
"202200030981";"758 729";"B01";"1";"30";"0";"2";"1";"1";"3";""
"202200030981";"758 730";"A01";"1";"30";"0";"2";"2";"1";"1";""
"202200030982";"758 728";"A01";"2";"30";"12";"0";"3";"13";"1";""
"202200030983";"758 727";"A01";"3";"7";"0";"1";"7";"1";"1";""
"202200030984";"758 723";"A01";"3";"7";"0";"2";"1";"2";"1";""
"202200030984";"758 725";"B01";"3";"33";"0";"2";"4";"2";"1";""
"202200030985";"758 724";"B01";"2";"17";"0";"2";"1";"1";"1";""
"202200030985";"758 726";"A01";"1";"7";"0";"2";"1";"13";"1";""
"202200030986";"758 721";"A01";"2";"50";"0";"2";"4";"26";"3";""
"202200030986";"758 722";"Z01";"1";"7";"0";"2";"2";"2";"1";""
"202200030987";"758 720";"A01";"0";"2";"4";"0";"7";"1";"1";""
"202200030988";"758 717";"A01";"2";"33";"0";"2";"7";"17";"1";""
"202200030988";"758 719";"B01";"2";"7";"0";"2";"8";"13";"1";""
"202200030989";"758 714";"B01";"2";"7";"0";"2";"4";"23";"1";""
"202200030989";"758 715";"A01";"2";"2";"0";"2";"1";"1";"1";""
"202200030990";"758 716";"B01";"2";"10";"0";"2";"1";"1";"1";""
"202200030990";"758 718";"A01";"1";"7";"0";"2";"3";"19";"1";""
"202200030991";"758 712";"B01";"0";"7";"0";"2";"3";"1";"1";""
"202200030991";"758 713";"A01";"0";"31";"0";"2";"1";"1";"1";""
"202200030992";"758 710";"A01";"1";"7";"13";"0";"2";"1";"1";""
"202200030993";"758 711";"A01";"1";"10";"0";"1";"2";"1";"1";""
"202200030994";"758 709";"A01";"1";"10";"8";"0";"1";"1";"1";""
"202200030995";"758 707";"B01";"0";"1";"0";"0";"2";"1";"5";""
"202200030995";"758 708";"A01";"0";"7";"0";"2";"3";"9";"1";""
"202200030996";"758 702";"A01";"1";"7";"6";"2";"1";"13";"0";""
"202200030996";"758 703";"B01";"2";"7";"0";"2";"3";"15";"1";""
"202200030997";"758 699";"A01";"2";"33";"0";"1";"1";"26";"1";""
"202200030998";"758 700";"A01";"2";"7";"0";"2";"4";"23";"1";""
"202200030998";"758 701";"B01";"2";"7";"0";"2";"4";"2";"1";""
"202200030998";"758 704";"C01";"2";"7";"0";"2";"4";"2";"1";""
"202200030998";"758 706";"D01";"2";"10";"0";"2";"1";"2";"1";""
"202200030999";"758 697";"B01";"1";"33";"0";"0";"8";"1";"1";""
"202200030999";"758 698";"A01";"2";"7";"0";"2";"1";"11";"1";""
"202200031000";"758 696";"A01";"2";"7";"9";"1";"1";"26";"1";""
"202200031001";"758 694";"A01";"2";"33";"12";"0";"0";"13";"1";""
"202200031002";"758 689";"B01";"1";"1";"0";"2";"1";"1";"5";""
"202200031002";"758 691";"A01";"1";"7";"0";"2";"8";"22";"1";""
"202200031003";"758 690";"A01";"2";"7";"0";"2";"4";"1";"1";""
"202200031003";"758 692";"D01";"2";"10";"0";"2";"1";"2";"1";""
"202200031003";"758 693";"C01";"2";"7";"0";"2";"4";"2";"1";""
"202200031003";"758 695";"B01";"2";"7";"0";"2";"4";"2";"1";""
"202200031004";"758 687";"A01";"2";"30";"0";"1";"1";"1";"1";""
"202200031005";"758 686";"A01";"2";"7";"0";"2";"1";"2";"1";""
"202200031005";"758 688";"B01";"2";"7";"4";"2";"4";"2";"1";""
"202200031006";"758 685";"A01";"2";"1";"0";"0";"8";"1";"5";""
"202200031007";"758 683";"B01";"1";"7";"0";"2";"3";"1";"1";""
"202200031007";"758 684";"A01";"1";"7";"0";"2";"2";"17";"1";""
"202200031008";"758 681";"B01";"3";"37";"0";"2";"4";"7";"2";"1"
"202200031008";"758 682";"A01";"3";"50";"0";"2";"1";"7";"3";""
"202200031009";"758 679";"A01";"2";"7";"0";"1";"3";"15";"1";""
"202200031010";"758 678";"B01";"2";"10";"0";"2";"3";"2";"1";""
"202200031010";"758 680";"A01";"2";"7";"0";"2";"1";"2";"1";""
"202200031011";"758 675";"A01";"1";"7";"0";"2";"7";"1";"1";""
"202200031011";"758 677";"B01";"3";"50";"0";"2";"7";"9";"3";""
"202200031012";"758 672";"Z01";"1";"50";"0";"2";"1";"18";"3";""
"202200031012";"758 673";"A01";"1";"30";"0";"2";"7";"16";"1";""
"202200031013";"758 671";"A01";"2";"30";"0";"0";"1";"1";"1";""
"202200031014";"758 670";"C01";"2";"7";"0";"2";"1";"2";"1";""
"202200031014";"758 674";"B01";"1";"20";"0";"2";"1";"2";"1";""
"202200031014";"758 676";"A01";"2";"7";"0";"2";"1";"13";"1";""
"202200031015";"758 664";"C01";"1";"7";"0";"2";"4";"23";"1";""
"202200031015";"758 666";"B01";"1";"7";"0";"2";"4";"23";"1";""
"202200031015";"758 667";"A01";"1";"7";"0";"2";"1";"1";"1";""
"202200031016";"758 663";"A01";"2";"33";"0";"2";"7";"3";"1";""
"202200031016";"758 665";"B01";"2";"7";"0";"2";"2";"12";"1";""
"202200031016";"758 668";"C01";"2";"7";"0";"2";"6";"1";"1";""
"202200031017";"758 661";"B01";"2";"1";"1";"0";"0";"13";"5";""
"202200031017";"758 662";"A01";"2";"7";"0";"2";"0";"24";"1";""
"202200031018";"758 659";"A01";"3";"7";"8";"0";"1";"26";"1";""
"202200031019";"758 656";"B01";"2";"32";"0";"2";"1";"1";"1";""
"202200031019";"758 657";"A01";"1";"7";"0";"2";"2";"15";"1";""
"202200031020";"758 658";"B01";"2";"33";"0";"2";"8";"3";"1";""
"202200031020";"758 660";"A01";"2";"7";"0";"2";"7";"14";"1";""
"202200031021";"758 654";"B01";"2";"1";"0";"2";"7";"21";"5";""
"202200031021";"758 655";"A01";"1";"7";"0";"2";"3";"15";"1";""
"202200031022";"758 650";"C01";"2";"7";"0";"2";"4";"1";"1";""
"202200031022";"758 652";"B01";"2";"7";"0";"2";"4";"1";"1";""
"202200031022";"758 653";"A01";"2";"7";"0";"2";"1";"12";"1";""
"202200031023";"758 649";"B01";"1";"3";"13";"0";"4";"2";"1";""
"202200031023";"758 651";"A01";"1";"7";"4";"2";"2";"1";"1";""
"202200031024";"758 647";"A01";"1";"33";"16";"0";"1";"1";"1";""
"202200031025";"758 646";"B01";"1";"7";"0";"2";"0";"0";"1";""
"202200031025";"758 648";"A01";"1";"33";"0";"2";"9";"0";"1";""
"202200031026";"758 644";"A01";"2";"7";"0";"2";"3";"13";"1";""
"202200031026";"758 645";"B01";"1";"7";"0";"2";"3";"1";"1";""
"202200031027";"758 642";"A01";"2";"7";"3";"0";"2";"14";"1";""
"202200031028";"758 640";"A01";"1";"7";"0";"0";"3";"1";"1";""
"202200031029";"758 639";"A01";"1";"33";"0";"2";"1";"3";"1";""
"202200031029";"758 641";"B01";"1";"33";"0";"2";"4";"3";"1";""
"202200031029";"758 643";"Z01";"1";"17";"0";"0";"0";"0";"1";""
"202200031030";"758 638";"A01";"1";"33";"13";"0";"8";"17";"1";""
"202200031031";"758 637";"A01";"1";"33";"15";"0";"0";"1";"1";""
"202200031032";"758 636";"A01";"1";"33";"0";"0";"3";"2";"1";""
"202200031033";"758 635";"A01";"3";"7";"0";"1";"4";"4";"1";""
"202200031034";"758 633";"B01";"1";"33";"0";"2";"1";"1";"0";""
"202200031034";"758 634";"A01";"1";"99";"0";"0";"8";"20";"0";""
"202200031035";"758 631";"A01";"1";"7";"0";"2";"3";"15";"1";""