"Num_Acc";"id_vehicule";"num_veh";"senc";"catv";"obs";"obsm";"choc";"manv";"motor";"occutc"
"202200031035";"758 632";"B01";"1";"80";"0";"2";"5";"1";"3";""
"202200031036";"758 629";"A01";"1";"7";"0";"2";"6";"15";"1";""
"202200031036";"758 630";"B01";"1";"2";"0";"2";"1";"17";"1";""
"202200031037";"758 628";"A01";"2";"7";"3";"0";"2";"1";"1";""
"202200031038";"758 626";"B01";"2";"7";"0";"2";"3";"1";"1";""
"202200031038";"758 627";"A01";"1";"7";"0";"2";"1";"13";"1";""
"202200031039";"758 624";"B01";"2";"1";"0";"2";"1";"1";"5";""
"202200031039";"758 625";"A01";"1";"10";"0";"9";"7";"15";"1";""
"202200031040";"758 622";"B01";"2";"1";"0";"2";"4";"15";"5";""
"202200031040";"758 623";"A01";"2";"7";"0";"2";"2";"2";"1";""
"202200031041";"758 621";"A01";"2";"33";"0";"2";"0";"17";"1";""
"202200031042";"758 620";"A01";"0";"7";"0";"1";"1";"0";"1";""
"202200031043";"758 619";"A01";"2";"33";"13";"0";"0";"0";"1";""
"202200031044";"758 617";"B01";"1";"7";"0";"2";"3";"1";"1";""
"202200031044";"758 618";"A01";"2";"7";"0";"2";"3";"13";"1";""
"202200031045";"758 615";"A01";"2";"7";"0";"2";"7";"15";"1";""
"202200031045";"758 616";"B01";"1";"43";"0";"2";"1";"1";"1";""
"202200031046";"758 613";"B01";"2";"7";"0";"2";"3";"1";"1";""
"202200031046";"758 614";"A01";"1";"7";"0";"2";"3";"13";"1";""
"202200031047";"758 611";"A01";"2";"7";"0";"0";"3";"23";"2";""
"202200031047";"758 612";"B01";"1";"1";"0";"2";"8";"1";"5";""
"202200031048";"758 609";"B01";"3";"50";"0";"2";"1";"1";"3";""
"202200031048";"758 610";"A01";"3";"7";"0";"2";"2";"1";"1";""
"202200031049";"758 608";"A01";"1";"31";"5";"0";"0";"0";"1";""
"202200031050";"758 606";"B01";"0";"2";"0";"2";"7";"1";"1";""
"202200031050";"758 607";"C01";"0";"2";"0";"2";"8";"9";"1";""
"202200031051";"758 604";"A01";"2";"7";"13";"0";"0";"17";"1";""
"202200031051";"758 605";"B01";"2";"21";"0";"0";"0";"15";"1";""
"202200031052";"758 603";"A01";"2";"7";"0";"0";"9";"14";"1";""
"202200031053";"758 601";"B01";"2";"7";"0";"2";"8";"1";"1";""
"202200031053";"758 602";"A01";"1";"10";"0";"2";"8";"13";"1";""
"202200031054";"758 600";"A01";"3";"1";"0";"0";"0";"0";"5";""
"202200031055";"758 599";"A01";"2";"7";"13";"0";"1";"1";"1";""
"202200031056";"758 597";"A01";"1";"7";"0";"2";"1";"2";"1";""
"202200031056";"758 598";"B01";"1";"1";"0";"0";"4";"2";"5";""
"202200031057";"758 596";"A01";"1";"31";"12";"9";"8";"0";"1";""
"202200031058";"758 595";"A01";"2";"33";"0";"0";"0";"1";"1";""
"202200031059";"758 594";"A01";"2";"33";"0";"0";"1";"1";"1";""
"202200031060";"758 592";"B01";"1";"2";"0";"2";"4";"1";"1";""
"202200031060";"758 593";"A01";"1";"7";"0";"2";"2";"1";"1";""
"202200031061";"758 591";"A01";"1";"7";"13";"0";"2";"1";"1";""
"202200031062";"758 590";"A01";"1";"7";"0";"1";"2";"1";"1";""
"202200031063";"758 588";"B01";"2";"7";"0";"2";"3";"1";"1";""
"202200031063";"758 589";"A01";"1";"7";"0";"2";"1";"17";"1";""
"202200031064";"758 586";"A01";"2";"33";"0";"2";"8";"13";"1";""
"202200031064";"758 587";"B01";"1";"33";"0";"2";"8";"1";"1";""
"202200031065";"758 585";"A01";"0";"33";"8";"0";"1";"1";"1";""
"202200031066";"758 584";"A01";"1";"7";"0";"1";"3";"15";"1";""
"202200031067";"758 582";"B01";"2";"15";"0";"0";"4";"1";"1";""
"202200031067";"758 583";"A01";"2";"7";"0";"2";"1";"2";"1";""
"202200031068";"758 580";"B01";"1";"7";"4";"0";"4";"1";"1";""
"202200031068";"758 581";"A01";"1";"7";"0";"2";"1";"1";"1";""
"202200031069";"758 576";"A01";"2";"7";"4";"2";"1";"1";"1";""
"202200031069";"758 577";"B01";"2";"7";"0";"0";"4";"1";"1";""
"202200031070";"758 575";"A01";"1";"7";"2";"0";"0";"1";"1";""
"202200031071";"758 574";"A01";"3";"34";"0";"0";"8";"1";"1";""
"202200031072";"758 572";"A01";"3";"7";"0";"9";"3";"1";"1";""
"202200031072";"758 573";"B01";"0";"7";"0";"2";"6";"1";"1";""
"202200031073";"758 571";"A01";"1";"7";"2";"0";"8";"1";"1";""
"202200031074";"758 569";"A01";"2";"7";"0";"2";"3";"1";"1";""
"202200031074";"758 570";"B01";"1";"10";"0";"2";"3";"1";"1";""
"202200031075";"758 568";"A01";"3";"33";"0";"0";"0";"1";"1";""
"202200031076";"758 566";"A01";"1";"7";"0";"2";"2";"17";"1";""
"202200031076";"758 567";"B01";"1";"99";"0";"2";"3";"15";"1";""
"202200031077";"758 565";"A01";"3";"7";"7";"0";"1";"1";"1";""
"202200031078";"758 563";"B01";"2";"33";"0";"2";"3";"1";"1";""
"202200031078";"758 564";"A01";"1";"7";"0";"2";"1";"15";"1";""
"202200031079";"758 561";"B01";"2";"7";"0";"2";"7";"14";"1";""
"202200031079";"758 562";"A01";"2";"7";"0";"2";"8";"1";"1";""
"202200031080";"758 559";"A01";"2";"7";"0";"2";"1";"5";"1";""
"202200031080";"758 560";"B01";"1";"7";"0";"2";"1";"1";"1";""
"202200031081";"758 556";"A01";"1";"7";"0";"2";"2";"14";"1";""
"202200031081";"758 557";"B01";"1";"7";"0";"2";"6";"23";"1";""
"202200031081";"758 558";"C01";"1";"7";"0";"2";"7";"1";"1";""
"202200031082";"758 554";"B01";"1";"2";"0";"2";"4";"1";"1";""
"202200031082";"758 555";"A01";"1";"7";"0";"2";"1";"2";"1";""
"202200031083";"758 552";"A01";"1";"33";"0";"2";"7";"1";"1";""
"202200031083";"758 553";"B01";"1";"7";"0";"2";"8";"11";"3";""
"202200031084";"758 550";"B01";"2";"33";"0";"2";"1";"1";"1";""
"202200031084";"758 551";"Z01";"2";"7";"0";"2";"4";"11";"1";""
"202200031085";"758 548";"A01";"2";"7";"0";"2";"1";"1";"1";""
"202200031085";"758 549";"B01";"2";"10";"0";"2";"4";"2";"1";""
"202200031086";"758 546";"B01";"1";"7";"0";"2";"3";"2";"1";""
"202200031086";"758 547";"A01";"1";"7";"0";"2";"5";"1";"1";""
"202200031087";"758 544";"A01";"1";"7";"0";"2";"2";"15";"1";""
"202200031087";"758 545";"B01";"1";"33";"0";"2";"1";"1";"1";""
"202200031088";"758 543";"A01";"0";"7";"0";"1";"3";"1";"1";""
"202200031089";"758 541";"B01";"2";"30";"0";"2";"4";"2";"3";""
"202200031089";"758 542";"A01";"2";"30";"0";"2";"1";"2";"1";""
"202200031090";"758 540";"A01";"2";"34";"0";"1";"2";"1";"1";""
"202200031091";"758 538";"A01";"2";"34";"0";"2";"4";"2";"1";""
"202200031091";"758 539";"B01";"2";"34";"0";"2";"4";"2";"1";""
"202200031092";"758 536";"A01";"2";"7";"0";"2";"3";"16";"1";""
"202200031092";"758 537";"B01";"2";"1";"0";"2";"7";"1";"5";""
"202200031093";"758 534";"B01";"1";"1";"0";"2";"2";"1";"5";""
"202200031093";"758 535";"A01";"1";"7";"0";"2";"8";"22";"3";""
"202200031094";"758 533";"A01";"2";"50";"0";"1";"7";"1";"3";""
"202200031095";"758 531";"A01";"1";"31";"1";"2";"3";"1";"1";""
"202200031095";"758 532";"B01";"1";"7";"0";"2";"7";"13";"1";""
"202200031096";"758 529";"B01";"1";"7";"0";"2";"2";"1";"1";""
"202200031096";"758 530";"A01";"1";"43";"0";"2";"6";"1";"1";""
"202200031097";"758 528";"A01";"1";"43";"0";"1";"1";"1";"1";""
"202200031098";"758 526";"B01";"2";"1";"0";"2";"8";"1";"5";""
"202200031098";"758 527";"A01";"2";"7";"0";"2";"2";"12";"2";""
"202200031099";"758 524";"Z01";"2";"10";"0";"2";"6";"15";"1";""
"202200031099";"758 525";"A01";"1";"1";"0";"2";"1";"1";"5";""
"202200031100";"758 521";"C01";"2";"7";"0";"2";"4";"1";"1";""
"202200031100";"758 522";"B01";"2";"7";"0";"2";"1";"1";"1";""
"202200031100";"758 523";"A01";"2";"7";"0";"2";"1";"1";"1";""
"202200031101";"758 520";"A01";"2";"80";"0";"1";"1";"1";"3";""
"202200031102";"758 519";"A01";"2";"7";"7";"0";"3";"6";"1";""
"202200031103";"758 515";"B01";"2";"7";"0";"2";"4";"23";"1";""
"202200031103";"758 518";"A01";"2";"7";"0";"2";"1";"1";"1";""
"202200031104";"758 513";"D01";"2";"1";"0";"2";"0";"1";"5";""
"202200031104";"758 514";"C01";"2";"1";"0";"2";"0";"1";"5";""
"202200031104";"758 516";"B01";"2";"1";"0";"2";"0";"1";"5";""
"202200031104";"758 517";"A01";"1";"7";"0";"9";"0";"10";"1";""
"202200031105";"758 512";"A01";"1";"2";"14";"0";"1";"1";"1";""
"202200031106";"758 508";"A01";"1";"7";"0";"2";"2";"15";"1";""
"202200031106";"758 510";"B01";"2";"33";"0";"2";"1";"1";"1";""
"202200031107";"758 509";"A01";"2";"7";"0";"2";"1";"15";"1";""
"202200031107";"758 511";"B01";"2";"80";"0";"2";"3";"1";"3";""
"202200031108";"758 507";"A01";"3";"7";"0";"1";"1";"16";"1";""
"202200031109";"758 504";"A01";"1";"7";"0";"2";"0";"0";"1";""
"202200031109";"758 506";"B01";"1";"7";"16";"0";"0";"0";"1";""
"202200031110";"758 503";"B01";"2";"7";"0";"0";"2";"1";"1";""
"202200031110";"758 505";"A01";"2";"7";"0";"2";"1";"15";"1";""
"202200031111";"758 501";"A01";"1";"7";"0";"1";"2";"1";"1";""
"202200031112";"758 499";"A01";"3";"7";"0";"1";"3";"26";"1";""
"202200031113";"758 500";"B01";"3";"7";"0";"2";"5";"16";"1";""
"202200031113";"758 502";"A01";"3";"33";"0";"2";"1";"9";"1";""
"202200031114";"758 498";"A01";"1";"7";"6";"0";"1";"14";"1";""
"202200031115";"758 496";"A01";"1";"7";"0";"2";"6";"13";"1";""
"202200031115";"758 497";"B01";"1";"33";"0";"2";"1";"1";"1";""
"202200031116";"758 492";"B01";"0";"7";"0";"2";"1";"1";"1";""
"202200031116";"758 494";"A01";"2";"7";"0";"2";"2";"1";"1";""
"202200031117";"758 490";"C01";"2";"7";"0";"2";"6";"2";"1";""
"202200031117";"758 493";"A01";"2";"7";"0";"2";"1";"2";"1";""
"202200031117";"758 495";"B01";"2";"7";"0";"2";"4";"2";"1";""
"202200031118";"758 489";"B01";"3";"50";"0";"2";"8";"19";"3";""
"202200031118";"758 491";"A01";"2";"7";"0";"9";"1";"1";"1";""
"202200031119";"758 487";"A01";"2";"7";"0";"2";"5";"12";"2";""
"202200031119";"758 488";"B01";"2";"32";"0";"2";"1";"1";"1";""
"202200031120";"758 486";"A01";"1";"33";"16";"0";"1";"1";"1";""
"202200031121";"758 483";"A01";"2";"10";"0";"2";"2";"1";"1";""
"202200031121";"758 485";"B01";"2";"50";"1";"2";"3";"13";"3";""
"202200031122";"758 482";"Z01";"3";"7";"0";"2";"1";"10";"1";""
"202200031122";"758 484";"A01";"2";"43";"0";"2";"8";"16";"1";""
"202200031123";"758 479";"A01";"2";"10";"0";"1";"4";"4";"3";""
"202200031124";"758 477";"A01";"1";"33";"0";"2";"2";"17";"1";""
"202200031124";"758 478";"B01";"1";"7";"0";"2";"3";"15";"1";""
"202200031125";"758 475";"D01";"2";"7";"0";"2";"4";"2";"1";""
"202200031125";"758 476";"C01";"2";"7";"0";"2";"4";"2";"1";""
"202200031125";"758 480";"B01";"2";"7";"0";"2";"4";"2";"1";""
"202200031125";"758 481";"A01";"2";"10";"0";"2";"1";"2";"1";""
"202200031126";"758 473";"A01";"1";"7";"6";"1";"2";"12";"1";""
"202200031127";"758 472";"A01";"1";"7";"0";"0";"3";"2";"1";""
"202200031128";"758 471";"A01";"2";"7";"0";"2";"2";"1";"1";""
"202200031128";"758 474";"B01";"2";"1";"0";"2";"1";"1";"5";""
"202200031129";"758 470";"A01";"1";"7";"1";"1";"2";"1";"1";""
"202200031130";"758 466";"A01";"1";"32";"0";"2";"8";"1";"1";""
"202200031130";"758 468";"B01";"1";"1";"0";"2";"1";"1";"5";""
"202200031131";"758 465";"A01";"2";"10";"0";"2";"2";"12";"1";""
"202200031131";"758 467";"B01";"2";"7";"0";"2";"6";"1";"1";""
"202200031131";"758 469";"C01";"2";"10";"0";"2";"5";"1";"1";""
"202200031132";"758 464";"A01";"1";"30";"2";"0";"1";"9";"1";""
"202200031133";"758 460";"B01";"2";"30";"0";"2";"4";"23";"1";""
"202200031133";"758 463";"A01";"2";"7";"0";"2";"1";"16";"1";""
"202200031134";"758 459";"B01";"1";"1";"1";"0";"2";"1";"5";""
"202200031134";"758 461";"A01";"1";"7";"0";"2";"3";"24";"1";""
"202200031135";"758 458";"A01";"1";"7";"0";"2";"4";"26";"1";""
"202200031135";"758 462";"B01";"1";"7";"0";"2";"1";"1";"1";""
"202200031136";"758 457";"A01";"2";"1";"0";"0";"8";"26";"5";""
"202200031137";"758 452";"B01";"2";"37";"0";"2";"7";"1";"1";"2"
"202200031137";"758 456";"A01";"2";"7";"0";"2";"1";"1";"1";""
"202200031138";"758 449";"D01";"2";"7";"1";"2";"1";"1";"1";""
"202200031138";"758 451";"C01";"2";"7";"0";"2";"2";"1";"1";""
"202200031138";"758 453";"B01";"2";"7";"6";"0";"1";"1";"1";""
"202200031138";"758 455";"A01";"2";"7";"6";"0";"1";"1";"1";""
"202200031139";"758 445";"B01";"1";"7";"0";"2";"1";"1";"1";""
"202200031139";"758 448";"A01";"3";"7";"0";"2";"3";"15";"1";""
"202200031140";"758 446";"A01";"1";"7";"0";"2";"3";"15";"0";""
"202200031140";"758 447";"B01";"1";"32";"0";"2";"1";"17";"0";""
"202200031141";"758 442";"B01";"2";"7";"0";"2";"1";"1";"1";""
"202200031141";"758 443";"C01";"2";"7";"0";"2";"1";"1";"1";""
"202200031141";"758 444";"A01";"2";"10";"0";"2";"4";"1";"1";""
"202200031142";"758 439";"A01";"3";"2";"0";"2";"1";"1";"1";""
"202200031142";"758 441";"B01";"3";"7";"0";"2";"6";"6";"1";""
"202200031143";"758 438";"A01";"2";"7";"0";"2";"7";"19";"1";""
"202200031143";"758 440";"B01";"1";"7";"0";"2";"1";"1";"1";""
"202200031144";"758 437";"A01";"2";"7";"0";"0";"9";"1";"1";""
"202200031145";"758 436";"A01";"1";"7";"1";"0";"3";"14";"1";""
"202200031146";"758 434";"A01";" -1";"7";"0";"1";"3";"1";"1";""
"202200031147";"758 433";"B01";"1";"34";"0";"2";"1";"2";"1";""
"202200031147";"758 435";"A01";"1";"7";"0";"2";"7";"15";"1";""
"202200031148";"758 431";"A01";"1";"7";"6";"0";"1";"1";"1";""
"202200031149";"758 428";"A01";"2";"7";"0";"2";"8";"24";"1";""
"202200031149";"758 430";"B01";"2";"2";"1";"0";"1";"2";"1";""
"202200031150";"758 429";"B01";"1";"7";"0";"2";"3";"15";"1";""
"202200031150";"758 432";"A01";"1";"33";"0";"2";"1";"17";"1";""
"202200031151";"758 425";"A01";"3";"7";"0";"2";"1";"13";"1";""
"202200031151";"758 427";"B01";"3";"7";"0";"2";"1";"1";"1";""
"202200031152";"758 424";"A01";"1";"7";"16";"0";"0";"1";"0";""
"202200031153";"758 423";"B01";"1";"32";"0";"2";"1";"2";"1";""
"202200031153";"758 426";"A01";"1";"7";"0";"2";"1";"15";"1";""
"202200031154";"758 422";"A01";"2";"10";"13";"0";"2";"0";"1";""
"202200031155";"758 418";"A01";"1";"50";"0";"1";"7";"25";"3";""
"202200031156";"758 417";"C01";"1";"7";"0";"2";"3";"26";"1";""
"202200031156";"758 419";"B01";"1";"10";"0";"2";"1";"26";"1";""
"202200031156";"758 421";"A01";"2";"7";"0";"2";"1";"15";"1";""
"202200031157";"758 416";"B01";"1";"7";"0";"2";"7";"2";"1";""
"202200031157";"758 420";"A01";"1";"7";"0";"2";"1";"2";"1";""
"202200031158";"758 414";"A01";"1";"7";"4";"0";"3";"13";"1";""
"202200031159";"758 411";"B01";"3";"2";"0";"0";"0";"0";"0";""
"202200031159";"758 413";"A01";"3";"7";"0";"2";"3";"15";"1";""
"202200031160";"758 412";"A01";"3";"7";"0";"2";"5";"20";"1";""
"202200031160";"758 415";"B01";"3";"50";"0";"2";"1";"1";"3";""
"202200031161";"758 408";"A01";"3";"33";"0";"1";"1";"2";"1";""
"202200031162";"758 407";"A01";"1";"7";"0";"2";"3";"13";"1";""
"202200031162";"758 409";"B01";"2";"30";"0";"2";"2";"17";"1";""
"202200031163";"758 410";"A01";"2";"7";"4";"0";"1";"14";"1";""
"202200031164";"758 406";"A01";"1";"2";"0";"1";"1";"1";"1";""
"202200031165";"758 404";"A01";"1";"30";"0";"0";"1";"15";"1";""
"202200031166";"758 403";"A01";"1";"7";"0";"2";"3";"17";"1";""
"202200031166";"758 405";"B01";"2";"15";"0";"2";"3";"1";"1";""
"202200031167";"758 401";"A01";"2";"7";"3";"0";"2";"14";"1";""
"202200031168";"758 402";"A01";"1";"7";"0";"1";"1";"2";"1";""
"202200031169";"758 397";"A01";"3";"1";"0";"0";"0";"23";"5";""
"202200031169";"758 400";"B01";"3";"10";"0";"0";" -1";"1";"1";""
"202200031170";"758 396";"A01";"2";"7";"0";"2";"8";"10";"1";""
"202200031170";"758 399";"B01";"2";"2";"0";"2";"1";"1";"1";""
"202200031171";"758 395";"B01";"3";"7";"0";"9";"3";"0";"1";""
"202200031171";"758 398";"A01";"3";"60";"0";"2";"1";"26";"5";""
"202200031172";"758 393";"A01";"3";"10";"0";"1";"1";"15";"1";""
"202200031173";"758 392";"A01";"1";"7";"0";"0";"5";"19";"1";""
"202200031173";"758 394";"B01";"1";"1";"0";"2";"1";"2";"5";""
"202200031174";"758 391";"A01";"2";"7";"0";"1";"3";"1";"1";""
"202200031175";"758 390";"A01";"3";"33";"3";"0";"1";"1";"1";""
"202200031176";"758 388";"B01";"2";"7";"0";"2";"1";"1";"1";""
"202200031176";"758 389";"A01";"1";"7";"0";"2";"6";"13";"1";""
"202200031177";"758 387";"A01";"2";"7";"0";"1";"1";"1";"1";""
"202200031178";"758 384";"C01";"2";"7";"0";"2";"4";"2";"1";""
"202200031178";"758 385";"B01";"2";"7";"0";"2";"4";"2";"1";""
"202200031178";"758 386";"A01";"2";"7";"0";"2";"1";"1";"1";""
"202200031179";"758 381";"A01";"1";"7";"0";"2";"2";"15";"1";""
"202200031179";"758 382";"B01";"2";"7";"0";"2";"1";"19";"1";""
"202200031180";"758 379";"A01";"1";"7";"0";"2";"3";"17";"1";""
"202200031180";"758 380";"B01";"2";"15";"0";"2";"1";"1";"1";""
"202200031180";"758 383";"C01";"1";"7";"0";"2";"1";"1";"1";""
"202200031181";"758 375";"B01";"2";"7";"0";"2";"3";"19";"1";""
"202200031181";"758 377";"A01";"1";"7";"0";"2";"1";"1";"1";""
"202200031182";"758 376";"B01";"1";"30";"0";"2";"0";"0";"1";""
"202200031182";"758 378";"A01";"2";"32";"0";"2";"1";"21";"1";""
"202200031183";"758 372";"A01";"1";"7";"0";"0";"0";"13";"1";""
"202200031184";"758 370";"B01";"1";"10";"0";"2";"8";"24";"1";""
"202200031184";"758 373";"A01";"2";"10";"0";"1";"3";"1";"1";""
"202200031185";"758 368";"A01";"1";"7";"0";"0";"9";"1";"1";""
"202200031186";"758 367";"A01";"1";"10";"0";"2";"3";"13";"1";""
"202200031186";"758 369";"B01";"2";"7";"0";"2";"3";"1";"1";""
"202200031186";"758 371";"C01";"2";"7";"0";"2";"1";"1";"1";""
"202200031186";"758 374";"D01";"2";"7";"0";"2";"8";"1";"1";""
"202200031187";"758 364";"B01";"1";"2";"0";"2";"8";"2";"1";""
"202200031187";"758 366";"A01";"1";"10";"0";"2";"7";"1";"1";""
"202200031188";"758 362";"B01";"2";"7";"0";"0";"4";"23";"1";""
"202200031188";"758 365";"A01";"2";"33";"0";"2";"1";"2";"1";""
"202200031189";"758 363";"A01";"2";"7";"2";"0";"1";"0";"1";""
"202200031190";"758 360";"A01";"2";"33";"6";"0";"2";"1";"1";""
"202200031191";"758 359";"B01";"1";"2";"0";"2";"0";"0";"1";""
"202200031191";"758 361";"A01";"1";"7";"0";"2";"1";"0";"1";""
"202200031192";"758 358";"A01";"1";"7";"17";"0";"1";"13";"1";""
"202200031193";"758 355";"A01";"1";"7";"8";"0";"1";"1";"1";""
"202200031194";"758 354";"B01";"2";"15";"0";"2";"1";"1";"1";""
"202200031194";"758 356";"A01";"1";"33";"0";"2";"1";"11";"1";""
"202200031195";"758 353";"B01";"2";"2";"0";"2";"1";"1";"1";""
"202200031195";"758 357";"A01";"1";"7";"0";"2";"2";"15";"1";""
"202200031196";"758 352";"A01";"2";"7";"6";"0";"1";"14";"1";""
"202200031197";"758 351";"A01";"1";"10";"2";"0";"1";"2";"1";""
"202200031198";"758 348";"Z01";"1";"7";"0";"2";"0";"26";"1";""
"202200031198";"758 350";"A01";"1";"31";"0";"2";"4";"13";"1";""
"202200031199";"758 349";"A01";"3";"1";"0";"0";"7";"21";"5";""
"202200031200";"758 347";"A01";"2";"7";"2";"0";"9";"1";"0";""
"202200031201";"758 342";"A01";"1";"15";"0";"2";"3";"19";"1";""
"202200031201";"758 345";"B01";"1";"7";"0";"2";"1";"1";"1";""
"202200031202";"758 344";"A01";"1";"7";"0";"2";"2";"12";"1";""
"202200031202";"758 346";"B01";"1";"32";"0";"2";"2";"1";"1";""
"202200031203";"758 341";"A01";"3";"1";"0";"2";"1";"1";"5";""
"202200031203";"758 343";"B01";"2";"7";"0";"2";"3";"9";"1";""
"202200031204";"758 337";"A01";"3";"7";"0";"1";"2";"21";"1";""
"202200031205";"758 338";"C01";"1";"7";"0";"2";"1";"2";"1";""
"202200031205";"758 339";"B01";"1";"7";"0";"2";"4";"23";"1";""
"202200031205";"758 340";"A01";"1";"7";"0";"2";"1";"2";"1";""
"202200031206";"758 334";"A01";"1";"7";"13";"0";"3";"1";"1";""
"202200031207";"758 335";"A01";"2";"43";"12";"0";"1";"2";"1";""
"202200031208";"758 333";"A01";"1";"7";"6";"0";"4";"23";"1";""
"202200031208";"758 336";"B01";"1";"7";"0";"2";"1";"2";"1";""
"202200031209";"758 331";"A01";"2";"7";"0";"1";"2";"1";"1";""
"202200031210";"758 329";"B01";"1";"1";"0";"2";"6";"1";"5";""
"202200031210";"758 332";"A01";"2";"7";"0";"2";"1";"1";"1";""
"202200031211";"758 330";"A01";"1";"7";"2";"0";"1";"1";"1";""
"202200031212";"758 328";"A01";"1";"10";"0";"1";"1";"1";"2";""
"202200031213";"758 326";"B01";"1";"21";"0";"0";"4";"1";"1";""
"202200031213";"758 327";"A01";"1";"15";"0";"2";"2";"1";"1";""
"202200031214";"758 325";"A01";"1";"7";"3";"0";"2";"1";"1";""
"202200031215";"758 322";"A01";"1";"7";"0";"2";"1";"0";"1";""
"202200031215";"758 323";"B01";"1";"7";"0";"2";"1";"11";"1";""
"202200031216";"758 320";"B01";"2";"7";"0";"2";"1";"19";"1";""
"202200031216";"758 324";"A01";"2";"7";"0";"2";"2";"19";"1";""
"202200031217";"758 319";"A01";"3";"7";"0";"2";"2";"19";"0";""
"202200031217";"758 321";"B01";"2";"31";"0";"2";"1";"1";"1";""
"202200031218";"758 315";"C01";"2";"7";"0";"2";"1";"2";"1";""
"202200031218";"758 316";"B01";"2";"7";"0";"2";"4";"23";"1";""
"202200031218";"758 318";"A01";"2";"7";"0";"0";"4";"23";"1";""
"202200031219";"758 314";"B01";"1";"7";"0";"2";"2";"26";"1";""
"202200031219";"758 317";"A01";"2";"50";"0";"2";"0";"0";"3";""
"202200031220";"758 313";"A01";"2";"7";"16";"0";"1";"17";"1";""
"202200031221";"758 312";"A01";"3";"7";"2";"0";"1";"0";"1";""
"202200031222";"758 311";"A01";"1";"10";"0";"1";"2";"1";"1";""
"202200031223";"758 310";"A01";"1";"33";"3";"0";"2";"1";"1";""
"202200031224";"758 309";"A01";"1";"7";"6";"0";"2";"1";"1";""
"202200031225";"758 306";"A01";"1";"7";"0";"2";"2";"9";"1";""
"202200031225";"758 308";"B01";"1";"7";"0";"2";"6";"23";"1";""
"202200031226";"758 305";"A01";"2";"7";"6";"0";"1";"0";"1";""
"202200031227";"758 304";"B01";"3";"7";"0";"2";"1";"15";"2";""
"202200031227";"758 307";"A01";"0";"1";"0";"2";"1";"1";"5";""
"202200031228";"758 302";"B01";"3";"7";"0";"0";"5";"2";"1";""
"202200031228";"758 303";"A01";"3";"3";"0";"2";"1";"26";"1";""
"202200031229";"758 301";"A01";"2";"7";"2";"0";"1";"1";"1";""
"202200031230";"758 299";"A01";"1";"31";"4";"2";"4";"17";"1";""
"202200031231";"758 298";"A01";"1";"7";"13";"0";"1";"13";"2";""
"202200031232";"758 297";"A01";"2";"14";"0";"0";"6";"1";"1";""
"202200031232";"758 300";"B01";"2";"7";"0";"2";"2";"17";"1";""
"202200031233";"758 295";"A01";"3";"36";"0";"0";"9";"1";"1";""
"202200031234";"758 293";"A01";"3";"7";"0";"2";"1";"2";"1";""
"202200031234";"758 296";"B01";"3";"7";"0";"2";"4";"1";"1";""
"202200031235";"758 292";"B01";"1";"7";"0";"2";"6";"15";"1";""
"202200031235";"758 294";"A01";"2";"2";"0";"2";"1";"1";"1";""
"202200031236";"758 289";"C01";"1";"17";"0";"0";"4";"23";"1";""
"202200031236";"758 290";"B01";"1";"17";"0";"2";"4";"23";"1";""
"202200031236";"758 291";"A01";"1";"14";"0";"2";"1";"1";"1";""
"202200031237";"758 287";"B01";"3";"7";"0";"2";"6";"11";"1";""
"202200031237";"758 288";"A01";"3";"33";"0";"2";"2";"17";"1";""
"202200031238";"758 283";"B01";"1";"38";"0";"2";"1";"23";"1";"1"
"202200031238";"758 284";"A01";"2";"7";"0";"2";"1";"13";"1";""
"202200031239";"758 280";"A01";"1";"34";"0";"2";"1";"1";"1";""
"202200031239";"758 282";"B01";"1";"7";"0";"2";"7";"15";"1";""
"202200031240";"758 281";"A01";"1";"7";"13";"0";"7";"0";"1";""
"202200031241";"758 278";"A01";"1";"7";"2";"0";"2";"14";"1";""
"202200031242";"758 277";"B01";"1";"7";"0";"0";"4";"1";"1";""
"202200031242";"758 279";"A01";"1";"17";"0";"2";"1";"26";"1";""
"202200031243";"758 276";"A01";"0";"31";"0";"1";"1";"0";"0";""
"202200031244";"758 272";"A01";"1";"7";"0";"2";"3";"13";"1";""
"202200031244";"758 275";"B01";"1";"15";"0";"2";"3";"1";"1";""
"202200031245";"758 271";"A01";"1";"7";"0";"2";"1";"5";"1";""
"202200031245";"758 274";"B01";"1";"7";"0";"2";"1";"1";"1";""
"202200031246";"758 270";"A01";"1";"10";"0";"2";"8";"22";"1";""
"202200031246";"758 273";"B01";"1";"50";"1";"0";"1";"1";"3";""
"202200031247";"758 268";"B01";"1";"7";"0";"2";"1";"1";"1";""
"202200031247";"758 269";"A01";"2";"7";"0";"2";"1";"13";"1";""
"202200031248";"758 265";"B01";"1";"2";"0";"2";"8";"0";"1";""
"202200031248";"758 267";"A01";"1";"7";"0";"2";"7";"17";"0";""
"202200031249";"758 263";"A01";"2";"7";"15";"0";"2";"1";"1";""
"202200031250";"758 264";"B01";"1";"7";"0";"0";"3";"15";"1";""
"202200031250";"758 266";"A01";"1";"32";"0";"2";"1";"17";"1";""
"202200031251";"758 261";"B01";"1";"15";"0";"2";"6";"2";"0";""
"202200031251";"758 262";"A01";"1";"7";"0";"2";"1";"2";"0";""
"202200031252";"758 259";"B01";"1";"1";"0";"2";"1";"1";"5";""