"Num_Acc";"id_vehicule";"num_veh";"senc";"catv";"obs";"obsm";"choc";"manv";"motor";"occutc"
"202200032516";"755 971";"A01";"3";"7";"0";"2";"1";"1";"1";""
"202200032517";"755 968";"A01";"1";"7";"0";"4";"3";"1";"1";""
"202200032517";"755 969";"B01";"1";"40";"0";"2";"2";"1";"3";""
"202200032518";"755 966";"A01";"1";"7";"0";"9";"3";"15";"1";""
"202200032518";"755 967";"B01";"1";"0";"0";"2";"1";"16";"0";""
"202200032519";"755 964";"A01";"2";"7";"0";"2";"2";"15";"1";""
"202200032519";"755 965";"B01";"2";"31";"0";"2";"1";"0";"1";""
"202200032520";"755 959";"A01";"3";"7";"0";"2";"3";"13";"1";""
"202200032520";"755 960";"B01";"3";"7";"0";"2";"3";"1";"1";""
"202200032520";"755 961";"C01";"3";"7";"0";"2";"3";"1";"0";""
"202200032520";"755 962";"D01";"3";"7";"0";"2";"3";"1";"1";""
"202200032520";"755 963";"E01";"3";"7";"0";"2";"1";"1";"1";""
"202200032521";"755 958";"A01";"2";"7";"0";"1";"3";"9";"1";""
"202200032522";"755 954";"B01";"1";"1";"0";"2";"2";"0";"5";""
"202200032522";"755 955";"A01";"1";"7";"0";"2";"1";"9";"1";""
"202200032523";"755 953";"A01";"3";"7";"0";"1";"1";"16";"1";""
"202200032524";"755 951";"A01";"1";"7";"0";"2";"3";"15";"1";""
"202200032524";"755 952";"B01";"2";"2";"0";"2";"1";"1";"1";""
"202200032525";"755 949";"A01";"1";"7";"14";"2";"4";"2";"1";""
"202200032525";"755 950";"B01";"1";"1";"0";"2";"4";"23";"5";""
"202200032526";"755 947";"A01";"1";"7";"0";"2";"1";"9";"1";""
"202200032526";"755 948";"B01";"1";"7";"0";"2";"4";"23";"1";""
"202200032527";"755 945";"A01";"3";"7";"0";"2";"3";"13";"1";""
"202200032527";"755 946";"B01";"3";"17";"0";"2";"3";"1";"1";""
"202200032528";"755 942";"A01";"3";"7";"0";"2";"1";"1";"1";""
"202200032529";"755 940";"B01";"2";"7";"0";"2";"1";"2";"1";""
"202200032529";"755 941";"A01";"2";"7";"0";"2";"4";"23";"1";""
"202200032530";"755 939";"A01";"1";"7";"0";"1";"2";"2";"1";""
"202200032531";"755 937";"B01";"1";"33";"0";"2";"1";"1";"1";""
"202200032531";"755 938";"A01";"2";"10";"0";"2";"2";"10";"1";""
"202200032532";"755 935";"A01";"3";"2";"0";"2";"1";"8";"1";""
"202200032532";"755 936";"B01";"1";"7";"0";"2";"2";"0";"1";""
"202200032533";"755 929";"F01";"2";"7";"0";"2";"3";"1";"1";""
"202200032533";"755 930";"E01";"1";"7";"0";"2";"3";"5";"1";""
"202200032533";"755 931";"C01";"1";"14";"0";"2";"5";"23";"1";""
"202200032533";"755 932";"B01";"2";"30";"1";"0";"7";"0";"0";""
"202200032533";"755 933";"A01";"1";"99";"0";"2";"5";"23";"1";""
"202200032533";"755 934";"D01";"3";"7";"0";"2";"2";"23";"1";""
"202200032534";"755 927";"[01";"0";"34";" -1";"2";" -1";"0";" -1";""
"202200032534";"755 928";"A01";"0";"34";"0";"2";"8";"1";"1";""
"202200032535";"755 926";"A01";"2";"7";"0";"1";"1";"2";"1";""
"202200032536";"755 925";"A01";"3";"1";"0";"0";"0";"26";"5";""
"202200032537";"755 924";"A01";"3";"7";"6";"0";"1";"14";"1";""
"202200032538";"755 922";"A01";"1";"10";"0";"2";"1";"1";"1";""
"202200032538";"755 923";"B01";"1";"7";"0";"2";"4";"23";"1";""
"202200032539";"755 921";"A01";"3";"7";"0";"1";"1";"1";"1";""
"202200032540";"755 920";"A01";"2";"7";"0";"1";"3";"1";"1";""
"202200032541";"755 918";"B01";"1";"7";"0";"2";"5";"1";"1";""
"202200032541";"755 919";"A01";"1";"33";"0";"2";"3";"3";"1";""
"202200032542";"755 916";"B01";"2";"33";"0";"2";"7";"3";"1";""
"202200032542";"755 917";"A01";"2";"33";"0";"2";"6";"11";"1";""
"202200032543";"755 914";"B01";"1";"7";"0";"2";"4";"12";"1";""
"202200032543";"755 915";"A01";"1";"7";"0";"2";"1";"1";"1";""
"202200032544";"755 912";"B01";"1";"7";"0";"2";"6";"23";"2";""
"202200032544";"755 913";"A01";"1";"2";"0";"2";"2";"1";"1";""
"202200032545";"755 911";"A01";"2";"60";"0";"1";"7";"1";"5";""
"202200032546";"755 909";"B01";"1";"7";"0";"2";"5";"16";"1";""
"202200032546";"755 910";"A01";"1";"32";"0";"2";"8";"18";"1";""
"202200032547";"755 906";"C01";"2";"37";"0";"2";"8";"23";"1";"1"
"202200032547";"755 907";"B01";"2";"7";"0";"2";"7";"23";"3";""
"202200032547";"755 908";"A01";"1";"33";"0";"2";"8";"3";"1";""
"202200032548";"755 904";"B01";"1";"7";"0";"2";"3";"1";"2";""
"202200032548";"755 905";"A01";"2";"33";"0";"2";"2";"10";"1";""
"202200032549";"755 902";"B01";"2";"7";"0";"2";"3";"1";"2";""
"202200032549";"755 903";"A01";"1";"10";"0";"2";"2";"15";"1";""
"202200032550";"755 901";"A01";"3";"30";"12";"0";"8";"1";"3";""
"202200032551";"755 900";"Z01";"1";"7";"0";"1";"1";"1";"0";""
"202200032552";"755 898";"B01";"3";"33";"0";"2";"1";"15";"1";""
"202200032552";"755 899";"A01";"3";"7";"0";"2";"3";"16";"1";""
"202200032553";"755 896";"B01";"2";"99";"0";"0";"1";"15";"3";""
"202200032553";"755 897";"A01";"3";"7";"0";"2";"1";"17";"1";""
"202200032554";"755 894";"A01";"3";"7";"0";"2";"1";"2";"0";""
"202200032554";"755 895";"B01";"3";"7";"3";"0";"4";"2";"1";""
"202200032555";"755 892";"A01";"3";"7";"0";"9";"1";"26";"1";""
"202200032555";"755 893";"B01";"3";"1";"0";"2";"8";"26";"5";""
"202200032556";"755 890";"B01";"1";"7";"0";"2";"2";"15";"1";""
"202200032556";"755 891";"A01";"1";"50";"0";"2";"3";"2";"3";""
"202200032557";"755 889";"A01";"1";"7";"1";"0";"3";"13";"0";""
"202200032558";"755 887";"B01";" -1";"7";"0";"2";"1";"1";"1";""
"202200032558";"755 888";"A01";" -1";"7";"0";"0";"1";"13";"1";""
"202200032559";"755 884";"B01";"2";"30";"0";"2";"8";"18";"1";""
"202200032559";"755 886";"A01";"2";"7";"0";"0";"7";"14";"1";""
"202200032560";"755 880";"A01";"1";"7";"0";"2";"1";"2";"1";""
"202200032560";"755 882";"B01";"1";"7";"0";"2";"1";"2";"1";""
"202200032560";"755 883";"C01";"1";"7";"0";"2";"4";"2";"2";""
"202200032560";"755 885";"D01";"1";"7";"0";"2";"4";"0";"0";""
"202200032561";"755 879";"A01";"2";"7";"0";"2";"1";"15";"1";""
"202200032561";"755 881";"B01";"1";"33";"0";"2";"1";"1";"1";""
"202200032562";"755 875";"A01";"1";"7";"0";"2";"3";"9";"1";""
"202200032562";"755 877";"B01";"1";"32";"0";"2";"1";"1";"1";""
"202200032563";"755 876";"B01";"1";"7";"0";"0";"4";"2";"1";""
"202200032563";"755 878";"A01";"1";"33";"0";"2";"1";"2";"1";""
"202200032564";"755 872";"B01";"3";"50";"0";"2";"2";"1";"3";""
"202200032564";"755 874";"A01";"2";"7";"0";"2";"3";"1";"1";""
"202200032565";"755 870";"Z01";"2";"7";"0";"2";"1";"0";"0";""
"202200032565";"755 871";"A01";"2";"33";"0";"2";"7";"1";"1";""
"202200032565";"755 873";"B01";"2";"17";"0";"2";"8";"1";"1";""
"202200032566";"755 868";"B01";"3";"1";"0";"2";"0";"9";"5";""
"202200032566";"755 869";"A01";"3";"7";"0";"0";"1";"9";"1";""
"202200032567";"755 865";"A01";"2";"7";"2";"0";"3";"13";"1";""
"202200032568";"755 864";"A01";"1";"7";"0";"2";"1";"2";"1";""
"202200032568";"755 866";"B01";"1";"7";"0";"2";"4";"2";"1";""
"202200032568";"755 867";"C01";"1";"7";"0";"2";"4";"2";"1";""
"202200032569";"755 862";"A01";"1";"7";"0";"2";"7";"1";"1";""
"202200032569";"755 863";"B01";"1";"7";"0";"2";"3";"15";"1";""
"202200032570";"755 860";"B01";"2";"7";"0";"2";"4";"2";"1";""
"202200032570";"755 861";"A01";"2";"7";"0";"2";"1";"2";"1";""
"202200032571";"755 858";"A01";"2";"7";"0";"2";"3";"1";"1";""
"202200032571";"755 859";"B01";"1";"7";"0";"2";"2";"1";"1";""
"202200032572";"755 856";"B01";"1";"33";"0";"2";"7";"1";"1";""
"202200032572";"755 857";"A01";"1";"7";"0";"2";"8";"11";"1";""
"202200032573";"755 854";"B01";"1";"2";"0";"2";"3";"1";"1";""
"202200032573";"755 855";"A01";"1";"37";"0";"2";"5";"17";"1";"1"
"202200032574";"755 853";"A01";"2";"7";"0";"1";"2";"1";"1";""
"202200032575";"755 852";"A01";"1";"7";"0";"1";"1";"11";"2";""
"202200032576";"755 849";"Z01";"2";"33";"0";"1";"1";"1";"1";""
"202200032577";"755 846";"A01";"2";"10";"0";"2";"8";"13";"1";""
"202200032577";"755 847";"B01";"1";"7";"0";"2";"1";"1";"1";""
"202200032577";"755 848";"C01";"1";"14";"0";"2";"8";"1";"1";""
"202200032578";"755 845";"A01";"3";"0";"0";"1";"1";"1";"0";""
"202200032579";"755 844";"A01";"2";"7";"2";"0";"1";"14";"1";""
"202200032580";"755 843";"A01";"2";"7";"0";"1";"1";"15";"1";""
"202200032581";"755 842";"A01";"2";"33";"0";"1";"0";"1";"1";""
"202200032582";"755 841";"A01";"1";"2";"15";"0";"9";"25";"1";""
"202200032583";"755 840";"A01";"3";"10";"0";"1";"4";"26";"1";""
"202200032584";"755 839";"A01";"2";"10";"2";"0";"1";"14";"1";""
"202200032585";"755 837";"B01";"3";"10";"0";"2";"1";"2";"1";""
"202200032585";"755 838";"A01";"3";"7";"0";"2";"4";"1";"1";""
"202200032586";"755 835";"B01";"1";"10";"0";"0";"2";"1";"1";""
"202200032586";"755 836";"A01";"0";"7";"16";"0";"8";"19";"1";""
"202200032587";"755 834";"A01";"2";"7";"8";"0";"1";"9";"1";""
"202200032588";"755 831";"A01";"1";"7";"0";"2";"1";"19";"1";""
"202200032588";"755 833";"B01";"1";"7";"0";"2";"3";"1";"1";""
"202200032589";"755 830";"B01";"1";"31";"0";"2";"1";"1";"1";""
"202200032589";"755 832";"A01";"1";"7";"0";"2";"2";"1";"1";""
"202200032590";"755 829";"A01";"1";"7";"2";"0";"1";"0";"1";""
"202200032591";"755 827";"A01";"0";"10";"6";"0";"1";"0";"1";""
"202200032592";"755 826";"B01";"1";"40";"0";"2";"2";"0";"3";""
"202200032592";"755 828";"A01";"1";"7";"0";"4";"3";"16";"1";""
"202200032593";"755 824";"B01";"2";"1";"0";"2";"1";"1";"5";""
"202200032593";"755 825";"A01";"1";"7";"0";"2";"1";"15";"1";""
"202200032594";"755 822";"A01";"1";"33";"0";"2";"0";"9";"1";""
"202200032594";"755 823";"B01";"1";"7";"0";"2";"6";"23";"1";""
"202200032595";"755 820";"A01";"0";"7";"8";"2";"9";"1";"1";""
"202200032595";"755 821";"B01";"0";"7";"0";"2";"7";"1";"1";""
"202200032596";"755 818";"A01";"2";"7";"0";"2";"2";"1";"2";""
"202200032596";"755 819";"B01";"1";"10";"0";"2";"3";"1";"1";""
"202200032597";"755 817";"A01";"2";"7";"0";"0";"9";"1";"1";""
"202200032598";"755 816";"A01";"1";"33";"0";"0";"0";"1";"1";""
"202200032599";"755 815";"A01";"2";"7";"0";"0";"1";"14";"1";""
"202200032600";"755 812";"B01";"3";"2";"0";"2";"1";"2";"1";""
"202200032600";"755 814";"A01";"0";"7";"0";"2";"3";"1";"1";""
"202200032601";"755 811";"A01";"1";"7";"0";"2";"2";"15";"1";""
"202200032601";"755 813";"B01";"2";"7";"0";"2";"3";"0";"1";""
"202200032602";"755 810";"A01";"3";"2";"8";"0";"1";"14";"1";""
"202200032603";"755 808";"B01";"1";"7";"0";"2";"6";"2";"1";""
"202200032603";"755 809";"A01";"2";"33";"0";"2";"6";"17";"1";""
"202200032604";"755 807";"A01";"2";"7";"0";"0";"9";"14";"1";""
"202200032605";"755 806";"A01";"3";"2";"0";"0";"0";"15";"1";""
"202200032606";"755 805";"A01";"3";"7";"0";"1";"8";"1";"1";""
"202200032607";"755 804";"A01";"1";"33";"0";"0";"0";"1";"1";""
"202200032608";"755 802";"A01";"2";"7";"0";"0";"9";"1";"3";""
"202200032609";"755 801";"A01";"2";"7";"0";"2";"2";"26";"1";""
"202200032609";"755 803";"B01";"3";"1";"0";"2";"7";"19";"5";""
"202200032610";"755 799";"A01";"1";"80";"0";"2";"1";"1";"3";""
"202200032610";"755 800";"B01";"1";"7";"0";"9";"2";"1";"1";""
"202200032611";"755 797";"B01";"0";"7";"0";"2";"3";"1";"1";""
"202200032611";"755 798";"A01";"0";"10";"0";"2";"3";"15";"1";""
"202200032612";"755 796";"A01";"3";"36";"2";"0";"9";"1";"1";""
"202200032613";"755 793";"A01";"0";"7";"0";"1";"2";"15";"1";""
"202200032614";"755 792";"C01";"1";"7";"0";"2";"4";"1";"0";""
"202200032614";"755 794";"B01";"1";"7";"0";"2";"3";"1";"1";""
"202200032614";"755 795";"A01";"2";"7";"0";"2";"3";"13";"1";""
"202200032615";"755 791";"A01";"0";"7";"0";"0";"3";"26";"1";""
"202200032616";"755 790";"A01";"1";"17";"12";"0";"1";"13";"1";""
"202200032617";"755 789";"A01";"2";"7";"17";"0";"1";"14";"1";""
"202200032618";"755 787";"A01";"3";"7";"0";"2";"3";"26";"1";""
"202200032618";"755 788";"B01";"3";"7";"0";"2";"2";"26";"1";""
"202200032619";"755 785";"B01";"1";"7";"4";"2";"9";"2";"3";""
"202200032619";"755 786";"A01";"1";"7";"14";"2";"1";"2";"1";""
"202200032620";"755 782";"B01";"3";"7";"0";"2";"4";"23";"1";""
"202200032620";"755 784";"A01";"3";"7";"14";"0";"1";"1";"1";""
"202200032621";"755 781";"B01";"2";"7";"3";"0";"6";"1";"1";""
"202200032621";"755 783";"A01";"2";"7";"3";"2";"2";"1";"1";""
"202200032622";"755 780";"A01";"2";"7";"0";"1";"3";"1";"1";""
"202200032623";"755 778";"B01";"2";"7";"0";"2";"1";"1";"1";""
"202200032623";"755 779";"A01";"1";"33";"0";"2";"2";"5";"1";""
"202200032624";"755 776";"A01";"1";"7";"0";"2";"3";"15";"1";""
"202200032624";"755 777";"B01";"1";"37";"0";"2";"2";"1";"3";"2"
"202200032625";"755 774";"A01";"1";"7";"0";"1";"2";"1";"1";""
"202200032626";"755 773";"B01";"1";"7";"0";"2";"1";"6";"1";""
"202200032626";"755 775";"A01";"1";"7";"2";"2";"7";"0";"1";""
"202200032627";"755 771";"A01";"1";"31";"0";"0";"7";"17";"1";""
"202200032628";"755 770";"A01";"1";"2";"0";"2";"2";"17";"1";""
"202200032628";"755 772";"B01";"1";"7";"0";"2";"3";"15";"1";""
"202200032629";"755 768";"A01";"2";"7";"0";"2";"7";"1";"1";""
"202200032629";"755 769";"B01";"1";"7";"0";"2";"3";"1";"1";""
"202200032630";"755 767";"A01";"0";"10";"0";"1";"1";"1";"1";""
"202200032631";"755 765";"B01";"0";"7";"0";"2";"1";"1";"1";""
"202200032631";"755 766";"A01";"0";"7";"0";"2";"1";"13";"3";""
"202200032632";"755 764";"A01";"1";"7";"0";"1";"1";"1";"1";""
"202200032633";"755 761";"B01";"2";"7";"0";"2";"1";"1";"1";""
"202200032633";"755 763";"A01";"1";"7";"0";"2";"1";"1";"1";""
"202200032634";"755 760";"B01";"2";"1";"0";"2";"1";"26";"5";""
"202200032634";"755 762";"A01";"2";"7";"0";"2";"7";"17";"1";""
"202200032635";"755 757";"B01";"1";"34";"0";"2";"3";"1";"1";""
"202200032635";"755 759";"A01";"2";"7";"0";"2";"3";"1";"1";""
"202200032636";"755 756";"B01";"1";"7";"0";"2";"3";"26";"1";""
"202200032636";"755 758";"A01";"1";"1";"0";"2";"1";"1";"5";""
"202200032637";"755 754";"B01";"2";"33";"0";"2";"7";"1";"1";""
"202200032637";"755 755";"A01";"1";"7";"0";"2";"1";"19";"1";""
"202200032638";"755 753";"A01";"1";"7";"6";"0";"2";"1";"1";""
"202200032639";"755 750";"A01";"2";"7";"0";"2";"2";"15";"1";""
"202200032639";"755 752";"B01";"1";"31";"0";"0";"1";"1";"1";""
"202200032640";"755 749";"B01";"1";"7";"0";"2";"4";"1";"1";""
"202200032640";"755 751";"A01";"1";"33";"0";"2";"1";"2";"1";""
"202200032641";"755 747";"B01";"0";"7";"0";"2";"3";"15";"1";""
"202200032641";"755 748";"A01";"0";"30";"0";"2";"1";"16";"1";""
"202200032642";"755 744";"A01";"1";"7";"0";"2";"3";"10";"1";""
"202200032642";"755 745";"B01";"1";"10";"0";"2";"5";"17";"1";""
"202200032643";"755 746";"A01";"0";"7";"13";"0";"1";"0";"1";""
"202200032644";"755 743";"A01";"3";"7";"8";"0";"2";"1";"1";""
"202200032645";"755 741";"A01";"3";"7";"1";"0";"3";"26";"1";""
"202200032646";"755 739";"A01";"0";"7";"0";"2";"3";"15";"1";""
"202200032646";"755 740";"B01";"0";"33";"0";"2";"1";"1";"1";""
"202200032647";"755 737";"A01";"1";"31";"0";"2";"3";"17";"1";""
"202200032647";"755 738";"B01";"1";"80";"0";"2";"8";"15";"2";""
"202200032648";"755 734";"A01";"2";"7";"0";"2";"0";"0";"1";""
"202200032648";"755 735";"B01";"1";"50";"0";"2";"1";"1";"3";""
"202200032649";"755 736";"A01";"3";"7";"0";"2";"3";"1";"1";""
"202200032649";"755 742";"B01";"3";"7";"0";"2";"2";"16";"1";""
"202200032650";"755 732";"B01";"1";"34";"0";"2";"1";"1";"1";""
"202200032650";"755 733";"A01";"1";"7";"0";"2";"3";"15";"1";""
"202200032651";"755 730";"A01";"1";"7";"0";"2";"6";"9";"1";""
"202200032651";"755 731";"B01";"1";"2";"0";"2";"1";"0";"1";""
"202200032652";"755 727";"B01";"1";"7";"0";"2";"8";"15";"2";""
"202200032652";"755 728";"A01";"1";"30";"0";"2";"7";"17";"3";""
"202200032653";"755 726";"A01";"2";"7";"0";"2";"3";"13";"1";""
"202200032653";"755 729";"B01";"1";"7";"0";"2";"3";"1";"1";""
"202200032654";"755 724";"A01";"3";"50";"0";"2";"1";"1";"3";""
"202200032654";"755 725";"B01";"2";"10";"0";"9";"1";"1";"1";""
"202200032655";"755 721";"B01";"2";"7";"0";"2";"8";"0";"1";""
"202200032655";"755 723";"A01";"1";"7";"0";"2";"1";"26";"1";""
"202200032656";"755 718";"B01";"3";"2";"0";"2";"8";"1";"1";""
"202200032656";"755 719";"A01";"3";"7";"0";"2";"1";"1";"1";""
"202200032657";"755 720";"A01";"1";"7";"0";"2";"3";"1";"0";""
"202200032657";"755 722";"B01";"2";"7";"0";"2";"3";"15";"1";""
"202200032658";"755 716";"A01";"3";"1";"0";"2";"0";"0";"5";""
"202200032658";"755 717";"B01";"3";"7";"0";"2";"0";"0";"1";""
"202200032659";"755 714";"B01";"2";"7";"0";"2";"5";"23";"1";""
"202200032659";"755 715";"A01";"2";"7";"0";"2";"3";"1";"1";""
"202200032660";"755 712";"A01";"3";"7";"0";"2";"2";"1";"2";""
"202200032660";"755 713";"B01";"3";"60";"0";"2";"0";"19";"5";""
"202200032661";"755 709";"A01";"1";"1";"1";"2";"1";"21";"5";""
"202200032661";"755 710";"B01";"1";"10";"0";"2";"8";"23";"1";""
"202200032662";"755 711";"A01";"0";"36";"2";"0";"1";"1";"1";""
"202200032663";"755 708";"A01";"2";"7";"0";"1";"2";"1";"1";""
"202200032664";"755 706";"A01";"1";"32";"0";"0";"0";"21";"1";""
"202200032665";"755 705";"Z01";"2";"7";"0";"2";"0";"0";"1";""
"202200032665";"755 707";"A01";"2";"33";"0";"0";"0";"0";"1";""
"202200032666";"755 703";"B01";"1";"30";"0";"2";"3";"1";"1";""
"202200032666";"755 704";"A01";"0";"7";"0";"2";"2";"9";"1";""
"202200032667";"755 702";"A01";"2";"7";"0";"1";"2";"1";"1";""
"202200032668";"755 701";"A01";"2";"50";"0";"1";"1";"16";"3";""
"202200032669";"755 698";"B01";"1";"10";"0";"2";"4";"1";"1";""
"202200032669";"755 700";"A01";"1";"31";"0";"2";"1";"13";"1";""
"202200032670";"755 697";"A01";"1";"7";"0";"2";"7";"2";"1";""
"202200032670";"755 699";"B01";"1";"33";"0";"2";"6";"2";"1";""
"202200032671";"755 693";"B01";"2";"37";"0";"2";"7";"1";"1";"1"
"202200032671";"755 695";"A01";"2";"80";"0";"2";"8";"9";"3";""
"202200032672";"755 692";"C01";"2";"7";"0";"2";"4";"23";"2";""
"202200032672";"755 694";"A01";"2";"7";"0";"2";"1";"2";"1";""
"202200032672";"755 696";"B01";"2";"7";"0";"2";"4";"23";"1";""
"202200032673";"755 690";"A01";"1";"7";"4";"0";"0";"0";"1";""
"202200032674";"755 687";"B01";"2";"7";"0";"2";"6";"0";"1";""
"202200032674";"755 689";"A01";"2";"7";"0";"2";"2";"17";"1";""
"202200032675";"755 686";"A01";"1";"10";"0";"2";"7";"19";"0";""
"202200032675";"755 688";"B01";"1";"7";"0";"2";"1";"19";"1";""
"202200032675";"755 691";"C01";"1";"10";"0";"2";"3";"19";"1";""
"202200032676";"755 680";"A01";"1";"7";"0";"2";"5";"2";"1";""
"202200032676";"755 684";"Z01";"1";"7";"0";"2";"1";"2";"1";""
"202200032677";"755 679";"Z01";"2";"10";"0";"2";"1";"26";"1";""
"202200032677";"755 682";"B01";"2";"7";"0";"2";"4";"16";"1";""
"202200032678";"755 674";"A01";"1";"7";"4";"2";"1";"0";"1";""
"202200032678";"755 676";"B01";"1";"7";"0";"2";"0";"1";"1";""
"202200032678";"755 678";"C01";"1";"7";"14";"0";"0";"0";"1";""
"202200032678";"755 681";"D01";"1";"7";"14";"0";"0";"0";"1";""
"202200032678";"755 683";"E01";"1";"7";"14";"0";"0";"0";"1";""
"202200032678";"755 685";"F01";"1";"17";"14";"0";"0";"0";"1";""
"202200032679";"755 675";"B01";"2";"32";"0";"2";"1";"1";"1";""
"202200032679";"755 677";"A01";"2";"7";"0";"2";"8";"16";"1";""
"202200032680";"755 672";"B01";"2";"7";"0";"2";"3";"2";"1";""
"202200032680";"755 673";"A01";"2";"7";"0";"2";"2";"15";"1";""
"202200032681";"755 668";"B01";"1";"1";"0";"2";"1";"1";"0";""
"202200032681";"755 671";"A01";"2";"7";"0";"0";"0";"0";"1";""
"202200032682";"755 667";"A01";"1";"7";"3";"2";"8";"2";"1";""
"202200032682";"755 670";"Z01";"1";"0";"0";"2";"0";"0";"0";""
"202200032683";"755 669";"A01";"1";"7";"0";"1";"1";"17";"1";""
"202200032684";"755 666";"A01";"1";"7";"3";"0";"5";"0";"1";""
"202200032685";"755 663";"A01";"3";"10";"4";"0";"1";"15";"1";""
"202200032686";"755 662";"A01";"2";"30";"0";"2";"1";"17";"1";""
"202200032686";"755 664";"B01";"2";"7";"0";"2";"8";"15";"1";""
"202200032687";"755 660";"B01";"1";"7";"0";"2";"4";"1";"1";""
"202200032687";"755 661";"A01";"1";"7";"0";"2";"1";"1";"1";""
"202200032688";"755 658";"A01";"2";"10";"9";"0";"2";"14";"1";""
"202200032689";"755 657";"B01";"1";"2";"0";"2";"1";"15";"1";""
"202200032689";"755 659";"A01";"1";"7";"0";"2";"6";"15";"1";""
"202200032690";"755 655";"A01";"2";"7";"0";"2";"1";"2";"1";""
"202200032690";"755 656";"B01";"2";"10";"0";"2";"4";"1";"1";""
"202200032691";"755 651";"B01";"1";"1";"0";"2";"4";"26";"5";""
"202200032691";"755 653";"A01";"1";"7";"0";"9";"2";"26";"1";""
"202200032692";"755 652";"A01";"3";"7";"0";"2";"1";"2";"1";""
"202200032692";"755 654";"B01";"3";"10";"0";"2";"4";"2";"1";""
"202200032693";"755 650";"A01";"2";"7";"3";"0";"3";"6";"1";""
"202200032694";"755 649";"Z01";"2";"99";"0";"1";"1";"25";"0";""
"202200032695";"755 646";"B01";"2";"7";"0";"2";"5";"1";"1";""
"202200032695";"755 648";"A01";"2";"7";"0";"2";"3";"1";"1";""
"202200032696";"755 645";"B01";"1";"7";"0";"2";"6";"11";"1";""
"202200032696";"755 647";"A01";"1";"10";"0";"2";"2";"1";"1";""
"202200032697";"755 644";"A01";"2";"33";"9";"0";"5";"1";"1";""
"202200032698";"755 640";"B01";"1";"7";"0";"2";"1";"1";"1";""
"202200032698";"755 643";"A01";"1";"30";"0";"2";"6";"1";"1";""
"202200032699";"755 638";"B01";"3";"32";"0";"2";"2";"1";"1";""
"202200032699";"755 642";"A01";"3";"7";"0";"2";"3";"15";"2";""
"202200032700";"755 637";"A01";"1";"7";"0";"2";"1";"2";"1";""
"202200032700";"755 639";"B01";"1";"7";"0";"2";"4";"2";"1";""
"202200032700";"755 641";"C01";"1";"7";"0";"2";"4";"2";"1";""
"202200032701";"755 636";"A01";"1";"34";"0";"0";"9";"26";"1";""
"202200032702";"755 633";"A01";"2";"30";"0";"2";"1";"1";"1";""
"202200032702";"755 635";"B01";"1";"32";"0";"2";"8";"1";"1";""
"202200032703";"755 629";"A01";"2";"10";"0";"2";"1";"2";"0";""
"202200032703";"755 631";"B01";"2";"7";"0";"2";"1";"2";"0";""
"202200032703";"755 634";"C01";"2";"7";"0";"2";"4";"0";"0";""
"202200032704";"755 627";"D01";"1";"7";"1";"0";"6";"0";"1";""
"202200032704";"755 628";"C01";"1";"7";"1";"0";"1";"0";"1";""
"202200032704";"755 630";"B01";"1";"7";"14";"0";"6";"23";"1";""
"202200032704";"755 632";"A01";"1";"7";"4";"0";"1";"14";"1";""
"202200032705";"755 625";"A01";"1";"7";"5";"0";"9";"1";"1";""
"202200032706";"755 624";"A01";"1";"30";"0";"2";"1";"2";"3";""
"202200032706";"755 626";"B01";"1";"7";"0";"2";"4";"1";"1";""
"202200032707";"755 622";"A01";"1";"7";"6";"0";"1";"1";"1";""
"202200032708";"755 620";"A01";"1";"7";"0";"2";"1";"1";"1";""
"202200032708";"755 621";"B01";"1";"7";"0";"2";"8";"1";"1";""
"202200032709";"755 617";"A01";"1";"7";"0";"9";"2";"2";"1";""
"202200032709";"755 618";"B01";"1";"80";"0";"2";"1";"2";"3";""
"202200032710";"755 616";"A01";"3";"7";"0";"2";"7";"19";"1";""
"202200032710";"755 619";"B01";"3";"7";"0";"2";"1";"1";"1";""
"202200032711";"755 612";"B01";"1";"17";"0";"0";"6";"1";"1";""
"202200032711";"755 615";"A01";"1";"7";"0";"2";"2";"14";"1";""
"202200032712";"755 613";"B01";"1";"50";"0";"2";"9";"0";"3";""
"202200032712";"755 614";"A01";"1";"7";"0";"9";"0";"16";"0";""
"202200032713";"755 609";"A01";"3";"7";"0";"2";"8";"9";"1";""
"202200032713";"755 611";"B01";"3";"50";"0";"2";"1";"1";"3";""
"202200032714";"755 608";"A01";"1";"10";"3";"2";"1";"17";"1";""
"202200032714";"755 610";"B01";"1";"7";"3";"2";"7";"1";"1";""
"202200032715";"755 605";"A01";"1";"7";"0";"2";"2";"5";"1";""
"202200032715";"755 606";"B01";"2";"7";"0";"2";"2";"21";"1";""
"202200032716";"755 604";"B01";"1";"10";"0";"2";"0";"1";"1";""
"202200032716";"755 607";"A01";"1";"31";"0";"2";"6";"14";"1";""
"202200032717";"755 602";"B01";"1";"7";"0";"2";"0";"0";"1";""
"202200032717";"755 603";"A01";"2";"7";"0";"2";"1";"16";"1";""
"202200032718";"755 601";"A01";"2";"7";"3";"0";"0";"1";"1";""
"202200032719";"755 600";"A01";"2";"7";"0";"1";"8";"1";"1";""
"202200032720";"755 598";"A01";"3";"21";"0";"2";"1";"15";"1";""
"202200032720";"755 599";"B01";"1";"1";"0";"2";"1";"1";"5";""
"202200032721";"755 596";"A01";"3";"7";"0";"9";"2";"16";"1";""