"Num_Acc";"id_vehicule";"num_veh";"senc";"catv";"obs";"obsm";"choc";"manv";"motor";"occutc"
"202200032721";"755 597";"B01";"3";"1";"0";"2";"2";"19";"5";""
"202200032722";"755 595";"A01";"3";"10";"2";"0";"1";"13";"1";""
"202200032723";"755 592";"B01";"2";"1";"0";"2";"2";"1";"5";""
"202200032723";"755 594";"A01";"1";"7";"0";"2";"3";"1";"0";""
"202200032724";"755 591";"B01";"0";"7";"0";"0";"7";"0";"1";""
"202200032724";"755 593";"A01";"2";"7";"9";"0";"1";"0";"1";""
"202200032725";"755 589";"B01";"2";"2";"0";"2";"1";"21";"1";""
"202200032725";"755 590";"A01";"3";"10";"0";"2";"3";"15";"1";""
"202200032726";"755 588";"A01";"0";"7";"0";"1";"3";"1";"1";""
"202200032727";"755 584";"B01";"2";"14";"0";"2";"4";"1";"1";""
"202200032727";"755 585";"A01";"2";"15";"0";"2";"1";"2";"1";""
"202200032728";"755 583";"A01";"2";"1";"0";"0";"8";"9";"5";""
"202200032729";"755 582";"A01";"2";"0";"0";"1";"0";"1";"0";""
"202200032730";"755 581";"A01";"1";"7";"0";"1";"2";"1";"1";""
"202200032731";"755 580";"A01";"3";"7";"8";"0";"8";"1";"1";""
"202200032732";"755 577";"B01";"1";"7";"0";"2";"1";"1";"1";""
"202200032732";"755 578";"A01";"2";"7";"0";"2";"1";"1";"1";""
"202200032733";"755 576";"A01";"1";"7";"0";"2";"3";"1";"1";""
"202200032733";"755 579";"B01";"2";"7";"0";"2";"8";"1";"1";""
"202200032734";"755 573";"B01";"3";"2";"0";"2";"8";"15";"1";""
"202200032734";"755 575";"A01";"3";"7";"0";"2";"2";"17";"1";""
"202200032735";"755 574";"A01";"1";"7";"13";"0";"1";"1";"1";""
"202200032736";"755 572";"A01";"0";"7";"2";"0";"1";"1";"1";""
"202200032737";"755 570";"A01";"0";"7";"8";"0";"1";"1";"1";""
"202200032738";"755 569";"B01";"3";"7";"0";"2";"6";"23";"1";""
"202200032738";"755 571";"A01";"3";"1";"0";"2";"7";"17";"5";""
"202200032739";"755 568";"A01";"2";"7";"17";"0";"2";"2";"1";""
"202200032740";"755 566";"B01";"1";"7";"0";"2";"3";"1";"2";""
"202200032740";"755 567";"A01";"2";"1";"0";"2";"1";"1";"5";""
"202200032741";"755 564";"A01";"1";"10";"9";"2";"7";"1";"1";""
"202200032741";"755 565";"B01";"2";"7";"0";"2";"1";"1";"1";""
"202200032742";"755 563";"A01";"2";"7";"0";"1";"0";"2";"0";""
"202200032743";"755 562";"A01";"0";"7";"2";"0";"2";"1";"1";""
"202200032744";"755 559";"A01";"2";"7";"9";"2";"1";"1";"1";""
"202200032744";"755 561";"B01";"1";"7";"0";"2";"9";"1";"1";""
"202200032745";"755 557";"A01";"1";"1";"0";"2";"1";"13";"5";""
"202200032745";"755 558";"B01";"2";"31";"0";"2";"1";"1";"1";""
"202200032746";"755 560";"A01";"3";"7";"0";"1";"0";"1";"1";""
"202200032747";"755 556";"A01";"2";"3";"2";"0";"0";"0";"1";""
"202200032748";"755 554";"A01";"0";"30";"0";"2";"4";"24";"1";""
"202200032748";"755 555";"B01";"0";"7";"0";"2";"4";"0";"1";""
"202200032749";"755 552";"A01";"3";"7";"0";"2";"8";"19";"1";""
"202200032749";"755 553";"B01";"3";"10";"0";"2";"1";"1";"1";""
"202200032750";"755 547";"B01";"3";"7";"0";"2";"3";"1";"1";""
"202200032750";"755 548";"A01";"3";"30";"0";"2";"1";"13";"3";""
"202200032751";"755 546";"A01";"1";"7";"0";"0";"2";"1";"1";""
"202200032751";"755 549";"B01";"2";"7";"0";"2";"2";"1";"1";""
"202200032752";"755 544";"B01";"2";"15";"0";"1";"3";"14";"1";""
"202200032753";"755 543";"A01";"0";"7";"0";"2";"1";"19";"1";""
"202200032753";"755 545";"B01";"2";"7";"0";"2";"0";"0";"1";""
"202200032754";"755 541";"B01";"1";"30";"0";"2";"0";"0";"1";""
"202200032754";"755 542";"A01";"1";"7";"0";"2";"1";"1";"1";""
"202200032755";"755 540";"A01";" -1";"10";"3";"0";"2";"1";"0";""
"202200032756";"755 537";"B01";"1";"7";"0";"2";"4";"2";"1";""
"202200032756";"755 538";"C01";"1";"7";"0";"2";"4";"2";"1";""
"202200032756";"755 539";"A01";"1";"7";"0";"2";"1";"2";"1";""
"202200032757";"755 535";"A01";"1";"10";"1";"0";"4";"20";"1";""
"202200032758";"755 534";"B01";"2";"7";"0";"2";"1";"0";"1";""
"202200032758";"755 536";"A01";"1";"38";"0";"2";"1";"13";"1";"38"
"202200032759";"755 531";"B01";"3";"7";"0";"2";"6";"1";"1";""
"202200032759";"755 533";"A01";"3";"33";"0";"2";"1";"1";"1";""
"202200032760";"755 530";"A01";"2";"7";"0";"2";"1";"13";"1";""
"202200032760";"755 532";"B01";"1";"7";"0";"2";"1";"1";"1";""
"202200032761";"755 529";"A01";"1";"80";"12";"0";"1";"13";"3";""
"202200032762";"755 526";"A01";"1";"7";"0";"2";"1";"2";"1";""
"202200032762";"755 527";"B01";"1";"7";"0";"2";"4";"2";"1";""
"202200032762";"755 528";"C01";"1";"7";"0";"2";"4";"2";"1";""
"202200032763";"755 525";"A01";"2";"7";"1";"1";"1";"2";"1";""
"202200032764";"755 524";"A01";"1";"7";"0";"1";"1";"16";"1";""
"202200032765";"755 522";"B01";"2";"32";"0";"2";"0";"0";"1";""
"202200032765";"755 523";"A01";"2";"7";"1";"0";"0";"0";"0";""
"202200032766";"755 521";"A01";"1";"33";"13";"0";"1";"16";"1";""
"202200032767";"755 519";"A01";"1";"2";"0";"0";"0";"1";"1";""
"202200032768";"755 518";"A01";"0";"7";"0";"2";"5";"15";"1";""
"202200032768";"755 520";"B01";"3";"7";"0";"2";"1";"1";"1";""
"202200032769";"755 517";"A01";"1";"21";"0";"0";"0";"1";"1";""
"202200032770";"755 515";"A01";"1";"3";"14";"0";"1";"1";"6";""
"202200032770";"755 516";"B01";"3";"2";"15";"0";"7";"9";"0";""
"202200032771";"755 514";"A01";"3";"7";"0";"1";"2";"0";"0";""
"202200032772";"755 513";"A01";"1";"3";"0";"1";"1";"0";"1";""
"202200032773";"755 511";"A01";"0";"30";"0";"2";"0";"0";"1";""
"202200032773";"755 512";"B01";"0";"50";"0";"2";"0";"15";"3";""
"202200032774";"755 510";"A01";"2";"7";"13";"0";"1";"6";"1";""
"202200032775";"755 508";"A01";"3";"7";"0";"2";"5";"1";"0";""
"202200032775";"755 509";"Y01";"3";"50";"0";"2";"1";"1";"3";""
"202200032776";"755 507";"A01";"1";"33";"15";"0";"1";"13";"1";""
"202200032777";"755 505";"A01";"1";"7";"0";"2";"5";"16";"1";""
"202200032777";"755 506";"B01";"1";"99";"0";"2";"1";"1";"0";""
"202200032778";"755 503";"B01";"2";"21";"0";"2";"3";"15";"1";""
"202200032778";"755 504";"A01";"2";"7";"8";"2";"2";"17";"1";""
"202200032779";"755 502";"A01";"3";"10";"0";"1";"4";"4";"0";""
"202200032780";"755 501";"A01";"0";"7";"13";"0";"1";"1";"1";""
"202200032781";"755 498";"A01";"0";"33";"0";"2";"3";"15";"1";""
"202200032781";"755 500";"B01";"0";"7";"0";"2";"3";"1";"1";""
"202200032782";"755 497";"A01";"2";"7";"0";"2";"3";"13";"2";""
"202200032782";"755 499";"B01";"1";"7";"6";"2";"3";"1";"1";""
"202200032783";"755 495";"B01";"1";"7";"0";"2";"8";"1";"1";""
"202200032783";"755 496";"A01";"1";"33";"0";"2";"7";"17";"1";""
"202200032784";"755 492";"A01";"1";"7";"0";"2";"1";"1";"1";""
"202200032784";"755 493";"B01";"1";"15";"0";"0";"6";"1";"1";""
"202200032784";"755 494";"C01";"1";"10";"0";"2";"3";"2";"1";""
"202200032785";"755 490";"B01";"2";"7";"0";"2";"3";"1";"1";""
"202200032785";"755 491";"A01";"2";"50";"0";"2";"3";"12";"3";""
"202200032786";"755 489";"A01";"0";"2";"0";"0";"8";"1";"1";""
"202200032787";"755 487";"A01";"2";"30";"0";"2";"2";"13";"1";""
"202200032787";"755 488";"B01";"3";"7";"0";"2";"8";"15";"1";""
"202200032788";"755 486";"A01";"1";"14";"0";"1";"2";"1";"1";""
"202200032789";"755 483";"A01";"1";"33";"0";"2";"1";"1";"1";""
"202200032789";"755 485";"B01";"2";"7";"0";"2";"3";"9";"2";""
"202200032790";"755 482";"A01";"1";"7";"0";"2";"4";"1";"1";""
"202200032790";"755 484";"B01";"1";"7";"0";"2";"1";"0";"1";""
"202200032791";"755 479";"B01";"1";"50";"1";"0";"2";"1";"3";""
"202200032791";"755 481";"A01";"1";"13";"0";"0";"5";"24";"1";""
"202200032792";"755 477";"A01";"2";"17";"0";"2";"1";"1";"1";""
"202200032792";"755 478";"C01";"2";"17";"0";"2";"4";"2";"1";""
"202200032792";"755 480";"B01";"2";"17";"0";"2";"4";"2";"1";""
"202200032793";"755 475";"B01";"1";"7";"7";"2";"7";"19";"1";""
"202200032793";"755 476";"A01";"2";"7";"15";"2";"1";"0";"1";""
"202200032794";"755 473";"A01";"2";"7";"0";"2";"3";"11";"1";""
"202200032794";"755 474";"B01";"2";"31";"0";"2";"1";"3";"1";""
"202200032795";"755 472";"A01";"1";"10";"2";"0";"1";"1";"1";""
"202200032796";"755 470";"B01";"2";"33";"0";"2";"3";"3";"1";""
"202200032796";"755 471";"A01";"2";"7";"0";"2";"5";"12";"1";""
"202200032797";"755 468";"B01";"2";"7";"0";"2";"3";"17";"0";""
"202200032797";"755 469";"A01";"2";"33";"0";"0";"5";"17";"1";""
"202200032798";"755 462";"A01";"1";"7";"0";"2";"1";"2";"1";""
"202200032798";"755 464";"B01";"1";"7";"0";"2";"4";"2";"1";""
"202200032798";"755 466";"C01";"1";"7";"0";"2";"4";"2";"1";""
"202200032798";"755 467";"D01";"1";"7";"0";"2";"4";"2";"1";""
"202200032799";"755 463";"A01";"2";"7";"0";"2";"8";"19";"1";""
"202200032799";"755 465";"B01";"1";"33";"0";"2";"1";"1";"1";""
"202200032800";"755 459";"B01";"1";"10";"0";"2";"8";"1";"1";""
"202200032800";"755 461";"A01";"1";"10";"0";"2";"2";"1";"1";""
"202200032801";"755 458";"A01";"3";"7";"0";"2";"8";"19";"1";""
"202200032801";"755 460";"B01";"3";"33";"0";"2";"1";"1";"1";""
"202200032802";"755 454";"A01";"2";"7";"2";"0";"0";"1";"1";""
"202200032803";"755 453";"D01";"1";"7";"0";"2";"4";"2";"1";""
"202200032803";"755 455";"C01";"1";"7";"0";"2";"4";"2";"1";""
"202200032803";"755 456";"B01";"1";"7";"0";"2";"4";"2";"1";""
"202200032803";"755 457";"A01";"1";"7";"0";"2";"1";"2";"1";""
"202200032804";"755 452";"A01";"2";"10";"0";"1";"3";"1";"1";""
"202200032805";"755 451";"A01";"0";"30";"0";"1";"1";"26";"1";""
"202200032806";"755 449";"A01";"0";"7";"0";"1";"1";"1";"0";""
"202200032807";"755 448";"B01";"2";"7";"0";"2";"3";"1";"1";""
"202200032807";"755 450";"A01";"3";"7";"0";"2";"2";"19";"1";""
"202200032808";"755 446";"A01";"1";"33";"0";"0";"0";"1";"1";""
"202200032809";"755 445";"A01";"2";"2";"0";"0";"0";"1";"1";""
"202200032810";"755 444";"A01";"1";"7";"0";"1";"2";"16";"1";""
"202200032811";"755 439";"A01";"1";"33";"0";"0";"0";"11";"1";""
"202200032811";"755 440";"B01";"2";"7";"0";"2";"1";"1";"1";""
"202200032811";"755 442";"C01";"1";"7";"0";"2";"5";"0";"1";""
"202200032812";"755 436";"A01";"1";"7";"0";"2";"3";"0";"1";""
"202200032812";"755 438";"B01";"1";"7";"0";"2";"5";"1";"1";""
"202200032813";"755 435";"A01";"0";"1";"0";"0";"0";"1";"5";""
"202200032813";"755 437";"B01";"0";"1";"0";"0";"0";"1";"5";""
"202200032814";"755 433";"A01";"2";"7";"2";"0";"1";"14";"1";""
"202200032815";"755 432";"A01";"1";"7";"0";"2";"2";"15";"1";""
"202200032815";"755 434";"B01";"2";"32";"0";"2";"1";"14";"1";""
"202200032816";"755 431";"A01";"2";"7";"13";"6";"3";"21";"1";""
"202200032817";"755 428";"C01";"2";"7";"0";"2";"7";"23";"1";""
"202200032817";"755 429";"B01";"2";"1";"0";"2";"1";"17";"5";""
"202200032817";"755 430";"A01";"2";"7";"0";"2";"1";"1";"1";""
"202200032818";"755 424";"B01";"3";"1";"0";"2";"1";"0";"5";""
"202200032818";"755 426";"A01";"1";"7";"0";"9";"5";"20";"1";""
"202200032819";"755 421";"A01";"2";"7";"4";"2";"2";"11";"1";""
"202200032819";"755 422";"B01";"2";"7";"0";"2";"5";"1";"1";""
"202200032820";"755 420";"B01";"2";"7";"0";"0";"1";"1";"1";""
"202200032820";"755 423";"A01";"1";"7";"0";"2";"8";"13";"1";""
"202200032821";"755 419";"A01";"1";"31";"0";"0";"8";"0";"1";""
"202200032822";"755 416";"A01";"2";"7";"0";"2";"3";"1";"1";""
"202200032822";"755 418";"B01";"2";"7";"0";"2";"5";"19";"1";""
"202200032823";"755 417";"A01";"1";"10";"0";"1";"1";"1";"1";""
"202200032824";"755 415";"A01";"1";"7";"2";"0";"2";"14";"1";""
"202200032825";"755 413";"A01";"1";"7";"0";"2";"8";"22";"1";""
"202200032825";"755 414";"B01";"1";"2";"1";"0";"7";"1";"1";""
"202200032826";"755 411";"B01";"2";"1";"0";"2";"8";"2";"5";""
"202200032826";"755 412";"A01";"2";"1";"0";"2";"7";"2";"5";""
"202200032827";"755 408";"A01";"2";"7";"0";"2";"1";"1";"1";""
"202200032827";"755 409";"B01";"2";"7";"0";"2";"4";"2";"1";""
"202200032827";"755 410";"C01";"2";"7";"0";"2";"5";"2";"1";""
"202200032828";"755 407";"A01";"1";"7";"0";"1";"3";"0";"1";""
"202200032829";"755 406";"A01";"1";"37";"0";"1";"2";"7";"1";"1"
"202200032830";"755 405";"A01";"1";"33";"0";"0";"8";"1";"1";""
"202200032831";"755 403";"A01";"1";"7";"0";"2";"1";"2";"1";""
"202200032831";"755 404";"B01";"1";"7";"0";"2";"4";"2";"1";""
"202200032832";"755 398";"B01";"2";"7";"0";"2";"1";"1";"1";""
"202200032832";"755 400";"A01";"1";"7";"0";"2";"1";"15";"1";""
"202200032833";"755 396";"C01";"1";"10";"0";"2";"1";"1";"1";""
"202200032833";"755 397";"A01";"2";"7";"0";"2";"1";"5";"1";""
"202200032833";"755 399";"B01";"2";"7";"3";"0";"3";"1";"1";""
"202200032833";"755 401";"D01";"1";"7";"0";"0";"0";"1";"1";""
"202200032833";"755 402";"E01";"1";"7";"3";"0";"1";"1";"1";""
"202200032834";"755 394";"A01";"0";"1";"0";"2";"1";"1";"5";""
"202200032834";"755 395";"B01";"0";"7";"0";"9";"8";"1";"1";""
"202200032835";"755 393";"A01";"2";"33";"2";"0";"1";"0";"1";""
"202200032836";"755 391";"B01";"0";"7";"0";"2";"8";"0";"1";""
"202200032836";"755 392";"A01";"0";"7";"0";"2";"1";"1";"1";""
"202200032837";"755 389";"A01";"1";"7";"0";"2";"8";"19";"1";""
"202200032837";"755 390";"B01";"2";"33";"0";"2";"1";"1";"1";""
"202200032838";"755 388";"A01";"0";"7";"0";"2";"2";"14";"1";""
"202200032839";"755 385";"A01";"0";"33";"0";"2";"4";"9";"1";""
"202200032839";"755 387";"B01";"0";"7";"0";"2";"3";"1";"1";""
"202200032840";"755 386";"A01";"0";"7";"0";"0";"1";"1";"1";""
"202200032841";"755 383";"A01";"1";"7";"0";"2";"3";"11";"0";""
"202200032841";"755 384";"B01";"1";"33";"0";"2";"2";"3";"0";""
"202200032842";"755 382";"A01";"1";"33";"0";"0";"0";"1";"1";""
"202200032843";"755 380";"A01";"3";"7";"0";"0";"0";"14";"1";""
"202200032843";"755 381";"B01";"3";"33";"8";"0";"0";"21";"1";""
"202200032844";"755 378";"A01";"2";"7";"0";"2";"1";"15";"1";""
"202200032844";"755 379";"B01";"1";"33";"0";"2";"1";"1";"1";""
"202200032845";"755 375";"A01";"0";"7";"0";"0";"0";"9";"1";""
"202200032845";"755 377";"B01";"0";"1";"0";"0";"0";"1";"5";""
"202200032846";"755 376";"A01";"2";"7";"15";"0";"3";"1";"1";""
"202200032847";"755 374";"A01";"1";"7";"0";"0";"9";"1";"1";""
"202200032848";"755 372";"A01";"3";"7";"0";"1";"1";"1";"1";""
"202200032849";"755 371";"A01";"0";"1";"0";"2";"3";"16";"5";""
"202200032849";"755 373";"B01";"1";"7";"0";"2";"8";"1";"1";""
"202200032850";"755 367";"A01";"3";"7";"0";"2";"1";"16";"1";""
"202200032850";"755 369";"B01";"3";"7";"0";"2";"4";"23";"1";""
"202200032850";"755 370";"C01";"3";"7";"0";"2";"4";"23";"1";""
"202200032851";"755 368";"A01";"2";"7";"11";"0";"8";"1";"2";""
"202200032852";"755 364";"A01";"2";"7";"0";"2";"1";"1";"1";""
"202200032852";"755 366";"B01";"2";"7";"0";"2";"4";"1";"1";""
"202200032853";"755 365";"A01";"2";"7";"13";"0";"1";"1";"0";""
"202200032854";"755 362";"A01";"2";"7";"13";"0";"0";"0";"1";""
"202200032855";"755 361";"A01";"3";"7";"0";"2";"1";"15";"1";""
"202200032855";"755 363";"B01";"0";"1";"0";"2";"1";"1";" -1";""
"202200032856";"755 360";"A01";"2";"7";"3";"0";"2";"14";"1";""
"202200032857";"755 359";"A01";"3";"7";"0";"1";"0";"20";"1";""
"202200032858";"755 355";"B01";"3";"7";"0";"2";"1";"1";"1";""
"202200032858";"755 358";"A01";"3";"7";"0";"2";"1";"5";"1";""
"202200032859";"755 356";"A01";"2";"10";"0";"2";"1";"1";"1";""
"202200032859";"755 357";"B01";"3";"7";"0";"2";"1";"26";"1";""
"202200032860";"755 353";"B01";"1";"32";"0";"2";"3";"1";"1";""
"202200032860";"755 354";"A01";"0";"7";"0";"2";"3";"13";"1";""
"202200032861";"755 351";"A01";"3";"7";"16";"0";"0";"1";"1";""
"202200032862";"755 350";"B01";"2";"7";"0";"2";"3";"1";"1";""
"202200032862";"755 352";"A01";"1";"7";"0";"2";"2";"1";"1";""
"202200032863";"755 348";"B01";"1";"7";"0";"0";"1";"2";"1";""
"202200032863";"755 349";"A01";"1";"2";"0";"0";"4";"2";"1";""
"202200032864";"755 346";"B01";"2";"7";"0";"2";"4";"2";"1";""
"202200032864";"755 347";"A01";"2";"7";"0";"2";"1";"2";"1";""
"202200032865";"755 344";"A01";"2";"7";"0";"2";"1";"13";"1";""
"202200032865";"755 345";"B01";"1";"7";"0";"2";"1";"1";"1";""
"202200032866";"755 342";"B01";"1";"10";"0";"2";"2";"15";"1";""
"202200032866";"755 343";"A01";"1";"32";"0";"2";"1";"17";"1";""
"202200032867";"755 340";"A01";"2";"30";"0";"0";"0";"3";"1";""
"202200032868";"755 339";"B01";"0";"1";"0";"2";"0";"0";"5";""
"202200032868";"755 341";"A01";"0";"1";"0";"2";"0";"0";"5";""
"202200032869";"755 333";"A01";"1";"7";"0";"0";"6";"26";"1";""
"202200032869";"755 336";"B01";"1";"7";"0";"2";"2";"12";"1";""
"202200032870";"755 334";"B01";"1";"7";"0";"2";"4";"1";"2";""
"202200032870";"755 337";"A01";"1";"7";"0";"2";"1";"26";"1";""
"202200032871";"755 335";"B01";"2";"1";"0";"2";"1";"15";"5";""
"202200032871";"755 338";"A01";"1";"7";"2";"2";"1";"1";"1";""
"202200032872";"755 331";"A01";"2";"7";"9";"0";"1";"0";"1";""
"202200032873";"755 328";"C01";"1";"7";"0";"2";"5";"1";"3";""
"202200032873";"755 330";"B01";"1";"7";"0";"2";"3";"1";"1";""
"202200032873";"755 332";"A01";"1";"33";"0";"2";"1";"3";"1";""
"202200032874";"755 327";"A01";"3";"7";"6";"0";"2";"1";"1";""
"202200032875";"755 326";"B01";"1";"7";"0";"2";"8";"15";"1";""
"202200032875";"755 329";"A01";"1";"33";"0";"2";"1";"17";"1";""
"202200032876";"755 323";"B01";"1";"7";"0";"2";"4";"1";"2";""
"202200032876";"755 325";"A01";"1";"7";"4";"2";"3";"1";"1";""
"202200032877";"755 322";"B01";"2";"7";"0";"2";"5";"15";"1";""
"202200032877";"755 324";"A01";"2";"33";"0";"2";"1";"1";"1";""
"202200032878";"755 320";"A01";"2";"7";"4";"0";"1";"1";"1";""
"202200032879";"755 321";"B01";"1";"1";"0";"2";"1";"1";"5";""
"202200032880";"755 319";"A01";"0";"7";"15";"0";"1";"14";"1";""
"202200032881";"755 317";"A01";"2";"7";"4";"0";"1";"26";"1";""
"202200032882";"755 316";"A01";"1";"7";"0";"2";"7";"1";"1";""
"202200032882";"755 318";"B01";"1";"7";"0";"2";"3";"1";"1";""
"202200032883";"755 315";"A01";"1";"7";"12";"0";"1";"26";"1";""
"202200032884";"755 313";"A01";"3";"34";"14";"0";"1";"17";"1";""
"202200032885";"755 310";"C01";"2";"7";"0";"2";"4";"1";"1";""
"202200032885";"755 312";"B01";"2";"7";"0";"2";"4";"1";"1";""
"202200032885";"755 314";"A01";"2";"7";"0";"2";"1";"1";"1";""
"202200032886";"755 309";"A01";"2";"7";"0";"2";"3";"1";"1";""
"202200032886";"755 311";"B01";"2";"7";"0";"2";"5";"1";"1";""
"202200032887";"755 306";"B01";"1";"7";"15";"2";"3";"1";"1";""
"202200032887";"755 308";"A01";"2";"7";"0";"2";"3";"13";"1";""
"202200032888";"755 304";"A01";"2";"33";"0";"2";"1";"3";"1";""
"202200032888";"755 307";"B01";"2";"7";"0";"2";"4";"12";"1";""
"202200032889";"755 302";"B01";"1";"7";"0";"2";"3";"1";"1";""
"202200032889";"755 305";"A01";"2";"7";"0";"2";"2";"15";"1";""
"202200032890";"755 301";"A01";"3";"7";"0";"1";"4";"26";"1";""
"202200032891";"755 300";"B01";"1";"10";"0";"2";"1";"1";"1";""
"202200032891";"755 303";"A01";"2";"7";"0";"2";"1";"13";"1";""
"202200032892";"755 299";"A01";"1";"7";"0";"1";"2";"1";"1";""
"202200032893";"755 297";"A01";"2";"7";"0";"0";"0";"1";"1";""
"202200032894";"755 295";"A01";"1";"7";"0";"2";"1";"1";"1";""
"202200032894";"755 296";"B01";"2";"1";"0";"2";"1";"13";"5";""
"202200032894";"755 298";"C01";"2";"1";"0";"2";"1";"13";"5";""
"202200032895";"755 294";"A01";"1";"7";"0";"1";"3";"5";"1";""
"202200032896";"755 292";"B01";"3";"7";"0";"2";"3";"1";"1";""
"202200032896";"755 293";"A01";"3";"7";"0";"2";"3";"13";"1";""
"202200032897";"755 289";"A01";"2";"2";"0";"2";"4";"2";"1";""
"202200032897";"755 291";"B01";"2";"7";"0";"2";"1";"2";"1";""
"202200032898";"755 288";"B01";"2";"33";"0";"2";"1";"1";"1";""
"202200032898";"755 290";"A01";"1";"7";"0";"2";"7";"10";"1";""
"202200032899";"755 283";"B01";"1";"33";"0";"2";"1";"2";"1";""
"202200032899";"755 285";"A01";"1";"13";"0";"2";"4";"4";"1";""
"202200032900";"755 284";"A01";"2";"7";"0";"2";"1";"1";"1";""
"202200032900";"755 287";"B01";"1";"7";"0";"0";"2";"15";"1";""
"202200032901";"755 282";"B01";"1";"2";"0";"2";"1";"1";"1";""
"202200032901";"755 286";"A01";"1";"7";"0";"2";"3";"15";"1";""
"202200032902";"755 281";"B01";"1";"7";"0";"1";"2";"1";"1";""
"202200032903";"755 277";"A01";"1";"7";"0";"2";"1";"1";"1";""
"202200032903";"755 279";"B01";"2";"7";"0";"2";"8";"1";"1";""
"202200032904";"755 278";"A01";"3";"7";"0";"2";"3";"0";"1";""
"202200032904";"755 280";"B01";"3";"1";"0";"2";"6";"15";"5";""
"202200032905";"755 276";"A01";"3";"30";"0";"0";"0";"1";"1";""
"202200032906";"755 274";"A01";"2";"40";"0";"1";"3";"1";"3";""
"202200032907";"755 273";"A01";"1";"34";"0";"1";"8";"21";"1";""
"202200032908";"755 272";"A01";"2";"7";"0";"2";"4";"2";"1";""
"202200032908";"755 275";"B01";"2";"1";"0";"2";"1";"2";"5";""
"202200032909";"755 268";"B01";"1";"7";"0";"2";"4";"1";"1";""
"202200032909";"755 271";"A01";"1";"31";"0";"2";"1";"1";"1";""
"202200032910";"755 267";"B01";"3";"7";"0";"2";"3";"1";"1";""
"202200032910";"755 270";"A01";"3";"7";"0";"2";"3";"13";"1";""
"202200032911";"755 269";"A01";"1";"7";"0";"1";"1";"1";"1";""
"202200032912";"755 264";"A01";"3";"7";"0";"1";"2";"1";"1";""
"202200032913";"755 262";"A01";"1";"33";"0";"2";"1";"8";"1";""
"202200032913";"755 265";"B01";"2";"7";"0";"2";"3";"15";"1";""
"202200032914";"755 263";"B01";"0";"31";"0";"2";"1";"1";"1";""
"202200032914";"755 266";"A01";"3";"7";"0";"2";"7";"15";"1";""
"202200032915";"755 261";"A01";"1";"33";"0";"6";"1";"1";"1";""
"202200032916";"755 259";"A01";"0";"33";"0";"0";"9";"1";"1";""
"202200032917";"755 260";"A01";"3";"7";"0";"1";"1";"1";"1";""
"202200032918";"755 258";"A01";"2";"7";"2";"0";"1";"15";"1";""
"202200032919";"755 257";"A01";"3";"7";"0";"1";"3";"15";"1";""
"202200032920";"755 256";"A01";"1";"43";"0";"1";"1";"1";"1";""
"202200032921";"755 254";"B01";"3";"7";"0";"2";"3";"5";"1";""
"202200032921";"755 255";"A01";"3";"7";"0";"2";"6";"1";"1";""
"202200032922";"755 253";"A01";"1";"7";"0";"1";"2";"26";"1";""
"202200032923";"755 251";"A01";"0";"7";"2";"0";"1";"0";"1";""
"202200032924";"755 250";"A01";"3";"50";"0";"2";"1";"19";"3";""
"202200032924";"755 252";"Z01";"3";"17";"0";"2";"2";"16";"1";""
"202200032925";"755 248";"B01";"0";"50";"0";"2";"0";"0";"3";""
"202200032925";"755 249";"A01";"0";"7";"0";"2";"0";"0";"0";""
"202200032926";"755 247";"A01";"1";"7";"0";"1";"2";"19";"1";""
"202200032927";"755 246";"A01";"1";"33";"9";"0";"1";"13";"1";""
"202200032928";"755 243";"B01";"1";"1";"0";"2";"4";"1";"5";""
"202200032928";"755 244";"A01";"1";"7";"0";"2";"1";"1";"1";""
"202200032929";"755 242";"B01";"2";"31";"0";"2";"7";"17";"1";""
"202200032929";"755 245";"A01";"2";"7";"0";"2";"3";"10";"1";""
"202200032930";"755 240";"A01";"2";"7";"0";"2";"1";"15";"1";""
"202200032930";"755 241";"B01";"1";"32";"0";"2";"1";"1";"1";""
"202200032931";"755 238";"A01";"1";"20";"10";"0";"1";"26";"1";""
"202200032932";"755 237";"B01";"2";"32";"0";"2";"8";"3";"1";""
"202200032932";"755 239";"A01";"2";"7";"0";"2";"2";"12";"1";""
"202200032933";"755 235";"B01";"2";"7";"0";"2";"3";"1";"1";""
"202200032933";"755 236";"A01";"1";"7";"0";"2";"2";"15";"1";""
"202200032934";"755 233";"A01";"3";"1";"0";"2";"1";"1";"5";""
"202200032934";"755 234";"B01";"3";"7";"0";"2";"1";"1";"1";""
"202200032935";"755 232";"A01";"2";"7";"0";"0";"9";"0";"1";""
"202200032936";"755 228";"B01";"2";"7";"0";"2";"4";"2";"2";""
"202200032936";"755 230";"A01";"2";"7";"0";"2";"1";"2";"0";""
"202200032937";"755 226";"A01";"3";"7";"0";"2";"3";"9";"1";""
"202200032937";"755 229";"B01";"3";"30";"0";"2";"2";"1";"3";""
"202200032938";"755 227";"B01";"1";"7";"0";"2";"4";"1";"1";""
"202200032938";"755 231";"A01";"1";"7";"0";"2";"1";"17";"1";""
"202200032939";"755 224";"A01";"3";"7";"4";"0";"2";"1";"1";""
"202200032940";"755 221";"B01";"0";"7";"0";"2";"2";"1";"1";""
"202200032940";"755 223";"A01";"0";"10";"0";"2";"1";"9";"1";""
"202200032941";"755 219";"A01";"2";"7";"0";"2";"1";"1";"1";""