"Num_Acc";"id_vehicule";"num_veh";"senc";"catv";"obs";"obsm";"choc";"manv";"motor";"occutc"
"202200033587";"754 091";"B01";"1";"2";"0";"2";"1";"2";"1";""
"202200033587";"754 092";"A01";"1";"7";"0";"2";"4";"23";"1";""
"202200033588";"754 088";"A01";"1";"7";"0";"2";"1";"2";"1";""
"202200033588";"754 089";"B01";"1";"7";"0";"2";"4";"1";"1";""
"202200033588";"754 090";"C01";"1";"3";"0";"2";"4";"2";"1";""
"202200033589";"754 087";"A01";"2";"7";"0";"1";"2";"1";"1";""
"202200033590";"754 086";"A01";"1";"7";"0";"0";"1";"2";"1";""
"202200033591";"754 084";"B01";"1";"7";"0";"2";"2";"18";"1";""
"202200033591";"754 085";"A01";"1";"7";"0";"2";"2";"18";"1";""
"202200033592";"754 082";"A01";"1";"31";"0";"2";"1";"1";"1";""
"202200033592";"754 083";"B01";"1";"7";"0";"2";"7";"15";"1";""
"202200033593";"754 081";"A01";"3";"7";"16";"0";"9";"16";"1";""
"202200033594";"754 079";"B01";"2";"32";"0";"2";"4";"2";"1";""
"202200033594";"754 080";"A01";"1";"7";"0";"2";"2";"2";"1";""
"202200033595";"754 078";"A01";"1";"7";"0";"1";"3";"1";"1";""
"202200033596";"754 077";"A01";"1";"7";"5";"0";"9";"1";"1";""
"202200033597";"754 075";"A01";"0";"7";"8";"2";"8";"15";"1";""
"202200033597";"754 076";"B01";"0";"7";"8";"0";"1";"1";"1";""
"202200033598";"754 073";"A01";"2";"7";"0";"2";"3";"15";"1";""
"202200033598";"754 074";"B01";"1";"31";"0";"2";"1";"1";"1";""
"202200033599";"754 070";"B01";"1";"7";"0";"2";"1";"2";"1";""
"202200033599";"754 071";"C01";"2";"7";"0";"2";"8";"23";"1";""
"202200033599";"754 072";"A01";"1";"7";"0";"2";"8";"9";"1";""
"202200033600";"754 068";"B01";"0";"50";"0";"2";"1";"19";"3";""
"202200033600";"754 069";"A01";"3";"7";"0";"2";"1";"1";"1";""
"202200033601";"754 066";"B01";"3";"10";"0";"2";"3";"0";"0";""
"202200033601";"754 067";"A01";"3";"50";"0";"2";"8";"19";"3";""
"202200033602";"754 064";"B01";"2";"7";"0";"2";"4";"2";"1";""
"202200033602";"754 065";"A01";"2";"7";"0";"2";"1";"2";"1";""
"202200033603";"754 060";"A01";"3";"7";"0";"2";"5";"15";"0";""
"202200033603";"754 061";"B01";"3";"2";"0";"2";"1";"1";"1";""
"202200033604";"754 058";"A01";"2";"43";"0";"0";"3";"16";"1";""
"202200033604";"754 059";"B01";"2";"7";"0";"0";"1";"9";"1";""
"202200033605";"754 057";"A01";"0";"34";"0";"0";"1";"1";"1";""
"202200033606";"754 056";"A01";"1";"7";"0";"1";"2";"26";"1";""
"202200033607";"754 053";"A01";"1";"7";"14";"2";"1";"26";"1";""
"202200033607";"754 054";"B01";"1";"7";"0";"2";"4";"1";"1";""
"202200033607";"754 055";"C01";"1";"7";"16";"0";"4";"15";"1";""
"202200033608";"754 052";"A01";"1";"7";"9";"0";"1";"19";"1";""
"202200033609";"754 048";"B01";"1";"2";"0";"2";"1";"5";"1";""
"202200033609";"754 049";"A01";"2";"7";"0";"2";"2";"21";"1";""
"202200033610";"754 046";"A01";"2";"7";"0";"2";"2";"12";"1";""
"202200033610";"754 047";"B01";"2";"7";"0";"2";"8";"1";"1";""
"202200033611";"754 044";"Z01";"1";"7";"0";"2";"1";"0";"1";""
"202200033611";"754 045";"B01";"2";"34";"0";"2";"1";"1";"1";""
"202200033612";"754 042";"B01";"3";"50";"0";"2";"4";"1";"3";""
"202200033612";"754 043";"A01";"3";"7";"0";"2";"0";"0";"1";""
"202200033613";"754 040";"A01";"3";"7";"0";"2";"7";"16";"1";""
"202200033613";"754 041";"B01";"3";"2";"0";"2";"2";"1";"1";""
"202200033614";"754 039";"A01";"3";"43";"12";"0";"2";"14";"1";""
"202200033615";"754 038";"A01";"2";"31";"0";"0";"0";"1";"1";""
"202200033616";"754 036";"A01";"1";"31";"0";"2";"7";"12";"1";""
"202200033616";"754 037";"B01";"1";"7";"0";"2";"8";"1";"1";""
"202200033617";"754 033";"Z01";"1";"7";"0";"2";"0";"12";"0";""
"202200033617";"754 034";"B01";"1";"7";"6";"2";"8";"2";"1";""
"202200033617";"754 035";"A01";"1";"7";"0";"2";"7";"2";"1";""
"202200033618";"754 031";"A01";"2";"33";"0";"2";"2";"3";"1";""
"202200033618";"754 032";"B01";"2";"7";"0";"2";"3";"11";"1";""
"202200033619";"754 029";"A01";"1";"34";"0";"2";"8";"1";"1";""
"202200033619";"754 030";"Z01";"1";"7";"0";"2";"5";"12";"1";""
"202200033620";"754 027";"Z01";"1";"7";"0";"2";"7";"12";"0";""
"202200033620";"754 028";"A01";"1";"33";"0";"2";"8";"3";"1";""
"202200033621";"754 024";"A01";"1";"15";"0";"2";"2";"2";"1";""
"202200033621";"754 025";"B01";"1";"10";"0";"2";"6";"11";"1";""
"202200033621";"754 026";"C01";"1";"7";"0";"2";"8";"2";"1";""
"202200033622";"754 022";"B01";"1";"7";"0";"2";"8";"20";"1";""
"202200033622";"754 023";"A01";"1";"30";"0";"2";"7";"17";"1";""
"202200033623";"754 020";"B01";"1";"1";"0";"2";"3";"1";"5";""
"202200033623";"754 021";"A01";"2";"37";"0";"2";"2";"15";"3";"1"
"202200033624";"754 019";"Z01";"1";"1";"0";"1";"1";"1";"5";""
"202200033625";"754 017";"A01";"3";"1";"0";"2";"1";"1";"5";""
"202200033625";"754 018";"B01";"3";"1";"0";"2";"4";"1";"5";""
"202200033626";"754 015";"Z01";"1";"7";"0";"2";"4";"9";"2";""
"202200033626";"754 016";"A01";"1";"50";"0";"2";"1";"1";"3";""
"202200033627";"754 014";"A01";"1";"7";"0";"1";"6";"20";"1";""
"202200033628";"754 012";"A01";"1";"7";"0";"2";"3";"15";"1";""
"202200033628";"754 013";"B01";"2";"1";"0";"2";"1";"1";"5";""
"202200033629";"754 010";"A01";"1";"34";"0";"2";"1";"1";"1";""
"202200033629";"754 011";"B01";"2";"7";"0";"2";"3";"1";"2";""
"202200033630";"754 008";"A01";"3";"7";"0";"2";"1";"23";"1";""
"202200033630";"754 009";"B01";"3";"33";"0";"2";"1";"1";"1";""
"202200033631";"754 007";"A01";"1";"7";"0";"1";"2";"1";"2";""
"202200033632";"754 006";"A01";"2";"30";"8";"0";"1";"1";"3";""
"202200033633";"754 005";"A01";"1";"3";"6";"0";"2";"1";"0";""
"202200033634";"754 004";"A01";"3";"7";"0";"1";"3";"16";"1";""
"202200033635";"754 002";"B01";"1";"2";"0";"2";"1";"1";"1";""
"202200033635";"754 003";"A01";"1";"10";"0";"2";"1";"1";"1";""
"202200033636";"754 000";"A01";"2";"32";"0";"2";"1";"1";"1";""
"202200033636";"754 001";"B01";"1";"1";"0";"2";"7";"1";"5";""
"202200033637";"753 999";"A01";"1";"7";"0";"1";"1";"15";"2";""
"202200033638";"753 997";"A01";"3";"7";"0";"9";"3";"1";"1";""
"202200033638";"753 998";"B01";"3";"7";"0";"2";"1";"13";"1";""
"202200033639";"753 995";"B01";"2";"7";"0";"2";"6";"26";"2";""
"202200033639";"753 996";"A01";"2";"1";"0";"2";"0";"0";"5";""
"202200033640";"753 994";"A01";"2";"7";"2";"0";"1";"14";"1";""
"202200033641";"753 992";"A01";"0";"2";"0";"2";"1";"2";"1";""
"202200033641";"753 993";"B01";"0";"2";"0";"0";"6";"15";"1";""
"202200033642";"753 991";"A01";"2";"1";"0";"0";"0";"1";"5";""
"202200033643";"753 989";"A01";"1";"7";"0";"2";"1";"1";"1";""
"202200033643";"753 990";"B01";"1";"21";"0";"0";"4";"15";"1";""
"202200033644";"753 987";"A01";"1";"10";"0";"2";"1";"26";"1";""
"202200033644";"753 988";"C01";"1";"1";"0";"2";"4";"1";"5";""
"202200033645";"753 986";"A01";"1";"2";"8";"0";"2";"1";"1";""
"202200033646";"753 984";"A01";"2";"7";"0";"2";"3";"0";"2";""
"202200033646";"753 985";"B01";"1";"7";"0";"2";"3";"0";"1";""
"202200033647";"753 983";"A01";"1";"7";"15";"0";"1";"1";"1";""
"202200033648";"753 981";"B01";"2";"31";"0";"2";"1";"1";"1";""
"202200033648";"753 982";"A01";"1";"7";"0";"2";"1";"13";"1";""
"202200033649";"753 979";"A01";"0";"99";"0";"0";"8";"9";"6";""
"202200033649";"753 980";"B01";"1";"7";"0";"5";"1";"1";"1";""
"202200033650";"753 976";"A01";"2";"7";"6";"0";"1";"5";"1";""
"202200033651";"753 975";"A01";"2";"7";"6";"0";"3";"13";"1";""
"202200033652";"753 974";"A01";"3";"1";"0";"0";"0";"23";"5";""
"202200033653";"753 973";"A01";"1";"10";"0";"0";"1";"1";"1";""
"202200033654";"753 972";"A01";"2";"7";"6";"0";"1";"0";"1";""
"202200033655";"753 971";"A01";"1";"7";"0";"1";"2";"1";"1";""
"202200033656";"753 970";"A01";"1";"2";"0";"0";"0";"0";"1";""
"202200033657";"753 969";"A01";"1";"7";"13";"0";"0";"1";"1";""
"202200033658";"753 967";"B01";"2";"7";"0";"2";"3";"1";"1";""
"202200033658";"753 968";"A01";"1";"7";"0";"2";"3";"17";"1";""
"202200033659";"753 964";"A01";"1";"36";"0";"2";"3";"1";"1";""
"202200033659";"753 965";"B01";"2";"7";"0";"2";"8";"1";"1";""
"202200033660";"753 962";"B01";"2";"7";"0";"2";"1";"1";"1";""
"202200033660";"753 963";"A01";"1";"7";"0";"2";"3";"13";"1";""
"202200033661";"753 961";"A01";"1";"7";"2";"0";"1";"1";"1";""
"202200033662";"753 959";"B01";"2";"1";"0";"0";"4";"1";"5";""
"202200033662";"753 960";"A01";"2";"7";"0";"2";"2";"1";"1";""
"202200033663";"753 957";"B01";"2";"7";"0";"2";"1";"1";"1";""
"202200033663";"753 958";"A01";"1";"31";"0";"2";"1";"15";"1";""
"202200033664";"753 955";"B01";"2";"7";"0";"2";"2";"1";"1";""
"202200033664";"753 956";"A01";"2";"7";"0";"2";"1";"17";"1";""
"202200033665";"753 954";"A01";"2";"7";"2";"0";"8";"13";"1";""
"202200033666";"753 953";"A01";"3";"3";"15";"0";"3";"13";"1";""
"202200033667";"753 952";"A01";"1";"7";"6";"0";"1";"1";"1";""
"202200033668";"753 950";"A01";"1";"2";"0";"2";"1";"1";"1";""
"202200033668";"753 951";"B01";"2";"2";"0";"2";"2";"10";"1";""
"202200033669";"753 949";"A01";"1";"7";"0";"1";"3";"1";"1";""
"202200033670";"753 947";"A01";"1";"7";"0";"2";"6";"15";"1";""
"202200033670";"753 948";"B01";"1";"33";"0";"2";"2";"17";"1";""
"202200033671";"753 945";"B01";"2";"7";"0";"2";"3";"1";"1";""
"202200033671";"753 946";"A01";"1";"7";"0";"2";"3";"13";"0";""
"202200033672";"753 944";"A01";"2";"7";"13";"0";"0";"13";"1";""
"202200033673";"753 942";"A01";"1";"1";"0";"0";"4";"2";"5";""
"202200033673";"753 943";"B01";"1";"7";"0";"9";"2";"2";"0";""
"202200033674";"753 939";"A01";"2";"2";"0";"0";"0";"1";"1";""
"202200033675";"753 937";"B01";"2";"1";"0";"2";"8";"15";"5";""
"202200033675";"753 938";"A01";"2";"7";"0";"9";"2";"17";"1";""
"202200033676";"753 935";"B01";"1";"2";"0";"2";"1";"1";"1";""
"202200033676";"753 936";"A01";"2";"7";"0";"2";"1";"5";"1";""
"202200033677";"753 933";"B01";"2";"7";"0";"0";"1";"1";"1";""
"202200033677";"753 934";"A01";"1";"7";"0";"0";"3";"19";"1";""
"202200033678";"753 931";"B01";"1";"1";"0";"2";"8";"2";"5";""
"202200033678";"753 932";"A01";"1";"7";"0";"2";"5";"17";"1";""
"202200033679";"753 928";"A01";"2";"7";"0";"0";"3";"13";"1";""
"202200033679";"753 929";"B01";"1";"7";"0";"0";"3";"1";"1";""
"202200033679";"753 930";"C01";"1";"7";"0";"0";"3";"13";"1";""
"202200033680";"753 927";"A01";"1";"10";"3";"0";"1";"1";"1";""
"202200033681";"753 926";"A01";"3";"36";"13";"0";"8";"21";"1";""
"202200033682";"753 925";"A01";"2";"38";"2";"0";"1";"1";"1";"31"
"202200033683";"753 923";"A01";"1";"7";"0";"2";"3";"15";"1";""
"202200033683";"753 924";"B01";"2";"7";"0";"2";"3";"1";"1";""
"202200033684";"753 920";"A01";"2";"10";"0";"0";"0";"15";"1";""
"202200033684";"753 921";"B01";"1";"7";"8";"2";"1";"21";"1";""
"202200033684";"753 922";"C01";"2";"2";"0";"2";"1";"1";"1";""
"202200033685";"753 918";"B01";" -1";"7";"0";"0";"5";"2";"1";""
"202200033685";"753 919";"A01";" -1";"7";"0";"2";"3";"2";"1";""
"202200033686";"753 917";"A01";"1";"7";"2";"0";"7";"1";"1";""
"202200033687";"753 916";"A01";"1";"33";"5";"0";"1";"1";"1";""
"202200033688";"753 914";"B01";"2";"7";"0";"2";"3";"1";"1";""
"202200033688";"753 915";"A01";"1";"7";"0";"2";"3";"1";"1";""
"202200033689";"753 912";"B01";"2";"7";"0";"0";"4";"2";"1";""
"202200033689";"753 913";"A01";"2";"33";"0";"2";"1";"2";"1";""
"202200033690";"753 911";"A01";"0";"2";"9";"0";"0";"0";"0";""
"202200033691";"753 910";"A01";"1";"7";"8";"0";"1";"5";"1";""
"202200033692";"753 908";"B01";"2";"1";"0";"0";"1";"1";"5";""
"202200033692";"753 909";"A01";"1";"7";"0";"0";"2";"15";"1";""
"202200033693";"753 906";"B01";"1";"7";"0";"0";"4";"23";"1";""
"202200033693";"753 907";"A01";"1";"7";"0";"2";"1";"2";"1";""
"202200033694";"753 905";"A01";"1";"7";"1";"0";"1";"1";"1";""
"202200033695";"753 904";"A01";"1";"7";"3";"0";"2";"1";"1";""
"202200033696";"753 903";"A01";"1";"0";"0";"1";"0";"0";"0";""
"202200033697";"753 902";"A01";"3";"7";"8";"0";"1";"13";"1";""
"202200033698";"753 900";"B01";"3";"7";"0";"2";"1";"1";"1";""
"202200033698";"753 901";"A01";"3";"7";"0";"2";"1";"1";"1";""
"202200033699";"753 898";"A01";"2";"7";"13";"0";"0";"26";"1";""
"202200033700";"753 896";"B01";"2";"33";"0";"2";"4";"23";"1";""
"202200033700";"753 897";"A01";"2";"33";"0";"2";"1";"1";"1";""
"202200033701";"753 892";"A01";"1";"7";"5";"0";"2";"1";"1";""
"202200033702";"753 891";"B01";"2";"7";"1";"0";"1";"2";"1";""
"202200033703";"753 888";"C01";"1";"7";"0";"2";"5";"1";"1";""
"202200033703";"753 889";"B01";"1";"7";"0";"2";"4";"2";"1";""
"202200033703";"753 890";"A01";"1";"7";"0";"2";"2";"21";"1";""
"202200033704";"753 886";"A01";"2";"13";"0";"2";"1";"2";"1";""
"202200033704";"753 887";"B01";"2";"7";"0";"2";"4";"23";"1";""
"202200033705";"753 883";"C01";"2";"7";"0";"2";"4";"2";"1";""
"202200033705";"753 884";"B01";"2";"7";"0";"2";"4";"1";"1";""
"202200033705";"753 885";"A01";"2";"10";"0";"2";"1";"2";"1";""
"202200033706";"753 881";"B01";"2";"7";"0";"2";"2";"2";"1";""
"202200033706";"753 882";"A01";"2";"7";"0";"2";"3";"2";"1";""
"202200033707";"753 879";"B01";"1";"7";"0";"2";"4";"2";"1";""
"202200033707";"753 880";"A01";"1";"7";"0";"2";"1";"2";"1";""
"202200033708";"753 878";"A01";"2";"7";"1";"0";"1";"26";"1";""
"202200033709";"753 876";"A01";"2";"10";"0";"2";"6";"2";"1";""
"202200033709";"753 877";"Z01";"2";"7";"0";"2";"2";"1";"1";""
"202200033710";"753 874";"B01";"1";"7";"0";"2";"4";"2";"1";""
"202200033710";"753 875";"A01";"1";"99";"0";"2";"1";"2";"1";""
"202200033711";"753 873";"A01";"3";"7";"0";"1";"0";"0";"0";""
"202200033712";"753 871";"C01";"3";"7";"0";"2";"3";"1";"0";""
"202200033712";"753 872";"A01";"3";"7";"1";"0";"3";"13";"0";""
"202200033713";"753 866";"B01";"1";"7";"0";"2";"1";"0";"1";""
"202200033713";"753 867";"A01";"2";"2";"0";"2";"1";"17";"0";""
"202200033714";"753 864";"A01";"2";"1";"0";"2";"0";"0";"5";""
"202200033714";"753 865";"B01";"2";"7";"0";"9";"5";"16";"1";""
"202200033715";"753 862";"B01";"3";"7";"16";"2";"3";"2";"1";""
"202200033715";"753 863";"A01";"3";"30";"0";"2";"3";"17";"1";""
"202200033716";"753 860";"A01";"1";"32";"0";"2";"7";"17";"1";""
"202200033716";"753 861";"B01";"2";"7";"0";"2";"3";"15";"1";""
"202200033717";"753 858";"B01";"2";"7";"0";"2";"2";"1";"1";""
"202200033717";"753 859";"A01";"1";"7";"0";"2";"8";"17";"1";""
"202200033718";"753 857";"A01";"3";"7";"0";"1";"1";"11";"1";""
"202200033719";"753 856";"B01";"3";"7";"0";"1";"3";"26";"1";""
"202200033720";"753 851";"B01";"2";"33";"0";"2";"7";"1";"1";""
"202200033720";"753 852";"A01";"1";"7";"0";"2";"3";"15";"1";""
"202200033721";"753 849";"A01";"2";"7";"0";"2";"1";"15";"1";""
"202200033721";"753 850";"B01";"2";"31";"0";"2";"1";"17";"1";""
"202200033722";"753 848";"Z01";"3";"7";"0";"1";"2";"26";"1";""
"202200033723";"753 847";"A01";"1";"7";"1";"0";"2";"0";"1";""
"202200033724";"753 845";"A01";"1";"7";"12";"0";"3";"15";"1";""
"202200033724";"753 846";"B01";"2";"33";"12";"0";"2";"1";"1";""
"202200033725";"753 843";"A01";"1";"30";"0";"2";"1";"0";"1";""
"202200033725";"753 844";"B01";"1";"7";"0";"2";"4";"0";"1";""
"202200033726";"753 840";"A01";"3";"7";"0";"2";"4";"9";"1";""
"202200033726";"753 841";"B01";"2";"7";"0";"2";"1";"1";"1";""
"202200033726";"753 842";"C01";"1";"7";"0";"2";"1";"1";"1";""
"202200033727";"753 838";"A01";"3";"7";"0";"2";"1";"1";"1";""
"202200033727";"753 839";"B01";"3";"7";"0";"2";"4";"23";"3";""
"202200033728";"753 836";"A01";"1";"7";"0";"2";"5";"0";"1";""
"202200033728";"753 837";"B01";"2";"31";"0";"2";"1";"2";"1";""
"202200033729";"753 835";"A01";"1";"7";"0";"1";"1";"16";"1";""
"202200033730";"753 833";"A01";"0";"7";"0";"2";"4";"1";"1";""
"202200033730";"753 834";"B01";"2";"7";"0";"2";"1";"1";"1";""
"202200033731";"753 832";"A01";"0";"7";"15";"0";"7";"1";"1";""
"202200033732";"753 831";"A01";"1";"30";"1";"0";"1";"21";"1";""
"202200033733";"753 830";"A01";"1";"7";"1";"0";"2";"15";"1";""
"202200033734";"753 828";"B01";"1";"7";"0";"2";"5";"1";"1";""
"202200033734";"753 829";"A01";"1";"1";"0";"2";"3";"1";"5";""
"202200033735";"753 826";"B01";"1";"1";"0";"2";"7";"1";"5";""
"202200033735";"753 827";"Z01";"2";"7";"0";"2";"1";"9";"0";""
"202200033736";"753 824";"B01";"2";"37";"14";"2";"3";"1";"0";"1"
"202200033736";"753 825";"A01";"1";"36";"14";"0";"1";"1";"1";""
"202200033737";"753 822";"B01";"2";"7";"0";"2";"4";"1";"1";""
"202200033737";"753 823";"A01";"2";"30";"0";"2";"1";"1";"1";""
"202200033738";"753 821";"A01";"1";"7";"1";"0";"0";"1";"2";""
"202200033739";"753 819";"A01";"3";"50";"0";"2";"1";"2";"3";""
"202200033739";"753 820";"B01";"3";"7";"0";"2";"3";"9";"1";""
"202200033740";"753 818";"A01";"2";"7";"3";"0";"1";"1";"1";""
"202200033741";"753 817";"A01";"0";"1";"0";"0";"0";"1";"5";""
"202200033742";"753 815";"B01";"1";"7";"0";"2";"4";"1";"1";""
"202200033742";"753 816";"A01";"1";"7";"0";"2";"1";"1";"1";""
"202200033743";"753 813";"B01";"1";"1";"0";"2";"8";"15";"5";""
"202200033743";"753 814";"A01";"1";"2";"0";"2";"7";"1";"3";""
"202200033744";"753 812";"A01";"1";"7";"6";"0";"2";"14";"2";""
"202200033745";"753 810";"B01";"2";"30";"0";"2";"1";"1";"1";""
"202200033745";"753 811";"A01";"1";"7";"0";"2";"1";"15";"1";""
"202200033746";"753 809";"A01";"2";"7";"1";"0";"1";"5";"1";""
"202200033747";"753 807";"A01";"2";"7";"0";"2";"1";"2";"1";""
"202200033747";"753 808";"B01";"2";"7";"0";"0";"4";"2";"1";""
"202200033748";"753 806";"A01";"3";"7";"8";"0";"1";"1";"1";""
"202200033749";"753 800";"A01";"2";"7";"0";"2";"2";"2";"3";""
"202200033749";"753 801";"B01";"2";"7";"0";"2";"9";"2";"1";""
"202200033749";"753 802";"C01";"2";"7";"0";"2";"1";"2";"1";""
"202200033749";"753 803";"D01";"2";"7";"0";"0";"6";"23";"1";""
"202200033750";"753 798";"A01";"1";"30";"0";"2";"1";"1";"1";""
"202200033750";"753 799";"B01";"1";"3";"0";"2";"3";"1";"1";""
"202200033751";"753 797";"A01";"1";"30";"3";"0";"2";"1";"3";""
"202200033752";"753 796";"A01";"1";"3";"6";"0";"4";"20";"1";""
"202200033753";"753 794";"B01";"0";"7";"0";"2";"4";"20";"1";""
"202200033753";"753 795";"A01";"0";"30";"0";"2";"1";"1";"1";""
"202200033754";"753 792";"A01";"2";"7";"0";"2";"1";"1";"1";""
"202200033754";"753 793";"B01";"2";"7";"0";"2";"4";"1";"1";""
"202200033755";"753 791";"A01";"1";"33";"0";"0";"7";"1";"1";""
"202200033756";"753 789";"A01";"1";"7";"0";"2";"4";"4";"1";""
"202200033756";"753 790";"B01";"2";"1";"0";"2";"1";"1";"5";""
"202200033757";"753 787";"A01";"1";"7";"0";"2";"1";"2";"1";""
"202200033757";"753 788";"B01";"1";"7";"0";"2";"4";"2";"1";""
"202200033758";"753 785";"B01";"1";"7";"0";"2";"2";"15";"1";""
"202200033758";"753 786";"A01";"1";"30";"0";"2";"7";"17";"1";""
"202200033759";"753 780";"A01";"3";"7";"0";"2";"1";"15";"1";""
"202200033759";"753 781";"B01";"3";"7";"0";"2";"3";"1";"1";""
"202200033760";"753 778";"A01";"0";"7";"0";"2";"1";"11";"1";""
"202200033760";"753 779";"B01";"0";"32";"0";"2";"1";"1";"1";""
"202200033761";"753 776";"B01";"2";"7";"0";"2";"2";"0";"1";""
"202200033761";"753 777";"A01";"1";"50";"0";"2";"1";"15";"3";""
"202200033762";"753 774";"A01";"2";"1";"1";"0";"1";"1";"5";""
"202200033762";"753 775";"B01";"3";"13";"0";"2";"8";"24";"0";""
"202200033763";"753 773";"A01";"3";"7";"13";"0";"1";"1";"1";""
"202200033764";"753 771";"A01";"1";"7";"11";"0";"1";"1";"1";""
"202200033765";"753 769";"A01";"1";"7";"0";"2";"2";"16";"1";""
"202200033765";"753 770";"B01";"1";"33";"0";"2";"8";"7";"1";""
"202200033766";"753 766";"A01";"2";"7";"0";"1";"1";"0";"1";""
"202200033767";"753 767";"A01";"2";"33";"0";"2";"2";"3";"1";""
"202200033767";"753 768";"B01";"2";"7";"0";"2";"8";"11";"1";""
"202200033768";"753 764";"B01";"3";"7";"0";"2";"8";"1";"1";""
"202200033768";"753 765";"A01";"3";"1";"0";"2";"1";"1";"5";""
"202200033769";"753 762";"A01";"2";"7";"0";"2";"1";"2";"1";""
"202200033769";"753 763";"B01";"2";"7";"0";"2";"4";"2";"1";""
"202200033770";"753 758";"C01";"3";"7";"0";"2";"1";"1";"1";""
"202200033770";"753 760";"B01";"1";"7";"0";"2";"0";"0";"1";""
"202200033770";"753 761";"A01";"3";"7";"0";"2";"1";"0";"1";""
"202200033771";"753 757";"A01";"1";"50";"0";"2";"1";"1";"3";""
"202200033771";"753 759";"B01";"3";"7";"0";"2";"3";"1";"1";""
"202200033772";"753 754";"A01";"1";"10";"0";"1";"3";"1";"2";""
"202200033773";"753 749";"A01";"2";"30";"0";"2";"1";"2";"1";""
"202200033773";"753 750";"B01";"2";"7";"14";"0";"4";"23";"1";""
"202200033774";"753 748";"A01";"1";"30";"0";"2";"8";"17";"1";""
"202200033774";"753 751";"B01";"1";"7";"0";"2";"6";"15";"2";""
"202200033775";"753 745";"A01";"2";"7";"0";"2";"5";"19";"1";""
"202200033775";"753 747";"B01";"1";"33";"0";"2";"1";"1";"1";""
"202200033776";"753 744";"B01";"1";"7";"0";"2";"3";"1";"1";""
"202200033776";"753 746";"A01";"2";"30";"0";"2";"1";"1";"1";""
"202200033777";"753 742";"B01";"2";"7";"0";"2";"1";"9";"1";""
"202200033777";"753 743";"A01";"1";"50";"0";"2";"1";"1";"3";""
"202200033778";"753 739";"B01";"2";"7";"0";"2";"8";"7";"1";""
"202200033778";"753 741";"A01";"2";"10";"0";"2";"2";"16";"1";""
"202200033779";"753 738";"A01";"1";"7";"0";"2";"4";"23";"1";""
"202200033779";"753 740";"B01";"1";"1";"0";"2";"1";"2";"5";""
"202200033780";"753 737";"A01";"3";"7";"0";"1";"3";"15";"1";""
"202200033781";"753 735";"Z01";"1";"7";"0";"2";"1";"1";"0";""
"202200033781";"753 736";"A01";"3";"1";"0";"2";"4";"19";"5";""
"202200033782";"753 734";"A01";"0";"7";"0";"1";"1";"19";"1";""
"202200033783";"753 731";"Z01";"1";"7";"0";"2";"2";"1";"1";""
"202200033783";"753 733";"A01";"2";"30";"0";"2";"5";"23";"1";""
"202200033784";"753 730";"B01";"1";"7";"0";"2";"2";"1";"1";""
"202200033784";"753 732";"A01";"1";"30";"0";"2";"6";"11";"1";""
"202200033785";"753 729";"A01";"0";"7";"8";"0";"1";"1";"1";""
"202200033786";"753 725";"A01";"1";"7";"0";"2";"5";"26";"1";""
"202200033786";"753 727";"B01";"1";"31";"0";"2";"1";"2";"0";""
"202200033787";"753 726";"A01";"1";"50";"0";"2";"0";"1";"3";""
"202200033787";"753 728";"Z01";"1";"7";"0";"2";"0";"14";"0";""
"202200033788";"753 724";"A01";"3";"7";"0";"1";"1";"1";"1";""
"202200033789";"753 723";"A01";"1";"31";"0";"2";"7";"21";"3";""
"202200033790";"753 720";"B01";"1";"7";"0";"2";"6";"15";"1";""
"202200033790";"753 722";"A01";"1";"33";"0";"2";"2";"17";"1";""
"202200033791";"753 719";"A01";"2";"7";"0";"2";"1";"15";"1";""
"202200033791";"753 721";"B01";"2";"7";"0";"2";"1";"21";"1";""
"202200033792";"753 717";"B01";"1";"33";"0";"2";"7";"3";"1";""
"202200033792";"753 718";"A01";"1";"32";"0";"2";"1";"11";"1";""
"202200033793";"753 715";"A01";"2";"7";"0";"1";"3";"7";"2";""
"202200033794";"753 712";"A01";"3";"14";"0";"2";"2";"16";"6";""
"202200033794";"753 713";"B01";"1";"1";"0";"2";"8";"1";"5";""
"202200033795";"753 711";"A01";"1";"30";"0";"1";"0";"1";"1";""
"202200033796";"753 714";"B01";"2";"7";"0";"2";"8";"1";"1";""
"202200033796";"753 716";"A01";"2";"7";"0";"2";"1";"1";"1";""
"202200033797";"753 709";"A01";"1";"7";"0";"2";"3";"13";"3";""
"202200033797";"753 710";"B01";"1";"50";"0";"2";"3";"17";"3";""
"202200033798";"753 707";"B01";"1";"7";"0";"2";"5";"1";"1";""
"202200033798";"753 708";"A01";"1";"10";"4";"2";"3";"6";"1";""
"202200033799";"753 706";"A01";"2";"33";"0";"1";"1";"1";"1";""
"202200033800";"753 704";"A01";"1";"43";"0";"1";"2";"1";"1";""
"202200033801";"753 705";"Z01";"1";"1";"0";"1";"0";"16";"5";""
"202200033802";"753 701";"B01";"1";"43";"0";"2";"3";"18";"1";""
"202200033802";"753 703";"A01";"1";"7";"0";"2";"2";"16";"1";""
"202200033803";"753 700";"B01";"3";"32";"0";"2";"1";"1";"1";""
"202200033803";"753 702";"A01";"3";"7";"0";"2";"8";"10";"1";""
"202200033804";"753 698";"A01";"2";"32";"0";"2";"7";"1";"1";""
"202200033804";"753 699";"B01";"2";"7";"0";"2";"2";"16";"1";""
"202200033805";"753 697";"A01";"2";"7";"0";"1";"3";"15";"1";""