"Num_Acc";"id_vehicule";"num_veh";"senc";"catv";"obs";"obsm";"choc";"manv";"motor";"occutc"
"202200033806";"753 696";"A01";"1";"7";"0";"1";"8";"4";"2";""
"202200033807";"753 694";"A01";"3";"7";"0";"1";"1";"1";"1";""
"202200033808";"753 693";"A01";"1";"7";"0";"2";"2";"15";"1";""
"202200033808";"753 695";"B01";"1";"13";"0";"2";"8";"15";"1";""
"202200033809";"753 690";"B01";"1";"1";"0";"2";"4";"2";"5";""
"202200033809";"753 692";"A01";"1";"1";"0";"2";"1";"2";"5";""
"202200033810";"753 689";"A01";"1";"43";"0";"2";"1";"17";"1";""
"202200033810";"753 691";"B01";"1";"7";"0";"2";"3";"15";"1";""
"202200033811";"753 686";"A01";"3";"7";"0";"2";"2";"1";"1";""
"202200033811";"753 688";"Z01";"3";"30";"0";"2";"9";"1";"1";""
"202200033812";"753 683";"B01";"2";"34";"0";"2";"0";"1";"1";""
"202200033812";"753 685";"A01";"2";"7";"0";"2";"1";"1";"1";""
"202200033813";"753 684";"A01";"2";"7";"6";"2";"1";"26";"0";""
"202200033813";"753 687";"B01";"3";"7";"1";"0";"3";"24";"0";""
"202200033814";"753 681";"B01";"0";"7";"0";"2";"0";"1";"1";""
"202200033814";"753 682";"A01";"0";"7";"0";"2";"1";"1";"3";""
"202200033815";"753 678";"A01";"3";"7";"0";"2";"8";"19";"1";""
"202200033815";"753 680";"B01";"3";"7";"0";"2";"1";"0";"1";""
"202200033816";"753 677";"A01";"2";"7";"0";"2";"3";"15";"1";""
"202200033816";"753 679";"B01";"1";"7";"0";"2";"6";"1";"2";""
"202200033817";"753 676";"Z01";"2";"7";"0";"1";"1";"16";"1";""
"202200033818";"753 674";"A01";"2";"7";"0";"2";"3";"15";"1";""
"202200033818";"753 675";"B01";"1";"30";"0";"2";"3";"1";"1";""
"202200033819";"753 673";"A01";"1";"33";"0";"0";"8";"1";"1";""
"202200033820";"753 672";"A01";"2";"30";"0";"1";"1";"1";"1";""
"202200033821";"753 668";"A01";"2";"7";"0";"2";"1";"2";"2";""
"202200033821";"753 669";"B01";"2";"7";"0";"2";"4";"23";"1";""
"202200033821";"753 670";"C01";"2";"7";"0";"2";"4";"23";"2";""
"202200033821";"753 671";"D01";"2";"7";"0";"2";"3";"4";"1";""
"202200033822";"753 667";"A01";"2";"1";"1";"0";"1";"14";"5";""
"202200033823";"753 665";"A01";"2";"10";"0";"2";"8";"9";"1";""
"202200033823";"753 666";"B01";"2";"1";"0";"2";"2";"1";"5";""
"202200033824";"753 664";"A01";"1";"50";"0";"1";"0";"1";"3";""
"202200033825";"753 663";"A01";"3";"7";"0";"1";"2";"16";"1";""
"202200033826";"753 662";"A01";"2";"50";"0";"0";"0";"1";"3";""
"202200033827";"753 660";"B01";"2";"1";"0";"2";"8";"7";"5";""
"202200033827";"753 661";"A01";"2";"7";"0";"2";"5";"17";"1";""
"202200033828";"753 659";"Z01";"2";"50";"0";"1";"2";"1";"3";""
"202200033829";"753 658";"A01";"1";"7";"0";"1";"3";"1";"1";""
"202200033830";"753 657";"A01";"3";"32";"0";"0";"1";"1";"1";""
"202200033831";"753 655";"B01";"1";"30";"0";"2";"7";"17";"1";""
"202200033831";"753 656";"A01";"1";"7";"0";"2";"8";"15";"1";""
"202200033832";"753 653";"B01";"2";"20";"0";"2";"8";"15";"1";""
"202200033832";"753 654";"A01";"2";"31";"0";"2";"2";"17";"1";""
"202200033833";"753 652";"A01";"1";"32";"0";"1";"1";"13";"0";""
"202200033834";"753 650";"A01";"1";"7";"0";"2";"3";"11";"1";""
"202200033834";"753 651";"B01";"1";"15";"0";"2";"2";"1";"1";""
"202200033835";"753 648";"A01";"1";"7";"0";"2";"1";"1";"1";""
"202200033835";"753 649";"B01";"2";"2";"0";"2";"1";"1";"1";""
"202200033836";"753 647";"A01";"1";"7";"0";"1";"2";"1";"1";""
"202200033837";"753 645";"Z01";"1";"7";"0";"2";"0";"0";"1";""
"202200033837";"753 646";"A01";"1";"7";"0";"2";"1";"1";"1";""
"202200033838";"753 643";"A01";"1";"31";"0";"2";"3";"13";"3";""
"202200033838";"753 644";"B01";"1";"7";"0";"2";"3";"15";"2";""
"202200033839";"753 639";"C01";"2";"7";"14";"0";"4";"23";"2";""
"202200033839";"753 640";"D01";"2";"7";"0";"2";"4";"23";"1";""
"202200033839";"753 641";"B01";"2";"7";"0";"2";"4";"2";"0";""
"202200033839";"753 642";"A01";"2";"7";"0";"2";"1";"2";"0";""
"202200033840";"753 638";"A01";"1";"37";"0";"2";"3";"2";"1";"1"
"202200033841";"753 637";"A01";"3";"7";"0";"1";"2";"1";"1";""
"202200033842";"753 636";"A01";"1";"34";"0";"1";"3";"5";"0";""
"202200033843";"753 634";"A01";"1";"7";"0";"9";"4";"2";"1";""
"202200033843";"753 635";"B01";"1";"1";"0";"2";"1";"2";"5";""
"202200033844";"753 632";"A01";"1";"1";"0";"2";"8";"1";"5";""
"202200033844";"753 633";"B01";"1";"7";"0";"2";"1";"1";"0";""
"202200033845";"753 630";"A01";"2";"7";"0";"2";"6";"15";"1";""
"202200033845";"753 631";"B01";"2";"32";"0";"2";"1";"17";"1";""
"202200033846";"753 628";"A01";"2";"7";"0";"2";"2";"10";"1";""
"202200033846";"753 629";"B01";"2";"1";"0";"2";"3";"2";"5";""
"202200033847";"753 626";"A01";"2";"7";"0";"2";"3";"15";"1";""
"202200033847";"753 627";"B01";"1";"1";"0";"2";"1";"1";"5";""
"202200033848";"753 624";"B01";"1";"7";"0";"2";"3";"0";"1";""
"202200033848";"753 625";"A01";"1";"10";"0";"2";"2";"1";"1";""
"202200033849";"753 622";"B01";"1";"32";"0";"2";"1";"17";"1";""
"202200033849";"753 623";"A01";"1";"7";"0";"2";"3";"15";"1";""
"202200033850";"753 620";"B01";"1";"7";"0";"2";"8";"1";"1";""
"202200033850";"753 621";"A01";"2";"10";"0";"2";"8";"1";"1";""
"202200033851";"753 618";"A01";"1";"7";"0";"2";"3";"9";"1";""
"202200033851";"753 619";"B01";"1";"1";"0";"0";"1";"25";"5";""
"202200033852";"753 617";"A01";"3";"7";"2";"0";"1";"1";"1";""
"202200033853";"753 614";"A01";"2";"1";"0";"2";"1";"2";"5";""
"202200033853";"753 615";"B01";"2";"7";"0";"2";"6";"2";"1";""
"202200033853";"753 616";"C01";"1";"7";"0";"9";"1";"5";"1";""
"202200033854";"753 612";"B01";"3";"2";"0";"2";"1";"1";"1";""
"202200033854";"753 613";"A01";"3";"7";"0";"2";"3";"1";"1";""
"202200033855";"753 611";"A01";"2";"33";"0";"0";"0";"1";"1";""
"202200033856";"753 609";"B01";"2";"30";"0";"2";"1";"1";"1";""
"202200033856";"753 610";"A01";"1";"7";"0";"2";"3";"13";"1";""
"202200033857";"753 606";"C01";"2";"7";"0";"0";"4";"23";"1";""
"202200033857";"753 607";"B01";"2";"10";"1";"0";"4";"23";"1";""
"202200033857";"753 608";"A01";"2";"10";"1";"0";"1";"2";"1";""
"202200033858";"753 605";"A01";"3";"7";"8";"0";"8";"1";"1";""
"202200033859";"753 603";"A01";"3";"2";"0";"2";"8";"13";"1";""
"202200033859";"753 604";"B01";"3";"7";"0";"2";"8";"21";"1";""
"202200033860";"753 601";"A01";"2";"2";"0";"2";"3";"1";"1";""
"202200033860";"753 602";"B01";"1";"7";"0";"2";"3";"1";"1";""
"202200033861";"753 600";"A01";"1";"7";"2";"0";"3";"1";"1";""
"202200033862";"753 598";"A01";"1";"2";"0";"2";"1";"1";"1";""
"202200033862";"753 599";"B01";"2";"7";"0";"2";"8";"1";"1";""
"202200033863";"753 597";"A01";"1";"2";"6";"0";"1";"0";"1";""
"202200033864";"753 596";"A01";"2";"7";"2";"0";"1";"1";"1";""
"202200033865";"753 594";"B01";"1";"10";"0";"2";"1";"1";"1";""
"202200033865";"753 595";"A01";"3";"7";"0";"2";"8";"19";"1";""
"202200033866";"753 593";"A01";"1";"7";"0";"1";"2";"1";"1";""
"202200033867";"753 591";"A01";"1";"7";"0";"2";"1";"13";"1";""
"202200033867";"753 592";"B01";"2";"7";"0";"2";"1";"1";"1";""
"202200033868";"753 588";"A01";"1";"7";"17";"0";"1";"1";"1";""
"202200033869";"753 586";"A01";"2";"7";"0";"2";"8";"15";"1";""
"202200033869";"753 587";"B01";"1";"2";"0";"2";"1";"1";"1";""
"202200033870";"753 584";"B01";"2";"7";"0";"2";"1";"1";"1";""
"202200033870";"753 585";"A01";"1";"7";"0";"2";"3";"19";"1";""
"202200033871";"753 583";"A01";"2";"7";"7";"0";"1";"1";"1";""
"202200033872";"753 582";"A01";"1";"10";"6";"0";"1";"13";"1";""
"202200033873";"753 581";"A01";"3";"7";"0";"1";"2";"1";"1";""
"202200033874";"753 579";"B01";"1";"10";"0";"2";"3";"0";"1";""
"202200033874";"753 580";"A01";"1";"34";"0";"2";"8";"0";"1";""
"202200033875";"753 578";"A01";"3";"7";"0";"1";"4";"20";"1";""
"202200033876";"753 577";"A01";"2";"33";"0";"0";"0";"2";"1";""
"202200033877";"753 576";"A01";"2";"10";"2";"0";"1";"1";"1";""
"202200033878";"753 575";"A01";"3";"15";"0";"1";"5";"4";"1";""
"202200033879";"753 574";"A01";"3";"31";"0";"0";"3";"1";"1";""
"202200033880";"753 572";"B01";"2";"33";"0";"2";"1";"3";"1";""
"202200033880";"753 573";"A01";"2";"7";"0";"2";"8";"15";"1";""
"202200033881";"753 571";"A01";"0";"2";"0";"9";"7";"1";"1";""
"202200033882";"753 570";"A01";"1";"10";"3";"0";"1";"1";"1";""
"202200033883";"753 568";"B01";"2";"7";"3";"2";"9";"0";"1";""
"202200033883";"753 569";"A01";"2";"7";"0";"2";"6";"0";"1";""
"202200033884";"753 567";"A01";"2";"14";"0";"1";"2";"16";"1";""
"202200033885";"753 564";"B01";"1";"15";"0";"0";"6";"1";"1";""
"202200033885";"753 565";"A01";"1";"7";"0";"9";"2";"1";"1";""
"202200033886";"753 562";"A01";"2";"14";"0";"2";"1";"1";"1";""
"202200033886";"753 563";"B01";"1";"30";"0";"2";"1";"17";"1";""
"202200033887";"753 560";"A01";"2";"10";"0";"2";"2";"1";"1";""
"202200033887";"753 561";"B01";"3";"10";"0";"2";"3";"19";"1";""
"202200033888";"753 558";"B01";" -1";"7";"0";"2";"2";"1";"1";""
"202200033888";"753 559";"A01";" -1";"33";"0";"2";"3";"19";"1";""
"202200033889";"753 556";"A01";"2";"7";"0";"2";"3";"1";"2";""
"202200033889";"753 557";"B01";"1";"7";"0";"2";"2";"15";"1";""
"202200033890";"753 554";"B01";"2";"38";"0";"2";"3";"1";"1";"1"
"202200033890";"753 555";"A01";"1";"7";"0";"2";"3";"1";"1";""
"202200033891";"753 553";"A01";"1";"7";"13";"0";"9";"2";"1";""
"202200033892";"753 551";"B01";"1";"33";"0";"2";"1";"1";"1";""
"202200033892";"753 552";"A01";"0";"7";"0";"2";"3";"19";"1";""
"202200033893";"753 550";"A01";"2";"7";"0";"1";"2";"0";"1";""
"202200033894";"753 549";"A01";"1";"7";"0";"1";"1";"16";"1";""
"202200033895";"753 548";"A01";"1";"60";"12";"0";"1";"1";"5";""
"202200033896";"753 547";"A01";"2";"7";"8";"0";"9";"1";"1";""
"202200033897";"753 545";"A01";"1";"7";"0";"2";"7";"15";"1";""
"202200033897";"753 546";"B01";"2";"7";"0";"2";"1";"1";"1";""
"202200033898";"753 543";"B01";"2";"37";"0";"2";"1";"1";"1";"1"
"202200033898";"753 544";"A01";"1";"7";"0";"2";"3";"19";"1";""
"202200033899";"753 542";"A01";"1";"2";"13";"0";"7";"1";"1";""
"202200033900";"753 541";"A01";"2";"2";"1";"0";"0";"1";"1";""
"202200033901";"753 539";"B01";"3";"7";"0";"2";"3";"1";"1";""
"202200033901";"753 540";"A01";"3";"7";"0";"2";"3";"13";"1";""
"202200033902";"753 537";"A01";"2";"33";"0";"2";"4";"1";"1";""
"202200033902";"753 538";"B01";"2";"7";"0";"2";"3";"1";"1";""
"202200033903";"753 535";"A01";"2";"7";"0";"2";"8";"1";"1";""
"202200033903";"753 536";"B01";"1";"33";"0";"2";"8";"13";"1";""
"202200033904";"753 533";"B01";"2";"7";"0";"2";"6";"1";"1";""
"202200033904";"753 534";"A01";"2";"7";"12";"2";"2";"14";"1";""
"202200033905";"753 532";"A01";"1";"33";"0";"0";"0";"1";"1";""
"202200033906";"753 531";"A01";"2";"7";"4";"0";"3";"13";"1";""
"202200033907";"753 529";"B01";"1";"7";"0";"2";"6";"2";"1";""
"202200033907";"753 530";"A01";"1";"7";"0";"2";"1";"2";"1";""
"202200033908";"753 527";"A01";"1";"32";"0";"2";"1";"3";"1";""
"202200033908";"753 528";"B01";"1";"7";"0";"2";"6";"0";"1";""
"202200033909";"753 525";"A01";"2";"7";"0";"2";"8";"23";"1";""
"202200033909";"753 526";"B01";"2";"7";"1";"0";"7";"12";"1";""
"202200033910";"753 522";"C01";"2";"7";"0";"2";"7";"2";"0";""
"202200033910";"753 523";"B01";"2";"7";"0";"2";"4";"2";"0";""
"202200033910";"753 524";"A01";"2";"43";"0";"2";"1";"3";"0";""
"202200033911";"753 519";"A01";"1";"10";"0";"2";"1";"2";"0";""
"202200033911";"753 520";"B01";"1";"10";"0";"2";"4";"2";"0";""
"202200033911";"753 521";"C01";"1";"10";"0";"2";"4";"2";"0";""
"202200033912";"753 517";"B01";"2";"33";"0";"2";"1";"2";"1";""
"202200033912";"753 518";"A01";"2";"7";"0";"2";"4";"2";"1";""
"202200033913";"753 516";"A01";"1";"31";"0";"0";"1";"1";"1";""
"202200033914";"753 515";"A01";"0";"7";"0";"1";"1";"26";"2";""
"202200033915";"753 513";"B01";"2";"7";"0";"9";"6";"0";"1";""
"202200033915";"753 514";"A01";"2";"1";"0";"2";"4";"2";"5";""
"202200033916";"753 512";"A01";"2";"31";"13";"0";"7";"1";"1";""
"202200033917";"753 510";"A01";"1";"7";"0";"2";"3";"15";"1";""
"202200033917";"753 511";"B01";"2";"2";"0";"2";"3";"1";"1";""
"202200033918";"753 508";"B01";"1";"7";"0";"2";"1";"1";"1";""
"202200033918";"753 509";"A01";"2";"1";"0";"2";"8";"15";"5";""
"202200033919";"753 507";"A01";"2";"7";"13";"0";"3";"1";"1";""
"202200033920";"753 506";"A01";"1";"2";"13";"0";"1";"13";"1";""
"202200033921";"753 503";"C01";"2";"7";"0";"0";"4";"2";"1";""
"202200033921";"753 504";"B01";"2";"7";"0";"2";"4";"2";"1";""
"202200033921";"753 505";"A01";"2";"7";"0";"2";"1";"2";"1";""
"202200033922";"753 502";"A01";"3";"30";"0";"1";"1";"25";"3";""
"202200033923";"753 500";"A01";"1";"10";"0";"9";"7";"2";"1";""
"202200033923";"753 501";"B01";"1";"1";"0";"2";"8";"2";"5";""
"202200033924";"753 498";"A01";"1";"10";"0";"2";"1";"26";"1";""
"202200033924";"753 499";"B01";"1";"7";"0";"2";"4";"26";"1";""
"202200033925";"753 494";"A01";"3";"30";"0";"2";"4";"21";"1";""
"202200033925";"753 495";"B01";"3";"30";"0";"2";"4";"1";"1";""
"202200033926";"753 492";"A01";"0";"7";"0";"2";"1";"1";"1";""
"202200033926";"753 493";"B01";"0";"7";"0";"2";"4";"15";"1";""
"202200033927";"753 490";"A01";"1";"30";"0";"2";"8";"18";"1";""
"202200033927";"753 491";"B01";"1";"7";"0";"2";"7";"16";"1";""
"202200033928";"753 489";"A01";"2";"7";"0";"1";"0";"0";"1";""
"202200033929";"753 486";"A01";"1";"7";"0";"2";"1";"2";"1";""
"202200033929";"753 488";"B01";"1";"7";"0";"2";"2";"0";"1";""
"202200033930";"753 485";"A01";"1";"33";"0";"2";"1";"2";"1";""
"202200033930";"753 487";"B01";"1";"7";"0";"2";"6";"11";"1";""
"202200033931";"753 483";"A01";"2";"1";"0";"0";"0";"1";"5";""
"202200033932";"753 482";"B01";"2";"1";"0";"2";"3";"15";"5";""
"202200033932";"753 484";"A01";"1";"7";"0";"2";"2";"15";"0";""
"202200033933";"753 480";"A01";"1";"10";"0";"2";"3";"13";"1";""
"202200033933";"753 481";"B01";"2";"7";"0";"2";"3";"1";"1";""
"202200033934";"753 479";"A01";"0";"10";"0";"1";"2";"19";"0";""
"202200033935";"753 478";"A01";"2";"7";"0";"0";"0";"13";"1";""
"202200033936";"753 476";"A01";"2";"7";"0";"2";"1";"14";"1";""
"202200033936";"753 477";"B01";"2";"7";"0";"2";"4";"1";"1";""
"202200033937";"753 474";"A01";"2";"10";"0";"2";"3";"13";"1";""
"202200033937";"753 475";"B01";"1";"7";"0";"2";"8";"1";"1";""
"202200033938";"753 473";"A01";"1";"30";"14";"1";"5";"3";"3";""
"202200033939";"753 471";"B01";"1";"7";"0";"2";"3";"1";"1";""
"202200033939";"753 472";"A01";"2";"7";"0";"2";"3";"1";"1";""
"202200033940";"753 469";"Z01";"1";"7";"0";"2";"3";"1";"1";""
"202200033940";"753 470";"A01";"2";"80";"0";"2";"1";"1";"3";""
"202200033941";"753 467";"B01";"1";"10";"0";"0";"4";"2";"1";""
"202200033941";"753 468";"A01";"1";"31";"0";"2";"1";"2";"1";""
"202200033942";"753 464";"A01";"1";"50";"0";"0";"9";"1";"3";""
"202200033943";"753 465";"A01";"1";"7";"0";"2";"2";"15";"1";""
"202200033943";"753 466";"B01";"2";"1";"0";"2";"1";"1";"5";""
"202200033944";"753 460";"A01";"2";"7";"0";"2";"3";"15";"1";""
"202200033944";"753 462";"B01";"1";"2";"0";"2";"3";"1";"1";""
"202200033945";"753 461";"B01";"2";"1";"0";"2";"1";"0";"5";""
"202200033945";"753 463";"A01";"2";"7";"0";"2";"6";"15";"1";""
"202200033946";"753 457";"B01";"3";"7";"0";"2";"8";"2";"1";""
"202200033946";"753 459";"A01";"3";"7";"0";"2";"1";"17";"1";""
"202200033947";"753 456";"A01";"2";"7";"0";"2";"4";"2";"1";""
"202200033947";"753 458";"Z01";"2";"7";"0";"2";"1";"0";"0";""
"202200033948";"753 455";"A01";"1";"14";"0";"1";"2";"1";"1";""
"202200033949";"753 454";"A01";"1";"7";"0";"1";"1";"1";"1";""
"202200033950";"753 453";"A01";"1";"50";"14";"0";"1";"0";"3";""
"202200033951";"753 452";"Z01";"2";"7";"0";"1";"0";"1";"0";""
"202200033952";"753 451";"A01";"1";"7";"1";"0";"2";"13";"1";""
"202200033953";"753 449";"B01";"0";"2";"0";"0";"1";"1";"1";""
"202200033953";"753 450";"A01";"0";"7";"0";"2";"2";"1";"1";""
"202200033954";"753 447";"A01";"2";"7";"0";"9";"7";"16";"1";""
"202200033954";"753 448";"B01";"2";"1";"0";"2";"8";"2";"5";""
"202200033955";"753 446";"A01";"1";"7";"0";"1";"2";"20";"2";""
"202200033956";"753 445";"A01";"1";"7";"1";"0";"2";"9";"2";""
"202200033957";"753 443";"B01";"2";"7";"0";"0";"4";"23";"1";""
"202200033957";"753 444";"A01";"2";"7";"0";"2";"1";"1";"1";""
"202200033958";"753 442";"A01";"2";"7";"0";"1";"2";"23";"1";""
"202200033959";"753 439";"A01";"2";"10";"0";"1";"2";"1";"1";""
"202200033960";"753 437";"A01";"2";"7";"0";"1";"3";"19";"1";""
"202200033961";"753 436";"A01";"1";"10";"1";"2";"1";"17";"0";""
"202200033961";"753 438";"B01";"1";"37";"0";"2";"3";"1";"0";"1"
"202200033962";"753 435";"A01";"1";"7";"0";"0";"9";"1";"1";""
"202200033963";"753 431";"B01";"1";"7";"0";"2";"0";"0";"1";""
"202200033963";"753 433";"A01";"1";"30";"0";"2";"0";"0";"1";""
"202200033964";"753 430";"A01";"3";"32";"0";"9";"0";"1";"0";""
"202200033965";"753 428";"A01";"2";"7";"1";"1";"2";"2";"1";""
"202200033965";"753 429";"B01";"2";"7";"1";"0";"3";"23";"2";""
"202200033966";"753 427";"A01";"3";"7";"0";"1";"3";"23";"3";""
"202200033967";"753 425";"A01";"1";"7";"0";"1";"3";"2";"1";""
"202200033968";"753 426";"A01";"2";"10";"0";"1";"1";"16";"1";""
"202200033969";"753 424";"A01";"2";"1";"12";"0";"0";"0";"5";""
"202200033970";"753 423";"A01";"3";"33";"0";"9";"1";"1";"1";""
"202200033971";"753 422";"A01";"1";"1";"0";"0";"9";"1";"5";""
"202200033972";"753 419";"A01";"3";"7";"0";"2";"5";"16";"1";""
"202200033972";"753 420";"B01";"3";"50";"0";"2";"1";"0";"3";""
"202200033973";"753 418";"A01";"2";"7";"0";"1";"7";"11";"2";""
"202200033974";"753 417";"A01";"1";"1";"1";"0";"2";"1";"5";""
"202200033975";"753 415";"A01";"3";"34";"0";"2";"1";"2";"1";""
"202200033975";"753 416";"B01";"3";"7";"0";"2";"7";"15";"1";""
"202200033976";"753 413";"A01";"1";"7";"0";"1";"1";"26";"1";""
"202200033977";"753 412";"A01";"1";"30";"0";"2";"1";"26";"1";""
"202200033977";"753 414";"B01";"1";"7";"0";"2";"3";"16";"1";""
"202200033978";"753 410";"A01";"0";"7";"0";"2";"1";"26";"1";""
"202200033978";"753 411";"B01";"1";"50";"0";"2";"1";"9";"3";""
"202200033979";"753 409";"A01";"1";"7";"0";"1";"2";"16";"1";""
"202200033980";"753 407";"A01";"1";"7";"0";"2";"5";"13";"1";""
"202200033980";"753 408";"B01";"2";"7";"0";"2";"1";"1";"1";""
"202200033981";"753 406";"A01";"1";"7";"0";"1";"2";"15";"1";""
"202200033982";"753 405";"A01";"1";"7";"0";"1";"1";"2";"1";""
"202200033983";"753 402";"A01";"1";"7";"0";"2";"5";"9";"1";""
"202200033983";"753 404";"B01";"2";"1";"0";"2";"1";"5";"5";""
"202200033984";"753 401";"B01";"2";"50";"0";"2";"7";"15";"3";""
"202200033984";"753 403";"A01";"2";"7";"0";"2";"2";"9";"1";""
"202200033985";"753 400";"A01";"1";"31";"11";"0";"1";"1";"1";""
"202200033986";"753 398";"B01";"2";"1";"0";"2";"0";"1";"5";""
"202200033986";"753 399";"A01";"1";"7";"0";"2";"3";"1";"2";""
"202200033987";"753 396";"B01";"1";"7";"0";"2";"1";"1";"1";""
"202200033987";"753 397";"A01";"1";"7";"0";"2";"8";"1";"1";""
"202200033988";"753 395";"A01";"3";"10";"0";"1";"3";"15";"1";""
"202200033989";"753 393";"A01";"3";"7";"0";"1";"3";"15";"1";""
"202200033990";"753 392";"A01";"1";"7";"0";"2";"2";"26";"1";""
"202200033990";"753 394";"B01";"1";"7";"0";"2";"1";"1";"1";""
"202200033991";"753 391";"A01";"3";"7";"0";"1";"2";"1";"1";""
"202200033992";"753 389";"B01";"2";"50";"0";"2";"1";"1";"3";""
"202200033992";"753 390";"A01";"3";"7";"0";"2";"3";"16";"1";""
"202200033993";"753 388";"A01";"2";"10";"7";"0";"1";"1";"1";""
"202200033994";"753 386";"A01";"3";"32";"0";"0";"0";"1";"1";""
"202200033995";"753 385";"B01";"2";"7";"0";"2";"1";"21";"1";""
"202200033995";"753 387";"A01";"1";"7";"0";"2";"2";"5";"1";""
"202200033996";"753 384";"A01";"3";"1";"12";"0";"1";"1";"5";""
"202200033997";"753 381";"A01";"1";"7";"0";"2";"8";"9";"1";""
"202200033997";"753 383";"B01";"2";"7";"0";"2";"1";"1";"1";""
"202200033998";"753 380";"A01";"1";"30";"0";"2";"6";"1";"1";""
"202200033998";"753 382";"B01";"1";"7";"0";"2";"1";"2";"1";""
"202200033999";"753 378";"A01";"2";"33";"12";"0";"2";"14";"1";""
"202200034000";"753 376";"A01";"2";"7";"8";"2";"1";"17";"1";""
"202200034000";"753 377";"B01";"2";"7";"0";"2";"1";"23";"1";""
"202200034000";"753 379";"C01";"2";"7";"0";"2";"2";"23";"1";""
"202200034001";"753 374";"A01";"2";"32";"8";"0";"1";"1";"1";""
"202200034002";"753 375";"A01";"1";"7";"0";"1";"1";"16";"1";""
"202200034003";"753 372";"A01";"2";"31";"0";"0";"0";"1";"1";""
"202200034004";"753 371";"A01";"3";"7";"0";"2";"1";"20";"2";""
"202200034004";"753 373";"B01";"3";"33";"0";"2";"1";"1";"1";""
"202200034005";"753 367";"B01";"1";"1";"0";"2";"4";"0";"5";""
"202200034005";"753 369";"A01";"1";"7";"0";"2";"7";"1";"1";""
"202200034006";"753 368";"B01";"2";"7";"0";"2";"4";"1";"1";""
"202200034006";"753 370";"A01";"2";"10";"0";"2";"1";"1";"1";""
"202200034007";"753 365";"B01";"2";"7";"0";"2";"1";"1";"1";""
"202200034007";"753 366";"A01";"2";"7";"0";"2";"1";"13";"1";""
"202200034008";"753 364";"A01";"2";"7";"0";"1";"1";"2";"2";""
"202200034009";"753 360";"A01";"1";"10";"0";"2";"3";"15";"1";""
"202200034009";"753 361";"B01";"1";"34";"0";"2";"1";"17";"1";""
"202200034009";"753 363";"C01";"1";"7";"1";"0";"1";"24";"0";""
"202200034010";"753 359";"A01";"3";"7";"0";"2";"7";"15";"1";""
"202200034010";"753 362";"B01";"3";"7";"0";"2";"1";"1";"1";""
"202200034011";"753 358";"A01";"1";"7";"0";"1";"1";"1";"1";""
"202200034012";"753 355";"A01";"1";"7";"0";"2";"4";"0";"1";""
"202200034012";"753 356";"B01";"1";"10";"0";"2";"4";"0";"1";""
"202200034012";"753 357";"C01";"1";"10";"0";"2";"1";"26";"1";""
"202200034013";"753 353";"A01";"1";"7";"0";"2";"8";"22";"1";""
"202200034013";"753 354";"B01";"1";"1";"1";"0";"1";"21";"5";""
"202200034014";"753 351";"B01";"2";"50";"0";"0";"8";"1";"3";""
"202200034014";"753 352";"A01";"1";"7";"0";"9";"3";"15";"1";""
"202200034015";"753 349";"A01";"2";"7";"0";"1";"3";"1";"1";""
"202200034016";"753 348";"A01";"1";"7";"0";"2";"3";"13";"1";""
"202200034016";"753 350";"B01";"1";"7";"5";"0";"7";"14";"1";""
"202200034017";"753 346";"A01";"0";"33";"0";"0";"0";"1";"1";""
"202200034018";"753 345";"A01";"1";"7";"0";"2";"1";"2";"1";""
"202200034018";"753 347";"B01";"1";"7";"0";"2";"4";"23";"1";""
"202200034019";"753 343";"B01";"1";"7";"0";"2";"1";"1";"1";""
"202200034019";"753 344";"A01";"0";"7";"0";"2";"1";"15";"1";""
"202200034020";"753 342";"A01";"2";"3";"1";"0";"0";"0";"3";""
"202200034021";"753 339";"B01";"2";"30";"0";"2";"1";"16";"1";""
"202200034021";"753 340";"A01";"1";"7";"0";"2";"7";"15";"1";""
"202200034022";"753 338";"B01";"0";"30";"0";"0";"0";"0";"1";""
"202200034022";"753 341";"A01";"3";"30";"0";"0";"0";"0";"1";""
"202200034023";"753 336";"A01";"2";"7";"0";"1";"2";"17";"1";""
"202200034024";"753 337";"A01";"2";"14";"0";"1";"0";"0";"0";""
"202200034025";"753 335";"A01";"3";"7";"0";"1";"3";"13";"1";""
"202200034026";"753 333";"A01";"1";"7";"0";"2";"2";"1";"1";""
"202200034026";"753 334";"B01";"1";"1";"0";"2";"7";"12";"5";""
"202200034027";"753 329";"A01";"0";"7";"1";"0";"3";"1";"1";""
"202200034028";"753 330";"B01";"2";"7";"0";"0";"5";"24";"1";""
"202200034028";"753 331";"C01";"2";"7";"0";"0";"6";"1";"1";""
"202200034028";"753 332";"A01";"2";"33";"1";"2";"1";"26";"1";""
"202200034029";"753 326";"A01";"1";"32";"0";"2";"1";"2";"1";""
"202200034029";"753 327";"B01";"1";"7";"0";"0";"4";"0";"2";""
"202200034030";"753 325";"A01";"3";"7";"0";"2";"2";"26";"1";""
"202200034030";"753 328";"B01";"3";"2";"0";"2";"3";"1";"1";""
"202200034031";"753 323";"A01";"1";"7";"0";"2";"1";"2";"1";""
"202200034031";"753 324";"B01";"1";"7";"0";"2";"4";"23";"1";""
"202200034032";"753 322";"A01";"3";"7";"0";"1";"4";"20";"1";""
"202200034033";"753 320";"B01";"2";"30";"0";"2";"1";"17";"1";""