"Num_Acc";"id_vehicule";"num_veh";"senc";"catv";"obs";"obsm";"choc";"manv";"motor";"occutc"
"202200034241";"752 934";"A01";"2";"31";"0";"2";"8";"3";"1";""
"202200034241";"752 935";"B01";"2";"10";"0";"2";"7";"1";"1";""
"202200034242";"752 932";"A01";"1";"7";"0";"2";"6";"16";"0";""
"202200034242";"752 933";"B01";"1";"33";"0";"2";"1";"7";"0";""
"202200034243";"752 930";"B01";"3";"7";"0";"2";"1";"1";"1";""
"202200034243";"752 931";"A01";"3";"7";"0";"2";"1";"17";"1";""
"202200034244";"752 928";"B01";"0";"7";"0";"2";"0";"0";"0";""
"202200034244";"752 929";"A01";"0";"7";"0";"2";"4";"23";"1";""
"202200034245";"752 927";"A01";"1";"7";"0";"1";"2";"16";"0";""
"202200034246";"752 926";"A01";"3";"50";"0";"1";"8";"25";"3";""
"202200034247";"752 924";"B01";"1";"30";"0";"2";"8";"2";"1";""
"202200034247";"752 925";"A01";"1";"7";"0";"2";"5";"12";"1";""
"202200034248";"752 923";"A01";"1";"31";"0";"0";"7";"0";"1";""
"202200034249";"752 921";"B01";"1";"80";"0";"2";"1";"1";"3";""
"202200034249";"752 922";"A01";"2";"7";"0";"2";"2";"15";"1";""
"202200034250";"752 920";"A01";"2";"7";"0";"1";"2";"1";"1";""
"202200034251";"752 919";"A01";"1";"7";"0";"1";"1";"1";"1";""
"202200034252";"752 918";"A01";"3";"7";"0";"1";"3";"1";"1";""
"202200034253";"752 916";"A01";"3";"7";"0";"2";"2";"16";"1";""
"202200034253";"752 917";"B01";"3";"33";"0";"2";"3";"18";"1";""
"202200034254";"752 915";"A01";"2";"33";"0";"1";"1";"0";"1";""
"202200034255";"752 912";"C01";"1";"10";"0";"2";"4";"16";"1";""
"202200034255";"752 913";"B01";"1";"7";"0";"2";"4";"16";"1";""
"202200034255";"752 914";"A01";"1";"7";"0";"2";"1";"16";"1";""
"202200034256";"752 909";"A01";"2";"7";"0";"2";"1";"1";"1";""
"202200034256";"752 911";"B01";"2";"7";"0";"2";"4";"2";"1";""
"202200034257";"752 908";"B01";"1";"7";"0";"2";"7";"1";"2";""
"202200034257";"752 910";"A01";"2";"7";"0";"2";"1";"1";"1";""
"202200034258";"752 906";"B01";"2";"7";"0";"2";"3";"9";"1";""
"202200034258";"752 907";"A01";"2";"33";"0";"2";"7";"3";"1";""
"202200034259";"752 905";"A01";"3";"7";"2";"0";"2";"1";"1";""
"202200034260";"752 902";"A01";"2";"33";"0";"2";"1";"3";"1";""
"202200034260";"752 904";"B01";"2";"33";"0";"2";"4";"1";"1";""
"202200034261";"752 901";"A01";"1";"7";"2";"2";"9";"17";"1";""
"202200034261";"752 903";"B01";"1";"7";"3";"2";"9";"17";"1";""
"202200034262";"752 900";"A01";"1";"7";"15";"0";"1";"1";"1";""
"202200034263";"752 895";"B01";"1";"7";"8";"2";"3";"1";"1";""
"202200034263";"752 897";"A01";"1";"50";"0";"2";"1";"9";"3";""
"202200034264";"752 896";"C01";"2";"7";"0";"2";"6";"2";"1";""
"202200034264";"752 898";"B01";"1";"7";"0";"2";"1";"1";"1";""
"202200034264";"752 899";"A01";"2";"7";"0";"2";"1";"13";"1";""
"202200034265";"752 893";"A01";"1";"7";"0";"2";"7";"17";"0";""
"202200034265";"752 894";"B01";"1";"2";"0";"2";"8";"1";"1";""
"202200034266";"752 891";"A01";"1";"7";"0";"2";"3";"1";"1";""
"202200034266";"752 892";"B01";"1";"7";"0";"2";"6";"1";"1";""
"202200034267";"752 889";"A01";"1";"32";"0";"2";"1";"2";"1";""
"202200034267";"752 890";"B01";"1";"7";"0";"2";"4";"2";"1";""
"202200034268";"752 887";"A01";"0";"7";"0";"2";"1";"13";"1";""
"202200034268";"752 888";"B01";"0";"7";"0";"2";"1";"1";"1";""
"202200034269";"752 885";"A01";"1";"7";"0";"2";"1";"10";"1";""
"202200034269";"752 886";"B01";"1";"30";"0";"2";"1";"1";"1";""
"202200034270";"752 884";"A01";"2";"7";"8";"0";"1";"14";"1";""
"202200034271";"752 881";"A01";"3";"7";"6";"0";"2";"1";"1";""
"202200034272";"752 880";"A01";"2";"10";"0";"2";"1";"18";"1";""
"202200034272";"752 882";"B01";"2";"10";"0";"2";"4";"15";"1";""
"202200034273";"752 877";"A01";"1";"7";"0";"2";"3";"26";"0";""
"202200034273";"752 879";"B01";"2";"2";"0";"2";"1";"10";"1";""
"202200034274";"752 875";"B01";"1";"2";"0";"2";"1";"1";"1";""
"202200034274";"752 876";"A01";"2";"7";"0";"2";"7";"15";"1";""
"202200034275";"752 874";"A01";"1";"7";"0";"2";"2";"3";"1";""
"202200034276";"752 871";"B01";"1";"7";"0";"2";"1";"1";"1";""
"202200034276";"752 873";"A01";"2";"7";"0";"2";"1";"13";"1";""
"202200034277";"752 869";"C01";"1";"7";"0";"2";"1";"1";"1";""
"202200034277";"752 870";"B01";"2";"7";"0";"2";"1";"1";"1";""
"202200034277";"752 872";"A01";"1";"7";"0";"0";"5";"15";"1";""
"202200034278";"752 867";"B01";"2";"2";"0";"2";"7";"1";"1";""
"202200034278";"752 868";"A01";"1";"7";"0";"2";"1";"9";"1";""
"202200034279";"752 865";"A01";"3";"21";"0";"2";"3";"1";"1";""
"202200034279";"752 866";"B01";"3";"1";"0";"2";"1";"1";"5";""
"202200034280";"752 863";"B01";"1";"80";"0";"2";"4";"16";"3";""
"202200034280";"752 864";"A01";"2";"7";"0";"9";"3";"1";"1";""
"202200034281";"752 862";"A01";"2";"7";"0";"1";"1";"1";"1";""
"202200034282";"752 860";"A01";"0";"7";"0";"2";"8";"26";"1";""
"202200034282";"752 861";"B01";"0";"60";"0";"2";"0";"0";"5";""
"202200034283";"752 857";"B01";"2";"7";"0";"2";"1";"1";"1";""
"202200034283";"752 858";"A01";"1";"7";"0";"2";"1";"5";"1";""
"202200034284";"752 856";"B01";"2";"7";"0";"2";"1";"1";"1";""
"202200034284";"752 859";"A01";"2";"7";"7";"2";"8";"9";"1";""
"202200034285";"752 855";"A01";"0";"7";"2";"0";"1";"17";"1";""
"202200034286";"752 852";"A01";"1";"10";"0";"2";"3";"13";"1";""
"202200034286";"752 854";"B01";"2";"7";"0";"2";"3";"1";"1";""
"202200034287";"752 851";"B01";"0";"7";"0";"2";"3";"16";"1";""
"202200034287";"752 853";"Z01";"0";"7";"0";"2";"2";"1";"0";""
"202200034288";"752 850";"A01";"2";"7";"2";"0";"7";"15";"1";""
"202200034289";"752 849";"A01";"1";"3";"14";"0";"8";"13";"1";""
"202200034290";"752 848";"A01";"2";"7";"13";"0";"9";"13";"1";""
"202200034291";"752 846";"A01";"2";"7";"0";"1";"1";"1";"1";""
"202200034292";"752 844";"C01";"1";"7";"0";"0";"0";"15";"1";""
"202200034292";"752 845";"B01";"1";"7";"0";"2";"3";"1";"1";""
"202200034292";"752 847";"A01";"2";"7";"0";"2";"3";"1";"1";""
"202200034293";"752 842";"A01";"3";"7";"0";"2";"3";"13";"1";""
"202200034293";"752 843";"B01";"3";"33";"0";"2";"7";"1";"1";""
"202200034294";"752 841";"A01";"1";"7";"0";"1";"2";"1";"1";""
"202200034295";"752 840";"A01";"2";"33";"13";"0";"1";"1";"1";""
"202200034296";"752 839";"A01";"1";"7";"0";"1";"3";"1";"1";""
"202200034297";"752 837";"B01";"3";"37";"0";"2";"1";"8";"3";"1"
"202200034297";"752 838";"A01";"3";"7";"0";"2";"1";"8";"1";""
"202200034298";"752 835";"A01";"1";"7";"7";"2";"5";"15";"1";""
"202200034298";"752 836";"B01";"2";"7";"0";"2";"2";"1";"1";""
"202200034299";"752 834";"A01";"3";"32";"0";"1";"1";"1";"1";""
"202200034300";"752 831";"B01";"2";"7";"0";"6";"2";"1";"1";""
"202200034300";"752 833";"A01";"2";"33";"0";"2";"2";"1";"1";""
"202200034301";"752 830";"A01";"1";"7";"0";"2";"3";"16";"1";""
"202200034301";"752 832";"B01";"2";"1";"0";"2";"7";"1";"5";""
"202200034302";"752 829";"A01";"1";"7";"2";"0";"1";"1";"1";""
"202200034303";"752 826";"B01";"3";"10";"0";"2";"4";"2";"1";""
"202200034303";"752 828";"A01";"3";"10";"0";"2";"1";"2";"0";""
"202200034304";"752 827";"A01";"1";"7";"2";"0";"1";"1";"1";""
"202200034305";"752 825";"A01";"1";"7";"0";"1";"2";"9";"1";""
"202200034306";"752 822";"A01";"1";"10";"0";"2";"1";"1";"1";""
"202200034306";"752 823";"B01";"1";"7";"0";"2";"4";"15";"1";""
"202200034306";"752 824";"C01";"2";"7";"0";"2";"1";"1";"1";""
"202200034307";"752 819";"A01";"1";"7";"0";"2";"3";"15";"1";""
"202200034307";"752 821";"B01";"2";"33";"0";"2";"2";"1";"1";""
"202200034308";"752 818";"B01";"1";"7";"0";"2";"3";"1";"1";""
"202200034308";"752 820";"A01";"2";"7";"0";"2";"3";"1";"1";""
"202200034309";"752 815";"A01";"1";"7";"0";"2";"1";"19";"1";""
"202200034309";"752 817";"B01";"1";"7";"8";"2";"2";"1";"1";""
"202200034310";"752 814";"B01";"2";"7";"0";"2";"3";"1";"1";""
"202200034310";"752 816";"A01";"1";"7";"0";"2";"1";"1";"1";""
"202200034311";"752 807";"A01";"2";"7";"0";"2";"3";"13";"1";""
"202200034311";"752 809";"B01";"0";"33";"0";"2";"1";"1";"1";""
"202200034312";"752 806";"A01";"2";"7";"0";"2";"3";"0";"1";""
"202200034312";"752 808";"B01";"1";"7";"0";"2";"2";"0";"1";""
"202200034313";"752 803";"B01";"2";"1";"0";"0";"0";"1";"5";""
"202200034313";"752 805";"A01";"2";"7";"0";"2";"0";"22";"1";""
"202200034314";"752 802";"B01";"1";"15";"0";"2";"6";"1";"1";""
"202200034314";"752 804";"A01";"2";"7";"0";"2";"3";"13";"1";""
"202200034315";"752 800";"A01";"1";"7";"0";"0";"1";"14";"1";""
"202200034316";"752 799";"A01";"2";"7";"0";"2";"1";"15";"1";""
"202200034316";"752 801";"B01";"1";"32";"0";"2";"1";"1";"1";""
"202200034317";"752 798";"A01";"1";"34";"0";"1";"1";"1";"1";""
"202200034318";"752 796";"A01";"1";"30";"0";"2";"7";"17";"1";""
"202200034318";"752 797";"B01";"1";"7";"0";"2";"3";"15";"1";""
"202200034319";"752 792";"C01";"2";"7";"4";"2";"1";"21";"1";""
"202200034319";"752 794";"B01";"2";"7";"0";"2";"8";"1";"1";""
"202200034319";"752 795";"A01";"2";"17";"0";"2";"6";"1";"1";""
"202200034320";"752 791";"A01";"2";"2";"0";"1";"1";"1";"1";""
"202200034321";"752 790";"A01";"2";"7";"7";"2";"1";"1";"2";""
"202200034321";"752 793";"B01";"1";"7";"11";"2";"7";"9";"1";""
"202200034322";"752 789";"A01";"1";"7";"2";"0";"1";"1";"1";""
"202200034323";"752 787";"B01";"1";"7";"0";"2";"1";"2";"1";""
"202200034323";"752 788";"A01";"1";"7";"0";"0";"4";"0";"2";""
"202200034324";"752 784";"B01";"2";"7";"0";"2";"1";"2";"1";""
"202200034324";"752 785";"A01";"2";"3";"0";"0";"4";"1";"1";""
"202200034325";"752 783";"B01";"2";"7";"0";"2";"1";"2";"1";""
"202200034325";"752 786";"A01";"1";"7";"0";"2";"1";"5";"1";""
"202200034326";"752 782";"A01";"1";"32";"6";"0";"1";"1";"1";""
"202200034327";"752 781";"A01";"2";"7";"8";"0";"4";"1";"1";""
"202200034328";"752 779";"A01";"0";"7";"13";"0";"1";"1";"1";""
"202200034329";"752 778";"B01";"1";"7";"0";"2";"3";"1";"1";""
"202200034329";"752 780";"A01";"2";"7";"0";"2";"3";"13";"1";""
"202200034330";"752 777";"A01";"2";"7";"7";"0";"1";"1";"1";""
"202200034331";"752 775";"B01";"1";"33";"0";"2";"1";"2";"1";""
"202200034331";"752 776";"A01";"1";"10";"0";"2";"8";"6";"1";""
"202200034332";"752 772";"B01";"2";"7";"3";"2";"1";"1";"1";""
"202200034332";"752 774";"A01";"2";"7";"3";"0";"1";"13";"1";""
"202200034333";"752 771";"B01";"2";"7";"0";"0";"1";"5";"1";""
"202200034333";"752 773";"A01";"1";"7";"2";"0";"1";"13";"1";""
"202200034334";"752 768";"A01";"3";"7";"0";"2";"3";"10";"0";""
"202200034334";"752 770";"B01";"3";"33";"0";"2";"1";"1";"1";""
"202200034335";"752 767";"A01";"1";"32";"0";"2";"1";"1";"1";""
"202200034335";"752 769";"B01";"2";"7";"0";"2";"4";"23";"1";""
"202200034336";"752 766";"A01";"1";"14";"0";"1";"1";"1";"1";""
"202200034337";"752 763";"A01";"2";"37";"0";"2";"1";"2";"1";"1"
"202200034337";"752 764";"B01";"2";"7";"0";"2";"4";"2";"1";""
"202200034337";"752 765";"C01";"2";"7";"0";"2";"1";"2";"1";""
"202200034338";"752 760";"A01";"0";"7";"0";"2";"7";"14";"1";""
"202200034338";"752 762";"B01";"0";"34";"0";"2";"8";"1";"1";""
"202200034339";"752 759";"Z01";"1";"7";"0";"2";"1";"2";"0";""
"202200034339";"752 761";"B01";"1";"7";"0";"2";"4";"2";"1";""
"202200034340";"752 757";"A01";"3";"7";"3";"0";"1";"0";"0";""
"202200034341";"752 755";"C01";"2";"7";"0";"2";"1";"1";"1";""
"202200034341";"752 756";"B01";"2";"7";"0";"2";"4";"2";"1";""
"202200034341";"752 758";"A01";"2";"33";"0";"2";"4";"1";"1";""
"202200034342";"752 754";"A01";"2";"7";"1";"0";"1";"0";"1";""
"202200034343";"752 751";"A01";"2";"33";"0";"2";"1";"3";"1";""
"202200034343";"752 752";"B01";"2";"17";"0";"2";"3";"2";"1";""
"202200034343";"752 753";"C01";"2";"7";"0";"2";"2";"1";"1";""
"202200034344";"752 749";"B01";"1";"7";"0";"2";"2";"11";"1";""
"202200034344";"752 750";"A01";"1";"2";"0";"2";"4";"19";"1";""
"202200034345";"752 747";"A01";"2";"10";"0";"2";"1";"2";"1";""
"202200034345";"752 748";"B01";"2";"10";"0";"0";"4";"2";"1";""
"202200034346";"752 745";"A01";"2";"32";"0";"2";"5";"17";"1";""
"202200034346";"752 746";"Z01";"2";"7";"1";"2";"9";"15";"1";""
"202200034347";"752 743";"A01";"2";"99";"0";"2";"1";"2";"1";""
"202200034347";"752 744";"B01";"2";"7";"0";"2";"4";"2";"1";""
"202200034348";"752 740";"A01";"2";"7";"0";"2";"0";"1";"1";""
"202200034348";"752 742";"B01";"2";"1";"0";"2";"1";"19";"5";""
"202200034349";"752 739";"B01";"1";"7";"0";"2";"8";"11";"1";""
"202200034349";"752 741";"A01";"1";"31";"0";"2";"0";"3";"1";""
"202200034350";"752 738";"A01";"1";"2";"0";"1";"1";"1";"1";""
"202200034351";"752 733";"D01";"1";"7";"0";"2";"1";"0";"1";""
"202200034351";"752 735";"C01";"1";"7";"0";"2";"1";"2";"1";""
"202200034351";"752 736";"B01";"1";"7";"0";"2";"4";"2";"1";""
"202200034351";"752 737";"A01";"1";"7";"0";"2";"1";"2";"1";""
"202200034352";"752 732";"B01";"2";"7";"0";"0";"6";"13";"1";""
"202200034352";"752 734";"A01";"2";"43";"0";"2";"1";"17";"1";""
"202200034353";"752 730";"A01";"1";"80";"0";"1";"1";"1";"3";""
"202200034354";"752 729";"A01";"1";"7";"0";"2";"7";"12";"1";""
"202200034354";"752 731";"B01";"1";"33";"0";"2";"3";"3";"1";""
"202200034355";"752 725";"A01";"2";"50";"0";"2";"1";"1";"3";""
"202200034355";"752 728";"B01";"3";"60";"0";"2";"8";"19";"5";""
"202200034356";"752 724";"A01";"2";"15";"0";"2";"5";"12";"1";""
"202200034356";"752 726";"B01";"2";"7";"0";"2";"0";"0";"1";""
"202200034356";"752 727";"C01";"2";"7";"0";"2";"0";"0";"1";""
"202200034357";"752 720";"A01";"1";"50";"0";"2";"1";"5";"3";""
"202200034357";"752 723";"B01";"1";"7";"0";"2";"1";"1";"1";""
"202200034358";"752 719";"A01";"2";"7";"0";"2";"1";"2";"1";""
"202200034358";"752 721";"B01";"2";"7";"0";"2";"4";"23";"1";""
"202200034358";"752 722";"C01";"2";"7";"0";"2";"4";"23";"1";""
"202200034359";"752 716";"A01";"1";"10";"0";"2";"5";"2";"1";""
"202200034359";"752 718";"B01";"1";"1";"0";"2";"2";"2";"5";""
"202200034360";"752 715";"B01";"2";"7";"0";"2";"4";"2";"1";""
"202200034360";"752 717";"A01";"2";"7";"0";"2";"1";"2";"1";""
"202200034361";"752 712";"B01";"1";"1";"0";"2";"4";"2";"5";""
"202200034361";"752 714";"A01";"1";"7";"0";"2";"1";"2";"1";""
"202200034362";"752 711";"A01";"3";"7";"0";"2";"2";"1";"1";""
"202200034362";"752 713";"B01";"3";"7";"0";"2";"5";"9";"1";""
"202200034363";"752 710";"A01";"2";"10";"0";"1";"6";"4";"1";""
"202200034364";"752 708";"A01";"2";"7";"0";"2";"1";"15";"1";""
"202200034364";"752 709";"B01";"1";"2";"0";"2";"1";"1";"1";""
"202200034365";"752 707";"A01";"2";"7";"0";"1";"1";"0";"1";""
"202200034366";"752 706";"A01";"2";"30";"0";"1";"4";"1";"3";""
"202200034367";"752 705";"A01";"1";"7";"0";"1";"1";"1";"1";""
"202200034368";"752 703";"A01";"1";"10";"0";"2";"0";"0";"0";""
"202200034368";"752 704";"B01";"1";"32";"0";"0";"4";"0";"1";""
"202200034369";"752 701";"A01";"2";"7";"0";"1";"1";"1";"0";""
"202200034370";"752 702";"A01";"2";"50";"12";"0";"1";"1";"3";""
"202200034371";"752 697";"A01";"1";"7";"0";"2";"1";"1";"1";""
"202200034371";"752 698";"B01";"2";"7";"0";"2";"2";"1";"1";""
"202200034372";"752 696";"A01";"1";"33";"13";"0";"1";"14";"1";""
"202200034373";"752 694";"A01";"1";"7";"0";"2";"5";"15";"1";""
"202200034373";"752 695";"B01";"2";"33";"0";"2";"1";"1";"1";""
"202200034374";"752 700";"A01";"0";"7";"0";"1";"1";"1";"1";""
"202200034375";"752 693";"A01";"2";"7";"13";"0";"0";"14";"1";""
"202200034376";"752 691";"B01";"2";"33";"0";"2";"1";"2";"1";""
"202200034376";"752 692";"A01";"2";"7";"0";"2";"3";"10";"1";""
"202200034377";"752 689";"B01";"2";"15";"0";"2";"6";"1";"1";""
"202200034377";"752 690";"A01";"1";"7";"4";"2";"2";"14";"1";""
"202200034378";"752 687";"A01";"2";"7";"0";"2";"1";"13";"1";""
"202200034378";"752 688";"B01";"1";"14";"0";"2";"1";"26";"1";""
"202200034379";"752 686";"A01";"2";"7";"0";"1";"1";"1";"1";""
"202200034380";"752 685";"A01";"3";"7";"0";"1";"2";"1";"1";""
"202200034381";"752 683";"A01";"1";"7";"0";"2";"3";"15";"1";""
"202200034381";"752 684";"B01";"1";"33";"0";"2";"7";"17";"1";""
"202200034382";"752 681";"A01";"2";"10";"0";"2";"3";"13";"1";""
"202200034382";"752 682";"B01";"1";"7";"0";"2";"3";"1";"1";""
"202200034383";"752 680";"A01";"1";"7";"6";"0";"2";"1";"1";""
"202200034384";"752 679";"A01";"1";"7";"13";"0";"1";"2";"1";""
"202200034385";"752 678";"A01";"1";"2";"0";"0";"1";"1";"1";""
"202200034386";"752 676";"A01";"1";"7";"0";"0";"0";"26";"1";""
"202200034387";"752 675";"B01";"2";"33";"0";"2";"1";"1";"1";""
"202200034387";"752 677";"A01";"1";"7";"0";"2";"3";"15";"1";""
"202200034388";"752 673";"A01";"1";"7";"2";"2";"3";"21";"1";""
"202200034389";"752 672";"B01";"1";"33";"0";"2";"1";"1";"1";""
"202200034389";"752 674";"A01";"3";"7";"0";"2";"3";"15";"1";""
"202200034390";"752 669";"C01";"1";"7";"0";"2";"4";"26";"2";""
"202200034390";"752 670";"B01";"1";"7";"0";"2";"9";"26";"1";""
"202200034390";"752 671";"A01";"1";"7";"0";"2";"1";"1";"1";""
"202200034391";"752 667";"A01";"0";"7";"0";"2";"3";"13";"1";""
"202200034391";"752 668";"B01";"0";"7";"3";"2";"3";"1";"1";""
"202200034392";"752 666";"A01";"1";"7";"0";"1";"2";"16";"1";""
"202200034393";"752 664";"A01";"2";"7";"0";"2";"1";"1";"1";""
"202200034393";"752 665";"B01";"2";"31";"0";"2";"1";"1";"1";""
"202200034394";"752 662";"A01";"3";"7";"0";"2";"7";"15";"1";""
"202200034394";"752 663";"B01";"3";"7";"0";"2";"1";"1";"1";""
"202200034395";"752 657";"A01";"1";"7";"0";"2";"2";"17";"3";""
"202200034395";"752 659";"B01";"1";"2";"0";"2";"8";"15";"1";""
"202200034396";"752 655";"A01";"1";"32";"0";"2";"1";"1";"0";""
"202200034396";"752 656";"B01";"1";"21";"0";"2";"8";"1";"0";""
"202200034397";"752 653";"A01";"1";"7";"0";"2";"1";"1";"1";""
"202200034397";"752 654";"B01";"1";"7";"0";"2";"8";"1";"1";""
"202200034398";"752 651";"B01";"1";"7";"0";"2";"1";"2";"1";""
"202200034398";"752 652";"A01";"1";"7";"0";"0";"4";"1";"1";""
"202200034399";"752 649";"B01";"2";"17";"0";"2";"1";"1";"1";""
"202200034399";"752 650";"A01";"1";"7";"0";"2";"1";"1";"1";""
"202200034400";"752 647";"B01";"1";"7";"0";"2";"1";"0";"1";""
"202200034400";"752 648";"A01";"2";"10";"0";"2";"1";"0";"1";""
"202200034401";"752 645";"A01";"2";"7";"0";"2";"2";"15";"1";""
"202200034401";"752 646";"B01";"1";"7";"0";"2";"1";"1";"1";""
"202200034402";"752 642";"B01";"1";"7";"0";"2";"7";"21";"1";""
"202200034402";"752 644";"A01";"2";"7";"0";"2";"2";"13";"1";""
"202200034403";"752 641";"A01";"2";"33";"0";"2";"2";"1";"1";""
"202200034403";"752 643";"B01";"2";"7";"0";"2";"1";"15";"1";""
"202200034404";"752 640";"A01";"0";"7";"0";"1";"3";"1";"1";""
"202200034405";"752 638";"A01";"1";"7";"2";"0";"1";"13";"1";""
"202200034406";"752 635";"A01";"2";"2";"5";"0";"3";"1";"1";""
"202200034407";"752 633";"A01";"3";"80";"0";"2";"8";"19";"3";""
"202200034407";"752 634";"B01";"1";"7";"0";"2";"1";"1";"1";""
"202200034408";"752 628";"A01";"0";"10";"0";"2";"1";"26";"1";""
"202200034408";"752 631";"B01";"0";"7";"0";"2";"6";"26";"1";""
"202200034408";"752 632";"C01";"0";"7";"0";"2";"8";"1";"1";""
"202200034409";"752 629";"B01";"2";"30";"0";"2";"1";"1";"1";""
"202200034409";"752 630";"A01";"1";"7";"0";"2";"7";"15";"1";""
"202200034410";"752 627";"A01";"1";"1";"0";"0";"0";"1";"5";""
"202200034411";"752 626";"A01";"3";"7";"0";"2";"5";"1";"1";""
"202200034412";"752 624";"A01";"2";"7";"0";"1";"1";"15";"1";""
"202200034413";"752 623";"B01";"1";"1";"0";"2";"1";"13";"5";""
"202200034413";"752 625";"A01";"1";"7";"0";"2";"1";"13";"1";""
"202200034414";"752 619";"B01";"1";"50";"0";"2";"0";"0";"3";""
"202200034414";"752 622";"A01";"1";"7";"0";"2";"3";"15";"1";""
"202200034415";"752 618";"A01";"1";"7";"0";"2";"1";"17";"1";""
"202200034415";"752 620";"B01";"2";"14";"0";"2";"1";"1";"1";""
"202200034415";"752 621";"C01";"2";"14";"0";"2";"3";"1";"0";""
"202200034416";"752 616";"A01";"1";"7";"0";"2";"3";"0";"2";""
"202200034416";"752 617";"B01";"1";"50";"0";"2";"5";"0";"3";""
"202200034417";"752 614";"A01";"2";"30";"0";"0";"2";"1";"1";""
"202200034418";"752 613";"A01";"1";"7";"3";"2";"2";"1";"1";""
"202200034418";"752 615";"B01";"2";"31";"3";"2";"1";"1";"1";""
"202200034419";"752 611";"A01";"3";"2";"4";"0";"2";"0";"1";""
"202200034420";"752 610";"A01";"2";"7";"0";"2";"2";"1";"1";""
"202200034420";"752 612";"B01";"1";"7";"0";"2";"1";"15";"1";""
"202200034421";"752 607";"B01";"2";"7";"0";"2";"1";"1";"1";""
"202200034421";"752 609";"A01";"1";"7";"0";"2";"1";"13";"1";""
"202200034422";"752 606";"A01";"2";"7";"0";"2";"2";"15";"1";""
"202200034422";"752 608";"B01";"1";"7";"0";"2";"1";"1";"1";""
"202200034423";"752 603";"B01";"3";"2";"0";"2";"8";"19";"1";""
"202200034423";"752 605";"A01";"3";"7";"0";"2";"2";"19";"1";""
"202200034424";"752 602";"B01";"1";"7";"0";"2";"2";"15";"1";""
"202200034424";"752 604";"A01";"1";"7";"0";"2";"1";"1";"1";""
"202200034425";"752 600";"A01";"3";"7";"1";"9";"3";"20";"1";""
"202200034426";"752 599";"A01";"2";"7";"0";"2";"2";"16";"1";""
"202200034426";"752 601";"B01";"2";"1";"0";"2";"1";"2";"5";""
"202200034427";"752 598";"A01";"1";"33";"0";"0";"1";"26";"1";""
"202200034428";"752 596";"A01";"3";"7";"8";"0";"7";"1";"1";""
"202200034429";"752 595";"A01";"1";"7";"0";"2";"1";"2";"1";""
"202200034429";"752 597";"B01";"1";"7";"0";"2";"4";"1";"1";""
"202200034430";"752 594";"A01";"2";"17";"6";"0";"2";"15";"1";""
"202200034431";"752 593";"A01";"1";"7";"0";"1";"1";"1";"1";""
"202200034432";"752 592";"A01";"3";"2";"9";"0";"1";"1";"1";""
"202200034433";"752 589";"B01";"2";"33";"0";"2";"1";"1";"1";""
"202200034433";"752 591";"A01";"1";"7";"0";"2";"2";"16";"1";""
"202200034434";"752 588";"A01";"3";"7";"0";"2";"5";"19";"1";""
"202200034434";"752 590";"B01";"3";"2";"0";"2";"6";"2";"1";""
"202200034435";"752 587";"A01";"1";"33";"13";"0";"1";"1";"1";""
"202200034436";"752 584";"A01";"3";"7";"0";"1";"1";"15";"1";""
"202200034437";"752 585";"B01";"1";"50";"0";"2";"8";"1";"3";""
"202200034437";"752 586";"A01";"3";"10";"0";"9";"2";"16";"3";""
"202200034438";"752 583";"A01";"1";"33";"13";"0";"2";"1";"1";""
"202200034439";"752 581";"A01";"1";"7";"15";"0";"7";"0";"1";""
"202200034440";"752 579";"C01";"2";"7";"0";"2";"4";"1";"1";""
"202200034440";"752 580";"A01";"2";"10";"0";"2";"1";"1";"1";""
"202200034440";"752 582";"B01";"2";"7";"0";"2";"4";"1";"1";""
"202200034441";"752 577";"A01";"1";"7";"15";"0";"1";"1";"1";""
"202200034442";"752 576";"A01";"0";"7";"0";"2";"3";"9";"1";""
"202200034442";"752 578";"B01";"0";"31";"0";"2";"7";"15";"1";""
"202200034443";"752 573";"B01";"2";"2";"0";"2";"1";"1";"1";""
"202200034443";"752 575";"A01";"1";"7";"0";"2";"5";"15";"1";""
"202200034444";"752 572";"A01";"1";"10";"0";"2";"1";"1";"1";""
"202200034444";"752 574";"B01";"1";"7";"0";"2";"4";"1";"1";""
"202200034445";"752 571";"A01";"3";"36";"13";"0";"1";"0";"1";""
"202200034446";"752 570";"A01";"3";"1";"0";"0";"8";"1";"5";""
"202200034447";"752 567";"A01";"1";"7";"0";"2";"3";"13";"1";""
"202200034447";"752 569";"B01";"2";"7";"0";"2";"1";"1";"1";""
"202200034448";"752 564";"A01";"2";"7";"0";"2";"1";"1";"1";""
"202200034448";"752 565";"B01";"1";"7";"0";"2";"2";"1";"1";""
"202200034449";"752 563";"A01";"2";"7";"1";"0";"3";"13";"1";""
"202200034450";"752 562";"A01";"2";"7";"3";"0";"3";"0";"1";""
"202200034451";"752 560";"A01";"2";"13";"0";"2";"2";"17";"1";""
"202200034451";"752 561";"B01";"2";"7";"0";"2";"2";"1";"1";""
"202200034452";"752 557";"A01";"1";"7";"0";"2";"0";"1";"0";""
"202200034452";"752 558";"B01";"1";"7";"0";"2";"0";"1";"0";""
"202200034453";"752 556";"A01";"1";"7";"3";"2";"2";"17";"1";""
"202200034453";"752 559";"B01";"1";"17";"0";"2";"6";"0";"1";""
"202200034454";"752 553";"A01";"2";"7";"0";"2";"2";"1";"1";""