"Num_Acc";"id_vehicule";"num_veh";"senc";"catv";"obs";"obsm";"choc";"manv";"motor";"occutc"
"202200034672";"752 172";"A01";"3";"33";"12";"0";"1";"26";"1";""
"202200034673";"752 173";"A01";"1";"33";"0";"2";"1";"2";"1";""
"202200034673";"752 175";"B01";"1";"7";"0";"0";"4";"2";"1";""
"202200034674";"752 168";"B01";"1";"33";"0";"2";"2";"1";"1";""
"202200034674";"752 170";"A01";"2";"7";"0";"2";"1";"15";"1";""
"202200034675";"752 166";"A01";"2";"7";"0";"2";"1";"2";"1";""
"202200034675";"752 169";"B01";"2";"7";"0";"0";"4";"0";"1";""
"202200034675";"752 171";"C01";"2";"7";"0";"2";"4";"0";"1";""
"202200034675";"752 174";"D01";"2";"7";"0";"0";"4";"0";"1";""
"202200034675";"752 176";"E01";"2";"7";"0";"2";"2";"21";"1";""
"202200034676";"752 165";"A01";"2";"2";"16";"0";"0";"13";"1";""
"202200034677";"752 167";"A01";"1";"7";"7";"0";"1";"1";"1";""
"202200034678";"752 163";"A01";"1";"7";"7";"0";"3";"1";"1";""
"202200034679";"752 162";"A01";"1";"10";"0";"2";"2";"1";"1";""
"202200034679";"752 164";"B01";"2";"33";"0";"2";"1";"13";"1";""
"202200034680";"752 159";"A01";"1";"7";"0";"0";"3";"23";"1";""
"202200034680";"752 161";"B01";"1";"7";"1";"0";"2";"21";"1";""
"202200034681";"752 157";"A01";"3";"2";"0";"2";"1";"19";"1";""
"202200034681";"752 160";"B01";"3";"10";"0";"2";"8";"1";"1";""
"202200034682";"752 156";"A01";"1";"33";"0";"2";"1";"1";"1";""
"202200034682";"752 158";"B01";"0";"7";"0";"2";"5";"1";"1";""
"202200034683";"752 154";"A01";"2";"7";"6";"0";"2";"1";"1";""
"202200034684";"752 152";"A01";"3";"7";"0";"1";"1";"1";"1";""
"202200034685";"752 151";"B01";"2";"7";"0";"2";"3";"1";"3";""
"202200034685";"752 153";"A01";"1";"7";"0";"2";"1";"13";"1";""
"202200034686";"752 150";"A01";"2";"3";"0";"0";"1";"1";"1";""
"202200034687";"752 147";"A01";"2";"7";"8";"0";"8";"1";"1";""
"202200034688";"752 146";"A01";"3";"7";"0";"2";"3";"1";"1";""
"202200034688";"752 148";"B01";"3";"7";"12";"2";"3";"1";"1";""
"202200034689";"752 145";"A01";"1";"1";"0";"2";"7";"12";"5";""
"202200034689";"752 149";"B01";"1";"7";"0";"2";"3";"1";"1";""
"202200034690";"752 143";"B01";"2";"7";"1";"0";"8";"1";"1";""
"202200034690";"752 144";"A01";"1";"15";"0";"2";"2";"26";"1";""
"202200034691";"752 141";"A01";"2";"7";"13";"0";"1";"11";"1";""
"202200034691";"752 142";"B01";"1";"7";"13";"0";"1";"1";"1";""
"202200034692";"752 139";"A01";"1";"7";"0";"2";"1";"1";"1";""
"202200034692";"752 140";"B01";"1";"15";"0";"2";"6";"1";"1";""
"202200034693";"752 134";"A01";"2";"7";"0";"1";"1";"1";"1";""
"202200034694";"752 135";"C01";"0";"1";"0";"0";"1";"1";"5";""
"202200034694";"752 136";"B01";"0";"1";"0";"2";"1";"1";"5";""
"202200034694";"752 138";"A01";"0";"7";"0";"9";"2";"19";"1";""
"202200034695";"752 133";"A01";"2";"7";"0";"1";"1";"1";"1";""
"202200034696";"752 132";"A01";"2";"7";"2";"0";"1";"0";"1";""
"202200034697";"752 131";"B01";"1";"7";"0";"2";"1";"1";"1";""
"202200034697";"752 137";"A01";"1";"7";"0";"2";"1";"5";"1";""
"202200034698";"752 128";"B01";"2";"17";"0";"0";"4";"2";"1";""
"202200034698";"752 130";"A01";"2";"10";"0";"2";"1";"2";"1";""
"202200034699";"752 127";"B01";"1";"1";"0";"2";"8";"13";"5";""
"202200034699";"752 129";"A01";"2";"7";"0";"9";"8";"2";"1";""
"202200034700";"752 125";"A01";"1";"7";"0";"2";"3";"13";"1";""
"202200034700";"752 126";"B01";"2";"14";"0";"2";"8";"1";"1";""
"202200034701";"752 124";"A01";"1";"7";"4";"0";"3";"14";"1";""
"202200034702";"752 120";"B01";"1";"15";"0";"0";"4";"2";"1";""
"202200034702";"752 121";"A01";"1";"7";"0";"2";"1";"2";"1";""
"202200034703";"752 119";"A01";"1";"2";"0";"0";"0";"1";"1";""
"202200034704";"752 116";"B01";"1";"7";"0";"2";"3";"9";"1";""
"202200034704";"752 118";"A01";"1";"31";"0";"2";"1";"1";"1";""
"202200034705";"752 115";"A01";"1";"7";"13";"0";"2";"2";"1";""
"202200034706";"752 114";"A01";"2";"7";"0";"9";"2";"15";"1";""
"202200034706";"752 117";"B01";"1";"80";"0";"2";"8";"1";"3";""
"202200034707";"752 111";"B01";"2";"7";"0";"2";"7";"12";"1";""
"202200034707";"752 113";"A01";"2";"33";"0";"2";"8";"3";"1";""
"202200034708";"752 109";"B01";"2";"2";"0";"0";"4";"2";"1";""
"202200034708";"752 112";"A01";"2";"7";"0";"2";"2";"2";"1";""
"202200034709";"752 110";"A01";"2";"13";"0";"0";"0";"1";"1";""
"202200034710";"752 107";"B01";"2";"14";"0";"0";"4";"2";"1";""
"202200034710";"752 108";"A01";"2";"10";"0";"2";"1";"2";"1";""
"202200034711";"752 106";"A01";"2";"33";"0";"0";"2";"13";"1";""
"202200034712";"752 105";"A01";"1";"33";"0";"6";"1";"1";"1";""
"202200034713";"752 099";"A01";"0";"7";"13";"0";"1";"0";"2";""
"202200034714";"752 096";"A01";"0";"50";"0";"0";"0";"0";"3";""
"202200034715";"752 092";"A01";"2";"7";"0";"2";"2";"17";"1";""
"202200034715";"752 094";"B01";"2";"7";"3";"0";"8";"1";"3";""
"202200034715";"752 095";"C01";"2";"7";"0";"0";"4";"1";"1";""
"202200034715";"752 098";"D01";"2";"7";"0";"2";"1";"1";"1";""
"202200034715";"752 100";"E01";"2";"7";"0";"0";"4";"1";"1";""
"202200034715";"752 101";"F01";"2";"7";"3";"2";"9";"1";"1";""
"202200034715";"752 102";"G01";"2";"7";"0";"2";"1";"1";"1";""
"202200034715";"752 104";"H01";"2";"7";"0";"2";"4";"1";"1";""
"202200034716";"752 093";"A01";"1";"7";"0";"0";"0";"1";"1";""
"202200034716";"752 097";"B01";"2";"7";"0";"0";"0";"13";"0";""
"202200034717";"752 090";"B01";"3";"31";"0";"2";"1";"1";"1";""
"202200034717";"752 091";"A01";"3";"7";"0";"2";"5";"15";"1";""
"202200034718";"752 089";"A01";"1";"7";"0";"1";"0";"0";"0";""
"202200034719";"752 088";"A01";"0";"33";"6";"0";"1";"14";"1";""
"202200034720";"752 086";"A01";"3";"36";"2";"0";"1";"14";"1";""
"202200034721";"752 084";"A01";"3";"2";"0";"0";"6";"1";"1";""
"202200034722";"752 085";"A01";"1";"10";"0";"9";"2";"1";"1";""
"202200034722";"752 087";"B01";"1";"1";"0";"2";"6";"15";"5";""
"202200034723";"752 083";"A01";"1";"36";"0";"0";"0";"14";"1";""
"202200034724";"752 081";"B01";"3";"7";"0";"2";"3";"1";"1";""
"202200034724";"752 082";"A01";"3";"7";"0";"2";"3";"1";"1";""
"202200034725";"752 078";"A01";"1";"10";"2";"0";"1";"14";"1";""
"202200034726";"752 077";"A01";"2";"7";"0";"2";"7";"19";"1";""
"202200034726";"752 080";"B01";"1";"50";"0";"2";"1";"1";"3";""
"202200034727";"752 076";"A01";"2";"10";"0";"2";"5";"1";"1";""
"202200034727";"752 079";"B01";"2";"7";"0";"2";"3";"12";"1";""
"202200034728";"752 074";"A01";"2";"7";"0";"1";"2";"9";"1";""
"202200034729";"752 073";"B01";"1";"10";"0";"0";"6";"1";"1";""
"202200034729";"752 075";"A01";"1";"33";"0";"2";"1";"21";"1";""
"202200034730";"752 069";"B01";"3";"7";"0";"2";"1";"21";"1";""
"202200034730";"752 071";"A01";"3";"7";"0";"0";"3";"5";"1";""
"202200034731";"752 067";"A01";"2";"7";"0";"2";"8";"1";"1";""
"202200034731";"752 070";"B01";"1";"7";"0";"2";"8";"1";"1";""
"202200034732";"752 065";"A01";"1";"7";"0";"1";"3";"15";"1";""
"202200034733";"752 068";"B01";"1";"10";"0";"0";"7";"1";"1";""
"202200034733";"752 072";"A01";"1";"7";"14";"2";"1";"1";"1";""
"202200034734";"752 066";"A01";"2";"7";"3";"0";"3";"0";"0";""
"202200034735";"752 063";"A01";"1";"7";"13";"0";"3";"16";"1";""
"202200034736";"752 060";"B01";"2";"7";"0";"2";"4";"23";"1";""
"202200034736";"752 064";"A01";"2";"31";"0";"2";"1";"2";"1";""
"202200034737";"752 057";"A01";"1";"7";"3";"2";"7";"13";"1";""
"202200034737";"752 058";"B01";"2";"14";"0";"2";"1";"1";"1";""
"202200034738";"752 059";"C01";"2";"7";"0";"2";"4";"2";"1";""
"202200034738";"752 061";"B01";"2";"7";"0";"2";"4";"2";"1";""
"202200034738";"752 062";"A01";"2";"7";"0";"2";"1";"2";"1";""
"202200034739";"752 055";"A01";"2";"7";"2";"2";"3";"13";"1";""
"202200034739";"752 056";"B01";"1";"7";"0";"2";"3";"1";"1";""
"202200034740";"752 053";"B01";"2";"14";"0";"0";"4";"2";"1";""
"202200034740";"752 054";"A01";"2";"7";"0";"2";"1";"2";"1";""
"202200034741";"752 051";"A01";"1";"7";"0";"2";"1";"5";"0";""
"202200034741";"752 052";"B01";"2";"7";"0";"2";"1";"1";"1";""
"202200034742";"752 048";"B01";"3";"7";"0";"2";"8";"15";"1";""
"202200034742";"752 050";"A01";"3";"2";"0";"2";"1";"17";"1";""
"202200034743";"752 046";"A01";"2";"1";"0";"0";"1";"0";"5";""
"202200034744";"752 047";"B01";"1";"7";"0";"2";"5";"23";"1";""
"202200034744";"752 049";"A01";"1";"31";"0";"2";"1";"3";"1";""
"202200034745";"752 044";"B01";"1";"7";"0";"2";"1";"1";"1";""
"202200034745";"752 045";"A01";"2";"7";"0";"2";"1";"5";"1";""
"202200034746";"752 043";"A01";"1";"7";"3";"0";"9";"14";"2";""
"202200034747";"752 038";"A01";"2";"7";"0";"2";"1";"17";"1";""
"202200034747";"752 040";"B01";"2";"10";"0";"2";"6";"2";"1";""
"202200034747";"752 042";"C01";"2";"10";"0";"2";"4";"2";"1";""
"202200034748";"752 036";"B01";"3";"7";"0";"2";"1";"1";"1";""
"202200034748";"752 039";"A01";"3";"7";"0";"2";"1";"17";"1";""
"202200034749";"752 035";"B01";"2";"7";"0";"2";"2";"1";"1";""
"202200034749";"752 037";"A01";"2";"7";"0";"0";"3";"1";"1";""
"202200034750";"752 034";"A01";"2";"7";"0";"1";"0";"15";"1";""
"202200034751";"752 033";"A01";"1";"34";"0";"0";"1";"0";"1";""
"202200034752";"752 031";"A01";"1";"7";"2";"0";"3";"1";"1";""
"202200034753";"752 029";"A01";"1";"7";"0";"2";"1";"2";"1";""
"202200034753";"752 032";"B01";"1";"10";"0";"2";"4";"2";"1";""
"202200034754";"752 028";"B01";"2";"33";"0";"2";"1";"1";"1";""
"202200034754";"752 030";"A01";"2";"7";"0";"2";"6";"9";"1";""
"202200034755";"752 026";"A01";"2";"7";"0";"2";"5";"13";"1";""
"202200034755";"752 027";"B01";"1";"10";"0";"2";"1";"1";"1";""
"202200034756";"752 024";"A01";"2";"7";"5";"0";"7";"14";"1";""
"202200034757";"752 022";"A01";"1";"7";"0";"1";"3";"1";"1";""
"202200034758";"752 023";"B01";"2";"7";"0";"2";"4";"2";"1";""
"202200034758";"752 025";"A01";"2";"17";"0";"2";"1";"2";"1";""
"202200034759";"752 021";"A01";"2";"7";"15";"0";"3";"1";"1";""
"202200034760";"752 020";"A01";"1";"7";"2";"0";"1";"1";"1";""
"202200034761";"752 018";"A01";"1";"7";"0";"1";"3";"2";"1";""
"202200034762";"752 017";"A01";"2";"7";"0";"9";"0";"15";"1";""
"202200034763";"752 016";"A01";"2";"7";"0";"2";"4";"2";"1";""
"202200034763";"752 019";"Z01";"1";"7";"0";"0";"0";"0";"0";""
"202200034764";"752 015";"A01";"0";"0";"0";"1";"2";"25";"0";""
"202200034765";"752 013";"B01";"3";"1";"0";"2";"1";"15";"5";""
"202200034765";"752 014";"A01";"2";"7";"0";"0";"7";"1";"1";""
"202200034766";"752 010";"B01";"0";"7";"1";"0";"3";"1";"1";""
"202200034766";"752 012";"A01";"0";"7";"0";"0";"5";"23";"1";""
"202200034767";"752 007";"A01";"2";"10";"0";"2";"3";"11";"1";""
"202200034767";"752 009";"B01";"2";"33";"0";"2";"1";"3";"1";""
"202200034767";"752 011";"C01";"2";"7";"0";"2";"4";"1";"1";""
"202200034768";"752 006";"B01";"3";"7";"0";"2";"3";"15";"1";""
"202200034768";"752 008";"A01";"2";"7";"0";"2";"2";"1";"1";""
"202200034769";"752 002";"B01";"2";"10";"0";"2";"1";"1";"1";""
"202200034769";"752 004";"A01";"2";"7";"0";"0";"4";"1";"1";""
"202200034770";"751 998";"B01";"1";"10";"0";"2";"4";"23";"1";""
"202200034770";"752 000";"A01";"1";"33";"0";"2";"1";"2";"1";""
"202200034771";"751 997";"A01";"1";"7";"4";"0";"3";"1";"1";""
"202200034771";"752 001";"B01";"1";"7";"0";"2";"1";"1";"1";""
"202200034772";"751 995";"A01";"3";"7";"0";"1";"2";"16";"1";""
"202200034773";"751 993";"C01";"1";"7";"0";"2";"5";"1";"1";""
"202200034773";"751 994";"B01";"1";"7";"0";"2";"3";"1";"3";""
"202200034773";"751 996";"A01";"1";"7";"0";"2";"3";"0";"1";""
"202200034774";"751 989";"A01";"1";"7";"0";"0";"6";"15";"1";""
"202200034774";"751 991";"B01";"1";"33";"0";"2";"1";"17";"1";""
"202200034775";"751 984";"B01";"2";"7";"0";"2";"3";"1";"1";""
"202200034775";"751 985";"A01";"1";"7";"0";"2";"3";"0";"1";""
"202200034776";"751 983";"A01";"1";"7";"0";"2";"4";"2";"2";""
"202200034776";"751 986";"B01";"1";"7";"0";"2";"1";"2";"1";""
"202200034776";"751 992";"C01";"1";"10";"0";"2";"1";"2";"1";""
"202200034777";"751 982";"A01";"2";"33";"2";"0";"1";"1";"1";""
"202200034778";"751 980";"A01";"2";"33";"12";"0";"8";"1";"1";""
"202200034779";"751 981";"A01";"3";"7";"0";"2";"1";"1";"0";""
"202200034780";"751 987";"C01";"1";"7";"0";"2";"4";"2";"1";""
"202200034780";"751 988";"B01";"1";"7";"0";"2";"4";"2";"1";""
"202200034780";"751 990";"A01";"1";"7";"0";"2";"1";"2";"1";""
"202200034781";"751 976";"A01";"2";"7";"0";"2";"1";"2";"1";""
"202200034781";"751 977";"B01";"2";"7";"0";"2";"4";"2";"1";""
"202200034782";"751 979";"A01";"1";"7";"0";"1";"1";"1";"1";""
"202200034783";"751 975";"B01";"3";"33";"0";"2";"1";"1";"1";""
"202200034783";"751 978";"A01";"3";"7";"0";"2";"2";"15";"1";""
"202200034784";"751 974";"A01";"2";"7";"4";"0";"3";"1";"1";""
"202200034785";"751 972";"A01";"0";"7";"13";"0";"1";"1";"1";""
"202200034786";"751 971";"A01";"1";"7";"3";"0";"3";"1";"1";""
"202200034787";"751 970";"B01";"3";"1";"0";"2";"0";"0";"0";""
"202200034787";"751 973";"A01";"1";"7";"0";"2";"3";"24";"1";""
"202200034788";"751 967";"B01";"2";"7";"0";"2";"4";"2";"1";""
"202200034788";"751 968";"A01";"2";"7";"0";"2";"1";"2";"1";""
"202200034789";"751 964";"B01";"1";"7";"0";"2";"4";"17";"1";""
"202200034789";"751 966";"A01";"1";"7";"0";"2";"1";"1";"1";""
"202200034790";"751 965";"B01";"2";"7";"0";"2";"3";"1";"1";""
"202200034790";"751 969";"A01";"2";"7";"0";"0";"6";"1";"1";""
"202200034791";"751 962";"B01";"2";"7";"0";"2";"7";"12";"1";""
"202200034791";"751 963";"A01";"2";"33";"0";"2";"8";"3";"1";""
"202200034792";"751 961";"A01";"1";"7";"2";"0";"8";"1";"1";""
"202200034793";"751 959";"A01";"2";"7";"0";"2";"1";"1";"1";""
"202200034793";"751 960";"B01";"2";"7";"0";"2";"6";"1";"1";""
"202200034794";"751 957";"B01";"1";"33";"0";"2";"7";"0";"1";""
"202200034794";"751 958";"A01";"1";"7";"0";"2";"8";"11";"1";""
"202200034795";"751 953";"A01";"1";"33";"0";"2";"1";"9";"1";""
"202200034795";"751 954";"B01";"1";"10";"0";"0";"0";"0";"1";""
"202200034796";"751 955";"A01";"1";"37";"0";"1";"2";"1";"1";"1"
"202200034797";"751 956";"A01";"1";"7";"3";"0";"1";"1";"1";""
"202200034798";"751 951";"A01";"1";"2";"0";"1";"1";"17";"1";""
"202200034799";"751 949";"C01";"2";"7";"0";"2";"4";"2";"1";""
"202200034799";"751 950";"B01";"2";"10";"0";"2";"4";"2";"1";""
"202200034799";"751 952";"A01";"2";"10";"0";"2";"1";"2";"1";""
"202200034800";"751 948";"A01";"1";"7";"0";"1";"3";"15";"2";""
"202200034801";"751 947";"A01";"1";"7";"0";"1";"2";"26";"1";""
"202200034802";"751 943";"A01";"2";"33";"0";"2";"3";"2";"1";""
"202200034802";"751 945";"B01";"2";"7";"0";"2";"4";"2";"1";""
"202200034803";"751 942";"A01";"3";"10";"0";"2";"1";"1";"1";""
"202200034803";"751 944";"B01";"3";"10";"0";"2";"4";"23";"1";""
"202200034803";"751 946";"C01";"3";"10";"0";"2";"4";"23";"1";""
"202200034804";"751 938";"A01";"2";"10";"0";"2";"3";"9";"1";""
"202200034804";"751 941";"B01";"2";"30";"0";"2";"7";"1";"3";""
"202200034805";"751 937";"A01";"2";"10";"2";"2";"1";"2";"1";""
"202200034805";"751 940";"B01";"2";"10";"2";"2";"4";"1";"1";""
"202200034806";"751 939";"A01";"1";"33";"0";"0";"9";"16";"1";""
"202200034807";"751 935";"B01";"2";"33";"0";"2";"1";"1";"1";""
"202200034807";"751 936";"A01";"2";"7";"0";"2";"1";"10";"1";""
"202200034808";"751 930";"A01";"1";"7";"0";"2";"1";"2";"1";""
"202200034808";"751 933";"B01";"1";"7";"0";"2";"4";"2";"1";""
"202200034808";"751 934";"C01";"1";"7";"0";"2";"4";"23";"0";""
"202200034809";"751 929";"A01";"3";"1";"0";"2";"3";"1";"5";""
"202200034809";"751 932";"Z01";"3";"7";"0";"2";"2";"9";"1";""
"202200034810";"751 926";"A01";"0";"7";"9";"0";"0";"0";"1";""
"202200034811";"751 923";"C01";"1";"7";"0";"2";"3";"9";"1";""
"202200034811";"751 925";"B01";"1";"15";"0";"2";"1";"1";"1";""
"202200034811";"751 927";"A01";"1";"7";"0";"2";"7";"1";"1";""
"202200034812";"751 924";"A01";"2";"14";"0";"2";"2";"22";"1";""
"202200034812";"751 928";"B01";"2";"1";"0";"2";"1";"1";"5";""
"202200034813";"751 921";"A01";"1";"10";"8";"0";"1";"26";"1";""
"202200034814";"751 920";"Z01";"1";"7";"0";"1";"0";"16";"1";""
"202200034815";"751 919";"B01";"2";"1";"0";"2";"1";"17";"5";""
"202200034815";"751 922";"A01";"2";"7";"0";"2";"8";"15";"1";""
"202200034816";"751 916";"B01";"2";"10";"0";"2";"4";"23";"1";""
"202200034816";"751 918";"A01";"2";"30";"0";"2";"1";"1";"1";""
"202200034817";"751 914";"A01";"2";"7";"0";"2";"4";"11";"1";""
"202200034817";"751 917";"B01";"2";"33";"0";"2";"1";"3";"1";""
"202200034818";"751 912";"Z01";"2";"7";"0";"2";"1";"2";"0";""
"202200034818";"751 913";"A01";"2";"43";"0";"2";"4";"2";"1";""
"202200034819";"751 909";"A01";"1";"10";"0";"2";"8";"1";"1";""
"202200034819";"751 915";"Z01";"1";"7";"0";"2";"1";"1";"1";""
"202200034820";"751 908";"A01";"2";"38";"0";"2";"1";"1";"1";"1"
"202200034820";"751 910";"B01";"2";"7";"3";"2";"4";"1";"1";""
"202200034820";"751 911";"C01";"2";"7";"0";"2";"8";"1";"1";""
"202200034821";"751 907";"A01";"2";"50";"0";"1";"1";"1";"3";""
"202200034822";"751 902";"A01";"2";"1";"0";"2";"0";"16";"5";""
"202200034822";"751 904";"Z01";"2";"10";"0";"2";"0";"4";"1";""
"202200034823";"751 900";"B01";"2";"7";"0";"2";"4";"23";"1";""
"202200034823";"751 903";"A01";"2";"7";"0";"2";"1";"2";"1";""
"202200034823";"751 906";"C01";"2";"7";"0";"2";"4";"23";"1";""
"202200034824";"751 899";"A01";"1";"7";"0";"2";"3";"15";"1";""
"202200034824";"751 901";"B01";"1";"2";"0";"2";"7";"3";"1";""
"202200034825";"751 897";"A01";"1";"7";"0";"1";"1";"1";"1";""
"202200034826";"751 896";"B01";"2";"33";"0";"2";"1";"1";"1";""
"202200034826";"751 898";"A01";"2";"7";"0";"2";"4";"12";"1";""
"202200034827";"751 894";"A01";"3";"7";"0";"1";"4";"4";"2";""
"202200034828";"751 892";"C01";"1";"7";"0";"2";"4";"1";"1";""
"202200034828";"751 893";"B01";"1";"7";"0";"2";"4";"1";"1";""
"202200034828";"751 895";"A01";"1";"7";"0";"2";"1";"1";"1";""
"202200034829";"751 890";"A01";"0";"7";"0";"2";"4";"26";"1";""
"202200034829";"751 891";"B01";"0";"7";"0";"2";"1";"26";"1";""
"202200034830";"751 889";"A01";"0";"7";"0";"1";"1";"1";"1";""
"202200034831";"751 887";"A01";"1";"7";"2";"0";"2";"13";"1";""
"202200034832";"751 886";"B01";"2";"7";"0";"2";"1";"16";"1";""
"202200034832";"751 888";"A01";"2";"7";"0";"2";"4";"16";"1";""
"202200034833";"751 885";"A01";"1";"50";"0";"1";"1";"2";"3";""
"202200034834";"751 883";"B01";"1";"2";"0";"2";"1";"26";"1";""
"202200034834";"751 884";"A01";"1";"7";"0";"2";"1";"13";"0";""
"202200034835";"751 882";"A01";"2";"7";"2";"0";"3";"13";"1";""
"202200034836";"751 879";"A01";" -1";"7";"0";"1";"1";"1";"1";""
"202200034837";"751 880";"A01";"2";"7";"0";"2";"2";"15";"1";""
"202200034837";"751 881";"B01";"1";"2";"0";"2";"1";"2";"1";""
"202200034838";"751 877";"A01";"2";"7";"13";"0";"1";"14";"1";""
"202200034839";"751 876";"A01";"2";"7";"0";"1";"1";"1";"1";""
"202200034840";"751 875";"A01";"0";"30";"0";"0";"0";"9";"1";""
"202200034841";"751 873";"A01";"2";"2";"0";"0";"7";"1";"1";""
"202200034842";"751 874";"A01";"0";"7";"0";"2";"3";"15";"1";""
"202200034842";"751 878";"B01";"0";"50";"0";"2";"3";"19";"3";""
"202200034843";"751 872";"A01";"1";"7";"0";"0";"0";"1";"1";""
"202200034844";"751 870";"A01";"1";"1";"0";"2";"4";"1";"5";""
"202200034844";"751 871";"B01";"1";"7";"0";"2";"4";"23";"2";""
"202200034845";"751 869";"A01";"3";"7";"12";"0";"1";"1";"1";""
"202200034846";"751 865";"B01";"2";"7";"0";"2";"1";"1";"1";""
"202200034846";"751 868";"A01";"1";"7";"0";"2";"2";"15";"1";""
"202200034847";"751 866";"A01";"1";"7";"0";"2";"1";"1";"1";""
"202200034847";"751 867";"B01";"1";"1";"0";"2";"4";"1";"0";""
"202200034848";"751 864";"A01";"1";"7";"0";"1";"1";"26";"1";""
"202200034849";"751 861";"A01";"3";"7";"1";"2";"1";"3";"1";""
"202200034849";"751 863";"B01";"3";"7";"0";"2";"1";"1";"0";""
"202200034850";"751 859";"A01";"1";"7";"0";"2";"4";"2";"1";""
"202200034850";"751 860";"B01";"1";"7";"0";"2";"1";"2";"1";""
"202200034851";"751 858";"B01";"2";"7";"0";"2";"5";"1";"1";""
"202200034851";"751 862";"A01";"1";"2";"0";"2";"5";"16";"1";""
"202200034852";"751 857";"A01";"2";"31";"9";"0";"1";"0";"1";""
"202200034853";"751 854";"B01";"1";"14";"0";"2";"0";"0";"1";""
"202200034853";"751 856";"A01";"2";"33";"0";"2";"5";"17";"1";""
"202200034854";"751 853";"B01";"2";"7";"0";"2";"1";"1";"1";""
"202200034854";"751 855";"A01";"1";"1";"0";"2";"1";"5";"5";""
"202200034855";"751 852";"A01";" -1";"10";"0";"1";"1";"26";"0";""
"202200034856";"751 848";"B01";"2";"7";"0";"2";"1";"1";"1";""
"202200034856";"751 850";"A01";"2";"7";"0";"2";"1";"1";"1";""
"202200034857";"751 849";"A01";"1";"7";"0";"2";"1";"13";"1";""
"202200034857";"751 851";"B01";"2";"7";"0";"2";"8";"1";"1";""
"202200034858";"751 846";"B01";"2";"7";"0";"2";"8";"1";"1";""
"202200034858";"751 847";"A01";"1";"10";"0";"2";"3";"1";"1";""
"202200034859";"751 844";"A01";"2";"10";"0";"1";"0";"0";"1";""
"202200034860";"751 841";"B01";"3";"7";"0";"2";"3";"1";"1";""
"202200034860";"751 845";"A01";"3";"7";"0";"2";"2";"1";"1";""
"202200034861";"751 840";"B01";"2";"3";"0";"2";"1";"1";"1";""
"202200034861";"751 843";"A01";"2";"7";"0";"2";"3";"9";"1";""
"202200034862";"751 838";"A01";"1";"31";"0";"2";"1";"2";"1";""
"202200034862";"751 842";"B01";"1";"7";"0";"2";"4";"2";"1";""
"202200034863";"751 839";"A01";"3";"7";"0";"1";"1";"2";"1";""
"202200034864";"751 837";"A01";"2";"33";"3";"0";"1";"1";"1";""
"202200034865";"751 835";"B01";"3";"1";"0";"2";"8";"1";"5";""
"202200034865";"751 836";"A01";"3";"7";"0";"2";"2";"1";"1";""
"202200034866";"751 834";"A01";"1";"7";"0";"1";"1";"1";"1";""
"202200034867";"751 831";"A01";"3";"7";"0";"1";"3";"1";"1";""
"202200034868";"751 827";"B01";"1";"33";"0";"2";"4";"1";"1";""
"202200034868";"751 829";"A01";"1";"7";"0";"2";"1";"2";"1";""
"202200034869";"751 828";"A01";"1";"10";"0";"2";"1";"2";"1";""
"202200034869";"751 830";"B01";"1";"7";"0";"2";"4";"15";"1";""
"202200034869";"751 832";"C01";"2";"7";"3";"0";"8";"1";"1";""
"202200034870";"751 824";"A01";"3";"7";"0";"2";"3";"16";"1";""
"202200034870";"751 825";"B01";"3";"2";"0";"2";"3";"1";"1";""
"202200034871";"751 826";"A01";"1";"37";"0";"2";"3";"2";"1";"1"
"202200034871";"751 833";"B01";"1";"2";"0";"2";"7";"9";"1";""
"202200034872";"751 821";"B01";"2";"80";"0";"2";"8";"15";"3";""
"202200034872";"751 822";"A01";"2";"2";"0";"2";"1";"15";"1";""
"202200034873";"751 818";"A01";"2";"7";"0";"1";"3";"15";"1";""
"202200034874";"751 820";"B01";"2";"7";"0";"2";"2";"1";"1";""
"202200034874";"751 823";"A01";"1";"7";"6";"2";"3";"1";"1";""
"202200034875";"751 819";"A01";"0";"7";"0";"0";"0";"13";"1";""
"202200034876";"751 814";"B01";"1";"1";"1";"2";"1";"17";"5";""
"202200034876";"751 816";"A01";"1";"7";"1";"0";"3";"17";"1";""
"202200034877";"751 815";"B01";"0";"1";"0";"2";"1";"19";"5";""
"202200034877";"751 817";"A01";"0";"7";"0";"2";"1";"1";"1";""
"202200034878";"751 812";"A01";"2";"33";"0";"0";"7";"1";"1";""
"202200034879";"751 810";"B01";"1";"7";"0";"2";"3";"1";"1";""
"202200034879";"751 813";"A01";"2";"7";"0";"2";"3";"1";"1";""
"202200034880";"751 809";"A01";"3";"2";"1";"0";"1";"1";"3";""
"202200034881";"751 807";"A01";"2";"33";"0";"1";"1";"21";"1";""
"202200034882";"751 808";"B01";"2";"7";"0";"2";"4";"2";"1";""
"202200034882";"751 811";"A01";"2";"7";"0";"2";"1";"2";"1";""
"202200034883";"751 803";"A01";"2";"7";"0";"2";"7";"1";"1";""
"202200034883";"751 805";"B01";"2";"1";"0";"2";"8";"1";"5";""
"202200034884";"751 801";"A01";"2";"80";"0";"2";"1";"26";"3";""
"202200034884";"751 804";"B01";"2";"7";"0";"9";"4";"0";"0";""
"202200034885";"751 802";"A01";"2";"7";"0";"2";"1";"13";"1";""
"202200034885";"751 806";"B01";"1";"7";"0";"2";"1";"1";"1";""
"202200034886";"751 799";"B01";"2";"7";"0";"2";"1";"1";"1";""