"Num_Acc";"id_vehicule";"num_veh";"senc";"catv";"obs";"obsm";"choc";"manv";"motor";"occutc"
"202200035526";"750 658";"B01";"2";"2";"14";"0";"3";"1";"1";""
"202200035526";"750 659";"A01";"1";"10";"0";"0";"0";"0";"1";""
"202200035527";"750 656";"A01";"3";"7";"0";"2";"8";"15";"1";""
"202200035527";"750 657";"B01";"3";"7";"0";"2";"1";"21";"1";""
"202200035528";"750 654";"A01";"1";"10";"0";"9";"8";"15";"1";""
"202200035528";"750 655";"B01";"2";"32";"0";"2";"1";"2";"1";""
"202200035529";"750 652";"A01";"1";"7";"0";"2";"3";"15";"1";""
"202200035529";"750 653";"B01";"1";"32";"0";"2";"3";"1";"1";""
"202200035530";"750 651";"A01";"3";"7";"0";"1";"4";"26";"1";""
"202200035531";"750 649";"A01";"1";"30";"0";"2";"1";"17";"1";""
"202200035531";"750 650";"B01";"1";"7";"0";"2";"8";"9";"1";""
"202200035532";"750 647";"B01";"2";"33";"0";"2";"2";"26";"1";""
"202200035532";"750 648";"A01";"1";"30";"0";"2";"6";"3";"1";""
"202200035533";"750 645";"A01";"2";"34";"0";"2";"7";"1";"1";""
"202200035533";"750 646";"B01";"2";"2";"0";"2";"8";"11";"1";""
"202200035534";"750 643";"B01";"2";"7";"0";"2";"1";"2";"1";""
"202200035534";"750 644";"A01";"2";"33";"0";"2";"2";"1";"1";""
"202200035535";"750 640";"A01";"2";"7";"6";"0";"7";"15";"1";""
"202200035536";"750 639";"A01";"1";"15";"3";"0";"3";"0";"1";""
"202200035537";"750 637";"B01";"1";"99";"0";"1";"4";"26";"0";""
"202200035537";"750 638";"A01";"2";"7";"1";"0";"2";"1";"1";""
"202200035538";"750 636";"A01";"1";"7";"6";"0";"1";"1";"1";""
"202200035539";"750 634";"A01";"3";"3";"0";"2";"0";"0";"0";""
"202200035539";"750 635";"B01";"3";"7";"13";"2";"0";"0";"1";""
"202200035540";"750 633";"A01";"1";"7";"2";"0";"2";"1";"1";""
"202200035541";"750 632";"A01";"1";"7";"2";"0";"1";"0";"1";""
"202200035542";"750 630";"B01";"0";"1";"0";"0";"4";"2";"5";""
"202200035542";"750 631";"A01";"0";"10";"0";"2";"2";"17";"1";""
"202200035543";"750 626";"B01";"1";"7";"0";"2";"6";"15";"1";""
"202200035543";"750 627";"A01";"2";"2";"0";"2";"1";"1";"1";""
"202200035544";"750 624";"B01";"1";"3";"0";"2";"2";"17";"0";""
"202200035544";"750 625";"A01";"1";"7";"3";"2";"6";"21";"1";""
"202200035545";"750 622";"A01";"1";"7";"0";"2";"3";"1";"2";""
"202200035545";"750 623";"B01";"2";"31";"0";"2";"1";"1";"1";""
"202200035546";"750 621";"A01";"2";"2";"14";"0";"1";"5";"1";""
"202200035547";"750 619";"B01";"2";"2";"0";"2";"8";"1";"1";""
"202200035547";"750 620";"A01";"1";"7";"0";"2";"1";"15";"1";""
"202200035548";"750 617";"A01";"3";"7";"0";"2";"7";"9";"1";""
"202200035548";"750 618";"B01";"1";"7";"0";"2";"1";"1";"1";""
"202200035549";"750 615";"B01";"1";"7";"8";"2";"1";"1";"1";""
"202200035549";"750 616";"A01";"2";"7";"0";"2";"1";"15";"1";""
"202200035550";"750 614";"A01";"2";"7";"0";"0";"9";"1";"1";""
"202200035551";"750 611";"A01";"1";"7";"0";"1";"3";"16";"1";""
"202200035552";"750 609";"B01";"1";"21";"0";"2";"5";"15";"1";""
"202200035552";"750 610";"A01";"2";"2";"0";"2";"1";"1";"1";""
"202200035553";"750 608";"A01";"1";"32";"1";"0";"1";"0";"1";""
"202200035554";"750 605";"C01";"1";"7";"0";"2";"2";"17";"2";""
"202200035554";"750 606";"B01";"1";"7";"3";"2";"4";"1";"1";""
"202200035554";"750 607";"A01";"1";"7";"0";"2";"1";"1";"1";""
"202200035555";"750 604";"A01";"2";"17";"4";"0";"3";"13";"1";""
"202200035556";"750 603";"A01";"1";"10";"4";"0";"2";"13";"1";""
"202200035557";"750 602";"A01";"0";"7";"6";"0";"1";"1";"0";""
"202200035558";"750 601";"A01";"3";"7";"17";"0";"1";"1";"0";""
"202200035559";"750 600";"A01";"0";"31";"2";"0";"1";"1";"1";""
"202200035560";"750 596";"D01";"2";"10";"0";"2";"6";"1";"1";""
"202200035560";"750 597";"C01";"1";"7";"0";"2";"1";"1";"1";""
"202200035560";"750 598";"B01";"1";"7";"0";"2";"1";"1";"1";""
"202200035560";"750 599";"A01";"2";"7";"0";"2";"1";"3";"1";""
"202200035561";"750 594";"A01";"1";"7";"0";"2";"3";"13";"1";""
"202200035561";"750 595";"B01";"2";"43";"0";"2";"1";"1";"1";""
"202200035562";"750 592";"B01";"1";"10";"0";"2";"8";"17";"1";""
"202200035562";"750 593";"A01";"1";"33";"13";"2";"7";"17";"1";""
"202200035563";"750 591";"A01";"2";"0";"0";"1";"0";"0";"0";""
"202200035564";"750 589";"A01";"2";"7";"0";"2";"3";"1";"1";""
"202200035564";"750 590";"B01";"2";"2";"0";"2";"2";"1";"1";""
"202200035565";"750 588";"A01";"0";"7";"6";"0";"3";"1";"1";""
"202200035566";"750 586";"A01";"2";"7";"13";"0";"2";"2";"1";""
"202200035566";"750 587";"B01";"2";"7";"13";"0";"6";"2";"3";""
"202200035567";"750 584";"B01";"1";"2";"0";"2";"3";"1";"1";""
"202200035567";"750 585";"A01";"1";"7";"0";"2";"2";"16";"1";""
"202200035568";"750 580";"C01";"2";"10";"0";"2";"1";"2";"1";""
"202200035568";"750 581";"B01";"2";"7";"0";"2";"4";"1";"1";""
"202200035568";"750 582";"A01";"2";"7";"0";"2";"1";"2";"1";""
"202200035569";"750 579";"A01";"2";"7";"7";"0";"1";"2";"1";""
"202200035570";"750 575";"D01";"1";"7";"0";"2";"6";"1";"1";""
"202200035570";"750 576";"C01";"1";"7";"0";"2";"4";"2";"1";""
"202200035570";"750 577";"B01";"1";"7";"0";"2";"2";"12";"1";""
"202200035570";"750 578";"A01";"1";"7";"0";"2";"3";"3";"1";""
"202200035571";"750 573";"A01";"1";"15";"0";"2";"2";"2";"1";""
"202200035571";"750 574";"B01";"1";"10";"0";"2";"4";"2";"1";""
"202200035572";"750 569";"D01";"1";"7";"0";"2";"4";"1";"1";""
"202200035572";"750 570";"C01";"1";"7";"0";"2";"4";"1";"1";""
"202200035572";"750 571";"B01";"1";"7";"0";"2";"4";"1";"1";""
"202200035572";"750 572";"A01";"1";"7";"0";"2";"1";"1";"1";""
"202200035573";"750 568";"A01";"2";"7";"3";"0";"3";"1";"1";""
"202200035574";"750 566";"B01";"1";"43";"0";"0";"0";"0";"1";""
"202200035574";"750 567";"A01";"1";"7";"0";"2";"3";"11";"1";""
"202200035575";"750 564";"A01";"2";"7";"0";"2";"5";"12";"1";""
"202200035575";"750 565";"B01";"2";"42";"0";"2";"1";"3";"1";""
"202200035576";"750 562";"A01";"2";"7";"1";"0";"1";"1";"3";""
"202200035576";"750 563";"B01";"1";"10";"0";"2";"1";"23";"1";""
"202200035577";"750 560";"A01";"2";"10";"0";"2";"1";"2";"1";""
"202200035577";"750 561";"B01";"2";"15";"0";"2";"4";"1";"1";""
"202200035578";"750 558";"A01";"1";"15";"0";"2";"1";"2";"1";""
"202200035578";"750 559";"B01";"1";"7";"0";"2";"4";"2";"1";""
"202200035579";"750 557";"A01";"3";"7";"0";"1";"1";"1";"2";""
"202200035580";"750 556";"A01";"0";"7";"0";"1";"4";"4";"1";""
"202200035581";"750 555";"A01";"1";"7";"0";"1";"1";"1";"1";""
"202200035582";"750 554";"A01";"3";"7";"0";"1";"0";"1";"1";""
"202200035583";"750 553";"A01";"3";"7";"0";"1";"1";"1";"1";""
"202200035584";"750 551";"B01";"3";"1";"0";"2";"8";"19";"5";""
"202200035584";"750 552";"A01";"3";"10";"0";"2";"3";"26";"1";""
"202200035585";"750 550";"A01";"2";"7";"6";"2";"9";"13";"1";""
"202200035586";"750 548";"B01";"1";"34";"0";"2";"1";"13";"1";""
"202200035586";"750 549";"A01";"2";"7";"0";"2";"3";"15";"1";""
"202200035587";"750 546";"A01";"0";"7";"0";"9";"2";"15";"1";""
"202200035587";"750 547";"B01";"3";"50";"0";"2";"1";"1";"3";""
"202200035588";"750 544";"A01";"1";"33";"0";"2";"4";"26";"0";""
"202200035588";"750 545";"B01";"1";"10";"0";"2";"4";"0";"1";""
"202200035589";"750 542";"B01";"3";"7";"0";"2";"1";"9";"0";""
"202200035589";"750 543";"A01";"3";"1";"0";"2";"1";"9";"5";""
"202200035590";"750 540";"B01";"1";"43";"0";"2";"1";"2";"1";""
"202200035590";"750 541";"A01";"0";"7";"0";"2";"4";"4";"1";""
"202200035591";"750 538";"A01";"2";"2";"0";"2";"0";"19";"1";""
"202200035591";"750 539";"B01";"1";"7";"0";"9";"3";"19";"1";""
"202200035592";"750 536";"A01";"1";"1";"0";"2";"8";"15";"5";""
"202200035592";"750 537";"B01";"1";"31";"0";"2";"1";"1";"1";""
"202200035593";"750 534";"A01";"2";"50";"0";"2";"7";"1";"3";""
"202200035593";"750 535";"B01";"2";"7";"0";"2";"1";"1";"1";""
"202200035594";"750 532";"B01";"2";"1";"0";"2";"2";"1";"5";""
"202200035594";"750 533";"A01";"2";"7";"0";"2";"4";"4";"1";""
"202200035595";"750 530";"A01";"1";"7";"0";"2";"1";"1";"1";""
"202200035595";"750 531";"B01";"1";"1";"0";"2";"4";"1";"5";""
"202200035596";"750 528";"B01";"3";"34";"0";"2";"8";"0";"1";""
"202200035596";"750 529";"A01";"3";"7";"0";"2";"2";"9";"1";""
"202200035597";"750 527";"A01";"3";"7";"0";"1";"1";"1";"1";""
"202200035598";"750 526";"A01";"0";"7";"6";"0";"9";"1";"1";""
"202200035599";"750 524";"A01";"2";"33";"0";"2";"1";"1";"1";""
"202200035599";"750 525";"B01";"1";"7";"0";"2";"2";"15";"1";""
"202200035600";"750 522";"A01";"2";"7";"12";"0";"3";"1";"1";""
"202200035601";"750 520";"B01";"1";"7";"0";"2";"6";"15";"1";""
"202200035601";"750 521";"A01";"1";"7";"0";"2";"1";"17";"1";""
"202200035602";"750 518";"B01";"0";"7";"0";"2";"1";"1";"1";""
"202200035602";"750 519";"A01";"0";"7";"0";"2";"7";"15";"1";""
"202200035603";"750 516";"A01";"0";"7";"0";"2";"6";"20";"1";""
"202200035603";"750 517";"B01";"0";"2";"0";"2";"1";"1";"1";""
"202200035604";"750 513";"A01";"1";"7";"0";"1";"4";"23";"1";""
"202200035604";"750 514";"B01";"1";"7";"0";"2";"6";"2";"1";""
"202200035604";"750 515";"C01";"1";"7";"0";"2";"1";"2";"1";""
"202200035605";"750 511";"B01";"2";"7";"0";"2";"1";"21";"1";""
"202200035605";"750 512";"A01";"1";"7";"0";"2";"1";"13";"1";""
"202200035606";"750 509";"B01";"3";"2";"0";"2";"1";"1";"1";""
"202200035606";"750 510";"A01";"3";"7";"0";"2";"2";"9";"0";""
"202200035607";"750 507";"Z01";"2";"7";"0";"2";"0";"0";"1";""
"202200035607";"750 508";"A01";"1";"1";"0";"2";"1";"1";"5";""
"202200035608";"750 506";"A01";"3";"33";"0";"2";"1";"1";"1";""
"202200035609";"750 505";"A01";"2";"7";"12";"0";"9";"1";"1";""
"202200035610";"750 504";"A01";"3";"39";"0";"1";"1";"1";"0";""
"202200035611";"750 501";"A01";"3";"34";"0";"2";"3";"13";"1";""
"202200035611";"750 502";"C01";"3";"7";"0";"2";"8";"1";"1";""
"202200035611";"750 503";"B01";"1";"7";"0";"2";"3";"5";"1";""
"202200035612";"750 500";"A01";"0";"33";"11";"0";"0";"26";"0";""
"202200035613";"750 499";"A01";"1";"7";"3";"0";"3";"13";"1";""
"202200035614";"750 497";"A01";"3";"7";"0";"2";"7";"9";"1";""
"202200035614";"750 498";"B01";"3";"50";"0";"2";"1";"1";"3";""
"202200035615";"750 494";"C01";"2";"7";"10";"2";"3";"1";"2";""
"202200035615";"750 495";"B01";"2";"7";"10";"2";"3";"1";"1";""
"202200035615";"750 496";"A01";"1";"37";"10";"2";"3";"2";"1";"1"
"202200035616";"750 492";"A01";"1";"7";"0";"2";"7";"0";"1";""
"202200035616";"750 493";"B01";"2";"1";"0";"2";"1";"0";"5";""
"202200035617";"750 490";"A01";"1";"7";"0";"2";"3";"13";"1";""
"202200035617";"750 491";"B01";"2";"7";"0";"2";"3";"1";"1";""
"202200035618";"750 488";"A01";"2";"2";"0";"2";"1";"17";"1";""
"202200035618";"750 489";"B01";"1";"10";"0";"9";"6";"15";"1";""
"202200035619";"750 486";"A01";"1";"7";"0";"2";"3";"1";"1";""
"202200035619";"750 487";"B01";"1";"7";"0";"2";"3";"1";"1";""
"202200035620";"750 485";"A01";"1";"1";"0";"0";"0";"26";"5";""
"202200035621";"750 483";"B01";"1";"2";"0";"2";"7";"1";"1";""
"202200035621";"750 484";"A01";"1";"7";"0";"2";"8";"9";"1";""
"202200035622";"750 481";"A01";"3";"1";"0";"2";"8";"1";"5";""
"202200035622";"750 482";"B01";"3";"1";"0";"2";"7";"26";"5";""
"202200035623";"750 480";"A01";"1";"30";"0";"0";"2";"1";"1";""
"202200035624";"750 479";"A01";"1";"33";"0";"0";"0";"1";"0";""
"202200035625";"750 477";"A01";"2";"7";"0";"9";"5";"16";"3";""
"202200035625";"750 478";"B01";"2";"50";"0";"2";"8";"1";"3";""
"202200035626";"750 476";"A01";"2";"7";"0";"1";"3";"1";"1";""
"202200035627";"750 474";"B01";"1";"1";"0";"2";"1";"1";"5";""
"202200035627";"750 475";"A01";"2";"10";"0";"2";"1";"15";"0";""
"202200035628";"750 472";"B01";"2";"7";"0";"2";"1";"9";"1";""
"202200035628";"750 473";"A01";"2";"1";"0";"2";"5";"9";"5";""
"202200035629";"750 470";"A01";"2";"7";"0";"2";"1";"1";"1";""
"202200035629";"750 471";"B01";"2";"7";"12";"2";"4";"11";"1";""
"202200035630";"750 468";"A01";"3";"1";"0";"2";"1";"19";"5";""
"202200035630";"750 469";"B01";"3";"10";"0";"2";"1";"16";"1";""
"202200035631";"750 466";"A01";"1";"7";"0";"2";"7";"15";"1";""
"202200035631";"750 467";"B01";"2";"1";"0";"2";"1";"1";"5";""
"202200035632";"750 464";"B01";"1";"7";"0";"2";"3";"15";"1";""
"202200035632";"750 465";"A01";"2";"2";"0";"2";"1";"17";"1";""
"202200035633";"750 462";"B01";" -1";"1";"0";"2";"1";"25";"5";""
"202200035633";"750 463";"A01";"3";"7";"0";"2";"7";"1";"1";""
"202200035634";"750 461";"A01";"2";"1";"0";"0";"0";"1";"5";""
"202200035635";"750 459";"A01";"1";"7";"0";"2";"1";"9";"1";""
"202200035635";"750 460";"B01";"2";"1";"0";"2";"7";"1";"5";""
"202200035636";"750 458";"A01";"3";"7";"0";"0";"0";"26";"1";""
"202200035637";"750 457";"A01";"1";"33";"14";"0";"0";"1";"1";""
"202200035638";"750 455";"A01";"1";"30";"0";"2";"1";"1";"1";""
"202200035638";"750 456";"B01";"0";"7";"0";"2";"7";"15";"1";""
"202200035639";"750 453";"A01";"3";"99";"0";"2";"6";"13";"1";""
"202200035639";"750 454";"B01";"3";"7";"0";"2";"1";"1";"1";""
"202200035640";"750 451";"A01";"1";"14";"0";"2";"3";"16";"1";""
"202200035640";"750 452";"B01";"1";"1";"0";"2";"1";"1";"5";""
"202200035641";"750 449";"B01";"1";"7";"1";"0";"6";"24";"1";""
"202200035641";"750 450";"A01";"1";"1";"1";"0";"2";"1";"5";""
"202200035642";"750 447";"A01";"3";"99";"0";"2";"5";"1";"3";""
"202200035642";"750 448";"B01";"3";"7";"0";"2";"3";"2";"1";""
"202200035643";"750 446";"A01";"1";"33";"0";"0";"0";"21";"1";""
"202200035644";"750 445";"A01";"2";"7";"0";"1";"1";"1";"1";""
"202200035645";"750 443";"B01";"3";"34";"0";"2";"1";"17";"1";""
"202200035645";"750 444";"A01";"3";"7";"0";"2";"3";"15";"1";""
"202200035646";"750 442";"A01";"1";"30";"0";"0";"0";"1";"1";""
"202200035647";"750 441";"A01";"0";"7";"0";"1";"1";"15";"1";""
"202200035648";"750 439";"A01";"3";"7";"0";"2";"8";"9";"1";""
"202200035648";"750 440";"B01";"3";"7";"0";"2";"1";"1";"1";""
"202200035649";"750 437";"A01";"1";"7";"0";"2";"1";"2";"1";""
"202200035649";"750 438";"B01";"1";"7";"0";"2";"4";"23";"1";""
"202200035650";"750 434";"A01";"3";"7";"0";"2";"3";"10";"1";""
"202200035650";"750 436";"B01";"3";"32";"0";"2";"1";"15";"1";""
"202200035651";"750 433";"B01";"2";"1";"0";"2";"4";"1";"5";""
"202200035651";"750 435";"A01";"3";"7";"0";"2";"3";"16";"1";""
"202200035652";"750 431";"Z01";"0";"7";"0";"2";"1";"5";"1";""
"202200035652";"750 432";"B01";"3";"30";"0";"2";"8";"1";"1";""
"202200035653";"750 428";"A01";"1";"7";"0";"2";"7";"15";"1";""
"202200035653";"750 430";"B01";"1";"7";"0";"2";"1";"1";"1";""
"202200035654";"750 427";"A01";"1";"7";"0";"2";"1";"9";"1";""
"202200035654";"750 429";"B01";"3";"1";"0";"2";"7";"1";"5";""
"202200035655";"750 425";"A01";"0";"1";"0";"0";"1";"1";"5";""
"202200035656";"750 424";"B01";"1";"7";"0";"2";"8";"16";"1";""
"202200035656";"750 426";"A01";"1";"30";"0";"2";"1";"1";"1";""
"202200035657";"750 422";"A01";"2";"7";"0";"1";"1";"1";"1";""
"202200035658";"750 420";"A01";"2";"1";"12";"0";"4";"2";"5";""
"202200035659";"750 419";"A01";"1";"50";"0";"2";"8";"1";"3";""
"202200035660";"750 416";"A01";"2";"7";"0";"2";"2";"20";"1";""
"202200035660";"750 418";"B01";"2";"50";"0";"2";"8";"1";"3";""
"202200035661";"750 415";"B01";"1";"7";"0";"2";"1";"1";"1";""
"202200035661";"750 417";"A01";"2";"7";"0";"2";"7";"19";"1";""
"202200035662";"750 414";"A01";"1";"7";"4";"9";"8";"13";"1";""
"202200035663";"750 412";"A01";"2";"7";"14";"0";"2";"14";"1";""
"202200035664";"750 411";"A01";"1";"33";"0";"2";"1";"1";"1";""
"202200035664";"750 413";"B01";"3";"7";"0";"2";"5";"1";"1";""
"202200035665";"750 408";"B01";"1";"7";"0";"2";"4";"2";"1";""
"202200035665";"750 410";"A01";"1";"7";"0";"2";"1";"2";"1";""
"202200035666";"750 407";"A01";"3";"7";"0";"2";"1";"1";"1";""
"202200035666";"750 409";"B01";"3";"7";"0";"2";"4";"1";"2";""
"202200035667";"750 406";"A01";"3";"7";"0";"1";"1";"1";"1";""
"202200035668";"750 404";"A01";"2";"33";"0";"2";"1";"1";"1";""
"202200035668";"750 405";"B01";"2";"10";"0";"2";"6";"1";"1";""
"202200035669";"750 403";"A01";"2";"7";"0";"1";"1";"13";"1";""
"202200035670";"750 400";"B01";"1";"17";"0";"2";"1";"1";"1";""
"202200035670";"750 402";"A01";"1";"7";"0";"2";"8";"10";"1";""
"202200035671";"750 399";"B01";"1";"50";"0";"2";"0";"0";"3";""
"202200035671";"750 401";"A01";"1";"0";"0";"2";"4";"0";"0";""
"202200035672";"750 396";"A01";"2";"7";"0";"2";"4";"15";"1";""
"202200035672";"750 398";"B01";"1";"1";"0";"2";"1";"1";"5";""
"202200035673";"750 393";"C01";"1";"7";"0";"2";"1";"2";"1";""
"202200035673";"750 394";"D01";"1";"10";"0";"0";"0";"0";"1";""
"202200035673";"750 395";"B01";"1";"7";"0";"2";"1";"2";"1";""
"202200035673";"750 397";"A01";"1";"7";"0";"2";"4";"2";"1";""
"202200035674";"750 391";"B01";"2";"7";"0";"2";"3";"1";"1";""
"202200035674";"750 392";"A01";"1";"30";"0";"2";"1";"1";"1";""
"202200035675";"750 386";"B01";"1";"1";"0";"2";"1";"1";"5";""
"202200035675";"750 387";"A01";"1";"7";"0";"2";"2";"15";"0";""
"202200035676";"750 384";"A01";"1";"7";"0";"0";"6";"23";"2";""
"202200035676";"750 385";"B01";"1";"7";"1";"0";"2";"1";"1";""
"202200035677";"750 382";"A01";"3";"7";"0";"2";"2";"15";"1";""
"202200035677";"750 383";"B01";"3";"2";"0";"2";"1";"1";"1";""
"202200035678";"750 380";"A01";"2";"7";"0";"2";"2";"1";"1";""
"202200035678";"750 381";"Z01";"2";"10";"0";"0";"0";"0";"0";""
"202200035679";"750 378";"B01";"2";"2";"0";"2";"7";"26";"1";""
"202200035679";"750 379";"A01";"2";"7";"0";"2";"3";"9";"1";""
"202200035680";"750 376";"A01";"2";"7";"0";"2";"7";"16";"1";""
"202200035680";"750 377";"B01";"2";"1";"0";"2";"3";"5";"5";""
"202200035681";"750 374";"A01";"1";"7";"15";"0";"1";"1";"1";""
"202200035682";"750 373";"A01";"3";"7";"0";"1";"3";"26";"1";""
"202200035683";"750 371";"A01";"1";"7";"0";"2";"1";"9";"1";""
"202200035683";"750 372";"B01";"1";"2";"0";"2";"8";"1";"1";""
"202200035684";"750 368";"C01";"0";"7";"0";"2";"4";"1";"1";""
"202200035684";"750 369";"B01";"0";"7";"1";"2";"4";"1";"1";""
"202200035684";"750 370";"A01";"0";"7";"0";"2";"1";"1";"1";""
"202200035685";"750 366";"A01";"1";"1";"0";"2";"1";"2";"0";""
"202200035685";"750 367";"B01";"0";"7";"14";"2";"2";"2";"0";""
"202200035686";"750 364";"B01";"3";"7";"0";"2";"1";"1";"1";""
"202200035686";"750 365";"A01";"3";"7";"0";"2";"1";"1";"1";""
"202200035687";"750 362";"A01";"1";"30";"0";"2";"1";"1";"1";""
"202200035687";"750 363";"B01";"1";"7";"0";"2";"3";"10";"1";""
"202200035688";"750 361";"A01";"3";"7";"12";"0";"1";"1";"1";""
"202200035689";"750 358";"A01";" -1";"7";"0";"1";"1";"1";"1";""
"202200035690";"750 359";"A01";"2";"7";"0";"2";"3";"15";"1";""
"202200035690";"750 360";"B01";"1";"7";"0";"2";"3";"1";"1";""
"202200035691";"750 355";"B01";"2";"7";"0";"2";"4";"0";"1";""
"202200035691";"750 356";"A01";"2";"7";"0";"2";"1";"26";"1";""
"202200035692";"750 354";"A01";"2";"7";"0";"2";"3";"9";"1";""
"202200035692";"750 357";"B01";"2";"33";"0";"2";"2";"17";"1";""
"202200035693";"750 349";"B01";"2";"7";"0";"2";"1";"1";"1";""
"202200035693";"750 352";"A01";"1";"7";"0";"2";"7";"15";"1";""
"202200035694";"750 347";"B01";"1";"10";"0";"2";"5";"1";"1";""
"202200035694";"750 348";"A01";"1";"33";"0";"2";"1";"9";"1";""
"202200035695";"750 345";"B01";"1";"2";"0";"2";"7";"17";"1";""
"202200035695";"750 346";"A01";"1";"7";"0";"2";"8";"15";"1";""
"202200035696";"750 343";"B01";"2";"37";"0";"2";"2";"1";"0";"1"
"202200035696";"750 344";"A01";"3";"50";"0";"2";"8";"19";"3";""
"202200035697";"750 341";"B01";"1";"7";"0";"2";"4";"1";"0";""
"202200035697";"750 342";"A01";"1";"33";"0";"2";"1";"26";"1";""
"202200035698";"750 340";"A01";"2";"30";"0";"0";"0";"0";"1";""
"202200035699";"750 336";"A01";"2";"7";"0";"2";"1";"9";"0";""
"202200035699";"750 339";"B01";"0";"1";"0";"2";"2";"1";"5";""
"202200035700";"750 337";"B01";"2";"37";"0";"2";"1";"1";"2";"1"
"202200035700";"750 338";"A01";"2";"10";"0";"2";"2";"15";"1";""
"202200035701";"750 334";"A01";"3";"33";"3";"0";"1";"16";"1";""
"202200035702";"750 333";"A01";"2";"7";"0";"2";"7";"1";"1";""
"202200035702";"750 335";"B01";"1";"7";"0";"2";"3";"19";"1";""
"202200035703";"750 332";"A01";"3";"7";"0";"1";"1";"1";"1";""
"202200035704";"750 330";"B01";"1";"7";"0";"2";"1";"23";"1";""
"202200035704";"750 331";"A01";"1";"7";"0";"2";"3";"15";"1";""
"202200035705";"750 328";"B01";"2";"3";"0";"2";"2";"2";"1";""
"202200035705";"750 329";"A01";"2";"7";"0";"2";"1";"9";"1";""
"202200035706";"750 326";"A01";"0";"10";"0";"1";"4";"4";"1";""
"202200035707";"750 325";"B01";"3";"7";"0";"2";"8";"15";"1";""
"202200035707";"750 327";"A01";"3";"7";"0";"2";"1";"1";"1";""
"202200035708";"750 323";"A01";"1";"7";"0";"2";"3";"15";"1";""
"202200035708";"750 324";"B01";"1";"7";"0";"2";"1";"17";"0";""
"202200035709";"750 321";"B01";"2";"7";"0";"2";"1";"1";"1";""
"202200035709";"750 322";"A01";"1";"7";"0";"2";"7";"15";"1";""
"202200035710";"750 319";"B01";"1";"7";"0";"2";"1";"13";"1";""
"202200035710";"750 320";"A01";"2";"7";"0";"2";"1";"1";"1";""
"202200035711";"750 314";"B01";"2";"2";"0";"2";"8";"15";"1";""
"202200035711";"750 316";"A01";"2";"2";"0";"2";"1";"17";"1";""
"202200035712";"750 313";"A01";"1";"7";"0";"2";"1";"2";"1";""
"202200035712";"750 315";"B01";"1";"7";"0";"2";"4";"23";"1";""
"202200035713";"750 311";"A01";"2";"33";"0";"2";"1";"13";"1";""
"202200035713";"750 312";"B01";"1";"7";"0";"2";"1";"1";"1";""
"202200035714";"750 309";"B01";"3";"7";"0";"2";"1";"1";"1";""
"202200035714";"750 310";"A01";"3";"7";"2";"0";"1";"0";"0";""
"202200035715";"750 306";"A01";"1";"7";"0";"2";"4";"1";"1";""
"202200035715";"750 308";"B01";"1";"7";"0";"2";"1";"2";"1";""
"202200035716";"750 305";"B01";"1";"2";"0";"2";"1";"1";"1";""
"202200035716";"750 307";"A01";"1";"7";"0";"2";"7";"15";"1";""
"202200035717";"750 303";"B01";"2";"31";"0";"2";"4";"3";"1";""
"202200035717";"750 304";"A01";"2";"33";"0";"2";"1";"12";"1";""
"202200035718";"750 302";"A01";"2";"37";"0";"1";"7";"16";"1";"1"
"202200035719";"750 298";"A01";"3";"2";"0";"2";"7";"17";"1";""
"202200035719";"750 300";"B01";"3";"10";"0";"2";"8";"0";"1";""
"202200035720";"750 295";"A01";"2";"7";"0";"2";"1";"2";"1";""
"202200035720";"750 296";"B01";"2";"10";"0";"2";"4";"2";"1";""
"202200035720";"750 297";"C01";"2";"7";"0";"2";"4";"2";"1";""
"202200035720";"750 299";"D01";"2";"7";"0";"2";"4";"2";"1";""
"202200035720";"750 301";"E01";"2";"33";"0";"2";"4";"2";"1";""
"202200035721";"750 294";"A01";"1";"33";"3";"0";"1";"1";"1";""
"202200035722";"750 289";"B01";"1";"7";"0";"2";"4";"15";"1";""
"202200035722";"750 291";"A01";"1";"7";"0";"2";"1";"2";"1";""
"202200035723";"750 290";"A01";"2";"31";"0";"2";"2";"11";"1";""
"202200035723";"750 292";"B01";"2";"31";"0";"2";"1";"3";"1";""
"202200035723";"750 293";"C01";"2";"7";"0";"2";"1";"1";"1";""
"202200035724";"750 286";"B01";"1";"10";"0";"2";"4";"12";"1";""
"202200035724";"750 288";"A01";"1";"43";"0";"2";"1";"3";"1";""
"202200035725";"750 285";"B01";"1";"7";"0";"2";"8";"1";"1";""
"202200035725";"750 287";"A01";"1";"33";"0";"2";"1";"1";"1";""
"202200035726";"750 284";"A01";"1";"34";"0";"1";"1";"1";"1";""
"202200035727";"750 283";"A01";"3";"30";"0";"0";"0";"1";"1";""
"202200035728";"750 280";"B01";"1";"1";"0";"2";"7";"1";"5";""
"202200035728";"750 282";"A01";"1";"30";"0";"2";"8";"18";"1";""
"202200035729";"750 276";"A01";"1";"7";"0";"2";"1";"21";"1";""
"202200035729";"750 278";"B01";"1";"50";"0";"2";"7";"9";"3";""
"202200035730";"750 275";"Z01";"1";"7";"0";"2";"0";"14";"1";""
"202200035730";"750 277";"A01";"1";"30";"0";"2";"8";"1";"1";""
"202200035731";"750 274";"A01";"2";"7";"6";"0";"2";"1";"1";""
"202200035732";"750 272";"A01";"2";"7";"0";"2";"0";"16";"1";""