"Num_Acc";"id_vehicule";"num_veh";"senc";"catv";"obs";"obsm";"choc";"manv";"motor";"occutc"
"202200035732";"750 273";"B01";"2";"80";"0";"2";"0";"1";"3";""
"202200035733";"750 270";"B01";"2";"7";"0";"2";"2";"15";"1";""
"202200035733";"750 271";"A01";"2";"7";"0";"2";"3";"16";"1";""
"202200035734";"750 269";"A01";"2";"1";"0";"1";"1";"1";"5";""
"202200035735";"750 267";"B01";"1";"7";"0";"2";"4";"1";"1";""
"202200035735";"750 268";"A01";"1";"30";"0";"2";"1";"1";"1";""
"202200035736";"750 266";"A01";"2";"50";"0";"1";"1";"1";"3";""
"202200035737";"750 265";"A01";"2";"7";"8";"0";"3";"1";"1";""
"202200035738";"750 263";"B01";"1";"30";"0";"2";"7";"17";"1";""
"202200035738";"750 264";"A01";"1";"7";"0";"2";"3";"10";"1";""
"202200035739";"750 261";"B01";"1";"7";"0";"2";"3";"10";"1";""
"202200035739";"750 262";"A01";"1";"2";"0";"2";"1";"17";"1";""
"202200035740";"750 260";"Z01";"1";"32";"0";"1";"8";"1";"1";""
"202200035741";"750 258";"A01";"2";"7";"0";"2";"1";"1";"1";""
"202200035741";"750 259";"B01";"2";"1";"0";"2";"7";"9";"5";""
"202200035742";"750 256";"A01";"1";"43";"0";"2";"1";"1";"1";""
"202200035742";"750 257";"B01";"3";"1";"0";"2";"3";"19";"5";""
"202200035743";"750 255";"A01";"2";"7";"0";"5";"8";"1";"1";""
"202200035744";"750 252";"B01";"2";"10";"0";"2";"2";"1";"1";""
"202200035744";"750 254";"A01";"2";"32";"0";"2";"1";"1";"1";""
"202200035745";"750 249";"A01";"2";"33";"15";"0";"1";"14";"1";""
"202200035746";"750 248";"B01";"1";"10";"0";"2";"4";"1";"1";""
"202200035746";"750 250";"A01";"1";"33";"0";"2";"1";"1";"1";""
"202200035747";"750 244";"Z01";"2";"10";"0";"0";"0";"0";"0";""
"202200035747";"750 246";"B01";"2";"30";"0";"0";"0";"0";"1";""
"202200035748";"750 243";"C01";"0";"7";"0";"2";"4";"1";"1";""
"202200035748";"750 245";"B01";"0";"7";"0";"2";"4";"1";"1";""
"202200035748";"750 247";"A01";"0";"20";"0";"2";"1";"1";"1";""
"202200035749";"750 239";"B01";"1";"50";"0";"2";"1";"2";"3";""
"202200035749";"750 242";"A01";"1";"7";"0";"2";"4";"1";"1";""
"202200035750";"750 238";"C01";"2";"7";"0";"0";"4";"2";"1";""
"202200035750";"750 240";"A01";"2";"10";"0";"2";"1";"2";"1";""
"202200035750";"750 241";"B01";"2";"7";"0";"2";"4";"2";"1";""
"202200035751";"750 236";"A01";"1";"33";"0";"2";"3";"0";"1";""
"202200035751";"750 237";"B01";"1";"7";"0";"2";"1";"12";"1";""
"202200035752";"750 234";"Z01";"2";"0";"0";"2";"1";"1";"0";""
"202200035752";"750 235";"B01";"2";"1";"0";"2";"4";"15";"5";""
"202200035753";"750 231";"A01";"1";"30";"0";"2";"1";"9";"1";""
"202200035753";"750 233";"B01";"3";"1";"0";"2";"8";"1";"5";""
"202200035754";"750 230";"B01";"2";"1";"0";"2";"1";"26";"5";""
"202200035754";"750 232";"A01";"1";"7";"0";"2";"1";"15";"1";""
"202200035755";"750 227";"B01";"3";"30";"0";"2";"1";"1";"1";""
"202200035755";"750 229";"A01";"3";"7";"0";"2";"1";"15";"1";""
"202200035756";"750 226";"B01";"3";"33";"0";"2";"3";"1";"1";""
"202200035756";"750 228";"A01";"3";"7";"0";"2";"3";"11";"1";""
"202200035757";"750 225";"A01";"1";"7";"0";"0";"8";"14";"1";""
"202200035758";"750 223";"B01";"1";"50";"0";"2";"1";"2";"3";""
"202200035758";"750 224";"A01";"1";"10";"0";"2";"7";"2";"1";""
"202200035759";"750 222";"A01";"1";"7";"0";"1";"2";"1";"1";""
"202200035760";"750 220";"A01";"2";"31";"0";"2";"1";"2";"1";""
"202200035760";"750 221";"B01";"2";"7";"0";"2";"4";"2";"1";""
"202200035761";"750 218";"B01";"2";"7";"0";"2";"1";"1";"1";""
"202200035761";"750 219";"A01";"1";"7";"0";"2";"1";"13";"1";""
"202200035762";"750 215";"C01";"1";"17";"0";"2";"1";"1";"1";""
"202200035762";"750 216";"B01";"2";"33";"0";"2";"4";"1";"1";""
"202200035762";"750 217";"A01";"2";"7";"0";"2";"1";"1";"1";""
"202200035763";"750 212";"A01";"0";"37";"0";"1";"2";"2";"2";"1"
"202200035764";"750 213";"B01";"2";"7";"0";"9";"3";"2";"1";""
"202200035764";"750 214";"A01";"2";"30";"0";"2";"7";"2";"1";""
"202200035765";"750 209";"C01";"1";"7";"0";"2";"6";"2";"1";""
"202200035765";"750 210";"A01";"1";"7";"0";"2";"1";"0";"1";""
"202200035765";"750 211";"B01";"1";"33";"0";"2";"4";"0";"0";""
"202200035766";"750 207";"A01";"0";"99";"0";"2";"1";"1";"3";""
"202200035766";"750 208";"B01";"0";"7";"0";"2";"2";"1";"1";""
"202200035767";"750 205";"A01";"1";"33";"0";"2";"1";"1";"1";""
"202200035767";"750 206";"B01";"1";"7";"0";"2";"7";"9";"1";""
"202200035768";"750 203";"B01";"2";"33";"0";"2";"2";"1";"1";""
"202200035768";"750 204";"A01";"1";"7";"0";"2";"5";"10";"1";""
"202200035769";"750 201";"A01";" -1";"7";"0";"2";"2";"1";"1";""
"202200035769";"750 202";"B01";" -1";"1";"0";"2";"1";"19";"5";""
"202200035770";"750 199";"A01";"1";"7";"0";"0";"3";"24";"1";""
"202200035770";"750 200";"B01";"0";"7";"0";"1";"1";"1";"1";""
"202200035771";"750 197";"B01";"2";"10";"1";"0";"1";"1";"1";""
"202200035771";"750 198";"A01";"2";"7";"0";"2";"4";"1";"1";""
"202200035772";"750 196";"A01";"1";"10";"0";"1";"1";"16";"1";""
"202200035773";"750 194";"B01";"2";"1";"0";"2";"6";"11";"5";""
"202200035773";"750 195";"A01";"2";"30";"0";"2";"2";"1";"1";""
"202200035774";"750 193";"A01";"0";"7";"0";"2";"8";"9";"1";""
"202200035775";"750 192";"A01";"1";"33";"0";"1";"3";"1";"1";""
"202200035776";"750 190";"B01";"3";"1";"0";"4";"7";"1";"5";""
"202200035776";"750 191";"A01";"2";"39";"0";"2";"1";"1";"3";""
"202200035777";"750 187";"A01";"2";"37";"0";"2";"1";"2";"1";"1"
"202200035777";"750 188";"B01";"2";"7";"0";"2";"1";"2";"1";""
"202200035777";"750 189";"C01";"2";"7";"0";"2";"4";"2";"1";""
"202200035778";"750 185";"B01";"3";"7";"0";"2";"2";"1";"1";""
"202200035778";"750 186";"A01";"3";"30";"0";"2";"1";"1";"1";""
"202200035779";"750 183";"B01";"0";"50";"1";"0";"0";"1";"3";""
"202200035779";"750 184";"A01";"0";"7";"0";"2";"3";"22";"1";""
"202200035780";"750 181";"B01";"3";"3";"0";"0";"0";"0";"0";""
"202200035780";"750 182";"A01";"3";"32";"0";"2";"3";"13";"0";""
"202200035781";"750 179";"A01";"3";"37";"0";"2";"3";"20";"1";"1"
"202200035781";"750 180";"Y01";"3";"60";"0";"2";"2";"1";"5";""
"202200035782";"750 178";"A01";"1";"43";"1";"0";"1";"1";"1";""
"202200035783";"750 176";"A01";"2";"7";"0";"2";"2";"15";"1";""
"202200035783";"750 177";"B01";"1";"34";"0";"2";"1";"8";"0";""
"202200035784";"750 175";"A01";"3";"32";"6";"0";"7";"14";"1";""
"202200035785";"750 173";"B01";"1";"32";"0";"2";"1";"1";"1";""
"202200035785";"750 174";"A01";"1";"7";"0";"2";"4";"12";"1";""
"202200035786";"750 171";"A01";"2";"7";"0";"2";"1";"19";"1";""
"202200035786";"750 172";"B01";"2";"7";"0";"0";"8";"1";"0";""
"202200035787";"750 170";"A01";"1";"14";"0";"1";"4";"20";"0";""
"202200035788";"750 168";"A01";"3";"7";"0";"2";"1";"1";"1";""
"202200035788";"750 169";"B01";"3";"34";"0";"2";"3";"5";"1";""
"202200035789";"750 166";"A01";"1";"1";"0";"2";"2";"0";"5";""
"202200035789";"750 167";"B01";"1";"50";"0";"2";"2";"0";"3";""
"202200035790";"750 164";"A01";"3";"99";"0";"2";"4";"4";"1";""
"202200035790";"750 165";"B01";"3";"7";"1";"2";"7";"1";"1";""
"202200035791";"750 163";"A01";"1";"1";"1";"2";"1";"1";"5";""
"202200035792";"750 161";"B01";"1";"7";"0";"2";"4";"2";"1";""
"202200035792";"750 162";"A01";"1";"7";"0";"2";"1";"2";"1";""
"202200035793";"750 159";"B01";"3";"1";"0";"2";"1";"19";"5";""
"202200035793";"750 160";"A01";"2";"7";"0";"9";"2";"1";"1";""
"202200035794";"750 157";"A01";"3";"2";"0";"2";"1";"5";"1";""
"202200035794";"750 158";"B01";"3";"7";"0";"2";"1";"1";"1";""
"202200035795";"750 156";"A01";"2";"7";"3";"0";"2";"2";"1";""
"202200035796";"750 154";"B01";"0";"7";"0";"2";"8";"19";"1";""
"202200035796";"750 155";"A01";"0";"7";"0";"2";"1";"1";"2";""
"202200035797";"750 152";"B01";"1";"7";"0";"2";"3";"1";"1";""
"202200035797";"750 153";"A01";"1";"2";"0";"2";"1";"1";"1";""
"202200035798";"750 151";"A01";"1";"33";"0";"0";"0";"17";"1";""
"202200035799";"750 149";"A01";"1";"7";"0";"2";"2";"15";"1";""
"202200035799";"750 150";"B01";"2";"7";"0";"2";"2";"1";"1";""
"202200035800";"750 147";"C01";"2";"10";"0";"2";"2";"2";"1";""
"202200035800";"750 148";"A01";"2";"99";"0";"0";"4";"1";"1";""
"202200035801";"750 145";"A01";"1";"10";"0";"2";"3";"13";"1";""
"202200035801";"750 146";"B01";"2";"17";"0";"2";"3";"1";"1";""
"202200035802";"750 143";"B01";"1";"2";"0";"2";"1";"1";"1";""
"202200035802";"750 144";"A01";"1";"13";"0";"0";"7";"19";"1";""
"202200035803";"750 141";"B01";"1";"7";"0";"2";"8";"10";"1";""
"202200035803";"750 142";"A01";"1";"33";"0";"2";"1";"17";"1";""
"202200035804";"750 140";"A01";"1";"33";"16";"0";"0";"1";"1";""
"202200035805";"750 138";"A01";"1";"7";"0";"2";"2";"23";"1";""
"202200035805";"750 139";"B01";"2";"7";"13";"2";"0";"14";"1";""
"202200035806";"750 136";"A01";"1";"2";"0";"2";"1";"13";"1";""
"202200035806";"750 137";"B01";"2";"7";"0";"2";"1";"1";"6";""
"202200035807";"750 135";"A01";"0";"1";"15";"0";"0";"0";"5";""
"202200035808";"750 134";"A01";"2";"7";"2";"0";"1";"2";"1";""
"202200035809";"750 132";"B01";"2";"50";"0";"2";"3";"0";"3";""
"202200035809";"750 133";"A01";"1";"7";"0";"2";"0";"0";"1";""
"202200035810";"750 130";"A01";"3";"7";"0";"2";"8";"9";"1";""
"202200035810";"750 131";"B01";"1";"13";"0";"2";"1";"1";"1";""
"202200035811";"750 128";"B01";"2";"1";"0";"2";"3";"1";"5";""
"202200035811";"750 129";"A01";"1";"7";"0";"2";"3";"15";"1";""
"202200035812";"750 126";"A01";"1";"7";"0";"9";"2";"1";"1";""
"202200035812";"750 127";"B01";"1";"1";"0";"2";"1";"15";"5";""
"202200035813";"750 125";"A01";"1";"7";"0";"1";"1";"1";"1";""
"202200035814";"750 123";"B01";"1";"31";"0";"2";"1";"1";"1";""
"202200035814";"750 124";"A01";"2";"10";"0";"2";"5";"19";"1";""
"202200035815";"750 122";"A01";"2";"7";"13";"0";"2";"1";"1";""
"202200035816";"750 120";"A01";"2";"31";"0";"2";"1";"2";"1";""
"202200035816";"750 121";"B01";"2";"10";"0";"2";"4";"15";"1";""
"202200035817";"750 118";"A01";"2";"7";"0";"2";"1";"1";"1";""
"202200035817";"750 119";"B01";"1";"15";"0";"2";"3";"1";"1";""
"202200035818";"750 117";"A01";"3";"10";"0";"1";"8";"1";"1";""
"202200035819";"750 115";"A01";"3";"7";"0";"0";"3";"15";"1";""
"202200035819";"750 116";"B01";"3";"36";"0";"2";"1";"15";"1";""
"202200035820";"750 113";"A01";"0";"7";"0";"2";"1";"19";"1";""
"202200035820";"750 114";"B01";"0";"2";"0";"2";"1";"1";"1";""
"202200035821";"750 111";"A01";"2";"7";"0";"2";"8";"19";"1";""
"202200035821";"750 112";"B01";"1";"7";"0";"2";"1";"1";"1";""
"202200035822";"750 108";"A01";"2";"7";"3";"0";"3";"1";"1";""
"202200035822";"750 109";"B01";"1";"7";"5";"0";"3";"1";"1";""
"202200035823";"750 106";"A01";"1";"7";"0";"2";"3";"11";"1";""
"202200035823";"750 107";"B01";"2";"33";"0";"2";"1";"1";"1";""
"202200035824";"750 105";"A01";"1";"7";"3";"0";"3";"1";"1";""
"202200035825";"750 104";"A01";"1";"33";"12";"0";"3";"1";"1";""
"202200035826";"750 102";"B01";"1";"2";"0";"2";"0";"0";"1";""
"202200035826";"750 103";"A01";"1";"13";"0";"2";"2";"0";"1";""
"202200035827";"750 100";"A01";"2";"7";"0";"2";"1";"2";"1";""
"202200035827";"750 101";"B01";"2";"10";"0";"0";"5";"2";"1";""
"202200035828";"750 098";"B01";"2";"31";"0";"2";"1";"17";"1";""
"202200035828";"750 099";"A01";"2";"7";"0";"2";"3";"15";"1";""
"202200035829";"750 096";"A01";"1";"7";"2";"2";"3";"16";"1";""
"202200035829";"750 097";"B01";"2";"7";"0";"2";"6";"15";"1";""
"202200035830";"750 094";"B01";"2";"7";"8";"2";"1";"1";"1";""
"202200035830";"750 095";"A01";"1";"7";"6";"2";"7";"9";"1";""
"202200035831";"750 093";"A01";"3";"21";"0";"0";"0";"1";"1";""
"202200035832";"750 091";"A01";"3";"7";"0";"2";"3";"1";"1";""
"202200035832";"750 092";"B01";"3";"1";"0";"2";"4";"1";"5";""
"202200035833";"750 090";"A01";"3";"7";"0";"1";"2";"1";"1";""
"202200035834";"750 088";"B01";"2";"7";"0";"2";"2";"19";"1";""
"202200035834";"750 089";"A01";"1";"2";"0";"2";"1";"1";"1";""
"202200035835";"750 087";"A01";"0";"7";"6";"0";"3";"1";"1";""
"202200035836";"750 085";"B01";"3";"7";"0";"2";"6";"9";"1";""
"202200035836";"750 086";"A01";"3";"7";"0";"2";"1";"9";"1";""
"202200035837";"750 084";"A01";"2";"43";"3";"0";"0";"26";"1";""
"202200035838";"750 081";"B01";"1";"7";"3";"2";"4";"1";"1";""
"202200035838";"750 082";"A01";"1";"17";"0";"2";"3";"1";"6";""
"202200035838";"750 083";"C01";"1";"17";"0";"2";"7";"1";"6";""
"202200035839";"750 079";"A01";"2";"7";"0";"2";"6";"0";"1";""
"202200035839";"750 080";"B01";"2";"7";"0";"2";"2";"0";"1";""
"202200035840";"750 076";"C01";"1";"7";"0";"2";"1";"2";"1";""
"202200035840";"750 077";"B01";"1";"7";"0";"2";"4";"2";"1";""
"202200035840";"750 078";"A01";"1";"7";"0";"2";"4";"2";"1";""
"202200035841";"750 072";"D01";"2";"33";"0";"2";"1";"21";"1";""
"202200035841";"750 073";"C01";"2";"7";"0";"0";"4";"2";"1";""
"202200035841";"750 074";"B01";"2";"10";"0";"2";"4";"2";"1";""
"202200035841";"750 075";"A01";"2";"7";"0";"2";"1";"14";"1";""
"202200035842";"750 070";"A01";"2";"14";"0";"2";"2";"1";"1";""
"202200035842";"750 071";"B01";"2";"7";"0";"2";"3";"13";"1";""
"202200035843";"750 067";"C01";"2";"15";"0";"0";"0";"1";"1";""
"202200035843";"750 068";"B01";"2";"7";"0";"0";"0";"1";"1";""
"202200035843";"750 069";"A01";"2";"7";"3";"0";"1";"26";"1";""
"202200035844";"750 065";"A01";"1";"7";"0";"2";"1";"2";"1";""
"202200035844";"750 066";"B01";"1";"7";"0";"2";"4";"2";"1";""
"202200035845";"750 064";"A01";"1";"10";"4";"0";"8";"2";"1";""
"202200035846";"750 063";"A01";"1";"43";"6";"0";"3";"13";"1";""
"202200035847";"750 061";"A01";"1";"7";"0";"2";"2";"12";"1";""
"202200035847";"750 062";"B01";"1";"7";"0";"2";"6";"1";"1";""
"202200035848";"750 059";"A01";"2";"33";"0";"2";"1";"3";"1";""
"202200035848";"750 060";"B01";"2";"7";"0";"0";"4";"12";"1";""
"202200035849";"750 057";"B01";"1";"10";"0";"2";"5";"1";"1";""
"202200035849";"750 058";"A01";"1";"34";"0";"2";"3";"17";"1";""
"202200035850";"750 055";"A01";"2";"10";"0";"2";"4";"1";"1";""
"202200035850";"750 056";"B01";"2";"17";"0";"2";"1";"1";"1";""
"202200035851";"750 053";"B01";"1";"7";"0";"2";"1";"1";"1";""
"202200035851";"750 054";"A01";"1";"7";"0";"2";"4";"1";"1";""
"202200035852";"750 051";"A01";"2";"10";"0";"2";"5";"26";"1";""
"202200035852";"750 052";"B01";"2";"32";"0";"2";"1";"0";"1";""
"202200035853";"750 049";"A01";"2";"10";"0";"2";"8";"11";"1";""
"202200035853";"750 050";"B01";"2";"43";"0";"2";"7";"1";"1";""
"202200035854";"750 047";"A01";"2";"7";"0";"2";"6";"1";"1";""
"202200035854";"750 048";"B01";"2";"33";"0";"2";"1";"21";"1";""
"202200035855";"750 045";"B01";"2";"32";"0";"2";"3";"2";"1";""
"202200035855";"750 046";"A01";"2";"7";"0";"2";"2";"12";"1";""
"202200035856";"750 040";"A01";"1";"7";"0";"2";"1";"2";"1";""
"202200035856";"750 041";"B01";"1";"7";"0";"2";"3";"11";"1";""
"202200035856";"750 042";"C01";"1";"7";"0";"2";"4";"0";"1";""
"202200035856";"750 043";"D01";"1";"7";"0";"2";"0";"0";"1";""
"202200035856";"750 044";"E01";"1";"7";"0";"2";"4";"21";"1";""
"202200035857";"750 038";"B01";"2";"7";"0";"2";"5";"14";"1";""
"202200035857";"750 039";"A01";"2";"33";"0";"2";"1";"1";"1";""
"202200035858";"750 035";"B01";"2";"7";"0";"2";"4";"1";"2";""
"202200035858";"750 036";"C01";"2";"10";"0";"2";"1";"1";"1";""
"202200035858";"750 037";"A01";"2";"10";"0";"2";"4";"1";"1";""
"202200035859";"750 034";"A01";"2";"7";"4";"0";"6";"13";"1";""
"202200035860";"750 032";"B01";"2";"31";"0";"2";"1";"2";"1";""
"202200035860";"750 033";"A01";"2";"10";"0";"2";"5";"1";"1";""
"202200035861";"750 029";"A01";"1";"2";"0";"2";"1";"1";"1";""
"202200035861";"750 030";"B01";"1";"31";"0";"0";"4";"23";"1";""
"202200035862";"750 028";"A01";"1";"7";"2";"0";"2";"1";"1";""
"202200035863";"750 026";"B01";"1";"7";"0";"2";"3";"9";"1";""
"202200035863";"750 027";"A01";"2";"33";"0";"2";"1";"1";"1";""
"202200035864";"750 024";"B01";"1";"33";"0";"2";"3";"2";"1";""
"202200035864";"750 025";"A01";"1";"7";"0";"2";"5";"12";"1";""
"202200035865";"750 023";"A01";"2";"36";"9";"0";"1";"14";"1";""
"202200035866";"750 020";"C01";"3";"7";"0";"2";"6";"1";"0";""
"202200035866";"750 021";"B01";"3";"7";"0";"2";"1";"1";"1";""
"202200035866";"750 022";"A01";"3";"7";"0";"2";"1";"5";"1";""
"202200035867";"750 018";"A01";"3";"7";"0";"2";"3";"16";"1";""
"202200035867";"750 019";"B01";"3";"1";"0";"2";"1";"5";"5";""
"202200035868";"750 016";"B01";"2";"7";"0";"2";"1";"5";"1";""
"202200035868";"750 017";"A01";"1";"7";"0";"2";"1";"5";"1";""
"202200035869";"750 014";"B01";"2";"2";"0";"2";"1";"1";"1";""
"202200035869";"750 015";"A01";"1";"13";"0";"2";"6";"15";"1";""
"202200035870";"750 011";"B01";"3";"7";"0";"2";"3";"21";"1";""
"202200035870";"750 012";"A01";"3";"10";"0";"2";"3";"21";"1";""
"202200035871";"750 009";"B01";"3";"1";"0";"2";"3";"1";"5";""
"202200035871";"750 010";"A01";"3";"7";"0";"2";"2";"0";"3";""
"202200035872";"750 008";"A01";"3";"2";"12";"0";"1";"1";"1";""
"202200035873";"750 006";"B01";"1";"7";"0";"2";"5";"1";"1";""
"202200035873";"750 007";"A01";"1";"7";"0";"2";"1";"1";"1";""
"202200035874";"750 004";"A01";"1";"7";"0";"2";"6";"1";"0";""
"202200035874";"750 005";"B01";"1";"33";"0";"2";"1";"1";"1";""
"202200035875";"750 002";"A01";"2";"7";"0";"2";"1";"13";"1";""
"202200035875";"750 003";"B01";"2";"31";"0";"2";"1";"1";"1";""
"202200035876";"750 001";"A01";"0";"2";"0";"0";"8";"21";"1";""
"202200035877";"749 999";"A01";"1";"7";"0";"2";"6";"9";"1";""
"202200035877";"750 000";"B01";"2";"2";"0";"2";"1";"1";"1";""
"202200035878";"749 998";"A01";"1";"7";"0";"1";"1";"15";"1";""
"202200035879";"749 997";"A01";"1";"33";"15";"0";"1";"13";"1";""
"202200035880";"749 995";"A01";"1";"7";"0";"2";"1";"2";"1";""
"202200035880";"749 996";"B01";"1";"7";"0";"2";"4";"1";"1";""
"202200035881";"749 992";"C01";"1";"10";"1";"2";"0";"0";"1";""
"202200035881";"749 993";"B01";"1";"34";"0";"2";"8";"2";"1";""
"202200035881";"749 994";"A01";"1";"7";"0";"2";"8";"15";"1";""
"202200035882";"749 990";"B01";"1";"7";"0";"2";"1";"1";"1";""
"202200035882";"749 991";"A01";"2";"7";"0";"2";"1";"13";"1";""
"202200035883";"749 988";"A01";"2";"7";"0";"2";"2";"15";"0";""
"202200035883";"749 989";"B01";"2";"32";"0";"2";"1";"1";"0";""
"202200035884";"749 984";"A01";"2";"15";"0";"2";"1";"2";"1";""
"202200035884";"749 985";"B01";"2";"10";"0";"2";"1";"2";"0";""
"202200035884";"749 986";"C01";"2";"7";"0";"2";"4";"2";"1";""
"202200035884";"749 987";"D01";"2";"7";"0";"2";"4";"2";"1";""
"202200035885";"749 982";"A01";"1";"30";"0";"2";"1";"2";"1";""
"202200035885";"749 983";"B01";"1";"13";"0";"2";"4";"2";"1";""
"202200035886";"749 981";"A01";"1";"7";"0";"0";"2";"1";"1";""
"202200035887";"749 979";"A01";"1";"7";"1";"2";"2";"14";"1";""
"202200035887";"749 980";"B01";"2";"7";"0";"2";"6";"24";"1";""
"202200035888";"749 977";"A01";"2";"7";"0";"2";"1";"1";"1";""
"202200035888";"749 978";"B01";"2";"33";"0";"2";"3";"11";"1";""
"202200035889";"749 976";"A01";"1";"2";"13";"0";"1";"1";"1";""
"202200035890";"749 974";"B01";"1";"7";"0";"2";"3";"26";"1";""
"202200035890";"749 975";"A01";"1";"31";"0";"2";"3";"26";"1";""
"202200035891";"749 972";"A01";"1";"33";"0";"2";"3";"17";"1";""
"202200035891";"749 973";"B01";"2";"37";"0";"2";"3";"24";"1";"1"
"202200035892";"749 968";"B01";"3";"50";"0";"2";"2";"0";"3";""
"202200035892";"749 969";"A01";"3";"7";"0";"9";"3";"1";"1";""
"202200035893";"749 967";"A01";"3";"33";"13";"0";"1";"1";"1";""
"202200035894";"749 966";"A01";"2";"7";"0";"2";"0";"11";"1";""
"202200035895";"749 964";"A01";"2";"7";"0";"0";"3";"10";"1";""
"202200035895";"749 965";"B01";"2";"33";"0";"2";"2";"1";"1";""
"202200035896";"749 963";"Z01";"3";"50";"0";"1";"1";"25";"3";""
"202200035897";"749 961";"B01";"3";"7";"0";"2";"2";"2";"1";""
"202200035897";"749 962";"A01";"3";"7";"0";"2";"8";"20";"1";""
"202200035898";"749 960";"A01";"3";"33";"0";"1";"1";"1";"1";""
"202200035899";"749 958";"A01";"2";"7";"0";"2";"1";"2";"1";""
"202200035899";"749 959";"B01";"2";"7";"0";"2";"4";"23";"1";""
"202200035900";"749 956";"B01";"3";"7";"0";"2";"6";"1";"0";""
"202200035900";"749 957";"A01";"3";"7";"0";"2";"2";"1";"0";""
"202200035901";"749 954";"A01";"1";"33";"0";"2";"4";"16";"1";""
"202200035901";"749 955";"B01";"1";"7";"12";"2";"2";"2";"1";""
"202200035902";"749 952";"B01";"3";"7";"0";"2";"8";"1";"1";""
"202200035902";"749 953";"A01";"3";"33";"0";"2";"3";"13";"1";""
"202200035903";"749 950";"B01";"1";"2";"0";"0";"4";"2";"1";""
"202200035903";"749 951";"A01";"1";"7";"0";"2";"2";"2";"1";""
"202200035904";"749 948";"A01";"1";"10";"0";"2";"1";"13";"1";""
"202200035904";"749 949";"B01";"2";"7";"0";"2";"1";"1";"1";""
"202200035905";"749 946";"B01";"3";"2";"0";"2";"1";"1";"1";""
"202200035905";"749 947";"A01";"3";"7";"0";"2";"3";"20";"1";""
"202200035906";"749 945";"A01";"3";"33";"0";"0";"0";"1";"1";""
"202200035907";"749 943";"A01";"1";"14";"0";"2";"3";"9";"1";""
"202200035907";"749 944";"B01";"2";"33";"0";"2";"8";"15";"1";""
"202200035908";"749 942";"A01";"1";"7";"2";"0";"3";"0";"1";""
"202200035909";"749 941";"A01";"1";"7";"8";"0";"3";"1";"1";""
"202200035910";"749 939";"A01";"1";"7";"0";"2";"3";"17";"1";""
"202200035910";"749 940";"B01";"2";"33";"0";"2";"1";"1";"1";""
"202200035911";"749 937";"B01";"2";"10";"0";"2";"7";"19";"1";""
"202200035911";"749 938";"A01";"2";"1";"0";"2";"1";"1";"5";""
"202200035912";"749 936";"A01";"2";"33";"0";"0";"0";"2";"1";""
"202200035913";"749 933";"A01";"2";"7";"0";"2";"1";"13";"1";""
"202200035913";"749 934";"B01";"1";"7";"0";"2";"1";"1";"1";""
"202200035913";"749 935";"C01";"1";"7";"0";"2";"8";"21";"1";""
"202200035914";"749 930";"A01";"1";"33";"0";"2";"1";"2";"1";""
"202200035914";"749 931";"B01";"2";"10";"0";"0";"3";"2";"1";""
"202200035914";"749 932";"C01";"1";"10";"0";"2";"4";"15";"1";""
"202200035915";"749 929";"A01";"1";"7";"13";"0";"3";"1";"1";""
"202200035916";"749 928";"A01";"0";"31";"2";"0";"3";"0";"1";""
"202200035917";"749 926";"A01";"2";"7";"0";"2";"3";"1";"1";""
"202200035917";"749 927";"B01";"1";"7";"0";"2";"3";"1";"1";""
"202200035918";"749 924";"B01";"2";"7";"3";"2";"6";"2";"1";""
"202200035918";"749 925";"A01";"2";"7";"0";"2";"2";"11";"1";""
"202200035919";"749 921";"A01";"2";"7";"0";"2";"7";"17";"1";""
"202200035919";"749 922";"B01";"2";"7";"3";"2";"8";"1";"1";""
"202200035919";"749 923";"C01";"2";"7";"3";"2";"8";"18";"1";""
"202200035920";"749 920";"A01";"3";"14";"0";"1";"7";"16";"1";""
"202200035921";"749 914";"A01";"2";"7";"3";"2";"3";"13";"1";""
"202200035921";"749 915";"B01";"2";"7";"0";"2";"7";"13";"1";""
"202200035921";"749 916";"C01";"2";"15";"1";"2";"2";"13";"1";""
"202200035921";"749 917";"D01";"2";"15";"0";"2";"2";"13";"1";""
"202200035921";"749 918";"E01";"2";"7";"0";"2";"1";"21";"1";""
"202200035921";"749 919";"F01";"2";"10";"0";"2";"5";"2";"1";""
"202200035922";"749 912";"B01";"2";"10";"0";"2";"0";"0";"0";""
"202200035922";"749 913";"A01";"2";"32";"0";"2";"0";"1";"1";""
"202200035923";"749 911";"A01";"2";"15";"0";"1";"3";"0";"1";""
"202200035924";"749 907";"A01";"2";"7";"0";"2";"4";"2";"1";""
"202200035924";"749 908";"B01";"2";"10";"0";"2";"4";"2";"0";""
"202200035924";"749 909";"C01";"2";"10";"0";"2";"1";"2";"0";""
"202200035924";"749 910";"D01";"2";"7";"0";"0";"4";"2";"0";""
"202200035925";"749 906";"A01";"0";"37";"0";"0";"0";"0";"1";"2"
"202200035926";"749 905";"A01";"1";"7";"2";"0";"2";"1";"1";""
"202200035927";"749 903";"A01";"1";"37";"0";"2";"1";"1";"1";"1"
"202200035927";"749 904";"B01";"1";"7";"0";"2";"1";"1";"1";""
"202200035928";"749 900";"A01";"2";"7";"0";"2";"8";"1";"1";""
"202200035928";"749 901";"B01";"2";"7";"0";"2";"6";"1";"1";""
"202200035928";"749 902";"C01";"1";"7";"0";"2";"6";"1";"1";""