"Num_Acc";"id_vehicule";"num_veh";"senc";"catv";"obs";"obsm";"choc";"manv";"motor";"occutc"
"202200036139";"749 528";"A01";"1";"1";"0";"0";"1";"1";"5";""
"202200036140";"749 526";"A01";"3";"10";"0";"2";"3";"9";"1";""
"202200036140";"749 527";"B01";"3";"13";"0";"0";"8";"1";"1";""
"202200036141";"749 525";"A01";"1";"7";"0";"0";"0";"17";"1";""
"202200036142";"749 524";"A01";"1";"33";"0";"1";"1";"2";"1";""
"202200036143";"749 523";"A01";"2";"7";"2";"0";"1";"0";"1";""
"202200036144";"749 522";"A01";"1";"7";"2";"0";"1";"14";"1";""
"202200036145";"749 520";"A01";"0";"7";"0";"2";"1";"11";"2";""
"202200036145";"749 521";"B01";"0";"7";"0";"2";"1";"1";"1";""
"202200036146";"749 518";"B01";"2";"43";"0";"2";"3";"1";"1";""
"202200036146";"749 519";"A01";"2";"7";"0";"2";"5";"15";"1";""
"202200036147";"749 517";"A01";"1";"7";"1";"0";"1";"1";"1";""
"202200036148";"749 515";"B01";"1";"7";"0";"2";"1";"1";"1";""
"202200036148";"749 516";"A01";"2";"7";"0";"2";"1";"13";"1";""
"202200036149";"749 513";"A01";"3";"7";"0";"1";"4";"20";"1";""
"202200036150";"749 512";"A01";"1";"33";"0";"0";"0";"21";"1";""
"202200036151";"749 510";"B01";"2";"7";"3";"2";"8";"1";"0";""
"202200036151";"749 511";"A01";"1";"7";"13";"2";"8";"1";"1";""
"202200036152";"749 509";"A01";"1";"7";"8";"0";"3";"1";"1";""
"202200036153";"749 508";"A01";"2";"7";"8";"0";"3";"2";"1";""
"202200036154";"749 505";"C01";"2";"7";"0";"2";"1";"1";"1";""
"202200036154";"749 506";"B01";"2";"7";"0";"2";"1";"1";"1";""
"202200036154";"749 507";"A01";"1";"7";"0";"2";"1";"13";"1";""
"202200036155";"749 503";"B01";"1";"32";"0";"2";"1";"1";"1";""
"202200036155";"749 504";"A01";"2";"7";"0";"2";"8";"10";"1";""
"202200036156";"749 499";"B01";"1";"1";"0";"2";"3";"1";"5";""
"202200036156";"749 500";"A01";"1";"7";"0";"9";"5";"17";"1";""
"202200036157";"749 497";"A01";"1";"7";"0";"2";"1";"1";"1";""
"202200036157";"749 498";"B01";"2";"7";"0";"2";"7";"19";"1";""
"202200036158";"749 496";"A01";"1";"7";"2";"0";"1";"13";"1";""
"202200036159";"749 494";"A01";"1";"7";"0";"2";"6";"4";"0";""
"202200036159";"749 495";"B01";"1";"7";"6";"2";"7";"1";"1";""
"202200036160";"749 492";"A01";"1";"10";"0";"2";"1";"19";"1";""
"202200036160";"749 493";"B01";"2";"7";"0";"0";"3";"15";"1";""
"202200036161";"749 491";"A01";"2";"7";"13";"0";"1";"0";"1";""
"202200036162";"749 489";"A01";"1";"10";"0";"9";"7";"2";"1";""
"202200036162";"749 490";"B01";"1";"1";"0";"2";"8";"2";"5";""
"202200036163";"749 487";"B01";"1";"10";"0";"0";"1";"1";"1";""
"202200036163";"749 488";"A01";"1";"7";"0";"0";"4";"1";"1";""
"202200036164";"749 486";"A01";"1";"7";"0";"1";"3";"1";"1";""
"202200036165";"749 482";"B01";"1";"10";"0";"0";"1";"1";"1";""
"202200036165";"749 483";"A01";"1";"7";"0";"0";"4";"1";"1";""
"202200036166";"749 480";"B01";"2";"7";"0";"2";"3";"1";"1";""
"202200036166";"749 481";"A01";"1";"7";"0";"2";"1";"17";"1";""
"202200036167";"749 478";"B01";"2";"7";"0";"2";"8";"26";"1";""
"202200036167";"749 479";"A01";"1";"7";"0";"2";"3";"1";"1";""
"202200036168";"749 476";"A01";"1";"10";"0";"2";"1";"0";"1";""
"202200036168";"749 477";"B01";"1";"7";"0";"2";"4";"23";"1";""
"202200036169";"749 475";"A01";"3";"37";"0";"1";"3";"13";"1";"1"
"202200036170";"749 474";"A01";"1";"38";"16";"0";"2";"23";"1";"1"
"202200036171";"749 473";"A01";"3";"10";"0";"1";"1";"1";"1";""
"202200036172";"749 472";"A01";"2";"7";"6";"0";"3";"1";"1";""
"202200036173";"749 471";"A01";"1";"7";"0";"1";"1";"15";"1";""
"202200036174";"749 468";"A01";"1";"7";"0";"2";"1";"2";"1";""
"202200036174";"749 470";"B01";"1";"15";"0";"2";"3";"2";"1";""
"202200036175";"749 467";"A01";"2";"33";"0";"2";"1";"1";"1";""
"202200036175";"749 469";"B01";"1";"1";"0";"2";"8";"1";"5";""
"202200036176";"749 464";"B01";"1";"7";"0";"2";"4";"2";"1";""
"202200036176";"749 466";"A01";"1";"10";"0";"2";"3";"2";"1";""
"202200036177";"749 463";"A01";"2";"10";"0";"2";"3";"16";"1";""
"202200036177";"749 465";"B01";"2";"7";"0";"2";"1";"1";"2";""
"202200036178";"749 461";"A01";"3";"33";"12";"0";"2";"9";"1";""
"202200036179";"749 460";"B01";"1";"34";"0";"2";"0";"1";"3";""
"202200036179";"749 462";"A01";"3";"1";"0";"2";"0";"19";"5";""
"202200036180";"749 458";"B01";"0";"7";"0";"2";"1";"1";"1";""
"202200036180";"749 459";"A01";"0";"14";"0";"0";"8";"20";"1";""
"202200036181";"749 456";"A01";"1";"7";"4";"0";"2";"14";"1";""
"202200036182";"749 457";"A01";"3";"7";"6";"0";"1";"2";"1";""
"202200036183";"749 451";"A01";"1";"7";"0";"2";"4";"1";"2";""
"202200036183";"749 453";"B01";"1";"10";"0";"2";"4";"2";"1";""
"202200036183";"749 455";"C01";"1";"10";"0";"2";"1";"2";"1";""
"202200036184";"749 452";"B01";"0";"2";"0";"2";"4";"12";"1";""
"202200036184";"749 454";"A01";"0";"7";"0";"2";"1";"1";"1";""
"202200036185";"749 448";"C01";"1";"7";"0";"2";"8";"1";"1";""
"202200036185";"749 449";"B01";"1";"33";"0";"2";"8";"3";"1";""
"202200036185";"749 450";"A01";"1";"7";"0";"2";"7";"12";"1";""
"202200036186";"749 446";"A01";"2";"3";"0";"2";"1";"15";"1";""
"202200036186";"749 447";"B01";"2";"32";"0";"2";"5";"17";"1";""
"202200036187";"749 444";"A01";"1";"10";"0";"2";"1";"2";"1";""
"202200036187";"749 445";"B01";"1";"7";"0";"2";"4";"1";"3";""
"202200036188";"749 443";"A01";"2";"0";"0";"1";"0";"2";"0";""
"202200036189";"749 441";"A01";"2";"7";"4";"2";"7";"12";"1";""
"202200036189";"749 442";"B01";"2";"7";"0";"2";"3";"1";"1";""
"202200036190";"749 440";"A01";"1";"7";"8";"0";"1";"1";"1";""
"202200036191";"749 439";"A01";"2";"7";"9";"2";"1";"21";"1";""
"202200036192";"749 438";"A01";"3";"1";"12";"0";"1";"9";"5";""
"202200036193";"749 436";"B01";"1";"7";"0";"2";"2";"1";"1";""
"202200036193";"749 437";"A01";"1";"17";"0";"2";"2";"12";"1";""
"202200036194";"749 434";"B01";"1";"10";"0";"2";"1";"1";"1";""
"202200036194";"749 435";"A01";"2";"1";"0";"2";"7";"1";"5";""
"202200036195";"749 432";"B01";"1";"15";"0";"2";"7";"1";"1";""
"202200036195";"749 433";"A01";"1";"7";"0";"2";"8";"1";"1";""
"202200036196";"749 429";"A01";"1";"10";"0";"2";"2";"11";"0";""
"202200036196";"749 430";"B01";"1";"33";"0";"2";"3";"3";"0";""
"202200036197";"749 427";"A01";"2";"33";"4";"0";"7";"1";"1";""
"202200036198";"749 428";"B01";"1";"2";"0";"2";"2";"2";"1";""
"202200036198";"749 431";"A01";"1";"7";"0";"2";"3";"2";"1";""
"202200036199";"749 426";"A01";"1";"32";"0";"1";"7";"18";"1";""
"202200036200";"749 425";"A01";"1";"7";"6";"0";"3";"13";"1";""
"202200036201";"749 424";"A01";"3";"7";"0";"1";"0";"15";"1";""
"202200036202";"749 423";"A01";"1";"33";"17";"0";"1";"0";"1";""
"202200036203";"749 421";"A01";" -1";"10";"0";"1";" -1";"1";" -1";""
"202200036204";"749 420";"A01";"2";"33";"0";"2";"1";"16";"1";""
"202200036204";"749 422";"B01";"1";"10";"0";"2";"3";"26";"1";""
"202200036205";"749 418";"B01";"1";"7";"4";"2";"7";"1";"1";""
"202200036205";"749 419";"A01";"2";"7";"4";"2";"2";"5";"0";""
"202200036206";"749 417";"A01";"2";"7";"0";"0";"6";"1";"1";""
"202200036207";"749 415";"B01";"1";"7";"0";"2";"4";"1";"2";""
"202200036207";"749 416";"A01";"1";"10";"0";"2";"1";"2";"1";""
"202200036208";"749 413";"B01";"2";"10";"9";"2";"3";"1";"1";""
"202200036208";"749 414";"A01";"3";"7";"2";"2";"2";"9";"1";""
"202200036209";"749 412";"A01";"2";"33";"14";"0";"1";"12";"1";""
"202200036210";"749 410";"B01";"2";"2";"0";"2";"1";"1";"1";""
"202200036210";"749 411";"A01";"2";"7";"0";"2";"6";"16";"1";""
"202200036211";"749 407";"A01";"2";"7";"0";"2";"3";"9";"1";""
"202200036211";"749 409";"B01";"1";"33";"0";"2";"1";"21";"1";""
"202200036212";"749 408";"A01";"1";"7";"0";"1";"1";"1";"1";""
"202200036213";"749 404";"A01";"2";"7";"16";"0";"9";"1";"1";""
"202200036214";"749 405";"A01";"1";"7";"0";"2";"3";"11";"1";""
"202200036214";"749 406";"B01";"1";"2";"0";"2";"2";"16";"1";""
"202200036215";"749 402";"A01";"1";"7";"2";"0";"1";"1";"0";""
"202200036216";"749 401";"A01";"1";"2";"0";"2";"4";"1";"1";""
"202200036216";"749 403";"Z01";"1";"7";"0";"2";"1";"1";"1";""
"202200036217";"749 399";"B01";"2";"33";"0";"2";"1";"1";"1";""
"202200036217";"749 400";"A01";"1";"33";"0";"2";"1";"17";"1";""
"202200036218";"749 397";"A01";"1";"7";"0";"1";"1";"7";"1";""
"202200036219";"749 396";"A01";"2";"7";"0";"2";"1";"13";"1";""
"202200036219";"749 398";"B01";"1";"7";"0";"2";"1";"1";"1";""
"202200036220";"749 393";"A01";"0";"7";"0";"0";"2";"1";"1";""
"202200036220";"749 394";"B01";"3";"1";"0";"2";"1";"1";"5";""
"202200036221";"749 392";"Z01";"1";"7";"0";"2";"2";"1";"1";""
"202200036221";"749 395";"A01";"1";"7";"0";"2";"5";"1";"1";""
"202200036222";"749 391";"A01";"0";"7";"6";"0";"1";"16";"1";""
"202200036223";"749 390";"Z01";"2";"7";"0";"1";"1";"1";"2";""
"202200036224";"749 389";"A01";"2";"7";"2";"0";"1";"17";"1";""
"202200036225";"749 386";"B01";"1";"33";"0";"2";"1";"1";"1";""
"202200036225";"749 388";"A01";"1";"7";"0";"2";"8";"10";"1";""
"202200036226";"749 385";"B01";"1";"7";"0";"2";"4";"1";"1";""
"202200036226";"749 387";"A01";"1";"7";"0";"2";"1";"1";"1";""
"202200036227";"749 384";"A01";"1";"17";"3";"0";"3";"13";"1";""
"202200036228";"749 382";"A01";"2";"33";"0";"0";"2";"0";"1";""
"202200036229";"749 381";"B01";"1";"50";"0";"2";"1";"1";"3";""
"202200036229";"749 383";"A01";"3";"7";"0";"2";"1";"16";"3";""
"202200036230";"749 379";"B01";"1";"7";"0";"2";"1";"1";"1";""
"202200036230";"749 380";"A01";"2";"7";"0";"2";"1";"5";"1";""
"202200036231";"749 377";"B01";"3";"50";"0";"2";"8";"19";"3";""
"202200036231";"749 378";"A01";"3";"7";"0";"2";"2";"1";"1";""
"202200036232";"749 375";"B01";"2";"2";"0";"2";"4";"2";"1";""
"202200036232";"749 376";"A01";"2";"2";"0";"2";"1";"2";"1";""
"202200036233";"749 373";"B01";"1";"31";"0";"2";"3";"1";"3";""
"202200036233";"749 374";"A01";"1";"1";"0";"2";"1";"15";"5";""
"202200036234";"749 370";"B01";"2";"50";"0";"2";"7";"7";"3";""
"202200036234";"749 372";"A01";"2";"7";"0";"2";"7";"17";"1";""
"202200036235";"749 368";"A01";"2";"7";"0";"2";"7";"15";"1";""
"202200036235";"749 369";"B01";"1";"7";"0";"2";"1";"1";"1";""
"202200036235";"749 371";"C01";"2";"7";"0";"2";"1";"15";"1";""
"202200036236";"749 367";"A01";"1";"10";"0";"0";"0";"1";"1";""
"202200036237";"749 365";"A01";"1";"7";"0";"2";"1";"1";"1";""
"202200036237";"749 366";"B01";"1";"7";"0";"0";"4";"1";"1";""
"202200036238";"749 364";"A01";"1";"10";"0";"1";"8";"1";"1";""
"202200036239";"749 362";"A01";"1";"1";"0";"1";"1";"1";"5";""
"202200036240";"749 360";"A01";"2";"2";"0";"1";"1";"2";"1";""
"202200036241";"749 356";"B01";"1";"7";"0";"2";"4";"1";"1";""
"202200036241";"749 358";"A01";"1";"30";"0";"2";"1";"1";"1";""
"202200036242";"749 354";"A01";"1";"7";"0";"9";"2";"16";"1";""
"202200036242";"749 359";"B01";"1";"1";"0";"2";"3";"1";"5";""
"202200036243";"749 355";"A01";"2";"7";"0";"2";"8";"10";"1";""
"202200036243";"749 357";"B01";"2";"32";"0";"2";"1";"1";"1";""
"202200036244";"749 353";"A01";"2";"7";"0";"1";"1";"1";"1";""
"202200036245";"749 351";"B01";"1";"21";"0";"0";"3";"13";"1";""
"202200036245";"749 352";"A01";"2";"10";"13";"0";"3";"1";"1";""
"202200036246";"749 349";"A01";"2";"7";"0";"1";"1";"16";"2";""
"202200036247";"749 346";"B01";"2";"7";"0";"2";"1";"1";"1";""
"202200036247";"749 347";"A01";"1";"7";"0";"2";"1";"13";"1";""
"202200036248";"749 344";"A01";"1";"14";"0";"1";"5";"16";"1";""
"202200036249";"749 341";"A01";"1";"99";"0";"1";"3";"21";"0";""
"202200036250";"749 340";"A01";"1";"33";"0";"2";"1";"1";"1";""
"202200036250";"749 343";"B01";"1";"7";"0";"2";"4";"1";"1";""
"202200036251";"749 339";"B01";"2";"7";"1";"2";"2";"0";"1";""
"202200036251";"749 342";"A01";"1";"7";"1";"2";"3";"0";"1";""
"202200036252";"749 338";"A01";"2";"7";"15";"0";"1";"1";"1";""
"202200036253";"749 337";"A01";"3";"7";"0";"1";"1";"1";"1";""
"202200036254";"749 336";"A01";"1";"7";"0";"1";"3";"15";"1";""
"202200036255";"749 334";"A01";"1";"7";"0";"1";"5";"26";"1";""
"202200036256";"749 331";"A01";"1";"30";"0";"2";"1";"26";"1";""
"202200036256";"749 333";"B01";"1";"7";"0";"2";"2";"15";"1";""
"202200036257";"749 328";"A01";"3";"1";"0";"2";"1";"19";"5";""
"202200036257";"749 329";"B01";"0";"7";"0";"2";"1";"15";"1";""
"202200036258";"749 327";"B01";"2";"33";"0";"2";"1";"13";"1";""
"202200036258";"749 330";"A01";"1";"7";"0";"2";"3";"1";"1";""
"202200036259";"749 326";"A01";"1";"7";"0";"1";"2";"2";"1";""
"202200036260";"749 325";"A01";"1";"7";"0";"1";"1";"1";"1";""
"202200036261";"749 323";"A01";"1";"7";"0";"1";"3";"1";"1";""
"202200036262";"749 321";"B01";" -1";"1";"0";"2";"8";"2";"5";""
"202200036262";"749 322";"A01";" -1";"7";"0";"2";"2";"17";"1";""
"202200036263";"749 318";"A01";"1";"7";"0";"2";"1";"2";"1";""
"202200036263";"749 320";"B01";"1";"2";"0";"0";"4";"2";"1";""
"202200036264";"749 315";"A01";"1";"2";"0";"2";"8";"16";"1";""
"202200036264";"749 317";"B01";"2";"7";"0";"2";"3";"1";"1";""
"202200036265";"749 316";"C01";"2";"10";"13";"2";"1";"21";"1";""
"202200036265";"749 319";"B01";"2";"7";"0";"2";"1";"1";"1";""
"202200036265";"749 324";"A01";"1";"7";"0";"2";"1";"13";"1";""
"202200036266";"749 314";"B01";"1";"0";"0";"1";"1";"1";"0";""
"202200036267";"749 312";"A01";"1";"7";"0";"2";"1";"1";"1";""
"202200036267";"749 313";"B01";"2";"80";"0";"2";"5";"19";"3";""
"202200036268";"749 307";"A01";"1";"7";"6";"0";"3";"13";"1";""
"202200036269";"749 309";"A01";"1";"7";"0";"2";"3";"13";"1";""
"202200036269";"749 311";"B01";"2";"7";"0";"2";"1";"1";"1";""
"202200036270";"749 306";"A01";"1";"7";"0";"2";"1";"1";"1";""
"202200036270";"749 308";"C01";"1";"7";"0";"0";"4";"1";"1";""
"202200036270";"749 310";"B01";"1";"7";"0";"2";"4";"1";"1";""
"202200036271";"749 303";"B01";"2";"7";"0";"2";"8";"1";"1";""
"202200036271";"749 305";"A01";"1";"7";"0";"2";"1";"15";"1";""
"202200036272";"749 304";"A01";"1";"7";"16";"9";"8";"1";"1";""
"202200036273";"749 302";"A01";"2";"50";"0";"1";"1";"1";"3";""
"202200036274";"749 300";"A01";"2";"2";"0";"0";"2";"1";"3";""
"202200036275";"749 299";"A01";"1";"7";"0";"1";"3";"1";"1";""
"202200036276";"749 298";"A01";"1";"10";"0";"2";"7";"12";"1";""
"202200036276";"749 301";"B01";"1";"30";"0";"2";"8";"2";"1";""
"202200036277";"749 295";"A01";"1";"10";"2";"0";"1";"14";"1";""
"202200036278";"749 294";"A01";"2";"7";"0";"1";"5";"15";"1";""
"202200036279";"749 296";"B01";"1";"1";"0";"2";"1";"1";"5";""
"202200036279";"749 297";"A01";"1";"10";"0";"9";"0";"16";"0";""
"202200036280";"749 291";"B01";"1";"30";"0";"0";"5";"2";"1";""
"202200036280";"749 293";"A01";"1";"7";"0";"2";"3";"2";"1";""
"202200036281";"749 290";"A01";"1";"7";"0";"1";"3";"1";"1";""
"202200036282";"749 289";"A01";"1";"7";"0";"2";"1";"15";"1";""
"202200036282";"749 292";"B01";"1";"32";"0";"2";"1";"1";"1";""
"202200036283";"749 286";"A01";"1";"7";"0";"2";"6";"15";"1";""
"202200036283";"749 288";"B01";"2";"2";"0";"2";"1";"1";"1";""
"202200036284";"749 284";"A01";"1";"7";"0";"2";"5";"4";"1";""
"202200036284";"749 287";"B01";"1";"50";"0";"2";"8";"1";"3";""
"202200036285";"749 285";"A01";"3";"7";"0";"1";"1";"15";"1";""
"202200036286";"749 282";"A01";"1";"50";"1";"0";"1";"1";"3";""
"202200036286";"749 283";"B01";"1";"10";"0";"2";"7";"23";"1";""
"202200036287";"749 281";"A01";"1";"7";"0";"1";"2";"1";"1";""
"202200036288";"749 280";"A01";"3";"7";"0";"1";"2";"9";"1";""
"202200036289";"749 277";"B01";"3";"7";"0";"2";"2";"15";"1";""
"202200036289";"749 279";"A01";"3";"33";"0";"2";"1";"3";"1";""
"202200036290";"749 278";"A01";"1";"7";"4";"0";"2";"14";"1";""
"202200036291";"749 275";"B01";"0";"21";"0";"2";"0";"0";"0";""
"202200036291";"749 276";"A01";"1";"7";"0";"2";"8";"9";"1";""
"202200036292";"749 273";"A01";"2";"7";"1";"0";"2";"14";"1";""
"202200036292";"749 274";"B01";"0";"7";"1";"0";"6";"0";"2";""
"202200036293";"749 272";"A01";"1";"7";"0";"1";"1";"1";"1";""
"202200036294";"749 268";"B01";"2";"30";"0";"2";"1";"1";"3";""
"202200036294";"749 270";"A01";"2";"7";"0";"2";"1";"19";"1";""
"202200036295";"749 267";"B01";"2";"7";"3";"0";"5";"23";"1";""
"202200036295";"749 271";"A01";"2";"7";"0";"2";"3";"1";"1";""
"202200036296";"749 266";"B01";"2";"1";"0";"2";"7";"1";"5";""
"202200036296";"749 269";"A01";"2";"17";"0";"2";"1";"16";"1";""
"202200036297";"749 265";"A01";"1";"34";"0";"1";"1";"2";"1";""
"202200036298";"749 262";"B01";"1";"7";"0";"2";"5";"1";"1";""
"202200036298";"749 264";"A01";"2";"33";"4";"2";"0";"1";"1";""
"202200036299";"749 261";"A01";"2";"7";"13";"0";"9";"16";"1";""
"202200036300";"749 260";"B01";"1";"7";"0";"2";"1";"1";"1";""
"202200036300";"749 263";"A01";"1";"7";"0";"2";"7";"15";"1";""
"202200036301";"749 258";"A01";"2";"7";"8";"0";"2";"1";"1";""
"202200036302";"749 257";"B01";"1";"60";"0";"0";"3";"19";"5";""
"202200036302";"749 259";"A01";"1";"37";"0";"2";"2";"1";"1";"1"
"202200036303";"749 255";"A01";"0";"3";"1";"0";"3";"1";"1";""
"202200036304";"749 254";"B01";"1";"7";"0";"2";"3";"1";"1";""
"202200036304";"749 256";"A01";"1";"7";"0";"2";"1";"13";"1";""
"202200036305";"749 253";"A01";"1";"2";"0";"0";"0";"1";"1";""
"202200036306";"749 251";"B01";"1";"7";"0";"0";"4";"0";"1";""
"202200036306";"749 252";"A01";"1";"10";"0";"2";"1";"1";"1";""
"202200036307";"749 250";"A01";"1";"3";"0";"1";"1";"1";"1";""
"202200036308";"749 248";"B01";"1";"31";"0";"0";"8";"1";"1";""
"202200036308";"749 249";"A01";"2";"7";"0";"2";"3";"1";"1";""
"202200036309";"749 246";"B01";"1";"31";"0";"2";"1";"1";"1";""
"202200036309";"749 247";"A01";"2";"7";"0";"0";"5";"15";"1";""
"202200036310";"749 242";"A01";"2";"7";"0";"2";"1";"26";"1";""
"202200036310";"749 243";"B01";"2";"32";"0";"2";"4";"1";"1";""
"202200036311";"749 240";"A01";"1";"50";"0";"1";"8";"13";"3";""
"202200036312";"749 237";"B01";"0";"7";"0";"0";"3";"1";"1";""
"202200036312";"749 239";"A01";"0";"7";"0";"2";"3";"1";"1";""
"202200036313";"749 236";"A01";"2";"7";"0";"1";"1";"1";"1";""
"202200036314";"749 232";"A01";"1";"7";"4";"0";"9";"12";"1";""
"202200036315";"749 231";"A01";"2";"0";"0";"1";"0";"0";"0";""
"202200036316";"749 230";"E01";"3";"7";"0";"0";"7";"24";"1";""
"202200036316";"749 233";"D01";"3";"7";"0";"0";"4";"24";"1";""
"202200036316";"749 234";"C01";"3";"7";"0";"0";"1";"24";"1";""
"202200036316";"749 235";"B01";"3";"7";"1";"0";"2";"24";"1";""
"202200036316";"749 238";"A01";"0";"7";"0";"2";"2";"1";"1";""
"202200036317";"749 229";"A01";"1";"7";"15";"0";"1";"14";"1";""
"202200036318";"749 227";"A01";"1";"7";"0";"0";"8";"10";"1";""
"202200036318";"749 228";"B01";"1";"2";"0";"2";"1";"1";"1";""
"202200036319";"749 223";"A01";"1";"7";"0";"2";"7";"9";"1";""
"202200036319";"749 225";"B01";"1";"7";"0";"2";"3";"1";"1";""
"202200036320";"749 221";"B01";"1";"36";"0";"2";"0";"11";"0";""
"202200036320";"749 224";"A01";"1";"7";"0";"2";"3";"2";"1";""
"202200036321";"749 222";"A01";"3";"7";"0";"2";"3";"1";"1";""
"202200036321";"749 226";"B01";"3";"99";"0";"2";"0";"0";"3";""
"202200036322";"749 220";"Z01";"3";"7";"0";"1";"8";"1";"1";""
"202200036323";"749 218";"A01";"1";"7";"0";"2";"1";"2";"1";""
"202200036323";"749 219";"B01";"1";"32";"0";"2";"4";"2";"1";""
"202200036324";"749 215";"B01";"2";"30";"0";"2";"3";"7";"1";""
"202200036324";"749 217";"A01";"2";"7";"0";"2";"7";"7";"1";""
"202200036325";"749 214";"A01";"2";"7";"13";"0";"3";"13";"1";""
"202200036326";"749 216";"A01";"1";"32";"12";"0";"0";"1";"1";""
"202200036327";"749 212";"A01";"2";"7";"0";"1";"2";"1";"1";""
"202200036328";"749 210";"A01";"1";"33";"6";"0";"0";"1";"1";""
"202200036329";"749 209";"A01";"0";"7";"2";"0";"1";"1";"1";""
"202200036330";"749 208";"A01";"1";"7";"2";"0";"8";"17";"1";""
"202200036331";"749 207";"A01";"1";"7";"15";"0";"1";"1";"1";""
"202200036332";"749 205";"A01";"2";"7";"2";"0";"8";"1";"1";""
"202200036333";"749 200";"A01";"2";"7";"0";"2";"3";"13";"1";""
"202200036333";"749 201";"B01";"1";"7";"0";"2";"3";"1";"1";""
"202200036334";"749 199";"B01";"2";"7";"0";"2";"2";"15";"1";""
"202200036334";"749 202";"A01";"1";"33";"0";"2";"1";"1";"1";""
"202200036335";"749 196";"A01";"0";"2";"0";"2";"0";"1";"1";""
"202200036335";"749 197";"B01";"0";"7";"0";"2";"2";"1";"1";""
"202200036336";"749 195";"B01";"2";"7";"0";"0";"3";"1";"1";""
"202200036336";"749 198";"A01";"1";"33";"0";"0";"1";"1";"1";""
"202200036337";"749 193";"B01";"1";"80";"0";"2";"7";"1";"5";""
"202200036337";"749 194";"A01";"1";"7";"0";"2";"1";"9";"1";""
"202200036338";"749 192";"A01";"2";"7";"2";"0";"3";"0";"1";""
"202200036339";"749 188";"B01";"2";"17";"0";"2";"3";"1";"1";""
"202200036339";"749 190";"A01";"2";"7";"0";"2";"7";"16";"1";""
"202200036340";"749 187";"B01";"1";"7";"0";"0";"1";"1";"1";""
"202200036340";"749 191";"A01";"1";"10";"6";"2";"7";"19";"1";""
"202200036341";"749 186";"A01";"2";"3";"0";"2";"3";"13";"1";""
"202200036341";"749 189";"B01";"1";"7";"0";"2";"3";"1";"1";""
"202200036342";"749 184";"A01";"2";"33";"3";"0";"8";"2";"1";""
"202200036343";"749 183";"B01";"1";"2";"0";"2";"8";"1";"1";""
"202200036343";"749 185";"A01";"1";"7";"0";"2";"2";"16";"1";""
"202200036344";"749 182";"A01";"2";"7";"6";"0";"9";"1";"1";""
"202200036345";"749 181";"A01";"0";"2";"13";"0";"1";"16";"1";""
"202200036346";"749 179";"A01";"0";"7";"13";"0";"1";"15";"1";""
"202200036347";"749 178";"A01";"1";"7";"0";"2";"1";"9";"1";""
"202200036347";"749 180";"B01";"1";"2";"0";"2";"1";"1";"1";""
"202200036348";"749 176";"A01";"1";"2";"13";"0";"1";"1";"1";""
"202200036349";"749 175";"A01";"2";"7";"0";"2";"1";"13";"1";""
"202200036349";"749 177";"B01";"1";"7";"0";"2";"1";"1";"1";""
"202200036350";"749 174";"A01";"3";"7";"0";"1";"1";"1";"1";""
"202200036351";"749 173";"A01";"3";"2";"0";"0";"7";"1";"1";""
"202200036352";"749 171";"B01";"1";"2";"0";"2";"7";"17";"1";""
"202200036352";"749 172";"A01";"1";"2";"0";"2";"8";"1";"1";""
"202200036353";"749 169";"A01";"1";"7";"0";"1";"3";"1";"1";""
"202200036354";"749 165";"A01";"0";"32";"0";"0";"0";"1";"1";""
"202200036355";"749 163";"C01";"0";"10";"0";"2";"1";"1";"1";""
"202200036355";"749 164";"E01";"0";"7";"0";"2";"1";"1";"1";""
"202200036355";"749 167";"D01";"0";"7";"0";"2";"1";"1";"1";""
"202200036355";"749 168";"B01";"0";"7";"0";"2";"1";"0";"1";""
"202200036355";"749 170";"A01";"0";"7";"0";"2";"1";"1";"1";""
"202200036356";"749 162";"B01";"1";"7";"14";"2";"1";"23";"2";""
"202200036356";"749 166";"A01";"1";"7";"14";"2";"1";"2";"1";""
"202200036357";"749 161";"A01";"1";"30";"0";"1";"1";"1";"1";""
"202200036358";"749 157";"A01";"1";"7";"3";"2";"3";"13";"1";""
"202200036358";"749 159";"B01";"2";"15";"0";"2";"3";"1";"1";""
"202200036359";"749 156";"A01";"2";"7";"13";"0";"3";"13";"1";""
"202200036360";"749 155";"A01";"1";"14";"2";"0";"1";"13";"1";""
"202200036361";"749 154";"A01";"3";"14";"0";"1";"1";"15";"1";""
"202200036362";"749 152";"B01";"0";"7";"0";"2";"3";"15";"3";""
"202200036362";"749 153";"A01";"0";"33";"0";"2";"7";"17";"1";""
"202200036363";"749 151";"A01";"2";"7";"13";"0";"1";"1";"1";""
"202200036364";"749 148";"B01";"3";"7";"0";"2";"3";"1";"1";""
"202200036364";"749 150";"A01";"3";"7";"8";"2";"1";"1";"1";""
"202200036365";"749 145";"A01";"2";"7";"0";"1";"1";"1";"1";""
"202200036366";"749 143";"A01";"2";"7";"0";"2";"1";"1";"1";""
"202200036366";"749 146";"B01";"2";"7";"0";"0";"4";"23";"1";""
"202200036366";"749 149";"C01";"2";"10";"0";"0";"4";"23";"1";""
"202200036367";"749 144";"B01";"3";"7";"0";"0";"7";"15";"2";""
"202200036367";"749 147";"A01";"3";"7";"0";"2";"1";"1";"1";""
"202200036368";"749 140";"A01";"0";"21";"0";"0";"0";"1";"1";""
"202200036369";"749 135";"A01";"0";"7";"0";"2";"3";"13";"1";""
"202200036369";"749 137";"B01";"1";"7";"0";"2";"3";"1";"1";""