"Num_Acc";"id_vehicule";"num_veh";"senc";"catv";"obs";"obsm";"choc";"manv";"motor";"occutc"
"202200036794";"748 385";"A01";"2";"7";"0";"2";"2";"14";"1";""
"202200036794";"748 388";"B01";"2";"33";"0";"2";"8";"1";"1";""
"202200036795";"748 384";"A01";"1";"7";"1";"1";"1";"20";"1";""
"202200036796";"748 379";"B01";"2";"7";"0";"2";"8";"9";"1";""
"202200036796";"748 383";"A01";"2";"1";"0";"2";"8";"19";"5";""
"202200036797";"748 380";"A01";"1";"7";"0";"2";"8";"1";"1";""
"202200036797";"748 382";"B01";"2";"14";"0";"2";"1";"1";"1";""
"202200036798";"748 378";"A01";"3";"10";"0";"2";"2";"12";"1";""
"202200036798";"748 381";"B01";"3";"33";"0";"2";"6";"1";"1";""
"202200036799";"748 375";"B01";"3";"50";"0";"2";"7";"16";"3";""
"202200036799";"748 377";"A01";"3";"7";"0";"2";"3";"22";"1";""
"202200036800";"748 371";"A01";"2";"7";"0";"2";"0";"5";"1";""
"202200036800";"748 372";"B01";"1";"15";"0";"2";"8";"1";"1";""
"202200036800";"748 374";"D01";"1";"15";"0";"2";"1";"1";"1";""
"202200036801";"748 370";"B01";"1";"32";"0";"2";"1";"1";"1";""
"202200036801";"748 373";"A01";"1";"1";"0";"2";"1";"1";"5";""
"202200036802";"748 369";"B01";"1";"7";"0";"2";"3";"0";"2";""
"202200036802";"748 376";"A01";"1";"33";"0";"2";"7";"0";"1";""
"202200036803";"748 367";"B01";"1";"31";"0";"2";"4";"1";"1";""
"202200036803";"748 368";"A01";"1";"7";"0";"2";"1";"1";"1";""
"202200036804";"748 364";"B01";"2";"7";"0";"2";"3";"1";"1";""
"202200036804";"748 366";"A01";"1";"2";"0";"2";"8";"1";"1";""
"202200036805";"748 363";"A01";"1";"30";"0";"2";"3";"9";"1";""
"202200036805";"748 365";"B01";"1";"43";"0";"2";"2";"1";"1";""
"202200036806";"748 360";"A01";"1";"7";"0";"2";"3";"15";"1";""
"202200036806";"748 362";"B01";"1";"2";"0";"2";"1";"17";"1";""
"202200036807";"748 357";"A01";"2";"10";"0";"1";"7";"1";"1";""
"202200036808";"748 356";"B01";"3";"7";"0";"2";"1";"1";"0";""
"202200036808";"748 358";"A01";"2";"7";"0";"2";"7";"19";"1";""
"202200036809";"748 355";"A01";"1";"7";"0";"1";"0";"1";"1";""
"202200036810";"748 353";"A01";"1";"7";"1";"0";"2";"1";"1";""
"202200036811";"748 354";"A01";"1";"33";"8";"0";"2";"1";"1";""
"202200036812";"748 352";"A01";"2";"7";"0";"1";"0";"15";"0";""
"202200036813";"748 351";"A01";"2";"7";"0";"1";"4";"20";"1";""
"202200036814";"748 349";"A01";"3";"7";"0";"2";"3";"15";"1";""
"202200036814";"748 350";"B01";"3";"31";"0";"2";"7";"17";"3";""
"202200036815";"748 348";"A01";"2";"15";"0";"1";"7";"15";"1";""
"202200036816";"748 345";"B01";"3";"7";"0";"2";"2";"0";"1";""
"202200036816";"748 347";"A01";"3";"7";"0";"2";"3";"0";"1";""
"202200036817";"748 344";"B01";"2";"7";"0";"2";"1";"1";"1";""
"202200036817";"748 346";"A01";"1";"7";"0";"2";"2";"15";"1";""
"202200036818";"748 341";"A01";"3";"7";"0";"2";"2";"16";"1";""
"202200036818";"748 343";"B01";"3";"2";"0";"2";"1";"1";"0";""
"202200036819";"748 339";"A01";"0";"7";"13";"0";"1";"1";"1";""
"202200036820";"748 340";"A01";"2";"7";"0";"0";"2";"1";"1";""
"202200036821";"748 338";"A01";"3";"7";"0";"2";"1";"26";"1";""
"202200036821";"748 342";"B01";"3";"7";"0";"2";"4";"26";"1";""
"202200036822";"748 337";"A01";"1";"33";"0";"0";"1";"1";"1";""
"202200036823";"748 334";"B01";"3";"7";"1";"2";"4";"1";"1";""
"202200036823";"748 336";"A01";"3";"32";"0";"2";"1";"2";"1";""
"202200036824";"748 331";"B01";"1";"7";"0";"2";"1";"1";"1";""
"202200036824";"748 335";"A01";"1";"7";"0";"2";"3";"19";"1";""
"202200036825";"748 329";"A01";"2";"7";"0";"0";"0";"14";"0";""
"202200036825";"748 332";"B01";"2";"37";"0";"2";"3";"1";"1";"3"
"202200036826";"748 328";"B01";"2";"7";"0";"2";"8";"1";"1";""
"202200036826";"748 333";"A01";"1";"7";"0";"2";"1";"19";"1";""
"202200036827";"748 326";"A01";"1";"33";"0";"0";"0";"1";"1";""
"202200036828";"748 325";"A01";"1";"7";"13";"0";"2";"1";"1";""
"202200036829";"748 327";"B01";"0";"33";"8";"2";"1";"2";"1";""
"202200036829";"748 330";"A01";"0";"7";"0";"2";"3";"16";"1";""
"202200036830";"748 324";"A01";"1";"7";"0";"1";"1";"1";"1";""
"202200036831";"748 322";"A01";"1";"7";"6";"0";"2";"1";"1";""
"202200036832";"748 320";"B01";"1";"7";"0";"2";"4";"23";"1";""
"202200036832";"748 323";"A01";"1";"32";"0";"2";"1";"2";"1";""
"202200036833";"748 318";"A01";"1";"33";"3";"0";"7";"1";"1";""
"202200036834";"748 314";"A01";"3";"2";"0";"2";"1";"13";"1";""
"202200036834";"748 316";"B01";"3";"80";"0";"0";"1";"1";"3";""
"202200036835";"748 317";"B01";"1";"7";"0";"2";"1";"1";"1";""
"202200036835";"748 319";"A01";"1";"10";"0";"2";"4";"23";"1";""
"202200036836";"748 313";"A01";"2";"7";"0";"2";"3";"5";"1";""
"202200036836";"748 315";"B01";"1";"7";"0";"2";"3";"1";"1";""
"202200036837";"748 312";"A01";"2";"7";"6";"0";"1";"1";"1";""
"202200036838";"748 309";"A01";" -1";"99";"0";"1";"1";"15";"6";""
"202200036839";"748 307";"B01";"2";"33";"0";"2";"1";"1";"1";""
"202200036839";"748 310";"A01";"2";"7";"0";"0";"8";"15";"1";""
"202200036840";"748 306";"A01";"1";"38";"0";"1";"1";"1";"1";"1"
"202200036841";"748 305";"A01";"1";"7";"0";"2";"1";"1";"1";""
"202200036841";"748 308";"B01";"1";"7";"0";"2";"4";"23";"1";""
"202200036841";"748 311";"C01";"1";"7";"0";"2";"4";"23";"1";""
"202200036842";"748 301";"A01";"1";"7";"0";"0";"9";"1";"1";""
"202200036843";"748 300";"B01";"2";"32";"0";"2";"2";"0";"1";""
"202200036843";"748 303";"A01";"2";"7";"0";"2";"3";"9";"1";""
"202200036844";"748 299";"B01";"1";"33";"0";"2";"3";"18";"1";""
"202200036844";"748 302";"A01";"1";"7";"0";"2";"2";"12";"1";""
"202200036845";"748 298";"A01";"1";"7";"0";"0";"5";"1";"2";""
"202200036845";"748 304";"B01";"2";"36";"0";"2";"1";"2";"1";""
"202200036846";"748 295";"A01";"2";"50";"0";"2";"8";"14";"3";""
"202200036846";"748 297";"B01";"2";"43";"1";"2";"1";"18";"1";""
"202200036847";"748 294";"A01";"2";"30";"0";"1";"1";"1";"1";""
"202200036848";"748 292";"A01";"2";"7";"0";"1";"1";"1";"1";""
"202200036849";"748 290";"C01";"2";"7";"0";"2";"1";"2";"1";""
"202200036849";"748 293";"B01";"2";"33";"0";"2";"8";"18";"1";""
"202200036849";"748 296";"A01";"2";"7";"0";"2";"5";"12";"3";""
"202200036850";"748 289";"A01";"2";"2";"0";"2";"2";"21";"1";""
"202200036850";"748 291";"B01";"1";"10";"0";"2";"7";"15";"1";""
"202200036851";"748 287";"A01";"2";"7";"4";"0";"1";"1";"1";""
"202200036852";"748 288";"A01";"1";"50";"0";"1";"1";"1";"3";""
"202200036853";"748 284";"A01";"1";"7";"0";"2";"1";"19";"1";""
"202200036853";"748 286";"B01";"2";"10";"0";"0";"7";"1";"1";""
"202200036854";"748 285";"A01";"3";"7";"0";"1";"4";"4";"1";""
"202200036855";"748 282";"B01";"3";"7";"0";"2";"3";"15";"2";""
"202200036855";"748 283";"A01";"3";"2";"0";"2";"1";"17";"1";""
"202200036856";"748 281";"A01";"2";"7";"1";"0";"1";"26";"1";""
"202200036857";"748 279";"A01";"1";"2";"0";"2";"1";"0";"1";""
"202200036857";"748 280";"B01";"1";"7";"0";"0";"5";"23";"1";""
"202200036858";"748 276";"B01";"2";"7";"0";"2";"2";"1";"1";""
"202200036858";"748 278";"A01";"2";"43";"0";"2";"6";"18";"1";""
"202200036859";"748 275";"B01";"1";"33";"0";"2";"1";"1";"1";""
"202200036859";"748 277";"A01";"2";"33";"0";"2";"1";"13";"1";""
"202200036860";"748 270";"B01";"2";"31";"0";"2";"1";"26";"1";""
"202200036860";"748 272";"A01";"2";"33";"0";"0";"4";"23";"1";""
"202200036861";"748 271";"A01";"1";"7";"0";"2";"8";"15";"1";""
"202200036861";"748 274";"B01";"1";"33";"0";"2";"1";"17";"1";""
"202200036862";"748 267";"A01";"3";"7";"2";"0";"1";"1";"1";""
"202200036863";"748 268";"A01";"1";"7";"0";"2";"3";"5";"1";""
"202200036863";"748 273";"B01";"1";"7";"0";"2";"2";"9";"1";""
"202200036864";"748 266";"B01";"2";"1";"0";"2";"1";"1";"5";""
"202200036864";"748 269";"A01";"2";"7";"0";"2";"8";"22";"1";""
"202200036865";"748 264";"A01";"3";"1";"0";"0";"0";"1";"5";""
"202200036866";"748 263";"B01";"3";"2";"0";"0";"0";"1";"1";""
"202200036866";"748 265";"A01";"3";"7";"0";"0";"0";"3";"0";""
"202200036867";"748 262";"A01";"3";"7";"2";"0";"2";"1";"1";""
"202200036868";"748 261";"A01";"2";"37";"0";"1";"8";"16";"1";"1"
"202200036869";"748 257";"B01";"2";"7";"0";"2";"3";"13";"1";""
"202200036869";"748 259";"A01";"1";"33";"0";"2";"1";"1";"1";""
"202200036870";"748 256";"A01";"3";"31";"0";"2";"3";"1";"1";""
"202200036870";"748 260";"B01";"1";"7";"0";"2";"3";"1";"2";""
"202200036871";"748 255";"A01";"1";"7";"0";"2";"2";"2";"1";""
"202200036871";"748 258";"B01";"1";"7";"13";"0";"6";"0";"1";""
"202200036872";"748 253";"A01";"2";"7";"2";"0";"7";"13";"1";""
"202200036873";"748 252";"A01";"2";"7";"0";"0";"0";"13";"0";""
"202200036873";"748 254";"B01";"1";"7";"0";"0";"9";"21";"1";""
"202200036874";"748 250";"A01";"2";"7";"6";"0";"2";"20";"1";""
"202200036875";"748 249";"A01";"3";"7";"2";"0";"1";"14";"1";""
"202200036876";"748 245";"B01";"1";"7";"0";"2";"3";"1";"3";""
"202200036876";"748 248";"A01";"2";"7";"0";"2";"3";"17";"1";""
"202200036877";"748 242";"B01";"1";"31";"0";"2";"7";"1";"1";""
"202200036877";"748 246";"A01";"2";"7";"0";"2";"1";"9";"1";""
"202200036878";"748 243";"A01";"1";"31";"0";"0";"1";"1";"0";""
"202200036879";"748 241";"C01";"1";"7";"0";"2";"8";"1";"1";""
"202200036879";"748 244";"B01";"1";"7";"0";"2";"1";"1";"1";""
"202200036879";"748 247";"A01";"1";"7";"0";"2";"1";"11";"1";""
"202200036880";"748 239";"A01";"1";"7";"5";"0";"1";"1";"1";""
"202200036881";"748 240";"A01";"1";"32";"0";"1";"1";"1";"1";""
"202200036882";"748 238";"A01";"1";"7";"2";"0";"3";"14";"1";""
"202200036883";"748 237";"A01";"1";"7";"6";"0";"3";"1";"1";""
"202200036884";"748 235";"A01";"2";"7";"0";"1";"1";"1";"1";""
"202200036885";"748 234";"A01";"2";"7";"1";"0";"1";"14";"1";""
"202200036886";"748 236";"A01";"2";"7";"0";"1";"1";"15";"1";""
"202200036887";"748 232";"B01";"0";"33";"0";"2";"6";"1";"1";""
"202200036887";"748 233";"A01";"0";"7";"0";"2";"2";"1";"1";""
"202200036888";"748 231";"A01";"1";"33";"3";"0";"0";"17";"1";""
"202200036889";"748 229";"A01";"3";"33";"0";"1";"1";"13";"1";""
"202200036890";"748 228";"A01";"1";"7";"0";"2";"1";"1";"2";""
"202200036890";"748 230";"B01";"1";"50";"0";"2";"7";"9";"3";""
"202200036891";"748 225";"B01";"0";"7";"0";"2";"2";"10";"0";""
"202200036891";"748 227";"A01";"1";"1";"0";"2";"8";"2";"5";""
"202200036892";"748 224";"A01";"2";"21";"0";"2";"7";"15";"1";""
"202200036892";"748 226";"B01";"1";"33";"0";"2";"1";"1";"1";""
"202200036893";"748 222";"Z01";"2";"1";"0";"1";"1";"1";"5";""
"202200036894";"748 220";"A01";"1";"2";"1";"0";"0";"0";"1";""
"202200036895";"748 221";"B01";"1";"7";"0";"2";"6";"1";"1";""
"202200036895";"748 223";"A01";"1";"7";"7";"2";"1";"17";"1";""
"202200036896";"748 218";"A01";"1";"1";"12";"0";"7";"12";"5";""
"202200036897";"748 216";"A01";"2";"33";"0";"0";"8";"1";"1";""
"202200036897";"748 219";"B01";"1";"7";"0";"0";"0";"15";"1";""
"202200036898";"748 213";"B01";"1";"7";"0";"2";"3";"1";"2";""
"202200036898";"748 215";"A01";"2";"7";"0";"2";"3";"13";"1";""
"202200036899";"748 209";"A01";"3";"33";"13";"2";"9";"13";"1";""
"202200036899";"748 211";"B01";"0";"13";"0";"2";"8";"1";"1";""
"202200036900";"748 208";"A01";"2";"7";"0";"2";"4";"1";"1";""
"202200036900";"748 212";"Z01";"2";"7";"0";"0";"0";"0";"0";""
"202200036901";"748 207";"A01";"1";"10";"0";"2";"3";"1";"1";""
"202200036901";"748 210";"B01";"2";"10";"0";"2";"2";"1";"1";""
"202200036902";"748 206";"A01";"1";"33";"0";"0";"7";"1";"1";""
"202200036903";"748 205";"A01";"2";"7";"8";"0";"1";"14";"3";""
"202200036904";"748 198";"B01";"1";"80";"0";"2";"7";"1";"3";""
"202200036904";"748 203";"A01";"2";"80";"0";"2";"7";"16";"3";""
"202200036905";"748 196";"A01";"1";"7";"0";"0";"4";"1";"1";""
"202200036905";"748 199";"B01";"1";"13";"0";"2";"1";"3";"1";""
"202200036906";"748 200";"A01";"1";"7";"0";"0";"9";"14";"1";""
"202200036907";"748 195";"E01";"1";"0";" -1";"2";" -1";" -1";" -1";""
"202200036907";"748 197";"D01";"1";"7";"0";"2";"0";"0";"1";""
"202200036907";"748 201";"C01";"1";"10";"0";"2";"0";"0";"1";""
"202200036907";"748 202";"B01";"1";"7";"0";"2";"0";"0";"1";""
"202200036907";"748 204";"A01";"1";"7";"0";"2";"6";"2";"1";""
"202200036908";"748 194";"A01";"1";"33";"0";"0";"1";"1";"1";""
"202200036909";"748 193";"A01";"1";"7";"7";"0";"3";"13";"2";""
"202200036910";"748 190";"A01";"1";"7";"0";"2";"1";"21";"1";""
"202200036910";"748 191";"B01";"1";"50";"0";"2";"8";"15";"3";""
"202200036911";"748 186";"C01";"1";"7";"0";"2";"3";"1";"1";""
"202200036911";"748 189";"B01";"1";"7";"0";"2";"6";"1";"1";""
"202200036911";"748 192";"A01";"1";"7";"0";"2";"1";"3";"1";""
"202200036912";"748 184";"A01";"2";"7";"0";"0";"9";"1";"1";""
"202200036913";"748 183";"D01";"2";"7";"0";"2";"4";"2";"1";""
"202200036913";"748 185";"C01";"2";"7";"0";"2";"4";"2";"1";""
"202200036913";"748 187";"B01";"2";"7";"0";"2";"4";"2";"1";""
"202200036913";"748 188";"A01";"2";"7";"0";"2";"1";"2";"1";""
"202200036914";"748 179";"A01";"0";"30";"0";"0";"7";"1";"1";""
"202200036915";"748 178";"A01";"1";"7";"0";"2";"7";"19";"1";""
"202200036915";"748 182";"B01";"2";"2";"0";"2";"2";"1";"1";""
"202200036916";"748 177";"A01";"1";"7";"0";"2";"1";"1";"0";""
"202200036916";"748 180";"B01";"1";"7";"0";"2";"4";"24";"1";""
"202200036916";"748 181";"C01";"1";"7";"0";"2";"4";"24";"0";""
"202200036917";"748 175";"A01";"1";"7";"3";"0";"2";"1";"1";""
"202200036918";"748 174";"A01";"1";"7";"0";"9";"3";"0";"1";""
"202200036918";"748 176";"B01";"1";"1";"0";"2";"1";"0";"5";""
"202200036919";"748 172";"B01";"1";"7";"0";"2";"1";"2";"1";""
"202200036919";"748 173";"A01";"1";"7";"0";"2";"4";"2";"2";""
"202200036920";"748 170";"A01";"1";"15";"0";"2";"1";"23";"1";""
"202200036920";"748 171";"B01";"1";"15";"0";"2";"4";"23";"1";""
"202200036921";"748 169";"A01";"3";"1";"0";"1";"1";"1";"5";""
"202200036922";"748 167";"B01";"2";"7";"0";"2";"4";"2";"1";""
"202200036922";"748 168";"A01";"2";"7";"0";"2";"1";"2";"1";""
"202200036923";"748 166";"A01";"1";"7";"0";"0";"0";"1";"1";""
"202200036924";"748 165";"A01";"0";"40";"0";"1";"1";"1";"3";""
"202200036925";"748 163";"A01";"2";"7";"0";"1";"2";"1";"1";""
"202200036926";"748 162";"B01";"1";"33";"3";"2";"1";"1";"1";""
"202200036926";"748 164";"A01";"1";"7";"3";"2";"6";"11";"1";""
"202200036927";"748 160";"A01";"1";"7";"0";"2";"3";"15";"6";""
"202200036927";"748 161";"B01";"1";"1";"14";"2";"3";"1";"5";""
"202200036928";"748 157";"A01";"2";"7";"0";"2";"2";"13";"1";""
"202200036928";"748 159";"B01";"1";"7";"0";"2";"3";"1";"1";""
"202200036929";"748 156";"B01";"2";"7";"0";"2";"1";"2";"1";""
"202200036929";"748 158";"A01";"2";"7";"0";"2";"4";"1";"1";""
"202200036930";"748 155";"A01";"3";"10";"0";"1";"3";"15";"1";""
"202200036931";"748 154";"A01";"1";"36";"8";"0";"0";"1";"1";""
"202200036932";"748 146";"A01";"1";"7";"1";"0";"1";"15";"1";""
"202200036932";"748 150";"B01";"1";"50";"0";"2";"1";"5";"3";""
"202200036933";"748 148";"A01";"2";"7";"0";"2";"1";"1";"1";""
"202200036933";"748 151";"B01";"2";"1";"0";"2";"7";"1";"5";""
"202200036934";"748 145";"E01";"2";"7";"1";"2";"4";"2";"1";""
"202200036934";"748 147";"D01";"2";"7";"0";"2";"6";"23";"1";""
"202200036934";"748 149";"C01";"2";"7";"3";"2";"8";"23";"1";""
"202200036934";"748 152";"B01";"2";"7";"1";"2";"1";"0";"1";""
"202200036934";"748 153";"A01";"2";"7";"0";"2";"1";"1";"1";""
"202200036935";"748 139";"B01";"1";"7";"0";"2";"5";"2";"1";""
"202200036935";"748 143";"A01";"1";"33";"0";"2";"5";"26";"1";""
"202200036936";"748 140";"A01";"1";"7";"0";"2";"3";"26";"1";""
"202200036936";"748 142";"B01";"1";"7";"0";"2";"2";"1";"1";""
"202200036937";"748 141";"B01";"1";"33";"0";"0";"7";"1";"1";""
"202200036937";"748 144";"A01";"2";"7";"0";"0";"1";"9";"1";""
"202200036938";"748 137";"A01";"2";"7";"2";"0";"1";"1";"1";""
"202200036939";"748 134";"B01";"3";"3";"0";"2";"4";"2";"1";""
"202200036939";"748 136";"A01";"3";"3";"0";"2";"1";"2";"1";""
"202200036940";"748 133";"A01";"2";"7";"0";"2";"1";"1";"1";""
"202200036940";"748 135";"B01";"2";"7";"0";"2";"4";"2";"1";""
"202200036940";"748 138";"C01";"2";"7";"0";"2";"4";"2";"2";""
"202200036941";"748 132";"A01";"2";"7";"3";"0";"2";"17";"1";""
"202200036942";"748 127";"A01";"1";"7";"0";"0";"0";"17";"1";""
"202200036943";"748 129";"B01";"1";"33";"0";"2";"1";"3";"1";""
"202200036943";"748 131";"A01";"1";"7";"0";"2";"7";"12";"1";""
"202200036944";"748 128";"B01";"1";"7";"1";"0";"3";"24";"1";""
"202200036944";"748 130";"A01";"1";"32";"0";"2";"3";"13";"1";""
"202200036945";"748 123";"B01";"1";"7";"0";"0";"3";"1";"1";""
"202200036945";"748 126";"A01";"1";"33";"0";"2";"2";"9";"1";""
"202200036946";"748 122";"A01";"2";"7";"0";"2";"4";"1";"3";""
"202200036946";"748 125";"B01";"2";"33";"0";"2";"1";"2";"1";""
"202200036947";"748 121";"A01";"1";"7";"0";"2";"4";"23";"1";""
"202200036947";"748 124";"B01";"1";"2";"0";"2";"4";"2";"1";""
"202200036948";"748 120";"A01";"2";"33";"3";"0";"8";"21";"1";""
"202200036949";"748 119";"B01";"2";"7";"0";"1";"6";"1";"1";""
"202200036950";"748 118";"A01";"2";"7";"1";"0";"0";"14";"1";""
"202200036951";"748 117";"A01";"2";"33";"0";"0";"0";"1";"1";""
"202200036952";"748 115";"A01";"1";"10";"0";"2";"6";"2";"0";""
"202200036952";"748 116";"B01";"1";"32";"0";"2";"6";"2";"0";""
"202200036953";"748 112";"A01";"1";"15";"0";"9";"8";"2";"1";""
"202200036953";"748 113";"B01";"3";"1";"0";"2";"4";"2";"5";""
"202200036954";"748 111";"A01";"2";"1";"0";"2";"2";"16";"5";""
"202200036954";"748 114";"B01";"1";"38";"0";"2";"2";"1";"1";"1"
"202200036955";"748 107";"A01";"1";"7";"0";"2";"1";"2";"1";""
"202200036955";"748 110";"B01";"1";"7";"0";"2";"2";"2";"1";""
"202200036956";"748 105";"A01";"1";"7";"0";"2";"3";"10";"1";""
"202200036956";"748 108";"B01";"1";"33";"0";"2";"1";"17";"1";""
"202200036957";"748 106";"A01";"2";"10";"0";"2";"3";"15";"1";""
"202200036957";"748 109";"B01";"1";"31";"0";"2";"7";"17";"1";""
"202200036958";"748 104";"A01";"1";"33";"4";"1";"1";"9";"1";""
"202200036959";"748 103";"A01";"2";"30";"1";"0";"2";"1";"1";""
"202200036960";"748 102";"A01";"1";"10";"0";"1";"7";"1";"1";""
"202200036961";"748 101";"A01";"1";"7";"15";"9";"0";"21";"1";""
"202200036962";"748 099";"B01";"2";"33";"0";"2";"1";"17";"1";""
"202200036962";"748 100";"A01";"2";"7";"0";"2";"3";"15";"1";""
"202200036963";"748 096";"B01";"1";"15";"0";"0";"4";"23";"1";""
"202200036963";"748 098";"A01";"1";"7";"1";"0";"1";"17";"1";""
"202200036964";"748 095";"A01";"2";"7";"0";"2";"3";"1";"1";""
"202200036964";"748 097";"B01";"1";"7";"0";"2";"3";"13";"1";""
"202200036965";"748 093";"A01";"1";"7";"0";"0";"3";"17";"1";""
"202200036965";"748 094";"B01";"2";"7";"0";"2";"3";"1";"1";""
"202200036966";"748 091";"A01";"2";"7";"4";"0";"9";"1";"1";""
"202200036967";"748 090";"A01";"3";"2";"0";"2";"1";"5";"1";""
"202200036967";"748 092";"B01";"0";"7";"0";"2";"1";"1";"1";""
"202200036968";"748 089";"A01";"3";"7";"6";"0";"1";"1";"1";""
"202200036969";"748 088";"A01";"1";"1";"0";"0";"0";"1";"5";""
"202200036970";"748 087";"A01";"3";"33";"0";"0";"4";"1";"1";""
"202200036971";"748 086";"A01";"3";"7";"12";"0";"3";"16";"1";""
"202200036972";"748 083";"B01";"2";"17";"0";"2";"4";"16";"1";""
"202200036972";"748 085";"A01";"2";"7";"0";"2";"1";"2";"1";""
"202200036973";"748 082";"A01";"1";"33";"0";"2";"1";"17";"1";""
"202200036973";"748 084";"B01";"2";"7";"0";"0";"3";"15";"1";""
"202200036974";"748 078";"A01";"0";"7";"0";"2";"2";"15";"1";""
"202200036974";"748 081";"B01";"1";"7";"0";"2";"1";"1";"1";""
"202200036975";"748 077";"A01";"1";"7";"0";"1";"6";"2";"1";""
"202200036975";"748 079";"B01";"1";"7";"0";"2";"2";"2";"1";""
"202200036976";"748 076";"A01";"3";"7";"0";"2";"7";"9";"1";""
"202200036976";"748 080";"B01";"3";"7";"0";"2";"0";"0";"1";""
"202200036977";"748 075";"A01";"2";"7";"2";"0";"1";"14";"1";""
"202200036978";"748 071";"B01";"2";"38";"0";"2";"4";"2";"1";"1"
"202200036978";"748 074";"A01";"2";"10";"0";"2";"1";"2";"1";""
"202200036979";"748 070";"B01";"2";"32";"0";"2";"1";"1";"1";""
"202200036979";"748 073";"A01";"1";"7";"0";"2";"3";"15";"1";""
"202200036980";"748 069";"B01";"1";"7";"0";"2";"1";"1";"1";""
"202200036980";"748 072";"A01";"0";"33";"0";"2";"8";"26";"1";""
"202200036981";"748 065";"A01";"2";"33";"0";"0";"0";"2";"1";""
"202200036981";"748 068";"B01";"2";"33";"0";"0";"0";"2";"1";""
"202200036982";"748 063";"A01";"2";"32";"0";"2";"1";"17";"1";""
"202200036982";"748 066";"B01";"2";"7";"0";"2";"8";"15";"1";""
"202200036983";"748 064";"A01";"1";"2";"3";"2";"4";"1";"1";""
"202200036983";"748 067";"B01";"1";"7";"0";"2";"2";"2";"1";""
"202200036984";"748 061";"A01";"2";"31";"1";"0";"1";"1";"1";""
"202200036985";"748 060";"B01";"1";"14";"0";"2";"1";"2";"1";""
"202200036985";"748 062";"A01";"1";"10";"0";"2";"4";"2";"1";""
"202200036986";"748 059";"A01";"3";"7";"0";"1";"6";"4";"2";""
"202200036987";"748 053";"C01";"1";"17";"0";"2";"3";"2";"1";""
"202200036987";"748 055";"B01";"1";"17";"0";"2";"2";"1";"1";""
"202200036987";"748 058";"A01";"1";"7";"0";"2";"6";"2";"1";""
"202200036988";"748 051";"A01";"1";"30";"0";"0";"0";"0";"1";""
"202200036989";"748 047";"B01";"1";"7";"0";"2";"7";"0";"1";""
"202200036989";"748 049";"A01";"1";"7";"0";"2";"5";"0";"1";""
"202200036990";"748 046";"B01";"2";"33";"0";"2";"3";"15";"1";""
"202200036990";"748 050";"A01";"1";"7";"0";"2";"3";"16";"1";""
"202200036991";"748 041";"C01";"1";"7";"6";"2";"6";"23";"1";""
"202200036991";"748 045";"B01";"1";"7";"0";"2";"4";"23";"1";""
"202200036991";"748 048";"A01";"1";"7";"0";"2";"2";"17";"1";""
"202200036992";"748 038";"D01";"1";"10";"0";"2";"1";"2";"1";""
"202200036992";"748 040";"C01";"1";"7";"0";"2";"4";"2";"1";""
"202200036992";"748 042";"B01";"1";"7";"0";"2";"1";"2";"1";""
"202200036992";"748 044";"A01";"1";"7";"0";"2";"4";"2";"1";""
"202200036993";"748 036";"A01";"2";"7";"0";"2";"1";"1";"1";""
"202200036993";"748 037";"B01";"2";"1";"0";"2";"4";"1";"5";""
"202200036993";"748 039";"C01";"2";"1";"0";"2";"4";"1";"5";""
"202200036994";"748 034";"B01";"1";"2";"0";"2";"1";"1";"1";""
"202200036994";"748 035";"A01";"1";"7";"0";"2";"3";"15";"1";""
"202200036995";"748 031";"A01";"1";"7";"0";"2";"4";"1";"1";""
"202200036995";"748 033";"B01";"1";"7";"0";"2";"1";"2";"1";""
"202200036996";"748 030";"B01";"2";"1";"0";"2";"3";"13";"5";""
"202200036996";"748 032";"A01";"1";"7";"0";"2";"3";"13";"1";""
"202200036997";"748 028";"A01";"1";"7";"0";"2";"2";"16";"1";""
"202200036997";"748 029";"B01";"1";"31";"0";"2";"3";"1";"0";""
"202200036998";"748 025";"B01";"2";"7";"0";"2";"4";"2";"1";""
"202200036998";"748 027";"A01";"2";"7";"0";"2";"1";"12";"1";""
"202200036999";"748 023";"B01";"1";"7";"0";"0";"1";"1";"1";""
"202200036999";"748 026";"A01";"1";"7";"0";"0";"4";"9";"1";""
"202200037000";"748 022";"B01";"3";"33";"0";"2";"3";"1";"1";""
"202200037000";"748 024";"A01";"3";"7";"0";"2";"2";"9";"1";""
"202200037001";"748 020";"B01";"2";"7";"0";"2";"2";"1";"1";""
"202200037001";"748 021";"A01";"2";"33";"0";"2";"8";"11";"1";""
"202200037002";"748 019";"A01";"1";"32";"0";"0";"1";"16";"1";""
"202200037003";"748 016";"A01";"2";"10";"4";"0";"2";"1";"1";""
"202200037004";"748 014";"B01";"3";"7";"0";"2";"1";"15";"1";""
"202200037004";"748 017";"A01";"3";"30";"0";"2";"2";"1";"1";""
"202200037005";"748 013";"A01";"3";"33";"0";"2";"3";"13";"1";""
"202200037005";"748 015";"B01";"3";"7";"0";"2";"3";"1";"1";""
"202200037006";"748 010";"B01";"1";"7";"14";"2";"9";"1";"1";""
"202200037006";"748 012";"A01";"1";"13";"3";"2";"1";"2";"1";""
"202200037007";"748 008";"A01";"1";"7";"0";"2";"1";"1";"1";""
"202200037007";"748 011";"B01";"1";"7";"0";"2";"4";"1";"1";""