"Num_Acc";"id_vehicule";"num_veh";"senc";"catv";"obs";"obsm";"choc";"manv";"motor";"occutc"
"202200037438";"747 244";"B01";"2";"15";"0";"2";"3";"2";"1";""
"202200037438";"747 245";"A01";"2";"7";"0";"2";"5";"17";"1";""
"202200037439";"747 242";"B01";"1";"1";"0";"2";"7";"1";"5";""
"202200037439";"747 243";"A01";"2";"7";"0";"2";"8";"1";"1";""
"202200037440";"747 239";"A01";"2";"7";"0";"2";"2";"15";"1";""
"202200037440";"747 240";"B01";"1";"2";"0";"2";"1";"1";"1";""
"202200037441";"747 237";"A01";"2";"7";"0";"2";"3";"0";"0";""
"202200037441";"747 238";"B01";"1";"7";"0";"2";"1";"0";"0";""
"202200037441";"747 241";"C01";"1";"7";"0";"2";"1";"0";"1";""
"202200037442";"747 236";"A01";"3";"7";"6";"0";"9";"0";"1";""
"202200037443";"747 235";"A01";"1";"7";"2";"0";"1";"1";"1";""
"202200037444";"747 234";"A01";"2";"7";"2";"0";"4";"1";"1";""
"202200037445";"747 233";"A01";"1";"7";"6";"0";"1";"1";"1";""
"202200037446";"747 232";"A01";"1";"38";"0";"0";"2";"0";"1";"16"
"202200037447";"747 229";"A01";"2";"7";"0";"2";"7";"13";"1";""
"202200037447";"747 231";"B01";"1";"15";"0";"2";"1";"1";"1";""
"202200037448";"747 230";"A01";"1";"33";"8";"0";"1";"13";"1";""
"202200037449";"747 228";"A01";"1";"7";"2";"0";"9";"1";"1";""
"202200037450";"747 226";"A01";"1";"7";"0";"2";"1";"2";"1";""
"202200037450";"747 227";"B01";"1";"20";"0";"0";"4";"2";"0";""
"202200037451";"747 224";"A01";"1";"7";"0";"2";"0";"20";"1";""
"202200037451";"747 225";"B01";"0";"1";"0";"0";"0";"1";"5";""
"202200037452";"747 222";"A01";"1";"7";"13";"0";"1";"1";"1";""
"202200037453";"747 221";"B01";"2";"7";"0";"2";"1";"1";"1";""
"202200037453";"747 223";"A01";"1";"7";"0";"2";"6";"19";"1";""
"202200037454";"747 218";"C01";"3";"7";"0";"2";"3";"23";"1";""
"202200037454";"747 219";"B01";"2";"7";"0";"2";"1";"21";"1";""
"202200037454";"747 220";"A01";"1";"7";"0";"2";"1";"15";"1";""
"202200037455";"747 217";"A01";"2";"30";"12";"0";"1";"1";"1";""
"202200037456";"747 215";"A01";"0";"7";"2";"0";"2";"14";"1";""
"202200037457";"747 214";"B01";"1";"7";"0";"2";"3";"1";"1";""
"202200037457";"747 216";"A01";"1";"30";"0";"2";"1";"15";"1";""
"202200037458";"747 213";"A01";"1";"33";"0";"6";"0";"1";"1";""
"202200037459";"747 211";"A01";"1";"33";"0";"2";"1";"1";"1";""
"202200037459";"747 212";"B01";"1";"7";"0";"0";"8";"1";"1";""
"202200037460";"747 207";"A01";"1";"10";"0";"2";"4";"2";"1";""
"202200037460";"747 208";"B01";"1";"7";"0";"2";"4";"2";"1";""
"202200037460";"747 209";"C01";"1";"33";"0";"2";"1";"2";"1";""
"202200037461";"747 206";"B01";"1";"7";"8";"2";"6";"1";"1";""
"202200037461";"747 210";"A01";"1";"7";"0";"2";"3";"19";"1";""
"202200037462";"747 205";"A01";"3";"10";"0";"0";"0";"1";"1";""
"202200037463";"747 204";"A01";"1";"14";"0";"0";"1";"1";"1";""
"202200037464";"747 203";"A01";"1";"7";"0";"0";"1";"1";"1";""
"202200037465";"747 202";"A01";"1";"7";"10";"0";"2";"2";"1";""
"202200037466";"747 200";"B01";"3";"7";"0";"2";"8";"1";"1";""
"202200037466";"747 201";"A01";"3";"15";"0";"2";"3";"1";"1";""
"202200037467";"747 198";"A01";"1";"7";"0";"2";"1";"15";"1";""
"202200037467";"747 199";"B01";"2";"2";"0";"2";"7";"1";"1";""
"202200037468";"747 195";"A01";"0";"7";"0";"1";"1";"1";"1";""
"202200037469";"747 193";"B01";"2";"21";"0";"2";"1";"1";"1";""
"202200037469";"747 194";"A01";"1";"10";"0";"2";"1";"13";"1";""
"202200037470";"747 192";"A01";"2";"33";"13";"0";"2";"19";"1";""
"202200037471";"747 190";"B01";"1";"7";"0";"2";"8";"15";"1";""
"202200037471";"747 191";"A01";"1";"7";"0";"2";"2";"17";"1";""
"202200037472";"747 186";"A01";"2";"7";"0";"2";"3";"17";"1";""
"202200037472";"747 188";"B01";"1";"7";"0";"2";"3";"1";"1";""
"202200037472";"747 189";"C01";"2";"7";"0";"2";"2";"21";"1";""
"202200037473";"747 185";"A01";"3";"14";"6";"1";"9";"16";"1";""
"202200037473";"747 187";"B01";"0";"7";"0";"0";"8";"15";"1";""
"202200037474";"747 184";"A01";"2";"7";"0";"1";"1";"1";"1";""
"202200037475";"747 182";"B01";"2";"10";"1";"0";"5";"24";"1";""
"202200037475";"747 183";"A01";"2";"7";"1";"0";"1";"14";"1";""
"202200037476";"747 181";"A01";"1";"7";"13";"0";"0";"1";"1";""
"202200037477";"747 179";"A01";"3";"7";"7";"0";"1";"1";"1";""
"202200037478";"747 178";"B01";"2";"32";"0";"0";"4";"1";"1";""
"202200037478";"747 180";"A01";"2";"7";"0";"2";"3";"9";"1";""
"202200037479";"747 177";"A01";"2";"7";"0";"0";"2";"1";"1";""
"202200037480";"747 176";"A01";"2";"7";"0";"1";"1";"1";"6";""
"202200037481";"747 175";"A01";"2";"7";"2";"0";"8";"1";"1";""
"202200037482";"747 173";"B01";"2";"38";"0";"2";"1";"1";"0";"1"
"202200037482";"747 174";"A01";"3";"1";"0";"2";"7";"19";"5";""
"202200037483";"747 171";"B01";"1";"7";"0";"2";"8";"23";"1";""
"202200037483";"747 172";"A01";"1";"7";"0";"2";"1";"1";"1";""
"202200037484";"747 168";"B01";"1";"1";"0";"0";"6";"26";"5";""
"202200037484";"747 170";"A01";"1";"7";"0";"9";"2";"9";"1";""
"202200037485";"747 167";"B01";"2";"33";"0";"2";"1";"1";"1";""
"202200037485";"747 169";"A01";"2";"10";"0";"2";"3";"15";"1";""
"202200037486";"747 163";"B01";"0";"7";"0";"2";"2";"1";"1";""
"202200037486";"747 165";"A01";"3";"10";"0";"2";"8";"1";"1";""
"202200037487";"747 164";"B01";"2";"7";"9";"2";"1";"1";"1";""
"202200037487";"747 166";"A01";"1";"10";"0";"2";"2";"15";"1";""
"202200037488";"747 159";"A01";"3";"33";"0";"2";"9";"1";"1";""
"202200037488";"747 161";"B01";"3";"10";"0";"0";"7";"15";"1";""
"202200037489";"747 154";"A01";"1";"7";"0";"2";"4";"2";"1";""
"202200037489";"747 156";"B01";"1";"7";"0";"2";"4";"2";"1";""
"202200037489";"747 157";"C01";"1";"10";"0";"2";"1";"2";"1";""
"202200037490";"747 153";"A01";"1";"7";"5";"2";"2";"17";"1";""
"202200037490";"747 155";"B01";"1";"10";"5";"2";"3";"15";"1";""
"202200037491";"747 149";"C01";"2";"7";"0";"2";"1";"2";"1";""
"202200037491";"747 150";"B01";"2";"10";"0";"2";"4";"2";"1";""
"202200037491";"747 152";"A01";"2";"7";"0";"2";"4";"2";"1";""
"202200037492";"747 148";"A01";"1";"10";"0";"2";"3";"13";"1";""
"202200037492";"747 151";"B01";"2";"7";"0";"2";"3";"1";"1";""
"202200037493";"747 146";"A01";"1";"15";"6";"0";"5";"1";"1";""
"202200037494";"747 144";"Z01";"2";"0";"0";"2";"0";"0";"0";""
"202200037494";"747 145";"B01";"2";"7";"0";"2";"4";"2";"1";""
"202200037494";"747 147";"A01";"2";"7";"0";"2";"4";"2";"1";""
"202200037495";"747 143";"A01";"1";"7";"2";"0";"2";"14";"1";""
"202200037496";"747 141";"A01";"2";"7";"0";"2";"1";"2";"1";""
"202200037496";"747 142";"B01";"2";"7";"0";"0";"4";"1";"1";""
"202200037497";"747 139";"A01";"2";"7";"14";"0";"9";"21";"1";""
"202200037498";"747 138";"A01";"1";"7";"0";"2";"2";"14";"1";""
"202200037498";"747 140";"B01";"1";"15";"0";"0";"6";"2";"1";""
"202200037499";"747 135";"A01";"3";"33";"0";"2";"1";"1";"1";""
"202200037499";"747 136";"B01";"3";"7";"0";"2";"3";"19";"1";""
"202200037500";"747 130";"A01";"2";"7";"0";"2";"2";"2";"1";""
"202200037500";"747 132";"C01";"2";"7";"0";"2";"1";"2";"1";""
"202200037500";"747 133";"D01";"2";"7";"0";"2";"4";"2";"2";""
"202200037500";"747 134";"E01";"2";"7";"0";"2";"5";"2";"1";""
"202200037500";"747 137";"B01";"2";"7";"0";"2";"1";"2";"1";""
"202200037501";"747 128";"B01";"1";"10";"0";"2";"6";"2";"1";""
"202200037501";"747 129";"A01";"1";"33";"0";"2";"1";"2";"1";""
"202200037502";"747 126";"B01";"2";"7";"0";"2";"4";"2";"1";""
"202200037502";"747 127";"A01";"2";"10";"0";"2";"1";"2";"1";""
"202200037503";"747 123";"A01";"2";"15";"0";"2";"1";"2";"1";""
"202200037503";"747 124";"C01";"2";"7";"0";"2";"4";"2";"2";""
"202200037503";"747 125";"B01";"2";"7";"0";"2";"4";"2";"0";""
"202200037504";"747 122";"B01";"1";"38";"0";"2";"3";"13";"1";"19"
"202200037504";"747 131";"A01";"2";"20";"0";"2";"1";"13";"1";""
"202200037505";"747 120";"Z01";"1";"10";"0";"2";"2";"0";"1";""
"202200037505";"747 121";"A01";"1";"33";"0";"2";"7";"1";"1";""
"202200037506";"747 119";"A01";"2";"7";"4";"0";"0";"0";"1";""
"202200037507";"747 117";"B01";"1";"14";"0";"2";"2";"1";"1";""
"202200037507";"747 118";"A01";"1";"7";"4";"2";"3";"9";"1";""
"202200037508";"747 113";"C01";"2";"7";"0";"2";"5";"1";"1";""
"202200037508";"747 114";"B01";"2";"10";"0";"2";"1";"2";"1";""
"202200037508";"747 116";"A01";"2";"10";"0";"2";"4";"2";"1";""
"202200037509";"747 112";"A01";"3";"7";"13";"0";"1";"0";"6";""
"202200037510";"747 110";"A01";"1";"33";"0";"2";"1";"1";"0";""
"202200037510";"747 111";"B01";"1";"10";"0";"2";"5";"12";"1";""
"202200037511";"747 106";"A01";"2";"7";"0";"2";"1";"1";"1";""
"202200037511";"747 108";"B01";"2";"7";"0";"2";"6";"2";"3";""
"202200037512";"747 105";"B01";"1";"7";"0";"2";"1";"13";"1";""
"202200037512";"747 107";"C01";"2";"7";"0";"0";"0";"17";"0";""
"202200037512";"747 109";"A01";"2";"7";"0";"2";"1";"1";"1";""
"202200037513";"747 103";"A01";"2";"7";"0";"2";"1";"2";"1";""
"202200037513";"747 104";"B01";"2";"14";"0";"2";"6";"23";"1";""
"202200037514";"747 102";"A01";"0";"7";"2";"0";"1";"14";"1";""
"202200037515";"747 099";"B01";"2";"7";"0";"2";"5";"2";"1";""
"202200037515";"747 101";"A01";"2";"32";"0";"2";"1";"2";"1";""
"202200037516";"747 100";"A01";"2";"7";"2";"0";"1";"1";"1";""
"202200037517";"747 096";"A01";"2";"33";"0";"2";"8";"18";"1";""
"202200037517";"747 098";"B01";"2";"7";"0";"2";"7";"1";"1";""
"202200037518";"747 097";"A01";"1";"7";"0";"1";"1";"15";"1";""
"202200037519";"747 094";"A01";"2";"33";"0";"2";"1";"3";"1";""
"202200037519";"747 095";"B01";"2";"17";"0";"2";"5";"2";"1";""
"202200037520";"747 092";"A01";"2";"7";"0";"2";"1";"21";"1";""
"202200037521";"747 091";"B01";"0";"7";"0";"0";"1";"0";"0";""
"202200037521";"747 093";"A01";"3";"7";"15";"0";"4";"0";"1";""
"202200037522";"747 089";"B01";"2";"34";"0";"2";"2";"12";"1";""
"202200037522";"747 090";"A01";"2";"7";"0";"2";"3";"1";"1";""
"202200037523";"747 088";"A01";"3";"7";"13";"0";"0";"1";"1";""
"202200037524";"747 087";"A01";"2";"7";"4";"0";"3";"21";"1";""
"202200037525";"747 085";"B01";"1";"50";"0";"2";"1";"1";"3";""
"202200037525";"747 086";"A01";"2";"7";"0";"2";"5";"15";"1";""
"202200037526";"747 082";"C01";"2";"7";"0";"2";"4";"1";"3";""
"202200037526";"747 083";"B01";"2";"33";"0";"2";"7";"3";"1";""
"202200037526";"747 084";"A01";"2";"7";"0";"2";"3";"11";"1";""
"202200037527";"747 079";"A01";"1";"33";"0";"0";"0";"1";"1";""
"202200037528";"747 080";"B01";"1";"7";"0";"2";"2";"9";"1";""
"202200037528";"747 081";"A01";"1";"33";"0";"2";"3";"1";"1";""
"202200037529";"747 077";"B01";"1";"50";"0";"2";"1";"1";"3";""
"202200037529";"747 078";"A01";"2";"50";"0";"2";"1";"1";"3";""
"202200037530";"747 075";"A01";"2";"21";"0";"2";"8";"15";"1";""
"202200037530";"747 076";"B01";"2";"15";"0";"2";"2";"17";"1";""
"202200037531";"747 071";"A01";"1";"10";"0";"2";"2";"1";"1";""
"202200037531";"747 073";"B01";"1";"10";"0";"2";"4";"23";"1";""
"202200037531";"747 074";"C01";"1";"7";"0";"2";"4";"23";"1";""
"202200037532";"747 070";"B01";"0";"1";"0";"2";"1";"19";"5";""
"202200037532";"747 072";"A01";"3";"7";"0";"2";"7";"1";"1";""
"202200037533";"747 068";"B01";"1";"1";"1";"0";"1";"1";"5";""
"202200037533";"747 069";"A01";"1";"7";"0";"2";"7";"22";"1";""
"202200037534";"747 066";"B01";"1";"2";"0";"2";"1";"1";"1";""
"202200037534";"747 067";"A01";"3";"7";"0";"2";"8";"19";"1";""
"202200037535";"747 064";"Z01";"2";"37";"0";"2";"8";"1";"0";"1"
"202200037535";"747 065";"A01";"2";"1";"0";"2";"7";"14";"5";""
"202200037536";"747 061";"A01";"2";"7";"0";"2";"2";"14";"1";""
"202200037536";"747 062";"B01";"1";"30";"0";"2";"3";"1";"1";""
"202200037537";"747 060";"A01";"2";"7";"0";"0";"8";"19";"1";""
"202200037537";"747 063";"B01";"2";"7";"0";"2";"3";"1";"1";""
"202200037538";"747 057";"A01";"2";"1";"0";"2";"1";"1";"5";""
"202200037538";"747 059";"B01";"1";"10";"0";"2";"3";"1";"1";""
"202200037539";"747 056";"B01";"1";"7";"0";"2";"7";"12";"1";""
"202200037539";"747 058";"A01";"1";"33";"0";"2";"3";"1";"1";""
"202200037540";"747 053";"A01";"2";"80";"8";"2";"1";"25";"3";""
"202200037540";"747 055";"B01";"1";"50";"8";"2";"1";"25";"3";""
"202200037541";"747 052";"B01";"1";"7";"0";"2";"1";"2";"1";""
"202200037541";"747 054";"A01";"1";"7";"0";"2";"4";"2";"1";""
"202200037542";"747 049";"B01";"1";"7";"0";"2";"7";"15";"0";""
"202200037542";"747 051";"A01";"2";"7";"0";"2";"1";"1";"1";""
"202200037543";"747 047";"C01";"1";"10";"4";"2";"8";"1";"1";""
"202200037543";"747 048";"B01";"1";"7";"0";"2";"2";"1";"1";""
"202200037543";"747 050";"A01";"1";"7";"0";"2";"2";"12";"1";""
"202200037544";"747 046";"A01";"2";"7";"2";"0";"1";"14";"1";""
"202200037545";"747 042";"B01";"2";"7";"0";"2";"6";"1";"1";""
"202200037545";"747 044";"A01";"2";"10";"0";"2";"2";"12";"1";""
"202200037546";"747 043";"A01";"1";"10";"0";"2";"0";"15";"1";""
"202200037546";"747 045";"B01";"1";"33";"0";"2";"3";"2";"1";""
"202200037547";"747 040";"A01";"1";"34";"4";"0";"7";"15";"1";""
"202200037548";"747 039";"B01";"1";"15";"0";"2";"1";"1";"1";""
"202200037548";"747 041";"A01";"2";"33";"0";"2";"1";"13";"1";""
"202200037549";"747 037";"B01";"0";"7";"0";"2";"2";"1";"1";""
"202200037549";"747 038";"A01";"0";"30";"0";"5";"1";"1";"1";""
"202200037550";"747 036";"A01";"1";"7";"4";"0";"3";"1";"1";""
"202200037551";"747 035";"A01";"1";"7";"0";"1";"3";"1";"0";""
"202200037552";"747 033";"A01";"1";"33";"0";"2";"1";"2";"1";""
"202200037552";"747 034";"B01";"1";"7";"0";"0";"5";"2";"1";""
"202200037553";"747 032";"A01";"0";"7";"0";"1";"0";"1";" -1";""
"202200037554";"747 029";"A01";"1";"17";"0";"2";"2";"12";"1";""
"202200037554";"747 031";"B01";"1";"7";"0";"2";"6";"11";"1";""
"202200037555";"747 028";"B01";"0";"43";"0";"2";"1";"0";"1";""
"202200037555";"747 030";"A01";"0";"34";"0";"2";"1";"10";"1";""
"202200037556";"747 027";"A01";"0";"7";"1";"0";"0";"12";"1";""
"202200037557";"747 025";"A01";"1";"7";"0";"2";"7";"12";"1";""
"202200037557";"747 026";"B01";"1";"33";"0";"2";"3";"3";"1";""
"202200037558";"747 024";"A01";"1";"7";"0";"1";"0";"0";"1";""
"202200037559";"747 021";"A01";"2";"7";"0";"2";"3";"1";"1";""
"202200037559";"747 022";"B01";"2";"50";"0";"2";"1";"1";"3";""
"202200037560";"747 020";"B01";"1";"10";"0";"2";"4";"2";"1";""
"202200037560";"747 023";"A01";"1";"10";"0";"2";"1";"2";"1";""
"202200037561";"747 019";"A01";"1";"10";"0";"1";"2";"15";"1";""
"202200037562";"747 015";"A01";"2";"7";"0";"2";"2";"19";"1";""
"202200037562";"747 016";"B01";"2";"7";"0";"2";"3";"1";"1";""
"202200037563";"747 014";"A01";"1";"10";"12";"1";"3";"1";"0";""
"202200037564";"747 012";"B01";"3";"50";"0";"2";"1";"1";"3";""
"202200037564";"747 013";"A01";"3";"7";"0";"2";"3";"1";"1";""
"202200037565";"747 017";"B01";"2";"33";"0";"2";"1";"2";"1";""
"202200037565";"747 018";"A01";"2";"7";"0";"2";"0";"1";"1";""
"202200037566";"747 011";"A01";"2";"10";"13";"0";"8";"1";"1";""
"202200037567";"747 009";"A01";"1";"2";"0";"0";"8";"15";"1";""
"202200037567";"747 010";"B01";"1";"33";"0";"2";"7";"17";"1";""
"202200037568";"747 007";"A01";"1";"7";"0";"2";"3";"13";"1";""
"202200037568";"747 008";"B01";"2";"7";"0";"2";"3";"1";"1";""
"202200037569";"747 006";"A01";"1";"33";"2";"0";"1";"1";"1";""
"202200037570";"747 005";"A01";"2";"7";"3";"0";"1";"2";"1";""
"202200037571";"747 003";"A01";"0";"10";"0";"2";"1";"13";"1";""
"202200037571";"747 004";"B01";"0";"7";"0";"2";"1";"1";"1";""
"202200037572";"747 002";"A01";"3";"36";"0";"0";"3";"0";"1";""
"202200037573";"747 000";"A01";"2";"7";"0";"2";"8";"1";"1";""
"202200037573";"747 001";"B01";"1";"7";"12";"2";"1";"16";"1";""
"202200037574";"746 999";"A01";"1";"7";"13";"0";"0";"1";"1";""
"202200037575";"746 997";"B01";"2";"2";"0";"0";"4";"1";"1";""
"202200037575";"746 998";"A01";"2";"7";"0";"2";"2";"1";"1";""
"202200037576";"746 995";"B01";"1";"7";"0";"2";"3";"1";"1";""
"202200037576";"746 996";"A01";"2";"21";"0";"2";"3";"0";"1";""
"202200037577";"746 993";"A01";"2";"7";"0";"2";"3";"13";"1";""
"202200037577";"746 994";"B01";"1";"7";"0";"2";"3";"1";"1";""
"202200037578";"746 992";"A01";"0";"7";"13";"0";"2";"0";"1";""
"202200037579";"746 990";"B01";"1";"7";"0";"2";"2";"1";"1";""
"202200037579";"746 991";"A01";"1";"7";"0";"2";"3";"15";"1";""
"202200037580";"746 989";"A01";"1";"34";"0";"0";"2";"1";"1";""
"202200037581";"746 988";"A01";"1";"7";"2";"0";"7";"1";"1";""
"202200037582";"746 986";"A01";"2";"7";"0";"2";"3";"13";"1";""
"202200037582";"746 987";"B01";"1";"10";"0";"2";"1";"1";"1";""
"202200037583";"746 984";"A01";"2";"7";"9";"0";"3";"1";"1";""
"202200037583";"746 985";"B01";"1";"7";"0";"0";"3";"1";"1";""
"202200037584";"746 982";"B01";"2";"7";"0";"2";"1";"1";"1";""
"202200037584";"746 983";"A01";"2";"7";"0";"2";"7";"10";"1";""
"202200037585";"746 980";"B01";"1";"7";"0";"2";"1";"1";"1";""
"202200037585";"746 981";"A01";"2";"7";"0";"2";"1";"1";"1";""
"202200037586";"746 978";"B01";"1";"7";"0";"0";"1";"0";"1";""
"202200037586";"746 979";"A01";"2";"7";"0";"0";"1";"2";"1";""
"202200037587";"746 976";"A01";"1";"1";"13";"0";"9";"1";"5";""
"202200037587";"746 977";"B01";"1";"1";"13";"0";"9";"1";"5";""
"202200037588";"746 974";"B01";"2";"7";"0";"2";"4";"23";"1";""
"202200037588";"746 975";"A01";"2";"7";"0";"2";"1";"2";"1";""
"202200037589";"746 973";"A01";"1";"33";"0";"0";"7";"1";"1";""
"202200037590";"746 971";"A01";"1";"7";"0";"2";"2";"17";"1";""
"202200037590";"746 972";"B01";"1";"30";"0";"0";"6";"1";"3";""
"202200037591";"746 967";"A01";"2";"7";"0";"2";"1";"5";"3";""
"202200037591";"746 968";"B01";"1";"99";"0";"2";"1";"1";"1";""
"202200037591";"746 969";"C01";"0";"7";"0";"2";"2";"18";"1";""
"202200037591";"746 970";"D01";"1";"7";"0";"2";"1";"1";"1";""
"202200037592";"746 965";"B01";"0";"2";"0";"2";"1";"1";"1";""
"202200037592";"746 966";"A01";"0";"7";"0";"2";"3";"1";"1";""
"202200037593";"746 963";"B01";"1";"7";"0";"2";"8";"1";"1";""
"202200037593";"746 964";"A01";"1";"7";"0";"2";"7";"12";"1";""
"202200037594";"746 961";"A01";"2";"2";"0";"2";"1";"17";"1";""
"202200037594";"746 962";"B01";"3";"7";"0";"2";"1";"15";"1";""
"202200037595";"746 959";"B01";"2";"1";"0";"0";"7";"1";"5";""
"202200037595";"746 960";"A01";"2";"7";"0";"2";"3";"9";"1";""
"202200037596";"746 957";"A01";"1";"33";"0";"2";"1";"2";"1";""
"202200037596";"746 958";"B01";"1";"7";"0";"0";"4";"2";"1";""
"202200037597";"746 955";"A01";"2";"7";"0";"2";"1";"13";"1";""
"202200037597";"746 956";"B01";"1";"15";"0";"2";"2";"1";"1";""
"202200037598";"746 954";"A01";"2";"7";"2";"0";"7";"13";"1";""
"202200037599";"746 951";"A01";"1";"7";"0";"0";"4";"1";"1";""
"202200037599";"746 952";"C01";"1";"7";"0";"2";"2";"1";"1";""
"202200037599";"746 953";"B01";"1";"32";"0";"2";"1";"1";"1";""
"202200037600";"746 947";"D01";"1";"10";"0";"2";"1";"1";"1";""
"202200037600";"746 948";"A01";"1";"17";"0";"0";"6";"1";"1";""
"202200037600";"746 949";"C01";"1";"7";"0";"2";"4";"0";"1";""
"202200037600";"746 950";"B01";"1";"7";"0";"9";"2";"1";"1";""
"202200037601";"746 944";"A01";"1";"15";"0";"0";"4";"2";"0";""
"202200037601";"746 945";"B01";"1";"7";"0";"0";"2";"2";"2";""
"202200037601";"746 946";"C01";"2";"7";"0";"2";"1";"2";"1";""
"202200037602";"746 940";"A01";"0";"33";"8";"0";"3";"1";"1";""
"202200037603";"746 938";"A01";"0";"7";"0";"2";"3";"13";"1";""
"202200037603";"746 939";"B01";"0";"21";"0";"2";"6";"1";"1";""
"202200037604";"746 935";"A01";"2";"7";"0";"2";"1";"1";"1";""
"202200037604";"746 936";"B01";"2";"7";"0";"2";"9";"15";"1";""
"202200037604";"746 937";"C01";"1";"7";"0";"2";"1";"1";"1";""
"202200037605";"746 933";"A01";"3";"32";"0";"2";"1";"1";"1";""
"202200037605";"746 934";"B01";"3";"7";"0";"2";"3";"13";"1";""
"202200037606";"746 932";"A01";"3";"7";"0";"0";"9";"0";"1";""
"202200037607";"746 930";"B01";"2";"14";"0";"2";"3";"0";"1";""
"202200037607";"746 931";"A01";"1";"7";"0";"2";"3";"0";"1";""
"202200037608";"746 929";"A01";"2";"7";"3";"0";"2";"1";"1";""
"202200037609";"746 927";"B01";"0";"7";"0";"0";"4";"1";"1";""
"202200037609";"746 928";"A01";"3";"7";"0";"2";"1";"1";"1";""
"202200037610";"746 926";"A01";"2";"7";"0";"1";"1";"1";"1";""
"202200037611";"746 924";"A01";"2";"7";"0";"9";"2";"15";"3";""
"202200037611";"746 925";"B01";"2";"1";"0";"2";"7";"1";"5";""
"202200037612";"746 923";"A01";"1";"7";"3";"0";"9";"1";"1";""
"202200037613";"746 922";"A01";"1";"7";"13";"0";"3";"1";"1";""
"202200037614";"746 920";"B01";"3";"1";"0";"2";"1";"9";"5";""
"202200037614";"746 921";"A01";"3";"7";"0";"2";"7";"15";"1";""
"202200037615";"746 919";"A01";"1";"7";"13";"0";"2";"14";"1";""
"202200037616";"746 918";"A01";"1";"37";"0";"1";"2";"1";"1";"1"
"202200037617";"746 915";"B01";"2";"33";"0";"2";"1";"1";"1";""
"202200037617";"746 916";"A01";"2";"7";"0";"0";"4";"1";"1";""
"202200037618";"746 913";"B01";"1";"7";"0";"2";"4";"12";"1";""
"202200037618";"746 914";"A01";"1";"7";"0";"2";"1";"17";"1";""
"202200037619";"746 911";"A01";"1";"7";"0";"2";"2";"1";"2";""
"202200037619";"746 912";"B01";"1";"7";"0";"2";"4";"2";"1";""
"202200037620";"746 909";"B01";"1";"7";"0";"2";"6";"2";"1";""
"202200037620";"746 910";"A01";"1";"33";"0";"2";"1";"13";"1";""
"202200037621";"746 906";"A01";"1";"33";"0";"2";"1";"17";"1";""
"202200037621";"746 907";"B01";"1";"7";"0";"2";"6";"2";"1";""
"202200037621";"746 908";"C01";"1";"10";"0";"2";"1";"1";"1";""
"202200037622";"746 905";"A01";"2";"7";"6";"0";"3";"13";"1";""
"202200037623";"746 903";"A01";"1";"7";"0";"2";"1";"2";"1";""
"202200037623";"746 904";"Z01";"2";"7";"1";"2";"1";"21";"1";""
"202200037624";"746 901";"A01";"1";"7";"0";"2";"1";"2";"1";""
"202200037624";"746 902";"B01";"1";"50";"0";"2";"4";"15";"3";""
"202200037625";"746 898";"B01";"2";"7";"0";"2";"6";"23";"1";""
"202200037625";"746 899";"A01";"2";"7";"0";"2";"2";"2";"1";""
"202200037625";"746 900";"C01";"2";"7";"0";"2";"3";"23";"1";""
"202200037626";"746 896";"B01";"1";"7";"0";"2";"3";"1";"1";""
"202200037626";"746 897";"A01";"1";"7";"0";"2";"2";"15";"1";""
"202200037627";"746 894";"A01";"0";"7";"0";"2";"7";"19";"1";""
"202200037627";"746 895";"B01";"0";"7";"0";"2";"3";"2";"1";""
"202200037628";"746 891";"A01";"1";"7";"0";"2";"3";"15";"1";""
"202200037628";"746 892";"B01";"1";"7";"0";"2";"8";"1";"1";""
"202200037629";"746 889";"A01";"0";"7";"0";"2";"0";"0";"1";""
"202200037629";"746 890";"B01";"0";"7";"0";"2";"6";"0";"1";""
"202200037630";"746 888";"A01";"2";"3";"0";"1";"3";"15";"1";""
"202200037631";"746 886";"B01";"1";"7";"0";"2";"8";"1";"1";""
"202200037631";"746 887";"A01";"1";"2";"0";"2";"1";"17";"1";""
"202200037632";"746 883";"A01";"1";"10";"0";"2";"1";"0";"1";""
"202200037632";"746 884";"C01";"1";"7";"0";"2";"1";"0";"1";""
"202200037632";"746 885";"B01";"1";"7";"0";"2";"1";"0";"1";""
"202200037633";"746 882";"A01";"2";"30";"0";"0";"1";"26";"1";""
"202200037634";"746 881";"A01";"1";"7";"0";"1";"2";"16";"1";""
"202200037635";"746 880";"A01";"1";"80";"0";"9";"0";"26";"3";""
"202200037636";"746 878";"A01";"1";"50";"0";"2";"0";"1";"3";""
"202200037636";"746 879";"B01";"2";"7";"0";"2";"1";"1";"1";""
"202200037637";"746 876";"A01";"1";"7";"0";"2";"3";"15";"1";""
"202200037637";"746 877";"B01";"2";"31";"0";"2";"1";"1";"1";""
"202200037638";"746 874";"B01";"1";"33";"0";"2";"7";"1";"1";""
"202200037638";"746 875";"A01";"1";"7";"0";"2";"8";"11";"2";""
"202200037639";"746 872";"A01";"1";"7";"0";"2";"1";"2";"1";""
"202200037639";"746 873";"B01";"1";"7";"0";"2";"4";"2";"1";""
"202200037640";"746 871";"A01";"1";"33";"0";"0";"5";"21";"1";""
"202200037641";"746 869";"A01";"1";"33";"0";"2";"1";"21";"1";""
"202200037641";"746 870";"B01";"1";"7";"0";"2";"4";"2";"1";""