"Num_Acc";"id_vehicule";"num_veh";"senc";"catv";"obs";"obsm";"choc";"manv";"motor";"occutc"
"202200037642";"746 868";"A01";"2";"15";"8";"0";"1";"1";"1";""
"202200037643";"746 867";"A01";"1";"7";"0";"1";"1";"26";"1";""
"202200037644";"746 866";"A01";"1";"7";"0";"1";"1";"16";"1";""
"202200037645";"746 863";"C01";"2";"7";"0";"2";"4";"23";"1";""
"202200037645";"746 864";"B01";"0";"7";"0";"2";"4";"23";"1";""
"202200037645";"746 865";"A01";"2";"7";"0";"2";"1";"1";"1";""
"202200037646";"746 861";"A01";"3";"10";"0";"0";"0";"0";"1";""
"202200037646";"746 862";"B01";"3";"1";"0";"0";"0";"0";"5";""
"202200037647";"746 859";"B01";"1";"33";"0";"2";"1";"1";"1";""
"202200037647";"746 860";"A01";"1";"33";"0";"2";"6";"16";"1";""
"202200037648";"746 857";"B01";"2";"7";"0";"2";"4";"2";"1";""
"202200037648";"746 858";"A01";"2";"7";"0";"2";"1";"2";"1";""
"202200037649";"746 856";"A01";"3";"1";"0";"0";"0";"25";"5";""
"202200037650";"746 854";"A01";"3";"30";"0";"2";"7";"17";"1";""
"202200037650";"746 855";"B01";"3";"7";"0";"2";"8";"1";"1";""
"202200037651";"746 853";"A01";"1";"7";"0";"1";"4";"26";"1";""
"202200037652";"746 851";"A01";"2";"7";"0";"2";"7";"16";"1";""
"202200037652";"746 852";"B01";"2";"1";"0";"2";"8";"1";"5";""
"202200037653";"746 850";"A01";"2";"7";"2";"0";"1";"13";"1";""
"202200037654";"746 849";"A01";"2";"7";"6";"0";"1";"1";"1";""
"202200037655";"746 847";"A01";"1";"7";"0";"2";"1";"15";"1";""
"202200037655";"746 848";"B01";"2";"33";"0";"2";"1";"1";"1";""
"202200037656";"746 845";"B01";"2";"1";"0";"2";"7";"1";"5";""
"202200037656";"746 846";"A01";"1";"7";"0";"2";"3";"16";"1";""
"202200037657";"746 843";"A01";"1";"7";"0";"2";"2";"1";"1";""
"202200037657";"746 844";"B01";"1";"99";"0";"2";"8";"1";"2";""
"202200037658";"746 841";"A01";"1";"7";"0";"2";"1";"13";"1";""
"202200037658";"746 842";"B01";"2";"7";"0";"2";"3";"1";"1";""
"202200037659";"746 839";"A01";"1";"7";"0";"2";"2";"17";"1";""
"202200037659";"746 840";"B01";"1";"7";"6";"2";"8";"1";"2";""
"202200037660";"746 836";"A01";"1";"7";"0";"2";"1";"1";"1";""
"202200037660";"746 837";"C01";"1";"7";"0";"2";"3";"21";"1";""
"202200037660";"746 838";"B01";"1";"7";"0";"2";"4";"1";"1";""
"202200037661";"746 832";"B01";"1";"31";"0";"2";"0";"0";"1";""
"202200037661";"746 833";"A01";"1";"7";"0";"9";"3";"15";"1";""
"202200037662";"746 831";"A01";"1";"7";"16";"1";"2";"21";"1";""
"202200037663";"746 830";"A01";"1";"34";"12";"0";"2";"2";"1";""
"202200037664";"746 828";"A01";"2";"31";"0";"2";"1";"13";"1";""
"202200037664";"746 829";"B01";"1";"10";"0";"2";"2";"21";"1";""
"202200037665";"746 827";"A01";"2";"14";"0";"1";"3";"1";"1";""
"202200037666";"746 826";"A01";"3";"7";"0";"1";"1";"9";"1";""
"202200037667";"746 824";"B01";"2";"31";"0";"1";"1";"1";"1";""
"202200037667";"746 825";"C01";"2";"7";"0";"2";"3";"1";"1";""
"202200037668";"746 822";"A01";"2";"7";"1";"0";"1";"7";"1";""
"202200037668";"746 823";"B01";"1";"38";"1";"2";"4";"23";"1";"1"
"202200037669";"746 820";"A01";"3";"7";"0";"2";"1";"2";"1";""
"202200037669";"746 821";"B01";"3";"7";"0";"2";"5";"0";"1";""
"202200037670";"746 819";"A01";"1";"7";"0";"0";"1";"14";"1";""
"202200037671";"746 818";"A01";"3";"7";"0";"1";"2";"1";"1";""
"202200037672";"746 816";"A01";"2";"7";"0";"2";"1";"15";"1";""
"202200037672";"746 817";"B01";"1";"33";"0";"2";"1";"1";"1";""
"202200037673";"746 814";"Z01";"1";"7";"0";"2";"0";"1";"0";""
"202200037673";"746 815";"A01";"1";"30";"0";"2";"8";"1";"1";""
"202200037674";"746 812";"A01";"1";"7";"0";"2";"3";"14";"1";""
"202200037674";"746 813";"B01";"1";"7";"0";"2";"5";"24";"2";""
"202200037675";"746 810";"A01";"1";"10";"0";"2";"2";"2";"1";""
"202200037675";"746 811";"B01";"1";"30";"0";"2";"4";"23";"1";""
"202200037676";"746 809";"A01";"1";"7";"0";"1";"2";"16";"1";""
"202200037677";"746 807";"B01";"1";"7";"0";"2";"8";"1";"1";""
"202200037677";"746 808";"A01";"2";"30";"0";"2";"1";"1";"1";""
"202200037678";"746 806";"A01";"2";"1";"0";"1";"4";"1";"5";""
"202200037679";"746 804";"B01";"1";"1";"0";"2";"3";"1";"5";""
"202200037679";"746 805";"A01";"2";"7";"0";"2";"2";"15";"1";""
"202200037680";"746 803";"Z01";"0";"7";"15";"0";"1";"16";"3";""
"202200037681";"746 802";"A01";"1";"1";"0";"1";"1";"1";"5";""
"202200037682";"746 800";"B01";"1";"7";"0";"2";"3";"1";"1";""
"202200037682";"746 801";"A01";"1";"1";"0";"2";"1";"1";"5";""
"202200037683";"746 798";"A01";"2";"33";"0";"2";"1";"1";"1";""
"202200037683";"746 799";"B01";"1";"10";"0";"2";"2";"1";"1";""
"202200037684";"746 797";"A01";"3";"7";"0";"1";"1";"1";"2";""
"202200037685";"746 796";"A01";"1";"7";"0";"1";"1";"1";"2";""
"202200037686";"746 793";"A01";"1";"10";"0";"2";"1";"2";"0";""
"202200037686";"746 794";"B01";"1";"7";"0";"2";"9";"2";"0";""
"202200037686";"746 795";"C01";"1";"7";"0";"2";"4";"0";"0";""
"202200037687";"746 792";"A01";"2";"30";"0";"0";"0";"26";"1";""
"202200037688";"746 790";"A01";"0";"7";"0";"2";"3";"19";"2";""
"202200037688";"746 791";"B01";"0";"50";"0";"2";"2";"19";"3";""
"202200037689";"746 788";"B01";"3";"7";"0";"2";"3";"1";"1";""
"202200037689";"746 789";"A01";"3";"7";"0";"2";"8";"13";"1";""
"202200037690";"746 787";"A01";"3";"32";"0";"0";"0";"1";"1";""
"202200037691";"746 785";"B01";"1";"7";"0";"2";"2";"1";"1";""
"202200037691";"746 786";"A01";"1";"7";"0";"2";"3";"15";"1";""
"202200037692";"746 783";"B01";"2";"37";"0";"2";"6";"26";"1";"1"
"202200037692";"746 784";"A01";"1";"43";"0";"2";"2";"17";"1";""
"202200037693";"746 781";"B01";"1";"32";"0";"2";"0";"0";"0";""
"202200037693";"746 782";"A01";"1";"3";"0";"2";"0";"0";"0";""
"202200037694";"746 780";"A01";"1";"34";"0";"1";"1";"17";"1";""
"202200037695";"746 778";"A01";"1";"10";"0";"2";"3";"2";"1";""
"202200037695";"746 779";"B01";"1";"7";"0";"2";"4";"2";"1";""
"202200037696";"746 777";"A01";"3";"15";"0";"1";"1";"26";"1";""
"202200037697";"746 776";"A01";"2";"33";"0";"0";"0";"1";"1";""
"202200037698";"746 774";"B01";"1";"7";"4";"2";"4";"2";"1";""
"202200037698";"746 775";"A01";"1";"7";"0";"2";"1";"2";"1";""
"202200037699";"746 772";"A01";"1";"7";"0";"0";"3";"26";"1";""
"202200037699";"746 773";"B01";"2";"33";"0";"0";"1";"1";"1";""
"202200037700";"746 770";"A01";"3";"1";"0";"2";"1";"1";"5";""
"202200037700";"746 771";"B01";"3";"7";"0";"2";"1";"1";"1";""
"202200037701";"746 769";"A01";"0";"7";"7";"0";"1";"13";"1";""
"202200037702";"746 767";"A01";"2";"33";"0";"2";"1";"2";"1";""
"202200037702";"746 768";"B01";"2";"17";"0";"0";"0";"2";"1";""
"202200037703";"746 766";"A01";"2";"7";"13";"0";"2";"13";"1";""
"202200037704";"746 764";"A01";"2";"7";"15";"2";"1";"1";"1";""
"202200037704";"746 765";"B01";"1";"7";"0";"2";"3";"19";"1";""
"202200037705";"746 763";"A01";"2";"1";"0";"0";"2";"1";"5";""
"202200037706";"746 761";"A01";"1";"7";"0";"2";"3";"13";"1";""
"202200037706";"746 762";"B01";"2";"7";"0";"2";"3";"1";"1";""
"202200037707";"746 759";"A01";"1";"32";"3";"2";"8";"1";"1";""
"202200037707";"746 760";"B01";"1";"15";"0";"2";"5";"17";"1";""
"202200037708";"746 757";"B01";"2";"10";"0";"2";"3";"15";"1";""
"202200037708";"746 758";"A01";"2";"33";"0";"2";"1";"17";"1";""
"202200037709";"746 755";"A01";"3";"2";"0";"2";"8";"1";"1";""
"202200037709";"746 756";"B01";"3";"7";"0";"2";"3";"1";"1";""
"202200037710";"746 754";"A01";"1";"7";"15";"0";"1";"14";"1";""
"202200037711";"746 752";"B01";"1";"1";"0";"0";"4";"2";"5";""
"202200037711";"746 753";"A01";"1";"10";"0";"2";"2";"2";"1";""
"202200037712";"746 751";"A01";"1";"7";"2";"0";"2";"0";"1";""
"202200037713";"746 750";"A01";"1";"33";"6";"9";"1";"17";"1";""
"202200037714";"746 749";"A01";"3";"7";"0";"1";"2";"1";"1";""
"202200037715";"746 747";"B01";"1";"80";"0";"2";"8";"15";"3";""
"202200037715";"746 748";"A01";"1";"7";"0";"2";"7";"17";"1";""
"202200037716";"746 746";"A01";"1";"7";"7";"0";"1";"1";"1";""
"202200037717";"746 744";"B01";"1";"10";"0";"2";"3";"1";"1";""
"202200037717";"746 745";"A01";"2";"7";"0";"2";"1";"13";"1";""
"202200037718";"746 742";"A01";"2";"10";"4";"0";"6";"24";"1";""
"202200037718";"746 743";"B01";"2";"15";"1";"0";"1";"21";"1";""
"202200037719";"746 740";"B01";"1";"7";"0";"2";"3";"15";"1";""
"202200037719";"746 741";"A01";"2";"21";"0";"2";"1";"16";"1";""
"202200037720";"746 738";"A01";"3";"7";"0";"2";"2";"19";"1";""
"202200037720";"746 739";"B01";"1";"33";"0";"2";"1";"1";"1";""
"202200037721";"746 736";"B01";"0";"33";"0";"2";"1";"26";"1";""
"202200037721";"746 737";"A01";"3";"7";"0";"2";"1";"15";"1";""
"202200037722";"746 734";"B01";"3";"7";"0";"2";"1";"1";"1";""
"202200037722";"746 735";"A01";"3";"7";"0";"2";"1";"15";"1";""
"202200037723";"746 732";"A01";"0";"7";"0";"2";"5";"26";"1";""
"202200037723";"746 733";"B01";"0";"2";"0";"2";"3";"1";"1";""
"202200037724";"746 730";"A01";"2";"7";"0";"2";"1";"2";"1";""
"202200037724";"746 731";"B01";"2";"7";"3";"0";"4";"1";"1";""
"202200037725";"746 728";"A01";"1";"7";"0";"2";"1";"13";"1";""
"202200037725";"746 729";"B01";"2";"15";"0";"2";"3";"1";"1";""
"202200037726";"746 726";"B01";"2";"17";"0";"2";"1";"0";"1";""
"202200037726";"746 727";"A01";"1";"3";"0";"2";"1";"13";"3";""
"202200037727";"746 724";"A01";"2";"7";"3";"2";"2";"5";"1";""
"202200037727";"746 725";"B01";"1";"17";"0";"2";"2";"1";"1";""
"202200037728";"746 722";"A01";"1";"7";"0";"2";"3";"5";"1";""
"202200037728";"746 723";"B01";"2";"14";"0";"2";"3";"1";"1";""
"202200037729";"746 720";"B01";"2";"17";"0";"0";"4";"1";"1";""
"202200037729";"746 721";"A01";"2";"7";"0";"2";"1";"1";"1";""
"202200037730";"746 718";"A01";"1";"33";"0";"2";"1";"1";"0";""
"202200037730";"746 719";"B01";"2";"30";"0";"2";"8";"19";"0";""
"202200037731";"746 716";"A01";"3";"1";"0";"2";"8";"19";"5";""
"202200037731";"746 717";"B01";"3";"7";"0";"9";"2";"19";"1";""
"202200037732";"746 715";"A01";"2";"7";"8";"0";"2";"14";"1";""
"202200037733";"746 713";"A01";"1";"2";"0";"2";"2";"3";"1";""
"202200037733";"746 714";"B01";"1";"7";"0";"2";"8";"15";"1";""
"202200037734";"746 711";"B01";"2";"7";"0";"2";"2";"1";"1";""
"202200037734";"746 712";"A01";"1";"34";"0";"2";"8";"15";"1";""
"202200037735";"746 708";"C01";"2";"7";"0";"2";"1";"1";"1";""
"202200037735";"746 709";"A01";"2";"7";"0";"2";"2";"11";"1";""
"202200037735";"746 710";"B01";"2";"34";"0";"2";"1";"1";"1";""
"202200037736";"746 706";"A01";"1";"7";"2";"0";"1";"17";"1";""
"202200037736";"746 707";"B01";"1";"7";"7";"0";"7";"16";"1";""
"202200037737";"746 704";"A01";"3";"7";"0";"2";"8";"15";"6";""
"202200037737";"746 705";"B01";"3";"31";"0";"0";"1";"2";"1";""
"202200037738";"746 703";"A01";"1";"7";"13";"0";"9";"0";"1";""
"202200037739";"746 702";"A01";"1";"33";"16";"0";"9";"1";"1";""
"202200037740";"746 700";"B01";"1";"7";"0";"0";"4";"1";"1";""
"202200037740";"746 701";"A01";"1";"7";"0";"2";"1";"1";"1";""
"202200037741";"746 698";"B01";"1";"7";"0";"2";"6";"11";"1";""
"202200037741";"746 699";"A01";"1";"7";"0";"2";"2";"11";"1";""
"202200037742";"746 697";"A01";"1";"33";"0";"0";"1";"1";"1";""
"202200037743";"746 696";"A01";"1";"33";"0";"0";"8";"1";"1";""
"202200037744";"746 695";"A01";"1";"1";"0";"0";"0";"1";"5";""
"202200037745";"746 692";"B01";"3";"7";"0";"2";"3";"2";"1";""
"202200037745";"746 693";"A01";"3";"7";"0";"2";"1";"13";"1";""
"202200037746";"746 691";"A01";"3";"7";"0";"1";"3";"1";"1";""
"202200037747";"746 689";"B01";"2";"2";"0";"2";"1";"1";"1";""
"202200037747";"746 690";"A01";"1";"7";"0";"2";"1";"17";"1";""
"202200037748";"746 688";"A01";"1";"7";"15";"0";"1";"1";"1";""
"202200037749";"746 686";"B01";"2";"7";"0";"2";"3";"1";"1";""
"202200037749";"746 687";"A01";"1";"7";"0";"2";"3";"13";"1";""
"202200037750";"746 684";"A01";"3";"7";"0";"2";"1";"26";"1";""
"202200037750";"746 685";"B01";"3";"7";"0";"2";"1";"1";"1";""
"202200037751";"746 682";"B01";"1";"10";"0";"9";"4";"23";"1";""
"202200037751";"746 683";"A01";"1";"7";"0";"2";"1";"2";"1";""
"202200037752";"746 679";"C01";"2";"7";"0";"2";"4";"2";"1";""
"202200037752";"746 680";"B01";"2";"7";"0";"2";"4";"2";"1";""
"202200037752";"746 681";"A01";"2";"10";"0";"2";"1";"2";"1";""
"202200037753";"746 677";"A01";"0";"7";"0";"2";"6";"12";"1";""
"202200037753";"746 678";"B01";"0";"7";"0";"2";"8";"1";"1";""
"202200037754";"746 676";"A01";"1";"7";"4";"0";"1";"1";"1";""
"202200037755";"746 675";"A01";"2";"10";"4";"2";"1";"2";"1";""
"202200037756";"746 674";"A01";"1";"15";"0";"1";"2";"0";"1";""
"202200037757";"746 673";"A01";"1";"7";"10";"0";"3";"1";"1";""
"202200037758";"746 670";"A01";"2";"7";"0";"2";"3";"2";"1";""
"202200037758";"746 671";"B01";"2";"7";"0";"2";"5";"2";"1";""
"202200037758";"746 672";"C01";"2";"7";"0";"2";"4";"2";"1";""
"202200037759";"746 668";"B01";"1";"7";"0";"2";"4";"1";"2";""
"202200037759";"746 669";"A01";"1";"7";"0";"2";"1";"26";"1";""
"202200037760";"746 666";"B01";"2";"7";"0";"2";"5";"1";"1";""
"202200037760";"746 667";"A01";"2";"33";"0";"2";"1";"26";"1";""
"202200037761";"746 664";"A01";"1";"10";"0";"2";"1";"2";"1";""
"202200037761";"746 665";"B01";"1";"7";"0";"2";"4";"2";"1";""
"202200037762";"746 662";"A01";"2";"32";"0";"2";"8";"1";"1";""
"202200037762";"746 663";"Z01";"2";"10";"0";"2";"7";"12";"0";""
"202200037763";"746 660";"B01";"2";"7";"0";"2";"6";"2";"2";""
"202200037763";"746 661";"A01";"2";"13";"0";"2";"2";"12";"1";""
"202200037764";"746 657";"A01";"1";"7";"0";"2";"4";"1";"1";""
"202200037764";"746 658";"B01";"1";"7";"0";"2";"4";"2";"1";""
"202200037764";"746 659";"C01";"1";"7";"0";"2";"1";"2";"1";""
"202200037765";"746 654";"A01";"1";"7";"0";"2";"5";"1";"1";""
"202200037765";"746 655";"B01";"1";"33";"0";"2";"8";"21";"1";""
"202200037765";"746 656";"C01";"1";"7";"0";"2";"1";"18";"1";""
"202200037766";"746 652";"B01";"3";"1";"0";"2";"1";"1";"5";""
"202200037766";"746 653";"A01";"3";"7";"0";"9";"3";"9";"1";""
"202200037767";"746 651";"A01";"1";"7";"4";"0";"3";"13";"1";""
"202200037768";"746 650";"A01";"0";"2";"0";"1";"1";"1";"4";""
"202200037769";"746 649";"A01";"1";"32";"0";"1";"1";"9";"1";""
"202200037770";"746 648";"A01";"2";"7";"13";"5";"1";"1";"1";""
"202200037771";"746 647";"A01";"1";"7";"0";"1";"1";"26";"0";""
"202200037772";"746 645";"B01";"1";"10";"0";"2";"0";"26";"1";""
"202200037772";"746 646";"A01";"1";"7";"0";"2";"0";"0";"1";""
"202200037773";"746 643";"A01";"1";"7";"0";"2";"5";"17";"1";""
"202200037773";"746 644";"B01";"1";"15";"0";"2";"8";"1";"0";""
"202200037774";"746 641";"B01";"1";"2";"0";"2";"1";"1";"1";""
"202200037774";"746 642";"A01";"1";"7";"0";"2";"8";"9";"1";""
"202200037775";"746 640";"A01";"1";"30";"12";"0";"1";"1";"1";""
"202200037776";"746 638";"A01";"2";"33";"0";"2";"1";"2";"1";""
"202200037776";"746 639";"B01";"2";"7";"0";"2";"5";"2";"1";""
"202200037777";"746 636";"B01";"1";"1";"0";"2";"0";"0";"0";""
"202200037777";"746 637";"Z01";"2";"7";"0";"2";"4";"4";"0";""
"202200037778";"746 634";"B01";"2";"7";"0";"2";"6";"19";"1";""
"202200037778";"746 635";"A01";"3";"7";"0";"2";"1";"19";"1";""
"202200037779";"746 632";"A01";"1";"7";"0";"2";"3";"2";"1";""
"202200037779";"746 633";"B01";"1";"33";"0";"2";"2";"1";"1";""
"202200037780";"746 630";"A01";"1";"31";"0";"2";"2";"1";"1";""
"202200037780";"746 631";"B01";"1";"7";"0";"2";"2";"1";"1";""
"202200037781";"746 625";"A01";"1";"7";"0";"2";"1";"1";"3";""
"202200037781";"746 626";"D01";"1";"7";"0";"2";"4";"1";"1";""
"202200037781";"746 627";"E01";"1";"7";"0";"0";"0";"15";"1";""
"202200037781";"746 628";"B01";"1";"7";"14";"2";"6";"1";"1";""
"202200037781";"746 629";"C01";"1";"7";"0";"2";"4";"1";"1";""
"202200037782";"746 623";"A01";"1";"7";"0";"2";"1";"2";"1";""
"202200037782";"746 624";"B01";"1";"7";"0";"2";"4";"2";"1";""
"202200037783";"746 621";"A01";"1";"7";"0";"2";"1";"1";"1";""
"202200037783";"746 622";"B01";"1";"1";"0";"2";"4";"1";"5";""
"202200037784";"746 620";"A01";"1";"7";"6";"0";"6";"13";"1";""
"202200037785";"746 619";"A01";"1";"7";"0";"1";"2";"1";"1";""
"202200037786";"746 617";"A01";"1";"33";"14";"0";"0";"0";"0";""
"202200037786";"746 618";"B01";"1";"7";"14";"0";"4";"0";"0";""
"202200037787";"746 616";"A01";"2";"7";"2";"0";"5";"1";"1";""
"202200037788";"746 613";"C01";"1";"7";"0";"2";"4";"1";"1";""
"202200037788";"746 614";"B01";"1";"7";"0";"2";"6";"1";"1";""
"202200037788";"746 615";"A01";"1";"7";"0";"2";"1";"12";"1";""
"202200037789";"746 612";"A01";"0";"30";"8";"0";"1";"1";"1";""
"202200037790";"746 610";"A01";"2";"7";"0";"9";"8";"15";"1";""
"202200037790";"746 611";"B01";"1";"1";"0";"2";"8";"1";"5";""
"202200037791";"746 604";"A01";"3";"7";"0";"2";"1";"1";"1";""
"202200037791";"746 605";"B01";"3";"7";"0";"2";"3";"1";"1";""
"202200037792";"746 602";"B01";"3";"38";"0";"2";"3";"1";"0";"1"
"202200037792";"746 603";"A01";"3";"7";"0";"2";"2";"15";"1";""
"202200037793";"746 601";"A01";"3";"3";"15";"0";"1";"1";"0";""
"202200037794";"746 600";"A01";"2";"7";"1";"0";"1";"13";"1";""
"202200037795";"746 598";"B01";"1";"31";"14";"2";"1";"1";"1";""
"202200037795";"746 599";"A01";"1";"7";"0";"2";"4";"1";"1";""
"202200037796";"746 596";"B01";"2";"1";"0";"2";"9";"1";"0";""
"202200037796";"746 597";"A01";"1";"7";"0";"2";"8";"15";"1";""
"202200037797";"746 594";"A01";"3";"7";"1";"0";"1";"0";"1";""
"202200037797";"746 595";"B01";"3";"7";"0";"2";"6";"0";"2";""
"202200037798";"746 593";"A01";"2";"31";"2";"1";"1";"1";"0";""
"202200037799";"746 592";"A01";"3";"7";"0";"2";"4";"26";"1";""
"202200037800";"746 591";"A01";"3";"7";"0";"1";"2";"19";"1";""
"202200037801";"746 589";"A01";"1";"7";"0";"2";"7";"1";"1";""
"202200037801";"746 590";"B01";"2";"7";"0";"2";"1";"1";"1";""
"202200037802";"746 588";"A01";"1";"7";"13";"0";"1";"13";"1";""
"202200037803";"746 586";"B01";"1";"1";"0";"9";"1";"1";"5";""
"202200037803";"746 587";"A01";"1";"30";"0";"9";"1";"16";"3";""
"202200037804";"746 584";"A01";"1";"7";"0";"2";"1";"1";"1";""
"202200037804";"746 585";"B01";"1";"30";"0";"2";"1";"1";"1";""
"202200037805";"746 582";"B01";"1";"7";"0";"0";"4";"23";"1";""
"202200037805";"746 583";"A01";"1";"7";"0";"2";"1";"2";"1";""
"202200037806";"746 581";"A01";"1";"7";"2";"0";"1";"13";"1";""
"202200037807";"746 579";"Z01";"2";"7";"0";"2";"1";"2";"2";""
"202200037807";"746 580";"B01";"2";"33";"7";"0";"4";"1";"1";""
"202200037808";"746 577";"B01";"1";"7";"0";"2";"1";"1";"1";""
"202200037808";"746 578";"A01";"1";"1";"0";"2";"8";"1";"5";""
"202200037809";"746 575";"A01";"1";"7";"0";"2";"2";"15";"1";""
"202200037809";"746 576";"B01";"1";"2";"0";"2";"1";"1";"1";""
"202200037810";"746 574";"A01";"3";"30";"9";"0";"1";"16";"1";""
"202200037811";"746 573";"A01";"3";"7";"0";"1";"4";"20";"1";""
"202200037812";"746 571";"B01";"1";"33";"0";"2";"1";"1";"1";""
"202200037812";"746 572";"A01";"2";"7";"0";"2";"7";"15";"1";""
"202200037813";"746 569";"A01";"1";"33";"0";"2";"7";"17";"1";""
"202200037813";"746 570";"B01";"1";"7";"0";"2";"8";"15";"1";""
"202200037814";"746 568";"A01";"2";"7";"0";"1";"1";"1";"1";""
"202200037815";"746 566";"B01";"0";"33";"0";"2";"8";"15";"1";""
"202200037815";"746 567";"A01";"1";"7";"0";"2";"3";"15";"1";""
"202200037816";"746 564";"A01";"1";"10";"0";"2";"3";"23";"1";""
"202200037816";"746 565";"B01";"2";"1";"0";"2";"1";"13";"5";""
"202200037817";"746 562";"A01";"1";"7";"0";"2";"1";"1";"1";""
"202200037817";"746 563";"B01";"2";"7";"0";"2";"3";"0";"1";""
"202200037818";"746 560";"B01";"1";"33";"0";"2";"7";"1";"1";""
"202200037818";"746 561";"A01";"1";"7";"0";"2";"8";"11";"1";""
"202200037819";"746 558";"A01";"2";"33";"0";"2";"2";"3";"1";""
"202200037819";"746 559";"B01";"2";"7";"0";"2";"3";"1";"1";""
"202200037820";"746 556";"B01";"1";"7";"0";"2";"4";"1";"1";""
"202200037820";"746 557";"A01";"1";"33";"0";"2";"1";"3";"1";""
"202200037821";"746 554";"B01";"1";"33";"1";"2";"8";"13";"1";""
"202200037821";"746 555";"A01";"1";"7";"2";"2";"3";"13";"1";""
"202200037822";"746 553";"A01";"2";"30";"0";"0";"7";"5";"3";""
"202200037823";"746 551";"Z01";"2";"7";"0";"2";"2";"15";"0";""
"202200037823";"746 552";"A01";"3";"1";"0";"2";"3";"1";"5";""
"202200037824";"746 549";"B01";"2";"30";"0";"2";"1";"1";"1";""
"202200037824";"746 550";"A01";"1";"7";"0";"2";"5";"15";"1";""
"202200037825";"746 547";"A01";"1";"7";"0";"2";"3";"10";"1";""
"202200037825";"746 548";"B01";"1";"30";"0";"2";"1";"1";"1";""
"202200037826";"746 546";"A01";"1";"1";"0";"1";"2";"7";"5";""
"202200037827";"746 545";"Z01";"1";"7";"0";"1";"1";"16";"2";""
"202200037828";"746 542";"A01";"2";"7";"0";"2";"1";"2";"1";""
"202200037828";"746 543";"B01";"2";"7";"0";"2";"4";"2";"1";""
"202200037829";"746 541";"A01";"2";"80";"12";"0";"0";"13";"3";""
"202200037830";"746 540";"A01";"2";"1";"0";"1";"1";"1";"5";""
"202200037831";"746 538";"A01";"1";"7";"0";"2";"5";"12";"0";""
"202200037831";"746 539";"B01";"1";"33";"0";"2";"8";"1";"0";""
"202200037832";"746 536";"A01";"2";"33";"0";"2";"1";"1";"1";""
"202200037832";"746 537";"B01";"2";"7";"0";"2";"4";"11";"1";""
"202200037833";"746 533";"C01";"2";"7";"0";"2";"5";"1";"1";""
"202200037833";"746 534";"B01";"2";"33";"0";"2";"1";"3";"1";""
"202200037833";"746 535";"A01";"2";"10";"0";"2";"7";"12";"0";""
"202200037834";"746 531";"A01";"1";"7";"0";"2";"1";"2";"1";""
"202200037834";"746 532";"B01";"1";"7";"0";"2";"4";"2";"2";""
"202200037835";"746 529";"A01";"1";"15";"0";"2";"2";"1";"1";""
"202200037835";"746 530";"B01";"1";"7";"0";"2";"3";"9";"1";""
"202200037836";"746 527";"A01";"1";"32";"0";"2";"1";"2";"1";""
"202200037836";"746 528";"B01";"1";"10";"0";"2";"4";"2";"1";""
"202200037837";"746 524";"A01";"2";"7";"0";"2";"4";"12";"3";""
"202200037837";"746 525";"B01";"2";"10";"0";"2";"1";"1";"1";""
"202200037837";"746 526";"C01";"2";"7";"0";"2";"1";"1";"1";""
"202200037838";"746 521";"A01";"1";"33";"0";"2";"1";"3";"1";""
"202200037838";"746 522";"B01";"1";"7";"0";"2";"5";"14";"1";""
"202200037838";"746 523";"C01";"1";"7";"0";"2";"6";"23";"1";""
"202200037839";"746 520";"A01";"1";"15";"8";"0";"2";"26";"1";""
"202200037840";"746 518";"B01";"2";"7";"0";"2";"3";"14";"1";""
"202200037840";"746 519";"A01";"2";"10";"0";"2";"5";"1";"1";""
"202200037841";"746 514";"D01";"2";"7";"0";"2";"2";"0";"1";""
"202200037841";"746 515";"C01";"2";"7";"0";"2";"6";"1";"1";""
"202200037841";"746 516";"B01";"2";"7";"0";"2";"7";"2";"1";""
"202200037841";"746 517";"A01";"2";"7";"0";"2";"4";"1";"1";""
"202200037842";"746 513";"A01";"2";"1";"0";"0";"1";"1";"5";""
"202200037843";"746 512";"A01";"2";"7";"4";"0";"9";"0";"1";""
"202200037844";"746 511";"A01";"1";"2";"0";"0";"7";"1";"1";""
"202200037845";"746 510";"A01";"3";"7";"8";"0";"1";"1";"1";""
"202200037846";"746 509";"A01";"3";"33";"8";"0";"1";"1";"1";""
"202200037847";"746 508";"A01";"1";"15";"0";"1";"1";"1";"1";""
"202200037848";"746 506";"A01";"2";"99";"0";"2";"3";"15";"1";""
"202200037848";"746 507";"B01";"1";"33";"0";"2";"1";"1";"1";""
"202200037849";"746 504";"A01";"2";"7";"0";"2";"2";"15";"1";""
"202200037849";"746 505";"B01";"2";"31";"0";"2";"2";"1";"1";""
"202200037850";"746 501";"A01";"2";"10";"0";"2";"1";"1";"1";""
"202200037850";"746 502";"B01";"2";"7";"0";"2";"4";"1";"2";""
"202200037850";"746 503";"C01";"1";"10";"0";"2";"6";"1";"1";""
"202200037851";"746 499";"B01";"2";"7";"0";"2";"1";"1";"1";""
"202200037851";"746 500";"A01";"1";"7";"0";"2";"1";"15";"1";""
"202200037852";"746 497";"B01";"2";"80";"0";"2";"8";"19";"3";""
"202200037852";"746 498";"A01";"1";"7";"0";"2";"1";"15";"1";""
"202200037853";"746 496";"A01";"1";"7";"0";"1";"1";"9";"1";""
"202200037854";"746 495";"A01";"1";"7";"0";"1";"1";"1";"1";""