"Num_Acc";"id_vehicule";"num_veh";"senc";"catv";"obs";"obsm";"choc";"manv";"motor";"occutc"
"202200038070";"746 117";"A01";"3";"7";"6";"0";"1";"1";"1";""
"202200038071";"746 115";"B01";"1";"7";"0";"2";"1";"1";"1";""
"202200038071";"746 118";"A01";"2";"7";"0";"2";"2";"1";"1";""
"202200038072";"746 114";"A01";"2";"30";"0";"2";"1";"1";"1";""
"202200038072";"746 116";"B01";"2";"7";"0";"2";"6";"1";"2";""
"202200038073";"746 112";"A01";"0";"7";"2";"0";"8";"1";"1";""
"202200038074";"746 111";"A01";"0";"7";"8";"0";"4";"1";"1";""
"202200038074";"746 113";"B01";"0";"10";"0";"0";"1";"1";"1";""
"202200038075";"746 109";"A01";"2";"7";"2";"0";"3";"1";"1";""
"202200038076";"746 108";"B01";"1";"7";"0";"2";"1";"1";"0";""
"202200038076";"746 110";"A01";"2";"7";"0";"2";"1";"19";"1";""
"202200038077";"746 106";"A01";"3";"7";"0";"0";"1";"1";"1";""
"202200038078";"746 102";"A01";"1";"7";"6";"0";"1";"0";"1";""
"202200038079";"746 105";"A01";"2";"7";"0";"2";"3";"15";"1";""
"202200038079";"746 107";"B01";"3";"30";"0";"2";"8";"1";"1";""
"202200038080";"746 103";"A01";"1";"7";"0";"2";"3";"24";"1";""
"202200038080";"746 104";"B01";"1";"7";"1";"2";"1";"1";"1";""
"202200038081";"746 101";"A01";"0";"3";"0";"1";"1";"26";"3";""
"202200038082";"746 099";"A01";"1";"7";"0";"1";"1";"1";"1";""
"202200038083";"746 097";"A01";"3";"7";"0";"1";"2";"1";"1";""
"202200038084";"746 098";"A01";"1";"7";"0";"2";"3";"13";"1";""
"202200038084";"746 100";"B01";"2";"7";"0";"2";"3";"1";"1";""
"202200038085";"746 096";"A01";"1";"7";"13";"0";"8";"1";"1";""
"202200038086";"746 094";"B01";"2";"7";"0";"2";"1";"1";"1";""
"202200038086";"746 095";"A01";"1";"7";"0";"2";"1";"13";"1";""
"202200038087";"746 091";"A01";"1";"7";"8";"0";"1";"1";"1";""
"202200038088";"746 090";"B01";"1";"7";"0";"9";"4";"23";"1";""
"202200038088";"746 092";"A01";"1";"7";"0";"2";"1";"2";"1";""
"202200038089";"746 087";"A01";"1";"7";"0";"1";"1";"1";"1";""
"202200038090";"746 085";"B01";"2";"15";"0";"2";"3";"1";"0";""
"202200038090";"746 086";"A01";"1";"7";"0";"2";"3";"13";"1";""
"202200038091";"746 083";"A01";"3";"7";"6";"0";"1";"1";"2";""
"202200038092";"746 082";"B01";"1";"7";"0";"2";"1";"2";"0";""
"202200038092";"746 084";"A01";"1";"7";"0";"2";"4";"1";"1";""
"202200038093";"746 081";"A01";"2";"7";"0";"0";"9";"16";"1";""
"202200038094";"746 079";"B01";"2";"30";"0";"2";"8";"1";"1";""
"202200038094";"746 080";"A01";"1";"7";"0";"2";"0";"0";"0";""
"202200038095";"746 078";"A01";"1";"7";"0";"1";"2";"1";"1";""
"202200038096";"746 077";"A01";"2";"7";"0";"1";"1";"1";"1";""
"202200038097";"746 075";"C01";"2";"33";"0";"2";"2";"1";"1";""
"202200038097";"746 076";"A01";"2";"7";"0";"2";"6";"16";"1";""
"202200038098";"746 073";"A01";"1";"17";"8";"2";"3";"5";"1";""
"202200038098";"746 074";"B01";"2";"17";"0";"2";"3";"1";"1";""
"202200038099";"746 072";"A01";"2";"7";"0";"1";"2";"1";"1";""
"202200038100";"746 070";"A01";"3";"7";"0";"2";"3";"15";"1";""
"202200038100";"746 071";"B01";"3";"30";"14";"2";"1";"0";"1";""
"202200038101";"746 066";"B01";"2";"7";"0";"2";"3";"1";"1";""
"202200038101";"746 068";"A01";"1";"10";"0";"2";"3";"13";"1";""
"202200038102";"746 065";"A01";"1";"7";"0";"2";"1";"12";"1";""
"202200038102";"746 067";"Z01";"3";"0";"0";"2";"0";"0";"0";""
"202200038102";"746 069";"B01";"1";"7";"0";"2";"4";"2";"1";""
"202200038103";"746 063";"B01";"2";"7";"0";"2";"2";"0";"1";""
"202200038103";"746 064";"A01";"1";"2";"0";"2";"1";"13";"1";""
"202200038104";"746 060";"A01";"0";"7";"0";"2";"3";"15";"1";""
"202200038104";"746 062";"B01";"1";"30";"0";"2";"1";"1";"1";""
"202200038105";"746 059";"A01";"1";"10";"10";"0";"3";"1";"1";""
"202200038105";"746 061";"B01";"1";"7";"0";"2";"1";"1";"1";""
"202200038106";"746 057";"A01";"2";"15";"0";"2";"6";"9";"1";""
"202200038106";"746 058";"B01";"2";"15";"0";"2";"2";"1";"1";""
"202200038107";"746 056";"A01";"3";"7";"0";"1";"2";"1";"1";""
"202200038108";"746 055";"A01";"1";"7";"0";"1";"2";"1";"1";""
"202200038109";"746 053";"A01";"1";"7";"2";"0";"1";"18";"1";""
"202200038110";"746 052";"A01";"1";"7";"0";"2";"1";"1";"1";""
"202200038110";"746 054";"B01";"1";"7";"0";"2";"4";"1";"3";""
"202200038111";"746 047";"A01";"1";"7";"11";"0";"1";"1";"1";""
"202200038111";"746 049";"B01";"1";"7";"0";"2";"4";"1";"1";""
"202200038111";"746 050";"C01";"1";"7";"0";"2";"1";"2";"1";""
"202200038112";"746 044";"B01";"2";"10";"0";"0";"4";"1";"1";""
"202200038112";"746 045";"A01";"2";"7";"0";"2";"1";"2";"1";""
"202200038113";"746 046";"C01";"2";"7";"0";"2";"1";"2";"2";""
"202200038113";"746 048";"A01";"2";"7";"0";"2";"4";"2";"1";""
"202200038113";"746 051";"B01";"2";"7";"0";"2";"4";"2";"1";""
"202200038114";"746 041";"B01";"1";"7";"0";"2";"1";"17";"1";""
"202200038114";"746 043";"A01";"1";"7";"0";"0";"4";"17";"1";""
"202200038115";"746 040";"B01";"1";"7";"0";"2";"4";"2";"1";""
"202200038115";"746 042";"A01";"1";"7";"0";"2";"1";"2";"1";""
"202200038116";"746 038";"A01";"1";"2";"0";"2";"1";"5";"0";""
"202200038116";"746 039";"B01";"2";"2";"0";"2";"1";"9";"0";""
"202200038117";"746 036";"A01";"1";"7";"0";"2";"3";"13";"1";""
"202200038117";"746 037";"B01";"2";"7";"0";"2";"1";"1";"1";""
"202200038118";"746 035";"A01";"1";"7";"8";"0";"8";"1";"0";""
"202200038119";"746 034";"A01";"3";"7";"2";"0";"3";"13";"1";""
"202200038120";"746 032";"B01";"0";"7";"0";"2";"7";"16";"1";""
"202200038120";"746 033";"A01";"0";"2";"0";"2";"1";"18";"1";""
"202200038121";"746 029";"A01";"1";"33";"0";"2";"1";"1";"1";""
"202200038121";"746 031";"B01";"1";"7";"0";"2";"8";"15";"1";""
"202200038122";"746 028";"B01";"2";"7";"15";"0";"3";"0";"1";""
"202200038122";"746 030";"A01";"2";"10";"0";"2";"2";"0";"0";""
"202200038123";"746 024";"A01";"1";"7";"0";"2";"1";"1";"1";""
"202200038123";"746 026";"B01";"2";"2";"0";"2";"1";"1";"1";""
"202200038124";"746 025";"A01";"0";"7";"0";"2";"1";"1";"1";""
"202200038124";"746 027";"B01";"3";"7";"0";"0";"4";"23";"1";""
"202200038125";"746 021";"B01";"0";"10";"0";"2";"1";"13";"1";""
"202200038125";"746 023";"A01";"1";"7";"0";"2";"1";"1";"1";""
"202200038126";"746 020";"A01";"2";"10";"0";"2";"1";"0";"1";""
"202200038126";"746 022";"B01";"2";"7";"0";"2";"8";"13";"1";""
"202200038127";"746 017";"A01";"2";"7";"0";"2";"5";"1";"1";""
"202200038127";"746 019";"B01";"1";"7";"0";"2";"2";"1";"1";""
"202200038128";"746 016";"A01";"2";"7";"0";"2";"3";"9";"1";""
"202200038128";"746 018";"B01";"2";"1";"0";"2";"5";"1";"5";""
"202200038129";"746 015";"A01";"2";"10";"6";"0";"1";"1";"1";""
"202200038130";"746 012";"B01";"3";"7";"0";"2";"7";"1";"1";""
"202200038130";"746 014";"A01";"3";"50";"0";"2";"1";"1";"3";""
"202200038131";"746 011";"A01";"2";"7";"0";"2";"2";"11";"1";""
"202200038131";"746 013";"B01";"1";"2";"0";"2";"1";"1";"1";""
"202200038132";"746 009";"A01";"1";"7";"0";"1";"1";"26";"1";""
"202200038133";"746 008";"B01";"1";"7";"0";"2";"3";"1";"1";""
"202200038133";"746 010";"A01";"2";"7";"0";"2";"1";"1";"1";""
"202200038134";"746 007";"A01";"1";"7";"0";"1";"2";"1";"1";""
"202200038135";"746 004";"B01";"0";"7";"0";"2";"1";"1";"1";""
"202200038135";"746 005";"A01";"0";"34";"0";"2";"1";"5";"1";""
"202200038136";"746 003";"A01";"3";"7";"0";"1";"1";"1";"1";""
"202200038137";"746 000";"A01";"3";"7";"0";"1";"1";"16";"2";""
"202200038138";"745 998";"B01";"1";"32";"0";"2";"2";"1";"1";""
"202200038138";"745 999";"A01";"3";"10";"0";"2";"8";"9";"1";""
"202200038139";"745 994";"A01";"1";"7";"0";"2";"1";"1";"1";""
"202200038139";"745 996";"B01";"2";"1";"0";"2";"8";"19";"5";""
"202200038140";"745 993";"B01";"2";"7";"0";"2";"4";"23";"1";""
"202200038140";"745 995";"A01";"2";"7";"0";"2";"1";"1";"1";""
"202200038141";"745 992";"A01";"1";"31";"0";"0";"7";"1";"1";""
"202200038142";"745 991";"A01";"1";"7";"0";"1";"2";"1";"1";""
"202200038143";"745 986";"D01";"1";"7";"0";"2";"1";"1";"1";""
"202200038143";"745 987";"C01";"1";"10";"0";"2";"6";"1";"1";""
"202200038143";"745 989";"B01";"1";"7";"0";"2";"5";"1";"1";""
"202200038143";"745 990";"A01";"1";"7";"0";"2";"4";"1";"1";""
"202200038144";"745 985";"B01";"1";"33";"0";"2";"1";"1";"1";""
"202200038144";"745 988";"A01";"2";"10";"0";"2";"2";"14";"1";""
"202200038145";"745 975";"H01";"2";"7";"0";"2";"5";"2";"1";""
"202200038145";"745 976";"G01";"2";"7";"0";"2";"2";"2";"1";""
"202200038145";"745 977";"F01";"2";"7";"0";"2";"6";"2";"1";""
"202200038145";"745 979";"E01";"2";"7";"0";"2";"4";"2";"1";""
"202200038145";"745 980";"D01";"2";"7";"0";"2";"4";"2";"1";""
"202200038145";"745 982";"C01";"2";"7";"0";"2";"1";"21";"1";""
"202200038145";"745 983";"B01";"2";"7";"0";"2";"5";"2";"1";""
"202200038145";"745 984";"A01";"2";"7";"0";"2";"1";"21";"1";""
"202200038146";"745 978";"B01";"1";"1";"0";"2";"4";"1";"5";""
"202200038146";"745 981";"A01";"1";"7";"0";"2";"2";"1";"1";""
"202200038147";"745 974";"A01";"1";"33";"0";"0";"7";"3";"1";""
"202200038148";"745 972";"B01";"2";"33";"0";"0";"4";"2";"1";""
"202200038148";"745 973";"A01";"2";"7";"0";"2";"1";"2";"1";""
"202200038149";"745 970";"A01";"1";"17";"0";"2";"8";"2";"1";""
"202200038149";"745 971";"B01";"1";"7";"0";"2";"1";"2";"1";""
"202200038150";"745 969";"A01";"3";"7";"3";"0";"1";"15";"1";""
"202200038151";"745 967";"B01";"1";"7";"0";"2";"4";"1";"1";""
"202200038151";"745 968";"A01";"1";"31";"0";"2";"1";"1";"1";""
"202200038152";"745 964";"B01";"2";"10";"0";"2";"4";"23";"1";""
"202200038152";"745 965";"A01";"2";"7";"0";"2";"1";"1";"1";""
"202200038153";"745 962";"B01";"2";"7";"0";"2";"4";"24";"1";""
"202200038153";"745 963";"A01";"2";"7";"0";"2";"1";"2";"1";""
"202200038154";"745 959";"A01";"1";"7";"0";"1";"1";"26";"1";""
"202200038155";"745 960";"A01";"1";"7";"0";"2";"4";"15";"1";""
"202200038155";"745 961";"B01";"1";"38";"4";"2";"1";"1";"6";"8"
"202200038155";"745 966";"C01";"2";"10";"0";"2";"1";"1";"1";""
"202200038156";"745 956";"A01";"1";"32";"0";"2";"1";"1";"1";""
"202200038156";"745 958";"B01";"2";"10";"0";"2";"1";"15";"1";""
"202200038157";"745 955";"A01";"1";"33";"0";"2";"1";"13";"1";""
"202200038157";"745 957";"B01";"2";"7";"0";"2";"1";"1";"1";""
"202200038158";"745 954";"A01";"3";"7";"0";"1";"1";"1";"0";""
"202200038159";"745 951";"A01";"2";"7";"3";"2";"1";"17";"1";""
"202200038159";"745 953";"B01";"2";"7";"0";"2";"3";"1";"2";""
"202200038160";"745 950";"B01";"1";"7";"0";"2";"1";"1";"1";""
"202200038160";"745 952";"A01";"2";"7";"0";"2";"2";"13";"1";""
"202200038161";"745 947";"A01";"1";"7";"0";"2";"1";"13";"1";""
"202200038161";"745 948";"B01";"2";"7";"0";"2";"3";"1";"1";""
"202200038161";"745 949";"C01";"2";"7";"0";"2";"1";"1";"1";""
"202200038162";"745 946";"A01";"2";"7";"6";"0";"1";"1";"1";""
"202200038163";"745 944";"A01";"2";"7";"1";"9";"2";"14";"1";""
"202200038164";"745 943";"A01";"3";"7";"0";"2";"1";"1";"1";""
"202200038164";"745 945";"B01";"3";"50";"0";"2";"7";"19";"3";""
"202200038165";"745 940";"B01";"1";"2";"0";"2";"1";"2";"1";""
"202200038165";"745 942";"A01";"1";"7";"0";"2";"8";"15";"1";""
"202200038166";"745 939";"A01";"2";"50";"0";"0";"8";"0";"3";""
"202200038166";"745 941";"B01";"2";"0";"0";"9";"1";"0";"0";""
"202200038167";"745 938";"A01";"1";"33";"12";"0";"6";"15";"1";""
"202200038168";"745 935";"B01";"2";"7";"0";"2";"3";"1";"1";""
"202200038168";"745 937";"A01";"1";"33";"13";"2";"1";"1";"1";""
"202200038169";"745 934";"B01";"2";"7";"0";"2";"4";"23";"1";""
"202200038169";"745 936";"A01";"2";"7";"0";"2";"1";"2";"1";""
"202200038170";"745 933";"A01";"2";"7";"0";"0";"1";"1";"1";""
"202200038171";"745 932";"A01";"1";"7";"0";"1";"2";"1";"1";""
"202200038172";"745 929";"A01";"3";"7";"0";"2";"3";"24";"1";""
"202200038172";"745 930";"B01";"1";"7";"0";"2";"2";"2";"1";""
"202200038173";"745 928";"A01";"2";"7";"0";"2";"5";"1";"1";""
"202200038173";"745 931";"B01";"2";"60";"0";"2";"5";"1";"5";""
"202200038174";"745 926";"A01";"2";"10";"12";"0";"2";"26";"1";""
"202200038175";"745 925";"A01";"1";"10";"0";"2";"4";"25";"1";""
"202200038175";"745 927";"B01";"1";"1";"0";"2";"8";"2";"5";""
"202200038176";"745 922";"A01";"1";"7";"0";"2";"1";"2";"1";""
"202200038176";"745 924";"B01";"2";"7";"0";"2";"6";"15";"1";""
"202200038177";"745 921";"A01";"3";"7";"0";"2";"6";"9";"1";""
"202200038177";"745 923";"B01";"3";"7";"0";"2";"2";"1";"1";""
"202200038178";"745 919";"A01";"1";"10";"0";"1";"1";"16";"1";""
"202200038179";"745 918";"A01";"2";"7";"0";"2";"3";"1";"1";""
"202200038179";"745 920";"B01";"1";"7";"0";"2";"3";"1";"1";""
"202200038180";"745 915";"B01";"1";"33";"0";"2";"1";"1";"1";""
"202200038180";"745 917";"A01";"2";"7";"0";"2";"1";"15";"1";""
"202200038181";"745 914";"A01";"3";"7";"0";"2";"3";"1";"1";""
"202200038181";"745 916";"B01";"3";"7";"0";"2";"5";"15";"1";""
"202200038182";"745 913";"A01";"1";"30";"16";"0";"1";"1";"1";""
"202200038183";"745 911";"LA01";"1";"7";"0";"1";"2";"1";"1";""
"202200038184";"745 910";"B01";"2";"10";"0";"2";"4";"23";"1";""
"202200038184";"745 912";"A01";"2";"7";"1";"0";"1";"24";"1";""
"202200038185";"745 905";"A01";"1";"30";"0";"0";"0";"1";"1";""
"202200038186";"745 903";"D01";"2";"7";"0";"2";"8";"1";"1";""
"202200038186";"745 904";"C01";"2";"7";"0";"2";"8";"1";"1";""
"202200038186";"745 906";"B01";"2";"7";"0";"2";"6";"1";"1";""
"202200038186";"745 907";"A01";"2";"3";"12";"2";"1";"26";"1";""
"202200038187";"745 902";"A01";"2";"7";"0";"1";"1";"9";"1";""
"202200038188";"745 898";"A01";"2";"7";"0";"2";"2";"13";"1";""
"202200038188";"745 900";"B01";"1";"7";"3";"2";"3";"1";"2";""
"202200038189";"745 899";"B01";"2";"7";"0";"2";"3";"15";"1";""
"202200038189";"745 901";"A01";"2";"33";"0";"2";"1";"2";"1";""
"202200038190";"745 896";"A01";"2";"7";"13";"0";"3";"1";"1";""
"202200038191";"745 895";"B01";"3";"1";"0";"2";"1";"1";"5";""
"202200038191";"745 897";"A01";"3";"7";"0";"2";"8";"9";"1";""
"202200038192";"745 894";"A01";"2";"33";"0";"0";"9";"1";"1";""
"202200038193";"745 893";"A01";"3";"7";"1";"0";"1";"14";"1";""
"202200038194";"745 892";"A01";"1";"33";"2";"0";"1";"0";"1";""
"202200038195";"745 891";"A01";"1";"13";"0";"1";"1";"16";"1";""
"202200038196";"745 890";"A01";"0";"38";"0";"1";"1";"1";"1";"1"
"202200038197";"745 887";"A01";"2";"43";"0";"2";"1";"17";"1";""
"202200038197";"745 889";"B01";"1";"32";"0";"2";"1";"1";"0";""
"202200038198";"745 886";"A01";"2";"33";"0";"2";"2";"3";"1";""
"202200038198";"745 888";"B01";"2";"7";"0";"2";"3";"11";"1";""
"202200038199";"745 884";"B01";"0";"7";"0";"2";"4";"1";"1";""
"202200038199";"745 885";"A01";"1";"33";"0";"2";"1";"2";"1";""
"202200038200";"745 882";"A01";"2";"32";"0";"2";"1";"15";"1";""
"202200038200";"745 883";"B01";"1";"1";"0";"2";"8";"19";"5";""
"202200038201";"745 879";"B01";"2";"7";"0";"2";"1";"13";"1";""
"202200038201";"745 881";"A01";"1";"7";"0";"2";"1";"0";"1";""
"202200038202";"745 876";"C01";"0";"10";"0";"2";"1";"1";"1";""
"202200038202";"745 878";"B01";"0";"7";"0";"2";"1";"1";"2";""
"202200038202";"745 880";"A01";"0";"7";"0";"2";"4";"1";"1";""
"202200038203";"745 875";"B01";"1";"2";"0";"2";"1";"1";"1";""
"202200038203";"745 877";"A01";"3";"7";"0";"2";"3";"15";"1";""
"202200038204";"745 869";"B01";"1";"7";"0";"2";"3";"1";"1";""
"202200038204";"745 871";"A01";"1";"7";"5";"2";"2";"19";"1";""
"202200038205";"745 868";"A01";"2";"7";"0";"1";"3";"14";"1";""
"202200038206";"745 864";"C01";"2";"7";"0";"2";"4";"2";"1";""
"202200038206";"745 865";"B01";"2";"7";"0";"2";"4";"2";"1";""
"202200038206";"745 867";"A01";"2";"7";"0";"2";"1";"2";"1";""
"202200038207";"745 863";"A01";"2";"7";"0";"2";"5";"5";"1";""
"202200038207";"745 866";"B01";"2";"43";"0";"2";"3";"15";"1";""
"202200038208";"745 861";"A01";"1";"30";"0";"2";"8";"18";"1";""
"202200038208";"745 862";"B01";"1";"7";"0";"2";"5";"23";"2";""
"202200038209";"745 858";"C01";"2";"10";"0";"2";"4";"23";"1";""
"202200038209";"745 859";"B01";"2";"7";"0";"2";"4";"23";"2";""
"202200038209";"745 860";"A01";"2";"30";"0";"2";"1";"18";"3";""
"202200038210";"745 857";"A01";"1";"7";"11";"0";"1";"13";"1";""
"202200038211";"745 854";"Z01";"2";"1";"0";"2";"1";"2";"0";""
"202200038211";"745 856";"A01";"2";"50";"0";"2";"4";"2";"3";""
"202200038212";"745 853";"B01";"2";"2";"0";"2";"4";"10";"1";""
"202200038212";"745 855";"A01";"2";"43";"0";"2";"1";"1";"1";""
"202200038213";"745 850";"B01";"2";"7";"0";"2";"3";"15";"1";""
"202200038213";"745 852";"A01";"1";"33";"0";"2";"1";"7";"1";""
"202200038214";"745 851";"Z01";"2";"7";"0";"1";"1";"1";"0";""
"202200038215";"745 848";"A01";"2";"7";"0";"1";"4";"4";"2";""
"202200038216";"745 849";"A01";"2";"30";"0";"0";"0";"21";"3";""
"202200038217";"745 844";"B01";"2";"7";"0";"2";"8";"15";"1";""
"202200038217";"745 846";"A01";"2";"31";"0";"2";"1";"1";"1";""
"202200038218";"745 845";"A01";"1";"2";"0";"2";"2";"9";"1";""
"202200038218";"745 847";"B01";"1";"7";"0";"2";"1";"1";"1";""
"202200038219";"745 841";"A01";"2";"7";"0";"2";"2";"22";"3";""
"202200038219";"745 843";"B01";"2";"1";"0";"2";"1";"18";"5";""
"202200038220";"745 840";"B01";"0";"32";"0";"2";"1";"1";"1";""
"202200038220";"745 842";"A01";"0";"7";"0";"2";"5";"15";"1";""
"202200038221";"745 838";"A01";"1";"7";"0";"2";"3";"15";"1";""
"202200038221";"745 839";"B01";"1";"1";"0";"2";"1";"1";"5";""
"202200038222";"745 835";"C01";"3";"13";"0";"2";"2";"2";"1";""
"202200038222";"745 836";"B01";"3";"7";"0";"2";"5";"11";"1";""
"202200038222";"745 837";"A01";"3";"33";"0";"2";"2";"3";"1";""
"202200038223";"745 833";"A01";" -1";"50";"0";"2";"0";"0";"3";""
"202200038223";"745 834";"B01";" -1";"7";"0";"2";"0";"1";"0";""
"202200038224";"745 830";"B01";"1";"34";"0";"2";"3";"1";"1";""
"202200038224";"745 832";"A01";"1";"7";"0";"2";"2";"16";"1";""
"202200038225";"745 829";"B01";"1";"7";"0";"2";"1";"1";"1";""
"202200038225";"745 831";"A01";"1";"7";"0";"2";"0";"1";"1";""
"202200038226";"745 827";"A01";"1";"32";"1";"0";"0";"9";"1";""
"202200038227";"745 828";"A01";"3";"7";"4";"0";"9";"1";"1";""
"202200038228";"745 824";"B01";"1";"7";"0";"2";"0";"0";"1";""
"202200038228";"745 826";"A01";"1";"7";"0";"2";"8";"0";"1";""
"202200038229";"745 823";"B01";"0";"33";"0";"2";"3";"1";"1";""
"202200038229";"745 825";"A01";"3";"13";"0";"2";"5";"17";"1";""
"202200038230";"745 820";"A01";"2";"7";"0";"2";"1";"1";"2";""
"202200038230";"745 822";"B01";"2";"7";"0";"2";"8";"10";"1";""
"202200038231";"745 819";"B01";"2";"33";"0";"2";"6";"15";"1";""
"202200038231";"745 821";"A01";"2";"10";"0";"2";"3";"1";"1";""
"202200038232";"745 818";"A01";"0";"7";"0";"1";"2";"1";"1";""
"202200038233";"745 816";"A01";"1";"7";"0";"2";"2";"1";"1";""
"202200038233";"745 817";"B01";"1";"33";"0";"2";"3";"13";"1";""
"202200038234";"745 814";"A01";"1";"7";"0";"2";"1";"13";"1";""
"202200038234";"745 815";"B01";"2";"7";"0";"2";"1";"1";"1";""
"202200038235";"745 812";"A01";"0";"32";"0";"2";"4";"1";"1";""
"202200038235";"745 813";"B01";"0";"1";"0";"0";"0";"0";"5";""
"202200038236";"745 811";"A01";"1";"15";"3";"0";"3";"1";"1";""
"202200038237";"745 809";"A01";"1";"7";"13";"0";"1";"14";"1";""
"202200038238";"745 808";"B01";"2";"7";"0";"2";"1";"11";"1";""
"202200038238";"745 810";"A01";"2";"30";"0";"2";"1";"1";"1";""
"202200038239";"745 807";"A01";"1";"2";"7";"0";"1";"26";"1";""
"202200038240";"745 804";"B01";"2";"32";"0";"2";"1";"1";"1";""
"202200038240";"745 806";"A01";"1";"7";"0";"2";"3";"15";"1";""
"202200038241";"745 803";"B01";"2";"7";"0";"2";"1";"1";"1";""
"202200038241";"745 805";"A01";"1";"7";"0";"2";"1";"13";"1";""
"202200038242";"745 802";"A01";"3";"33";"0";"0";"0";"1";"1";""
"202200038243";"745 801";"A01";"2";"7";"2";"0";"2";"1";"1";""
"202200038244";"745 799";"A01";"2";"1";"6";"0";"1";"1";"5";""
"202200038245";"745 798";"A01";"1";"10";"0";"2";"8";"1";"1";""
"202200038245";"745 800";"B01";"1";"32";"0";"2";"7";"17";"1";""
"202200038246";"745 796";"A01";"1";"7";"0";"2";"2";"17";"1";""
"202200038246";"745 797";"B01";"1";"80";"0";"2";"8";"15";"3";""
"202200038247";"745 794";"B01";"2";"7";"0";"2";"2";"1";"1";""
"202200038247";"745 795";"A01";"1";"10";"0";"2";"5";"15";"1";""
"202200038248";"745 791";"B01";"2";"31";"0";"2";"1";"2";"1";""
"202200038248";"745 792";"A01";"2";"2";"0";"2";"4";"17";"1";""
"202200038249";"745 790";"B01";"1";"7";"3";"2";"1";"1";"1";""
"202200038249";"745 793";"A01";"2";"7";"0";"2";"1";"15";"1";""
"202200038250";"745 789";"A01";"1";"7";"0";"1";"1";"15";"1";""
"202200038251";"745 787";"A01";"3";"21";"0";"1";"1";"1";"1";""
"202200038252";"745 785";"A01";"1";"7";"12";"0";"1";"0";"1";""
"202200038253";"745 784";"A01";"2";"7";"0";"0";"1";"1";"1";""
"202200038253";"745 786";"B01";"2";"7";"0";"9";"1";"0";"1";""
"202200038253";"745 788";"C01";"2";"13";"0";"0";"4";"0";"1";""
"202200038254";"745 781";"A01";"1";"7";"0";"1";"2";"2";"1";""
"202200038255";"745 779";"A01";"1";"7";"0";"2";"8";"19";"1";""
"202200038255";"745 783";"B01";"1";"33";"0";"2";"1";"1";"0";""
"202200038256";"745 780";"B01";"2";"99";"0";"2";"7";"0";"0";""
"202200038256";"745 782";"A01";"1";"10";"0";"9";"1";"0";"0";""
"202200038257";"745 775";"B01";"1";"1";"0";"0";"0";"0";"5";""
"202200038257";"745 778";"A01";"1";"30";"12";"0";"0";"26";"0";""
"202200038258";"745 773";"B01";"1";"7";"0";"2";"1";"1";"2";""
"202200038258";"745 776";"A01";"2";"7";"13";"2";"7";"15";"1";""
"202200038259";"745 771";"A01";"1";"1";"0";"0";"8";"26";"5";""
"202200038260";"745 769";"D01";"2";"7";"0";"2";"3";"1";"1";""
"202200038260";"745 772";"C01";"1";"7";"0";"2";"3";"1";"1";""
"202200038260";"745 774";"B01";"1";"7";"0";"2";"1";"1";"1";""
"202200038260";"745 777";"A01";"2";"7";"0";"2";"3";"13";"1";""
"202200038261";"745 768";"A01";"2";"3";"0";"2";"3";"13";"1";""
"202200038261";"745 770";"B01";"1";"7";"13";"2";"8";"1";"1";""
"202200038262";"745 767";"A01";"3";"10";"0";"0";"0";"0";"0";""
"202200038263";"745 761";"A01";"1";"99";"0";"2";"3";"9";"1";""
"202200038263";"745 765";"B01";"2";"33";"0";"2";"2";"1";"1";""
"202200038264";"745 760";"C01";"2";"7";"0";"2";"3";"1";"1";""
"202200038264";"745 762";"B01";"2";"7";"0";"2";"8";"1";"1";""
"202200038264";"745 766";"A01";"1";"7";"0";"2";"9";"1";"1";""
"202200038265";"745 759";"A01";"3";"2";"13";"0";"7";"1";"1";""
"202200038266";"745 758";"A01";"2";"7";"6";"0";"1";"2";"1";""
"202200038267";"745 757";"A01";"2";"7";"2";"0";"9";"1";"1";""
"202200038268";"745 756";"A01";"2";"7";"2";"0";"2";"14";"1";""
"202200038269";"745 755";"A01";"2";"7";"0";"1";"1";"26";"1";""
"202200038270";"745 754";"A01";"2";"32";"8";"0";"1";"1";"1";""
"202200038271";"745 753";"A01";"1";"33";"5";"0";"1";"1";"1";""
"202200038272";"745 752";"A01";"0";"2";"16";"0";"8";"15";"1";""
"202200038273";"745 750";"A01";"2";"7";"0";"0";"2";"1";"1";""
"202200038274";"745 749";"A01";"1";"7";"0";"2";"1";"2";"1";""
"202200038274";"745 751";"B01";"1";"17";"0";"2";"6";"2";"1";""
"202200038275";"745 747";"A01";"3";"7";"0";"1";"3";"1";"1";""
"202200038276";"745 744";"A01";"1";"7";"0";"2";"1";"1";"1";""
"202200038276";"745 746";"B01";"1";"2";"0";"2";"4";"1";"1";""
"202200038277";"745 743";"A01";"1";"7";"13";"0";"2";"1";"1";""
"202200038278";"745 742";"A01";"1";"31";"0";"2";"1";"1";"1";""
"202200038278";"745 745";"B01";"2";"7";"0";"2";"2";"18";"1";""
"202200038279";"745 739";"B01";"1";"15";"0";"2";"3";"21";"1";""
"202200038279";"745 741";"A01";"2";"7";"0";"2";"1";"26";"1";""
"202200038280";"745 737";"A01";"1";"2";"16";"0";"1";"1";"1";""
"202200038281";"745 735";"A01";"2";"7";"2";"0";"8";"0";"1";""
"202200038282";"745 734";"A01";"1";"7";"0";"0";"1";"24";"1";""