"Num_Acc";"id_vehicule";"num_veh";"senc";"catv";"obs";"obsm";"choc";"manv";"motor";"occutc"
"202200038479";"745 361";"A01";"3";"7";"0";"1";"1";"1";"1";""
"202200038480";"745 358";"A01";"3";"7";"0";"2";"3";"1";"1";""
"202200038480";"745 359";"B01";"3";"33";"0";"2";"3";"1";"1";""
"202200038481";"745 356";"B01";"2";"32";"0";"2";"1";"1";"1";""
"202200038481";"745 357";"Z01";"1";"7";"0";"2";"1";"15";"0";""
"202200038482";"745 355";"A01";"1";"7";"0";"1";"3";"1";"2";""
"202200038483";"745 354";"A01";"1";"30";"12";"0";"0";"26";"1";""
"202200038484";"745 351";"A01";"3";"3";"8";"2";"3";"1";"1";""
"202200038485";"745 352";"A01";"2";"7";"0";"2";"8";"15";"1";""
"202200038485";"745 353";"B01";"1";"7";"0";"2";"3";"1";"2";""
"202200038486";"745 348";"B01";"1";"14";"0";"2";"8";"1";"1";""
"202200038486";"745 349";"A01";"2";"7";"0";"2";"3";"13";"1";""
"202200038487";"745 345";"B01";"3";"10";"0";"2";"2";"1";"1";""
"202200038487";"745 346";"A01";"3";"7";"0";"2";"4";"20";"1";""
"202200038488";"745 343";"A01";"1";"7";"13";"0";"2";"1";"1";""
"202200038489";"745 344";"B01";"0";"7";"0";"2";"3";"1";"1";""
"202200038489";"745 347";"C01";"0";"7";"0";"2";"1";"0";"1";""
"202200038489";"745 350";"A01";"0";"7";"0";"2";"1";"13";"1";""
"202200038490";"745 341";"B01";"3";"10";"0";"2";"1";"1";"1";""
"202200038490";"745 342";"A01";"3";"7";"0";"2";"1";"13";"1";""
"202200038491";"745 340";"A01";"1";"31";"4";"0";"0";"0";"1";""
"202200038492";"745 339";"A01";"1";"32";"0";"1";"1";"1";"1";""
"202200038493";"745 338";"Z01";"1";"0";"0";"1";"7";"0";"0";""
"202200038494";"745 337";"A01";"1";"30";"8";"0";"1";"0";"1";""
"202200038495";"745 333";"A01";"2";"32";"0";"2";"8";"2";"1";""
"202200038495";"745 335";"B01";"0";"10";"0";"2";"1";"15";"1";""
"202200038496";"745 334";"B01";"3";"7";"0";"2";"7";"10";"1";""
"202200038496";"745 336";"A01";"2";"7";"0";"2";"1";"1";"1";""
"202200038497";"745 332";"A01";"1";"1";"0";"0";"0";"26";"5";""
"202200038498";"745 330";"B01";"1";"7";"0";"2";"3";"1";"1";""
"202200038498";"745 331";"A01";"2";"7";"13";"2";"3";"1";"1";""
"202200038499";"745 327";"A01";"2";"7";"0";"2";"1";"1";"2";""
"202200038499";"745 328";"B01";"2";"10";"0";"2";"4";"23";"1";""
"202200038499";"745 329";"C01";"2";"10";"0";"2";"4";"23";"1";""
"202200038500";"745 325";"B01";"2";"7";"0";"2";"5";"14";"1";""
"202200038500";"745 326";"A01";"2";"32";"0";"2";"8";"18";"1";""
"202200038501";"745 324";"A01";"3";"33";"12";"0";"1";"1";"1";""
"202200038502";"745 322";"Z01";"2";"1";"0";"0";"2";"14";"5";""
"202200038502";"745 323";"A01";"2";"1";"0";"2";"1";"1";"5";""
"202200038503";"745 320";"A01";"3";"7";"0";"2";"4";"1";"1";""
"202200038503";"745 321";"B01";"3";"7";"0";"2";"1";"1";"1";""
"202200038504";"745 318";"B01";"0";"7";"0";"2";"4";"24";"1";""
"202200038504";"745 319";"A01";"2";"10";"0";"2";"1";"14";"1";""
"202200038505";"745 316";"B01";"1";"1";"0";"2";"8";"15";"5";""
"202200038505";"745 317";"A01";"1";"7";"0";"2";"1";"1";"1";""
"202200038506";"745 313";"B01";"1";"30";"0";"2";"1";"17";"1";""
"202200038506";"745 315";"A01";"1";"7";"0";"2";"3";"10";"2";""
"202200038507";"745 309";"B01";"2";"7";"0";"2";"7";"22";"2";""
"202200038507";"745 310";"A01";"2";"30";"0";"2";"1";"18";"1";""
"202200038508";"745 306";"B01";"2";"30";"0";"2";"3";"1";"1";""
"202200038508";"745 307";"A01";"1";"7";"0";"2";"2";"15";"1";""
"202200038509";"745 301";"A01";"2";"7";"0";"2";"1";"0";"1";""
"202200038509";"745 303";"B01";"1";"7";"0";"2";"1";"1";"1";""
"202200038510";"745 300";"E01";"1";"7";"0";"2";"4";"2";"1";""
"202200038510";"745 302";"D01";"1";"7";"0";"2";"4";"2";"3";""
"202200038510";"745 304";"C01";"1";"7";"0";"2";"4";"2";"1";""
"202200038510";"745 305";"B01";"1";"7";"0";"2";"4";"2";"0";""
"202200038510";"745 308";"A01";"1";"10";"0";"2";"1";"2";"1";""
"202200038511";"745 298";"B01";"1";"1";"0";"2";"8";"1";"5";""
"202200038511";"745 299";"A01";"2";"7";"0";"2";"3";"15";"1";""
"202200038512";"745 296";"B01";"1";"1";"0";"0";"4";"0";"5";""
"202200038512";"745 297";"A01";"1";"7";"0";"2";"0";"0";"1";""
"202200038513";"745 293";"A01";"1";"7";"0";"2";"1";"1";"2";""
"202200038513";"745 294";"B01";"2";"43";"0";"2";"1";"1";"1";""
"202200038514";"745 289";"B01";"1";"7";"14";"0";"1";"0";"1";""
"202200038514";"745 291";"A01";"1";"7";"14";"9";"1";"2";"1";""
"202200038515";"745 287";"A01";"1";"10";"0";"2";"1";"15";"1";""
"202200038515";"745 288";"B01";"1";"33";"0";"2";"8";"1";"1";""
"202200038516";"745 285";"A01";"2";"7";"6";"0";"8";"1";"1";""
"202200038517";"745 284";"A01";"1";"1";"12";"2";"3";"13";"5";""
"202200038518";"745 281";"A01";"1";"7";"13";"0";"3";"2";"1";""
"202200038519";"745 282";"B01";"2";"1";"0";"2";"8";"19";"5";""
"202200038519";"745 283";"A01";"2";"7";"0";"2";"1";"16";"1";""
"202200038520";"745 279";"A01";"1";"50";"0";"0";"0";"15";"3";""
"202200038521";"745 280";"A01";"1";"7";"0";"1";"2";"1";"1";""
"202200038522";"745 277";"B01";"1";"30";"0";"2";"1";"1";"1";""
"202200038522";"745 278";"A01";"2";"7";"0";"2";"3";"17";"1";""
"202200038523";"745 275";"A01";"1";"50";"0";"0";"1";"21";"3";""
"202200038524";"745 274";"A01";"2";"7";"3";"2";"2";"5";"1";""
"202200038524";"745 276";"B01";"1";"7";"0";"2";"2";"1";"1";""
"202200038525";"745 271";"B01";"2";"7";"0";"2";"5";"2";"1";""
"202200038525";"745 273";"A01";"2";"30";"0";"2";"2";"2";"1";""
"202200038526";"745 272";"A01";"2";"34";"0";"1";"1";"1";"1";""
"202200038527";"745 270";"A01";"1";"10";"2";"0";"1";"1";"1";""
"202200038528";"745 269";"A01";"3";"31";"0";"0";"7";"21";"1";""
"202200038529";"745 267";"B01";"1";"7";"0";"2";"2";"15";"1";""
"202200038529";"745 268";"A01";"2";"43";"0";"2";"1";"1";"1";""
"202200038530";"745 265";"A01";"2";"7";"14";"2";"1";"2";"1";""
"202200038530";"745 266";"B01";"2";"7";"6";"0";"5";"2";"1";""
"202200038531";"745 264";"A01";"1";"2";"0";"0";"0";"1";"1";""
"202200038532";"745 262";"A01";"1";"7";"13";"0";"0";"26";"1";""
"202200038533";"745 259";"C01";"2";"7";"0";"9";"1";"1";"1";""
"202200038533";"745 260";"B01";"1";"7";"0";"2";"1";"1";"1";""
"202200038533";"745 263";"A01";"2";"2";"0";"2";"1";"13";"1";""
"202200038534";"745 258";"A01";"1";"7";"0";"2";"3";"1";"1";""
"202200038534";"745 261";"B01";"2";"7";"0";"2";"2";"1";"1";""
"202200038535";"745 255";"A01";"1";"2";"0";"2";"7";"17";"1";""
"202200038535";"745 257";"B01";"1";"7";"0";"2";"8";"26";"1";""
"202200038536";"745 253";"A01";"1";"10";"0";"2";"3";"15";"0";""
"202200038536";"745 256";"B01";"2";"33";"5";"2";"8";"1";"1";""
"202200038537";"745 252";"B01";"1";"7";"0";"2";"1";"0";"1";""
"202200038537";"745 254";"A01";"1";"50";"0";"2";"7";"1";"3";""
"202200038538";"745 250";"A01";"1";"7";"6";"0";"1";"1";"1";""
"202200038539";"745 247";"B01";"1";"32";"0";"2";"0";"1";"1";""
"202200038539";"745 249";"A01";"1";"7";"0";"2";"2";"1";"1";""
"202200038540";"745 248";"A01";"3";"7";"0";"2";"2";"19";"1";""
"202200038540";"745 251";"B01";"3";"2";"0";"2";"1";"2";"1";""
"202200038541";"745 246";"A01";"1";"34";"6";"0";"6";"1";"1";""
"202200038542";"745 244";"A01";"1";"2";"0";"0";"0";"1";"1";""
"202200038543";"745 243";"B01";"1";"7";"0";"0";"0";"16";"1";""
"202200038543";"745 245";"A01";"1";"50";"1";"0";"0";"14";"3";""
"202200038544";"745 242";"A01";"2";"2";"8";"0";"0";"1";"1";""
"202200038545";"745 239";"A01";"1";"7";"0";"1";"3";"1";"1";""
"202200038546";"745 238";"B01";"2";"7";"0";"2";"1";"1";"1";""
"202200038546";"745 241";"A01";"3";"30";"0";"2";"8";"1";"1";""
"202200038547";"745 237";"B01";"2";"1";"0";"2";"7";"1";"5";""
"202200038547";"745 240";"A01";"2";"7";"0";"2";"1";"1";"1";""
"202200038548";"745 233";"B01";"1";"33";"0";"2";"1";"21";"1";""
"202200038548";"745 236";"A01";"2";"7";"0";"0";"2";"23";"1";""
"202200038549";"745 231";"A01";"2";"30";"0";"2";"2";"9";"1";""
"202200038549";"745 234";"B01";"3";"1";"0";"2";"8";"1";"5";""
"202200038550";"745 232";"B01";"1";"10";"0";"2";"0";"0";"0";""
"202200038550";"745 235";"A01";"1";"30";"1";"2";"0";"16";"1";""
"202200038551";"745 228";"B01";"1";"7";"0";"0";"3";"15";"1";""
"202200038551";"745 230";"A01";"1";"33";"0";"2";"1";"17";"1";""
"202200038552";"745 225";"A01";"1";"7";"0";"2";"8";"24";"1";""
"202200038552";"745 226";"B01";"1";"1";"1";"2";"1";"0";"0";""
"202200038553";"745 224";"A01";"2";"33";"0";"0";"0";"0";"1";""
"202200038554";"745 221";"A01";"2";"7";"12";"0";"9";"13";"1";""
"202200038555";"745 218";"A01";"2";"7";"0";"0";"2";"0";"1";""
"202200038555";"745 219";"B01";"2";"1";"13";"0";"4";"2";"5";""
"202200038556";"745 216";"A01";"2";"30";"0";"0";"7";"1";"1";""
"202200038557";"745 214";"B01";"1";"7";"0";"2";"7";"1";"1";""
"202200038557";"745 215";"A01";"1";"33";"0";"2";"2";"13";"1";""
"202200038558";"745 213";"B01";"1";"33";"0";"2";"1";"1";"1";""
"202200038558";"745 217";"A01";"2";"7";"0";"2";"8";"1";"1";""
"202200038559";"745 210";"A01";"2";"10";"15";"0";"1";"14";"1";""
"202200038560";"745 211";"A01";"1";"7";"0";"2";"1";"19";"1";""
"202200038560";"745 212";"B01";"2";"50";"0";"2";"1";"1";"3";""
"202200038561";"745 209";"A01";"3";"7";"0";"1";"4";"4";"1";""
"202200038562";"745 206";"A01";"2";"7";"0";"0";"1";"1";"1";""
"202200038563";"745 205";"A01";"1";"7";"0";"2";"3";"15";"1";""
"202200038563";"745 208";"B01";"2";"32";"0";"2";"1";"1";"1";""
"202200038564";"745 204";"A01";"1";"7";"0";"2";"2";"17";"1";""
"202200038564";"745 207";"B01";"1";"7";"0";"0";"6";"1";"1";""
"202200038565";"745 202";"A01";"1";"7";"3";"0";"3";"1";"1";""
"202200038566";"745 203";"A01";"2";"7";"13";"0";"3";"26";"1";""
"202200038567";"745 200";"A01";"3";"10";"0";"2";"3";"15";"1";""
"202200038567";"745 201";"B01";"3";"33";"0";"2";"7";"17";"1";""
"202200038568";"745 198";"A01";"1";"31";"3";"0";"2";"1";"1";""
"202200038569";"745 197";"B01";"2";"33";"0";"0";"4";"2";"1";""
"202200038569";"745 199";"A01";"2";"7";"0";"2";"2";"2";"1";""
"202200038570";"745 196";"A01";"1";"10";"0";"1";"3";"15";"1";""
"202200038571";"745 195";"A01";"1";"7";"13";"0";"1";"21";"1";""
"202200038572";"745 194";"A01";"2";"7";"0";"1";"1";"1";"1";""
"202200038573";"745 186";"B01";"1";"33";"0";"2";"1";"1";"1";""
"202200038573";"745 188";"A01";"2";"33";"0";"2";"1";"13";"1";""
"202200038574";"745 185";"B01";"2";"7";"0";"2";"4";"2";"1";""
"202200038574";"745 187";"A01";"2";"7";"0";"2";"1";"2";"1";""
"202200038575";"745 183";"A01";"2";"7";"0";"2";"1";"13";"1";""
"202200038575";"745 184";"B01";"1";"7";"0";"2";"1";"1";"1";""
"202200038575";"745 189";"C01";"1";"7";"0";"2";"1";"1";"1";""
"202200038576";"745 180";"A01";"2";"33";"8";"2";"8";"1";"1";""
"202200038576";"745 182";"B01";"3";"7";"0";"2";"1";"19";"1";""
"202200038577";"745 179";"A01";"3";"7";"0";"2";"1";"15";"1";""
"202200038577";"745 181";"B01";"3";"32";"0";"2";"8";"1";"1";""
"202200038578";"745 177";"A01";"2";"33";"0";"0";"8";"1";"1";""
"202200038579";"745 178";"A01";"1";"7";"13";"0";"0";"16";"1";""
"202200038580";"745 174";"A01";"2";"17";"3";"0";"1";"14";"1";""
"202200038581";"745 175";"B01";"3";"50";"0";"2";"9";"1";"3";""
"202200038581";"745 176";"A01";"3";"7";"0";"9";"3";"15";"1";""
"202200038582";"745 173";"A01";"1";"2";"0";"0";"0";"1";"1";""
"202200038583";"745 170";"A01";"3";"10";"0";"2";"3";"15";"1";""
"202200038583";"745 172";"B01";"3";"80";"0";"2";"1";"1";"3";""
"202200038584";"745 171";"A01";"1";"7";"0";"1";"3";"1";"1";""
"202200038585";"745 163";"B01";"2";"7";"0";"2";"6";"26";"1";""
"202200038585";"745 167";"A01";"2";"7";"0";"2";"2";"1";"1";""
"202200038586";"745 164";"A01";"2";"7";"0";"2";"2";"2";"1";""
"202200038586";"745 166";"B01";"2";"1";"0";"2";"4";"1";"5";""
"202200038586";"745 168";"C01";"2";"1";"0";"2";"4";"1";"5";""
"202200038587";"745 162";"A01";"3";"33";"3";"0";"0";"0";"1";""
"202200038588";"745 159";"A01";"1";"7";"0";"1";"0";"1";"0";""
"202200038589";"745 158";"C01";"3";"7";"0";"2";"1";"2";"1";""
"202200038589";"745 160";"B01";"3";"7";"2";"2";"1";"1";"1";""
"202200038589";"745 161";"A01";"3";"7";"2";"2";"7";"1";"1";""
"202200038590";"745 157";"A01";"1";"33";"2";"0";"1";"1";"1";""
"202200038591";"745 155";"A01";"0";"33";"12";"0";"0";"0";"1";""
"202200038592";"745 149";"A01";"2";"7";"0";"2";"1";"2";"1";""
"202200038592";"745 151";"B01";"2";"7";"3";"2";"6";"2";"1";""
"202200038592";"745 153";"C01";"2";"7";"0";"0";"6";"2";"1";""
"202200038593";"745 150";"B01";"3";"31";"0";"2";"3";"1";"0";""
"202200038593";"745 152";"A01";"3";"7";"0";"2";"3";"15";"0";""
"202200038594";"745 147";"B01";"2";"1";"0";"2";"1";"1";"5";""
"202200038594";"745 148";"A01";"1";"7";"0";"2";"3";"15";"1";""
"202200038595";"745 146";"A01";"3";"33";"13";"9";"1";"14";"1";""
"202200038596";"745 143";"B01";"2";"7";"0";"2";"2";"1";"1";""
"202200038596";"745 145";"A01";"2";"7";"0";"2";"2";"9";"1";""
"202200038597";"745 138";"A01";"1";"10";"0";"2";"1";"2";"1";""
"202200038597";"745 141";"B01";"1";"7";"0";"2";"4";"2";"1";""
"202200038597";"745 144";"C01";"1";"7";"0";"0";"6";"2";"1";""
"202200038598";"745 140";"B01";"2";"33";"0";"2";"1";"1";"1";""
"202200038598";"745 142";"A01";"1";"7";"0";"2";"2";"15";"1";""
"202200038599";"745 137";"B01";"2";"31";"0";"2";"1";"1";"1";""
"202200038599";"745 139";"A01";"1";"31";"0";"2";"1";"13";"1";""
"202200038600";"745 136";"A01";"3";"7";"0";"6";"0";"1";"1";""
"202200038601";"745 134";"A01";"1";"10";"0";"2";"1";"0";"1";""
"202200038601";"745 135";"B01";"1";"7";"4";"0";"4";"1";"1";""
"202200038602";"745 133";"A01";"1";"99";"0";"2";"1";"11";"3";""
"202200038603";"745 131";"B01";"2";"33";"0";"2";"8";"1";"1";""
"202200038603";"745 132";"A01";"3";"7";"0";"2";"2";"19";"1";""
"202200038604";"745 129";"A01";"0";"7";"8";"0";"1";"16";"1";""
"202200038605";"745 128";"A01";"1";"7";"3";"0";"8";"17";"1";""
"202200038605";"745 130";"B01";"1";"33";"3";"0";"7";"17";"1";""
"202200038606";"745 125";"A01";"1";"7";"0";"2";"1";"0";"1";""
"202200038606";"745 127";"B01";"2";"2";"0";"2";"1";"1";"1";""
"202200038607";"745 121";"C01";"1";"7";"0";"2";"0";"1";"1";""
"202200038607";"745 124";"B01";"1";"7";"4";"2";"6";"11";"1";""
"202200038607";"745 126";"A01";"1";"7";"7";"2";"1";"17";"1";""
"202200038608";"745 122";"A01";"3";"7";"0";"2";"3";"15";"1";""
"202200038608";"745 123";"B01";"3";"2";"0";"2";"1";"17";"1";""
"202200038609";"745 119";"A01";"2";"7";"0";"2";"1";"1";"1";""
"202200038609";"745 120";"B01";"1";"38";"0";"2";"3";"1";"1";"1"
"202200038610";"745 114";"A01";"1";"7";"0";"2";"1";"1";"1";""
"202200038610";"745 117";"B01";"1";"7";"0";"2";"4";"1";"1";""
"202200038611";"745 113";"C01";"2";"7";"14";"0";"3";"0";"1";""
"202200038611";"745 116";"B01";"2";"7";"0";"2";"2";"2";"1";""
"202200038611";"745 118";"A01";"2";"7";"4";"0";"3";"2";"1";""
"202200038612";"745 112";"B01";"2";"1";"0";"0";"4";"0";"5";""
"202200038612";"745 115";"A01";"2";"0";"0";"9";"2";"0";"0";""
"202200038613";"745 108";"B01";"1";"7";"0";"2";"5";"1";"2";""
"202200038613";"745 111";"A01";"1";"7";"0";"2";"3";"1";"1";""
"202200038614";"745 107";"B01";"2";"7";"0";"2";"2";"21";"1";""
"202200038614";"745 110";"A01";"1";"7";"0";"2";"2";"13";"1";""
"202200038615";"745 106";"B01";"1";"7";"0";"2";"1";"1";"1";""
"202200038615";"745 109";"A01";"1";"7";"6";"2";"7";"19";"1";""
"202200038616";"745 104";"A01";"3";"2";"13";"0";"7";"1";"1";""
"202200038617";"745 102";"A01";"1";"7";"0";"2";"1";"1";"1";""
"202200038617";"745 105";"B01";"1";"7";"0";"2";"4";"1";"1";""
"202200038618";"745 101";"B01";"3";"10";"0";"2";"3";"26";"1";""
"202200038618";"745 103";"A01";"3";"7";"0";"2";"3";"26";"1";""
"202200038619";"745 097";"A01";"1";"10";"0";"2";"1";"0";"1";""
"202200038619";"745 099";"B01";"1";"10";"0";"2";"4";"23";"1";""
"202200038619";"745 100";"C01";"1";"7";"0";"0";"4";"23";"1";""
"202200038620";"745 095";"B01";"3";"7";"0";"2";"4";"1";"1";""
"202200038620";"745 098";"A01";"3";"7";"0";"2";"1";"2";"1";""
"202200038621";"745 094";"A01";"1";"33";"0";"0";"0";"1";"1";""
"202200038622";"745 092";"A01";"3";"7";"1";"2";"1";"24";"1";""
"202200038623";"745 091";"A01";"2";"7";"0";"2";"1";"2";"1";""
"202200038623";"745 093";"B01";"2";"7";"0";"0";"4";"2";"1";""
"202200038624";"745 090";"A01";"1";"7";"10";"1";"2";"1";"6";""
"202200038625";"745 089";"A01";"0";"7";"13";"0";"9";"1";"1";""
"202200038626";"745 088";"A01";"1";"33";"11";"0";"0";"1";"1";""
"202200038627";"745 087";"A01";"2";"30";"0";"1";"1";"21";"1";""
"202200038628";"745 086";"A01";"1";"7";"2";"0";"1";"14";"1";""
"202200038629";"745 085";"A01";"1";"7";"2";"0";"1";"1";"1";""
"202200038630";"745 082";"A01";"2";"33";"0";"2";"9";"1";"1";""
"202200038630";"745 084";"B01";"1";"10";"0";"2";"1";"1";"1";""
"202200038631";"745 080";"A01";"1";"7";"0";"2";"1";"2";"1";""
"202200038631";"745 083";"B01";"1";"15";"0";"2";"4";"2";"1";""
"202200038632";"745 077";"A01";"1";"7";"4";"0";"1";"0";"1";""
"202200038633";"745 076";"A01";"3";"30";"0";"2";"1";"2";"1";""
"202200038633";"745 078";"B01";"0";"1";"0";"2";"4";"1";"5";""
"202200038634";"745 075";"A01";"1";"7";"2";"0";"0";"14";"1";""
"202200038635";"745 071";"B01";"0";"7";"0";"0";"1";"0";"1";""
"202200038635";"745 073";"A01";"0";"1";"0";"0";"4";"0";"5";""
"202200038636";"745 069";"B01";"2";"7";"0";"2";"2";"1";"1";""
"202200038636";"745 074";"A01";"2";"10";"0";"2";"1";"1";"1";""
"202200038637";"745 067";"A01";"2";"80";"14";"0";"1";"1";"3";""
"202200038638";"745 066";"A01";"1";"7";"0";"1";"8";"1";"1";""
"202200038639";"745 065";"B01";"2";"1";"0";"2";"1";"1";"5";""
"202200038639";"745 068";"A01";"1";"7";"0";"9";"1";"15";"1";""
"202200038640";"745 064";"A01";"1";"7";"13";"0";"9";"1";"1";""
"202200038641";"745 061";"A01";"1";"1";"0";"2";"1";"5";"5";""
"202200038641";"745 063";"B01";"2";"10";"0";"2";"3";"1";"1";""
"202200038642";"745 060";"A01";"1";"2";"0";"2";"1";"1";"1";""
"202200038642";"745 062";"B01";"1";"7";"0";"2";"0";"10";"0";""
"202200038643";"745 059";"A01";"1";"33";"0";"6";"2";"1";"1";""
"202200038644";"745 058";"A01";"2";"7";"0";"0";"0";"17";"1";""
"202200038645";"745 057";"A01";"1";"33";"13";"0";"0";"1";"1";""
"202200038646";"745 055";"A01";"3";"7";"0";"2";"1";"1";"1";""
"202200038646";"745 056";"B01";"0";"7";"0";"2";"1";"1";"1";""
"202200038647";"745 050";"B01";"2";"2";"0";"2";"1";"1";"1";""
"202200038647";"745 051";"A01";"1";"7";"13";"2";"1";"13";"1";""
"202200038648";"745 049";"A01";"1";"33";"0";"2";"1";"13";"1";""
"202200038648";"745 052";"B01";"2";"7";"0";"2";"3";"1";"1";""
"202200038649";"745 048";"A01";"3";"7";"1";"0";"3";"0";"1";""
"202200038650";"745 044";"B01";"1";"7";"0";"0";"6";"1";"1";""
"202200038650";"745 046";"A01";"1";"1";"0";"2";"1";"17";"5";""
"202200038651";"745 041";"B01";"3";"1";"0";"2";"1";"1";"5";""
"202200038651";"745 043";"A01";"3";"7";"0";"2";"5";"4";"1";""
"202200038652";"745 038";"B01";"1";"1";"0";"2";"0";"2";"5";""
"202200038652";"745 040";"A01";"1";"7";"0";"2";"5";"2";"1";""
"202200038653";"745 037";"A01";"1";"10";"0";"2";"3";"1";"1";""
"202200038653";"745 039";"B01";"2";"2";"0";"2";"1";"13";"1";""
"202200038654";"745 035";"A01";"2";"33";"0";"0";"0";"1";"1";""
"202200038655";"745 032";"B01";"2";"17";"0";"0";"4";"2";"1";""
"202200038655";"745 034";"A01";"2";"3";"3";"2";"1";"2";"1";""
"202200038656";"745 033";"A01";"1";"7";"0";"2";"4";"9";"1";""
"202200038656";"745 036";"B01";"1";"7";"0";"2";"4";"1";"0";""
"202200038657";"745 031";"A01";"0";"7";"16";"0";"9";"2";"1";""
"202200038658";"745 030";"A01";"2";"7";"6";"0";"1";"13";"1";""
"202200038659";"745 028";"A01";"1";"33";"16";"0";"1";"0";"1";""
"202200038660";"745 026";"B01";"2";"7";"0";"2";"8";"15";"2";""
"202200038660";"745 029";"A01";"2";"7";"0";"2";"1";"17";"1";""
"202200038661";"745 027";"A01";"1";"33";"8";"0";"1";"0";"1";""
"202200038662";"745 025";"A01";"1";"33";"0";"0";"0";"0";"1";""
"202200038663";"745 022";"B01";"1";"21";"0";"0";"6";"2";"1";""
"202200038663";"745 024";"A01";"1";"7";"0";"2";"2";"17";"1";""
"202200038664";"745 023";"A01";"3";"7";"0";"1";"1";"20";"2";""
"202200038665";"745 020";"B01";"1";"7";"0";"2";"4";"23";"1";""
"202200038665";"745 021";"A01";"1";"7";"0";"2";"1";"1";"1";""
"202200038666";"745 019";"A01";"2";"2";"0";"0";"0";"1";"1";""
"202200038667";"745 018";"A01";"3";"1";"0";"5";"1";"1";"5";""
"202200038668";"745 015";"A01";"1";"33";"0";"2";"1";"1";"1";""
"202200038668";"745 017";"B01";"1";"7";"0";"2";"8";"15";"1";""
"202200038669";"745 011";"B01";"3";"7";"0";"2";"2";"1";"1";""
"202200038669";"745 013";"A01";"3";"7";"0";"2";"8";"16";"1";""
"202200038670";"745 007";"A01";"2";"7";"16";"0";"4";"2";"1";""
"202200038670";"745 008";"B01";"2";"7";"16";"2";"1";"2";"0";""
"202200038670";"745 010";"C01";"2";"7";"0";"2";"4";"15";"0";""
"202200038671";"745 005";"A01";"0";"7";"12";"0";"1";"0";"1";""
"202200038672";"745 003";"D01";"1";"7";"0";"2";"1";"2";"1";""
"202200038672";"745 004";"C01";"1";"7";"0";"2";"1";"2";"1";""
"202200038672";"745 006";"B01";"1";"7";"0";"2";"1";"2";"1";""
"202200038672";"745 009";"A01";"1";"7";"0";"2";"4";"1";"1";""
"202200038673";"745 001";"A01";"2";"7";"0";"1";"3";"1";"1";""
"202200038674";"745 000";"A01";"0";"7";"0";"2";"3";"17";"1";""
"202200038674";"745 002";"B01";"0";"14";"0";"2";"3";"1";"1";""
"202200038675";"744 998";"B01";"1";"7";"0";"2";"1";"2";"1";""
"202200038675";"744 999";"A01";"1";"10";"0";"2";"5";"1";"1";""
"202200038676";"744 996";"B01";"2";"7";"0";"2";"8";"15";"1";""
"202200038676";"744 997";"A01";"2";"34";"0";"2";"1";"17";"1";""
"202200038677";"744 992";"A01";"1";"7";"15";"2";"5";"6";"2";""
"202200038677";"744 994";"B01";"1";"7";"4";"1";"3";"1";"1";""
"202200038678";"744 993";"B01";"2";"14";"0";"2";"5";"0";"1";""
"202200038678";"744 995";"A01";"2";"7";"0";"2";"8";"1";"1";""
"202200038679";"744 991";"A01";"2";"7";"0";"1";"1";"1";"1";""
"202200038680";"744 986";"C01";"2";"7";"0";"2";"1";"1";"1";""
"202200038680";"744 989";"B01";"2";"7";"0";"2";"8";"1";"1";""
"202200038680";"744 990";"A01";"1";"10";"0";"2";"1";"13";"1";""
"202200038681";"744 984";"A01";"2";"7";"1";"2";"3";"1";"1";""
"202200038681";"744 987";"B01";"2";"7";"0";"2";"5";"15";"1";""
"202200038682";"744 985";"A01";"1";"7";"0";"2";"1";"2";"1";""
"202200038682";"744 988";"B01";"1";"7";"0";"2";"4";"2";"2";""
"202200038683";"744 983";"A01";"2";"7";"12";"0";"1";"13";"1";""
"202200038684";"744 980";"A01";"2";"33";"3";"0";"2";"2";"1";""
"202200038685";"744 979";"A01";"2";"7";"0";"2";"1";"2";"1";""
"202200038685";"744 981";"B01";"2";"10";"0";"2";"4";"2";"1";""
"202200038686";"744 978";"B01";"1";"30";"0";"2";"7";"1";"1";""
"202200038686";"744 982";"A01";"3";"7";"0";"2";"3";"15";"1";""
"202200038687";"744 976";"A01";"2";"1";"4";"0";"1";"15";"5";""
"202200038688";"744 975";"B01";"1";"10";"0";"2";"1";"21";"1";""
"202200038688";"744 977";"A01";"1";"7";"0";"2";"1";"13";"1";""
"202200038689";"744 972";"A01";"2";"33";"0";"0";"7";"1";"1";""
"202200038690";"744 970";"A01";"1";"7";"0";"2";"6";"23";"1";""
"202200038690";"744 971";"B01";"1";"7";"0";"2";"3";"2";"1";""
"202200038690";"744 973";"C01";"1";"10";"0";"2";"1";"0";"1";""
"202200038691";"744 968";"A01";" -1";"7";"2";"0";"1";"0";"1";""
"202200038692";"744 969";"A01";"3";"7";"0";"2";"3";"1";"1";""
"202200038692";"744 974";"B01";"3";"1";"0";"2";"0";"0";"5";""
"202200038693";"744 964";"A01";"1";"34";"1";"1";"0";"17";"1";""
"202200038694";"744 960";"B01";"2";"1";"0";"2";"4";"1";"5";""
"202200038694";"744 961";"A01";"1";"7";"0";"2";"2";"15";"1";""
"202200038695";"744 959";"A01";"1";"7";"0";"2";"1";"2";"1";""
"202200038695";"744 962";"B01";"1";"10";"0";"2";"4";"1";"1";""
"202200038695";"744 963";"C01";"1";"7";"0";"2";"4";"2";"1";""