"Num_Acc";"id_vehicule";"num_veh";"senc";"catv";"obs";"obsm";"choc";"manv";"motor";"occutc"
"202200039125";"744 201";"A01";"3";"10";"0";"1";"0";"1";"1";""
"202200039126";"744 198";"A01";"3";"7";"0";"2";"2";"1";"1";""
"202200039126";"744 200";"B01";"3";"1";"0";"2";"1";"1";"5";""
"202200039127";"744 196";"C01";"2";"7";"0";"2";"1";"1";"1";""
"202200039127";"744 197";"B01";"2";"7";"0";"2";"3";"1";"1";""
"202200039127";"744 199";"A01";"2";"15";"0";"2";"1";"12";"1";""
"202200039128";"744 194";"B01";"2";"1";"0";"2";"7";"10";"5";""
"202200039128";"744 195";"A01";"1";"7";"0";"2";"1";"1";"1";""
"202200039129";"744 192";"B01";"1";"33";"0";"2";"5";"0";"1";""
"202200039129";"744 193";"A01";"1";"7";"0";"2";"6";"11";"1";""
"202200039130";"744 191";"A01";"1";"14";"0";"1";"8";"1";"1";""
"202200039131";"744 189";"A01";"1";"10";"3";"0";"6";"1";"1";""
"202200039132";"744 185";"A01";"2";"1";"0";"2";"7";"1";"5";""
"202200039132";"744 186";"Z01";"2";"7";"0";"9";"3";"1";"0";""
"202200039133";"744 183";"A01";"2";"37";"0";"1";"1";"1";"1";"1"
"202200039134";"744 182";"A01";"3";"0";"0";"2";"1";"1";"1";""
"202200039134";"744 184";"B01";"3";"10";"0";"2";"5";"1";"1";""
"202200039135";"744 181";"A01";"2";"1";"0";"0";"0";"1";"5";""
"202200039136";"744 180";"A01";"1";"7";"0";"1";"0";"26";"0";""
"202200039137";"744 177";"C01";"1";"7";"0";"2";"8";"2";"1";""
"202200039137";"744 178";"B01";"1";"7";"3";"2";"7";"2";"1";""
"202200039137";"744 179";"A01";"1";"7";"0";"2";"3";"2";"1";""
"202200039138";"744 175";"A01";"2";"7";"13";"0";"2";"1";"1";""
"202200039139";"744 174";"A01";"1";"7";"0";"2";"4";"1";"1";""
"202200039139";"744 176";"B01";"1";"7";"0";"2";"1";"2";"1";""
"202200039140";"744 173";"A01";"1";"7";"8";"0";"1";"1";"1";""
"202200039141";"744 172";"A01";"2";"2";"11";"0";"1";"17";"1";""
"202200039142";"744 171";"A01";"3";"1";"12";"0";"1";"1";"5";""
"202200039143";"744 169";"A01";"2";"30";"11";"0";"1";"17";"1";""
"202200039144";"744 168";"B01";"3";"7";"0";"2";"1";"0";"1";""
"202200039144";"744 170";"A01";"3";"1";"0";"2";"8";"15";"5";""
"202200039145";"744 167";"A01";"1";"7";"0";"1";"8";"9";"1";""
"202200039146";"744 165";"A01";"1";"7";"0";"2";"3";"1";"1";""
"202200039146";"744 166";"B01";"1";"2";"0";"2";"2";"15";"1";""
"202200039147";"744 163";"B01";"1";"7";"0";"2";"3";"1";"1";""
"202200039147";"744 164";"A01";"1";"7";"0";"2";"2";"17";"1";""
"202200039148";"744 161";"A01";"1";"7";"0";"2";"3";"15";"1";""
"202200039148";"744 162";"B01";"2";"2";"0";"2";"1";"1";"1";""
"202200039149";"744 160";"A01";"1";"7";"0";"9";"3";"9";"1";""
"202200039150";"744 158";"B01";"1";"7";"0";"2";"6";"1";"1";""
"202200039150";"744 159";"A01";"1";"7";"0";"2";"2";"1";"1";""
"202200039151";"744 156";"A01";"2";"7";"0";"2";"3";"1";"1";""
"202200039151";"744 157";"B01";"2";"7";"0";"2";"5";"1";"1";""
"202200039152";"744 154";"A01";"1";"2";"0";"0";"1";"2";"1";""
"202200039153";"744 153";"A01";"2";"33";"0";"2";"1";"1";"1";""
"202200039153";"744 155";"B01";"3";"1";"0";"2";"0";"0";"0";""
"202200039154";"744 150";"A01";"0";"7";"1";"0";"2";"22";"1";""
"202200039154";"744 152";"B01";"2";"1";"1";"0";"3";"18";"5";""
"202200039155";"744 149";"A01";"2";"33";"0";"2";"1";"1";"1";""
"202200039155";"744 151";"B01";"2";"17";"0";"2";"3";"1";"1";""
"202200039156";"744 145";"B01";"2";"7";"0";"2";"4";"2";"2";""
"202200039156";"744 146";"A01";"2";"7";"0";"2";"1";"1";"1";""
"202200039157";"744 142";"C01";"1";"7";"0";"2";"5";"2";"1";""
"202200039157";"744 143";"B01";"1";"33";"0";"2";"1";"3";"1";""
"202200039157";"744 144";"A01";"1";"7";"0";"2";"8";"12";"1";""
"202200039158";"744 140";"A01";"1";"7";"0";"2";"1";"2";"3";""
"202200039158";"744 141";"B01";"1";"7";"3";"0";"4";"2";"1";""
"202200039159";"744 138";"A01";"1";"7";"0";"2";"6";"15";"1";""
"202200039159";"744 139";"B01";"1";"7";"0";"2";"2";"1";"1";""
"202200039160";"744 133";"C01";"1";"7";"0";"0";"1";"24";"1";""
"202200039160";"744 135";"B01";"1";"7";"0";"0";"8";"20";"1";""
"202200039160";"744 137";"A01";"2";"7";"0";"2";"1";"1";"1";""
"202200039161";"744 134";"Z01";"2";"7";"0";"2";"1";"2";"0";""
"202200039161";"744 136";"A01";"2";"7";"0";"2";"4";"23";"1";""
"202200039162";"744 130";"A01";"2";"2";"0";"2";"1";"17";"1";""
"202200039162";"744 132";"B01";"1";"3";"0";"2";"0";"0";"1";""
"202200039163";"744 131";"A01";"3";"10";"0";"1";"0";"0";"1";""
"202200039164";"744 129";"Z01";"2";"0";"0";"1";"0";"0";"0";""
"202200039165";"744 126";"C01";"2";"7";"0";"2";"1";"1";"1";""
"202200039165";"744 127";"B01";"1";"7";"0";"2";"4";"15";"1";""
"202200039165";"744 128";"A01";"1";"7";"0";"2";"1";"1";"1";""
"202200039166";"744 124";"B01";"2";"7";"0";"2";"7";"16";"1";""
"202200039166";"744 125";"A01";"2";"7";"0";"2";"3";"1";"1";""
"202200039167";"744 123";"A01";"3";"7";"0";"1";"2";"16";"1";""
"202200039168";"744 121";"A01";"2";"33";"0";"2";"1";"2";"1";""
"202200039168";"744 122";"B01";"2";"10";"0";"2";"3";"15";"1";""
"202200039169";"744 119";"A01";"3";"7";"0";"2";"1";"13";"0";""
"202200039169";"744 120";"B01";"3";"7";"0";"2";"4";"23";"0";""
"202200039170";"744 118";"A01";"1";"7";"0";"1";"1";"1";"2";""
"202200039171";"744 115";"A01";"1";"7";"0";"2";"3";"0";"1";""
"202200039171";"744 117";"B01";"1";"32";"0";"2";"2";"0";"1";""
"202200039172";"744 111";"A01";"1";"7";"0";"2";"4";"23";"0";""
"202200039172";"744 113";"B01";"1";"7";"14";"2";"1";"0";"0";""
"202200039173";"744 110";"B01";"2";"7";"0";"2";"4";"1";"1";""
"202200039173";"744 112";"A01";"2";"7";"0";"2";"1";"1";"1";""
"202200039174";"744 106";"A01";"3";"0";"0";"2";"7";"17";"0";""
"202200039174";"744 108";"B01";"3";"1";"0";"2";"8";"26";"5";""
"202200039175";"744 105";"C01";"1";"7";"0";"2";"4";"1";"1";""
"202200039175";"744 107";"B01";"1";"7";"0";"2";"4";"1";"1";""
"202200039175";"744 109";"A01";"1";"7";"0";"2";"1";"1";"1";""
"202200039176";"744 104";"A01";"1";"7";"8";"0";"1";"1";"1";""
"202200039177";"744 103";"A01";"0";"7";"1";"0";"1";"5";"1";""
"202200039178";"744 102";"A01";"1";"30";"10";"0";"1";"1";"1";""
"202200039179";"744 101";"A01";"1";"31";"0";"0";"0";"14";"1";""
"202200039180";"744 098";"B01";"2";"32";"0";"2";"3";"9";"1";""
"202200039180";"744 100";"A01";"1";"7";"0";"2";"7";"17";"1";""
"202200039181";"744 097";"B01";"1";"7";"0";"2";"4";"2";"1";""
"202200039181";"744 099";"A01";"1";"7";"0";"2";"1";"2";"1";""
"202200039182";"744 096";"A01";"3";"7";"0";"1";"4";"4";"1";""
"202200039183";"744 095";"A01";"3";"7";"0";"1";"2";"11";"1";""
"202200039184";"744 092";"A01";"2";"7";"0";"2";"1";"2";"1";""
"202200039184";"744 093";"B01";"2";"7";"0";"2";"4";"2";"1";""
"202200039184";"744 094";"Z01";"2";"10";"0";"2";"1";"2";"0";""
"202200039185";"744 090";"B01";"3";"1";"0";"2";"0";"1";"5";""
"202200039185";"744 091";"A01";"3";"7";"0";"2";"8";"11";"1";""
"202200039186";"744 085";"A01";"3";"7";"0";"2";"3";"19";"1";""
"202200039186";"744 087";"B01";"3";"7";"0";"2";"8";"1";"1";""
"202200039187";"744 079";"A01";"1";"33";"0";"2";"1";"11";"1";""
"202200039187";"744 082";"B01";"1";"7";"0";"2";"6";"1";"1";""
"202200039187";"744 083";"C01";"1";"7";"0";"2";"7";"1";"1";""
"202200039187";"744 084";"D01";"1";"7";"0";"2";"7";"1";"1";""
"202200039187";"744 086";"E01";"1";"33";"0";"2";"0";"1";"1";""
"202200039187";"744 088";"F01";"1";"7";"0";"2";"7";"1";"1";""
"202200039187";"744 089";"G01";"1";"7";"0";"2";"3";"1";"1";""
"202200039188";"744 078";"C01";"1";"2";"0";"2";"1";"1";"1";""
"202200039188";"744 080";"B01";"2";"7";"0";"2";"5";"15";"1";""
"202200039188";"744 081";"A01";"2";"7";"0";"2";"1";"1";"1";""
"202200039189";"744 075";"A01";"1";"1";"0";"2";"2";"2";"5";""
"202200039189";"744 077";"B01";"1";"7";"0";"2";"5";"23";"1";""
"202200039190";"744 074";"A01";"1";"7";"0";"2";"1";"2";"1";""
"202200039190";"744 076";"B01";"2";"10";"0";"2";"5";"2";"1";""
"202200039191";"744 073";"A01";"2";"1";"0";"0";"1";"1";"5";""
"202200039192";"744 071";"B01";"1";"7";"0";"2";"1";"1";"1";""
"202200039192";"744 072";"A01";"1";"1";"0";"2";"1";"19";"5";""
"202200039193";"744 068";"Z01";"2";"7";"0";"2";"1";"17";"1";""
"202200039193";"744 070";"A01";"1";"30";"0";"2";"8";"15";"1";""
"202200039194";"744 067";"B01";"3";"10";"0";"2";"4";"23";"1";""
"202200039194";"744 069";"A01";"3";"7";"0";"2";"1";"2";"1";""
"202200039195";"744 065";"B01";"2";"33";"0";"2";"1";"1";"1";""
"202200039195";"744 066";"A01";"1";"32";"0";"2";"7";"15";"1";""
"202200039196";"744 062";"B01";"3";"7";"0";"2";"5";"21";"1";""
"202200039196";"744 064";"A01";"3";"7";"0";"2";"2";"19";"1";""
"202200039197";"744 061";"B01";"2";"1";"0";"2";"1";"2";"5";""
"202200039197";"744 063";"A01";"2";"10";"0";"2";"4";"4";"1";""
"202200039198";"744 059";"A01";"1";"1";"0";"0";"0";"1";"5";""
"202200039199";"744 058";"A01";"1";"7";"0";"2";"2";"1";"1";""
"202200039199";"744 060";"B01";"2";"7";"0";"2";"3";"9";"1";""
"202200039200";"744 056";"B01";"2";"50";"0";"2";"0";"1";"3";""
"202200039200";"744 057";"A01";"1";"1";"0";"2";"0";"16";"5";""
"202200039201";"744 054";"B01";"2";"7";"9";"2";"3";"1";"1";""
"202200039201";"744 055";"A01";"2";"7";"9";"2";"2";"23";"1";""
"202200039202";"744 052";"A01";"3";"7";"0";"2";"1";"1";"2";""
"202200039202";"744 053";"B01";"3";"33";"0";"2";"4";"23";"1";""
"202200039203";"744 046";"A01";"1";"1";"0";"1";"8";"1";"5";""
"202200039204";"744 045";"B01";"2";"2";"0";"2";"1";"1";"1";""
"202200039204";"744 047";"A01";"2";"7";"0";"2";"1";"1";"1";""
"202200039205";"744 041";"B01";"1";"43";"0";"2";"2";"17";"1";""
"202200039205";"744 043";"A01";"1";"7";"0";"2";"0";"13";"1";""
"202200039206";"744 042";"B01";"1";"7";"0";"2";"4";"1";"1";""
"202200039206";"744 044";"A01";"1";"7";"0";"2";"1";"2";"1";""
"202200039207";"744 040";"A01";"1";"7";"0";"1";"3";"1";"1";""
"202200039208";"744 039";"Z01";"1";"14";"0";"1";"7";"1";"1";""
"202200039209";"744 038";"A01";"1";"1";"0";"0";"0";"26";"5";""
"202200039210";"744 037";"A01";"1";"32";"0";"1";"3";"17";"1";""
"202200039211";"744 036";"A01";"3";"7";"0";"1";"4";"20";"1";""
"202200039212";"744 032";"A01";"1";"7";"0";"2";"7";"26";"1";""
"202200039212";"744 033";"B01";"1";"33";"0";"2";"1";"26";"1";""
"202200039213";"744 034";"B01";"2";"1";"0";"2";"1";"5";"5";""
"202200039213";"744 035";"A01";"1";"7";"0";"2";"7";"1";"1";""
"202200039214";"744 031";"A01";"1";"7";"6";"0";"1";"14";"1";""
"202200039215";"744 029";"A01";"3";"10";"0";"2";"3";"14";"1";""
"202200039215";"744 030";"B01";"3";"37";"0";"2";"2";"1";"1";"1"
"202200039216";"744 028";"A01";"3";"7";"0";"1";"1";"9";"1";""
"202200039217";"744 027";"A01";"0";"33";"12";"0";"1";"9";"1";""
"202200039218";"744 025";"A01";"1";"7";"0";"2";"4";"1";"1";""
"202200039218";"744 026";"B01";"1";"7";"0";"2";"1";"2";"1";""
"202200039219";"744 023";"B01";"3";"50";"0";"2";"7";"15";"3";""
"202200039219";"744 024";"A01";"2";"7";"0";"2";"3";"9";"1";""
"202200039220";"744 022";"A01";"1";"50";"0";"1";"1";"18";"3";""
"202200039221";"744 021";"A01";"1";"1";"0";"1";"2";"1";"5";""
"202200039222";"744 019";"B01";"0";"7";"0";"2";"4";"2";"1";""
"202200039222";"744 020";"A01";"0";"30";"0";"2";"4";"2";"1";""
"202200039223";"744 018";"A01";"2";"7";"0";"1";"3";"16";"1";""
"202200039224";"744 017";"A01";"3";"0";"0";"1";"7";"1";"0";""
"202200039225";"744 016";"A01";"0";"7";"1";"0";"0";"0";"0";""
"202200039226";"744 014";"A01";"1";"7";"0";"2";"4";"23";"1";""
"202200039226";"744 015";"B01";"1";"7";"0";"2";"1";"2";"1";""
"202200039227";"744 011";"B01";"2";"7";"0";"4";"3";"15";"1";""
"202200039227";"744 012";"A01";"2";"32";"0";"4";"2";"5";"3";""
"202200039227";"744 013";"C01";"0";"40";"0";"2";"1";"0";"3";""
"202200039228";"744 010";"A01";"1";"30";"0";"0";"0";"11";"3";""
"202200039229";"744 008";"A01";"1";"1";"0";"2";"1";"19";"5";""
"202200039229";"744 009";"B01";"1";"37";"0";"2";"1";"1";"1";"1"
"202200039230";"744 007";"A01";" -1";"7";"13";"0";"1";" -1";"1";""
"202200039231";"744 006";"A01";"3";"7";"0";"1";"1";"26";"1";""
"202200039232";"744 005";"A01";"3";"7";"9";"0";"2";"1";"1";""
"202200039233";"744 003";"A01";"3";"37";"0";"2";"2";"15";"1";"1"
"202200039233";"744 004";"B01";"3";"50";"0";"2";"1";"5";"3";""
"202200039234";"744 002";"A01";"2";"7";"0";"1";"2";"1";"1";""
"202200039235";"743 999";"B01";"1";"7";"0";"2";"8";"15";"1";""
"202200039235";"744 001";"A01";"1";"7";"0";"2";"1";"17";"1";""
"202200039236";"743 998";"A01";"2";"7";"0";"2";"3";"13";"1";""
"202200039236";"744 000";"B01";"1";"7";"0";"2";"1";"0";"1";""
"202200039237";"743 996";"B01";"2";"3";"0";"2";"1";"1";"6";""
"202200039237";"743 997";"A01";"1";"13";"0";"2";"3";"15";"6";""
"202200039238";"743 994";"A01";"3";"7";"0";"2";"3";"20";"1";""
"202200039238";"743 995";"B01";"3";"33";"0";"2";"1";"1";"1";""
"202200039239";"743 992";"B01";"3";"7";"0";"2";"3";"1";"1";""
"202200039239";"743 993";"A01";"3";"7";"0";"2";"3";"5";"1";""
"202200039240";"743 990";"A01";"2";"33";"0";"2";"7";"1";"1";""
"202200039240";"743 991";"B01";"2";"7";"0";"2";"8";"11";"1";""
"202200039241";"743 989";"A01";"1";"7";"0";"1";"7";"0";"1";""
"202200039242";"743 987";"A01";"3";"7";"0";"1";"0";"15";"1";""
"202200039243";"743 988";"Z01";"3";"1";"0";"1";"0";"1";"5";""
"202200039244";"743 985";"A01";"0";"10";"0";"1";"0";"2";"0";""
"202200039245";"743 982";"A01";"0";"15";"12";"2";"6";"26";"1";""
"202200039245";"743 984";"B01";"3";"10";"12";"2";"7";"16";"1";""
"202200039246";"743 983";"B01";"1";"34";"0";"2";"3";"1";"1";""
"202200039246";"743 986";"A01";"2";"10";"0";"2";"2";"15";"1";""
"202200039247";"743 979";"B01";"1";"3";"0";"2";"3";"9";"0";""
"202200039247";"743 981";"A01";"3";"7";"0";"2";"1";"1";"0";""
"202200039248";"743 978";"Z01";"2";"7";"0";"2";"7";"2";"1";""
"202200039248";"743 980";"A01";"2";"1";"0";"2";"8";"2";"5";""
"202200039249";"743 976";"A01";"1";"7";"0";"2";"3";"15";"1";""
"202200039249";"743 977";"B01";"2";"33";"0";"2";"1";"1";"1";""
"202200039250";"743 975";"A01";"1";"1";"0";"1";"1";"1";"5";""
"202200039251";"743 972";"B01";"3";"7";"0";"2";"3";"15";"1";""
"202200039251";"743 974";"A01";"1";"30";"0";"2";"1";"26";"1";""
"202200039252";"743 971";"B01";"1";"7";"0";"2";"1";"9";"1";""
"202200039252";"743 973";"A01";"2";"50";"0";"2";"0";"1";"3";""
"202200039253";"743 969";"A01";"2";"7";"0";"2";"3";"15";"1";""
"202200039253";"743 970";"B01";"2";"80";"0";"2";"1";"5";"3";""
"202200039254";"743 966";"A01";"3";"30";"0";"2";"1";"1";"1";""
"202200039254";"743 968";"B01";"2";"7";"0";"2";"5";"16";"1";""
"202200039255";"743 965";"B01";"3";"7";"0";"2";"1";"2";"1";""
"202200039255";"743 967";"A01";"0";"7";"0";"2";"1";"5";"1";""
"202200039256";"743 963";"A01";"3";"7";"1";"0";"1";"14";"1";""
"202200039257";"743 961";"A01";"1";"7";"0";"1";"4";"20";"1";""
"202200039258";"743 962";"B01";"1";"7";"0";"2";"2";"1";"1";""
"202200039258";"743 964";"A01";"1";"1";"0";"2";"3";"15";"5";""
"202200039259";"743 959";"B01";"1";"7";"0";"2";"3";"1";"1";""
"202200039259";"743 960";"A01";"1";"7";"4";"2";"5";"17";"1";""
"202200039260";"743 958";"A01";"1";"30";"0";"0";"0";"16";"1";""
"202200039261";"743 956";"B01";"1";"7";"0";"2";"3";"15";"1";""
"202200039261";"743 957";"A01";"1";"33";"0";"2";"2";"17";"1";""
"202200039262";"743 953";"A01";"2";"33";"0";"2";"1";"12";"1";""
"202200039262";"743 954";"B01";"2";"7";"0";"2";"4";"1";"1";""
"202200039263";"743 950";"A01";"1";"30";"0";"0";"0";"26";"1";""
"202200039264";"743 949";"A01";"1";"33";"0";"2";"1";"2";"1";""
"202200039264";"743 951";"B01";"1";"7";"0";"2";"4";"2";"1";""
"202200039264";"743 952";"Z01";"1";"7";"0";"2";"0";"14";"0";""
"202200039265";"743 947";"B01";"3";"50";"0";"0";"9";"1";"3";""
"202200039265";"743 948";"A01";"3";"7";"0";"2";"3";"1";"1";""
"202200039266";"743 945";"A01";"1";"33";"8";"0";"1";"1";"1";""
"202200039267";"743 946";"A01";"1";"7";"7";"0";"1";"1";"1";""
"202200039268";"743 943";"A01";"2";"7";"0";"2";"3";"13";"1";""
"202200039268";"743 944";"B01";"1";"7";"0";"2";"3";"1";"1";""
"202200039269";"743 940";"A01";"2";"7";"0";"2";"8";"13";"0";""
"202200039269";"743 942";"B01";"2";"43";"0";"2";"7";"1";"1";""
"202200039270";"743 939";"A01";"2";"33";"0";"2";"1";"1";"1";""
"202200039270";"743 941";"B01";"2";"7";"0";"2";"5";"1";"1";""
"202200039271";"743 937";"A01";"1";"30";"0";"1";"1";"1";"1";""
"202200039272";"743 936";"B01";"1";"33";"0";"2";"8";"1";"1";""
"202200039272";"743 938";"A01";"1";"7";"0";"2";"1";"16";"1";""
"202200039273";"743 934";"B01";"1";"7";"0";"2";"4";"23";"1";""
"202200039273";"743 935";"A01";"1";"7";"0";"2";"1";"2";"1";""
"202200039274";"743 933";"A01";"1";"32";"12";"0";"8";"13";"1";""
"202200039275";"743 931";"B01";"1";"10";"0";"2";"3";"1";"1";""
"202200039275";"743 932";"A01";"2";"7";"0";"2";"1";"13";"1";""
"202200039276";"743 929";"A01";"1";"32";"0";"2";"5";"17";"1";""
"202200039276";"743 930";"B01";"1";"43";"0";"2";"3";"1";"1";""
"202200039277";"743 928";"B01";"2";"7";"0";"1";"1";"1";"2";""
"202200039278";"743 924";"A01";"2";"7";"0";"2";"3";"5";"1";""
"202200039278";"743 926";"B01";"1";"7";"0";"2";"2";"1";"1";""
"202200039279";"743 925";"B01";"1";"31";"0";"2";"5";"17";"1";""
"202200039279";"743 927";"A01";"1";"7";"0";"2";"3";"15";"1";""
"202200039280";"743 922";"A01";"2";"43";"0";"2";"3";"3";"1";""
"202200039280";"743 923";"B01";"2";"7";"0";"2";"2";"12";"1";""
"202200039281";"743 921";"A01";"1";"32";"0";"1";"1";"1";"1";""
"202200039282";"743 920";"A01";"2";"10";"0";"1";"3";"15";"1";""
"202200039283";"743 917";"B01";"2";"14";"0";"2";"8";"1";"1";""
"202200039283";"743 919";"A01";"2";"7";"0";"2";"1";"1";"2";""
"202200039284";"743 916";"B01";"1";"37";"0";"2";"0";"7";"1";"1"
"202200039284";"743 918";"A01";"1";"7";"0";"2";"6";"15";"1";""
"202200039285";"743 914";"B01";"2";"10";"0";"2";"4";"23";"3";""
"202200039285";"743 915";"A01";"2";"7";"0";"2";"1";"1";"1";""
"202200039286";"743 913";"A01";"2";"10";"0";"1";"7";"1";"1";""
"202200039287";"743 912";"A01";"2";"50";"12";"0";"0";"13";"3";""
"202200039288";"743 910";"A01";"2";"30";"0";"2";"3";"21";"1";""
"202200039288";"743 911";"B01";"1";"7";"0";"2";"3";"9";"1";""
"202200039289";"743 908";"B01";"1";"1";"0";"2";"1";"1";"5";""
"202200039289";"743 909";"A01";"1";"7";"0";"2";"8";"22";"3";""
"202200039290";"743 905";"B01";"1";"34";"0";"2";"1";"1";"1";""
"202200039290";"743 906";"A01";"1";"7";"0";"2";"6";"15";"0";""
"202200039291";"743 902";"B01";"1";"34";"0";"2";"0";"0";"1";""
"202200039291";"743 904";"A01";"1";"7";"0";"2";"3";"9";"2";""
"202200039292";"743 903";"B01";"3";"37";"0";"2";"2";"1";"1";"2"
"202200039292";"743 907";"A01";"3";"7";"0";"2";"6";"9";"1";""
"202200039293";"743 900";"B01";"0";"0";"0";"0";"4";"2";"0";""
"202200039293";"743 901";"A01";"3";"7";"0";"0";"2";"2";"1";""
"202200039294";"743 898";"A01";"2";"43";"0";"2";"2";"17";"1";""
"202200039294";"743 899";"B01";"2";"7";"0";"2";"3";"9";"1";""
"202200039295";"743 895";"A01";"1";"7";"0";"2";"1";"15";"1";""
"202200039295";"743 897";"B01";"1";"42";"0";"2";"3";"1";"1";""
"202200039296";"743 894";"A01";"1";"7";"0";"2";"2";"16";"1";""
"202200039296";"743 896";"B01";"1";"1";"0";"2";"6";"15";"5";""
"202200039297";"743 892";"A01";"3";"2";"12";"2";"0";"2";"1";""
"202200039297";"743 893";"B01";"3";"7";"0";"0";"0";"14";"0";""
"202200039298";"743 891";"A01";"0";"7";"0";"1";"1";"17";"1";""
"202200039299";"743 889";"A01";"1";"7";"0";"2";"1";"2";"1";""
"202200039299";"743 890";"B01";"3";"7";"0";"2";"1";"16";"1";""
"202200039300";"743 888";"A01";"1";"7";"2";"0";"1";"9";"1";""
"202200039301";"743 886";"B01";"1";"7";"0";"2";"8";"1";"1";""
"202200039301";"743 887";"A01";"1";"30";"0";"2";"1";"9";"1";""
"202200039302";"743 884";"A01";"1";"7";"0";"1";"3";"0";"1";""
"202200039303";"743 883";"B01";"1";"14";"0";"2";"2";"26";"0";""
"202200039303";"743 885";"A01";"2";"7";"11";"0";"4";"12";"0";""
"202200039304";"743 881";"B01";"0";"7";"0";"0";"4";"2";"1";""
"202200039304";"743 882";"A01";"3";"2";"0";"2";"0";"2";"1";""
"202200039305";"743 880";"A01";"1";"2";"0";"1";"1";"1";"1";""
"202200039306";"743 878";"B01";"0";"7";"0";"2";"2";"1";"1";""
"202200039306";"743 879";"A01";"0";"34";"0";"2";"3";"16";"1";""
"202200039307";"743 877";"A01";"1";"1";"0";"0";"0";"0";"5";""
"202200039308";"743 876";"A01";"1";"31";"0";"0";"0";"1";"1";""
"202200039309";"743 875";"A01";"1";"10";"16";"0";"0";"26";"1";""
"202200039310";"743 873";"A01";"0";"7";"0";"2";"2";"15";"1";""
"202200039310";"743 874";"B01";"0";"31";"0";"2";"1";"1";"1";""
"202200039311";"743 870";"A01";"1";"7";"0";"0";"1";"13";"1";""
"202200039311";"743 872";"B01";"2";"7";"0";"0";"1";"1";"1";""
"202200039312";"743 869";"B01";"1";"10";"0";"2";"1";"1";"1";""
"202200039312";"743 871";"A01";"1";"7";"4";"2";"3";"15";"1";""
"202200039313";"743 866";"B01";"2";"16";"0";"0";"0";"2";"1";""
"202200039313";"743 867";"A01";"2";"7";"0";"2";"2";"2";"1";""
"202200039314";"743 865";"B01";"2";"15";"0";"2";"1";"1";"1";""
"202200039314";"743 868";"A01";"1";"7";"0";"2";"4";"17";"1";""
"202200039315";"743 864";"A01";"3";"7";"0";"1";"4";"26";"1";""
"202200039316";"743 862";"A01";"2";"7";"0";"2";"1";"13";"1";""
"202200039316";"743 863";"B01";"1";"17";"0";"2";"3";"1";"1";""
"202200039317";"743 861";"A01";"1";"7";"13";"0";"1";"14";"1";""
"202200039318";"743 860";"A01";"1";"31";"0";"0";"8";"1";"1";""
"202200039319";"743 859";"A01";"2";"7";"0";"1";"1";"17";"1";""
"202200039320";"743 857";"A01";"1";"7";"8";"0";"2";"1";"1";""
"202200039321";"743 856";"A01";"0";"7";"0";"0";"2";"1";"1";""
"202200039321";"743 858";"B01";"0";"10";"0";"0";"1";"5";"1";""
"202200039322";"743 855";"A01";"3";"7";"2";"0";"3";"14";"1";""
"202200039323";"743 852";"B01";"2";"7";"0";"2";"1";"1";"1";""
"202200039323";"743 854";"A01";"1";"7";"0";"2";"7";"13";"1";""
"202200039324";"743 851";"A01";"1";"7";"0";"2";"1";"13";"1";""
"202200039324";"743 853";"B01";"2";"7";"0";"2";"1";"1";"1";""
"202200039325";"743 849";"A01";"3";"1";"0";"0";"1";"1";"5";""
"202200039326";"743 848";"A01";"3";"15";"0";"2";"5";"20";"1";""
"202200039326";"743 850";"C01";"3";"1";"0";"2";"1";"2";"5";""
"202200039327";"743 847";"A01";"1";"33";"0";"0";"0";"0";"1";""
"202200039328";"743 845";"B01";"1";"2";"0";"2";"1";"2";"1";""
"202200039328";"743 846";"A01";"1";"7";"0";"2";"5";"23";"1";""
"202200039329";"743 844";"A01";"1";"7";"6";"0";"1";"14";"1";""
"202200039330";"743 843";"A01";"2";"80";"0";"0";"0";"1";"3";""
"202200039331";"743 842";"A01";"1";"20";"0";"0";"9";"1";"1";""
"202200039332";"743 841";"A01";"1";"33";"1";"2";"1";"15";"1";""
"202200039333";"743 839";"A01";"0";"33";"13";"0";"3";"0";"1";""
"202200039334";"743 840";"A01";"1";"7";"8";"0";"3";"1";"1";""
"202200039335";"743 838";"A01";"1";"7";"13";"0";"9";"13";"1";""
"202200039336";"743 837";"A01";"1";"33";"16";"0";"8";"1";"1";""
"202200039337";"743 835";"B01";"2";"14";"3";"2";"3";"1";"1";""
"202200039337";"743 836";"A01";"1";"7";"0";"2";"3";"13";"1";""
"202200039338";"743 833";"A01";"1";"7";"0";"2";"1";"13";"1";""
"202200039338";"743 834";"B01";"2";"7";"0";"2";"3";"1";"1";""
"202200039339";"743 832";"A01";"1";"2";"15";"0";"2";"0";"1";""
"202200039340";"743 829";"B01";"1";"7";"0";"2";"1";"1";"1";""
"202200039340";"743 831";"A01";"1";"7";"0";"2";"7";"19";"1";""
"202200039341";"743 828";"A01";"2";"7";"0";"2";"3";"12";"1";""
"202200039341";"743 830";"B01";"1";"7";"0";"2";"3";"1";"1";""
"202200039342";"743 827";"A01";"2";"7";"4";"0";"3";"1";"1";""
"202200039343";"743 825";"B01";"1";"7";"0";"2";"2";"1";"1";""
"202200039343";"743 826";"A01";"1";"33";"0";"2";"1";"5";"1";""
"202200039344";"743 823";"A01";"1";"7";"0";"2";"1";"17";"1";""