"Num_Acc";"id_vehicule";"num_veh";"senc";"catv";"obs";"obsm";"choc";"manv";"motor";"occutc"
"202200039774";"743 059";"A01";"2";"7";"0";"2";"1";"2";"2";""
"202200039774";"743 060";"B01";"2";"14";"0";"2";"5";"2";"1";""
"202200039775";"743 058";"A01";"1";"7";"4";"0";"2";"14";"1";""
"202200039776";"743 056";"Z01";"1";"7";"0";"2";"0";"0";"0";""
"202200039776";"743 057";"A01";"2";"7";"1";"0";"0";"0";"0";""
"202200039777";"743 055";"A01";"1";"7";"4";"0";"7";"14";"1";""
"202200039778";"743 051";"A01";"1";"7";"0";"2";"1";"3";"1";""
"202200039778";"743 052";"B01";"1";"7";"0";"2";"4";"1";"1";""
"202200039778";"743 053";"C01";"1";"7";"3";"0";"1";"0";"1";""
"202200039778";"743 054";"D01";"1";"7";"0";"2";"3";"1";"1";""
"202200039779";"743 048";"A01";"1";"7";"0";"2";"4";"2";"2";""
"202200039779";"743 049";"B01";"1";"7";"0";"2";"1";"2";"1";""
"202200039779";"743 050";"C01";"1";"7";"0";"2";"2";"2";"1";""
"202200039780";"743 047";"A01";"1";"7";"0";"0";"2";"1";"1";""
"202200039781";"743 045";"B01";"1";"33";"0";"2";"7";"17";"1";""
"202200039781";"743 046";"A01";"1";"7";"0";"2";"3";"13";"1";""
"202200039782";"743 043";"B01";"1";"7";"0";"2";"1";"1";"1";""
"202200039782";"743 044";"A01";"2";"7";"0";"2";"1";"13";"1";""
"202200039783";"743 042";"A01";"1";"7";"2";"0";"1";"1";"1";""
"202200039784";"743 040";"B01";"1";"30";"0";"2";"3";"1";"1";""
"202200039784";"743 041";"A01";"1";"7";"0";"2";"6";"15";"1";""
"202200039785";"743 039";"A01";"2";"7";"2";"0";"1";"14";"1";""
"202200039786";"743 037";"B01";"2";"7";"0";"2";"2";"1";"1";""
"202200039786";"743 038";"A01";"1";"7";"0";"0";"3";"10";"1";""
"202200039787";"743 036";"A01";"1";"50";"1";"0";"1";"25";"3";""
"202200039788";"743 029";"E01";"2";"7";"0";"2";"0";"0";"1";""
"202200039788";"743 030";"D01";"2";"7";"0";"2";"1";"0";"1";""
"202200039788";"743 031";"C01";"2";"7";"0";"2";"1";"0";"1";""
"202200039788";"743 033";"B01";"2";"7";"0";"2";"1";"0";"1";""
"202200039788";"743 034";"A01";"2";"7";"0";"2";"4";"23";"1";""
"202200039789";"743 032";"B01";"1";"7";"1";"2";"1";"2";"1";""
"202200039789";"743 035";"A01";"2";"7";"0";"2";"1";"13";"1";""
"202200039790";"743 027";"A01";"2";"30";"0";"0";"1";"0";"1";""
"202200039791";"743 026";"A01";"2";"7";"0";"2";"1";"1";"1";""
"202200039791";"743 028";"B01";"2";"7";"0";"2";"4";"0";"1";""
"202200039792";"743 025";"A01";"1";"7";"7";"0";"1";"17";"1";""
"202200039793";"743 021";"B01";"1";"7";"0";"9";"6";"2";"1";""
"202200039793";"743 023";"A01";"1";"7";"0";"2";"2";"2";"1";""
"202200039794";"743 022";"B01";"3";"7";"0";"2";"1";"1";"2";""
"202200039794";"743 024";"A01";"3";"33";"0";"2";"1";"17";"1";""
"202200039795";"743 016";"B01";"2";"10";"0";"2";"4";"2";"1";""
"202200039795";"743 018";"A01";"2";"43";"0";"2";"1";"2";"1";""
"202200039796";"743 015";"C01";"1";"7";"0";"2";"3";"1";"2";""
"202200039796";"743 017";"A01";"1";"30";"0";"2";"1";"13";"1";""
"202200039796";"743 019";"B01";"2";"7";"0";"9";"3";"13";"1";""
"202200039797";"743 011";"B01";"2";"33";"0";"2";"2";"3";"1";""
"202200039797";"743 014";"A01";"2";"7";"0";"2";"5";"14";"1";""
"202200039798";"743 010";"A01";"1";"33";"0";"2";"1";"2";"1";""
"202200039798";"743 012";"B01";"1";"7";"0";"2";"4";"2";"1";""
"202200039798";"743 013";"C01";"1";"7";"0";"2";"1";"2";"0";""
"202200039799";"743 007";"B01";"2";"33";"0";"2";"1";"1";"1";""
"202200039799";"743 009";"A01";"1";"14";"0";"2";"3";"1";"1";""
"202200039800";"743 006";"A01";"1";"33";"0";"2";"3";"2";"1";""
"202200039800";"743 008";"Z01";"2";"7";"0";"2";"4";"2";"0";""
"202200039801";"743 004";"A01";"2";"7";"0";"1";"8";"1";"1";""
"202200039802";"743 003";"A01";"2";"1";"0";"2";"8";"19";"5";""
"202200039802";"743 005";"Z01";"2";"30";"0";"2";"1";"1";"1";""
"202200039803";"743 001";"A01";"1";"7";"0";"2";"1";"10";"1";""
"202200039803";"743 002";"B01";"2";"10";"0";"2";"3";"1";"1";""
"202200039804";"743 000";"A01";"1";"43";"0";"1";"3";"17";"1";""
"202200039805";"742 998";"A01";"1";"7";"0";"2";"3";"15";"1";""
"202200039805";"742 999";"B01";"2";"34";"0";"2";"2";"1";"1";""
"202200039806";"742 996";"B01";"1";"33";"0";"2";"1";"1";"1";""
"202200039806";"742 997";"A01";"1";"1";"0";"2";"6";"15";"5";""
"202200039807";"742 995";"A01";"2";"1";"0";"1";"1";"1";"5";""
"202200039808";"742 992";"B01";"1";"31";"0";"2";"1";"1";"1";""
"202200039808";"742 993";"A01";"2";"7";"0";"2";"2";"15";"2";""
"202200039809";"742 991";"A01";"2";"31";"0";"2";"3";"1";"1";""
"202200039809";"742 994";"B01";"1";"30";"0";"2";"1";"1";"1";""
"202200039810";"742 990";"A01";"1";"1";"0";"1";"1";"14";"5";""
"202200039811";"742 988";"A01";"1";"32";"0";"2";"1";"1";"1";""
"202200039811";"742 989";"B01";"1";"10";"0";"2";"7";"15";"1";""
"202200039812";"742 986";"A01";"1";"37";"0";"2";"5";"7";"1";"1"
"202200039812";"742 987";"B01";"1";"1";"0";"2";"3";"13";"5";""
"202200039813";"742 985";"A01";"1";"7";"0";"1";"1";"1";"1";""
"202200039814";"742 983";"A01";"2";"7";"0";"2";"1";"1";"1";""
"202200039814";"742 984";"B01";"2";"7";"0";"2";"8";"15";"1";""
"202200039815";"742 980";"B01";"1";"10";"0";"2";"7";"15";"1";""
"202200039815";"742 981";"A01";"2";"1";"0";"2";"1";"16";"5";""
"202200039816";"742 979";"B01";"2";"7";"0";"2";"1";"1";"1";""
"202200039816";"742 982";"A01";"2";"7";"0";"2";"4";"1";"1";""
"202200039817";"742 978";"A01";"1";"7";"6";"0";"8";"2";"1";""
"202200039818";"742 976";"B01";"2";"50";"0";"2";"1";"1";"3";""
"202200039818";"742 977";"A01";"1";"1";"0";"2";"1";"17";"5";""
"202200039819";"742 974";"A01";"1";"7";"0";"2";"1";"1";"1";""
"202200039819";"742 975";"B01";"1";"7";"0";"0";"4";"15";"1";""
"202200039820";"742 972";"B01";"1";"10";"0";"2";"8";"1";"1";""
"202200039820";"742 973";"A01";"1";"30";"0";"2";"7";"17";"1";""
"202200039821";"742 970";"B01";"2";"7";"0";"2";"1";"1";"1";""
"202200039821";"742 971";"A01";"1";"33";"0";"2";"0";"1";"1";""
"202200039822";"742 968";"A01";"1";"32";"0";"2";"3";"1";"1";""
"202200039822";"742 969";"Z01";"1";"31";"0";"2";"2";"14";"0";""
"202200039823";"742 966";"A01";"1";"1";"0";"1";"7";"17";"5";""
"202200039824";"742 965";"B01";"2";"7";"0";"2";"1";"1";"1";""
"202200039824";"742 967";"A01";"1";"7";"0";"2";"1";"13";"1";""
"202200039825";"742 963";"B01";"1";"7";"0";"2";"3";"15";"1";""
"202200039825";"742 964";"A01";"1";"30";"0";"2";"1";"7";"1";""
"202200039826";"742 962";"A01";"2";"7";"2";"0";"7";"14";"1";""
"202200039827";"742 960";"B01";"3";"7";"0";"2";"4";"1";"1";""
"202200039827";"742 961";"A01";"3";"7";"0";"2";"1";"1";"1";""
"202200039828";"742 958";"A01";"1";"7";"2";"0";"7";"1";"1";""
"202200039829";"742 957";"B01";"1";"34";"0";"2";"1";"17";"1";""
"202200039829";"742 959";"A01";"1";"7";"0";"2";"8";"10";"1";""
"202200039830";"742 954";"B01";"1";"7";"0";"2";"4";"1";"1";""
"202200039830";"742 956";"A01";"1";"7";"0";"2";"1";"1";"1";""
"202200039831";"742 953";"A01";"1";"7";"0";"2";"8";"1";"1";""
"202200039831";"742 955";"B01";"2";"7";"0";"2";"1";"1";"1";""
"202200039832";"742 951";"A01";"1";"7";"0";"0";"1";"19";"1";""
"202200039832";"742 952";"B01";"2";"7";"0";"0";"1";"19";"2";""
"202200039833";"742 950";"A01";"2";"7";"2";"0";"1";"16";"1";""
"202200039834";"742 948";"A01";"3";"32";"0";"2";"1";"1";"1";""
"202200039834";"742 949";"B01";"3";"7";"0";"2";"3";"1";"1";""
"202200039835";"742 945";"A01";"2";"7";"0";"2";"1";"1";"1";""
"202200039835";"742 947";"B01";"1";"7";"0";"2";"1";"1";"1";""
"202200039836";"742 944";"A01";"3";"7";"0";"2";"2";"5";"1";""
"202200039836";"742 946";"B01";"3";"7";"0";"2";"0";"0";"1";""
"202200039837";"742 943";"A01";"1";"7";"13";"0";"0";"1";"1";""
"202200039838";"742 941";"A01";"1";"34";"0";"2";"3";"3";"6";""
"202200039838";"742 942";"B01";"2";"7";"0";"2";"3";"0";"0";""
"202200039839";"742 940";"A01";"1";"43";"0";"1";"1";"1";"1";""
"202200039840";"742 939";"A01";"2";"7";"0";"1";"1";"1";"1";""
"202200039841";"742 938";"A01";" -1";"7";"2";"0";"1";"1";"1";""
"202200039842";"742 936";"A01";"2";"7";"0";"1";"1";"1";"1";""
"202200039843";"742 937";"A01";"2";"7";"12";"0";"1";"1";"1";""
"202200039844";"742 933";"B01";"1";"13";"0";"2";"7";"16";"0";""
"202200039844";"742 934";"A01";"1";"7";"11";"2";"6";"16";"1";""
"202200039845";"742 935";"A01";"2";"7";"13";"0";"1";"1";"1";""
"202200039846";"742 931";"A01";"1";"7";"0";"1";"1";"1";"1";""
"202200039847";"742 930";"B01";"1";"7";"0";"2";"3";"9";"1";""
"202200039847";"742 932";"A01";"1";"30";"0";"2";"1";"1";"1";""
"202200039848";"742 928";"B01";"1";"7";"0";"2";"3";"1";"1";""
"202200039848";"742 929";"A01";"2";"7";"0";"2";"3";"13";"1";""
"202200039849";"742 926";"A01";"3";"7";"0";"0";"9";"1";"1";""
"202200039850";"742 925";"A01";"0";"7";"4";"2";"1";"26";"1";""
"202200039850";"742 927";"B01";"0";"7";"4";"2";"1";"0";"1";""
"202200039851";"742 924";"A01";"1";"7";"5";"0";"1";"9";"1";""
"202200039852";"742 921";"A01";"1";"7";"13";"0";"2";"1";"1";""
"202200039853";"742 922";"A01";"0";"3";"0";"2";"5";"4";"0";""
"202200039853";"742 923";"B01";"0";"2";"0";"2";"1";"0";"0";""
"202200039854";"742 920";"A01";"1";"2";"12";"0";"0";"1";"1";""
"202200039855";"742 918";"B01";"0";"32";"4";"2";"8";"1";"1";""
"202200039855";"742 919";"A01";"3";"7";"0";"2";"2";"12";"1";""
"202200039856";"742 916";"A01";"2";"7";"0";"2";"1";"6";"1";""
"202200039856";"742 917";"B01";"2";"7";"0";"2";"1";"1";"1";""
"202200039857";"742 915";"A01";"2";"7";"6";"0";"1";"1";"1";""
"202200039858";"742 914";"A01";"2";"7";"4";"0";"1";"14";"1";""
"202200039859";"742 913";"A01";"2";"7";"13";"0";"1";"1";"1";""
"202200039860";"742 911";"A01";"1";"7";"3";"2";"1";"1";"1";""
"202200039860";"742 912";"B01";"1";"7";"3";"0";"4";"1";"0";""
"202200039861";"742 910";"A01";"2";"7";"2";"0";"0";"1";"1";""
"202200039862";"742 907";"B01";"2";"7";"0";"2";"3";"1";"1";""
"202200039862";"742 909";"A01";"2";"7";"0";"2";"7";"17";"0";""
"202200039863";"742 906";"A01";"1";"7";"0";"2";"3";"21";"1";""
"202200039863";"742 908";"B01";"2";"7";"0";"2";"3";"1";"1";""
"202200039864";"742 905";"A01";"1";"7";"13";"0";"2";"1";"1";""
"202200039865";"742 901";"A01";"2";"7";"6";"0";"5";"13";"1";""
"202200039865";"742 902";"B01";"1";"3";"0";"2";"1";"5";"1";""
"202200039866";"742 903";"A01";"2";"7";"8";"2";"4";"1";"1";""
"202200039866";"742 904";"B01";"1";"14";"0";"2";"1";"1";"1";""
"202200039867";"742 900";"A01";"1";"10";"13";"0";"1";"1";"1";""
"202200039868";"742 897";"A01";"1";"7";"0";"1";"8";"15";"1";""
"202200039869";"742 898";"B01";"2";"7";"6";"2";"3";"1";"1";""
"202200039869";"742 899";"A01";"1";"7";"0";"2";"1";"13";"1";""
"202200039870";"742 895";"A01";"1";"7";"13";"1";"7";"21";"1";""
"202200039871";"742 896";"A01";"1";"10";"13";"0";"1";"1";"1";""
"202200039872";"742 893";"A01";"1";"7";"0";"2";"1";"3";"1";""
"202200039872";"742 894";"B01";"1";"3";"0";"0";"4";"1";"1";""
"202200039873";"742 892";"A01";"3";"31";"0";"0";"0";"1";"1";""
"202200039874";"742 890";"A01";"0";"7";"8";"0";"1";"1";"1";""
"202200039875";"742 891";"A01";"2";"7";"2";"0";"3";"2";"1";""
"202200039876";"742 886";"A01";"1";"7";"0";"2";"1";"17";"1";""
"202200039876";"742 888";"B01";"2";"7";"0";"2";"1";"1";"1";""
"202200039876";"742 889";"C01";"1";"7";"0";"2";"6";"1";"1";""
"202200039877";"742 885";"B01";"2";"7";"4";"2";"3";"18";"1";""
"202200039877";"742 887";"A01";"2";"10";"0";"2";"5";"1";"1";""
"202200039878";"742 883";"A01";"2";"7";"3";"0";"1";"14";"1";""
"202200039879";"742 884";"A01";"1";"33";"0";"0";"8";"1";"1";""
"202200039880";"742 879";"B01";"1";"7";"0";"2";"1";"1";"1";""
"202200039880";"742 880";"A01";"1";"2";"0";"2";"7";"19";"0";""
"202200039881";"742 881";"B01";"2";"1";"0";"2";"4";"13";"5";""
"202200039881";"742 882";"A01";"2";"10";"0";"2";"2";"17";"1";""
"202200039882";"742 878";"A01";"1";"7";"0";"1";"3";"1";"1";""
"202200039883";"742 877";"A01";"2";"10";"0";"1";"1";"1";"1";""
"202200039884";"742 876";"A01";"1";"7";"2";"0";"1";"1";"1";""
"202200039885";"742 873";"B01";"1";"15";"0";"0";"0";"15";"1";""
"202200039885";"742 875";"A01";"1";"7";"7";"2";"1";"1";"1";""
"202200039886";"742 870";"A01";"1";"34";"0";"2";"1";"17";"1";""
"202200039886";"742 872";"B01";"1";"7";"0";"0";"8";"19";"1";""
"202200039887";"742 867";"B01";"1";"14";"0";"0";"5";"2";"1";""
"202200039887";"742 869";"A01";"1";"15";"0";"2";"3";"13";"1";""
"202200039888";"742 866";"A01";"1";"7";"0";"2";"8";"9";"2";""
"202200039888";"742 868";"B01";"1";"1";"0";"2";"2";"1";"5";""
"202200039889";"742 863";"C01";"1";"7";"0";"2";"1";"1";"1";""
"202200039889";"742 864";"B01";"1";"7";"0";"2";"1";"1";"1";""
"202200039889";"742 865";"A01";"2";"7";"0";"2";"1";"21";"1";""
"202200039890";"742 862";"A01";"2";"33";"0";"0";"0";"0";"1";""
"202200039891";"742 861";"A01";"0";"2";"12";"0";"8";"0";"1";""
"202200039892";"742 859";"B01";"1";"32";"0";"2";"1";"1";"1";""
"202200039892";"742 860";"A01";"2";"7";"0";"2";"1";"1";"1";""
"202200039893";"742 857";"A01";"2";"10";"0";"2";"2";"15";"1";""
"202200039893";"742 858";"B01";"1";"7";"0";"2";"1";"1";"1";""
"202200039894";"742 856";"A01";"2";"2";"0";"0";"0";"0";"1";""
"202200039895";"742 855";"A01";"1";"7";"0";"1";"2";"16";"1";""
"202200039896";"742 853";"A01";"2";"7";"3";"0";"9";"14";"1";""
"202200039897";"742 852";"A01";"3";"7";"2";"0";"7";"0";"1";""
"202200039898";"742 849";"B01";"2";"10";"0";"2";"1";"1";"1";""
"202200039898";"742 851";"A01";"1";"7";"0";"2";"7";"13";"1";""
"202200039899";"742 847";"B01";"1";"7";"0";"2";"1";"1";"1";""
"202200039899";"742 848";"A01";"2";"7";"0";"2";"1";"13";"1";""
"202200039900";"742 844";"A01";"3";"7";"0";"1";"4";"4";"1";""
"202200039901";"742 845";"A01";"1";"7";"0";"2";"1";"1";"1";""
"202200039901";"742 846";"B01";"1";"21";"0";"2";"3";"15";"1";""
"202200039902";"742 843";"A01";"1";"7";"3";"0";"1";"14";"1";""
"202200039903";"742 842";"A01";"3";"7";"2";"0";"1";"1";"1";""
"202200039904";"742 841";"A01";"3";"7";"7";"0";"1";"1";"1";""
"202200039905";"742 840";"A01";"2";"7";"13";"0";"2";"14";"1";""
"202200039906";"742 838";"A01";"1";"3";"6";"0";"1";"1";"1";""
"202200039907";"742 837";"A01";"2";"7";"0";"2";"1";"5";"1";""
"202200039907";"742 839";"B01";"1";"7";"0";"2";"1";"2";"1";""
"202200039908";"742 835";"B01";"2";"7";"0";"2";"2";"1";"1";""
"202200039908";"742 836";"A01";"1";"7";"0";"0";"7";"15";"1";""
"202200039909";"742 833";"B01";"2";"7";"0";"2";"1";"1";"1";""
"202200039909";"742 834";"A01";"2";"10";"0";"0";"8";"1";"1";""
"202200039910";"742 831";"A01";"2";"7";"0";"2";"0";"1";"1";""
"202200039910";"742 832";"B01";"2";"17";"0";"2";"8";"1";"1";""
"202200039911";"742 826";"B01";"2";"15";"0";"2";"1";"1";"1";""
"202200039911";"742 827";"A01";"2";"3";"0";"2";"1";"5";"1";""
"202200039911";"742 828";"C01";"2";"15";"0";"2";"1";"14";"1";""
"202200039912";"742 824";"C01";"2";"10";"0";"0";"0";"19";"1";""
"202200039912";"742 825";"A01";"1";"33";"0";"2";"1";"1";"1";""
"202200039913";"742 823";"A01";"2";"7";"4";"0";"1";"0";"1";""
"202200039914";"742 822";"A01";"2";"7";"3";"0";"3";"1";"1";""
"202200039915";"742 821";"A01";"2";"15";"0";"0";"8";"1";"1";""
"202200039916";"742 819";"B01";"1";"7";"0";"2";"1";"1";"1";""
"202200039916";"742 820";"A01";"1";"7";"0";"2";"4";"1";"1";""
"202200039917";"742 817";"A01";"2";"10";"0";"2";"1";"1";"1";""
"202200039917";"742 818";"B01";"2";"7";"0";"0";"4";"1";"1";""
"202200039918";"742 813";"C01";"1";"7";"0";"2";"4";"2";"1";""
"202200039918";"742 814";"B01";"1";"7";"0";"2";"4";"2";"1";""
"202200039918";"742 816";"A01";"1";"7";"0";"2";"1";"2";"1";""
"202200039919";"742 811";"A01";"1";"7";"0";"2";"4";"1";"1";""
"202200039919";"742 812";"B01";"1";"7";"0";"2";"4";"1";"1";""
"202200039919";"742 815";"C01";"1";"7";"0";"2";"1";"1";"1";""
"202200039920";"742 807";"A01";"3";"7";"0";"0";"3";"15";"1";""
"202200039920";"742 808";"B01";"3";"1";"0";"2";"1";"1";"5";""
"202200039921";"742 803";"D01";"2";"10";"0";"2";"3";"2";"1";""
"202200039921";"742 804";"B01";"2";"7";"1";"2";"5";"2";"2";""
"202200039921";"742 805";"A01";"2";"7";"3";"0";"3";"11";"1";""
"202200039921";"742 806";"C01";"2";"7";"0";"2";"4";"0";"1";""
"202200039921";"742 809";"E01";"2";"7";"0";"2";"8";"2";"1";""
"202200039921";"742 810";"F01";"2";"7";"0";"2";"4";"12";"1";""
"202200039922";"742 802";"A01";"1";"7";"4";"0";"1";"1";"1";""
"202200039923";"742 801";"A01";"2";"7";"0";"2";"1";"9";"1";""
"202200039924";"742 797";"A01";"1";"7";"0";"2";"1";"21";"1";""
"202200039924";"742 798";"B01";"1";"17";"0";"2";"3";"1";"1";""
"202200039925";"742 799";"B01";"1";"1";"0";"2";"3";"1";"5";""
"202200039925";"742 800";"A01";"2";"10";"0";"2";"3";"1";"1";""
"202200039926";"742 795";"B01";"2";"33";"0";"2";"2";"1";"1";""
"202200039926";"742 796";"A01";"1";"7";"0";"2";"3";"11";"0";""
"202200039927";"742 793";"A01";"1";"7";"0";"0";"8";"13";"1";""
"202200039928";"742 792";"A01";"2";"32";"0";"2";"7";"1";"1";""
"202200039928";"742 794";"B01";"2";"7";"0";"2";"3";"15";"0";""
"202200039929";"742 790";"A01";"1";"15";"0";"2";"2";"12";"1";""
"202200039929";"742 791";"B01";"1";"7";"0";"2";"6";"1";"1";""
"202200039930";"742 786";"C01";"1";"7";"0";"2";"1";"1";"1";""
"202200039930";"742 787";"B01";"1";"7";"0";"2";"4";"1";"1";""
"202200039930";"742 789";"A01";"1";"7";"0";"2";"4";"1";"1";""
"202200039931";"742 788";"A01";"1";"33";"0";"0";"3";"1";"1";""
"202200039932";"742 784";"A01";"1";"15";"0";"2";"4";"11";"1";""
"202200039932";"742 785";"B01";"1";"7";"0";"2";"1";"1";"1";""
"202200039933";"742 783";"A01";"1";"7";"2";"0";"3";"1";"1";""
"202200039934";"742 781";"B01";"1";"17";"0";"2";"8";"1";"1";""
"202200039934";"742 782";"A01";"1";"7";"4";"2";"3";"21";"1";""
"202200039935";"742 780";"A01";"3";"7";"0";"1";"1";"1";"1";""
"202200039936";"742 779";"A01";"1";"7";"0";"1";"2";"1";"1";""
"202200039937";"742 777";"A01";"2";"7";"0";"1";"1";"1";"1";""
"202200039938";"742 776";"A01";"1";"10";"0";"2";"7";"1";"1";""
"202200039938";"742 778";"B01";"1";"7";"0";"2";"1";"1";"1";""
"202200039939";"742 774";"B01";"0";"7";"0";"2";"4";"1";"1";""
"202200039939";"742 775";"A01";"0";"7";"0";"2";"1";"1";"1";""
"202200039940";"742 773";"A01";"2";"7";"0";"1";"2";"15";"1";""
"202200039941";"742 770";"A01";"1";"7";"16";"0";"0";"14";"1";""
"202200039941";"742 771";"B01";"1";"1";"16";"0";"0";"26";"5";""
"202200039942";"742 769";"A01";"1";"7";"0";"2";"1";"13";"1";""
"202200039942";"742 772";"B01";"2";"7";"0";"2";"1";"1";"1";""
"202200039943";"742 768";"A01";"3";"7";"0";"1";"2";"17";"1";""
"202200039944";"742 766";"A01";"3";"10";"0";"1";"5";"1";"1";""
"202200039945";"742 765";"B01";"2";"1";"0";"2";"7";"1";"5";""
"202200039945";"742 767";"A01";"1";"7";"0";"2";"2";"9";"1";""
"202200039946";"742 763";"A01";"1";"7";"13";"0";"1";"1";"1";""
"202200039947";"742 762";"B01";"3";"7";"0";"0";"0";"0";"1";""
"202200039947";"742 764";"A01";"3";"30";"0";"2";"0";"15";"1";""
"202200039948";"742 760";"A01";"0";"7";"0";"1";"1";"16";"1";""
"202200039949";"742 759";"A01";"1";"30";"0";"2";"3";"11";"1";""
"202200039949";"742 761";"B01";"1";"30";"0";"2";"0";"0";"0";""
"202200039950";"742 757";"A01";"0";"33";"3";"0";"3";"1";"1";""
"202200039951";"742 756";"A01";"1";"7";"0";"2";"7";"15";"3";""
"202200039951";"742 758";"B01";"2";"1";"0";"2";"1";"9";"5";""
"202200039952";"742 755";"A01";"3";"7";"0";"1";"1";"15";"1";""
"202200039953";"742 752";"A01";"2";"1";"0";"1";"2";"19";"5";""
"202200039954";"742 751";"C01";"1";"15";"0";"2";"1";"0";"1";""
"202200039954";"742 753";"B01";"1";"7";"0";"2";"3";"17";"1";""
"202200039954";"742 754";"A01";"2";"7";"0";"2";"3";"21";"1";""
"202200039955";"742 750";"A01";"2";"7";"0";"1";"1";"1";"1";""
"202200039956";"742 749";"A01";"2";"7";"4";"0";"0";"1";"0";""
"202200039957";"742 746";"A01";"1";"7";"0";"2";"1";"15";"1";""
"202200039957";"742 748";"B01";"2";"32";"0";"2";"1";"1";"1";""
"202200039958";"742 747";"A01";"1";"33";"0";"0";"0";"0";"1";""
"202200039959";"742 741";"A01";"2";"7";"0";"2";"4";"23";"1";""
"202200039959";"742 743";"B01";"2";"7";"0";"2";"1";"1";"1";""
"202200039960";"742 739";"E01";"3";"7";"0";"2";"0";"0";"1";""
"202200039960";"742 740";"D01";"3";"7";"0";"2";"0";"0";"1";""
"202200039960";"742 742";"C01";"3";"7";"0";"2";"0";"0";"1";""
"202200039960";"742 744";"B01";"3";"7";"0";"2";"4";"23";"1";""
"202200039960";"742 745";"A01";"3";"10";"0";"2";"0";"0";"1";""
"202200039961";"742 738";"A01";"2";"7";"4";"0";"9";"1";"1";""
"202200039962";"742 737";"A01";" -1";"7";"0";"1";"7";"1";"1";""
"202200039963";"742 735";"A01";"1";"7";"0";"2";"4";"14";"1";""
"202200039963";"742 736";"B01";"1";"33";"0";"2";"1";"1";"1";""
"202200039964";"742 733";"B01";"3";"7";"0";"2";"1";"1";"1";""
"202200039964";"742 734";"A01";"3";"7";"0";"2";"3";"16";"1";""
"202200039965";"742 730";"A01";"1";"7";"0";"1";"2";"1";"1";""
"202200039966";"742 729";"A01";"2";"15";"0";"2";"4";"2";"1";""
"202200039966";"742 731";"B01";"2";"7";"0";"2";"1";"2";"1";""
"202200039966";"742 732";"C01";"2";"10";"0";"2";"1";"2";"1";""
"202200039967";"742 728";"A01";"1";"7";"4";"0";"1";"13";"1";""
"202200039968";"742 726";"A01";"2";"7";"0";"2";"4";"2";"1";""
"202200039968";"742 727";"B01";"2";"7";"0";"2";"1";"2";"1";""
"202200039969";"742 724";"B01";"0";"10";"0";"2";"3";"1";"1";""
"202200039969";"742 725";"A01";"0";"7";"0";"2";"2";"13";"3";""
"202200039970";"742 721";"A01";"2";"7";"0";"2";"8";"11";"1";""
"202200039970";"742 723";"B01";"2";"33";"0";"2";"7";"3";"1";""
"202200039971";"742 720";"A01";"1";"10";"14";"9";"3";"15";"1";""
"202200039971";"742 722";"B01";"3";"1";"0";"0";"0";"0";"5";""
"202200039972";"742 718";"A01";"2";"7";"8";"0";"8";"0";"1";""
"202200039973";"742 716";"A01";"2";"10";"0";"2";"4";"1";"1";""
"202200039973";"742 717";"B01";"2";"7";"0";"2";"3";"1";"1";""
"202200039973";"742 719";"C01";"2";"33";"0";"2";"1";"3";"1";""
"202200039974";"742 714";"A01";"2";"7";"0";"2";"3";"15";"1";""
"202200039974";"742 715";"B01";"1";"31";"0";"2";"1";"1";"1";""
"202200039975";"742 713";"A01";"1";"7";"4";"0";"8";"1";"1";""
"202200039976";"742 712";"A01";"1";"7";"0";"1";"1";"1";"1";""
"202200039977";"742 710";"A01";"1";"7";"3";"0";"1";"1";"1";""
"202200039978";"742 709";"A01";"0";"33";"0";"2";"1";"2";"1";""
"202200039978";"742 711";"B01";"0";"7";"0";"2";"3";"15";"1";""
"202200039979";"742 705";"A01";"1";"7";"0";"2";"1";"2";"1";""
"202200039979";"742 707";"B01";"1";"7";"0";"2";"4";"2";"1";""
"202200039979";"742 708";"C01";"1";"7";"0";"2";"4";"2";"1";""
"202200039980";"742 704";"A01";"0";"7";"0";"2";"4";"1";"1";""
"202200039980";"742 706";"B01";"0";"10";"0";"2";"1";"2";"1";""
"202200039981";"742 702";"A01";"0";"7";"0";"1";"1";"15";"1";""
"202200039982";"742 701";"A01";"1";"31";"6";"0";"1";"1";"1";""
"202200039983";"742 698";"A01";"1";"7";"0";"2";"1";"13";"1";""
"202200039983";"742 699";"B01";"2";"7";"0";"2";"7";"21";"1";""
"202200039983";"742 700";"C01";"2";"7";"0";"2";"1";"2";"1";""
"202200039984";"742 695";"A01";"1";"7";"3";"0";"1";"9";"1";""
"202200039984";"742 703";"B01";"1";"7";"0";"9";"1";"1";"1";""
"202200039985";"742 691";"B01";"1";"33";"0";"2";"3";"1";"1";""
"202200039985";"742 692";"A01";"1";"7";"0";"2";"5";"12";"1";""
"202200039986";"742 688";"B01";"1";"7";"0";"2";"8";"1";"1";""
"202200039986";"742 690";"A01";"1";"7";"0";"2";"1";"15";"1";""
"202200039987";"742 687";"A01";"2";"7";"0";"2";"2";"12";"1";""
"202200039987";"742 689";"B01";"2";"33";"0";"2";"3";"0";"1";""
"202200039988";"742 685";"A01";"2";"7";"0";"1";"3";"15";"1";""
"202200039989";"742 686";"A01";"2";"33";"0";"0";"7";"1";"1";""
"202200039990";"742 682";"B01";"2";"7";"0";"2";"1";"1";"1";""
"202200039990";"742 684";"A01";"2";"7";"0";"2";"7";"19";"1";""