"Num_Acc";"id_vehicule";"num_veh";"senc";"catv";"obs";"obsm";"choc";"manv";"motor";"occutc"
"202200039991";"742 681";"A01";"1";"7";"0";"2";"1";"1";"1";""
"202200039991";"742 683";"B01";"1";"7";"0";"2";"4";"1";"2";""
"202200039992";"742 680";"A01";"3";"7";"0";"1";"1";"15";"1";""
"202200039993";"742 679";"A01";"1";"7";"5";"0";"2";"2";"1";""
"202200039994";"742 676";"B01";"2";"7";"0";"2";"4";"0";"1";""
"202200039994";"742 677";"A01";"2";"7";"0";"2";"1";"1";"1";""
"202200039995";"742 675";"A01";"1";"33";"0";"2";"9";"2";"1";""
"202200039995";"742 678";"B01";"1";"7";"0";"2";"7";"2";"1";""
"202200039996";"742 672";"A01";"2";"7";"0";"2";"1";"1";"1";""
"202200039996";"742 673";"B01";"2";"7";"0";"2";"4";"1";"1";""
"202200039996";"742 674";"C01";"2";"7";"0";"2";"4";"1";"1";""
"202200039997";"742 671";"A01";"1";"34";"0";"0";"0";"1";"1";""
"202200039998";"742 669";"A01";"1";"7";"0";"2";"7";"15";"1";""
"202200039998";"742 670";"B01";"2";"33";"0";"2";"1";"16";"1";""
"202200039999";"742 668";"A01";"1";"33";"5";"0";"7";"1";"1";""
"202200040000";"742 665";"A01";"1";"7";"0";"2";"3";"2";"1";""
"202200040000";"742 667";"B01";"2";"7";"0";"2";"4";"2";"1";""
"202200040001";"742 664";"A01";"1";"7";"0";"2";"6";"11";"1";""
"202200040001";"742 666";"B01";"1";"33";"0";"2";"5";"1";"1";""
"202200040002";"742 662";"B01";"2";"33";"0";"2";"8";"1";"1";""
"202200040002";"742 663";"A01";"2";"7";"0";"2";"2";"16";"1";""
"202200040003";"742 657";"A01";"2";"30";"0";"2";"1";"1";"1";""
"202200040003";"742 659";"B01";"2";"10";"0";"2";"4";"1";"1";""
"202200040004";"742 655";"E01";"2";"7";"0";"2";"0";"0";"1";""
"202200040004";"742 656";"D01";"2";"7";"0";"2";"4";"2";"1";""
"202200040004";"742 658";"C01";"2";"7";"0";"2";"4";"2";"1";""
"202200040004";"742 660";"B01";"2";"7";"0";"2";"4";"2";"1";""
"202200040004";"742 661";"A01";"2";"15";"0";"2";"1";"2";"1";""
"202200040005";"742 653";"B01";"3";"1";"0";"2";"1";"19";"5";""
"202200040005";"742 654";"A01";"3";"7";"0";"2";"2";"1";"1";""
"202200040006";"742 648";"B01";"2";"7";"0";"2";"1";"1";"1";""
"202200040006";"742 650";"A01";"2";"10";"0";"2";"1";"15";"1";""
"202200040007";"742 647";"D01";"1";"7";"0";"2";"6";"2";"1";""
"202200040007";"742 649";"C01";"1";"7";"0";"2";"4";"0";"1";""
"202200040007";"742 651";"B01";"1";"7";"0";"2";"4";"2";"1";""
"202200040007";"742 652";"A01";"1";"10";"0";"2";"1";"2";"1";""
"202200040008";"742 645";"A01";"3";"33";"3";"0";"7";"17";"1";""
"202200040009";"742 644";"A01";"3";"7";"0";"2";"3";"10";"1";""
"202200040009";"742 646";"B01";"3";"43";"0";"2";"2";"17";"1";""
"202200040010";"742 642";"A01";"1";"17";"13";"0";"9";"26";"1";""
"202200040011";"742 641";"A01";"3";"7";"0";"2";"1";"2";"1";""
"202200040011";"742 643";"B01";"3";"1";"0";"2";"7";"15";"5";""
"202200040012";"742 638";"A01";"2";"7";"11";"0";"1";"1";"1";""
"202200040013";"742 637";"A01";"1";"7";"0";"2";"2";"2";"1";""
"202200040013";"742 639";"B01";"1";"10";"0";"2";"4";"2";"1";""
"202200040013";"742 640";"C01";"1";"10";"0";"2";"6";"2";"1";""
"202200040014";"742 636";"A01";"3";"2";"0";"0";"2";"26";"1";""
"202200040015";"742 634";"A01";"1";"33";"0";"2";"1";"2";"1";""
"202200040015";"742 635";"B01";"1";"7";"0";"2";"6";"1";"1";""
"202200040016";"742 630";"A01";"2";"7";"0";"1";"1";"1";"1";""
"202200040017";"742 627";"A01";"2";"7";"0";"2";"1";"2";"1";""
"202200040017";"742 628";"B01";"2";"7";"0";"2";"4";"1";"1";""
"202200040018";"742 626";"B01";"1";"7";"0";"2";"3";"15";"1";""
"202200040018";"742 629";"A01";"2";"7";"0";"2";"1";"19";"1";""
"202200040019";"742 624";"B01";"1";"1";"0";"2";"7";"1";"5";""
"202200040019";"742 625";"A01";"1";"7";"0";"9";"8";"13";"2";""
"202200040020";"742 622";"B01";"1";"7";"0";"2";"3";"2";"1";""
"202200040020";"742 623";"A01";"1";"30";"0";"2";"3";"5";"1";""
"202200040021";"742 621";"A01";"1";"7";"0";"1";"2";"1";"1";""
"202200040022";"742 619";"B01";"2";"7";"0";"2";"3";"15";"1";""
"202200040022";"742 620";"A01";"2";"50";"0";"2";"1";"5";"3";""
"202200040023";"742 618";"A01";"3";"7";"11";"2";"1";"1";"1";""
"202200040024";"742 617";"A01";"1";"7";"16";"0";"3";"13";"1";""
"202200040025";"742 615";"B01";"2";"7";"0";"2";"5";"15";"1";""
"202200040025";"742 616";"A01";"2";"7";"0";"2";"1";"1";"1";""
"202200040026";"742 613";"A01";"2";"7";"0";"2";"6";"26";"1";""
"202200040026";"742 614";"B01";"2";"30";"0";"2";"1";"1";"1";""
"202200040027";"742 612";"A01";"1";"7";"0";"1";"1";"1";"1";""
"202200040028";"742 610";"A01";"2";"10";"0";"1";"2";"1";"1";""
"202200040029";"742 609";"B01";"1";"7";"0";"2";"1";"1";"1";""
"202200040029";"742 611";"A01";"2";"7";"0";"2";"1";"17";"1";""
"202200040030";"742 607";"B01";"2";"1";"0";"2";"1";"1";"5";""
"202200040030";"742 608";"A01";"1";"7";"0";"2";"1";"15";"1";""
"202200040031";"742 605";"B01";"1";"7";"0";"2";"3";"26";"1";""
"202200040031";"742 606";"A01";"2";"32";"0";"2";"1";"1";"1";""
"202200040032";"742 604";"A01";"1";"7";"0";"1";"3";"1";"1";""
"202200040033";"742 602";"A01";"1";"7";"0";"1";"3";"1";"1";""
"202200040034";"742 601";"A01";"3";"30";"0";"2";"3";"18";"1";""
"202200040034";"742 603";"B01";"1";"38";"0";"2";"5";"1";"1";"1"
"202200040035";"742 599";"B01";"2";"10";"0";"2";"5";"15";"0";""
"202200040035";"742 600";"A01";"1";"50";"0";"2";"1";"1";"3";""
"202200040036";"742 595";"B01";"1";"99";"0";"2";"2";"1";"3";""
"202200040036";"742 597";"A01";"1";"7";"0";"9";"3";"9";"1";""
"202200040037";"742 596";"B01";"2";"10";"9";"2";"1";"1";"1";""
"202200040037";"742 598";"A01";"3";"10";"0";"2";"3";"1";"1";""
"202200040038";"742 594";"A01";"2";"7";"0";"1";"1";"1";"1";""
"202200040039";"742 593";"A01";"2";"10";"0";"1";"2";"1";"1";""
"202200040040";"742 589";"A01";"1";"7";"1";"2";"2";"1";"1";""
"202200040040";"742 591";"B01";"1";"7";"1";"2";"9";"1";"1";""
"202200040040";"742 592";"C01";"1";"7";"0";"2";"6";"24";"1";""
"202200040041";"742 588";"A01";"2";"7";"0";"2";"1";"1";"3";""
"202200040041";"742 590";"B01";"1";"7";"0";"2";"1";"15";"1";""
"202200040042";"742 587";"A01";"1";"33";"4";"0";"1";"1";"1";""
"202200040043";"742 584";"A01";"2";"7";"0";"2";"1";"1";"1";""
"202200040043";"742 586";"B01";"2";"7";"0";"2";"4";"1";"1";""
"202200040044";"742 585";"B01";"1";"2";"0";"9";"0";"9";"1";""
"202200040045";"742 582";"A01";"1";"7";"0";"2";"3";"15";"1";""
"202200040045";"742 583";"B01";"2";"33";"0";"2";"1";"17";"1";""
"202200040046";"742 578";"A01";" -1";"33";"0";"2";"1";"13";"1";""
"202200040046";"742 580";"B01";" -1";"1";"0";"2";"1";"1";"5";""
"202200040047";"742 579";"B01";"3";"7";"0";"2";"4";"15";"1";""
"202200040047";"742 581";"A01";"1";"32";"0";"2";"1";"1";"1";""
"202200040048";"742 576";"B01";"0";"31";"0";"2";"1";"26";"1";""
"202200040048";"742 577";"A01";"0";"30";"0";"2";"6";"15";"3";""
"202200040049";"742 572";"A01";"1";"7";"0";"2";"1";"2";"1";""
"202200040049";"742 573";"B01";"1";"7";"0";"2";"4";"23";"1";""
"202200040049";"742 575";"C01";"1";"7";"0";"2";"4";"23";"1";""
"202200040050";"742 571";"A01";"2";"7";"0";"9";"1";"9";"1";""
"202200040050";"742 574";"B01";"1";"2";"0";"2";"1";"15";"1";""
"202200040051";"742 569";"B01";"0";"37";"0";"2";"1";"7";"1";"1"
"202200040051";"742 570";"A01";"3";"7";"0";"2";"2";"1";"1";""
"202200040052";"742 567";"B01";"3";"7";"0";"2";"1";"11";"1";""
"202200040052";"742 568";"A01";"3";"31";"0";"2";"1";"1";"1";""
"202200040053";"742 564";"A01";"0";"7";"0";"2";"1";"1";"1";""
"202200040053";"742 566";"B01";"0";"7";"0";"2";"4";"1";"1";""
"202200040054";"742 563";"C01";"1";"7";"0";"2";"2";"1";"1";""
"202200040054";"742 565";"A01";"1";"7";"14";"2";"9";"1";"1";""
"202200040055";"742 559";"B01";"1";"50";"0";"2";"2";"1";"3";""
"202200040055";"742 560";"A01";"1";"7";"0";"2";"3";"0";"1";""
"202200040056";"742 557";"B01";"3";"7";"6";"2";"4";"16";"1";""
"202200040056";"742 558";"A01";"3";"7";"0";"2";"1";"1";"1";""
"202200040057";"742 554";"B01";"0";"7";"0";"2";"8";"1";"1";""
"202200040057";"742 556";"A01";"0";"3";"0";"2";"3";"6";"1";""
"202200040058";"742 552";"A01";"1";"7";"0";"1";"1";"1";"1";""
"202200040059";"742 553";"B01";"1";"50";"0";"2";"1";"19";"3";""
"202200040059";"742 555";"A01";"2";"7";"0";"2";"2";"15";"1";""
"202200040060";"742 551";"A01";"1";"7";"0";"1";"1";"1";"1";""
"202200040061";"742 549";"A01";"1";"7";"2";"0";"1";"1";"2";""
"202200040062";"742 546";"A01";"2";"34";"0";"2";"1";"17";"1";""
"202200040062";"742 548";"B01";"1";"30";"0";"2";"1";"1";"1";""
"202200040063";"742 547";"B01";"1";"50";"0";"2";"1";"1";"3";""
"202200040063";"742 550";"A01";"1";"7";"0";"2";"3";"16";"1";""
"202200040064";"742 545";"A01";"2";"7";"8";"0";"1";"17";"1";""
"202200040065";"742 542";"A01";"3";"32";"0";"0";"7";"1";"1";""
"202200040066";"742 543";"B01";"2";"7";"0";"2";"6";"2";"1";""
"202200040066";"742 544";"A01";"2";"7";"0";"2";"2";"2";"1";""
"202200040067";"742 540";"A01";"2";"33";"0";"2";"3";"3";"1";""
"202200040067";"742 541";"B01";"2";"33";"0";"2";"4";"23";"1";""
"202200040068";"742 536";"A01";"2";"14";"0";"2";"0";"13";"1";""
"202200040068";"742 538";"B01";"2";"33";"11";"0";"8";"17";"1";""
"202200040069";"742 535";"B01";"2";"7";"0";"2";"4";"2";"1";""
"202200040069";"742 539";"A01";"2";"7";"0";"2";"1";"2";"1";""
"202200040070";"742 534";"B01";"3";"99";"12";"2";"1";"19";"3";""
"202200040070";"742 537";"A01";"3";"7";"0";"2";"3";"2";"1";""
"202200040071";"742 533";"A01";"1";"1";"0";"1";"1";"1";"5";""
"202200040072";"742 530";"B01";"1";"7";"0";"2";"4";"0";"0";""
"202200040072";"742 531";"A01";"1";"7";"0";"2";"1";"0";"0";""
"202200040073";"742 529";"A01";"1";"99";"0";"2";"0";"11";"0";""
"202200040073";"742 532";"B01";"1";"34";"0";"2";"1";"2";"1";""
"202200040074";"742 527";"Z01";"2";"30";"0";"2";"0";"1";"0";""
"202200040074";"742 528";"A01";"2";"1";"0";"2";"1";"9";"5";""
"202200040075";"742 524";"A01";"2";"7";"0";"2";"1";"1";"1";""
"202200040075";"742 526";"B01";"2";"7";"0";"2";"4";"1";"1";""
"202200040076";"742 525";"A01";"1";"50";"0";"1";"3";"1";"3";""
"202200040077";"742 523";"A01";"1";"7";"4";"0";"3";"1";"1";""
"202200040078";"742 519";"A01";"1";"32";"0";"2";"0";"1";"1";""
"202200040078";"742 522";"Z01";"3";"50";"0";"2";"0";"1";"3";""
"202200040079";"742 520";"B01";"1";"10";"0";"2";"6";"1";"1";""
"202200040079";"742 521";"A01";"1";"7";"0";"2";"9";"9";"1";""
"202200040080";"742 517";"B01";"1";"7";"0";"2";"1";"2";"1";""
"202200040080";"742 518";"A01";"1";"50";"0";"2";"8";"15";"3";""
"202200040081";"742 516";"A01";"1";"50";"12";"0";"1";"16";"3";""
"202200040082";"742 515";"A01";"1";"33";"13";"0";"3";"0";"1";""
"202200040083";"742 513";"A01";"3";"32";"0";"2";"8";"18";"1";""
"202200040083";"742 514";"B01";"3";"7";"0";"2";"7";"1";"1";""
"202200040084";"742 511";"A01";"3";"7";"0";"1";"3";"1";"1";""
"202200040085";"742 508";"A01";"1";"7";"0";"2";"3";"15";"1";""
"202200040085";"742 509";"B01";"2";"50";"0";"2";"1";"1";"3";""
"202200040086";"742 506";"A01";"1";"7";"0";"2";"1";"26";"0";""
"202200040086";"742 510";"B01";"1";"7";"0";"2";"4";"23";"0";""
"202200040087";"742 507";"B01";"2";"7";"0";"2";"6";"2";"1";""
"202200040087";"742 512";"A01";"1";"50";"0";"2";"1";"1";"3";""
"202200040088";"742 504";"Z01";"1";"1";"0";"1";"1";"1";"5";""
"202200040089";"742 505";"A01";"1";"31";"1";"0";"1";"14";"1";""
"202200040090";"742 502";"A01";"3";"7";"1";"0";"3";"13";"1";""
"202200040091";"742 500";"A01";"1";"7";"0";"2";"7";"15";"1";""
"202200040091";"742 501";"B01";"2";"7";"0";"2";"1";"1";"1";""
"202200040092";"742 499";"A01";"1";"32";"0";"2";"1";"1";"1";""
"202200040092";"742 503";"B01";"1";"7";"0";"2";"2";"1";"2";""
"202200040093";"742 497";"A01";"3";"10";"0";"1";"7";"1";"1";""
"202200040094";"742 496";"B01";"3";"7";"0";"2";"5";"23";"1";""
"202200040094";"742 498";"A01";"3";"7";"0";"2";"1";"3";"1";""
"202200040095";"742 494";"A01";"1";"10";"0";"1";"3";"16";"1";""
"202200040096";"742 495";"A01";"0";"7";"8";"0";"4";"1";"1";""
"202200040097";"742 491";"A01";"1";"10";"0";"2";"2";"17";"1";""
"202200040097";"742 492";"B01";"1";"1";"0";"2";"8";"1";"5";""
"202200040098";"742 489";"B01";"1";"7";"0";"2";"3";"15";"1";""
"202200040098";"742 490";"A01";"1";"32";"0";"2";"1";"1";"1";""
"202200040098";"742 493";"C01";"2";"7";"0";"2";"3";"0";"1";""
"202200040099";"742 488";"A01";"3";"10";"8";"0";"0";"0";"1";""
"202200040100";"742 486";"A01";"1";"10";"0";"1";"1";"1";"1";""
"202200040101";"742 485";"A01";"2";"7";"0";"2";"2";"15";"1";""
"202200040101";"742 487";"B01";"2";"30";"0";"2";"3";"1";"1";""
"202200040102";"742 483";"A01";"1";"7";"0";"2";"1";"5";"1";""
"202200040102";"742 484";"B01";"1";"2";"0";"2";"1";"1";"1";""
"202200040103";"742 480";"A01";"1";"2";"0";"2";"1";"1";"3";""
"202200040103";"742 482";"B01";"1";"7";"0";"2";"5";"1";"1";""
"202200040104";"742 478";"B01";"2";"7";"0";"2";"3";"19";"1";""
"202200040104";"742 481";"A01";"1";"31";"0";"2";"2";"17";"1";""
"202200040105";"742 471";"B01";"1";"1";"0";"2";"4";"2";"5";""
"202200040105";"742 473";"C01";"1";"7";"0";"2";"7";"2";"1";""
"202200040105";"742 475";"A01";"1";"10";"0";"2";"6";"2";"1";""
"202200040105";"742 477";"Z01";"1";"43";"0";"2";"1";"2";"1";""
"202200040106";"742 472";"A01";"2";"7";"12";"2";"8";"10";"1";""
"202200040106";"742 474";"B01";"1";"2";"0";"2";"7";"1";"0";""
"202200040107";"742 476";"A01";"1";"7";"0";"2";"8";"15";"1";""
"202200040107";"742 479";"B01";"1";"33";"0";"2";"7";"1";"1";""
"202200040108";"742 470";"A01";"1";"7";"0";"1";"1";"15";"1";""
"202200040109";"742 468";"A01";"1";"7";"0";"1";"2";"1";"1";""
"202200040110";"742 467";"A01";"2";"7";"0";"1";"2";"0";"1";""
"202200040111";"742 465";"A01";"3";"7";"0";"1";"1";"1";"1";""
"202200040112";"742 463";"A01";"0";"30";"0";"2";"1";"1";"1";""
"202200040112";"742 464";"B01";"0";"7";"0";"2";"3";"1";"1";""
"202200040113";"742 466";"B01";"2";"2";"0";"2";"1";"1";"1";""
"202200040113";"742 469";"A01";"1";"7";"0";"2";"1";"15";"1";""
"202200040114";"742 461";"A01";"2";"7";"0";"2";"3";"9";"1";""
"202200040114";"742 462";"B01";"2";"15";"0";"2";"5";"1";"1";""
"202200040115";"742 459";"A01";"2";"7";"0";"2";"1";"1";"1";""
"202200040115";"742 460";"B01";"2";"7";"0";"2";"4";"1";"1";""
"202200040116";"742 458";"A01";"2";"7";"0";"1";"2";"16";"1";""
"202200040117";"742 455";"B01";"1";"33";"0";"2";"1";"2";"1";""
"202200040117";"742 456";"A01";"1";"7";"0";"2";"5";"23";"1";""
"202200040118";"742 453";"A01";"2";"7";"0";"1";"2";"1";"1";""
"202200040119";"742 452";"A01";" -1";"10";"0";"1";"2";"1";"1";""
"202200040120";"742 454";"B01";"2";"7";"0";"2";"3";"15";"1";""
"202200040120";"742 457";"A01";"2";"33";"0";"2";"1";"17";"1";""
"202200040121";"742 450";"B01";"3";"31";"0";"2";"0";"0";"0";""
"202200040121";"742 451";"A01";"3";"7";"0";"2";"2";"16";"1";""
"202200040122";"742 449";"A01";"1";"7";"0";"1";"1";"1";"1";""
"202200040123";"742 446";"A01";"2";"7";"4";"0";"9";"1";"0";""
"202200040124";"742 448";"A01";"2";"7";"0";"1";"1";"16";"1";""
"202200040125";"742 445";"A01";"3";"3";"1";"0";"1";"19";"1";""
"202200040125";"742 447";"B01";"3";"3";"1";"0";"0";"0";"0";""
"202200040126";"742 440";"B01";"3";"7";"0";"0";"4";"2";"1";""
"202200040126";"742 443";"A01";"3";"7";"0";"2";"1";"2";"1";""
"202200040127";"742 437";"A01";"3";"7";"12";"2";"1";"13";"1";""
"202200040127";"742 441";"B01";"2";"30";"0";"2";"1";"1";"1";""
"202200040128";"742 433";"B01";"1";"33";"0";"2";"5";"12";"1";""
"202200040128";"742 435";"A01";"1";"7";"0";"2";"3";"1";"1";""
"202200040129";"742 434";"F01";"3";"7";"0";"2";"1";"2";"0";""
"202200040129";"742 436";"E01";"3";"7";"0";"2";"1";"1";"0";""
"202200040129";"742 438";"D01";"3";"7";"0";"2";"9";"1";"1";""
"202200040129";"742 439";"C01";"3";"7";"0";"2";"0";"0";"1";""
"202200040129";"742 442";"B01";"3";"7";"0";"2";"0";"0";"1";""
"202200040129";"742 444";"A01";"3";"7";"14";"2";"9";"1";"1";""
"202200040130";"742 432";"A01";"0";"2";"0";"0";"0";"1";"1";""
"202200040131";"742 431";"A01";"2";"2";"0";"0";"0";"26";"1";""
"202200040132";"742 428";"A01";"2";"2";"14";"0";"5";"26";"1";""
"202200040132";"742 430";"B01";"2";"7";"0";"0";"5";"1";"1";""
"202200040133";"742 429";"A01";"1";"7";"0";"1";"0";"26";"1";""
"202200040134";"742 426";"B01";"1";"2";"0";"2";"2";"1";"1";""
"202200040134";"742 427";"A01";"1";"7";"0";"2";"3";"1";"1";""
"202200040135";"742 425";"A01";"1";"7";"2";"0";"3";"13";"1";""
"202200040136";"742 422";"B01";"1";"10";"0";"2";"4";"1";"1";""
"202200040136";"742 423";"A01";"1";"14";"0";"2";"1";"2";"1";""
"202200040137";"742 421";"B01";"1";"7";"0";"2";"6";"0";"1";""
"202200040137";"742 424";"A01";"1";"7";"0";"2";"8";"17";"1";""
"202200040138";"742 418";"A01";"2";"7";"0";"2";"1";"17";"1";""
"202200040138";"742 420";"B01";"1";"7";"0";"2";"3";"15";"3";""
"202200040139";"742 417";"A01";"1";"7";"0";"2";"2";"16";"1";""
"202200040139";"742 419";"B01";"3";"7";"0";"2";"3";"0";"2";""
"202200040140";"742 415";"A01";"3";"7";"0";"1";"4";"4";"1";""
"202200040141";"742 414";"A01";"1";"1";"9";"1";"1";"1";"5";""
"202200040142";"742 412";"B01";"1";"30";"0";"2";"1";"1";"1";""
"202200040142";"742 413";"A01";"1";"7";"0";"2";"3";"19";"1";""
"202200040143";"742 411";"B01";"0";"7";"0";"2";"1";"1";"1";""
"202200040143";"742 416";"A01";"0";"7";"0";"2";"3";"1";"1";""
"202200040144";"742 409";"A01";"1";"30";"16";"0";"1";"1";"1";""
"202200040145";"742 407";"A01";"3";"3";"13";"0";"2";"26";"1";""
"202200040146";"742 408";"B01";"2";"7";"0";"2";"8";"1";"1";""
"202200040146";"742 410";"A01";"1";"7";"0";"0";"1";"19";"1";""
"202200040147";"742 402";"B01";"1";"7";"0";"2";"8";"15";"1";""
"202200040147";"742 406";"A01";"1";"7";"0";"2";"1";"19";"1";""
"202200040148";"742 403";"A01";"1";"7";"0";"2";"6";"23";"1";""
"202200040148";"742 405";"B01";"2";"50";"0";"2";"1";"1";"3";""
"202200040149";"742 397";"B01";"2";"7";"0";"2";"3";"1";"1";""
"202200040149";"742 398";"A01";"2";"7";"0";"2";"2";"19";"1";""
"202200040150";"742 396";"B01";"1";"7";"0";"2";"1";"1";"1";""
"202200040150";"742 399";"A01";"1";"7";"0";"2";"2";"15";"1";""
"202200040151";"742 395";"A01";"1";"7";"0";"2";"1";"1";"1";""
"202200040151";"742 400";"B01";"1";"7";"0";"2";"4";"23";"1";""
"202200040151";"742 401";"C01";"1";"7";"0";"2";"4";"23";"1";""
"202200040151";"742 404";"D01";"1";"7";"0";"2";"1";"1";"1";""
"202200040152";"742 392";"A01";"0";"7";"0";"2";"6";"15";"1";""
"202200040152";"742 394";"B01";"0";"2";"0";"2";"1";"1";"1";""
"202200040153";"742 393";"A01";"1";"38";"6";"0";"3";"1";"1";"1"
"202200040154";"742 389";"A01";"2";"10";"1";"0";"2";"2";"1";""
"202200040155";"742 387";"B01";"2";"7";"0";"2";"4";"23";"1";""
"202200040155";"742 390";"A01";"2";"7";"0";"2";"1";"1";"1";""
"202200040156";"742 386";"A01";"1";"7";"0";"2";"1";"2";"1";""
"202200040156";"742 388";"B01";"1";"7";"0";"2";"4";"2";"1";""
"202200040156";"742 391";"C01";"1";"7";"0";"2";"4";"2";"1";""
"202200040157";"742 384";"A01";"1";"10";"0";"1";"1";"1";"1";""
"202200040158";"742 381";"A01";"0";"7";"0";"1";"1";"1";"1";""
"202200040159";"742 383";"B01";"2";"33";"0";"0";"8";"13";"1";""
"202200040159";"742 385";"A01";"2";"33";"3";"0";"9";"13";"1";""
"202200040160";"742 382";"A01";"2";"50";"0";"0";"0";"1";"3";""
"202200040161";"742 380";"A01";"3";"7";"0";"1";"1";"16";"1";""
"202200040162";"742 377";"A01";"0";"30";"0";"2";"1";"5";"1";""
"202200040162";"742 379";"B01";"0";"7";"0";"2";"3";"15";"1";""
"202200040163";"742 375";"A01";"1";"7";"0";"2";"3";"13";"1";""
"202200040163";"742 376";"B01";"2";"7";"0";"2";"3";"17";"1";""
"202200040163";"742 378";"C01";"2";"3";"0";"2";"8";"1";"1";""
"202200040164";"742 372";"A01";"1";"7";"0";"2";"1";"1";"1";""
"202200040164";"742 374";"B01";"1";"7";"0";"2";"4";"1";"1";""
"202200040165";"742 371";"Z01";"3";"7";"0";"2";"1";"1";"0";""
"202200040165";"742 373";"A01";"3";"33";"0";"2";"4";"1";"1";""
"202200040166";"742 368";"A01";"2";"7";"0";"2";"2";"1";"1";""
"202200040166";"742 370";"B01";"1";"2";"0";"2";"6";"1";"1";""
"202200040167";"742 366";"A01";"0";"50";"0";"2";"1";"19";"3";""
"202200040167";"742 367";"B01";"0";"7";"0";"2";"2";"1";"1";""
"202200040168";"742 365";"A01";"2";"7";"0";"2";"3";"13";"1";""
"202200040168";"742 369";"B01";"1";"7";"0";"2";"6";"1";"3";""
"202200040169";"742 363";"B01";"2";"2";"0";"2";"8";"1";"1";""
"202200040169";"742 364";"A01";"3";"7";"0";"2";"0";"0";"0";""
"202200040170";"742 362";"A01";"3";"7";"0";"1";"4";"4";"1";""
"202200040171";"742 360";"A01";"1";"7";"0";"2";"7";"2";"1";""
"202200040171";"742 361";"B01";"1";"1";"0";"2";"8";"2";"5";""
"202200040172";"742 358";"B01";"3";"7";"0";"2";"2";"1";"1";""
"202200040172";"742 359";"A01";"3";"3";"8";"2";"1";"20";"1";""
"202200040173";"742 357";"A01";"1";"7";"0";"1";"0";"1";"1";""
"202200040174";"742 355";"B01";"3";"7";"0";"2";"8";"1";"1";""
"202200040174";"742 356";"A01";"3";"7";"0";"2";"8";"15";"1";""
"202200040175";"742 351";"A01";"2";"7";"0";"2";"3";"1";"1";""
"202200040175";"742 353";"B01";"1";"7";"0";"2";"1";"15";"1";""
"202200040176";"742 352";"A01";"3";"10";"0";"9";"2";"16";"1";""
"202200040176";"742 354";"B01";"3";"50";"0";"2";"1";"1";"3";""
"202200040177";"742 349";"B01";"1";"7";"0";"2";"8";"21";"1";""
"202200040177";"742 350";"A01";"1";"7";"0";"2";"1";"1";"1";""
"202200040178";"742 347";"A01";"0";"7";"0";"1";"1";"1";"1";""
"202200040179";"742 346";"A01";"3";"7";"0";"2";"3";"1";"1";""
"202200040179";"742 348";"B01";"3";"7";"0";"2";"5";"15";"1";""
"202200040180";"742 344";"A01";"3";"7";"0";"9";"0";"9";"1";""
"202200040180";"742 345";"B01";"3";"1";"0";"2";"4";"1";"5";""
"202200040181";"742 343";"A01";"2";"7";"0";"1";"1";"1";"1";""
"202200040182";"742 340";"A01";"2";"7";"11";"1";"2";"2";"1";""
"202200040183";"742 341";"B01";"3";"1";"0";"2";"4";"2";"5";""
"202200040183";"742 342";"A01";"3";"10";"0";"2";"2";"2";"1";""
"202200040184";"742 338";"A01";"1";"7";"0";"1";"2";"2";"1";""
"202200040185";"742 337";"B01";"2";"7";"0";"2";"4";"1";"1";""
"202200040185";"742 339";"A01";"2";"10";"0";"2";"1";"1";"1";""
"202200040186";"742 336";"A01";"1";"10";"1";"0";"2";"14";"1";""
"202200040187";"742 332";"C01";"1";"7";"0";"2";"4";"1";"1";""
"202200040187";"742 333";"B01";"1";"7";"0";"2";"4";"1";"1";""
"202200040187";"742 335";"A01";"1";"7";"0";"2";"1";"2";"1";""
"202200040188";"742 329";"A01";"3";"33";"0";"2";"1";"1";"1";""
"202200040188";"742 331";"B01";"3";"7";"0";"2";"3";"1";"2";""
"202200040189";"742 330";"A01";"1";"7";"0";"2";"2";"1";"1";""
"202200040189";"742 334";"Z01";"1";"7";"0";"2";"6";"0";"0";""
"202200040190";"742 327";"B01";"2";"30";"0";"2";"3";"1";"1";""
"202200040190";"742 328";"A01";"2";"7";"0";"2";"8";"26";"1";""
"202200040191";"742 326";"A01";"1";"33";"0";"0";"1";"1";"1";""
"202200040192";"742 324";"A01";"0";"7";"0";"1";"1";"5";"1";""
"202200040193";"742 323";"B01";"2";"7";"0";"2";"4";"1";"1";""
"202200040193";"742 325";"Z01";"2";"7";"0";"2";"1";"2";"1";""
"202200040194";"742 320";"X01";"1";"7";"0";"1";"2";"1";"0";""
"202200040195";"742 317";"A01";"1";"7";"0";"2";"1";"1";"1";""
"202200040195";"742 318";"B01";"0";"7";"0";"2";"5";"2";"1";""
"202200040196";"742 311";"A01";"1";"7";"0";"2";"1";"1";"1";""
"202200040196";"742 315";"B01";"1";"7";"0";"2";"1";"1";"1";""
"202200040196";"742 316";"C01";"1";"7";"0";"2";"1";"1";"1";""
"202200040196";"742 319";"D01";"1";"7";"0";"0";"4";"1";"1";""
"202200040197";"742 309";"A01";"3";"33";"0";"0";"0";"1";"1";""
"202200040198";"742 305";"B01";"0";"50";"0";"2";"7";"2";"3";""
"202200040198";"742 306";"A01";"1";"7";"0";"9";"3";"2";"1";""
"202200040199";"742 304";"B01";"3";"7";"0";"2";"1";"1";"1";""