"Num_Acc";"id_vehicule";"num_veh";"senc";"catv";"obs";"obsm";"choc";"manv";"motor";"occutc"
"202200040199";"742 307";"A01";"3";"7";"0";"2";"1";"13";"1";""
"202200040200";"742 302";"A01";"1";"7";"0";"2";"2";"19";"1";""
"202200040200";"742 303";"B01";"1";"7";"0";"2";"8";"9";"1";""
"202200040201";"742 301";"A01";"3";"7";"6";"0";"1";"13";"1";""
"202200040202";"742 299";"A01";"1";"7";"2";"0";"1";"1";"1";""
"202200040203";"742 297";"A01";"1";"7";"13";"0";"9";"1";"1";""
"202200040204";"742 298";"A01";"1";"7";"0";"1";"1";"0";"1";""
"202200040205";"742 292";"A01";"2";"50";"0";"2";"1";"2";"3";""
"202200040205";"742 294";"B01";"1";"7";"0";"2";"1";"1";"1";""
"202200040206";"742 293";"A01";"3";"7";"0";"2";"3";"15";"1";""
"202200040206";"742 295";"B01";"3";"1";"0";"2";"1";"1";"5";""
"202200040207";"742 289";"C01";"2";"7";"0";"2";"3";"1";"1";""
"202200040207";"742 290";"B01";"1";"7";"0";"0";"3";"2";"1";""
"202200040207";"742 291";"A01";"3";"30";"0";"2";"8";"15";"1";""
"202200040208";"742 288";"A01";"1";"7";"0";"1";"1";"15";"1";""
"202200040209";"742 286";"B01";"1";"7";"0";"2";"1";"1";"1";""
"202200040209";"742 287";"A01";"1";"7";"0";"2";"1";"5";"1";""
"202200040210";"742 283";"Z01";"1";"7";"0";"1";"1";"0";"0";""
"202200040211";"742 284";"A01";"2";"7";"0";"2";"7";"9";"1";""
"202200040211";"742 285";"B01";"1";"2";"0";"2";"1";"9";"1";""
"202200040212";"742 281";"B01";"0";"33";"0";"2";"1";"1";"0";""
"202200040212";"742 282";"A01";"0";"10";"0";"2";"7";"15";"0";""
"202200040213";"742 280";"A01";"2";"3";"0";"0";"1";"1";"0";""
"202200040214";"742 277";"B01";"1";"99";"0";"2";"8";"19";"3";""
"202200040214";"742 278";"A01";"1";"7";"0";"2";"2";"1";"1";""
"202200040215";"742 274";"A01";"2";"7";"0";"0";"1";"13";"1";""
"202200040215";"742 276";"B01";"1";"7";"0";"0";"1";"1";"1";""
"202200040216";"742 275";"A01";"3";"7";"0";"2";"2";"15";"1";""
"202200040216";"742 279";"B01";"3";"30";"0";"2";"1";"1";"1";""
"202200040217";"742 272";"A01";"2";"7";"3";"0";"6";"1";"1";""
"202200040217";"742 273";"B01";"2";"7";"3";"2";"2";"2";"1";""
"202200040218";"742 269";"B01";"2";"1";"0";"2";"1";"1";"5";""
"202200040218";"742 270";"A01";"1";"7";"0";"9";"2";"15";"1";""
"202200040219";"742 268";"A01";"2";"7";"0";"2";"1";"2";"1";""
"202200040219";"742 271";"B01";"2";"7";"0";"2";"4";"2";"1";""
"202200040220";"742 266";"A01";"2";"33";"0";"2";"1";"3";"1";""
"202200040220";"742 267";"B01";"3";"7";"0";"2";"3";"15";"1";""
"202200040221";"742 263";"B01";"1";"34";"0";"2";"1";"1";"1";""
"202200040221";"742 265";"A01";"2";"7";"0";"2";"8";"9";"1";""
"202200040222";"742 261";"A01";"2";"7";"0";"1";"1";"1";"1";""
"202200040223";"742 262";"B01";"1";"31";"0";"2";"8";"1";"1";""
"202200040223";"742 264";"A01";"1";"7";"0";"2";"2";"12";"0";""
"202200040224";"742 259";"B01";"2";"10";"5";"0";"1";"0";"1";""
"202200040224";"742 260";"A01";"1";"10";"0";"9";"1";"13";"1";""
"202200040225";"742 256";"A01";"3";"33";"0";"2";"2";"1";"1";""
"202200040225";"742 258";"B01";"3";"10";"0";"2";"3";"1";"1";""
"202200040226";"742 254";"A01";"1";"7";"8";"0";"1";"1";"1";""
"202200040227";"742 253";"C01";"2";"7";"6";"2";"8";"1";"1";""
"202200040227";"742 255";"A01";"2";"7";"0";"2";"8";"26";"2";""
"202200040227";"742 257";"B01";"2";"7";"10";"2";"2";"17";"1";""
"202200040228";"742 252";"A01";"1";"7";"14";"1";"3";"13";"1";""
"202200040229";"742 249";"B01";"3";"7";"0";"2";"1";"1";"1";""
"202200040229";"742 251";"A01";"3";"7";"0";"2";"4";"1";"1";""
"202200040230";"742 247";"M01";"2";"33";"0";"0";"0";"21";"1";""
"202200040231";"742 248";"B01";"1";"7";"0";"2";"4";"2";"1";""
"202200040231";"742 250";"A01";"1";"7";"0";"2";"1";"2";"1";""
"202200040232";"742 240";"E01";"1";"7";"0";"2";"4";"23";"1";""
"202200040232";"742 242";"D01";"1";"7";"0";"2";"4";"23";"1";""
"202200040232";"742 244";"C01";"1";"7";"0";"2";"2";"23";"1";""
"202200040232";"742 245";"B01";"1";"7";"0";"2";"3";"23";"1";""
"202200040232";"742 246";"A01";"1";"7";"0";"2";"0";"0";"0";""
"202200040233";"742 239";"A01";"2";"7";"0";"2";"1";"1";"1";""
"202200040233";"742 241";"B01";"2";"7";"0";"2";"4";"23";"1";""
"202200040233";"742 243";"C01";"2";"7";"0";"2";"4";"23";"1";""
"202200040234";"742 237";"B01";"1";"7";"0";"2";"4";"2";"1";""
"202200040234";"742 238";"A01";"1";"7";"0";"2";"2";"1";"1";""
"202200040235";"742 234";"A01";"3";"7";"6";"0";"1";"21";"1";""
"202200040236";"742 232";"A01";"2";"34";"0";"2";"1";"1";"1";""
"202200040236";"742 233";"B01";"2";"7";"0";"2";"5";"18";"1";""
"202200040237";"742 231";"Z01";"2";"10";"0";"1";"3";"26";"0";""
"202200040238";"742 228";"A01";"1";"7";"0";"2";"1";"1";"1";""
"202200040238";"742 230";"B01";"1";"7";"0";"2";"4";"23";"1";""
"202200040239";"742 227";"B01";"3";"7";"0";"2";"3";"1";"1";""
"202200040239";"742 229";"A01";"3";"80";"0";"2";"7";"1";"3";""
"202200040240";"742 226";"A01";"1";"7";"0";"1";"1";"19";"1";""
"202200040241";"742 224";"A01";"2";"36";"0";"0";"3";"26";"0";""
"202200040242";"742 225";"A01";"2";"30";"0";"0";"7";"1";"1";""
"202200040243";"742 222";"A01";"3";"2";"0";"0";"1";"26";"1";""
"202200040244";"742 221";"B01";"2";"3";"0";"2";"1";"2";"0";""
"202200040244";"742 223";"A01";"2";"7";"0";"2";"4";"23";"0";""
"202200040245";"742 220";"A01";"3";"7";"14";"0";"1";"1";"6";""
"202200040246";"742 218";"A01";"1";"7";"0";"0";"1";"0";"1";""
"202200040247";"742 219";"A01";"0";"7";"0";"1";"1";"1";"1";""
"202200040248";"742 215";"A01";"3";"7";"0";"2";"7";"2";"1";""
"202200040248";"742 217";"B01";"3";"10";"0";"2";"2";"2";"0";""
"202200040249";"742 213";"A01";"1";"7";"1";"0";"1";"14";"1";""
"202200040250";"742 212";"A01";"2";"7";"0";"5";"1";"11";"1";""
"202200040251";"742 210";"A01";"1";"7";"16";"0";"0";"13";"1";""
"202200040252";"742 209";"A01";"1";"1";"0";"9";"7";"0";"5";""
"202200040252";"742 211";"B01";"1";"1";"0";"9";"1";"0";"5";""
"202200040253";"742 206";"B01";"1";"7";"0";"2";"1";"16";"1";""
"202200040253";"742 208";"A01";"1";"7";"0";"2";"7";"1";"1";""
"202200040254";"742 204";"B01";"3";"7";"0";"2";"1";"1";"1";""
"202200040254";"742 205";"C01";"3";"7";"0";"2";"1";"2";"1";""
"202200040254";"742 207";"A01";"3";"37";"0";"2";"1";"13";"4";"1"
"202200040255";"742 202";"A01";"2";"7";"0";"2";"1";"2";"1";""
"202200040255";"742 203";"B01";"2";"7";"0";"2";"4";"1";"1";""
"202200040256";"742 201";"A01";"1";"32";"14";"0";"1";"1";"1";""
"202200040257";"742 199";"A01";"3";"7";"0";"2";"2";"0";"0";""
"202200040257";"742 200";"B01";"2";"80";"0";"2";"1";"1";"3";""
"202200040258";"742 197";"B01";"0";"7";"0";"2";"8";"1";"1";""
"202200040258";"742 198";"A01";"0";"1";"0";"2";"1";"1";"5";""
"202200040259";"742 195";"A01";"1";"7";"0";"1";"4";"20";"1";""
"202200040260";"742 196";"A01";"1";"33";"0";"0";"8";"13";"1";""
"202200040261";"742 194";"A01";"1";"13";"0";"1";"4";"4";"1";""
"202200040262";"742 192";"A01";"2";"7";"1";"0";"1";"13";"1";""
"202200040263";"742 193";"A01";"0";"3";"8";"0";"2";"14";"1";""
"202200040264";"742 190";"B01";"3";"7";"0";"2";"8";"1";"1";""
"202200040264";"742 191";"A01";"3";"7";"0";"2";"1";"1";"1";""
"202200040265";"742 189";"A01";"1";"3";"4";"0";"8";"15";"1";""
"202200040266";"742 188";"A01";"2";"10";"0";"0";"1";"2";"3";""
"202200040267";"742 187";"A01";"1";"7";"0";"1";"3";"16";"1";""
"202200040268";"742 185";"Z01";"1";"7";"0";"2";"3";"2";"1";""
"202200040268";"742 186";"A01";"1";"7";"4";"2";"5";"2";"2";""
"202200040269";"742 183";"A01";"1";"7";"0";"1";"1";"15";"2";""
"202200040270";"742 181";"A01";"3";"7";"4";"0";"1";"12";"1";""
"202200040271";"742 182";"B01";"2";"7";"0";"2";"1";"1";"1";""
"202200040271";"742 184";"A01";"2";"7";"6";"2";"1";"1";"1";""
"202200040272";"742 179";"A01";"1";"33";"0";"2";"1";"1";"1";""
"202200040272";"742 180";"B01";"1";"7";"0";"2";"1";"16";"2";""
"202200040273";"742 175";"A01";"1";"7";"0";"2";"1";"2";"1";""
"202200040273";"742 176";"B01";"1";"32";"0";"2";"4";"2";"1";""
"202200040274";"742 177";"A01";"1";"2";"8";"1";"1";"1";"1";""
"202200040274";"742 178";"T01";"2";"7";"0";"2";"0";"15";"1";""
"202200040275";"742 174";"A01";"1";"32";"0";"1";"1";"1";"1";""
"202200040276";"742 171";"Z01";"1";"7";"0";"2";"1";"15";"0";""
"202200040276";"742 172";"A01";"1";"43";"0";"2";"1";"1";"1";""
"202200040277";"742 170";"A01";"1";"7";"0";"2";"2";"9";"1";""
"202200040277";"742 173";"B01";"3";"99";"0";"2";"1";"9";"3";""
"202200040278";"742 167";"B01";"0";"7";"0";"2";"7";"15";"1";""
"202200040278";"742 169";"A01";"3";"7";"0";"2";"1";"1";"1";""
"202200040279";"742 168";"A01";"1";"7";"0";"1";"2";"21";"1";""
"202200040280";"742 165";"A01";"2";"31";"0";"4";"3";"6";"1";""
"202200040280";"742 166";"B01";"2";"40";"0";"2";"1";"1";"3";""
"202200040281";"742 163";"A01";"1";"7";"0";"1";"7";"16";"3";""
"202200040282";"742 164";"A01";"2";"31";"0";"1";"1";"1";"1";""
"202200040283";"742 162";"A01";"0";"7";"0";"2";"1";"15";"1";""
"202200040284";"742 160";"A01";"2";"7";"0";"2";"1";"20";"1";""
"202200040284";"742 161";"B01";"1";"33";"0";"2";"7";"1";"1";""
"202200040285";"742 158";"Z01";"1";"1";"0";"2";"1";"5";"5";""
"202200040285";"742 159";"A01";"2";"1";"0";"2";"1";"1";"5";""
"202200040286";"742 155";"A01";"2";"7";"0";"2";"1";"9";"1";""
"202200040286";"742 157";"B01";"2";"32";"0";"2";"7";"1";"1";""
"202200040287";"742 154";"B01";"2";"30";"0";"2";"3";"1";"1";""
"202200040287";"742 156";"A01";"2";"7";"0";"2";"7";"1";"1";""
"202200040288";"742 152";"B01";"1";"7";"0";"2";"2";"1";"2";""
"202200040288";"742 153";"A01";"1";"30";"0";"2";"7";"15";"1";""
"202200040289";"742 148";"B01";"2";"10";"0";"2";"2";"16";"1";""
"202200040289";"742 150";"A01";"2";"30";"0";"2";"8";"18";"1";""
"202200040290";"742 149";"A01";"2";"30";"0";"2";"8";"17";"1";""
"202200040290";"742 151";"B01";"1";"7";"0";"2";"8";"1";"1";""
"202200040291";"742 146";"A01";"1";"30";"0";"1";"1";"1";"1";""
"202200040292";"742 145";"A01";"2";"10";"0";"2";"2";"1";"1";""
"202200040292";"742 147";"B01";"2";"80";"0";"2";"1";"1";"3";""
"202200040293";"742 144";"A01";"3";"7";"0";"1";"4";"4";"1";""
"202200040294";"742 143";"A01";"1";"43";"0";"1";"1";"1";"1";""
"202200040295";"742 141";"A01";"3";"7";"0";"1";"1";"15";"1";""
"202200040296";"742 140";"A01";"3";"10";"0";"2";"0";"19";"0";""
"202200040296";"742 142";"B01";"3";"1";"0";"2";"7";"19";"5";""
"202200040297";"742 138";"A01";"3";"7";"0";"2";"8";"15";"1";""
"202200040297";"742 139";"B01";"3";"33";"0";"2";"7";"1";"1";""
"202200040298";"742 137";"A01";"1";"7";"6";"0";"1";"1";"1";""
"202200040299";"742 135";"A01";"2";"7";"0";"1";"2";"1";"1";""
"202200040300";"742 136";"A01";"1";"7";"0";"1";"3";"19";"1";""
"202200040301";"742 131";"B01";"1";"2";"14";"2";"1";"1";"3";""
"202200040301";"742 132";"A01";"2";"33";"0";"2";"1";"5";"1";""
"202200040301";"742 134";"C01";"1";"80";"0";"2";"1";"2";"3";""
"202200040302";"742 129";"B01";"2";"7";"0";"2";"1";"1";"1";""
"202200040302";"742 133";"A01";"1";"7";"0";"2";"1";"13";"1";""
"202200040303";"742 127";"B01";"2";"7";"0";"2";"3";"15";"1";""
"202200040303";"742 128";"A01";"2";"7";"0";"2";"3";"19";"1";""
"202200040304";"742 130";"A01";"2";"7";"0";"1";"1";"15";"0";""
"202200040305";"742 125";"B01";"1";"1";"9";"0";"4";"2";"5";""
"202200040305";"742 126";"A01";"1";"7";"0";"2";"2";"1";"1";""
"202200040306";"742 123";"B01";"2";"7";"0";"2";"2";"1";"1";""
"202200040306";"742 124";"A01";"1";"10";"0";"2";"1";"5";"1";""
"202200040307";"742 122";"A01";"0";"50";"0";"0";"0";"0";"3";""
"202200040308";"742 121";"A01";"1";"33";"0";"1";"1";"1";"1";""
"202200040309";"742 120";"A01";"1";"7";"1";"1";"5";"1";"1";""
"202200040310";"742 119";"A01";"3";"50";"0";"0";"0";"1";"3";""
"202200040311";"742 117";"A01";"1";"7";"0";"2";"2";"1";"1";""
"202200040311";"742 118";"B01";"2";"10";"0";"2";"1";"1";"1";""
"202200040312";"742 114";"A01";"1";"7";"0";"2";"1";"9";"1";""
"202200040312";"742 116";"B01";"3";"1";"0";"2";"7";"1";"5";""
"202200040313";"742 113";"A01";"0";"7";"0";"2";"1";"15";"1";""
"202200040313";"742 115";"B01";"0";"33";"0";"2";"7";"2";"1";""
"202200040314";"742 111";"A01";"1";"7";"0";"2";"1";"1";"1";""
"202200040314";"742 112";"Y01";"0";"50";"0";"2";"7";"1";"3";""
"202200040315";"742 109";"A01";"2";"50";"0";"2";"1";"17";"3";""
"202200040315";"742 110";"B01";"2";"1";"0";"2";"8";"15";"5";""
"202200040316";"742 108";"A01";"0";"7";"0";"1";"0";"12";"1";""
"202200040317";"742 106";"A01";"0";"37";"0";"1";"1";"15";"0";"1"
"202200040318";"742 107";"A01";"3";"7";"1";"0";"0";"1";"2";""
"202200040319";"742 105";"A01";"2";"10";"0";"1";"5";"26";"1";""
"202200040320";"742 102";"A01";"2";"43";"0";"1";"3";"3";"1";""
"202200040320";"742 104";"B01";"3";"7";"0";"2";"3";"23";"1";""
"202200040321";"742 099";"B01";"2";"33";"0";"2";"1";"1";"1";""
"202200040321";"742 100";"A01";"1";"3";"0";"2";"3";"1";"1";""
"202200040322";"742 101";"A01";"1";"7";"0";"2";"2";"15";"1";""
"202200040322";"742 103";"B01";"2";"1";"0";"2";"1";"1";"5";""
"202200040323";"742 098";"A01";"1";"0";"0";"1";"1";"19";"0";""
"202200040324";"742 095";"B01";"0";"7";"0";"2";"1";"15";"1";""
"202200040324";"742 096";"A01";"0";"30";"0";"2";"3";"1";"1";""
"202200040325";"742 093";"A01";"2";"32";"0";"0";"0";"1";"1";""
"202200040326";"742 094";"A01";"1";"7";"0";"2";"4";"2";"1";""
"202200040326";"742 097";"B01";"1";"7";"0";"2";"1";"2";"1";""
"202200040327";"742 091";"A01";"2";"32";"1";"0";"8";"26";"1";""
"202200040327";"742 092";"B01";"2";"7";"1";"0";"0";"0";"1";""
"202200040328";"742 088";"B01";"3";"32";"0";"2";"7";"17";"1";""
"202200040328";"742 089";"A01";"3";"10";"0";"2";"8";"15";"1";""
"202200040329";"742 087";"A01";"1";"10";"0";"2";"8";"1";"1";""
"202200040329";"742 090";"B01";"0";"37";"0";"2";"1";"1";"1";"2"
"202200040330";"742 085";"A01";"3";"7";"0";"2";"0";"12";"1";""
"202200040330";"742 086";"B01";"3";"32";"0";"2";"2";"2";"1";""
"202200040331";"742 082";"A01";"3";"7";"0";"2";"2";"1";"1";""
"202200040331";"742 084";"B01";"3";"7";"0";"2";"3";"0";"1";""
"202200040332";"742 081";"A01";"1";"1";"0";"2";"1";"1";"5";""
"202200040332";"742 083";"B01";"1";"7";"0";"2";"3";"1";"1";""
"202200040333";"742 080";"A01";"1";"7";"0";"1";"3";"1";"1";""
"202200040334";"742 075";"D01";"2";"7";"0";"2";"1";"2";"1";""
"202200040334";"742 076";"C01";"2";"7";"0";"2";"1";"2";"1";""
"202200040334";"742 077";"B01";"2";"7";"0";"0";"4";"2";"1";""
"202200040334";"742 079";"A01";"2";"7";"0";"2";"1";"2";"1";""
"202200040335";"742 078";"A01";"1";"7";"0";"1";"2";"1";"1";""
"202200040336";"742 074";"A01";"2";"7";"15";"0";"1";"0";"1";""
"202200040337";"742 070";"A01";"2";"30";"0";"2";"1";"1";"1";""
"202200040337";"742 071";"B01";"1";"7";"0";"2";"1";"15";"1";""
"202200040338";"742 072";"B01";"1";"7";"0";"2";"5";"2";"1";""
"202200040338";"742 073";"A01";"1";"30";"0";"2";"1";"2";"3";""
"202200040339";"742 069";"A01";"1";"7";"8";"0";"2";"14";"1";""
"202200040340";"742 066";"A01";"1";"7";"0";"1";"2";"1";"1";""
"202200040341";"742 067";"A01";"1";"7";"0";"2";"1";"16";"1";""
"202200040341";"742 068";"B01";"1";"50";"0";"2";"8";"1";"3";""
"202200040342";"742 064";"A01";"3";"7";"0";"2";"3";"5";"1";""
"202200040342";"742 065";"B01";"3";"7";"0";"2";"3";"1";"1";""
"202200040343";"742 060";"A01";"1";"30";"0";"2";"7";"17";"1";""
"202200040343";"742 063";"B01";"1";"7";"0";"2";"8";"15";"1";""
"202200040344";"742 059";"A01";"3";"7";"0";"1";"3";"1";"1";""
"202200040345";"742 058";"A01";"2";"99";"13";"0";"0";"14";"1";""
"202200040346";"742 057";"A01";"0";"7";"6";"0";"1";"19";"1";""
"202200040347";"742 055";"A01";"2";"7";"0";"0";"6";"1";"1";""
"202200040347";"742 056";"B01";"2";"33";"0";"0";"1";"1";"1";""
"202200040348";"742 054";"A01";"2";"7";"13";"0";"9";"14";"1";""
"202200040349";"742 053";"A01";"1";"7";"0";"1";"8";"21";"2";""
"202200040350";"742 051";"A01";"3";"31";"0";"6";"3";"1";"1";""
"202200040351";"742 050";"A01";"1";"7";"0";"2";"1";"15";"1";""
"202200040351";"742 052";"B01";"1";"2";"0";"2";"8";"1";"1";""
"202200040352";"742 044";"B01";"2";"7";"0";"2";"1";"26";"1";""
"202200040352";"742 045";"A01";"1";"7";"0";"2";"1";"13";"1";""
"202200040353";"742 043";"A01";"1";"7";"0";"1";"1";"15";"1";""
"202200040354";"742 038";"A01";"1";"30";"0";"2";"1";"5";"1";""
"202200040354";"742 040";"B01";"2";"7";"0";"2";"3";"1";"1";""
"202200040355";"742 037";"A01";"1";"10";"0";"2";"1";"1";"1";""
"202200040355";"742 039";"B01";"1";"32";"0";"2";"4";"23";"1";""
"202200040355";"742 041";"C01";"1";"10";"0";"2";"4";"23";"3";""
"202200040355";"742 042";"D01";"1";"7";"0";"0";"0";"15";"1";""
"202200040356";"742 036";"A01";"2";"7";"0";"1";"1";"9";"1";""
"202200040357";"742 034";"A01";"0";"7";"0";"2";"1";"1";"1";""
"202200040357";"742 035";"B01";"0";"7";"0";"2";"7";"1";"1";""
"202200040358";"742 033";"A01";"1";"7";"0";"1";"1";"15";"1";""
"202200040359";"742 032";"A01";"1";"1";"0";"0";"0";"1";"5";""
"202200040360";"742 031";"A01";"3";"30";"0";"2";"1";"1";"1";""
"202200040361";"742 029";"A01";"1";"33";"0";"0";"1";"26";"1";""
"202200040362";"742 028";"A01";"2";"7";"0";"2";"5";"15";"1";""
"202200040362";"742 030";"B01";"1";"7";"0";"2";"1";"1";"1";""
"202200040363";"742 027";"A01";"1";"10";"6";"0";"2";"0";"1";""
"202200040364";"742 026";"A01";"2";"7";"13";"0";"1";"1";"1";""
"202200040365";"742 023";"A01";"2";"33";"0";"2";"1";"26";"1";""
"202200040365";"742 025";"B01";"2";"10";"0";"0";"5";"15";"1";""
"202200040366";"742 022";"B01";"1";"7";"0";"2";"3";"1";"1";""
"202200040366";"742 024";"A01";"2";"7";"0";"2";"3";"13";"1";""
"202200040367";"742 020";"A01";"0";"10";"8";"0";"1";"1";"1";""
"202200040368";"742 019";"B01";"1";"7";"0";"2";"3";"15";"1";""
"202200040368";"742 021";"A01";"1";"31";"0";"2";"1";"17";"1";""
"202200040369";"742 017";"B01";"2";"7";"0";"2";"1";"1";"1";""
"202200040369";"742 018";"A01";"1";"30";"0";"2";"3";"15";"1";""
"202200040370";"742 015";"B01";"2";"34";"0";"2";"3";"1";"1";""
"202200040370";"742 016";"A01";"2";"7";"0";"2";"2";"12";"1";""
"202200040371";"742 014";"A01";"1";"50";"0";"1";"1";"25";"3";""
"202200040372";"742 009";"D01";"2";"10";"0";"2";"1";"2";"1";""
"202200040372";"742 011";"C01";"2";"7";"0";"2";"4";"2";"1";""
"202200040372";"742 012";"B01";"2";"7";"0";"2";"4";"2";"1";""
"202200040372";"742 013";"A01";"2";"10";"0";"0";"4";"21";"1";""
"202200040373";"742 010";"A01";"1";"33";"0";"9";"1";"3";"1";""
"202200040374";"742 008";"A01";"2";"7";"13";"0";"9";"1";"1";""
"202200040375";"742 004";"C01";"1";"7";"0";"2";"6";"1";"2";""
"202200040375";"742 006";"B01";"1";"7";"0";"2";"5";"1";"1";""
"202200040375";"742 007";"A01";"1";"43";"0";"2";"1";"3";"1";""
"202200040376";"742 000";"C01";"2";"7";"0";"2";"4";"1";"1";""
"202200040376";"742 002";"B01";"2";"17";"0";"2";"1";"1";"1";""
"202200040376";"742 003";"A01";"2";"7";"0";"2";"0";"17";"1";""
"202200040377";"741 999";"B01";"1";"7";"0";"2";"8";"11";"1";""
"202200040377";"742 001";"A01";"1";"33";"0";"2";"7";"11";"1";""
"202200040378";"741 998";"A01";"2";"7";"0";"1";"8";"1";"1";""
"202200040379";"741 996";"B01";"2";"10";"0";"2";"4";"1";"1";""
"202200040379";"741 997";"A01";"2";"33";"0";"2";"3";"3";"1";""
"202200040380";"741 993";"A01";"1";"7";"0";"0";"4";"15";"1";""
"202200040380";"741 994";"B01";"1";"2";"0";"2";"4";"1";"1";""
"202200040380";"741 995";"C01";"1";"7";"0";"2";"1";"1";"1";""
"202200040381";"741 991";"A01";"3";"7";"0";"1";"5";"4";"1";""
"202200040382";"741 988";"A01";"3";"7";"0";"2";"8";"19";"1";""
"202200040382";"741 990";"B01";"1";"7";"0";"2";"1";"1";"1";""
"202200040383";"741 989";"A01";"2";"7";"0";"2";"5";"1";"1";""
"202200040383";"741 992";"B01";"2";"30";"0";"2";"1";"1";"1";""
"202200040384";"741 987";"A01";"2";"7";"0";"1";"1";"1";"1";""
"202200040385";"741 985";"B01";"1";"31";"0";"2";"7";"2";"1";""
"202200040385";"741 986";"A01";"1";"7";"0";"2";"8";"15";"1";""
"202200040386";"741 982";"C01";"3";"7";"0";"0";"4";"26";"1";""
"202200040386";"741 983";"B01";"3";"7";"0";"2";"4";"26";"1";""
"202200040386";"741 984";"A01";"3";"7";"0";"2";"1";"26";"1";""
"202200040387";"741 981";"A01";"2";"37";"6";"1";"1";"15";"3";"5"
"202200040388";"741 978";"C01";"1";"7";"0";"1";"1";"2";"1";""
"202200040388";"741 979";"B01";"1";"7";"0";"1";"1";"2";"1";""
"202200040388";"741 980";"A01";"1";"7";"0";"1";"2";"21";"1";""
"202200040389";"741 976";"B01";"1";"15";"0";"2";"2";"17";"1";""
"202200040389";"741 977";"A01";"1";"21";"0";"2";"1";"15";"1";""
"202200040390";"741 974";"A01";"1";"7";"13";"0";"1";"10";"1";""
"202200040391";"741 972";"A01";"1";"7";"0";"2";"3";"13";"1";""
"202200040391";"741 973";"B01";"2";"7";"0";"2";"3";"1";"1";""
"202200040392";"741 975";"A01";"2";"30";"1";"0";"1";"14";"1";""
"202200040393";"741 971";"A01";"1";"3";"11";"0";"0";"1";"1";""
"202200040394";"741 966";"A01";"1";"7";"11";"0";"9";"1";"1";""
"202200040395";"741 965";"A01";"1";"33";"0";"0";"1";"14";"1";""
"202200040396";"741 963";"A01";"2";"10";"0";"2";"1";"1";"1";""
"202200040396";"741 964";"B01";"2";"7";"0";"2";"4";"1";"1";""
"202200040397";"741 967";"A01";"1";"1";"0";"2";"1";"1";"5";""
"202200040397";"741 968";"B01";"1";"7";"0";"2";"4";"23";"2";""
"202200040398";"741 961";"B01";"2";"7";"0";"2";"4";"2";"1";""
"202200040398";"741 962";"A01";"2";"7";"0";"2";"1";"2";"1";""
"202200040399";"741 957";"C01";"1";"2";"0";"2";"0";"1";"1";""
"202200040399";"741 959";"B01";"1";"2";"0";"2";"1";"1";"1";""
"202200040399";"741 960";"A01";"2";"7";"0";"2";"3";"15";"1";""
"202200040400";"741 955";"B01";"2";"7";"0";"2";"4";"2";"2";""
"202200040400";"741 956";"C01";"2";"17";"0";"2";"4";"2";"1";""
"202200040400";"741 958";"A01";"2";"7";"0";"2";"1";"2";"1";""
"202200040401";"741 954";"A01";"2";"7";"6";"0";"1";"15";"1";""
"202200040402";"741 953";"A01";"2";"80";"12";"1";"1";"1";"3";""
"202200040403";"741 951";"A01";"2";"14";"0";"2";"2";"1";"1";""
"202200040403";"741 952";"B01";"2";"2";"0";"2";"3";"1";"1";""
"202200040404";"741 949";"A01";"2";"32";"0";"2";"5";"17";"1";""
"202200040404";"741 950";"B01";"2";"7";"0";"2";"3";"15";"1";""
"202200040405";"741 948";"Z01";"1";"50";"0";"1";"8";"25";"3";""
"202200040406";"741 947";"A01";"1";"1";"0";"1";"8";"1";"5";""
"202200040407";"741 946";"A01";"2";"1";"7";"0";"1";"7";"5";""
"202200040408";"741 945";"A01";"1";"10";"0";"1";"3";"15";"1";""
"202200040409";"741 943";"B01";"2";"34";"0";"2";"3";"1";"1";""
"202200040409";"741 944";"A01";"2";"50";"0";"2";"5";"15";"3";""
"202200040410";"741 941";"A01";"3";"1";"0";"2";"3";"18";"5";""
"202200040410";"741 942";"B01";"1";"7";"0";"2";"2";"1";"1";""
"202200040411";"741 940";"A01";"2";"7";"1";"0";"2";"14";"1";""
"202200040412";"741 939";"A01";"3";"50";"0";"1";"1";"25";"3";""
"202200040413";"741 937";"B01";"1";"1";"0";"2";"7";"19";"5";""
"202200040413";"741 938";"A01";"1";"7";"0";"2";"3";"1";"1";""
"202200040414";"741 936";"A01";"1";"7";"1";"0";"3";"13";"1";""
"202200040415";"741 934";"A01";"2";"43";"0";"2";"0";"15";"1";""
"202200040415";"741 935";"B01";"2";"7";"0";"2";"3";"1";"2";""
"202200040416";"741 932";"B01";"3";"7";"0";"2";"7";"1";"1";""
"202200040416";"741 933";"A01";"3";"30";"0";"2";"7";"2";"1";""
"202200040417";"741 930";"A01";"1";"33";"0";"0";"2";"1";"1";""
"202200040418";"741 928";"B01";"1";"7";"0";"2";"8";"1";"1";""
"202200040418";"741 931";"A01";"1";"10";"0";"2";"1";"1";"3";""
"202200040419";"741 927";"B01";"3";"50";"0";"2";"1";"1";"3";""
"202200040419";"741 929";"A01";"3";"7";"0";"2";"1";"1";"1";""
"202200040420";"741 924";"B01";"2";"2";"0";"2";"1";"1";"1";""
"202200040420";"741 925";"A01";"1";"7";"0";"2";"2";"15";"1";""
"202200040421";"741 921";"C01";"2";"7";"0";"2";"3";"24";"1";""
"202200040421";"741 922";"B01";"1";"7";"0";"2";"8";"15";"1";""