"Num_Acc";"id_vehicule";"num_veh";"senc";"catv";"obs";"obsm";"choc";"manv";"motor";"occutc"
"202200041287";"740 424";"A01";"2";"7";"0";"2";"1";"13";"1";""
"202200041288";"740 422";"A01";"1";"7";"0";"0";"2";"1";"1";""
"202200041289";"740 420";"A01";"2";"33";"0";"0";"1";"1";"1";""
"202200041290";"740 419";"B01";"2";"1";"0";"2";"7";"26";"5";""
"202200041290";"740 421";"A01";"1";"10";"0";"2";"2";"1";"1";""
"202200041291";"740 416";"A01";"3";"2";"0";"2";"1";"19";"1";""
"202200041291";"740 418";"B01";"3";"7";"0";"2";"8";"16";"1";""
"202200041292";"740 415";"A01";"1";"33";"6";"0";"1";"26";"1";""
"202200041293";"740 412";"A01";"3";"7";"0";"2";"1";"2";"1";""
"202200041293";"740 414";"B01";"3";"10";"0";"2";"4";"2";"1";""
"202200041294";"740 411";"B01";"2";"7";"0";"0";"3";"9";"0";""
"202200041294";"740 413";"A01";"2";"33";"0";"2";"1";"1";"0";""
"202200041295";"740 410";"A01";"2";"7";"0";"1";"3";"1";"1";""
"202200041296";"740 409";"A01";"1";"7";"0";"1";"2";"13";"1";""
"202200041297";"740 406";"A01";"1";"7";"0";"2";"3";"1";"1";""
"202200041297";"740 408";"B01";"1";"50";"0";"2";"1";"1";"3";""
"202200041298";"740 405";"A01";"3";"33";"0";"2";"3";"18";"1";""
"202200041298";"740 407";"B01";"3";"10";"0";"2";"5";"0";"1";""
"202200041299";"740 404";"A01";"3";"7";"4";"0";"2";"26";"1";""
"202200041300";"740 403";"A01";"3";"30";"3";"0";"7";"14";"1";""
"202200041301";"740 401";"B01";"1";"32";"0";"2";"1";"1";"1";""
"202200041301";"740 402";"A01";"1";"7";"0";"2";"3";"16";"1";""
"202200041302";"740 400";"A01";"3";"7";"0";"1";"2";"1";"1";""
"202200041303";"740 398";"A01";"1";"33";"12";"0";"1";"12";"6";""
"202200041304";"740 399";"A01";"2";"7";"1";"0";"2";"14";"1";""
"202200041305";"740 396";"B01";"2";"7";"0";"2";"2";"1";"1";""
"202200041305";"740 397";"A01";"2";"33";"0";"2";"3";"11";"1";""
"202200041306";"740 395";"A01";"1";"7";"0";"1";"7";"1";"1";""
"202200041307";"740 391";"A01";"1";"21";"0";"2";"3";"16";"1";""
"202200041307";"740 393";"B01";"1";"7";"0";"2";"7";"1";"1";""
"202200041308";"740 392";"A01";"2";"32";"0";"2";"1";"7";"1";""
"202200041308";"740 394";"Z01";"1";"7";"0";"2";"1";"15";"1";""
"202200041309";"740 387";"A01";"3";"34";"0";"2";"1";"1";"1";""
"202200041309";"740 388";"B01";"3";"7";"0";"2";"6";"1";"1";""
"202200041309";"740 390";"C01";"3";"7";"0";"2";"1";"1";"1";""
"202200041310";"740 386";"B01";"1";"30";"0";"2";"1";"1";"1";""
"202200041310";"740 389";"A01";"2";"7";"0";"2";"3";"15";"2";""
"202200041311";"740 384";"A01";"3";"7";"0";"2";"1";"5";"1";""
"202200041311";"740 385";"B01";"3";"15";"0";"2";"1";"1";"1";""
"202200041312";"740 380";"C01";"2";"7";"0";"2";"0";"2";"1";""
"202200041312";"740 382";"B01";"2";"7";"0";"2";"4";"2";"1";""
"202200041312";"740 383";"A01";"2";"7";"0";"2";"4";"23";"2";""
"202200041313";"740 379";"B01";"3";"10";"0";"2";"2";"1";"1";""
"202200041313";"740 381";"A01";"3";"32";"0";"2";"1";"5";"1";""
"202200041314";"740 377";"A01";"1";"80";"0";"2";"4";"15";"3";""
"202200041314";"740 378";"Z01";"1";"2";"0";"2";"0";"1";"0";""
"202200041315";"740 375";"A01";"3";"33";"0";"2";"1";"1";"1";""
"202200041315";"740 376";"B01";"3";"33";"0";"2";"6";"13";"1";""
"202200041316";"740 373";"A01";"1";"7";"0";"1";"2";"1";"2";""
"202200041317";"740 372";"B01";"3";"7";"0";"9";"3";"1";"1";""
"202200041317";"740 374";"A01";"3";"1";"0";"2";"0";"9";"5";""
"202200041318";"740 370";"B01";"1";"7";"0";"2";"7";"1";"1";""
"202200041318";"740 371";"A01";"0";"43";"0";"2";"1";"1";"1";""
"202200041319";"740 369";"A01";"1";"7";"12";"0";"1";"15";"1";""
"202200041320";"740 365";"A01";"2";"7";"0";"2";"2";"15";"1";""
"202200041320";"740 367";"B01";"1";"33";"0";"2";"3";"1";"1";""
"202200041321";"740 366";"B01";"3";"1";"0";"2";"1";"19";"5";""
"202200041321";"740 368";"A01";"3";"32";"0";"2";"6";"15";"1";""
"202200041322";"740 363";"Z01";"2";"15";"0";"2";"2";"12";"0";""
"202200041322";"740 364";"A01";"2";"7";"0";"2";"8";"1";"1";""
"202200041323";"740 362";"A01";"1";"32";"0";"1";"2";"1";"1";""
"202200041324";"740 359";"A01";"2";"10";"0";"2";"2";"16";"1";""
"202200041324";"740 361";"B01";"2";"31";"0";"2";"3";"18";"1";""
"202200041325";"740 358";"A01";"1";"1";"0";"1";"4";"1";"5";""
"202200041326";"740 354";"C01";"3";"30";"0";"2";"7";"12";"1";""
"202200041326";"740 356";"B01";"3";"32";"0";"2";"3";"1";"1";""
"202200041326";"740 357";"A01";"3";"10";"0";"2";"7";"12";"1";""
"202200041327";"740 353";"B01";"1";"80";"0";"2";"1";"1";"3";""
"202200041327";"740 355";"A01";"1";"7";"0";"9";"7";"22";"1";""
"202200041328";"740 351";"A01";"2";"33";"0";"2";"8";"14";"1";""
"202200041328";"740 352";"B01";"2";"7";"0";"2";"2";"15";"3";""
"202200041329";"740 349";"B01";"2";"33";"0";"2";"8";"1";"1";""
"202200041329";"740 350";"A01";"1";"7";"0";"2";"3";"15";"1";""
"202200041330";"740 347";"A01";"2";"10";"0";"2";"1";"15";"1";""
"202200041330";"740 348";"B01";"2";"7";"0";"2";"2";"1";"2";""
"202200041331";"740 345";"B01";"2";"30";"0";"2";"2";"17";"3";""
"202200041331";"740 346";"A01";"2";"7";"0";"2";"3";"15";"1";""
"202200041332";"740 343";"A01";"2";"1";"0";"2";"8";"1";"5";""
"202200041332";"740 344";"Z01";"2";"7";"0";"2";"2";"22";"1";""
"202200041333";"740 341";"B01";"1";"60";"0";"2";"1";"19";"5";""
"202200041333";"740 342";"A01";"1";"7";"0";"2";"6";"1";"1";""
"202200041334";"740 339";"A01";"2";"32";"0";"2";"4";"15";"3";""
"202200041334";"740 340";"B01";"2";"10";"0";"2";"2";"17";"1";""
"202200041335";"740 337";"A01";"3";"10";"0";"2";"1";"1";"1";""
"202200041335";"740 338";"B01";"3";"1";"0";"2";"0";"0";"5";""
"202200041336";"740 336";"A01";"1";"50";"0";"1";"8";"1";"3";""
"202200041337";"740 334";"A01";"3";"30";"0";"2";"1";"18";"1";""
"202200041337";"740 335";"B01";"3";"7";"0";"2";"8";"0";"1";""
"202200041338";"740 332";"A01";"1";"30";"0";"2";"2";"1";"1";""
"202200041338";"740 333";"B01";"1";"10";"0";"2";"1";"1";"1";""
"202200041339";"740 329";"A01";"1";"30";"0";"2";"5";"0";"1";""
"202200041339";"740 331";"B01";"1";"7";"0";"2";"1";"0";"1";""
"202200041340";"740 328";"B01";"1";"34";"0";"2";"7";"1";"1";""
"202200041340";"740 330";"A01";"1";"7";"0";"2";"8";"15";"1";""
"202200041341";"740 326";"B01";"2";"34";"0";"2";"1";"1";"1";""
"202200041341";"740 327";"A01";"2";"7";"0";"2";"8";"10";"1";""
"202200041342";"740 324";"B01";"1";"2";"0";"2";"1";"1";"1";""
"202200041342";"740 325";"A01";"2";"7";"0";"2";"1";"11";"3";""
"202200041343";"740 323";"A01";"2";"30";"0";"1";"1";"1";"1";""
"202200041344";"740 322";"A01";"3";"32";"1";"0";"2";"1";"1";""
"202200041345";"740 321";"A01";"1";"7";"17";"0";"2";"14";"1";""
"202200041346";"740 318";"A01";"2";"33";"0";"2";"8";"17";"1";""
"202200041346";"740 319";"B01";"1";"32";"0";"2";"3";"1";"1";""
"202200041346";"740 320";"Z01";"2";"7";"0";"2";"3";"10";"0";""
"202200041347";"740 316";"A01";"1";"7";"0";"2";"3";"1";"3";""
"202200041347";"740 317";"B01";"2";"21";"0";"2";"6";"1";"1";""
"202200041348";"740 315";"A01";"1";"33";"13";"0";"7";"1";"1";""
"202200041349";"740 314";"A01";"2";"10";"0";"1";"7";"16";"1";""
"202200041350";"740 312";"B01";"2";"7";"0";"2";"1";"1";"1";""
"202200041350";"740 313";"A01";"1";"7";"0";"2";"1";"13";"1";""
"202200041351";"740 310";"B01";"3";"7";"0";"2";"2";"1";"2";""
"202200041351";"740 311";"A01";"3";"1";"0";"2";"2";"15";"5";""
"202200041352";"740 308";"A01";"2";"33";"12";"0";"0";"14";"1";""
"202200041353";"740 307";"B01";"2";"7";"0";"2";"1";"1";"1";""
"202200041353";"740 309";"A01";"1";"7";"0";"2";"6";"19";"1";""
"202200041354";"740 305";"A01";"2";"7";"0";"1";"1";"2";"1";""
"202200041355";"740 303";"A01";"1";"10";"0";"2";"3";"19";"1";""
"202200041355";"740 304";"B01";"2";"33";"0";"2";"1";"1";"1";""
"202200041356";"740 302";"B01";"1";"7";"0";"2";"5";"1";"1";""
"202200041356";"740 306";"A01";"2";"7";"0";"2";"1";"1";"2";""
"202200041357";"740 300";"A01";"3";"7";"0";"1";"2";"15";"1";""
"202200041358";"740 297";"A01";"3";"33";"0";"0";"7";"23";"1";""
"202200041359";"740 295";"A01";"1";"7";"0";"2";"2";"19";"1";""
"202200041359";"740 296";"E01";"1";"7";"0";"2";"3";"0";"1";""
"202200041359";"740 298";"D01";"1";"7";"0";"2";"5";"23";"1";""
"202200041359";"740 299";"C01";"2";"7";"0";"2";"2";"23";"2";""
"202200041359";"740 301";"B01";"1";"7";"0";"2";"3";"1";"3";""
"202200041360";"740 292";"A01";"2";"7";"0";"2";"1";"13";"1";""
"202200041360";"740 294";"B01";"1";"7";"0";"2";"1";"1";"1";""
"202200041361";"740 291";"A01";"2";"7";"0";"2";"2";"1";"1";""
"202200041361";"740 293";"B01";"1";"30";"0";"2";"1";"15";"1";""
"202200041362";"740 289";"A01";"0";"1";"0";"2";"5";"19";"5";""
"202200041362";"740 290";"B01";"0";"37";"0";"2";"2";"1";"1";"1"
"202200041363";"740 287";"B01";"2";"30";"0";"2";"1";"1";"1";""
"202200041363";"740 288";"A01";"1";"7";"0";"2";"5";"15";"1";""
"202200041364";"740 285";"A01";"2";"7";"0";"2";"3";"9";"1";""
"202200041364";"740 286";"B01";"1";"33";"0";"2";"1";"1";"1";""
"202200041365";"740 283";"A01";"2";"7";"0";"2";"1";"1";"1";""
"202200041365";"740 284";"Y01";"2";"1";"0";"2";"8";"19";"5";""
"202200041366";"740 281";"B01";"1";"33";"0";"0";"7";"9";"1";""
"202200041366";"740 282";"A01";"1";"7";"0";"0";"8";"9";"1";""
"202200041367";"740 279";"A01";"0";"1";"0";"2";"1";"16";"5";""
"202200041367";"740 280";"B01";"1";"3";"0";"2";"3";"1";"1";""
"202200041368";"740 278";"A01";"2";"7";"1";"0";"9";"13";"1";""
"202200041369";"740 274";"B01";"3";"7";"0";"2";"1";"1";"1";""
"202200041369";"740 277";"A01";"3";"34";"0";"2";"6";"1";"1";""
"202200041370";"740 275";"B01";"2";"7";"0";"2";"2";"1";"1";""
"202200041370";"740 276";"A01";"1";"1";"0";"2";"1";"17";"5";""
"202200041371";"740 272";"B01";"3";"30";"0";"0";"1";"1";"1";""
"202200041371";"740 273";"A01";"3";"7";"0";"2";"2";"19";"1";""
"202200041372";"740 270";"B01";"2";"7";"6";"0";"7";"1";"1";""
"202200041372";"740 271";"A01";"2";"7";"0";"2";"1";"19";"1";""
"202200041373";"740 268";"B01";"1";"7";"2";"2";"9";"9";"1";""
"202200041373";"740 269";"A01";"1";"7";"0";"2";"2";"12";"0";""
"202200041374";"740 267";"A01";"1";"7";"0";"0";"9";"1";"1";""
"202200041375";"740 264";"A01";"1";"7";"8";"0";"2";"14";"0";""
"202200041375";"740 266";"B01";"1";"7";"8";"0";"3";"9";"0";""
"202200041376";"740 260";"B01";"1";"33";"0";"2";"2";"17";"1";""
"202200041376";"740 261";"A01";"1";"7";"0";"2";"3";"15";"1";""
"202200041377";"740 259";"A01";"1";"7";"6";"0";"3";"1";"1";""
"202200041378";"740 257";"A01";"2";"7";"0";"2";"5";"23";"1";""
"202200041378";"740 258";"B01";"2";"32";"0";"2";"1";"2";"1";""
"202200041379";"740 255";"B01";"1";"7";"0";"2";"3";"1";"1";""
"202200041379";"740 256";"A01";"2";"7";"0";"0";"1";"1";"1";""
"202200041380";"740 254";"A01";"2";"30";"0";"1";"1";"1";"3";""
"202200041381";"740 253";"A01";"1";"7";"0";"0";"0";"1";"1";""
"202200041382";"740 250";"A01";"2";"7";"0";"2";"8";"15";"1";""
"202200041382";"740 251";"B01";"1";"33";"0";"2";"9";"1";"1";""
"202200041383";"740 249";"B01";"2";"10";"0";"2";"8";"1";"1";""
"202200041383";"740 252";"A01";"1";"7";"0";"2";"1";"1";"1";""
"202200041384";"740 246";"B01";"1";"7";"1";"2";"3";"9";"2";""
"202200041384";"740 247";"A01";"1";"30";"1";"2";"7";"17";"1";""
"202200041385";"740 245";"B01";"2";"7";"0";"2";"8";"1";"1";""
"202200041385";"740 248";"A01";"1";"7";"0";"2";"8";"13";"1";""
"202200041386";"740 242";"A01";"3";"1";"0";"2";"4";"2";"5";""
"202200041386";"740 244";"B01";"0";"0";"0";"2";"0";"1";"0";""
"202200041387";"740 241";"B01";"1";"7";"0";"2";"1";"0";"1";""
"202200041387";"740 243";"A01";"1";"2";"0";"2";"2";"0";"1";""
"202200041388";"740 240";"A01";"2";"7";"3";"0";"1";"1";"1";""
"202200041389";"740 237";"A01";"1";"7";"13";"0";"9";"19";"1";""
"202200041390";"740 238";"A01";"1";"7";"0";"2";"1";"14";"1";""
"202200041390";"740 239";"B01";"1";"15";"0";"0";"4";"23";"1";""
"202200041391";"740 236";"A01";"1";"33";"0";"0";"7";"13";"1";""
"202200041392";"740 234";"B01";"2";"17";"0";"0";"6";"11";"1";""
"202200041392";"740 235";"A01";"2";"10";"0";"2";"2";"12";"1";""
"202200041393";"740 233";"A01";"1";"33";"0";"1";"1";"1";"1";""
"202200041394";"740 231";"B01";"2";"7";"0";"2";"6";"11";"1";""
"202200041394";"740 232";"A01";"2";"34";"0";"2";"1";"3";"1";""
"202200041395";"740 230";"A01";"1";"2";"8";"0";"1";"5";"1";""
"202200041396";"740 229";"A01";"2";"7";"2";"0";"1";"0";"1";""
"202200041397";"740 227";"B01";"1";"10";"0";"2";"1";"1";"1";""
"202200041397";"740 228";"A01";"1";"7";"0";"0";"8";"19";"2";""
"202200041398";"740 226";"A01";"1";"33";"16";"0";"1";"1";"1";""
"202200041399";"740 224";"A01";"1";"7";"0";"2";"5";"14";"1";""
"202200041399";"740 225";"B01";"1";"10";"0";"2";"3";"1";"1";""
"202200041400";"740 222";"A01";"1";"7";"0";"0";"1";"1";"1";""
"202200041401";"740 221";"A01";"1";"31";"8";"2";"1";"1";"1";""
"202200041401";"740 223";"B01";"2";"7";"0";"2";"3";"15";"1";""
"202200041402";"740 219";"A01";"1";"33";"0";"0";"0";"1";"1";""
"202200041403";"740 218";"A01";"1";"34";"0";"2";"1";"1";"1";""
"202200041403";"740 220";"B01";"2";"34";"0";"2";"1";"17";"1";""
"202200041404";"740 217";"A01";"1";"2";"13";"0";"1";"5";"1";""
"202200041405";"740 215";"A01";"3";"7";"0";"2";"2";"9";"1";""
"202200041405";"740 216";"B01";"3";"1";"0";"2";"1";"1";"5";""
"202200041406";"740 214";"A01";"1";"2";"0";"0";"7";"2";"1";""
"202200041407";"740 212";"A01";"2";"15";"0";"1";"2";"1";"1";""
"202200041408";"740 213";"A01";"1";"2";"7";"0";"1";"1";"1";""
"202200041409";"740 210";"A01";"1";"7";"0";"9";"1";"15";"1";""
"202200041409";"740 211";"B01";"2";"1";"0";"2";"7";"1";"5";""
"202200041410";"740 208";"B01";"2";"10";"0";"2";"3";"13";"1";""
"202200041410";"740 209";"A01";"1";"7";"0";"2";"3";"21";"1";""
"202200041411";"740 207";"A01";"1";"33";"0";"0";"1";"1";"1";""
"202200041412";"740 206";"A01";"1";"2";"14";"0";"2";"1";"1";""
"202200041413";"740 205";"A01";"1";"43";"0";"5";"1";"1";"1";""
"202200041414";"740 203";"B01";"1";"7";"0";"2";"4";"2";"1";""
"202200041414";"740 204";"A01";"1";"33";"0";"2";"1";"2";"1";""
"202200041415";"740 202";"A01";"2";"38";"2";"0";"3";"1";"1";"36"
"202200041416";"740 201";"A01";"0";"7";"2";"0";"1";"1";"1";""
"202200041417";"740 200";"A01";"2";"31";"0";"0";"1";"1";"1";""
"202200041418";"740 199";"A01";"3";"10";"0";"1";"4";"20";"1";""
"202200041419";"740 198";"A01";"3";"7";"0";"9";"1";"1";"1";""
"202200041420";"740 196";"A01";"1";"32";"12";"0";"1";"0";"1";""
"202200041421";"740 197";"A01";"3";"21";"13";"0";"3";"1";"1";""
"202200041422";"740 193";"A01";"2";"7";"0";"2";"8";"15";"1";""
"202200041422";"740 194";"B01";"3";"7";"0";"2";"3";"23";"1";""
"202200041423";"740 192";"B01";"3";"7";"0";"0";"4";"23";"1";""
"202200041423";"740 195";"A01";"3";"2";"0";"2";"1";"2";"1";""
"202200041424";"740 188";"A01";"2";"7";"0";"2";"1";"0";"1";""
"202200041424";"740 189";"B01";"1";"7";"0";"2";"3";"5";"1";""
"202200041424";"740 190";"C01";"1";"7";"0";"2";"1";"0";"1";""
"202200041425";"740 187";"A01";"0";"10";"2";"0";"3";"1";"1";""
"202200041426";"740 186";"A01";" -1";"32";"0";"0";"7";"1";"1";""
"202200041427";"740 183";"A01";"0";"7";"0";"2";"1";"0";"1";""
"202200041427";"740 185";"B01";"0";"7";"0";"2";"1";"17";"1";""
"202200041428";"740 177";"B01";"1";"21";"0";"0";"4";"2";"0";""
"202200041428";"740 178";"A01";"1";"7";"0";"2";"2";"2";"1";""
"202200041429";"740 180";"A01";"2";"7";"0";"2";"3";"5";"1";""
"202200041429";"740 182";"B01";"1";"7";"0";"2";"3";"1";"1";""
"202200041429";"740 184";"C01";"2";"7";"0";"0";"6";"2";"1";""
"202200041430";"740 174";"A01";"1";"7";"0";"2";"4";"11";"1";""
"202200041430";"740 176";"B01";"1";"7";"0";"2";"1";"1";"1";""
"202200041431";"740 173";"A01";"2";"7";"0";"2";"2";"1";"1";""
"202200041431";"740 175";"B01";"2";"80";"0";"2";"8";"9";"3";""
"202200041432";"740 170";"B01";"1";"15";"2";"2";"3";"1";"1";""
"202200041432";"740 171";"A01";"2";"7";"0";"2";"3";"13";"1";""
"202200041433";"740 169";"A01";"1";"7";"0";"2";"4";"1";"1";""
"202200041433";"740 172";"Z01";"1";"7";"0";"2";"1";"2";"1";""
"202200041434";"740 165";"B01";"1";"7";"0";"2";"1";"1";"1";""
"202200041434";"740 167";"A01";"1";"7";"0";"2";"4";"1";"1";""
"202200041435";"740 163";"A01";"2";"10";"1";"0";"4";"2";"1";""
"202200041436";"740 162";"B01";"2";"7";"0";"2";"1";"2";"1";""
"202200041436";"740 164";"A01";"2";"7";"0";"2";"4";"2";"1";""
"202200041437";"740 160";"A01";"0";"7";"1";"0";"1";"1";"1";""
"202200041438";"740 158";"A01";"3";"2";"0";"0";"0";"15";"1";""
"202200041439";"740 156";"D01";"2";"7";"4";"2";"7";"1";"1";""
"202200041439";"740 157";"C01";"2";"10";"4";"2";"2";"1";"1";""
"202200041439";"740 159";"B01";"2";"7";"4";"2";"4";"2";"1";""
"202200041439";"740 161";"A01";"2";"7";"0";"2";"1";"2";"1";""
"202200041440";"740 154";"A01";"0";"7";"0";"2";"7";"17";"1";""
"202200041440";"740 155";"B01";"3";"7";"0";"2";"1";"1";"1";""
"202200041441";"740 152";"A01";"0";"31";"0";"0";"0";"26";"1";""
"202200041442";"740 150";"C01";"2";"7";"0";"2";"4";"23";"1";""
"202200041442";"740 151";"B01";"2";"7";"0";"0";"6";"2";"1";""
"202200041442";"740 153";"A01";"2";"7";"0";"2";"1";"2";"1";""
"202200041443";"740 149";"A01";"1";"14";"0";"1";"2";"16";"1";""
"202200041444";"740 148";"A01";"1";"7";"4";"0";"1";"11";"1";""
"202200041445";"740 147";"A01";"3";"7";"13";"0";"7";"21";"1";""
"202200041446";"740 141";"C01";"2";"7";"0";"2";"4";"2";"1";""
"202200041446";"740 142";"B01";"2";"7";"0";"2";"4";"2";"1";""
"202200041446";"740 146";"A01";"2";"7";"0";"2";"1";"2";"1";""
"202200041447";"740 139";"A01";"2";"7";"0";"2";"2";"2";"1";""
"202200041447";"740 140";"B01";"2";"1";"0";"2";"3";"2";"5";""
"202200041448";"740 136";"A01";"1";"10";"0";"2";"1";"14";"1";""
"202200041448";"740 138";"B01";"1";"7";"0";"2";"8";"0";"1";""
"202200041449";"740 135";"B01";"1";"14";"0";"2";"3";"1";"1";""
"202200041449";"740 137";"A01";"1";"7";"0";"2";"8";"15";"1";""
"202200041450";"740 132";"A01";"2";"7";"0";"2";"3";"11";"1";""
"202200041450";"740 133";"C01";"2";"7";"0";"2";"2";"1";"1";""
"202200041450";"740 134";"B01";"2";"7";"0";"2";"2";"1";"1";""
"202200041451";"740 130";"B01";"2";"33";"0";"2";"1";"26";"1";""
"202200041451";"740 131";"A01";"2";"7";"0";"2";"6";"11";"1";""
"202200041452";"740 129";"A01";"1";"7";"4";"2";"3";"13";"1";""
"202200041453";"740 127";"B01";"2";"7";"0";"2";"1";"1";"1";""
"202200041453";"740 128";"A01";"2";"7";"0";"2";"4";"1";"1";""
"202200041454";"740 122";"A01";"2";"7";"3";"2";"1";"2";"1";""
"202200041454";"740 124";"B01";"2";"10";"0";"2";"3";"17";"1";""
"202200041455";"740 121";"B01";"1";"7";"0";"2";"4";"2";"1";""
"202200041455";"740 123";"D01";"1";"7";"0";"2";"4";"2";"1";""
"202200041455";"740 125";"C01";"1";"7";"0";"2";"4";"2";"1";""
"202200041455";"740 126";"A01";"1";"7";"0";"2";"1";"2";"1";""
"202200041456";"740 119";"B01";"1";"7";"0";"2";"4";"1";"1";""
"202200041456";"740 120";"A01";"1";"7";"0";"2";"1";"1";"1";""
"202200041457";"740 117";"A01";"2";"7";"0";"2";"4";"23";"1";""
"202200041457";"740 118";"Z01";"1";"7";"0";"2";"1";"1";"1";""
"202200041458";"740 116";"A01";"2";"7";"0";"2";"0";"9";"1";""
"202200041459";"740 112";"A01";"1";"7";"0";"2";"2";"2";"0";""
"202200041459";"740 114";"B01";"1";"1";"0";"2";"8";"15";"5";""
"202200041460";"740 109";"A01";"1";"7";"3";"0";"2";"1";"1";""
"202200041461";"740 110";"D01";"1";"7";"0";"2";"1";"1";"1";""
"202200041461";"740 111";"C01";"1";"7";"0";"2";"3";"1";"1";""
"202200041461";"740 113";"B01";"1";"10";"0";"2";"1";"1";"1";""
"202200041461";"740 115";"A01";"1";"7";"0";"2";"9";"0";"1";""
"202200041462";"740 108";"A01";"2";"7";"0";"1";"5";"13";"1";""
"202200041463";"740 105";"A01";"1";"7";"0";"2";"1";"1";"2";""
"202200041463";"740 107";"B01";"1";"7";"0";"2";"4";"2";"1";""
"202200041464";"740 104";"B01";"2";"7";"1";"0";"2";"1";"1";""
"202200041464";"740 106";"A01";"2";"7";"0";"2";"6";"24";"1";""
"202200041465";"740 103";"A01";"1";"32";"0";"0";"7";"1";"1";""
"202200041466";"740 102";"A01";"3";"7";"4";"0";"2";"2";"1";""
"202200041467";"740 097";"D01";"2";"33";"0";"2";"4";"2";"1";""
"202200041467";"740 098";"C01";"2";"33";"0";"2";"4";"1";"1";""
"202200041467";"740 100";"B01";"1";"7";"0";"2";"4";"2";"1";""
"202200041467";"740 101";"A01";"1";"33";"0";"2";"1";"1";"1";""
"202200041468";"740 096";"A01";"3";"13";"0";"2";"3";"9";"1";""
"202200041468";"740 099";"B01";"2";"30";"0";"2";"1";"1";"1";""
"202200041469";"740 094";"Z01";"2";"7";"0";"2";"4";"11";"1";""
"202200041469";"740 095";"A01";"2";"33";"0";"2";"1";"3";"1";""
"202200041470";"740 092";"B01";"2";"7";"0";"2";"3";"2";"1";""
"202200041470";"740 093";"A01";"1";"7";"0";"2";"8";"19";"1";""
"202200041471";"740 091";"A01";"3";"7";"0";"1";"2";"19";"0";""
"202200041472";"740 089";"A01";"1";"7";"0";"2";"4";"1";"1";""
"202200041472";"740 090";"B01";"2";"7";"0";"2";"1";"2";"1";""
"202200041473";"740 087";"A01";"1";"7";"2";"0";"1";"13";"1";""
"202200041474";"740 086";"A01";"3";"7";"0";"2";"1";"16";"1";""
"202200041474";"740 088";"B01";"2";"7";"0";"2";"8";"1";"0";""
"202200041475";"740 083";"B01";"1";"7";"0";"2";"1";"0";"1";""
"202200041475";"740 085";"A01";"1";"7";"0";"2";"1";"11";"1";""
"202200041476";"740 082";"B01";"3";"40";"0";"2";"2";"1";"3";""
"202200041476";"740 084";"A01";"3";"30";"0";"4";"5";"16";"3";""
"202200041477";"740 081";"A01";"2";"7";"6";"0";"3";"2";"1";""
"202200041478";"740 079";"B01";"1";"2";"0";"2";"1";"2";"1";""
"202200041478";"740 080";"A01";"2";"7";"0";"2";"1";"15";"1";""
"202200041479";"740 077";"B01";"1";"7";"0";"2";"4";"26";"1";""
"202200041479";"740 078";"A01";"1";"7";"0";"2";"9";"9";"1";""
"202200041480";"740 075";"A01";"2";"32";"0";"2";"8";"1";"1";""
"202200041480";"740 076";"B01";"1";"7";"0";"2";"0";"19";"1";""
"202200041481";"740 073";"A01";"3";"7";"0";"2";"5";"15";"1";""
"202200041481";"740 074";"B01";"3";"32";"0";"2";"2";"0";"1";""
"202200041482";"740 071";"A01";"1";"7";"0";"2";"1";"5";"1";""
"202200041482";"740 072";"B01";"3";"7";"0";"2";"1";"1";"1";""
"202200041483";"740 069";"A01";"1";"7";"0";"2";"1";"21";"1";""
"202200041483";"740 070";"B01";"1";"7";"0";"2";"4";"9";"1";""
"202200041484";"740 067";"A01";"1";"7";"0";"2";"3";"26";"1";""
"202200041484";"740 068";"B01";"2";"7";"0";"2";"2";"15";"1";""
"202200041485";"740 066";"A01";"2";"33";"0";"0";"7";"1";"1";""
"202200041486";"740 062";"A01";"1";"7";"0";"1";"1";"1";"1";""
"202200041487";"740 061";"A01";"0";"2";"0";"0";"0";"1";"1";""
"202200041488";"740 059";"A01";"1";"33";"0";"2";"1";"1";"1";""
"202200041488";"740 060";"B01";"1";"7";"0";"2";"4";"1";"2";""
"202200041489";"740 057";"B01";"3";"40";"0";"2";"2";"1";"3";""
"202200041489";"740 058";"A01";"3";"7";"0";"4";"3";"9";"1";""
"202200041490";"740 055";"A01";"2";"7";"0";"2";"1";"1";"1";""
"202200041490";"740 056";"B01";"2";"7";"0";"2";"0";"1";"1";""
"202200041491";"740 054";"A01";"3";"7";"8";"0";"1";"13";"1";""
"202200041492";"740 053";"A01";"3";"7";"0";"1";"2";"16";"1";""
"202200041493";"740 052";"A01";"2";"7";"0";"1";"7";"16";"1";""
"202200041494";"740 050";"A01";"2";"7";"0";"2";"2";"2";"1";""
"202200041494";"740 051";"B01";"2";"50";"0";"2";"2";"2";"3";""
"202200041495";"740 048";"A01";"1";"7";"0";"2";"2";"15";"2";""
"202200041495";"740 049";"B01";"1";"33";"0";"2";"7";"1";"1";""
"202200041496";"740 044";"A01";"1";"7";"0";"9";"2";"17";"1";""
"202200041496";"740 045";"B01";"1";"1";"0";"2";"8";"13";"5";""
"202200041496";"740 046";"C01";"1";"1";"0";"2";"8";"13";"5";""
"202200041496";"740 047";"D01";"1";"1";"0";"2";"8";"13";"5";""
"202200041497";"740 043";"A01";"1";"7";"1";"0";"1";"1";"1";""
"202200041498";"740 042";"A01";"1";"7";"2";"0";"1";"1";"1";""