"Num_Acc";"id_vehicule";"num_veh";"senc";"catv";"obs";"obsm";"choc";"manv";"motor";"occutc"
"202200041499";"740 041";"A01";"1";"30";"16";"0";"1";"1";"1";""
"202200041500";"740 040";"A01";"2";"7";"2";"0";"2";"1";"1";""
"202200041501";"740 039";"A01";"1";"33";"2";"0";"7";"1";"1";""
"202200041502";"740 037";"B01";"1";"7";"0";"2";"2";"1";"1";""
"202200041502";"740 038";"A01";"2";"7";"0";"2";"7";"15";"1";""
"202200041503";"740 035";"A01";"1";"7";"0";"2";"3";"26";"1";""
"202200041503";"740 036";"B01";"2";"7";"0";"2";"3";"0";"1";""
"202200041504";"740 034";"A01";"3";"1";"13";"0";"8";"13";"5";""
"202200041505";"740 033";"A01";"2";"33";"6";"0";"1";"0";"1";""
"202200041506";"740 032";"A01";"3";"33";"12";"0";"1";"1";"1";""
"202200041507";"740 030";"A01";"2";"2";"0";"2";"1";"15";"1";""
"202200041507";"740 031";"B01";"1";"7";"0";"2";"2";"1";"1";""
"202200041508";"740 029";"A01";"1";"2";"13";"0";"1";"14";"1";""
"202200041509";"740 028";"A01";"1";"7";"8";"0";"2";"1";"1";""
"202200041510";"740 026";"B01";"3";"7";"0";"9";"3";"13";"1";""
"202200041510";"740 027";"A01";"3";"1";"0";"2";"3";"1";"5";""
"202200041511";"740 024";"B01";"3";"31";"0";"2";"1";"0";"1";""
"202200041511";"740 025";"A01";"3";"7";"0";"2";"1";"21";"1";""
"202200041512";"740 022";"A01";"1";"7";"0";"2";"3";"1";"1";""
"202200041512";"740 023";"B01";"2";"7";"0";"2";"3";"1";"1";""
"202200041513";"740 021";"A01";"1";"33";"15";"0";"0";"1";"1";""
"202200041514";"740 019";"B01";"1";"7";"0";"2";"1";"1";"1";""
"202200041514";"740 020";"A01";"2";"33";"0";"2";"1";"1";"1";""
"202200041515";"740 018";"A01";"2";"7";"15";"0";"1";"1";"1";""
"202200041516";"740 017";"A01";"1";"7";"6";"0";"7";"1";"1";""
"202200041517";"740 015";"A01";"2";"7";"6";"0";"1";"1";"1";""
"202200041518";"740 013";"B01";"2";"7";"0";"2";"3";"1";"1";""
"202200041518";"740 014";"A01";"1";"33";"0";"2";"1";"1";"1";""
"202200041519";"740 012";"A01";"1";"31";"0";"0";"7";"2";"1";""
"202200041520";"740 011";"A01";"1";"7";"2";"0";"1";"13";"1";""
"202200041521";"740 009";"A01";"2";"7";"0";"2";"3";"13";"1";""
"202200041521";"740 010";"B01";"1";"7";"16";"2";"3";"1";"1";""
"202200041522";"740 008";"A01";"2";"33";"0";"0";"0";"1";"1";""
"202200041523";"740 006";"B01";"2";"1";"0";"2";"7";"1";"5";""
"202200041523";"740 007";"A01";"2";"7";"0";"2";"1";"9";"1";""
"202200041524";"740 005";"A01";"3";"31";"2";"0";"1";"14";"1";""
"202200041525";"740 003";"B01";"2";"7";"0";"2";"1";"2";"1";""
"202200041525";"740 004";"A01";"1";"7";"0";"2";"1";"5";"1";""
"202200041526";"740 002";"A01";"1";"33";"0";"0";"7";"16";"1";""
"202200041527";"740 000";"B01";"1";"32";"0";"2";"1";"1";"1";""
"202200041527";"740 001";"A01";"1";"7";"0";"2";"2";"19";"1";""
"202200041528";"739 999";"A01";"2";"1";"0";"0";"0";"1";"5";""
"202200041529";"739 997";"B01";"2";"7";"0";"2";"1";"1";"1";""
"202200041529";"739 998";"A01";"1";"7";"0";"2";"2";"1";"1";""
"202200041530";"739 995";"B01";"0";"1";"0";"2";"2";"16";"5";""
"202200041530";"739 996";"A01";"0";"7";"0";"2";"3";"16";"1";""
"202200041531";"739 993";"A01";"2";"7";"0";"2";"3";"15";"1";""
"202200041531";"739 994";"B01";"1";"33";"0";"2";"3";"1";"1";""
"202200041532";"739 991";"A01";"1";"7";"0";"2";"1";"13";"1";""
"202200041532";"739 992";"B01";"2";"7";"0";"2";"1";"1";"1";""
"202200041533";"739 990";"A01";"1";"7";"6";"0";"1";"1";"1";""
"202200041534";"739 988";"B01";"2";"2";"0";"2";"1";"1";"1";""
"202200041534";"739 989";"A01";"1";"7";"1";"2";"2";"13";"1";""
"202200041535";"739 986";"A01";"1";"7";"0";"2";"2";"17";"1";""
"202200041535";"739 987";"B01";"1";"2";"0";"2";"3";"1";"1";""
"202200041536";"739 984";"B01";"2";"7";"0";"0";"4";"2";"1";""
"202200041536";"739 985";"A01";"2";"7";"0";"2";"1";"2";"1";""
"202200041537";"739 983";"A01";"1";"33";"3";"0";"7";"12";"1";""
"202200041538";"739 982";"A01";"1";"7";"2";"0";"1";"0";"1";""
"202200041539";"739 981";"A01";"0";"50";"6";"0";"0";"1";"3";""
"202200041540";"739 979";"A01";"1";"7";"0";"2";"3";"9";"2";""
"202200041540";"739 980";"B01";"2";"32";"0";"2";"2";"17";"1";""
"202200041541";"739 977";"B01";"3";"10";"0";"2";"3";"15";"1";""
"202200041541";"739 978";"A01";"3";"1";"0";"2";"1";"16";"5";""
"202200041542";"739 975";"B01";" -1";"1";"0";"2";"1";"1";"5";""
"202200041542";"739 976";"A01";" -1";"7";"0";"9";"7";"15";"1";""
"202200041543";"739 974";"A01";"2";"33";"7";"0";"1";"6";"1";""
"202200041544";"739 973";"A01";"1";"7";"13";"0";"1";"26";"1";""
"202200041545";"739 972";"A01";"1";"7";"6";"0";"1";"1";"1";""
"202200041546";"739 970";"A01";"1";"7";"0";"2";"1";"13";"1";""
"202200041546";"739 971";"B01";"2";"7";"0";"2";"1";"1";"1";""
"202200041547";"739 968";"A01";"3";"7";"0";"2";"7";"1";"1";""
"202200041547";"739 969";"B01";"2";"7";"0";"2";"1";"1";"1";""
"202200041548";"739 966";"A01";"1";"7";"0";"9";"5";"9";"1";""
"202200041548";"739 967";"B01";"1";"1";"0";"2";"1";"1";"5";""
"202200041549";"739 964";"A01";"3";"33";"0";"2";"3";"1";"1";""
"202200041549";"739 965";"B01";"3";"7";"0";"2";"3";"15";"1";""
"202200041550";"739 962";"B01";"2";"21";"0";"2";"6";"1";"1";""
"202200041550";"739 963";"A01";"1";"31";"0";"2";"1";"13";"1";""
"202200041551";"739 960";"B01";"2";"50";"0";"2";"8";"19";"3";""
"202200041551";"739 961";"A01";"1";"7";"0";"9";"1";"1";"1";""
"202200041552";"739 958";"B01";"2";"30";"0";"2";"1";"13";"1";""
"202200041552";"739 959";"A01";"1";"7";"0";"2";"3";"1";"1";""
"202200041553";"739 957";"A01";"1";"33";"8";"0";"3";"1";"1";""
"202200041554";"739 956";"A01";"2";"3";"0";"1";"2";"1";"1";""
"202200041555";"739 955";"A01";"3";"36";"0";"0";"2";"0";"1";""
"202200041556";"739 952";"C01";"1";"7";"0";"2";"1";"2";"1";""
"202200041556";"739 953";"B01";"1";"7";"0";"2";"4";"2";"1";""
"202200041556";"739 954";"A01";"1";"7";"0";"2";"4";"2";"1";""
"202200041557";"739 949";"A01";"2";"10";"0";"2";"1";"0";"1";""
"202200041557";"739 950";"B01";"2";"7";"0";"2";"4";"0";"1";""
"202200041557";"739 951";"C01";"2";"7";"0";"2";"4";"0";"1";""
"202200041558";"739 947";"B01";"1";"7";"0";"2";"4";"1";"1";""
"202200041558";"739 948";"A01";"1";"10";"0";"2";"1";"1";"1";""
"202200041559";"739 945";"B01";"1";"7";"0";"2";"4";"2";"1";""
"202200041559";"739 946";"A01";"1";"10";"0";"2";"1";"1";"1";""
"202200041560";"739 944";"A01";"2";"7";"0";"0";"1";"1";"1";""
"202200041561";"739 942";"A01";"1";"7";"0";"2";"5";"1";"1";""
"202200041561";"739 943";"B01";"1";"33";"0";"2";"8";"3";"1";""
"202200041562";"739 941";"A01";"2";"7";"3";"0";"2";"12";"1";""
"202200041563";"739 939";"A01";"1";"7";"0";"2";"2";"1";"1";""
"202200041563";"739 940";"B01";"1";"7";"0";"2";"6";"1";"1";""
"202200041564";"739 936";"A01";"2";"33";"0";"2";"1";"3";"1";""
"202200041564";"739 937";"B01";"2";"7";"0";"2";"5";"1";"1";""
"202200041564";"739 938";"C01";"2";"7";"0";"2";"8";"1";"1";""
"202200041565";"739 934";"A01";"2";"33";"0";"2";"0";"1";"1";""
"202200041565";"739 935";"Z01";"2";"0";"0";"2";"0";"0";"0";""
"202200041566";"739 933";"A01";"2";"10";"0";"1";"2";"1";"1";""
"202200041567";"739 932";"A01";"2";"30";"14";"0";"1";"19";"1";""
"202200041568";"739 930";"B01";"3";"50";"0";"2";"0";"0";"3";""
"202200041568";"739 931";"A01";"3";"7";"0";"2";"0";"1";"0";""
"202200041569";"739 928";"A01";"2";"7";"0";"2";"0";"0";"0";""
"202200041569";"739 929";"B01";"2";"80";"0";"2";"8";"0";"3";""
"202200041570";"739 927";"A01";"2";"7";"0";"1";"5";"1";"1";""
"202200041571";"739 925";"B01";"2";"7";"0";"2";"7";"16";"1";""
"202200041571";"739 926";"A01";"2";"32";"0";"2";"1";"7";"1";""
"202200041572";"739 923";"A01";"2";"7";"0";"2";"0";"0";"1";""
"202200041572";"739 924";"B01";"1";"33";"0";"2";"0";"0";"1";""
"202200041573";"739 922";"A01";"2";"33";"0";"1";"3";"1";"1";""
"202200041574";"739 921";"A01";"3";"37";"0";"1";"4";"4";"1";"1"
"202200041575";"739 920";"A01";"3";"33";"0";"0";"7";"26";"0";""
"202200041576";"739 919";"A01";"3";"7";"0";"1";"6";"23";"1";""
"202200041577";"739 917";"A01";"1";"7";"0";"2";"1";"15";"1";""
"202200041577";"739 918";"B01";"2";"7";"0";"2";"8";"0";"1";""
"202200041578";"739 916";"A01";"1";"7";"2";"0";"1";"1";"1";""
"202200041579";"739 914";"A01";"0";"7";"0";"2";"7";"1";"2";""
"202200041579";"739 915";"B01";"0";"60";"0";"2";"1";"19";"5";""
"202200041580";"739 911";"C01";"0";"7";"0";"2";"4";"23";"1";""
"202200041580";"739 912";"B01";"0";"7";"0";"2";"4";"23";"1";""
"202200041580";"739 913";"A01";"0";"33";"0";"2";"1";"1";"1";""
"202200041581";"739 910";"A01";"1";"7";"6";"0";"1";"26";"1";""
"202200041582";"739 909";"A01";"2";"7";"0";"1";"1";"1";"1";""
"202200041583";"739 907";"B01";"3";"7";"0";"2";"6";"1";"1";""
"202200041583";"739 908";"A01";"3";"7";"0";"2";"1";"1";"1";""
"202200041584";"739 902";"B01";"2";"33";"0";"2";"0";"0";"1";""
"202200041584";"739 903";"A01";"1";"10";"0";"2";"0";"0";"1";""
"202200041585";"739 901";"A01";"3";"7";"0";"1";"1";"1";"1";""
"202200041586";"739 899";"A01";"2";"7";"0";"2";"1";"1";"1";""
"202200041586";"739 900";"B01";"2";"7";"0";"2";"3";"1";"1";""
"202200041587";"739 898";"A01";"3";"7";"0";"1";"1";"15";"1";""
"202200041588";"739 896";"B01";"1";"7";"0";"2";"0";"1";"1";""
"202200041588";"739 897";"A01";"1";"7";"0";"2";"0";"9";"1";""
"202200041589";"739 895";"A01";"0";"7";"0";"1";"4";"26";"1";""
"202200041590";"739 894";"A01";"3";"7";"2";"0";"9";"1";"1";""
"202200041591";"739 893";"A01";"3";"30";"12";"0";"0";"9";"1";""
"202200041592";"739 890";"C01";"1";"7";"0";"2";"6";"1";"1";""
"202200041592";"739 891";"B01";"1";"33";"0";"2";"7";"1";"1";""
"202200041592";"739 892";"A01";"1";"7";"0";"2";"1";"9";"1";""
"202200041593";"739 887";"A01";"1";"7";"0";"2";"1";"13";"1";""
"202200041593";"739 888";"B01";"1";"7";"0";"2";"5";"1";"1";""
"202200041593";"739 889";"C01";"1";"7";"0";"2";"4";"1";"1";""
"202200041594";"739 885";"B01";"3";"40";"0";"2";"1";"1";"3";""
"202200041594";"739 886";"A01";"3";"7";"0";"4";"7";"0";"1";""
"202200041595";"739 883";"B01";"3";"30";"0";"2";"1";"1";"1";""
"202200041595";"739 884";"A01";"3";"7";"0";"2";"8";"26";"1";""
"202200041596";"739 882";"A01";"1";"30";"1";"0";"1";"2";"0";""
"202200041597";"739 881";"A01";"2";"7";"0";"0";"0";"0";"1";""
"202200041598";"739 879";"A01";"1";"7";"0";"2";"1";"15";"1";""
"202200041598";"739 880";"B01";"1";"7";"0";"2";"1";"1";"1";""
"202200041599";"739 878";"A01";"2";"7";"0";"1";"1";"1";"1";""
"202200041600";"739 877";"A01";"1";"7";"0";"1";"3";"16";"1";""
"202200041601";"739 875";"A01";"1";"50";"0";"2";"1";"5";"3";""
"202200041601";"739 876";"B01";"2";"7";"0";"2";"1";"1";"1";""
"202200041602";"739 873";"A01";"1";"1";"0";"2";"1";"15";"5";""
"202200041602";"739 874";"B01";"1";"7";"0";"9";"2";"16";"1";""
"202200041603";"739 870";"C01";"2";"7";"0";"2";"4";"2";"1";""
"202200041603";"739 871";"B01";"2";"7";"0";"2";"4";"2";"1";""
"202200041603";"739 872";"A01";"2";"7";"0";"2";"1";"2";"1";""
"202200041604";"739 868";"B01";"1";"7";"0";"2";"5";"0";"1";""
"202200041604";"739 869";"A01";"1";"33";"0";"2";"1";"17";"1";""
"202200041605";"739 866";"A01";"1";"7";"0";"2";"1";"1";"1";""
"202200041605";"739 867";"B01";"2";"50";"0";"2";"8";"1";"3";""
"202200041606";"739 864";"A01";"1";"7";"0";"2";"1";"13";"1";""
"202200041606";"739 865";"B01";"2";"7";"0";"2";"1";"1";"1";""
"202200041607";"739 862";"B01";"1";"7";"0";"0";"0";"0";"1";""
"202200041607";"739 863";"A01";"1";"7";"0";"2";"1";"1";"1";""
"202200041608";"739 860";"B01";"2";"7";"0";"2";"1";"1";"1";""
"202200041608";"739 861";"A01";"2";"7";"0";"2";"1";"1";"1";""
"202200041609";"739 858";"A01";"1";"7";"0";"2";"1";"1";"1";""
"202200041609";"739 859";"B01";"1";"80";"0";"2";"1";"1";"3";""
"202200041610";"739 855";"C01";"3";"7";"0";"2";"1";"1";"1";""
"202200041610";"739 856";"B01";"3";"7";"0";"2";"1";"1";"1";""
"202200041610";"739 857";"A01";"3";"7";"0";"2";"1";"17";"1";""
"202200041611";"739 853";"A01";"3";"7";"0";"2";"1";"1";"1";""
"202200041611";"739 854";"B01";"3";"7";"0";"2";"4";"1";"1";""
"202200041612";"739 852";"Z01";"0";"37";"0";"1";"0";"9";"0";"1"
"202200041613";"739 850";"B01";"1";"7";"0";"9";"0";"0";"1";""
"202200041613";"739 851";"A01";"3";"60";"0";"2";"1";"26";"0";""
"202200041614";"739 849";"A01";"1";"7";"0";"1";"4";"20";"1";""
"202200041615";"739 847";"Z01";"1";"0";"0";"2";"2";"1";"0";""
"202200041615";"739 848";"A01";"1";"50";"0";"2";"6";"1";"3";""
"202200041616";"739 845";"A01";"1";"7";"0";"2";"2";"2";"1";""
"202200041616";"739 846";"B01";"1";"7";"0";"2";"6";"2";"1";""
"202200041617";"739 844";"A01";"1";"7";"0";"5";"1";"1";"1";""
"202200041618";"739 843";"A01";"1";"7";"0";"1";"4";"26";"1";""
"202200041619";"739 840";"A01";"1";"7";"0";"1";"2";"1";"1";""
"202200041620";"739 839";"A01";"1";"7";"0";"1";"1";"1";"1";""
"202200041621";"739 835";"A01";"0";"7";"0";"2";"1";"1";"1";""
"202200041621";"739 836";"B01";"1";"1";"0";"2";"6";"1";"5";""
"202200041622";"739 833";"B01";"3";"7";"0";"2";"4";"23";"1";""
"202200041622";"739 834";"A01";"3";"7";"0";"2";"1";"2";"1";""
"202200041623";"739 831";"B01";"3";"1";"0";"2";"1";"15";"5";""
"202200041623";"739 832";"A01";"3";"7";"0";"2";"3";"1";"1";""
"202200041624";"739 829";"A01";"2";"7";"0";"2";"6";"9";"1";""
"202200041624";"739 830";"B01";"2";"14";"0";"2";"2";"1";"1";""
"202200041625";"739 827";"A01";"3";"7";"0";"2";"1";"15";"1";""
"202200041625";"739 828";"B01";"3";"2";"0";"2";"2";"0";"1";""
"202200041626";"739 826";"A01";"1";"7";"0";"1";"2";"1";"1";""
"202200041627";"739 825";"A01";"2";"14";"0";"1";"1";"1";"1";""
"202200041628";"739 824";"A01";"1";"10";"0";"1";"4";"20";"1";""
"202200041629";"739 822";"B01";"1";"32";"0";"2";"8";"17";"1";""
"202200041629";"739 823";"A01";"1";"7";"0";"2";"0";"1";"1";""
"202200041630";"739 820";"B01";"2";"1";"0";"2";"8";"1";"5";""
"202200041630";"739 821";"A01";"2";"14";"0";"2";"1";"16";"1";""
"202200041631";"739 818";"B01";"1";"7";"0";"2";"6";"1";"1";""
"202200041631";"739 819";"A01";"2";"7";"0";"2";"3";"5";"1";""
"202200041632";"739 816";"B01";"1";"7";"0";"2";"1";"1";"1";""
"202200041632";"739 817";"A01";"2";"7";"0";"2";"5";"15";"1";""
"202200041633";"739 815";"A01";"1";"7";"3";"9";"2";"0";"1";""
"202200041634";"739 813";"B01";"1";"7";"0";"2";"2";"2";"1";""
"202200041634";"739 814";"A01";"1";"30";"0";"2";"4";"2";"1";""
"202200041635";"739 812";"A01";"2";"2";"0";"0";"2";"13";"1";""
"202200041636";"739 810";"A01";"3";"7";"0";"2";"7";"16";"1";""
"202200041636";"739 811";"B01";"3";"1";"0";"2";"2";"1";"5";""
"202200041637";"739 807";"Y01";"1";"80";"0";"0";"0";"15";"3";""
"202200041637";"739 808";"A01";"1";"10";"0";"2";"0";"0";"1";""
"202200041638";"739 805";"A01";"3";"7";"0";"2";"1";"1";"1";""
"202200041638";"739 806";"B01";"3";"7";"0";"2";"4";"1";"1";""
"202200041639";"739 803";"B01";"1";"7";"0";"2";"3";"1";"1";""
"202200041639";"739 804";"A01";"2";"7";"0";"2";"3";"1";"1";""
"202200041640";"739 802";"A01";"1";"7";"0";"1";"1";"1";"1";""
"202200041641";"739 800";"B01";"3";"50";"0";"0";"0";"0";"3";""
"202200041641";"739 801";"A01";"3";"7";"0";"0";"0";"26";"1";""
"202200041642";"739 798";"B01";"1";"7";"0";"2";"4";"2";"1";""
"202200041642";"739 799";"A01";"1";"7";"0";"2";"1";"2";"1";""
"202200041643";"739 796";"B01";"0";"7";"0";"2";"3";"1";"1";""
"202200041643";"739 797";"C01";"0";"7";" -1";"2";" -1";"0";" -1";""
"202200041644";"739 794";"B01";"1";"99";"0";"2";"0";"26";"3";""
"202200041644";"739 795";"A01";"1";"7";"0";"2";"3";"13";"1";""
"202200041645";"739 792";"A01";"1";"7";"0";"2";"5";"15";"1";""
"202200041645";"739 793";"B01";"2";"32";"0";"2";"5";"1";"1";""
"202200041646";"739 791";"A01";"1";"31";"3";"0";"1";"1";"1";""
"202200041647";"739 789";"B01";"3";"7";"0";"2";"1";"1";"1";""
"202200041647";"739 790";"A01";"3";"7";"0";"2";"1";"15";"1";""
"202200041648";"739 788";"A01";"3";"7";"0";"1";"1";"26";"1";""
"202200041649";"739 785";"A01";"2";"7";"0";"2";"2";"2";"1";""
"202200041649";"739 786";"B01";"2";"10";"0";"2";"6";"2";"1";""
"202200041649";"739 787";"C01";"2";"10";"0";"2";"5";"2";"1";""
"202200041650";"739 783";"B01";"0";"7";"0";"2";"2";"1";"1";""
"202200041650";"739 784";"A01";"0";"7";"0";"2";"3";"15";"1";""
"202200041651";"739 781";"A01";"1";"33";"0";"2";"1";"3";"1";""
"202200041651";"739 782";"B01";"1";"7";"0";"2";"5";"12";"1";""
"202200041652";"739 779";"B01";"2";"33";"0";"2";"1";"3";"1";""
"202200041652";"739 780";"A01";"2";"7";"0";"2";"5";"12";"1";""
"202200041653";"739 777";"A01";"1";"32";"0";"2";"1";"11";"1";""
"202200041653";"739 778";"B01";"1";"7";"0";"2";"5";"2";"1";""
"202200041654";"739 775";"A01";"1";"7";"0";"2";"1";"2";"1";""
"202200041654";"739 776";"B01";"1";"7";"0";"2";"4";"2";"1";""
"202200041655";"739 771";"D01";"1";"7";"0";"2";"7";"1";"1";""
"202200041655";"739 772";"C01";"1";"7";"0";"2";"8";"1";"1";""
"202200041655";"739 773";"B01";"1";"43";"0";"2";"1";"3";"1";""
"202200041655";"739 774";"A01";"1";"10";"0";"2";"7";"12";"1";""
"202200041656";"739 770";"A01";"1";"7";"0";"1";"5";"4";"2";""
"202200041657";"739 769";"A01";"2";"1";"0";"1";"1";"1";"5";""
"202200041658";"739 768";"A01";"2";"80";"0";"1";"1";"1";"3";""
"202200041659";"739 767";"Z01";"2";"7";"0";"1";"4";"4";"0";""
"202200041660";"739 766";"A01";"2";"50";"0";"1";"1";"1";"3";""
"202200041661";"739 764";"A01";"1";"30";"0";"2";"2";"17";"1";""
"202200041661";"739 765";"Z01";"1";"7";"0";"2";"3";"15";"1";""
"202200041662";"739 762";"A01";"1";"7";"0";"2";"2";"2";"2";""
"202200041662";"739 763";"B01";"1";"34";"0";"2";"5";"23";"1";""
"202200041663";"739 760";"B01";"1";"1";"0";"2";"1";"9";"5";""
"202200041663";"739 761";"A01";"1";"30";"0";"2";"1";"1";"3";""
"202200041664";"739 758";"A01";"1";"32";"0";"2";"1";"2";"1";""
"202200041664";"739 759";"Z01";"1";"10";"0";"2";"6";"2";"2";""
"202200041665";"739 756";"B01";"1";"1";"0";"2";"7";"1";"5";""
"202200041665";"739 757";"A01";"2";"7";"0";"2";"2";"1";"1";""
"202200041666";"739 755";"A01";"1";"10";"0";"1";"4";"4";"1";""
"202200041667";"739 754";"A01";"1";"30";"14";"0";"0";"14";"1";""
"202200041668";"739 753";"A01";"3";"1";"0";"1";"0";"5";"5";""
"202200041669";"739 751";"A01";"0";"7";"0";"2";"1";"1";"1";""
"202200041669";"739 752";"B01";"0";"7";"0";"2";"8";"1";"2";""
"202200041670";"739 749";"A01";"1";"1";"0";"2";"1";"1";"5";""
"202200041670";"739 750";"B01";"2";"7";"0";"2";"3";"1";"1";""
"202200041671";"739 746";"A01";"1";"7";"0";"2";"1";"2";"1";""
"202200041671";"739 747";"B01";"1";"10";"0";"2";"4";"2";"1";""
"202200041671";"739 748";"C01";"1";"10";"0";"2";"4";"2";"1";""
"202200041672";"739 744";"B01";"1";"7";"0";"2";"8";"22";"2";""
"202200041672";"739 745";"A01";"1";"32";"1";"2";"8";"1";"3";""
"202200041673";"739 742";"A01";"1";"37";"0";"2";"1";"2";"1";"2"
"202200041673";"739 743";"B01";"1";"7";"0";"2";"4";"2";"1";""
"202200041674";"739 740";"A01";"1";"34";"0";"2";"0";"18";"1";""
"202200041674";"739 741";"B01";"1";"7";"0";"2";"2";"20";"2";""
"202200041675";"739 738";"A01";"1";"7";"8";"2";"2";"14";"2";""
"202200041675";"739 739";"B01";"1";"7";"0";"2";"5";"1";"1";""
"202200041676";"739 736";"A01";"1";"1";"0";"2";"5";"1";"5";""
"202200041676";"739 737";"Z01";"1";"80";"0";"2";"3";"18";"3";""
"202200041677";"739 734";"B01";"0";"7";"0";"2";"2";"0";"0";""
"202200041677";"739 735";"A01";"0";"7";"0";"2";"3";"5";"0";""
"202200041678";"739 732";"A01";"2";"1";"0";"2";"4";"15";"5";""
"202200041678";"739 733";"B01";"1";"7";"0";"2";"1";"1";"1";""
"202200041679";"739 730";"A01";"2";"7";"0";"2";"0";"1";"1";""
"202200041679";"739 731";"B01";"1";"1";"0";"2";"1";"26";"5";""
"202200041680";"739 728";"B01";"1";"34";"0";"2";"4";"2";"1";""
"202200041680";"739 729";"A01";"1";"7";"0";"2";"1";"1";"2";""
"202200041681";"739 725";"B01";"2";"33";"0";"2";"2";"1";"1";""
"202200041681";"739 726";"C01";"2";"33";"0";"2";"2";"1";"1";""
"202200041681";"739 727";"A01";"2";"7";"0";"2";"3";"1";"1";""
"202200041682";"739 723";"A01";"2";"7";"0";"0";"0";"22";"0";""
"202200041682";"739 724";"B01";"2";"1";"0";"0";"0";"1";"5";""
"202200041683";"739 721";"B01";"1";"7";"0";"2";"1";"6";"1";""
"202200041683";"739 722";"A01";"1";"34";"0";"2";"2";"1";"1";""
"202200041684";"739 719";"B01";"2";"7";"0";"2";"8";"15";"1";""
"202200041684";"739 720";"A01";"2";"33";"0";"2";"1";"17";"1";""
"202200041685";"739 717";"B01";"0";"2";"0";"2";"9";"2";"0";""
"202200041685";"739 718";"A01";"0";"7";"1";"0";"3";"9";"1";""
"202200041686";"739 715";"B01";"3";"7";"0";"2";"3";"15";"1";""
"202200041686";"739 716";"A01";"3";"33";"0";"2";"1";"1";"1";""
"202200041687";"739 713";"B01";"1";"2";"0";"2";"3";"1";"1";""
"202200041687";"739 714";"A01";"2";"7";"0";"2";"2";"15";"1";""
"202200041688";"739 712";"A01";"1";"7";"9";"0";"1";"0";"1";""
"202200041689";"739 711";"A01";"2";"7";"0";"1";"3";"1";"0";""
"202200041690";"739 709";"B01";"0";"1";"0";"2";"0";"5";"5";""
"202200041690";"739 710";"A01";"0";"7";"0";"9";"1";"15";"1";""
"202200041691";"739 708";"A01";"1";"10";"0";"1";"2";"2";"1";""
"202200041692";"739 706";"B01";"2";"7";"0";"2";"3";"1";"1";""
"202200041692";"739 707";"A01";"1";"7";"0";"2";"3";"1";"1";""
"202200041693";"739 704";"A01";"2";"7";"6";"2";"3";"2";"1";""
"202200041693";"739 705";"B01";"2";"7";"0";"2";"2";"2";"1";""
"202200041694";"739 703";"A01";"0";"33";"13";"0";"0";"1";"1";""
"202200041695";"739 702";"A01";"2";"7";"9";"0";"0";"0";"1";""
"202200041696";"739 700";"A01";"2";"7";"0";"2";"3";"13";"1";""
"202200041696";"739 701";"B01";"1";"7";"13";"2";"3";"21";"1";""
"202200041697";"739 698";"A01";"1";"7";"0";"2";"8";"19";"1";""
"202200041697";"739 699";"B01";"2";"7";"0";"2";"1";"1";"2";""
"202200041698";"739 697";"A01";"1";"7";"0";"0";"3";"0";"1";""
"202200041699";"739 696";"A01";"2";"7";"0";"1";"1";"1";"1";""
"202200041700";"739 695";"A01";"2";"7";"6";"0";"3";"1";"1";""
"202200041701";"739 693";"B01";"1";"7";"0";"2";"1";"1";"1";""
"202200041701";"739 694";"A01";"2";"7";"0";"2";"1";"13";"1";""
"202200041702";"739 691";"B01";"1";"7";"0";"2";"1";"1";"1";""
"202200041702";"739 692";"A01";"2";"7";"0";"2";"5";"5";"1";""
"202200041703";"739 689";"A01";"2";"33";"0";"2";"1";"17";"1";""
"202200041703";"739 690";"B01";"1";"31";"0";"2";"1";"1";"1";""
"202200041704";"739 687";"A01";"1";"7";"0";"2";"3";"15";"1";""
"202200041704";"739 688";"B01";"1";"33";"0";"2";"2";"17";"1";""
"202200041705";"739 686";"A01";"1";"2";"8";"0";"1";"1";"1";""
"202200041706";"739 684";"B01";"1";"15";"1";"0";"1";"2";"1";""
"202200041706";"739 685";"A01";"1";"7";"0";"0";"4";"0";"1";""
"202200041707";"739 683";"A01";"2";"7";"3";"0";"9";"1";"1";""
"202200041708";"739 681";"A01";"2";"7";"0";"2";"1";"5";"1";""
"202200041708";"739 682";"B01";"1";"15";"0";"2";"1";"1";"1";""
"202200041709";"739 679";"A01";"3";"2";"0";"2";"4";"10";"1";""
"202200041709";"739 680";"B01";"0";"7";"0";"2";"3";"17";"1";""
"202200041710";"739 676";"B01";"2";"7";"0";"2";"8";"1";"2";""
"202200041710";"739 677";"A01";"1";"7";"0";"2";"1";"19";"1";""
"202200041711";"739 675";"A01";"3";"7";"0";"1";"3";"15";"1";""
"202200041712";"739 674";"A01";"3";"7";"0";"1";"2";"2";"1";""
"202200041713";"739 673";"A01";"3";"7";"0";"1";"1";"2";"1";""
"202200041714";"739 672";"A01";"2";"7";"0";"1";"1";"1";"1";""
"202200041715";"739 671";"A01";"3";"7";"13";"0";"2";"1";"1";""
"202200041716";"739 669";"A01";"2";"15";"0";"0";"6";"2";"1";""
"202200041716";"739 670";"B01";"2";"7";"0";"2";"2";"1";"1";""
"202200041717";"739 667";"A01";"3";"21";"0";"2";"1";"9";"1";""
"202200041717";"739 668";"B01";"3";"7";"0";"2";"1";"1";"1";""
"202200041718";"739 665";"B01";"2";"36";"0";"2";"1";"21";"1";""
"202200041718";"739 666";"A01";"1";"7";"0";"2";"8";"15";"1";""