"Num_Acc";"id_vehicule";"num_veh";"senc";"catv";"obs";"obsm";"choc";"manv";"motor";"occutc"
"202200041719";"739 663";"B01";"2";"1";"0";"2";"4";"2";"5";""
"202200041719";"739 664";"A01";"2";"99";"0";"2";"7";"2";"1";""
"202200041720";"739 662";"A01";"2";"7";"0";"1";"1";"1";"1";""
"202200041721";"739 655";"C01";"1";"7";"0";"2";"0";"1";"1";""
"202200041721";"739 656";"B01";"1";"7";"0";"2";"4";"1";"1";""
"202200041721";"739 657";"A01";"1";"7";"0";"2";"4";"1";"1";""
"202200041722";"739 653";"A01";"2";"7";"6";"2";"2";"2";"1";""
"202200041722";"739 654";"B01";"2";"7";"0";"2";"6";"1";"1";""
"202200041723";"739 651";"A01";"2";"7";"6";"2";"3";"2";"1";""
"202200041723";"739 652";"B01";"2";"7";"6";"2";"1";"2";"1";""
"202200041724";"739 647";"C01";"1";"7";"0";"2";"5";"23";"1";""
"202200041724";"739 648";"B01";"1";"7";"0";"2";"7";"23";"1";""
"202200041724";"739 649";"A01";"1";"7";"0";"2";"1";"1";"1";""
"202200041724";"739 650";"Z01";"1";"7";"0";"0";"0";"0";"0";""
"202200041725";"739 645";"A01";"2";"10";"0";"2";"1";"12";"1";""
"202200041725";"739 646";"B01";"2";"7";"0";"2";"4";"2";"1";""
"202200041726";"739 643";"B01";"2";"10";"0";"2";"5";"14";"1";""
"202200041726";"739 644";"A01";"2";"32";"0";"2";"1";"3";"1";""
"202200041727";"739 641";"A01";"2";"7";"0";"2";"3";"2";"1";""
"202200041727";"739 642";"B01";"2";"7";"0";"2";"5";"2";"1";""
"202200041728";"739 640";"A01";"2";"7";"4";"0";"2";"1";"1";""
"202200041729";"739 637";"D01";"2";"0";" -1";" -1";" -1";" -1";" -1";""
"202200041729";"739 638";"C01";"2";"10";"0";"2";"7";"1";"1";""
"202200041729";"739 639";"B01";"2";"7";"0";"2";"1";"1";"1";""
"202200041730";"739 636";"A01";"1";"7";"4";"2";"1";"2";"1";""
"202200041731";"739 634";"A01";"1";"30";"0";"2";"1";"11";"1";""
"202200041731";"739 635";"B01";"1";"7";"0";"2";"1";"1";"1";""
"202200041732";"739 632";"A01";"1";"43";"0";"2";"3";"1";"1";""
"202200041732";"739 633";"B01";"1";"7";"0";"2";"5";"0";"1";""
"202200041733";"739 626";"A01";"1";"10";"0";"2";"1";"1";"1";""
"202200041733";"739 627";"B01";"1";"10";"0";"2";"9";"1";"1";""
"202200041733";"739 628";"C01";"1";"7";"0";"2";"9";"1";"1";""
"202200041733";"739 629";"D01";"1";"7";"0";"2";"9";"1";"1";""
"202200041733";"739 630";"E01";"1";"7";"0";"2";"9";"1";"1";""
"202200041733";"739 631";"F01";"1";"7";"0";"2";"4";"1";"1";""
"202200041734";"739 624";"B01";"1";"7";"0";"1";"2";"1";"1";""
"202200041735";"739 623";"A01";"2";"7";"0";"1";"1";"1";"1";""
"202200041736";"739 622";"A01";"2";"7";"0";"1";"2";"1";"1";""
"202200041737";"739 621";"A01";"1";"7";"0";"1";"1";"26";"1";""
"202200041738";"739 620";"A01";"1";"30";"0";"1";"1";"17";"1";""
"202200041739";"739 618";"A01";"1";"7";"0";"2";"1";"9";"2";""
"202200041739";"739 619";"B01";"1";"33";"0";"2";"1";"9";"1";""
"202200041740";"739 616";"A01";"3";"3";"0";"2";"3";"1";"1";""
"202200041740";"739 617";"B01";"3";"2";"0";"2";"2";"1";"1";""
"202200041741";"739 614";"B01";"1";"50";"0";"2";"1";"1";"3";""
"202200041741";"739 615";"A01";"2";"7";"0";"2";"5";"15";"1";""
"202200041742";"739 612";"B01";"1";"33";"0";"2";"1";"1";"1";""
"202200041742";"739 613";"A01";"1";"7";"0";"2";"6";"10";"1";""
"202200041743";"739 609";"C01";"3";"7";"0";"2";"1";"2";"2";""
"202200041743";"739 610";"B01";"3";"7";"4";"0";"6";"1";"1";""
"202200041743";"739 611";"A01";"3";"7";"4";"2";"1";"17";"1";""
"202200041744";"739 608";"A01";"3";"7";"0";"1";"1";"26";"1";""
"202200041745";"739 606";"A01";"2";"7";"0";"2";"3";"1";"1";""
"202200041745";"739 607";"B01";"1";"2";"0";"2";"4";"1";"1";""
"202200041746";"739 604";"B01";"1";"32";"0";"2";"4";"2";"1";""
"202200041746";"739 605";"A01";"1";"10";"0";"2";"2";"2";"0";""
"202200041747";"739 601";"A01";"1";"10";"1";"2";"3";"2";"1";""
"202200041747";"739 602";"B01";"2";"7";"0";"2";"1";"15";"1";""
"202200041747";"739 603";"C01";"1";"7";"0";"0";"0";"0";"1";""
"202200041748";"739 599";"B01";"1";"2";"0";"2";"9";"1";"1";""
"202200041748";"739 600";"A01";"1";"7";"0";"2";"1";"1";"1";""
"202200041749";"739 597";"A01";"0";"7";"0";"2";"3";"1";"1";""
"202200041749";"739 598";"B01";"0";"7";"0";"2";"3";"1";"1";""
"202200041750";"739 596";"A01";"2";"7";"0";"1";"1";"1";"1";""
"202200041751";"739 595";"A01";"1";"7";"0";"1";"6";"1";"1";""
"202200041752";"739 594";"A01";"1";"2";"1";"0";"2";"14";"3";""
"202200041753";"739 593";"A01";"2";"7";"0";"1";"3";"1";"1";""
"202200041754";"739 590";"B01";"0";"7";"0";"2";"1";"1";"1";""
"202200041754";"739 591";"C01";"0";"7";"0";"2";"1";"16";"1";""
"202200041754";"739 592";"A01";"0";"7";"0";"2";"1";"15";"1";""
"202200041755";"739 589";"A01";"0";"7";"0";"1";"1";"1";"1";""
"202200041756";"739 587";"A01";"2";"7";"0";"2";"8";"1";"1";""
"202200041756";"739 588";"B01";"1";"7";"0";"2";"2";"1";"1";""
"202200041757";"739 585";"B01";"1";"33";"0";"2";"8";"16";"1";""
"202200041757";"739 586";"A01";"1";"7";"0";"2";"2";"15";"1";""
"202200041758";"739 583";"A01";"2";"7";"0";"2";"7";"16";"1";""
"202200041758";"739 584";"B01";"2";"50";"0";"2";"4";"1";"3";""
"202200041759";"739 581";"B01";"2";"37";"0";"2";"2";"1";"1";"7"
"202200041759";"739 582";"A01";"2";"7";"0";"2";"3";"15";"1";""
"202200041760";"739 579";"B01";"1";"7";"0";"2";"4";"2";"2";""
"202200041760";"739 580";"A01";"1";"7";"0";"2";"1";"2";"1";""
"202200041761";"739 578";"A01";"2";"7";"14";"0";"1";"26";"1";""
"202200041762";"739 577";"A01";"1";"1";"0";"1";"3";"15";"5";""
"202200041763";"739 576";"A01";"1";"7";"0";"1";"1";"1";"2";""
"202200041764";"739 575";"A01";"3";"7";"1";"2";"1";"26";"1";""
"202200041765";"739 573";"B01";"1";"16";"0";"2";"1";"1";"1";""
"202200041765";"739 574";"A01";"2";"7";"0";"2";"2";"15";"1";""
"202200041766";"739 571";"B01";"2";"7";"0";"2";"1";"1";"1";""
"202200041766";"739 572";"A01";"1";"7";"0";"2";"2";"15";"1";""
"202200041767";"739 570";"A01";"3";"7";"0";"1";"1";"15";"1";""
"202200041768";"739 569";"A01";"2";"7";"0";"1";"1";"16";"1";""
"202200041769";"739 567";"B01";"1";"7";"0";"2";"4";"1";"1";""
"202200041769";"739 568";"A01";"1";"10";"1";"2";"1";"2";"1";""
"202200041770";"739 566";"A01";"3";"7";"0";"1";"1";"17";"1";""
"202200041771";"739 565";"A01";"2";"7";"0";"1";"2";"15";"1";""
"202200041772";"739 564";"A01";"2";"30";"0";"0";"0";"1";"1";""
"202200041773";"739 562";"A01";"1";"7";"0";"2";"1";"1";"1";""
"202200041773";"739 563";"B01";"1";"7";"0";"2";"4";"1";"1";""
"202200041774";"739 560";"B01";"1";"2";"0";"2";"3";"26";"1";""
"202200041774";"739 561";"A01";"1";"7";"0";"2";"7";"26";"1";""
"202200041775";"739 559";"A01";"1";"7";"0";"1";"3";"26";"1";""
"202200041776";"739 558";"A01";"1";"7";"9";"0";"1";"13";"1";""
"202200041777";"739 556";"B01";"3";"1";"0";"2";"8";"15";"5";""
"202200041777";"739 557";"A01";"3";"7";"0";"2";"3";"13";"1";""
"202200041778";"739 555";"A01";"1";"7";"0";"1";"1";"1";"1";""
"202200041779";"739 553";"B01";"1";"7";"0";"2";"3";"26";"1";""
"202200041779";"739 554";"A01";"1";"33";"0";"2";"1";"2";"1";""
"202200041780";"739 551";"A01";"3";"7";"0";"2";"7";"15";"1";""
"202200041780";"739 552";"B01";"3";"31";"0";"2";"1";"21";"1";""
"202200041781";"739 549";"B01";"2";"10";"0";"2";"7";"1";"1";""
"202200041781";"739 550";"A01";"2";"7";"0";"2";"8";"10";"1";""
"202200041782";"739 547";"B01";"2";"14";"0";"2";"3";"1";"1";""
"202200041782";"739 548";"A01";"2";"30";"0";"2";"3";"19";"1";""
"202200041783";"739 545";"Z01";"1";"7";"0";"2";"1";"2";"1";""
"202200041783";"739 546";"A01";"1";"10";"0";"2";"4";"1";"1";""
"202200041784";"739 543";"A01";"2";"7";"0";"2";"2";"16";"1";""
"202200041784";"739 544";"B01";"1";"1";"0";"2";"1";"1";"5";""
"202200041785";"739 541";"A01";"2";"7";"0";"2";"1";"15";"1";""
"202200041785";"739 542";"B01";"1";"33";"0";"2";"1";"1";"1";""
"202200041786";"739 539";"B01";"1";"14";"0";"2";"2";"1";"1";""
"202200041786";"739 540";"A01";"2";"7";"0";"2";"1";"15";"1";""
"202200041787";"739 538";"A01";"1";"7";"14";"0";"3";"9";"1";""
"202200041788";"739 536";"B01";"2";"7";"0";"2";"1";"1";"1";""
"202200041788";"739 537";"A01";"1";"17";"0";"2";"1";"13";"1";""
"202200041789";"739 533";"A01";"3";"7";"0";"1";"1";"1";"1";""
"202200041790";"739 531";"Z01";"3";"7";"0";"2";"0";"0";"0";""
"202200041790";"739 532";"A01";"1";"31";"0";"2";"7";"1";"1";""
"202200041791";"739 530";"A01";"3";"7";"0";"1";"1";"1";"1";""
"202200041792";"739 527";"B01";"1";"7";"8";"2";"6";"1";"1";""
"202200041792";"739 528";"A01";"1";"7";"0";"2";"8";"1";"0";""
"202200041792";"739 529";"Z01";"1";"0";"0";"2";"2";"9";"0";""
"202200041793";"739 525";"B01";"3";"7";"0";"2";"3";"1";"1";""
"202200041793";"739 526";"A01";"3";"7";"13";"2";"1";"17";"1";""
"202200041794";"739 524";"A01";"2";"7";"6";"0";"1";"26";"1";""
"202200041795";"739 523";"A01";"2";"7";"6";"0";"2";"1";"1";""
"202200041796";"739 522";"Z01";"3";"0";"0";"1";"0";"26";"0";""
"202200041797";"739 521";"A01";"1";"30";"0";"0";"7";"1";"1";""
"202200041798";"739 519";"B01";"1";"2";"0";"2";"1";"26";"1";""
"202200041798";"739 520";"A01";"1";"10";"0";"2";"5";"26";"1";""
"202200041799";"739 517";"A01";"2";"33";"0";"2";"7";"9";"1";""
"202200041799";"739 518";"B01";"2";"7";"0";"2";"3";"1";"1";""
"202200041800";"739 516";"A01";"1";"31";"0";"1";"1";"17";"1";""
"202200041801";"739 514";"B01";"2";"30";"0";"2";"0";"0";"1";""
"202200041801";"739 515";"A01";"1";"7";"0";"2";"3";"15";"1";""
"202200041802";"739 512";"Z01";"1";"17";"0";"2";"2";"12";"0";""
"202200041802";"739 513";"A01";"1";"7";"0";"2";"8";"1";"1";""
"202200041803";"739 510";"A01";"2";"50";"0";"2";"1";"7";"3";""
"202200041803";"739 511";"B01";"2";"7";"0";"2";"8";"15";"1";""
"202200041804";"739 508";"A01";"1";"7";"0";"0";"3";"15";"1";""
"202200041804";"739 509";"B01";"1";"32";"0";"2";"7";"17";"1";""
"202200041805";"739 506";"A01";"1";"1";"0";"2";"6";"13";"5";""
"202200041805";"739 507";"B01";"1";"1";"0";"2";"1";"1";"5";""
"202200041806";"739 504";"A01";"1";"7";"0";"2";"1";"2";"1";""
"202200041806";"739 505";"B01";"1";"7";"0";"2";"4";"23";"1";""
"202200041807";"739 502";"B01";"1";"7";"0";"2";"8";"1";"1";""
"202200041807";"739 503";"A01";"2";"7";"0";"2";"1";"15";"1";""
"202200041808";"739 501";"A01";"1";"33";"0";"1";"2";"1";"1";""
"202200041809";"739 499";"B01";"2";"32";"0";"2";"1";"1";"1";""
"202200041809";"739 500";"A01";"1";"7";"0";"2";"2";"15";"1";""
"202200041810";"739 498";"A01";"2";"37";"0";"1";"2";"7";"2";"1"
"202200041811";"739 497";"A01";"1";"50";"14";"0";"1";"1";"3";""
"202200041812";"739 496";"A01";"3";"7";"0";"1";"1";"1";"1";""
"202200041813";"739 495";"A01";"1";"7";"0";"1";"3";"13";"1";""
"202200041814";"739 493";"B01";"2";"50";"0";"2";"1";"1";"3";""
"202200041814";"739 494";"A01";"1";"7";"0";"2";"3";"15";"1";""
"202200041815";"739 492";"A01";"1";"32";"9";"0";"1";"1";"1";""
"202200041816";"739 490";"A01";"2";"7";"0";"2";"1";"9";"1";""
"202200041816";"739 491";"B01";"2";"50";"9";"0";"8";"26";"3";""
"202200041817";"739 489";"A01";"3";"7";"1";"0";"2";"1";"1";""
"202200041818";"739 487";"B01";"3";"7";"0";"2";"1";"1";"1";""
"202200041818";"739 488";"A01";"3";"10";"0";"2";"4";"2";"1";""
"202200041819";"739 485";"A01";"1";"7";"0";"0";"3";"2";"1";""
"202200041819";"739 486";"B01";"3";"7";"0";"0";"3";"24";"2";""
"202200041820";"739 484";"A01";"1";"7";"0";"1";"1";"15";"1";""
"202200041821";"739 483";"A01";"1";"7";"8";"0";"1";"14";"1";""
"202200041822";"739 482";"A01";"3";"7";"9";"0";"1";"1";"0";""
"202200041823";"739 481";"A01";"2";"10";"0";"1";"1";"1";"0";""
"202200041824";"739 479";"A01";"2";"34";"0";"2";"1";"1";"1";""
"202200041824";"739 480";"B01";"1";"7";"0";"2";"7";"1";"1";""
"202200041825";"739 478";"A01";"3";"7";"0";"1";"4";"24";"1";""
"202200041826";"739 476";"B01";"2";"33";"0";"2";"1";"1";"1";""
"202200041826";"739 477";"A01";"1";"7";"0";"2";"3";"15";"1";""
"202200041827";"739 475";"A01";"1";"34";"13";"0";"0";"1";"1";""
"202200041828";"739 471";"A01";"2";"14";"0";"2";"3";"1";"1";""
"202200041828";"739 472";"C01";"1";"17";"0";"2";"8";"1";"6";""
"202200041828";"739 473";"D01";"1";"17";"0";"2";"8";"1";"1";""
"202200041828";"739 474";"F01";"1";"10";"0";"2";"8";"1";"1";""
"202200041829";"739 469";"A01";"0";"7";"0";"2";"1";"1";"1";""
"202200041829";"739 470";"B01";"0";"7";"0";"2";"2";"1";"1";""
"202200041830";"739 466";"B01";"1";"17";"0";"0";"6";"1";"1";""
"202200041830";"739 467";"A01";"1";"10";"0";"2";"2";"14";"1";""
"202200041831";"739 465";"A01";"3";"7";"0";"1";"3";"15";"1";""
"202200041832";"739 464";"A01";"2";"1";"0";"0";"0";"13";"5";""
"202200041833";"739 462";"B01";"1";"2";"0";"0";"4";"2";"1";""
"202200041833";"739 463";"A01";"1";"7";"0";"2";"2";"2";"1";""
"202200041834";"739 461";"A01";"3";"7";"15";"0";"7";"2";"1";""
"202200041835";"739 460";"A01";"1";"7";"0";"0";"9";"1";"1";""
"202200041836";"739 459";"A01";"2";"7";"2";"0";"5";"14";"1";""
"202200041837";"739 457";"B01";"2";"14";"0";"2";"8";"1";"1";""
"202200041837";"739 458";"A01";"1";"7";"0";"2";"3";"13";"1";""
"202200041838";"739 456";"A01";"2";"7";"13";"0";"1";"1";"1";""
"202200041839";"739 455";"A01";"0";"7";"8";"0";"2";"0";"1";""
"202200041840";"739 453";"B01";"1";"7";"0";"2";"3";"3";"0";""
"202200041840";"739 454";"A01";"2";"7";"0";"2";"2";"1";"1";""
"202200041841";"739 452";"A01";"3";"7";"0";"1";"1";"1";"1";""
"202200041842";"739 451";"A01";"1";"33";"0";"0";"0";"1";"1";""
"202200041843";"739 449";"B01";"1";"7";"0";"2";"6";"1";"1";""
"202200041843";"739 450";"A01";"1";"33";"0";"2";"1";"1";"1";""
"202200041844";"739 448";"A01";"2";"7";"8";"0";"1";"1";"1";""
"202200041845";"739 447";"A01";"2";"7";"2";"0";"8";"1";"1";""
"202200041846";"739 446";"A01";"2";"2";"0";"0";"2";"1";"1";""
"202200041847";"739 445";"A01";"2";"10";"0";"0";"0";"1";"1";""
"202200041848";"739 443";"B01";"2";"7";"0";"2";"3";"15";"1";""
"202200041848";"739 444";"A01";"1";"2";"0";"0";"8";"1";"1";""
"202200041849";"739 441";"B01";"2";"1";"0";"2";"7";"2";"5";""
"202200041849";"739 442";"A01";"2";"7";"0";"9";"3";"1";"1";""
"202200041850";"739 440";"A01";"2";"7";"13";"0";"1";"1";"1";""
"202200041851";"739 438";"B01";"2";"7";"0";"2";"1";"1";"1";""
"202200041851";"739 439";"A01";"1";"7";"0";"2";"1";"13";"1";""
"202200041852";"739 436";"B01";"2";"33";"0";"2";"1";"1";"1";""
"202200041852";"739 437";"A01";"1";"10";"0";"2";"2";"15";"1";""
"202200041853";"739 434";"B01";"0";"7";"0";"2";"1";"0";"1";""
"202200041853";"739 435";"A01";"0";"10";"0";"2";"1";"0";"1";""
"202200041854";"739 432";"B01";"1";"7";"0";"2";"1";"2";"1";""
"202200041854";"739 433";"A01";"1";"7";"0";"0";"4";"2";"1";""
"202200041855";"739 431";"A01";"2";"7";"2";"0";"3";"13";"1";""
"202200041856";"739 428";"A01";"1";"7";"0";"2";"3";"1";"1";""
"202200041856";"739 429";"B01";"2";"7";"0";"2";"3";"1";"1";""
"202200041856";"739 430";"C01";"2";"7";"0";"2";"1";"1";"1";""
"202200041857";"739 427";"A01";"2";"1";"0";"0";"1";"1";"5";""
"202200041858";"739 425";"A01";"1";"7";"0";"1";"2";"1";"1";""
"202200041859";"739 424";"A01";"2";"7";"0";"2";"1";"13";"1";""
"202200041859";"739 426";"B01";"1";"7";"0";"0";"1";"1";"1";""
"202200041860";"739 422";"A01";"1";"7";"0";"9";"1";"9";"1";""
"202200041860";"739 423";"B01";"1";"1";"0";"2";"7";"1";"5";""
"202200041861";"739 420";"A01";"2";"30";"5";"0";"7";"1";"1";""
"202200041862";"739 421";"A01";"3";"2";"12";"0";"8";"13";"1";""
"202200041863";"739 417";"A01";"1";"7";"0";"2";"3";"15";"1";""
"202200041863";"739 419";"B01";"1";"2";"0";"2";"2";"17";"1";""
"202200041864";"739 415";"B01";"2";"30";"0";"2";"7";"1";"1";""
"202200041864";"739 418";"A01";"1";"7";"0";"2";"3";"9";"1";""
"202200041865";"739 414";"B01";"1";"7";"0";"2";"1";"1";"1";""
"202200041865";"739 416";"A01";"1";"10";"0";"2";"7";"1";"1";""
"202200041866";"739 412";"A01";"0";"7";"0";"1";"1";"15";"1";""
"202200041867";"739 409";"A01";"3";"7";"0";"1";"2";"1";"1";""
"202200041868";"739 410";"A01";"1";"7";"3";"0";"3";"11";"1";""
"202200041868";"739 411";"B01";"1";"7";"3";"2";"1";"17";"3";""
"202200041868";"739 413";"C01";"2";"7";"3";"0";"1";"1";"1";""
"202200041869";"739 406";"A01";"1";"7";"0";"2";"2";"15";"1";""
"202200041869";"739 408";"B01";"2";"31";"0";"2";"1";"1";"1";""
"202200041870";"739 403";"A01";"3";"7";"0";"2";"1";"9";"1";""
"202200041870";"739 405";"B01";"3";"30";"1";"2";"4";"0";"1";""
"202200041871";"739 404";"B01";"2";"10";"0";"0";"3";"13";"1";""
"202200041871";"739 407";"A01";"1";"7";"0";"2";"3";"13";"1";""
"202200041872";"739 402";"A01";"0";"7";"0";"1";"3";"2";"1";""
"202200041873";"739 400";"A01";"2";"7";"0";"1";"1";"1";"0";""
"202200041874";"739 399";"A01";"2";"17";"1";"0";"2";"14";"1";""
"202200041874";"739 401";"B01";"2";"15";"0";"0";"6";"24";"1";""
"202200041875";"739 396";"B01";"3";"10";"0";"2";"1";"0";"0";""
"202200041875";"739 398";"A01";"3";"7";"0";"2";"6";"19";"0";""
"202200041876";"739 395";"A01";"1";"7";"0";"2";"4";"23";"1";""
"202200041876";"739 397";"B01";"1";"17";"1";"2";"1";"2";"1";""
"202200041877";"739 393";"A01";"1";"2";"10";"0";"2";"1";"1";""
"202200041878";"739 392";"B01";"1";"50";"0";"2";"4";"0";"2";""
"202200041878";"739 394";"A01";"1";"7";"0";"2";"1";"1";"1";""
"202200041879";"739 390";"A01";"1";"7";"0";"2";"8";"10";"1";""
"202200041879";"739 391";"B01";"1";"2";"0";"2";"1";"1";"1";""
"202200041880";"739 387";"A01";"2";"30";"0";"0";"7";"14";"3";""
"202200041881";"739 388";"A01";"2";"7";"0";"2";"1";"1";"1";""
"202200041881";"739 389";"B01";"1";"7";"0";"2";"1";"1";"1";""
"202200041882";"739 385";"A01";"2";"7";"0";"2";"1";"0";"0";""
"202200041882";"739 386";"B01";"2";"7";"0";"2";"1";"0";"1";""
"202200041883";"739 382";"B01";"1";"10";"0";"1";"3";"1";"1";""
"202200041883";"739 384";"A01";"1";"7";"0";"1";"3";"1";"1";""
"202200041884";"739 381";"B01";"1";"14";"0";"2";"3";"1";"1";""
"202200041884";"739 383";"A01";"2";"7";"0";"2";"2";"1";"1";""
"202200041885";"739 379";"B01";"3";"1";"0";"0";"0";"0";"5";""
"202200041885";"739 380";"A01";"3";"7";"0";"2";"0";"9";"1";""
"202200041886";"739 377";"B01";"2";"2";"0";"2";"1";"1";"1";""
"202200041886";"739 378";"A01";"2";"7";"0";"2";"2";"1";"1";""
"202200041887";"739 376";"A01";"1";"7";"2";"0";"1";"13";"1";""
"202200041888";"739 374";"A01";"1";"7";"0";"2";"2";"1";"1";""
"202200041888";"739 375";"B01";"2";"50";"0";"2";"8";"1";"3";""
"202200041889";"739 373";"A01";"1";"7";"0";"1";"2";"1";"1";""
"202200041890";"739 372";"A01";"2";"30";"0";"0";"0";"1";"1";""
"202200041891";"739 371";"A01";"0";"33";"0";"0";"7";"16";"1";""
"202200041892";"739 370";"A01";"1";"7";"2";"0";"1";"0";"1";""
"202200041893";"739 367";"B01";"1";"7";"0";"2";"3";"1";"1";""
"202200041893";"739 369";"A01";"2";"7";"0";"2";"8";"13";"1";""
"202200041894";"739 366";"A01";"3";"7";"0";"2";"3";"26";"1";""
"202200041894";"739 368";"B01";"2";"7";"0";"2";"7";"1";"1";""
"202200041895";"739 365";"A01";"1";"7";"16";"0";"8";"0";"1";""
"202200041896";"739 364";"A01";"2";"7";"1";"0";"7";"1";"1";""
"202200041897";"739 363";"A01";"1";"7";"13";"0";"1";"17";"1";""
"202200041898";"739 362";"A01";"1";"7";"14";"0";"3";"6";"1";""
"202200041899";"739 360";"B01";"2";"10";"0";"2";"8";"11";"1";""
"202200041899";"739 361";"A01";"2";"7";"2";"2";"7";"17";"1";""
"202200041900";"739 358";"VA01";"2";"7";"0";"2";"3";"16";"1";""
"202200041900";"739 359";"UB01";"3";"50";"0";"2";"7";"19";"3";""
"202200041901";"739 356";"A01";"2";"7";"0";"2";"3";"1";"1";""
"202200041901";"739 357";"B01";"1";"2";"0";"2";"7";"16";"1";""
"202200041902";"739 355";"A01";"2";"7";"12";"0";"7";"15";"1";""
"202200041903";"739 353";"A01";"1";"7";"2";"0";"1";"1";"1";""
"202200041904";"739 352";"A01";"1";"7";"0";"2";"3";"15";"1";""
"202200041904";"739 354";"B01";"2";"38";"0";"2";"1";"1";"1";"1"
"202200041905";"739 350";"A01";"3";"7";"0";"2";"1";"2";"1";""
"202200041905";"739 351";"B01";"3";"7";"0";"2";"4";"2";"1";""
"202200041906";"739 349";"A01";"2";"7";"0";"1";"2";"1";"1";""
"202200041907";"739 348";"A01";"1";"7";"9";"0";"1";"1";"1";""
"202200041908";"739 346";"A01";"1";"99";"0";"0";"8";"21";"3";""
"202200041909";"739 347";"A01";"1";"33";"9";"0";"1";"6";"1";""
"202200041910";"739 344";"A01";"1";"7";"0";"1";"2";"1";"1";""
"202200041911";"739 345";"A01";"2";"7";"0";"1";"3";"15";"1";""
"202200041912";"739 343";"A01";"1";"7";"0";"1";"3";"15";"1";""
"202200041913";"739 341";"A01";"1";"7";"13";"0";"7";"1";"2";""
"202200041914";"739 337";"A01";"2";"7";"0";"2";"3";"15";"1";""
"202200041914";"739 338";"B01";"1";"33";"0";"2";"8";"1";"1";""
"202200041915";"739 336";"A01";"1";"40";"0";"1";"2";"1";"3";""
"202200041916";"739 335";"A01";"2";"7";"6";"0";"2";"1";"1";""
"202200041917";"739 333";"B01";"1";"40";"0";"2";"3";"1";"3";""
"202200041917";"739 334";"A01";"1";"1";"0";"4";"2";"15";"5";""
"202200041918";"739 331";"B01";"1";"32";"0";"2";"1";"1";"1";""
"202200041918";"739 332";"A01";"2";"33";"0";"2";"7";"15";"1";""
"202200041919";"739 329";"B01";"1";"43";"0";"2";"7";"1";"1";""
"202200041919";"739 330";"A01";"1";"7";"0";"2";"8";"9";"1";""
"202200041920";"739 327";"B01";"2";"33";"0";"2";"1";"1";"1";""
"202200041920";"739 328";"A01";"1";"10";"0";"2";"2";"15";"1";""
"202200041921";"739 325";"A01";"2";"7";"0";"2";"3";"1";"1";""
"202200041921";"739 326";"B01";"1";"7";"0";"2";"3";"1";"1";""
"202200041922";"739 324";"A01";"1";"7";"0";"1";"1";"1";"1";""
"202200041923";"739 322";"A01";"1";"7";"0";"2";"7";"15";"1";""
"202200041923";"739 323";"B01";"2";"1";"0";"2";"1";"1";"5";""
"202200041924";"739 321";"B01";"0";"7";"0";"1";"1";"0";"1";""
"202200041925";"739 318";"C01";"1";"7";"14";"0";"1";"23";"1";""
"202200041925";"739 319";"B01";"1";"7";"0";"0";"1";"23";"1";""
"202200041925";"739 320";"A01";"1";"7";"0";"0";"1";"2";"1";""
"202200041926";"739 317";"B01";"3";"34";"0";"9";"1";"26";"1";""
"202200041927";"739 314";"A01";"1";"7";"6";"0";"2";"14";"1";""
"202200041928";"739 312";"B01";"2";"30";"0";"2";"1";"1";"1";""
"202200041928";"739 313";"A01";"2";"7";"0";"2";"4";"4";"1";""
"202200041929";"739 310";"B01";"1";"7";"0";"2";"5";"15";"1";""
"202200041929";"739 311";"A01";"1";"30";"0";"2";"1";"2";"1";""
"202200041930";"739 309";"A01";"1";"7";"0";"1";"3";"16";"1";""
"202200041931";"739 308";"A01";"2";"7";"0";"0";"0";"1";"1";""
"202200041932";"739 307";"A01";"1";"7";"1";"1";"3";"1";"1";""
"202200041933";"739 306";"A01";"1";"7";"0";"1";"2";"1";"1";""
"202200041934";"739 304";"B01";"2";"7";"0";"2";"8";"23";"1";""
"202200041934";"739 305";"A01";"2";"7";"14";"0";"1";"1";"1";""
"202200041935";"739 302";"B01";"3";"34";"0";"2";"1";"1";"1";""
"202200041935";"739 303";"A01";"3";"7";"0";"2";"6";"10";"1";""
"202200041936";"739 300";"B01";"0";"7";"0";"2";"2";"1";"1";""
"202200041936";"739 301";"A01";"0";"34";"0";"2";"3";"18";"1";""
"202200041937";"739 298";"B01";"3";"7";"0";"2";"4";"26";"1";""
"202200041937";"739 299";"A01";"3";"7";"0";"2";"1";"1";"1";""
"202200041938";"739 297";"A01";"0";"7";"0";"1";"2";"1";"1";""
"202200041939";"739 296";"A01";"1";"7";"14";"0";"2";"16";"1";""
"202200041940";"739 293";"C01";"2";"7";"0";"2";"1";"23";"1";""
"202200041940";"739 294";"B01";"1";"30";"0";"2";"1";"2";"1";""
"202200041940";"739 295";"A01";"2";"7";"0";"2";"3";"15";"1";""
"202200041941";"739 291";"B01";"1";"7";"0";"0";"4";"1";"1";""
"202200041941";"739 292";"A01";"1";"7";"0";"2";"1";"2";"3";""
"202200041942";"739 289";"B01";"2";"7";"0";"9";"3";"1";"1";""
"202200041942";"739 290";"A01";"1";"31";"0";"2";"3";"1";"1";""
"202200041943";"739 287";"A01";"2";"7";"0";"2";"1";"15";"1";""
"202200041943";"739 288";"B01";"3";"33";"0";"2";"1";"1";"1";""
"202200041944";"739 285";"B01";"2";"1";"0";"2";"0";"0";"5";""