"Num_Acc";"id_vehicule";"num_veh";"senc";"catv";"obs";"obsm";"choc";"manv";"motor";"occutc"
"202200041944";"739 286";"A01";"2";"7";"0";"9";"7";"2";"1";""
"202200041945";"739 283";"A01";"0";"33";"10";"0";"4";"17";"1";""
"202200041945";"739 284";"B01";"0";"33";"10";"0";"0";"0";"1";""
"202200041946";"739 281";"A01";"2";"7";"0";"2";"1";"1";"1";""
"202200041946";"739 282";"B01";"2";"7";"0";"2";"8";"1";"0";""
"202200041947";"739 279";"B01";"1";"7";"0";"2";"3";"1";"1";""
"202200041947";"739 280";"A01";"2";"1";"0";"2";"1";"5";"5";""
"202200041948";"739 277";"B01";"3";"7";"0";"2";"7";"24";"1";""
"202200041948";"739 278";"A01";"3";"7";"1";"0";"3";"1";"1";""
"202200041949";"739 275";"A01";"1";"50";"7";"2";"1";"17";"3";""
"202200041949";"739 276";"B01";"1";"7";"0";"2";"8";"1";"1";""
"202200041950";"739 273";"A01";"2";"7";"0";"2";"1";"16";"1";""
"202200041950";"739 274";"B01";"1";"1";"0";"2";"1";"15";"5";""
"202200041951";"739 272";"A01";"2";"43";"0";"1";"1";"17";"1";""
"202200041952";"739 270";"B01";"1";"80";"0";"2";"1";"1";"3";""
"202200041952";"739 271";"A01";"1";"7";"0";"2";"7";"22";"1";""
"202200041953";"739 268";"A01";"3";"7";"0";"2";"3";"1";"1";""
"202200041953";"739 269";"Z01";"3";"7";"0";"2";"2";"1";"1";""
"202200041954";"739 266";"A01";"1";"7";"0";"0";"7";"22";"1";""
"202200041954";"739 267";"B01";"1";"50";"0";"2";"1";"1";"3";""
"202200041955";"739 264";"A01";"1";"7";"0";"2";"2";"15";"1";""
"202200041955";"739 265";"B01";"2";"32";"0";"2";"8";"14";"1";""
"202200041956";"739 262";"A01";"1";"7";"0";"2";"1";"15";"1";""
"202200041956";"739 263";"B01";"1";"50";"0";"2";"1";"1";"3";""
"202200041957";"739 260";"A01";"1";"10";"0";"2";"2";"1";"1";""
"202200041957";"739 261";"B01";"1";"7";"0";"2";"3";"16";"2";""
"202200041958";"739 258";"B01";"1";"7";"0";"2";"6";"15";"1";""
"202200041958";"739 259";"A01";"1";"32";"0";"2";"1";"17";"1";""
"202200041959";"739 256";"A01";"1";"7";"0";"2";"1";"2";"1";""
"202200041959";"739 257";"B01";"1";"7";"0";"2";"4";"2";"1";""
"202200041960";"739 255";"A01";"1";"32";"1";"0";"0";"21";"1";""
"202200041961";"739 254";"A01";"3";"60";"14";"0";"1";"21";"5";""
"202200041962";"739 252";"A01";"1";"1";"0";"2";"1";"19";"5";""
"202200041962";"739 253";"B01";"3";"7";"0";"2";"2";"15";"1";""
"202200041963";"739 251";"A01";"2";"7";"1";"0";"2";"14";"1";""
"202200041964";"739 250";"A01";"1";"50";"0";"1";"1";"17";"3";""
"202200041965";"739 248";"A01";"1";"30";"0";"2";"7";"17";"1";""
"202200041965";"739 249";"B01";"2";"1";"0";"2";"1";"1";"5";""
"202200041966";"739 246";"B01";"1";"33";"0";"2";"1";"1";"1";""
"202200041966";"739 247";"A01";"2";"7";"0";"2";"7";"15";"1";""
"202200041967";"739 244";"A01";"1";"34";"0";"2";"1";"17";"1";""
"202200041967";"739 245";"B01";"1";"7";"0";"2";"3";"1";"1";""
"202200041968";"739 242";"A01";"1";"50";"0";"2";"8";"19";"3";""
"202200041968";"739 243";"B01";"1";"7";"0";"2";"1";"1";"2";""
"202200041969";"739 240";"A01";"1";"1";"0";"2";"1";"1";"5";""
"202200041969";"739 241";"B01";"1";"7";"0";"2";"4";"23";"1";""
"202200041970";"739 239";"A01";"1";"34";"0";"1";"2";"19";"1";""
"202200041971";"739 237";"A01";"2";"32";"0";"2";"5";"15";"1";""
"202200041971";"739 238";"B01";"2";"7";"0";"2";"3";"15";"1";""
"202200041972";"739 236";"A01";"3";"0";"0";"1";"3";"15";"0";""
"202200041973";"739 234";"B01";" -1";"32";"0";"2";"1";"1";"1";""
"202200041973";"739 235";"A01";"3";"7";"0";"2";"5";"15";"2";""
"202200041974";"739 232";"A01";"1";"32";"0";"2";"2";"15";"1";""
"202200041974";"739 233";"B01";"1";"7";"0";"2";"6";"11";"1";""
"202200041975";"739 230";"B01";"1";"2";"0";"2";"1";"26";"1";""
"202200041975";"739 231";"A01";"2";"7";"0";"9";"5";"15";"1";""
"202200041976";"739 229";"A01";"0";"7";"8";"0";"1";"9";"1";""
"202200041977";"739 228";"A01";" -1";"7";"1";"0";"1";"1";"1";""
"202200041978";"739 224";"B01";"2";"37";"0";"2";"5";"1";"1";"1"
"202200041978";"739 225";"A01";"1";"7";"0";"2";"1";"1";"1";""
"202200041979";"739 222";"A01";"3";"10";"0";"2";"6";"9";"1";""
"202200041979";"739 223";"B01";"0";"10";"0";"2";"2";"9";"1";""
"202200041980";"739 220";"B01";"1";"7";"0";"2";"8";"15";"1";""
"202200041980";"739 221";"A01";"1";"31";"0";"2";"2";"17";"1";""
"202200041981";"739 219";"A01";"3";"50";"0";"0";"1";"1";"3";""
"202200041982";"739 217";"B01";"3";"32";"0";"2";"7";"1";"1";""
"202200041982";"739 218";"A01";"3";"7";"0";"2";"3";"15";"3";""
"202200041983";"739 216";"A01";"1";"30";"0";"0";"0";"0";"0";""
"202200041984";"739 215";"A01";"1";"30";"0";"1";"3";"0";"1";""
"202200041985";"739 213";"A01";"2";"32";"0";"2";"4";"2";"1";""
"202200041985";"739 214";"Z01";"0";"3";"0";"2";"0";"0";"0";""
"202200041986";"739 212";"A01";"1";"10";"0";"1";"1";"1";"1";""
"202200041987";"739 210";"B01";"2";"7";"0";"2";"1";"1";"1";""
"202200041987";"739 211";"A01";"2";"7";"0";"2";"7";"1";"1";""
"202200041988";"739 209";"A01";"2";"7";"1";"0";"2";"14";"1";""
"202200041989";"739 207";"A01";"1";"7";"0";"2";"8";"9";"1";""
"202200041989";"739 208";"B01";"2";"37";"0";"2";"1";"1";"1";"1"
"202200041990";"739 205";"A01";"1";"7";"0";"2";"3";"1";"1";""
"202200041990";"739 206";"B01";"2";"7";"0";"2";"3";"1";"1";""
"202200041991";"739 203";"B01";"2";"33";"0";"2";"1";"2";"1";""
"202200041991";"739 204";"A01";"2";"7";"0";"0";"6";"9";"1";""
"202200041992";"739 201";"A01";"2";"33";"0";"2";"1";"3";"1";""
"202200041992";"739 202";"B01";"2";"7";"0";"2";"2";"2";"1";""
"202200041993";"739 200";"A01";"1";"7";"2";"0";"1";"14";"1";""
"202200041994";"739 195";"A01";"1";"7";"0";"2";"1";"1";"1";""
"202200041994";"739 196";"B01";"1";"7";"0";"0";"8";"1";"1";""
"202200041995";"739 193";"B01";"1";"34";"0";"2";"1";"5";"1";""
"202200041995";"739 194";"A01";"1";"7";"0";"2";"8";"15";"1";""
"202200041996";"739 192";"A01";"1";"33";"12";"0";"1";"1";"1";""
"202200041997";"739 190";"B01";"2";"10";"0";"2";"1";"1";"1";""
"202200041997";"739 191";"A01";"1";"7";"0";"2";"1";"13";"1";""
"202200041998";"739 189";"A01";"1";"7";"13";"0";"0";"1";"2";""
"202200041999";"739 187";"A01";"2";"7";"0";"2";"1";"13";"1";""
"202200041999";"739 188";"B01";"1";"33";"0";"2";"1";"1";"1";""
"202200042000";"739 184";"A01";"1";"7";"0";"2";"1";"2";"1";""
"202200042000";"739 185";"B01";"1";"7";"0";"2";"5";"2";"1";""
"202200042000";"739 186";"C01";"1";"7";"0";"0";"6";"2";"1";""
"202200042001";"739 182";"A01";"1";"7";"2";"2";"5";"13";"1";""
"202200042001";"739 183";"B01";"2";"7";"2";"2";"1";"1";"1";""
"202200042002";"739 181";"A01";"1";"7";"13";"0";"2";"1";"1";""
"202200042003";"739 180";"A01";"3";"7";"8";"0";"1";"1";"1";""
"202200042004";"739 178";"B01";"1";"7";"0";"2";"4";"11";"1";""
"202200042004";"739 179";"A01";"1";"33";"0";"2";"1";"1";"1";""
"202200042005";"739 176";"B01";"1";"33";"0";"2";"1";"1";"0";""
"202200042005";"739 177";"A01";"2";"37";"0";"2";"6";"15";"1";"1"
"202200042006";"739 174";"B01";"1";"31";"0";"2";"1";"3";"1";""
"202200042006";"739 175";"A01";"1";"7";"0";"2";"3";"11";"1";""
"202200042007";"739 172";"A01";"1";"1";"0";"2";"8";"21";"5";""
"202200042007";"739 173";"B01";"1";"7";"0";"9";"1";"1";"1";""
"202200042008";"739 170";"B01";"2";"10";"0";"2";"4";"2";"1";""
"202200042008";"739 171";"A01";"2";"7";"0";"2";"1";"2";"1";""
"202200042009";"739 167";"B01";"2";"7";"0";"2";"1";"2";"1";""
"202200042009";"739 169";"A01";"2";"7";"4";"0";"8";"1";"1";""
"202200042010";"739 165";"C01";"1";"10";"0";"2";"4";"1";"1";""
"202200042010";"739 166";"B01";"1";"7";"0";"2";"4";"1";"1";""
"202200042010";"739 168";"A01";"1";"7";"0";"2";"1";"1";"1";""
"202200042011";"739 164";"A01";"1";"17";"1";"0";"1";"1";"1";""
"202200042012";"739 163";"A01";"1";"7";"0";"0";"0";"1";"1";""
"202200042013";"739 162";"A01";"1";"7";"0";"1";"2";"15";"1";""
"202200042014";"739 161";"A01";"2";"7";"0";"0";"9";"1";"1";""
"202200042015";"739 157";"C01";"2";"13";"0";"2";"3";"1";"1";""
"202200042015";"739 159";"B01";"2";"15";"0";"2";"3";"1";"1";""
"202200042015";"739 160";"A01";"1";"7";"0";"2";"1";"1";"1";""
"202200042016";"739 155";"C01";"1";"10";"0";"2";"1";"1";"1";""
"202200042016";"739 156";"B01";"1";"10";"0";"2";"4";"1";"1";""
"202200042016";"739 158";"A01";"1";"10";"4";"0";"1";"1";"1";""
"202200042017";"739 152";"Z01";"1";"99";"0";"1";"1";"1";"0";""
"202200042018";"739 153";"A01";"1";"10";"0";"9";"2";"0";"1";""
"202200042018";"739 154";"B01";"1";"1";"0";"2";"1";"0";"5";""
"202200042019";"739 149";"A01";"0";"2";"0";"2";"1";"1";"1";""
"202200042019";"739 150";"B01";"0";"7";"0";"2";"1";"15";"1";""
"202200042020";"739 148";"B01";"2";"7";"0";"2";"6";"1";"1";""
"202200042020";"739 151";"A01";"1";"43";"0";"2";"1";"7";"1";""
"202200042021";"739 147";"A01";"3";"21";"6";"0";"5";"1";"1";""
"202200042022";"739 143";"A01";"0";"7";"0";"2";"2";"9";"1";""
"202200042022";"739 144";"B01";"1";"33";"0";"2";"1";"1";"1";""
"202200042023";"739 141";"A01";"1";"7";"13";"6";"1";"1";"1";""
"202200042024";"739 140";"A01";"2";"31";"12";"0";"2";"14";"1";""
"202200042025";"739 138";"B01";"1";"2";"0";"2";"4";"2";"3";""
"202200042025";"739 139";"A01";"1";"10";"0";"2";"2";"2";"5";""
"202200042026";"739 136";"A01";"2";"7";"0";"2";"1";"2";"1";""
"202200042026";"739 137";"B01";"2";"7";"0";"2";"4";"23";"1";""
"202200042027";"739 134";"A01";"2";"7";"0";"2";"3";"13";"1";""
"202200042027";"739 135";"B01";"1";"7";"0";"2";"3";"1";"1";""
"202200042028";"739 132";"A01";"2";"7";"13";"0";"1";"1";"1";""
"202200042029";"739 131";"Z01";"3";"30";"0";"2";"4";"2";"0";""
"202200042029";"739 133";"A01";"3";"30";"0";"2";"1";"2";"1";""
"202200042030";"739 129";"B01";"2";"32";"0";"2";"3";"15";"1";""
"202200042030";"739 130";"A01";"1";"7";"0";"2";"1";"1";"1";""
"202200042031";"739 127";"Z01";"0";"10";"0";"2";"1";"1";"0";""
"202200042031";"739 128";"A01";"0";"30";"0";"2";"8";"9";"1";""
"202200042032";"739 125";"A01";"1";"7";"0";"2";"1";"10";"1";""
"202200042032";"739 126";"B01";"2";"7";"0";"2";"2";"1";"1";""
"202200042033";"739 123";"B01";"2";"7";"0";"2";"5";"23";"1";""
"202200042033";"739 124";"A01";"2";"7";"12";"2";"1";"21";"1";""
"202200042034";"739 121";"B01";"2";"33";"0";"2";"7";"17";"1";""
"202200042034";"739 122";"A01";"2";"7";"0";"9";"3";"17";"1";""
"202200042035";"739 119";"A01";"2";"7";"0";"2";"3";"15";"1";""
"202200042035";"739 120";"B01";"2";"32";"0";"2";"8";"1";"1";""
"202200042036";"739 116";"A01";"2";"50";"0";"1";"1";"5";"3";""
"202200042037";"739 115";"C01";"2";"7";"0";"2";"3";"23";"1";""
"202200042037";"739 117";"A01";"1";"7";"0";"2";"7";"19";"1";""
"202200042037";"739 118";"B01";"2";"7";"0";"2";"1";"1";"1";""
"202200042038";"739 113";"Z01";"1";"37";"0";"1";"0";"16";"0";"1"
"202200042039";"739 112";"B01";"3";"80";"0";"2";"7";"19";"3";""
"202200042039";"739 114";"A01";"3";"7";"0";"2";"2";"1";"1";""
"202200042040";"739 110";"A01";"1";"7";"15";"0";"1";"1";"1";""
"202200042041";"739 109";"Z01";"2";"1";"0";"1";"1";"1";"0";""
"202200042042";"739 107";"A01";"2";"7";"0";"2";"3";"13";"1";""
"202200042042";"739 108";"B01";"1";"7";"0";"2";"3";"1";"1";""
"202200042043";"739 106";"A01";"1";"7";"2";"0";"1";"13";"1";""
"202200042044";"739 103";"B01";"2";"1";"0";"0";"4";"2";"5";""
"202200042044";"739 104";"A01";"2";"10";"0";"2";"2";"2";"1";""
"202200042045";"739 102";"B01";"2";"7";"0";"2";"1";"1";"1";""
"202200042045";"739 105";"A01";"1";"10";"0";"2";"3";"5";"1";""
"202200042046";"739 099";"A01";"1";"7";"0";"2";"3";"11";"1";""
"202200042046";"739 101";"B01";"1";"30";"0";"2";"1";"15";"1";""
"202200042047";"739 098";"B01";"1";"7";"0";"2";"1";"1";"1";""
"202200042047";"739 100";"A01";"2";"7";"0";"2";"5";"1";"1";""
"202200042048";"739 096";"B01";"1";"2";"0";"2";"1";"1";"1";""
"202200042048";"739 097";"A01";"2";"7";"0";"2";"2";"15";"1";""
"202200042049";"739 094";"A01";"2";"7";"0";"2";"3";"1";"1";""
"202200042049";"739 095";"B01";"1";"7";"0";"2";"3";"1";"1";""
"202200042050";"739 093";"A01";"1";"7";"0";"1";"1";"1";"1";""
"202200042051";"739 092";"A01";"1";"7";"0";"0";"5";"1";"1";""
"202200042052";"739 091";"A01";"2";"0";"0";"1";"0";"16";"0";""
"202200042053";"739 088";"A01";"0";"33";"0";"2";"8";"0";"1";""
"202200042053";"739 090";"B01";"0";"7";"0";"2";"8";"9";"1";""
"202200042054";"739 087";"B01";"1";"7";"0";"2";"2";"21";"1";""
"202200042054";"739 089";"A01";"2";"7";"0";"2";"1";"13";"1";""
"202200042055";"739 085";"B01";"0";"7";"0";"2";"1";"0";"0";""
"202200042055";"739 086";"A01";"0";"7";"0";"2";"4";"2";"1";""
"202200042056";"739 084";"A01";"1";"7";"0";"0";"2";"0";"1";""
"202200042057";"739 083";"A01";"0";"2";"0";"1";"1";"1";"0";""
"202200042058";"739 082";"A01";"1";"33";"13";"0";"7";"14";"1";""
"202200042059";"739 078";"A01";"3";"7";"4";"0";"2";"15";"1";""
"202200042059";"739 081";"B01";"3";"7";"0";"0";"0";"2";"1";""
"202200042060";"739 077";"C01";"2";"10";"0";"2";"1";"1";"1";""
"202200042060";"739 079";"B01";"1";"33";"0";"2";"1";"1";"1";""
"202200042060";"739 080";"A01";"2";"7";"0";"2";"7";"15";"1";""
"202200042061";"739 076";"A01";"2";"1";"0";"0";"1";"1";"5";""
"202200042062";"739 072";"A01";"3";"7";"0";"2";"3";"1";"1";""
"202200042062";"739 074";"B01";"3";"2";"0";"2";"2";"1";"1";""
"202200042063";"739 069";"B01";"2";"50";"0";"2";"1";"26";"3";""
"202200042063";"739 071";"A01";"1";"7";"0";"1";"1";"19";"1";""
"202200042064";"739 068";"B01";"1";"15";"0";"2";"7";"20";"1";""
"202200042064";"739 070";"A01";"1";"7";"0";"2";"1";"1";"1";""
"202200042065";"739 067";"A01";"3";"37";"14";"0";"1";"1";"1";"1"
"202200042066";"739 065";"A01";"2";"7";"0";"1";"5";"1";"1";""
"202200042067";"739 064";"B01";"2";"33";"0";"2";"1";"1";"0";""
"202200042067";"739 066";"A01";"2";"7";"0";"2";"5";"15";"0";""
"202200042068";"739 062";"A01";"3";"7";"0";"1";"4";"4";"1";""
"202200042069";"739 061";"A01";"1";"7";"8";"0";"2";"1";"1";""
"202200042069";"739 063";"B01";"1";"7";"0";"0";"1";"1";"1";""
"202200042070";"739 057";"B01";"1";"7";"0";"2";"1";"5";"1";""
"202200042070";"739 059";"A01";"2";"7";"0";"2";"1";"1";"1";""
"202200042071";"739 058";"B01";"2";"7";"13";"2";"3";"1";"1";""
"202200042071";"739 060";"A01";"2";"7";"13";"2";"7";"14";"1";""
"202200042072";"739 056";"A01";"2";"1";"0";"0";"8";"15";"5";""
"202200042073";"739 054";"B01";"0";"7";"0";"0";"3";"1";"1";""
"202200042073";"739 055";"A01";"0";"7";"0";"2";"5";"12";"1";""
"202200042074";"739 053";"A01";"2";"50";"0";"0";"0";"1";"3";""
"202200042075";"739 051";"A01";"2";"7";"4";"2";"9";"13";"1";""
"202200042075";"739 052";"B01";"1";"7";"0";"2";"1";"1";"1";""
"202200042076";"739 049";"A01";"2";"7";"0";"2";"1";"17";"1";""
"202200042076";"739 050";"B01";"1";"30";"0";"2";"1";"1";"1";""
"202200042077";"739 047";"A01";"3";"7";"0";"1";"3";"15";"1";""
"202200042078";"739 045";"C01";"1";"7";"0";"2";"4";"1";"1";""
"202200042078";"739 046";"B01";"1";"7";"0";"2";"1";"1";"1";""
"202200042078";"739 048";"A01";"2";"7";"0";"2";"1";"26";"1";""
"202200042079";"739 041";"B01";"2";"33";"0";"2";"8";"2";"1";""
"202200042079";"739 043";"A01";"2";"7";"0";"2";"1";"9";"1";""
"202200042080";"739 040";"B01";"3";"7";"0";"2";"3";"1";"1";""
"202200042080";"739 042";"A01";"3";"33";"0";"2";"3";"5";"1";""
"202200042081";"739 039";"A01";"3";"33";"0";"0";"7";"9";"1";""
"202200042082";"739 038";"A01";"1";"2";"7";"0";"1";"1";"1";""
"202200042083";"739 036";"A01";"3";"7";"8";"0";"1";"13";"1";""
"202200042084";"739 035";"B01";"1";"7";"13";"2";"3";"1";"1";""
"202200042084";"739 037";"A01";"2";"37";"0";"2";"3";"13";"1";"1"
"202200042085";"739 034";"A01";"1";"7";"8";"0";"9";"1";"1";""
"202200042086";"739 033";"A01";"1";"2";"0";"6";"2";"26";"1";""
"202200042087";"739 032";"A01";"2";"2";"17";"0";"1";"21";"1";""
"202200042088";"739 031";"A01";"2";"7";"13";"0";"6";"0";"1";""
"202200042089";"739 027";"B01";"1";"7";"0";"2";"1";"1";"0";""
"202200042089";"739 030";"A01";"3";"38";"0";"2";"2";"19";"1";"1"
"202200042090";"739 026";"C01";"1";"7";"0";"2";"5";"1";"1";""
"202200042090";"739 028";"B01";"1";"7";"0";"2";"9";"1";"1";""
"202200042090";"739 029";"A01";"1";"7";"0";"2";"1";"1";"1";""
"202200042091";"739 024";"A01";"1";"7";"0";"1";"2";"1";"1";""
"202200042092";"739 022";"B01";"1";"7";"0";"2";"2";"17";"1";""
"202200042092";"739 023";"A01";"1";"1";"0";"2";"1";"15";"5";""
"202200042093";"739 020";"B01";"3";"7";"0";"2";"3";"1";"1";""
"202200042093";"739 021";"A01";"3";"7";"0";"2";"3";"13";"1";""
"202200042094";"739 017";"A01";"2";"7";"0";"2";"8";"9";"1";""
"202200042094";"739 019";"B01";"2";"7";"0";"2";"2";"1";"1";""
"202200042095";"739 016";"A01";"1";"7";"0";"0";"1";"2";"1";""
"202200042095";"739 018";"B01";"1";"7";"0";"0";"4";"1";"1";""
"202200042096";"739 014";"A01";"1";"7";"2";"0";"1";"14";"1";""
"202200042097";"739 013";"A01";"2";"7";"0";"2";"3";"13";"1";""
"202200042097";"739 015";"B01";"1";"10";"0";"2";"3";"1";"1";""
"202200042098";"739 011";"A01";"3";"1";"0";"0";"0";"2";"5";""
"202200042099";"739 008";"B01";"3";"7";"0";"2";"3";"1";"1";""
"202200042099";"739 010";"A01";"0";"7";"0";"2";"3";"13";"1";""
"202200042100";"739 009";"B01";"3";"38";"0";"2";"3";"1";"1";"7"
"202200042100";"739 012";"A01";"3";"7";"0";"2";"3";"1";"1";""
"202200042101";"739 007";"A01";"0";"32";"0";"0";"9";"1";"1";""
"202200042102";"739 005";"A01";"1";"2";"0";"0";"0";"1";"1";""
"202200042103";"739 001";"A01";"2";"7";"13";"0";"9";"14";"1";""
"202200042104";"739 000";"A01";"3";"7";"0";"1";"1";"9";"1";""
"202200042105";"738 999";"A01";"1";"7";"13";"0";"2";"21";"1";""
"202200042106";"738 998";"A01";"2";"7";"0";"2";"3";"2";"1";""
"202200042106";"739 002";"B01";"2";"7";"3";"0";"6";"2";"1";""
"202200042106";"739 003";"C01";"1";"7";"5";"0";"1";"1";"1";""
"202200042106";"739 004";"D01";"1";"7";"0";"0";"1";"1";"1";""
"202200042106";"739 006";"E01";"1";"7";"3";"0";"8";"1";"2";""
"202200042107";"738 997";"A01";"1";"7";"8";"0";"1";"1";"1";""
"202200042108";"738 995";"A01";"2";"7";"13";"0";"1";"0";"1";""
"202200042109";"738 996";"A01";"3";"32";"6";"0";"1";"0";"1";""
"202200042110";"738 994";"A01";"1";"7";"2";"0";"7";"1";"1";""
"202200042111";"738 992";"A01";"2";"7";"0";"2";"1";"13";"1";""
"202200042111";"738 993";"B01";"1";"10";"0";"2";"1";"1";"1";""
"202200042112";"738 991";"A01";"3";"7";"0";"1";"7";"1";"1";""
"202200042113";"738 989";"B01";"2";"7";"0";"2";"3";"15";"1";""
"202200042113";"738 990";"A01";"2";"7";"0";"2";"2";"1";"1";""
"202200042114";"738 987";"A01";"1";"7";"0";"1";"2";"1";"1";""
"202200042115";"738 985";"A01";"1";"7";"0";"1";"0";"26";"1";""
"202200042116";"738 986";"A01";"1";"7";"3";"0";"1";"1";"1";""
"202200042117";"738 984";"A01";"1";"7";"5";"0";"2";"0";"1";""
"202200042118";"738 983";"A01";"2";"13";"15";"0";"1";"14";"1";""
"202200042119";"738 981";"B01";"1";"15";"0";"2";"8";"1";"1";""
"202200042119";"738 982";"A01";"1";"7";"0";"2";"1";"13";"1";""
"202200042120";"738 979";"B01";"2";"7";"0";"2";"7";"15";"1";""
"202200042120";"738 980";"A01";"1";"33";"0";"2";"1";"1";"1";""
"202200042121";"738 978";"A01";"2";"7";"16";"0";"9";"0";"1";""
"202200042122";"738 976";"A01";"2";"7";"8";"0";"1";"0";"1";""
"202200042123";"738 975";"A01";"1";"32";"13";"0";"1";"1";"1";""
"202200042124";"738 974";"A01";"2";"7";"3";"2";"2";"2";"1";""
"202200042124";"738 977";"B01";"2";"7";"0";"0";"6";"1";"1";""
"202200042125";"738 972";"A01";"1";"7";"5";"0";"3";"0";"1";""
"202200042125";"738 973";"B01";"1";"7";"0";"2";"1";"0";"1";""
"202200042126";"738 969";"B01";"2";"1";"0";"2";"1";"1";"0";""
"202200042126";"738 971";"A01";"2";"7";"0";"2";"4";"1";"1";""
"202200042127";"738 965";"A01";"2";"7";"0";"6";"1";"1";"1";""
"202200042127";"738 966";"B01";"2";"7";"0";"2";"1";"2";"1";""
"202200042127";"738 967";"C01";"2";"7";"0";"2";"1";"2";"1";""
"202200042127";"738 968";"D01";"2";"7";"0";"0";"2";"2";"1";""
"202200042127";"738 970";"E01";"2";"7";"0";"2";"0";"2";"1";""
"202200042128";"738 964";"A01";"3";"10";"13";"0";"0";"0";"1";""
"202200042129";"738 962";"A01";"2";"7";"0";"2";"1";"1";"1";""
"202200042129";"738 963";"B01";"3";"7";"0";"2";"8";"15";"1";""
"202200042130";"738 958";"B01";"2";"10";"0";"2";"1";"1";"1";""
"202200042130";"738 961";"A01";"1";"7";"0";"2";"1";"13";"1";""
"202200042131";"738 959";"B01";"1";"7";"0";"2";"1";"1";"1";""
"202200042131";"738 960";"A01";"1";"7";"0";"0";"8";"10";"1";""
"202200042132";"738 956";"B01";"1";"2";"0";"2";"1";"1";"1";""
"202200042132";"738 957";"A01";"2";"7";"0";"0";"7";"15";"1";""
"202200042133";"738 955";"A01";"0";"7";"0";"0";"9";"1";"1";""
"202200042134";"738 953";"B01";"2";"37";"0";"2";"3";"1";"1";"1"
"202200042134";"738 954";"A01";"1";"30";"0";"2";"1";"13";"1";""
"202200042135";"738 950";"B01";"3";"7";"0";"2";"1";"1";"1";""
"202200042135";"738 951";"A01";"3";"7";"14";"2";"8";"6";"1";""
"202200042136";"738 952";"A01";"2";"7";"8";"0";"1";"13";"1";""
"202200042137";"738 949";"A01";"1";"7";"13";"0";"1";"2";"1";""
"202200042138";"738 948";"A01";"2";"7";"17";"0";"8";"1";"1";""
"202200042139";"738 947";"A01";"3";"33";"3";"0";"8";"1";"1";""
"202200042140";"738 945";"B01";"1";"7";"6";"2";"1";"1";"1";""
"202200042140";"738 946";"A01";"2";"7";"6";"2";"6";"1";"1";""
"202200042141";"738 944";"A01";"0";"7";"0";"1";"3";"2";"0";""
"202200042142";"738 941";"A01";"1";"7";"2";"0";"1";"0";"1";""
"202200042143";"738 937";"B01";"2";"7";"0";"2";"1";"13";"1";""
"202200042143";"738 938";"A01";"1";"10";"0";"2";"3";"1";"1";""
"202200042144";"738 936";"A01";"2";"31";"0";"2";"9";"1";"1";""
"202200042144";"738 939";"B01";"1";"7";"0";"0";"1";"1";"1";""
"202200042145";"738 934";"A01";"1";"7";"0";"2";"3";"13";"1";""
"202200042145";"738 935";"B01";"2";"7";"0";"2";"3";"1";"1";""
"202200042146";"738 931";"B01";"1";"1";"0";"2";"7";"1";"5";""
"202200042146";"738 932";"A01";"2";"7";"0";"2";"2";"15";"1";""
"202200042147";"738 930";"B01";"2";"15";"0";"2";"2";"1";"0";""
"202200042147";"738 933";"A01";"0";"7";"0";"2";"3";"19";"1";""
"202200042148";"738 927";"B01";"2";"7";"0";"2";"1";"13";"1";""
"202200042148";"738 929";"A01";"1";"7";"0";"2";"1";"1";"1";""
"202200042149";"738 926";"B01";"1";"7";"0";"2";"2";"21";"1";""
"202200042149";"738 928";"A01";"1";"1";"0";"0";"3";"10";"5";""
"202200042150";"738 924";"A01";"1";"7";"13";"0";"0";"13";"1";""
"202200042150";"738 925";"B01";"1";"7";"0";"0";"0";"5";"1";""
"202200042151";"738 923";"A01";"1";"7";"4";"0";"2";"1";"1";""
"202200042152";"738 919";"C01";"1";"7";"0";"2";"7";"1";"1";""
"202200042152";"738 920";"A01";"1";"7";"1";"0";"9";"26";"1";""
"202200042152";"738 922";"B01";"1";"7";"1";"2";"1";"21";"1";""
"202200042153";"738 921";"A01";"1";"10";"13";"0";"3";"1";"1";""
"202200042154";"738 918";"A01";"1";"7";"4";"0";"1";"1";"1";""
"202200042155";"738 916";"A01";"1";"7";"0";"0";"9";"26";"1";""
"202200042156";"738 915";"A01";"0";"7";"0";"2";"7";"15";"1";""
"202200042156";"738 917";"B01";"0";"7";"0";"2";"1";"2";"1";""
"202200042157";"738 911";"B01";"1";"1";"0";"2";"8";"1";"5";""
"202200042157";"738 913";"A01";"1";"7";"0";"2";"1";"1";"1";""
"202200042158";"738 909";"D01";"1";"7";"0";"2";"0";"23";"1";""
"202200042158";"738 910";"C01";"1";"7";"0";"2";"8";"23";"1";""
"202200042158";"738 912";"B01";"1";"7";"0";"2";"8";"1";"1";""
"202200042158";"738 914";"A01";"1";"10";"0";"2";"7";"21";"1";""
"202200042159";"738 907";"A01";"1";"7";"0";"2";"3";"13";"1";""
"202200042159";"738 908";"B01";"2";"7";"0";"2";"3";"1";"1";""
"202200042160";"738 905";"Z01";"1";"7";"0";"2";"1";"1";"0";""
"202200042160";"738 906";"B01";"1";"7";"0";"2";"4";"1";"1";""
"202200042161";"738 900";"A01";"1";"7";"1";"0";"1";"1";"1";""
"202200042161";"738 901";"B01";"1";"7";"1";"2";"4";"23";"1";""