"Num_Acc";"id_vehicule";"num_veh";"senc";"catv";"obs";"obsm";"choc";"manv";"motor";"occutc"
"202200043019";"737 374";"A01";"2";"7";"6";"0";"3";"1";"1";""
"202200043020";"737 373";"B01";"0";"1";"0";"2";"5";"26";"5";""
"202200043020";"737 375";"A01";"1";"7";"0";"2";"1";"26";"0";""
"202200043021";"737 370";"B01";"2";"7";"3";"2";"3";"11";"1";""
"202200043021";"737 371";"A01";"2";"7";"0";"2";"7";"1";"1";""
"202200043022";"737 372";"A01";"2";"7";"13";"0";"1";"26";"1";""
"202200043023";"737 369";"A01";"1";"7";"13";"0";"9";"13";"1";""
"202200043024";"737 365";"A01";"2";"7";"0";"2";"3";"15";"1";""
"202200043024";"737 366";"B01";"1";"2";"6";"0";"0";"1";"1";""
"202200043025";"737 363";"B01";"2";"7";"0";"2";"7";"1";"1";""
"202200043025";"737 364";"A01";"1";"1";"0";"2";"1";"1";"5";""
"202200043026";"737 360";"B01";"1";"33";"0";"2";"1";"17";"1";""
"202200043026";"737 362";"A01";"1";"33";"0";"2";"4";"17";"1";""
"202200043027";"737 361";"A01";"2";"7";"2";"0";"1";"14";"1";""
"202200043028";"737 357";"A01";"0";"33";"0";"2";"1";"17";"1";""
"202200043028";"737 359";"B01";"0";"33";"0";"2";"1";"21";"1";""
"202200043029";"737 356";"A01";"2";"7";"0";"2";"2";"19";"1";""
"202200043029";"737 358";"B01";"2";"1";"12";"2";"1";"1";"5";""
"202200043030";"737 355";"A01";" -1";"2";"11";"0";"1";"1";"1";""
"202200043031";"737 354";"A01";"0";"10";"0";"1";"4";"4";"1";""
"202200043032";"737 350";"A01";"3";"7";"0";"2";"2";"19";"1";""
"202200043032";"737 351";"D01";"1";"1";"0";"2";"1";"1";"5";""
"202200043032";"737 352";"C01";"1";"1";"0";"2";"1";"1";"5";""
"202200043032";"737 353";"B01";"1";"1";"0";"2";"1";"1";"5";""
"202200043033";"737 349";"A01";"3";"10";"0";"1";"4";"4";"1";""
"202200043034";"737 346";"A01";"2";"7";"0";"2";"1";"1";"3";""
"202200043034";"737 347";"B01";"1";"7";"0";"2";"1";"1";"1";""
"202200043035";"737 344";"B01";"1";"1";"0";"2";"7";"1";"5";""
"202200043035";"737 345";"A01";"1";"7";"0";"2";"1";"1";"1";""
"202200043036";"737 343";"B01";"2";"7";"0";"0";"6";"1";"1";""
"202200043036";"737 348";"A01";"2";"33";"0";"2";"1";"1";"1";""
"202200043037";"737 342";"A01";"1";"7";"13";"0";"2";"21";"1";""
"202200043038";"737 338";"A01";"1";"36";"6";"0";"1";"0";"1";""
"202200043039";"737 339";"B01";"1";"7";"0";"1";"2";"21";"1";""
"202200043039";"737 340";"C01";"1";"7";"0";"2";"7";"21";"1";""
"202200043039";"737 341";"D01";"1";"7";"0";"2";"0";"21";"1";""
"202200043040";"737 334";"B01";"1";"50";"0";"2";"7";"19";"3";""
"202200043040";"737 336";"A01";"1";"7";"0";"2";"1";"1";"1";""
"202200043041";"737 335";"A01";"1";"10";"0";"2";"1";"14";"1";""
"202200043041";"737 337";"B01";"1";"15";"0";"2";"4";"1";"1";""
"202200043042";"737 331";"B01";"1";"7";"0";"2";"1";"26";"1";""
"202200043042";"737 333";"A01";"1";"50";"0";"2";"4";"19";"3";""
"202200043043";"737 332";"A01";"2";"7";"2";"0";"0";"1";"1";""
"202200043044";"737 328";"A01";"1";"33";"4";"2";"3";"1";"1";""
"202200043044";"737 330";"B01";"1";"7";"0";"2";"5";"17";"1";""
"202200043045";"737 326";"B01";"2";"7";"0";"2";"8";"1";"1";""
"202200043045";"737 327";"A01";"1";"7";"0";"2";"8";"13";"1";""
"202200043046";"737 325";"B01";"1";"7";"0";"2";"4";"24";"1";""
"202200043046";"737 329";"A01";"1";"7";"1";"0";"1";"1";"1";""
"202200043047";"737 324";"A01";"1";"7";"3";"0";"2";"14";"1";""
"202200043048";"737 323";"A01";" -1";"7";"0";"1";"3";"1";"1";""
"202200043049";"737 322";"A01";"1";"37";"0";"1";"1";"1";"4";"1"
"202200043050";"737 316";"B01";"1";"7";"0";"2";"4";"23";"1";""
"202200043050";"737 320";"A01";"1";"7";"0";"2";"1";"0";"0";""
"202200043051";"737 315";"D01";"1";"7";"0";"2";"1";"1";"1";""
"202200043051";"737 317";"C01";"2";"10";"0";"2";"1";"13";"1";""
"202200043051";"737 318";"B01";"2";"7";"0";"2";"3";"1";"1";""
"202200043051";"737 321";"A01";"1";"7";"0";"2";"3";"13";"1";""
"202200043052";"737 314";"A01";"2";"10";"0";"2";"3";"3";"1";""
"202200043052";"737 319";"B01";"2";"7";"0";"2";"2";"1";"1";""
"202200043053";"737 311";"B01";"2";"30";"0";"2";"1";"1";"1";""
"202200043053";"737 313";"A01";"1";"7";"0";"2";"5";"1";"1";""
"202200043054";"737 310";"A01";"3";"7";"0";"2";"3";"9";"1";""
"202200043054";"737 312";"B01";"1";"2";"0";"2";"1";"1";"1";""
"202200043055";"737 306";"B01";"1";"7";"9";"2";"4";"1";"1";""
"202200043055";"737 308";"A01";"1";"7";"0";"2";"1";"2";"2";""
"202200043056";"737 304";"B01";"2";"7";"0";"2";"1";"15";"1";""
"202200043056";"737 307";"A01";"1";"7";"0";"2";"1";"1";"1";""
"202200043057";"737 305";"B01";"2";"2";"0";"0";"0";"1";"1";""
"202200043057";"737 309";"A01";"1";"7";"6";"0";"2";"0";"1";""
"202200043058";"737 299";"A01";"2";"7";"0";"2";"2";"15";"1";""
"202200043058";"737 301";"B01";"1";"30";"0";"2";"1";"1";"1";""
"202200043059";"737 298";"B01";"2";"7";"0";"2";"5";"1";"1";""
"202200043059";"737 302";"A01";"2";"2";"0";"2";"1";"1";"1";""
"202200043060";"737 300";"A01";"2";"7";"0";"1";"1";"1";"1";""
"202200043061";"737 295";"A01";"3";"99";"0";"2";"7";"19";"5";""
"202200043061";"737 297";"B01";"0";"7";"0";"2";"8";"1";"1";""
"202200043062";"737 296";"A01";"2";"7";"8";"0";"1";"1";"1";""
"202200043063";"737 293";"A01";"2";"7";"6";"0";"2";"1";"0";""
"202200043064";"737 290";"A01";"1";"7";"0";"2";"1";"2";"1";""
"202200043064";"737 291";"B01";"1";"10";"0";"2";"4";"1";"1";""
"202200043065";"737 288";"B01";"1";"7";"0";"2";"3";"1";"1";""
"202200043065";"737 289";"A01";"2";"7";"0";"2";"1";"5";"1";""
"202200043066";"737 292";"B01";"2";"21";"0";"2";"1";"13";"1";""
"202200043066";"737 294";"A01";"2";"33";"0";"2";"5";"17";"1";""
"202200043067";"737 287";"A01";"1";"7";"0";"9";"1";"14";"1";""
"202200043068";"737 285";"A01";"2";"7";"0";"2";"5";"13";"1";""
"202200043068";"737 286";"B01";"1";"10";"0";"2";"1";"1";"1";""
"202200043069";"737 284";"A01";"0";"7";"2";"0";"2";"1";"1";""
"202200043070";"737 283";"A01";"2";"7";"13";"0";"1";"11";"1";""
"202200043071";"737 275";"A01";"1";"7";"0";"2";"3";"9";"0";""
"202200043071";"737 277";"B01";"1";"30";"0";"2";"2";"1";"1";""
"202200043072";"737 276";"A01";"0";"7";"0";"2";"1";"1";"1";""
"202200043072";"737 278";"B01";"0";"7";"0";"2";"1";"1";"2";""
"202200043073";"737 279";"A01";"2";"33";"6";"0";"3";"1";"1";""
"202200043074";"737 272";"A01";"1";"50";"0";"9";"1";"21";"3";""
"202200043074";"737 274";"B01";"2";"50";"0";"9";"1";"0";"3";""
"202200043075";"737 273";"A01";"2";"33";"0";"0";"8";"1";"1";""
"202200043076";"737 269";"A01";"1";"7";"16";"0";"2";"1";"1";""
"202200043077";"737 268";"B01";"3";"7";"0";"2";"3";"1";"3";""
"202200043077";"737 270";"A01";"3";"7";"0";"2";"7";"13";"1";""
"202200043078";"737 264";"B01";"2";"10";"0";"2";"3";"15";"1";""
"202200043078";"737 267";"A01";"2";"2";"0";"2";"1";"1";"1";""
"202200043079";"737 263";"B01";"2";"7";"0";"2";"1";"13";"1";""
"202200043079";"737 265";"A01";"1";"7";"0";"2";"1";"13";"1";""
"202200043080";"737 266";"B01";"1";"7";"0";"2";"1";"1";"1";""
"202200043080";"737 271";"A01";"2";"14";"0";"2";"1";"13";"1";""
"202200043081";"737 260";"B01";"3";"7";"14";"0";"6";"13";"1";""
"202200043081";"737 262";"A01";"3";"2";"0";"2";"1";"1";"1";""
"202200043082";"737 261";"A01";"3";"7";"0";"1";"2";"1";"1";""
"202200043083";"737 258";"A01";"1";"7";"0";"1";"1";"1";"1";""
"202200043084";"737 257";"A01";"2";"10";"0";"9";"0";"17";"1";""
"202200043085";"737 259";"A01";"2";"7";"4";"0";"1";"17";"1";""
"202200043086";"737 254";"B01";"1";"7";"0";"2";"8";"1";"1";""
"202200043086";"737 256";"A01";"2";"33";"0";"2";"8";"17";"1";""
"202200043087";"737 253";"B01";"1";"38";"0";"2";"1";"1";"1";"1"
"202200043087";"737 255";"A01";"2";"7";"0";"2";"1";"13";"1";""
"202200043088";"737 250";"A01";"0";"7";"2";"0";"1";"0";"1";""
"202200043089";"737 252";"A01";"3";"7";"13";"0";"3";"1";"1";""
"202200043090";"737 249";"A01";"1";"7";"0";"2";"4";"1";"1";""
"202200043090";"737 251";"B01";"2";"10";"0";"2";"1";"1";"1";""
"202200043091";"737 247";"B01";"1";"7";"0";"0";"0";"5";"1";""
"202200043091";"737 248";"A01";"2";"7";"3";"0";"3";"21";"1";""
"202200043092";"737 243";"B01";"2";"7";"0";"2";"6";"1";"1";""
"202200043092";"737 246";"A01";"2";"10";"0";"2";"2";"2";"1";""
"202200043093";"737 242";"B01";"1";"15";"0";"2";"3";"1";"1";""
"202200043093";"737 245";"A01";"2";"14";"0";"2";"3";"13";"1";""
"202200043094";"737 241";"A01";"0";"33";"0";"0";"1";"13";"1";""
"202200043095";"737 237";"B01";"1";"50";"0";"2";"1";"17";"3";""
"202200043095";"737 239";"A01";"1";"7";"0";"2";"8";"15";"1";""
"202200043096";"737 236";"B01";"2";"7";"0";"2";"2";"2";"1";""
"202200043096";"737 238";"A01";"2";"7";"0";"2";"6";"1";"1";""
"202200043097";"737 240";"B01";"2";"7";"0";"2";"1";"2";"1";""
"202200043097";"737 244";"A01";"1";"7";"0";"2";"2";"15";"1";""
"202200043098";"737 234";"A01";"1";"7";"4";"0";"3";"1";"1";""
"202200043099";"737 233";"B01";"1";"43";"0";"2";"7";"1";"1";""
"202200043099";"737 235";"A01";"1";"10";"0";"2";"8";"13";"1";""
"202200043100";"737 231";"A01";"3";"30";"0";"1";"0";"26";"0";""
"202200043101";"737 229";"A01";"1";"32";"0";"2";"1";"17";"1";""
"202200043101";"737 230";"B01";"1";"7";"0";"2";"3";"15";"1";""
"202200043102";"737 226";"C01";"1";"34";"0";"2";"1";"1";"1";""
"202200043102";"737 227";"B01";"1";"7";"0";"2";"3";"11";"1";""
"202200043102";"737 228";"A01";"1";"33";"0";"2";"7";"1";"1";""
"202200043103";"737 224";"A01";"3";"33";"0";"2";"8";"1";"1";""
"202200043103";"737 232";"B01";"3";"10";"0";"2";"1";"1";"1";""
"202200043104";"737 223";"A01";"1";"1";"0";"1";"1";"1";"5";""
"202200043105";"737 221";"A01";"1";"10";"0";"2";"1";"13";"1";""
"202200043105";"737 222";"B01";"1";"7";"0";"2";"1";"1";"1";""
"202200043105";"737 225";"C01";"2";"7";"0";"2";"2";"23";"1";""
"202200043106";"737 218";"A01";"2";"80";"0";"0";"1";"1";"3";""
"202200043107";"737 219";"A01";"1";"7";"13";"0";"9";"14";"1";""
"202200043108";"737 217";"A01";"2";"33";"12";"0";"5";"14";"1";""
"202200043109";"737 216";"A01";"1";"7";"2";"0";"7";"1";"1";""
"202200043110";"737 215";"Z01";"3";"13";"0";"1";"3";"1";"0";""
"202200043111";"737 214";"A01";"2";"33";"0";"0";"8";"1";"1";""
"202200043112";"737 211";"A01";"1";"7";"0";"2";"3";"15";"1";""
"202200043112";"737 212";"B01";"2";"80";"0";"2";"1";"1";"3";""
"202200043113";"737 210";"A01";"1";"7";"13";"0";"9";"14";"1";""
"202200043114";"737 205";"A01";"1";"32";"0";"2";"8";"17";"1";""
"202200043114";"737 207";"B01";"1";"10";"0";"2";"8";"15";"3";""
"202200043115";"737 202";"A01";"1";"7";"0";"1";"4";"20";"2";""
"202200043116";"737 200";"B01";"2";"7";"0";"2";"1";"5";"1";""
"202200043116";"737 201";"A01";"1";"7";"0";"2";"1";"5";"1";""
"202200043117";"737 199";"A01";"1";"7";"0";"1";"2";"1";"3";""
"202200043118";"737 204";"A01";"1";"7";"0";"2";"4";"2";"1";""
"202200043118";"737 208";"B01";"1";"7";"0";"2";"4";"2";"1";""
"202200043118";"737 209";"C01";"1";"7";"0";"2";"4";"2";"1";""
"202200043118";"737 213";"D01";"1";"7";"0";"2";"1";"2";"1";""
"202200043119";"737 198";"A01";"1";"7";"13";"0";"3";"13";"1";""
"202200043120";"737 196";"A01";"1";"7";"6";"0";"1";"1";"1";""
"202200043121";"737 193";"A01";"2";"7";"0";"2";"1";"2";"1";""
"202200043121";"737 194";"B01";"2";"7";"0";"2";"4";"23";"1";""
"202200043121";"737 197";"C01";"2";"7";"0";"2";"4";"23";"2";""
"202200043122";"737 189";"B01";"2";"7";"0";"2";"7";"22";"1";""
"202200043122";"737 191";"A01";"2";"1";"0";"2";"1";"18";"5";""
"202200043123";"737 187";"A01";"1";"7";"0";"2";"1";"1";"1";""
"202200043123";"737 190";"B01";"2";"7";"0";"2";"2";"1";"1";""
"202200043124";"737 183";"A01";"1";"7";"0";"2";"1";"1";"1";""
"202200043124";"737 186";"B01";"1";"7";"0";"2";"9";"5";"1";""
"202200043125";"737 182";"A01";"1";"10";"0";"2";"8";"15";"1";""
"202200043125";"737 185";"B01";"1";"32";"0";"2";"1";"1";"1";""
"202200043126";"737 184";"D01";"1";"7";"0";"2";"1";"2";"1";""
"202200043126";"737 188";"C01";"1";"10";"0";"2";"4";"2";"1";""
"202200043126";"737 192";"B01";"1";"10";"0";"2";"4";"2";"1";""
"202200043126";"737 195";"A01";"1";"10";"0";"2";"4";"2";"1";""
"202200043127";"737 178";"B01";"2";"30";"0";"2";"1";"1";"1";""
"202200043127";"737 181";"A01";"1";"7";"0";"2";"2";"15";"1";""
"202200043128";"737 176";"B01";"2";"7";"0";"2";"1";"26";"1";""
"202200043128";"737 180";"A01";"2";"7";"0";"2";"4";"0";"1";""
"202200043129";"737 177";"B01";"1";"7";"0";"2";"2";"2";"1";""
"202200043129";"737 179";"A01";"1";"7";"0";"2";"6";"2";"1";""
"202200043130";"737 173";"B01";"1";"30";"0";"2";"3";"1";"1";""
"202200043130";"737 175";"A01";"1";"7";"0";"2";"0";"15";"1";""
"202200043131";"737 172";"B01";"2";"7";"0";"2";"8";"1";"1";""
"202200043131";"737 174";"A01";"2";"7";"0";"2";"1";"14";"1";""
"202200043132";"737 171";"A01";"1";"7";"4";"0";"1";"14";"1";""
"202200043133";"737 169";"B01";"1";"7";"0";"2";"5";"16";"1";""
"202200043133";"737 170";"A01";"1";"30";"0";"2";"1";"7";"3";""
"202200043134";"737 166";"B01";"1";"7";"0";"2";"4";"2";"1";""
"202200043134";"737 168";"A01";"1";"7";"0";"2";"9";"1";"1";""
"202200043135";"737 167";"A01";"2";"7";"1";"1";"2";"21";"1";""
"202200043136";"737 164";"A01";"1";"7";"0";"2";"1";"15";"1";""
"202200043136";"737 165";"B01";"1";"1";"0";"2";"0";"1";"5";""
"202200043137";"737 163";"A01";"1";"7";"6";"0";"1";"13";"1";""
"202200043138";"737 161";"A01";"2";"33";"0";"0";"8";"2";"1";""
"202200043139";"737 159";"B01";"2";"30";"0";"2";"8";"1";"1";""
"202200043139";"737 162";"A01";"2";"10";"0";"2";"3";"15";"3";""
"202200043140";"737 157";"A01";"2";"50";"0";"0";"0";"16";"3";""
"202200043141";"737 155";"C01";"2";"7";"0";"2";"4";"1";"1";""
"202200043141";"737 156";"B01";"2";"7";"0";"2";"4";"1";"1";""
"202200043141";"737 158";"A01";"2";"7";"4";"2";"3";"13";"1";""
"202200043142";"737 151";"B01";"2";"33";"0";"2";"2";"3";"1";""
"202200043142";"737 153";"A01";"2";"7";"0";"2";"3";"11";"1";""
"202200043143";"737 152";"A01";"1";"10";"0";"2";"2";"17";"1";""
"202200043143";"737 160";"B01";"1";"15";"0";"2";"6";"1";"1";""
"202200043144";"737 146";"A01";"2";"33";"0";"2";"1";"3";"1";""
"202200043144";"737 148";"B01";"2";"7";"0";"2";"4";"11";"1";""
"202200043145";"737 145";"B01";"1";"32";"0";"2";"2";"1";"1";""
"202200043145";"737 147";"A01";"1";"7";"0";"2";"5";"19";"1";""
"202200043146";"737 140";"A01";"1";"0";"0";"2";"0";"0";"0";""
"202200043146";"737 143";"B01";"1";"7";"0";"2";"6";"2";"1";""
"202200043147";"737 141";"B01";"2";"33";"0";"2";"3";"1";"1";""
"202200043147";"737 144";"A01";"1";"7";"0";"2";"2";"15";"1";""
"202200043148";"737 138";"D01";"1";"7";"0";"2";"1";"1";"1";""
"202200043148";"737 139";"C01";"1";"7";"0";"2";"1";"2";"1";""
"202200043148";"737 142";"B01";"1";"7";"0";"2";"4";"1";"1";""
"202200043148";"737 149";"A01";"1";"7";"3";"0";"1";"13";"1";""
"202200043149";"737 137";"A01";"1";"7";"0";"1";"2";"26";"1";""
"202200043150";"737 135";"A01";"1";"7";"0";"2";"0";"1";"1";""
"202200043150";"737 136";"B01";"1";"33";"0";"2";"0";"0";"1";""
"202200043151";"737 134";"A01";"1";"7";"0";"0";"9";"14";"1";""
"202200043152";"737 132";"A01";"0";"7";"15";"0";"2";"1";"1";""
"202200043153";"737 129";"A01";"1";"30";"0";"1";"1";"26";"3";""
"202200043154";"737 131";"A01";"2";"7";"0";"1";"1";"1";"1";""
"202200043155";"737 125";"A01";"1";"32";"0";"2";"1";"2";"1";""
"202200043155";"737 127";"B01";"1";"10";"0";"2";"4";"23";"1";""
"202200043156";"737 126";"A01";"1";"7";"0";"2";"1";"1";"1";""
"202200043156";"737 128";"B01";"1";"7";"0";"2";"7";"1";"1";""
"202200043156";"737 130";"C01";"1";"10";"0";"2";"6";"1";"1";""
"202200043157";"737 124";"A01";"3";"3";"0";"1";"7";"1";"1";""
"202200043158";"737 122";"B01";"3";"99";"0";"2";"1";"0";"0";""
"202200043158";"737 123";"A01";"0";"7";"0";"0";"2";"1";"1";""
"202200043159";"737 121";"A01";"3";"7";"14";"0";"1";"26";"1";""
"202200043160";"737 118";"A01";"3";"10";"16";"1";"4";"20";"2";""
"202200043161";"737 117";"B01";"2";"7";"0";"2";"3";"11";"1";""
"202200043161";"737 119";"A01";"2";"33";"0";"2";"2";"3";"1";""
"202200043161";"737 120";"C01";"2";"7";"0";"2";"4";"1";"1";""
"202200043162";"737 114";"B01";"3";"7";"0";"2";"1";"1";"1";""
"202200043162";"737 116";"A01";"3";"7";"0";"2";"1";"1";"1";""
"202200043163";"737 112";"B01";"0";"7";"0";"2";"6";"16";"1";""
"202200043163";"737 115";"A01";"0";"7";"0";"2";"1";"1";"1";""
"202200043164";"737 107";"A01";"1";"7";"0";"2";"3";"1";"1";""
"202200043164";"737 108";"OB01";"1";"1";"0";"2";"2";"19";"5";""
"202200043165";"737 106";"A01";"1";"7";"0";"2";"6";"12";"1";""
"202200043165";"737 109";"B01";"1";"7";"0";"2";"3";"0";"1";""
"202200043165";"737 113";"C01";"1";"7";"0";"2";"2";"1";"1";""
"202200043166";"737 110";"B01";"2";"7";"0";"2";"3";"1";"1";""
"202200043166";"737 111";"A01";"1";"10";"0";"2";"3";"13";"1";""
"202200043167";"737 104";"A01";"0";"10";"0";"2";"1";"1";"1";""
"202200043167";"737 105";"B01";"2";"10";"0";"2";"2";"15";"1";""
"202200043168";"737 103";"A01";"1";"7";"4";"0";"3";"1";"1";""
"202200043169";"737 102";"A01";"3";"30";"0";"0";"2";"16";"3";""
"202200043170";"737 101";"A01";"2";"7";"0";"1";"3";"1";"1";""
"202200043171";"737 098";"A01";"1";"7";"0";"2";"2";"26";"1";""
"202200043171";"737 099";"B01";"1";"2";"0";"2";"2";"19";"1";""
"202200043172";"737 097";"A01";"1";"30";"0";"0";"8";"26";"1";""
"202200043173";"737 096";"A01";"1";"10";"1";"0";"2";"21";"1";""
"202200043173";"737 100";"B01";"1";"7";"1";"0";"6";"23";"1";""
"202200043174";"737 095";"A01";"3";"7";"4";"0";"1";"1";"1";""
"202200043175";"737 094";"A01";"1";"3";"1";"0";"2";"1";"1";""
"202200043176";"737 092";"A01";"1";"33";"0";"2";"1";"5";"1";""
"202200043176";"737 093";"B01";"1";"7";"0";"2";"1";"1";"1";""
"202200043177";"737 091";"A01";"2";"7";"0";"1";"2";"2";"1";""
"202200043178";"737 088";"B01";"2";"7";"0";"2";"2";"1";"1";""
"202200043178";"737 090";"A01";"2";"7";"0";"2";"1";"19";"1";""
"202200043179";"737 087";"A01";"2";"33";"0";"2";"1";"3";"1";""
"202200043179";"737 089";"B01";"2";"7";"0";"2";"5";"12";"1";""
"202200043180";"737 086";"A01";"2";"7";"4";"0";"1";"16";"1";""
"202200043181";"737 083";"A01";"1";"7";"0";"1";"2";"1";"1";""
"202200043182";"737 082";"B01";"2";"10";"0";"2";"3";"11";"1";""
"202200043182";"737 084";"A01";"2";"33";"0";"2";"1";"3";"1";""
"202200043183";"737 081";"A01";"2";"7";"0";"2";"3";"1";"1";""
"202200043183";"737 085";"B01";"1";"33";"0";"2";"1";"5";"1";""
"202200043184";"737 078";"B01";"2";"7";"0";"2";"5";"1";"1";""
"202200043184";"737 080";"A01";"2";"33";"0";"2";"3";"18";"1";""
"202200043185";"737 076";"A01";"2";"15";"0";"2";"6";"0";"1";""
"202200043185";"737 077";"B01";"2";"7";"12";"2";"7";"0";"1";""
"202200043186";"737 075";"A01";"1";"7";"0";"2";"3";"5";"1";""
"202200043186";"737 079";"B01";"2";"7";"0";"2";"3";"19";"1";""
"202200043187";"737 072";"A01";"3";"7";"0";"6";"2";"1";"1";""
"202200043188";"737 069";"C01";"1";"7";"0";"2";"2";"21";"1";""
"202200043188";"737 071";"B01";"1";"7";"0";"2";"1";"1";"1";""
"202200043188";"737 074";"A01";"2";"7";"0";"2";"1";"13";"1";""
"202200043189";"737 064";"A01";"1";"2";"0";"2";"7";"11";"1";""
"202200043189";"737 066";"B01";"1";"7";"16";"9";"8";"0";"1";""
"202200043190";"737 063";"A01";"1";"7";"0";"1";"2";"17";"1";""
"202200043191";"737 062";"A01";"2";"7";"0";"2";"6";"9";"1";""
"202200043191";"737 065";"B01";"2";"33";"0";"2";"1";"1";"1";""
"202200043191";"737 067";"C01";"2";"7";"1";"0";"0";"23";"1";""
"202200043192";"737 059";"A01";"2";"7";"0";"2";"7";"15";"1";""
"202200043192";"737 060";"B01";"1";"2";"0";"2";"1";"1";"1";""
"202200043193";"737 058";"B01";"1";"2";"0";"9";"0";"0";"1";""
"202200043193";"737 061";"A01";"1";"10";"0";"2";"2";"9";"1";""
"202200043194";"737 054";"A01";"1";"7";"0";"2";"1";"2";"1";""
"202200043194";"737 055";"B01";"1";"7";"0";"2";"4";"2";"1";""
"202200043195";"737 053";"A01";"3";"7";"0";"2";"3";"1";"1";""
"202200043195";"737 056";"B01";"3";"31";"0";"2";"1";"1";"0";""
"202200043196";"737 051";"A01";"2";"33";"4";"0";"0";"1";"1";""
"202200043197";"737 052";"A01";"2";"34";"0";"2";"1";"26";"1";""
"202200043197";"737 057";"B01";"1";"7";"0";"2";"2";"15";"1";""
"202200043198";"737 050";"A01";"2";"7";"0";"1";"2";"1";"1";""
"202200043199";"737 046";"B01";"1";"7";"0";"2";"3";"1";"1";""
"202200043199";"737 049";"A01";"2";"7";"0";"2";"3";"13";"1";""
"202200043200";"737 045";"B01";"3";"7";"0";"2";"2";"23";"1";""
"202200043200";"737 047";"C01";"1";"7";"0";"2";"8";"1";"1";""
"202200043200";"737 048";"A01";"1";"7";"0";"2";"0";"26";"1";""
"202200043201";"737 043";"A01";"0";"10";"0";"1";"1";"0";"1";""
"202200043202";"737 042";"A01";"3";"2";"0";"2";"1";"1";"1";""
"202200043202";"737 044";"B01";"3";"7";"0";"2";"3";"5";"1";""
"202200043203";"737 041";"A01";"3";"7";"0";"1";"2";"1";"1";""
"202200043204";"737 040";"A01";"1";"2";"8";"0";"1";"0";"1";""
"202200043205";"737 039";"A01";"2";"7";"0";"0";"9";"2";"1";""
"202200043206";"737 037";"A01";"0";"1";"0";"0";"0";"9";"5";""
"202200043207";"737 035";"C01";"0";"7";"0";"2";"8";"23";"1";""
"202200043207";"737 036";"B01";"0";"33";"0";"2";"9";"1";"1";""
"202200043207";"737 038";"A01";"0";"99";"0";"0";"7";"19";"0";""
"202200043208";"737 033";"B01";"3";"33";"0";"2";"1";"1";"1";""
"202200043208";"737 034";"A01";"3";"0";"0";"2";"3";"2";"0";""
"202200043209";"737 032";"A01";"1";"33";"3";"0";"0";"1";"1";""
"202200043210";"737 031";"A01";"2";"32";"5";"0";"1";"14";"1";""
"202200043211";"737 029";"B01";"1";"7";"0";"2";"6";"15";"1";""
"202200043211";"737 030";"A01";"1";"33";"0";"2";"1";"17";"1";""
"202200043212";"737 026";"A01";"2";"7";"0";"9";"3";"9";"1";""
"202200043212";"737 027";"B01";"2";"1";"0";"0";"7";"1";"5";""
"202200043213";"737 025";"B01";"1";"2";"0";"2";"1";"1";"1";""
"202200043213";"737 028";"A01";"1";"7";"0";"2";"2";"26";"1";""
"202200043214";"737 024";"A01";"1";"33";"16";"0";"1";"1";"1";""
"202200043215";"737 022";"A01";"1";"7";"0";"2";"1";"26";"1";""
"202200043215";"737 023";"B01";"1";"7";"0";"2";"1";"1";"1";""
"202200043216";"737 021";"A01";"2";"7";"0";"0";"1";"1";"1";""
"202200043217";"737 019";"B01";"0";"7";"0";"2";"7";"1";"1";""
"202200043217";"737 020";"A01";"1";"7";"0";"2";"1";"1";"1";""
"202200043218";"737 018";"A01";"1";"7";"8";"0";"9";"21";"1";""
"202200043219";"737 016";"A01";"3";"7";"0";"2";"0";"9";"0";""
"202200043219";"737 017";"B01";"3";"7";"15";"0";"1";"1";"1";""
"202200043220";"737 015";"A01";"1";"7";"8";"0";"9";"1";"1";""
"202200043221";"737 012";"A01";"1";"7";"8";"0";"2";"14";"1";""
"202200043222";"737 013";"B01";"2";"7";"0";"2";"6";"1";"1";""
"202200043222";"737 014";"A01";"1";"1";"0";"2";"8";"13";"5";""
"202200043223";"737 010";"A01";"3";"7";"0";"1";"8";"15";"1";""
"202200043224";"737 009";"B01";"2";"7";"0";"2";"3";"1";"1";""
"202200043224";"737 011";"A01";"1";"7";"0";"2";"3";"1";"1";""
"202200043225";"737 008";"A01";"3";"7";"13";"0";"7";"1";"1";""
"202200043226";"737 007";"A01";"1";"7";"1";"0";"2";"21";"3";""
"202200043227";"737 006";"A01";"1";"33";"0";"0";"7";"1";"1";""
"202200043228";"737 003";"A01";"2";"7";"8";"0";"1";"14";"1";""
"202200043229";"737 004";"B01";"1";"14";"0";"2";"2";"1";"1";""
"202200043229";"737 005";"A01";"1";"7";"0";"2";"3";"9";"1";""
"202200043230";"737 001";"A01";"3";"7";"0";"1";"1";"1";"1";""
"202200043231";"737 000";"B01";"2";"7";"0";"0";"3";"1";"1";""
"202200043231";"737 002";"A01";"1";"21";"0";"0";"5";"1";"0";""
"202200043232";"736 996";"C01";"2";"7";"0";"2";"4";"2";"1";""
"202200043232";"736 998";"B01";"2";"7";"0";"2";"4";"1";"1";""
"202200043232";"736 999";"A01";"2";"7";"0";"2";"1";"2";"1";""
"202200043233";"736 995";"B01";"1";"7";"0";"2";"3";"0";"3";""
"202200043233";"736 997";"A01";"2";"7";"0";"2";"1";"0";"1";""