"Num_Acc";"id_vehicule";"num_veh";"senc";"catv";"obs";"obsm";"choc";"manv";"motor";"occutc"
"202200043234";"736 992";"A01";"1";"7";"0";"2";"2";"1";"1";""
"202200043234";"736 994";"B01";"2";"1";"0";"2";"1";"16";"5";""
"202200043235";"736 991";"A01";"1";"7";"0";"2";"8";"15";"1";""
"202200043235";"736 993";"B01";"2";"7";"0";"2";"3";"1";"0";""
"202200043236";"736 989";"A01";"3";"7";"0";"1";"1";"20";"1";""
"202200043237";"736 988";"B01";"1";"7";"2";"0";"1";"19";"1";""
"202200043237";"736 990";"A01";"3";"7";"8";"2";"1";"15";"1";""
"202200043238";"736 987";"A01";"1";"32";"16";"0";"7";"2";"1";""
"202200043239";"736 985";"A01";"1";"2";"8";"0";"1";"0";"1";""
"202200043240";"736 983";"A01";"2";"7";"2";"0";"1";"14";"1";""
"202200043241";"736 981";"A01";"0";"7";"0";"2";"1";"1";"1";""
"202200043241";"736 982";"Z01";"0";"32";"0";"1";"1";"1";"1";""
"202200043242";"736 976";"A01";"0";"34";"0";"0";"0";"0";"1";""
"202200043242";"736 978";"B01";"0";"2";"0";"0";"0";"0";"1";""
"202200043243";"736 975";"B01";"2";"7";"0";"0";"3";"1";"1";""
"202200043243";"736 977";"A01";"1";"7";"0";"2";"3";"13";"1";""
"202200043244";"736 972";"B01";"3";"7";"0";"2";"6";"1";"1";""
"202200043244";"736 974";"A01";"3";"7";"0";"2";"2";"17";"1";""
"202200043245";"736 971";"B01";"1";"7";"0";"2";"1";"1";"1";""
"202200043245";"736 973";"A01";"2";"7";"0";"2";"1";"13";"1";""
"202200043246";"736 969";"A01";"1";"7";"0";"1";"1";"1";"1";""
"202200043247";"736 967";"C01";"2";"1";"0";"0";"4";"1";"5";""
"202200043247";"736 968";"B01";"2";"1";"0";"0";"4";"1";"5";""
"202200043247";"736 970";"A01";"2";"43";"0";"9";"3";"13";"1";""
"202200043248";"736 965";"A01";"2";"7";"0";"2";"3";"9";"1";""
"202200043248";"736 966";"B01";"3";"30";"0";"2";"2";"1";"1";""
"202200043249";"736 964";"A01";"1";"33";"8";"0";"1";"1";"1";""
"202200043250";"736 963";"A01";"2";"33";"0";"0";"0";"1";"1";""
"202200043251";"736 961";"B01";"1";"10";"0";"2";"1";"1";"1";""
"202200043251";"736 962";"A01";"2";"33";"0";"2";"1";"1";"1";""
"202200043252";"736 957";"B01";"2";"33";"0";"2";"1";"1";"1";""
"202200043252";"736 959";"A01";"3";"7";"0";"2";"3";"15";"1";""
"202200043253";"736 958";"Z01";"0";"2";"1";"2";"0";"1";"0";""
"202200043253";"736 960";"A01";"1";"2";"0";"2";"7";"1";"1";""
"202200043254";"736 956";"A01";"2";"7";"6";"0";"1";"1";"1";""
"202200043255";"736 954";"A01";"1";"7";"0";"2";"3";"22";"1";""
"202200043255";"736 955";"B01";"1";"30";"0";"2";"2";"1";"1";""
"202200043256";"736 953";"A01";"2";"7";"0";"0";"1";"1";"1";""
"202200043257";"736 950";"B01";"2";"1";"0";"2";"1";"1";"5";""
"202200043257";"736 952";"A01";"1";"1";"0";"2";"1";"1";"5";""
"202200043258";"736 949";"A01";"1";"7";"0";"2";"3";"9";"1";""
"202200043258";"736 951";"B01";"1";"31";"0";"2";"1";"1";"1";""
"202200043259";"736 944";"A01";"2";"7";"0";"2";"2";"1";"1";""
"202200043259";"736 946";"B01";"2";"10";"0";"2";"3";"1";"1";""
"202200043259";"736 948";"C01";"2";"14";"0";"2";"3";"15";"1";""
"202200043260";"736 943";"B01";"2";"7";"0";"2";"3";"9";"1";""
"202200043260";"736 945";"Z01";"2";"7";"0";"0";"2";"12";"0";""
"202200043260";"736 947";"A01";"2";"7";"3";"2";"8";"1";"2";""
"202200043261";"736 942";"A01";"2";"33";"4";"0";"4";"9";"1";""
"202200043262";"736 940";"B01";"2";"33";"0";"2";"1";"1";"1";""
"202200043262";"736 941";"A01";"2";"80";"12";"2";"1";"5";"3";""
"202200043263";"736 939";"A01";"1";"33";"13";"0";"1";"1";"1";""
"202200043264";"736 936";"A01";"1";"7";"0";"2";"3";"13";"1";""
"202200043264";"736 938";"B01";"2";"17";"0";"2";"3";"1";"1";""
"202200043265";"736 935";"A01";"2";"1";"0";"2";"6";"1";"5";""
"202200043265";"736 937";"B01";"2";"7";"0";"2";"6";"1";"2";""
"202200043266";"736 932";"Z01";"2";"0";"0";"1";"0";"19";"1";""
"202200043267";"736 931";"C01";"2";"7";"0";"9";"3";"1";"1";""
"202200043267";"736 933";"B01";"1";"33";"0";"2";"0";"13";"1";""
"202200043267";"736 934";"A01";"1";"33";"15";"1";"9";"13";"1";""
"202200043268";"736 929";"A01";"2";"30";"0";"2";"2";"9";"3";""
"202200043268";"736 930";"Z01";"2";"7";"0";"2";"1";"1";"0";""
"202200043269";"736 925";"B01";"1";"7";"0";"0";"4";"2";"1";""
"202200043269";"736 928";"A01";"1";"7";"3";"2";"1";"2";"1";""
"202200043270";"736 926";"A01";"2";"7";"1";"2";"1";"1";"1";""
"202200043270";"736 927";"B01";"2";"7";"12";"2";"2";"1";"1";""
"202200043271";"736 924";"A01";"3";"7";"8";"0";"1";"1";"1";""
"202200043272";"736 921";"A01";"2";"7";"0";"0";"9";"13";"1";""
"202200043273";"736 922";"B01";"1";"33";"0";"2";"7";"17";"1";""
"202200043273";"736 923";"A01";"1";"7";"0";"2";"8";"15";"1";""
"202200043274";"736 919";"A01";"3";"10";"0";"0";"4";"15";"0";""
"202200043275";"736 918";"A01";"1";"33";"0";"2";"1";"1";"1";""
"202200043275";"736 920";"B01";"1";"7";"0";"2";"4";"1";"1";""
"202200043276";"736 914";"A01";"1";"7";"0";"2";"5";"4";"1";""
"202200043276";"736 916";"B01";"1";"50";"0";"2";"8";"1";"3";""
"202200043277";"736 915";"A01";"3";"7";"0";"2";"1";"15";"1";""
"202200043277";"736 917";"B01";"0";"30";"0";"0";"1";"1";"6";""
"202200043278";"736 912";"B01";"3";"7";"0";"2";"3";"1";"1";""
"202200043278";"736 913";"A01";"3";"7";"0";"2";"1";"13";"1";""
"202200043279";"736 910";"A01";"1";"10";"0";"2";"1";"1";"1";""
"202200043279";"736 911";"B01";"2";"7";"0";"2";"1";"13";"1";""
"202200043280";"736 908";"B01";"1";"7";"0";"2";"1";"1";"1";""
"202200043280";"736 909";"A01";"1";"7";"0";"2";"4";"1";"1";""
"202200043281";"736 906";"B01";"2";"7";"0";"2";"3";"1";"1";""
"202200043281";"736 907";"A01";"1";"33";"0";"2";"1";"1";"1";""
"202200043282";"736 904";"A01";"2";"7";"0";"2";"3";"15";"1";""
"202200043282";"736 905";"B01";"1";"1";"0";"2";"1";"1";"5";""
"202200043283";"736 902";"A01";"1";"7";"0";"2";"3";"13";"1";""
"202200043283";"736 903";"B01";"2";"7";"0";"2";"3";"1";"1";""
"202200043284";"736 900";"B01";"2";"7";"0";"2";"7";"1";"1";""
"202200043284";"736 901";"A01";"2";"33";"0";"2";"8";"9";"1";""
"202200043285";"736 899";"A01";"1";"33";"8";"0";"1";"17";"1";""
"202200043286";"736 898";"A01";"2";"7";"4";"0";"1";"1";"1";""
"202200043287";"736 895";"A01";"1";"7";"0";"2";"1";"19";"1";""
"202200043287";"736 896";"B01";"2";"7";"0";"2";"1";"1";"1";""
"202200043288";"736 894";"B01";"2";"7";"0";"2";"3";"1";"1";""
"202200043288";"736 897";"A01";"2";"7";"0";"2";"3";"1";"1";""
"202200043289";"736 891";"B01";"1";"7";"0";"2";"1";"1";"1";""
"202200043289";"736 893";"A01";"2";"7";"0";"0";"4";"1";"1";""
"202200043290";"736 892";"A01";"2";"33";"0";"0";"8";"17";"1";""
"202200043291";"736 889";"A01";"1";"7";"6";"0";"1";"1";"1";""
"202200043292";"736 888";"A01";"1";"32";"0";"2";"1";"1";"1";""
"202200043292";"736 890";"B01";"1";"7";"0";"0";"4";"1";"1";""
"202200043293";"736 887";"A01";"2";"7";"0";"0";"0";"1";"1";""
"202200043294";"736 886";"A01";"1";"33";"15";"0";"1";"1";"1";""
"202200043295";"736 885";"A01";"2";"7";"0";"1";"3";"1";"1";""
"202200043296";"736 884";"A01";"1";"7";"8";"0";"1";"13";"2";""
"202200043297";"736 883";"A01";"1";"10";"0";"0";"9";"1";"1";""
"202200043298";"736 882";"A01";"2";"7";"14";"0";"2";"1";"1";""
"202200043299";"736 880";"A01";"2";"7";"0";"0";"2";"1";"1";""
"202200043300";"736 879";"A01";" -1";"7";"0";"2";"1";"2";"1";""
"202200043300";"736 881";"B01";"3";"1";"0";"2";"4";"2";"5";""
"202200043301";"736 878";"A01";"0";"7";"1";"1";"2";"1";"1";""
"202200043302";"736 876";"B01";"2";"2";"0";"0";"1";"26";"1";""
"202200043302";"736 877";"A01";"2";"7";"0";"0";"5";"2";"1";""
"202200043303";"736 875";"A01";"2";"7";"13";"0";"3";"13";"1";""
"202200043304";"736 874";"A01";"1";"7";"15";"0";"1";"1";"1";""
"202200043305";"736 871";"A01";"3";"1";"0";"5";"6";"1";"5";""
"202200043306";"736 870";"A01";"3";"7";"0";"2";"3";"15";"1";""
"202200043306";"736 872";"B01";"0";"1";"0";"2";"1";"21";"5";""
"202200043306";"736 873";"C01";"1";"7";"0";"0";"0";"15";"1";""
"202200043307";"736 868";"A01";"1";"33";"0";"2";"1";"17";"1";""
"202200043307";"736 869";"B01";"1";"7";"0";"0";"3";"15";"1";""
"202200043308";"736 865";"B01";"2";"80";"0";"2";"1";"1";"3";""
"202200043308";"736 867";"A01";"2";"7";"0";"0";"6";"23";"1";""
"202200043309";"736 864";"B01";"2";"33";"0";"2";"2";"1";"1";""
"202200043309";"736 866";"A01";"2";"7";"0";"2";"1";"1";"1";""
"202200043310";"736 863";"A01";"1";"7";"6";"9";"1";"1";"3";""
"202200043311";"736 862";"A01";"0";"33";"8";"0";"1";"1";"1";""
"202200043312";"736 861";"A01";"1";"33";"12";"0";"1";"14";"1";""
"202200043313";"736 860";"A01";"2";"33";"11";"0";"1";"17";"1";""
"202200043314";"736 858";"A01";"1";"7";"13";"0";"7";"1";"1";""
"202200043315";"736 856";"A01";"1";"1";"0";"0";"1";"1";"5";""
"202200043316";"736 854";"C01";"2";"7";"4";"2";"1";"26";"1";""
"202200043316";"736 855";"B01";"2";"7";"0";"2";"1";"1";"1";""
"202200043316";"736 857";"A01";"2";"7";"0";"2";"4";"1";"1";""
"202200043317";"736 853";"A01";"2";"7";"16";"0";"8";"1";"1";""
"202200043318";"736 849";"B01";"1";"10";"0";"2";"1";"1";"1";""
"202200043318";"736 851";"A01";"1";"7";"13";"0";"4";"1";"1";""
"202200043319";"736 847";"D01";"2";"7";"0";"2";"4";"1";"1";""
"202200043319";"736 848";"C01";"2";"7";"0";"2";"4";"1";"1";""
"202200043319";"736 850";"B01";"2";"7";"0";"2";"4";"1";"1";""
"202200043319";"736 852";"A01";"2";"7";"0";"2";"1";"1";"1";""
"202200043320";"736 845";"B01";"0";"7";"15";"2";"1";"1";"1";""
"202200043320";"736 846";"A01";"0";"7";"0";"2";"7";"19";"1";""
"202200043321";"736 843";"A01";"1";"7";"0";"2";"1";"1";"1";""
"202200043321";"736 844";"B01";"1";"10";"0";"2";"4";"1";"1";""
"202200043322";"736 842";"A01";"1";"33";"6";"0";"1";"0";"1";""
"202200043323";"736 840";"A01";"1";"30";"0";"0";"0";"1";"1";""
"202200043324";"736 838";"A01";"2";"7";"0";"2";"1";"1";"1";""
"202200043324";"736 839";"B01";"2";"7";"0";"2";"4";"1";"1";""
"202200043324";"736 841";"C01";"2";"7";"0";"2";"4";"1";"1";""
"202200043325";"736 836";"A01";"2";"7";"0";"2";"1";"1";"1";""
"202200043325";"736 837";"B01";"1";"10";"0";"2";"1";"13";"1";""
"202200043326";"736 834";"A01";"2";"33";"0";"2";"7";"3";"1";""
"202200043326";"736 835";"B01";"2";"7";"0";"2";"8";"11";"3";""
"202200043327";"736 832";"A01";"2";"7";"2";"0";"8";"17";"1";""
"202200043327";"736 833";"B01";"2";"10";"0";"9";"1";"2";"1";""
"202200043328";"736 831";"A01";"1";"7";"3";"0";"0";"1";"1";""
"202200043329";"736 829";"A01";"1";"7";"0";"2";"2";"12";"1";""
"202200043329";"736 830";"B01";"1";"33";"0";"2";"3";"3";"1";""
"202200043330";"736 828";"A01";"1";"7";"7";"0";"1";"14";"1";""
"202200043331";"736 823";"A01";"1";"7";"3";"2";"3";"1";"1";""
"202200043331";"736 825";"B01";"1";"15";"0";"0";"5";"1";"1";""
"202200043332";"736 822";"A01";"2";"7";"0";"2";"9";"11";"1";""
"202200043332";"736 824";"B01";"2";"7";"0";"2";"4";"1";"1";""
"202200043332";"736 826";"C01";"2";"7";"0";"2";"4";"1";"1";""
"202200043332";"736 827";"D01";"2";"7";"6";"2";"8";"1";"1";""
"202200043333";"736 820";"A01";"2";"7";"3";"0";"1";"14";"1";""
"202200043334";"736 817";"A01";"1";"7";"16";"0";"0";"14";"1";""
"202200043335";"736 815";"A01";"1";"7";"0";"2";"2";"12";"1";""
"202200043335";"736 816";"B01";"1";"7";"0";"2";"4";"1";"1";""
"202200043335";"736 818";"C01";"1";"7";"0";"2";"6";"1";"1";""
"202200043336";"736 813";"B01";"1";"33";"0";"2";"3";"19";"1";""
"202200043336";"736 814";"A01";"3";"7";"0";"2";"3";"15";"1";""
"202200043337";"736 809";"C01";"1";"33";"0";"2";"1";"1";"1";""
"202200043337";"736 811";"B01";"1";"7";"0";"2";"1";"1";"1";""
"202200043337";"736 812";"A01";"1";"7";"4";"2";"7";"12";"1";""
"202200043338";"736 808";"B01";"1";"7";"0";"0";"6";"23";"1";""
"202200043338";"736 810";"A01";"1";"7";"0";"2";"2";"17";"1";""
"202200043339";"736 806";"A01";"3";"1";"0";"0";"1";"0";"5";""
"202200043340";"736 805";"A01";"1";"7";"0";"2";"4";"23";"1";""
"202200043340";"736 807";"B01";"1";"10";"1";"0";"1";"1";"1";""
"202200043341";"736 803";"A01";"1";"33";"0";"0";"8";"1";"1";""
"202200043342";"736 802";"A01";"1";"7";"0";"2";"3";"13";"1";""
"202200043342";"736 804";"B01";"2";"7";"5";"2";"3";"1";"1";""
"202200043343";"736 801";"A01";"3";"7";"0";"1";"3";"1";"1";""
"202200043344";"736 800";"A01";"3";"17";"0";"1";"4";"4";"0";""
"202200043345";"736 799";"A01";"2";"10";"0";"1";"3";"15";"1";""
"202200043346";"736 796";"A01";"1";"7";"0";"1";"2";"0";"3";""
"202200043347";"736 793";"B01";"1";"33";"0";"2";"2";"3";"1";""
"202200043347";"736 795";"A01";"1";"7";"0";"2";"3";"0";"1";""
"202200043348";"736 789";"D01";"1";"7";"0";"2";"4";"2";"1";""
"202200043348";"736 791";"C01";"1";"7";"0";"2";"4";"2";"1";""
"202200043348";"736 792";"B01";"1";"7";"0";"2";"4";"2";"1";""
"202200043348";"736 794";"A01";"1";"10";"0";"2";"1";"2";"1";""
"202200043349";"736 788";"A01";"1";"7";"0";"2";"1";"2";"1";""
"202200043349";"736 790";"B01";"1";"7";"0";"2";"4";"24";"1";""
"202200043350";"736 787";"A01";"1";"7";"4";"0";"3";"1";"1";""
"202200043351";"736 785";"B01";"1";"7";"0";"9";"7";"0";"1";""
"202200043351";"736 786";"A01";"1";"34";"0";"2";"1";"18";"1";""
"202200043352";"736 784";"A01";"2";"7";"4";"0";"1";"21";"1";""
"202200043353";"736 781";"A01";"1";"7";"0";"2";"5";"11";"1";""
"202200043353";"736 783";"B01";"1";"33";"0";"2";"1";"3";"1";""
"202200043354";"736 779";"A01";"1";"33";"0";"0";"8";"0";"1";""
"202200043355";"736 774";"B01";"2";"7";"0";"2";"8";"1";"1";""
"202200043355";"736 776";"A01";"2";"7";"4";"2";"1";"17";"1";""
"202200043356";"736 771";"B01";"1";"13";"0";"0";"4";"1";"1";""
"202200043356";"736 773";"A01";"1";"3";"1";"0";"3";"17";"1";""
"202200043357";"736 770";"B01";"1";"7";"0";"2";"4";"2";"1";""
"202200043357";"736 772";"A01";"1";"31";"0";"2";"1";"3";"1";""
"202200043358";"736 768";"A01";"1";"33";"0";"0";"0";"1";"1";""
"202200043359";"736 765";"C01";"1";"10";"0";"2";"4";"2";"1";""
"202200043359";"736 767";"B01";"1";"10";"0";"2";"4";"2";"1";""
"202200043359";"736 769";"A01";"1";"10";"0";"2";"1";"1";"1";""
"202200043360";"736 762";"A01";"2";"10";"3";"2";"4";"1";"1";""
"202200043360";"736 763";"B01";"2";"7";"3";"2";"9";"1";"1";""
"202200043360";"736 764";"C01";"2";"7";"3";"2";"1";"1";"1";""
"202200043360";"736 766";"D01";"2";"7";"3";"2";"1";"1";"1";""
"202200043361";"736 760";"A01";"2";"7";"0";"2";"1";"20";"1";""
"202200043361";"736 761";"Y01";"2";"0";"1";"0";"0";"0";"0";""
"202200043362";"736 757";"A01";"2";"7";"1";"1";"0";"1";"1";""
"202200043363";"736 756";"C01";"2";"7";"0";"2";"4";"2";"1";""
"202200043363";"736 758";"B01";"2";"7";"0";"2";"1";"2";"1";""
"202200043363";"736 759";"A01";"2";"7";"0";"2";"1";"2";"1";""
"202200043364";"736 753";"A01";"1";"7";"2";"0";"5";"12";"1";""
"202200043365";"736 749";"A01";"2";"7";"0";"9";"1";"9";"1";""
"202200043365";"736 750";"B01";"2";"1";"0";"2";"7";"1";"5";""
"202200043366";"736 745";"C01";"1";"10";"0";"2";"1";"21";"1";""
"202200043366";"736 746";"F01";"2";"7";"0";"9";"4";"23";"1";""
"202200043366";"736 747";"G01";"2";"7";"0";"2";"1";"2";"1";""
"202200043366";"736 748";"H01";"2";"7";"0";"2";"1";"2";"1";""
"202200043366";"736 751";"A01";"1";"7";"0";"2";"0";"26";"1";""
"202200043366";"736 752";"B01";"1";"7";"0";"2";"4";"21";"1";""
"202200043366";"736 754";"D01";"1";"7";"0";"2";"1";"26";"1";""
"202200043366";"736 755";"E01";"1";"7";"0";"2";"1";"21";"1";""
"202200043367";"736 742";"B01";"2";"7";"0";"2";"4";"2";"1";""
"202200043367";"736 743";"A01";"2";"7";"0";"2";"1";"2";"1";""
"202200043368";"736 740";"B01";"2";"32";"0";"2";"6";"18";"0";""
"202200043368";"736 741";"A01";"2";"7";"0";"2";"2";"16";"0";""
"202200043369";"736 739";"A01";"1";"7";"4";"0";"1";"2";"1";""
"202200043370";"736 736";"A01";"3";"33";"0";"9";"1";"17";"1";""
"202200043370";"736 738";"B01";"3";"1";"0";"2";"0";"0";"5";""
"202200043371";"736 734";"A01";"2";"7";"0";"2";"6";"19";"1";""
"202200043371";"736 735";"B01";"2";"31";"0";"2";"7";"1";"1";""
"202200043371";"736 737";"C01";"2";"33";"0";"2";"1";"1";"1";""
"202200043372";"736 732";"B01";"1";"15";"0";"2";"0";"0";"0";""
"202200043372";"736 733";"A01";"1";"7";"14";"0";"2";"1";"1";""
"202200043373";"736 729";"A01";"3";"7";"0";"1";"1";"15";"1";""
"202200043374";"736 730";"B01";"0";"1";"0";"2";"1";"1";"5";""
"202200043374";"736 731";"A01";"2";"7";"0";"2";"2";"22";"1";""
"202200043375";"736 728";"A01";"3";"7";"0";"1";"1";"26";"1";""
"202200043376";"736 725";"A01";"3";"7";"0";"2";"8";"15";"2";""
"202200043376";"736 726";"B01";"3";"33";"0";"2";"1";"1";"1";""
"202200043377";"736 724";"A01";"0";"7";"0";"1";"1";"1";"3";""
"202200043378";"736 722";"B01";"2";"31";"0";"2";"1";"1";"1";""
"202200043378";"736 723";"A01";"1";"7";"0";"2";"7";"15";"1";""
"202200043379";"736 721";"A01";"2";"2";"9";"0";"7";"1";"1";""
"202200043380";"736 727";"A01";"3";"7";"0";"1";"1";"1";"1";""
"202200043381";"736 719";"A01";"2";"7";"0";"2";"3";"15";"2";""
"202200043381";"736 720";"B01";"1";"33";"0";"2";"1";"1";"1";""
"202200043382";"736 717";"B01";"1";"30";"0";"2";"1";"1";"1";""
"202200043382";"736 718";"A01";"1";"7";"0";"2";"2";"16";"1";""
"202200043383";"736 715";"A01";"2";"32";"0";"2";"2";"17";"1";""
"202200043383";"736 716";"B01";"2";"10";"0";"2";"3";"15";"1";""
"202200043384";"736 714";"A01";"1";"10";"1";"0";"0";"14";"1";""
"202200043385";"736 712";"A01";"2";"7";"0";"2";"1";"1";"1";""
"202200043385";"736 713";"B01";"1";"7";"0";"2";"5";"15";"1";""
"202200043386";"736 711";"A01";"0";"7";"13";"0";"3";"15";"1";""
"202200043387";"736 709";"A01";"3";"7";"0";"2";"1";"19";"1";""
"202200043387";"736 710";"B01";"1";"43";"0";"2";"1";"1";"1";""
"202200043388";"736 707";"A01";"3";"1";"0";"2";"1";"25";"5";""
"202200043388";"736 708";"B01";"2";"7";"0";"2";"2";"1";"1";""
"202200043389";"736 705";"A01";"1";"10";"0";"2";"1";"1";"1";""
"202200043389";"736 706";"B01";"1";"50";"0";"2";"1";"1";"3";""
"202200043390";"736 703";"B01";"1";"7";"0";"2";"4";"1";"1";""
"202200043390";"736 704";"A01";"1";"1";"0";"2";"1";"0";"5";""
"202200043391";"736 702";"A01";"0";"10";"0";"1";"1";"1";"1";""
"202200043392";"736 700";"A01";"2";"7";"1";"9";"3";"13";"3";""
"202200043392";"736 701";"B01";"2";"7";"0";"2";"0";"22";"1";""
"202200043393";"736 699";"A01";"1";"1";"0";"0";"4";"0";"5";""
"202200043394";"736 698";"Z01";"2";"7";"0";"1";"3";"17";"1";""
"202200043395";"736 695";"A01";"2";"10";"0";"2";"2";"14";"1";""
"202200043395";"736 696";"B01";"2";"7";"0";"2";"3";"1";"1";""
"202200043395";"736 697";"C01";"2";"7";"0";"2";"4";"1";"1";""
"202200043396";"736 693";"A01";"1";"7";"0";"2";"2";"20";"1";""
"202200043396";"736 694";"B01";"1";"33";"0";"2";"1";"18";"1";""
"202200043397";"736 691";"B01";"2";"10";"0";"2";"4";"1";"1";""
"202200043397";"736 692";"A01";"2";"7";"0";"2";"1";"1";"1";""
"202200043398";"736 690";"A01";"3";"7";"0";"1";"4";"20";"1";""
"202200043399";"736 688";"B01";"1";"99";"0";"2";"1";"26";"1";""
"202200043399";"736 689";"A01";"3";"7";"14";"9";"4";"2";"1";""
"202200043400";"736 686";"A01";"0";"7";"0";"2";"2";"15";"1";""
"202200043400";"736 687";"B01";"0";"7";"0";"2";"1";"1";"1";""
"202200043401";"736 684";"B01";"0";"7";"0";"2";"8";"1";"1";""
"202200043401";"736 685";"A01";"0";"7";"0";"2";"1";"1";"1";""
"202200043402";"736 682";"B01";"3";"10";"0";"2";"5";"0";"1";""
"202200043402";"736 683";"A01";"3";"7";"1";"0";"1";"0";"1";""
"202200043403";"736 680";"B01";"3";"7";"0";"2";"3";"23";"1";""
"202200043403";"736 681";"A01";"3";"7";"0";"2";"0";"0";"1";""
"202200043404";"736 678";"A01";"3";"7";"0";"2";"4";"23";"1";""
"202200043404";"736 679";"B01";"3";"1";"1";"0";"1";"1";"5";""
"202200043405";"736 676";"B01";"3";"7";"0";"9";"3";"1";"1";""
"202200043405";"736 677";"A01";"3";"50";"0";"2";"8";"15";"3";""
"202200043406";"736 674";"B01";"3";"7";"0";"2";"1";"0";"1";""
"202200043406";"736 675";"A01";"3";"33";"0";"2";"1";"0";"1";""
"202200043407";"736 673";"A01";"1";"33";"0";"0";"7";"17";"1";""
"202200043408";"736 670";"C01";"1";"7";"0";"2";"4";"1";"1";""
"202200043408";"736 671";"B01";"1";"7";"0";"2";"4";"2";"1";""
"202200043408";"736 672";"A01";"1";"7";"0";"2";"1";"1";"1";""
"202200043409";"736 668";"Z01";"1";"7";"0";"2";"8";"13";"1";""
"202200043409";"736 669";"A01";"1";"31";"0";"2";"7";"3";"1";""
"202200043410";"736 666";"B01";"1";"10";"0";"2";"5";"14";"1";""
"202200043410";"736 667";"A01";"1";"33";"0";"2";"1";"3";"1";""
"202200043411";"736 665";"A01";"1";"7";"0";"2";"1";"1";"1";""
"202200043412";"736 663";"A01";"1";"33";"0";"0";"8";"16";"1";""
"202200043413";"736 662";"B01";"3";"7";"0";"2";"7";"1";"2";""
"202200043413";"736 664";"A01";"2";"32";"0";"2";"8";"12";"1";""
"202200043414";"736 661";"A01";"2";"7";"0";"1";"1";"15";"1";""
"202200043415";"736 658";"A01";"2";"30";"0";"0";"0";"3";"3";""
"202200043416";"736 655";"A01";"3";"33";"0";"1";"8";"1";"1";""
"202200043417";"736 654";"B01";"1";"7";"0";"2";"4";"23";"1";""
"202200043417";"736 656";"C01";"1";"7";"0";"2";"4";"23";"1";""
"202200043417";"736 657";"D01";"1";"7";"0";"2";"4";"2";"1";""
"202200043417";"736 659";"E01";"1";"7";"0";"2";"1";"2";"1";""
"202200043417";"736 660";"Z01";"1";"7";"0";"2";"4";"23";"1";""
"202200043418";"736 653";"A01";"2";"7";"7";"0";"1";"26";"1";""
"202200043419";"736 652";"A01";"2";"33";"14";"0";"8";"26";"1";""
"202200043420";"736 650";"A01";"2";"1";"0";"2";"0";"13";"5";""
"202200043420";"736 651";"B01";"2";"1";"0";"2";"0";"2";"5";""
"202200043421";"736 649";"A01";"2";"30";"1";"0";"0";"21";"1";""
"202200043422";"736 648";"A01";"2";"7";"3";"0";"9";"26";"1";""
"202200043423";"736 646";"A01";"1";"10";"0";"2";"2";"15";"1";""
"202200043423";"736 647";"B01";"2";"33";"0";"2";"1";"1";"1";""
"202200043424";"736 645";"A01";"1";"7";"2";"0";"0";"1";"0";""
"202200043425";"736 644";"A01";"1";"7";"0";"0";"0";"1";"1";""
"202200043426";"736 643";"A01";"1";"7";"0";"9";"3";"1";"1";""
"202200043427";"736 642";"A01";"2";"7";"6";"0";"3";"1";"1";""
"202200043428";"736 640";"A01";"3";"7";"0";"0";"8";"20";"1";""
"202200043428";"736 641";"B01";"3";"32";"0";"2";"1";"1";"1";""
"202200043429";"736 638";"A01";"3";"2";"0";"2";"9";"1";"1";""
"202200043429";"736 639";"B01";"3";"21";"0";"2";"1";"1";"1";""
"202200043430";"736 637";"A01";"3";"2";"0";"0";"0";"0";"1";""
"202200043431";"736 635";"A01";"3";"7";"0";"2";"3";"15";"1";""
"202200043431";"736 636";"B01";"1";"33";"0";"2";"7";"1";"1";""
"202200043432";"736 634";"A01";"1";"7";"13";"0";"2";"14";"1";""
"202200043433";"736 633";"A01";"2";"7";"17";"0";"2";"1";"1";""
"202200043434";"736 630";"A01";"2";"7";"0";"2";"3";"17";"1";""
"202200043434";"736 631";"B01";"1";"7";"0";"2";"3";"1";"1";""
"202200043434";"736 632";"C01";"1";"7";"0";"2";"1";"1";"1";""
"202200043435";"736 628";"B01";"2";"30";"0";"2";"9";"1";"1";""
"202200043435";"736 629";"A01";"2";"7";"0";"2";"8";"1";"1";""
"202200043436";"736 626";"B01";"1";"33";"0";"2";"1";"1";"1";""
"202200043436";"736 627";"A01";"1";"7";"0";"2";"3";"15";"1";""
"202200043437";"736 625";"A01";"1";"33";"6";"0";"1";"26";"0";""
"202200043438";"736 623";"B01";"2";"7";"0";"2";"1";"1";"1";""
"202200043438";"736 624";"A01";"1";"7";"0";"2";"1";"26";"1";""
"202200043439";"736 622";"A01";"1";"1";"0";"0";"1";"5";"5";""
"202200043440";"736 621";"A01";"1";"7";"8";"0";"0";"1";"1";""
"202200043441";"736 620";"A01";"1";"32";"8";"9";"7";"1";"1";""
"202200043442";"736 619";"A01";"1";"7";"2";"0";"0";"2";"1";""
"202200043443";"736 616";"C01";"2";"7";"0";"2";"3";"1";"1";""
"202200043443";"736 617";"B01";"1";"7";"0";"2";"5";"2";"1";""
"202200043443";"736 618";"A01";"1";"30";"0";"2";"3";"18";"1";""
"202200043444";"736 614";"B01";"1";"7";"0";"2";"1";"1";"1";""
"202200043444";"736 615";"A01";"2";"10";"0";"2";"7";"15";"1";""