"Num_Acc";"id_vehicule";"num_veh";"senc";"catv";"obs";"obsm";"choc";"manv";"motor";"occutc"
"202200043445";"736 613";"A01";"1";"7";"2";"0";"3";"1";"1";""
"202200043446";"736 612";"A01";"1";"33";"13";"0";"1";"1";"1";""
"202200043447";"736 610";"B01";"2";"7";"0";"0";"1";"23";"1";""
"202200043447";"736 611";"A01";"1";"7";"3";"2";"1";"16";"1";""
"202200043448";"736 609";"A01";"2";"33";"13";"0";"1";"1";"1";""
"202200043449";"736 607";"A01";"0";"7";"0";"2";"2";"1";"1";""
"202200043449";"736 608";"B01";"3";"1";"0";"2";"1";"0";"5";""
"202200043450";"736 604";"B01";"1";"33";"0";"2";"3";"1";"1";""
"202200043450";"736 605";"A01";"2";"3";"0";"2";"7";"15";"1";""
"202200043451";"736 603";"A01";"2";"36";"6";"0";"1";"1";"1";""
"202200043452";"736 600";"A01";"2";"33";"13";"0";"3";"15";"1";""
"202200043453";"736 599";"A01";"0";"7";"0";"1";"1";"26";"1";""
"202200043454";"736 597";"B01";"2";"7";"0";"2";"1";"21";"1";""
"202200043454";"736 598";"A01";"1";"2";"0";"2";"1";"5";"1";""
"202200043455";"736 596";"A01";"1";"33";"3";"0";"1";"12";"1";""
"202200043456";"736 595";"A01";"1";"7";"10";"0";"7";"14";"1";""
"202200043457";"736 593";"A01";"1";"7";"0";"2";"3";"17";"1";""
"202200043457";"736 594";"B01";"2";"7";"0";"2";"3";"1";"1";""
"202200043458";"736 592";"A01";"1";"7";"0";"1";"2";"1";"1";""
"202200043459";"736 590";"A01";"1";"7";"0";"2";"8";"3";"1";""
"202200043459";"736 591";"B01";"2";"7";"0";"2";"8";"21";"1";""
"202200043460";"736 589";"A01";"0";"7";"0";"1";"0";"0";"1";""
"202200043461";"736 587";"B01";"2";"7";"0";"2";"5";"1";"1";""
"202200043461";"736 588";"A01";"1";"7";"0";"2";"3";"1";"1";""
"202200043462";"736 585";"A01";"1";"7";"0";"2";"3";"15";"1";""
"202200043462";"736 586";"B01";"2";"1";"0";"2";"4";"0";"5";""
"202200043463";"736 584";"A01";"2";"7";"0";"1";"2";"14";"1";""
"202200043464";"736 582";"B01";"2";"7";"0";"2";"2";"1";"1";""
"202200043464";"736 583";"A01";"1";"7";"0";"2";"2";"13";"1";""
"202200043465";"736 580";"A01";"0";"7";"0";"2";"1";"15";"1";""
"202200043465";"736 581";"B01";"0";"7";"0";"2";"1";"1";"1";""
"202200043466";"736 579";"A01";"1";"7";"13";"0";"1";"1";"1";""
"202200043467";"736 578";"A01";"0";"31";"6";"0";"0";"1";"0";""
"202200043468";"736 576";"B01";"1";"7";"0";"2";"8";"1";"1";""
"202200043468";"736 577";"A01";"1";"15";"0";"2";"2";"12";"1";""
"202200043469";"736 575";"A01";"1";"33";"4";"0";"7";"1";"1";""
"202200043470";"736 573";"B01";"2";"7";"0";"2";"4";"2";"1";""
"202200043470";"736 574";"A01";"2";"7";"0";"2";"1";"2";"1";""
"202200043471";"736 572";"A01";"2";"7";"4";"0";"1";"1";"1";""
"202200043472";"736 571";"A01";"1";"7";"3";"0";"1";"1";"1";""
"202200043473";"736 568";"B01";"2";"7";"0";"2";"4";"23";"2";""
"202200043473";"736 569";"A01";"2";"7";"0";"2";"1";"2";"1";""
"202200043473";"736 570";"C01";"2";"10";"0";"2";"4";"23";"1";""
"202200043474";"736 566";"A01";"1";"7";"0";"2";"5";"17";"1";""
"202200043474";"736 567";"B01";"1";"10";"0";"2";"3";"1";"1";""
"202200043475";"736 564";"B01";"2";"14";"0";"2";"2";"0";"1";""
"202200043475";"736 565";"A01";"2";"7";"0";"2";"8";"2";"1";""
"202200043476";"736 561";"C01";"2";"7";"0";"2";"5";"2";"3";""
"202200043476";"736 562";"B01";"2";"34";"1";"2";"1";"3";"1";""
"202200043476";"736 563";"A01";"2";"7";"0";"2";"8";"11";"1";""
"202200043477";"736 559";"B01";"2";"33";"0";"2";"1";"3";"1";""
"202200043477";"736 560";"A01";"2";"7";"0";"2";"7";"12";"1";""
"202200043478";"736 556";"A01";"1";"7";"0";"2";"4";"2";"1";""
"202200043478";"736 557";"B01";"1";"10";"0";"2";"1";"2";"1";""
"202200043478";"736 558";"C01";"1";"10";"0";"2";"1";"2";"1";""
"202200043479";"736 554";"B01";"1";"7";"4";"2";"2";"1";"1";""
"202200043479";"736 555";"A01";"1";"10";"4";"2";"5";"11";"1";""
"202200043480";"736 553";"A01";"2";"33";"3";"0";"8";"0";"1";""
"202200043481";"736 551";"A01";"1";"33";"0";"2";"2";"1";"1";""
"202200043481";"736 552";"B01";"1";"7";"0";"2";"8";"11";"1";""
"202200043482";"736 550";"A01";"1";"7";"6";"0";"8";"1";"1";""
"202200043483";"736 547";"A01";"1";"7";"0";"1";"1";"1";"1";""
"202200043484";"736 545";"B01";"1";"10";"0";"2";"3";"0";"1";""
"202200043484";"736 546";"A01";"1";"7";"0";"2";"3";"0";"1";""
"202200043485";"736 543";"B01";"1";"7";"0";"2";"6";"15";"1";""
"202200043485";"736 544";"A01";"1";"33";"0";"2";"7";"17";"1";""
"202200043486";"736 541";"A01";"2";"30";"14";"2";"7";"23";"1";""
"202200043486";"736 542";"B01";"2";"7";"0";"2";"8";"13";"0";""
"202200043487";"736 540";"A01";"3";"7";"0";"1";"1";"0";"0";""
"202200043488";"736 538";"B01";"1";"1";"0";"2";"3";"16";"5";""
"202200043488";"736 539";"A01";"1";"7";"0";"2";"2";"16";"1";""
"202200043489";"736 536";"A01";"1";"1";"0";"2";"1";"19";"5";""
"202200043489";"736 537";"B01";"2";"7";"0";"2";"7";"1";"1";""
"202200043490";"736 534";"B01";"0";"7";"0";"2";"3";"0";"1";""
"202200043490";"736 535";"A01";"0";"34";"0";"2";"6";"7";"1";""
"202200043491";"736 532";"B01";"2";"7";"0";"2";"1";"23";"1";""
"202200043491";"736 533";"A01";"3";"1";"14";"2";"1";"0";"0";""
"202200043492";"736 530";"A01";"1";"7";"17";"2";"7";"15";"1";""
"202200043492";"736 531";"B01";"1";"7";"0";"2";"0";"0";"1";""
"202200043493";"736 528";"B01";"1";"7";"0";"2";"1";"1";"1";""
"202200043493";"736 529";"A01";"1";"32";"0";"2";"7";"19";"1";""
"202200043494";"736 526";"A01";"1";"7";"0";"2";"2";"1";"1";""
"202200043494";"736 527";"B01";"1";"1";"0";"2";"1";"1";"5";""
"202200043495";"736 525";"A01";"1";"32";"0";"1";"2";"1";"1";""
"202200043496";"736 523";"A01";"2";"7";"0";"2";"2";"15";"1";""
"202200043496";"736 524";"B01";"1";"43";"0";"2";"1";"1";"1";""
"202200043497";"736 522";"A01";"2";"7";"0";"1";"1";"1";"1";""
"202200043498";"736 520";"B01";"1";"7";"0";"2";"4";"23";"3";""
"202200043498";"736 521";"A01";"1";"2";"0";"2";"1";"2";"1";""
"202200043499";"736 518";"B01";"3";"33";"0";"2";"3";"1";"1";""
"202200043499";"736 519";"A01";"3";"7";"0";"2";"1";"2";"1";""
"202200043500";"736 516";"A01";"2";"33";"0";"2";"1";"1";"1";""
"202200043500";"736 517";"B01";"1";"10";"0";"2";"4";"0";"1";""
"202200043501";"736 514";"A01";"2";"7";"0";"2";"3";"1";"1";""
"202200043501";"736 515";"B01";"0";"50";"0";"2";"8";"19";"3";""
"202200043502";"736 512";"B01";"3";"7";"0";"2";"3";"15";"1";""
"202200043502";"736 513";"A01";"3";"33";"0";"2";"2";"17";"1";""
"202200043503";"736 509";"C01";"2";"7";"0";"2";"1";"1";"1";""
"202200043503";"736 510";"B01";"1";"7";"0";"2";"8";"1";"1";""
"202200043503";"736 511";"A01";"1";"30";"0";"2";"7";"17";"1";""
"202200043504";"736 506";"A01";"3";"7";"0";"2";"3";"17";"1";""
"202200043504";"736 507";"B01";"3";"7";"0";"2";"3";"1";"3";""
"202200043504";"736 508";"C01";"3";"7";"0";"2";"6";"1";"1";""
"202200043505";"736 504";"A01";"3";"7";"0";"2";"1";"1";"1";""
"202200043505";"736 505";"B01";"3";"7";"0";"2";"4";"1";"1";""
"202200043506";"736 503";"A01";"3";"7";"14";"0";"1";"14";"1";""
"202200043507";"736 501";"B01";"3";"7";"0";"2";"1";"1";"1";""
"202200043507";"736 502";"A01";"3";"7";"0";"2";"1";"1";"2";""
"202200043508";"736 499";"A01";"0";"10";"0";"2";"7";"9";"1";""
"202200043508";"736 500";"B01";"0";"33";"0";"2";"1";"1";"1";""
"202200043509";"736 497";"B01";"2";"7";"0";"2";"4";"23";"0";""
"202200043509";"736 498";"A01";"2";"7";"0";"2";"1";"9";"0";""
"202200043510";"736 496";"A01";"1";"7";"0";"1";"6";"4";"1";""
"202200043511";"736 495";"A01";"1";"50";"0";"0";"1";"0";"3";""
"202200043512";"736 493";"B01";"1";"50";"0";"2";"1";"26";"3";""
"202200043512";"736 494";"A01";"2";"7";"0";"2";"3";"1";"1";""
"202200043513";"736 492";"Z01";"1";"31";"0";"1";"1";"15";"1";""
"202200043514";"736 490";"A01";"1";"31";"0";"2";"7";"17";"1";""
"202200043514";"736 491";"B01";"1";"7";"0";"2";"3";"0";"2";""
"202200043515";"736 488";"B01";"2";"80";"0";"2";"7";"21";"3";""
"202200043515";"736 489";"A01";"1";"7";"0";"2";"1";"9";"1";""
"202200043516";"736 487";"A01";"1";"80";"0";"0";"8";"16";"3";""
"202200043517";"736 486";"A01";"3";"33";"0";"2";"4";"2";"1";""
"202200043518";"736 484";"B01";"1";"7";"0";"2";"4";"2";"1";""
"202200043518";"736 485";"A01";"1";"30";"0";"2";"1";"26";"1";""
"202200043519";"736 482";"B01";"1";"50";"1";"0";"1";"1";"3";""
"202200043519";"736 483";"A01";"0";"7";"0";"2";"3";"24";"1";""
"202200043520";"736 480";"B01";"2";"1";"0";"2";"1";"19";"5";""
"202200043520";"736 481";"A01";"2";"7";"0";"9";"1";"1";"1";""
"202200043521";"736 478";"A01";"2";"7";"0";"2";"8";"10";"1";""
"202200043521";"736 479";"B01";"2";"33";"0";"2";"1";"2";"1";""
"202200043522";"736 476";"A01";"3";"7";"0";"2";"2";"9";"1";""
"202200043522";"736 477";"B01";"3";"1";"0";"2";"0";"0";"5";""
"202200043523";"736 475";"A01";"2";"7";"0";"1";"3";"26";"1";""
"202200043524";"736 473";"A01";"1";"7";"0";"2";"1";"1";"1";""
"202200043524";"736 474";"B01";"1";"7";"0";"2";"2";"1";"1";""
"202200043525";"736 471";"A01";"1";"2";"0";"2";"1";"7";"1";""
"202200043525";"736 472";"B01";"2";"7";"0";"2";"3";"19";"1";""
"202200043526";"736 469";"B01";"2";"1";"0";"2";"1";"1";"5";""
"202200043526";"736 470";"A01";"1";"7";"0";"2";"3";"15";"1";""
"202200043527";"736 467";"A01";"3";"33";"0";"0";"0";"0";"1";""
"202200043527";"736 468";"B01";"3";"7";"0";"0";"0";"2";"1";""
"202200043528";"736 465";"B01";"1";"1";"1";"0";"4";"1";"5";""
"202200043528";"736 466";"A01";"1";"7";"0";"9";"8";"24";"1";""
"202200043529";"736 463";"A01";"3";"7";"0";"2";"1";"9";"1";""
"202200043529";"736 464";"B01";"3";"2";"0";"2";"1";"1";"1";""
"202200043530";"736 462";"A01";"2";"80";"0";"0";"0";"2";"3";""
"202200043531";"736 461";"A01";"1";"7";"2";"0";"1";"26";"1";""
"202200043532";"736 459";"A01";"1";"7";"0";"2";"3";"26";"1";""
"202200043532";"736 460";"B01";"1";"1";"0";"2";"6";"26";"5";""
"202200043533";"736 457";"A01";"1";"7";"0";"2";"1";"26";"1";""
"202200043533";"736 458";"B01";"1";"7";"0";"2";"7";"26";"2";""
"202200043534";"736 455";"B01";"2";"1";"15";"2";"3";"26";"5";""
"202200043534";"736 456";"A01";"2";"7";"0";"2";"2";"1";"1";""
"202200043535";"736 453";"A01";"1";"99";"0";"2";"3";"21";"0";""
"202200043535";"736 454";"B01";"1";"0";"0";"2";"0";"21";"0";""
"202200043536";"736 451";"B01";"1";"30";"0";"2";"8";"1";"1";""
"202200043536";"736 452";"A01";"2";"7";"0";"2";"7";"17";"1";""
"202200043537";"736 449";"A01";"3";"7";"0";"2";"1";"1";"1";""
"202200043537";"736 450";"B01";"3";"1";"0";"2";"1";"1";"5";""
"202200043538";"736 447";"B01";"1";"1";"0";"2";"5";"1";"5";""
"202200043538";"736 448";"A01";"1";"34";"0";"2";"1";"1";"1";""
"202200043539";"736 445";"A01";"1";"7";"0";"2";"1";"1";"1";""
"202200043539";"736 446";"B01";"1";"7";"0";"2";"4";"1";"1";""
"202200043540";"736 443";"A01";"1";"10";"0";"2";"1";"1";"1";""
"202200043540";"736 444";"B01";"1";"1";"0";"2";"5";"19";"5";""
"202200043541";"736 441";"A01";"2";"1";"14";"0";"1";"1";"5";""
"202200043542";"736 440";"A01";"1";"50";"0";"0";"8";"1";"3";""
"202200043543";"736 436";"A01";"1";"7";"0";"2";"1";"0";"1";""
"202200043543";"736 437";"B01";"3";"2";"0";"0";"7";"0";"1";""
"202200043544";"736 433";"A01";"1";"7";"0";"2";"1";"2";"1";""
"202200043544";"736 434";"B01";"0";"7";"0";"2";"4";"2";"1";""
"202200043544";"736 435";"C01";"0";"33";"0";"2";"4";"1";"1";""
"202200043545";"736 432";"A01";"1";"7";"8";"0";"3";"13";"1";""
"202200043546";"736 430";"A01";"1";"7";"0";"2";"3";"1";"1";""
"202200043546";"736 431";"B01";"3";"80";"0";"2";"7";"1";"3";""
"202200043547";"736 429";"A01";"1";"34";"0";"1";"0";"1";"0";""
"202200043548";"736 427";"A01";"3";"30";"0";"2";"1";"26";"1";""
"202200043548";"736 428";"B01";"3";"7";"0";"2";"7";"1";"1";""
"202200043549";"736 425";"B01";"2";"1";"0";"2";"8";"19";"5";""
"202200043549";"736 426";"A01";"2";"7";"0";"2";"7";"1";"1";""
"202200043550";"736 423";"A01";"2";"32";"6";"2";"8";"7";"1";""
"202200043550";"736 424";"B01";"2";"10";"0";"2";"2";"16";"1";""
"202200043551";"736 422";"A01";"1";"7";"1";"0";"2";"14";"1";""
"202200043552";"736 421";"A01";"2";"30";"0";"0";"8";"1";"1";""
"202200043553";"736 420";"A01";"3";"1";"1";"0";"1";"1";"5";""
"202200043554";"736 415";"B01";"2";"1";"0";"2";"7";"1";"5";""
"202200043554";"736 416";"A01";"2";"7";"0";"2";"1";"9";"1";""
"202200043555";"736 413";"A01";"3";"7";"0";"2";"1";"9";"1";""
"202200043555";"736 414";"B01";"3";"1";"0";"2";"4";"1";"5";""
"202200043556";"736 409";"B01";"2";"30";"0";"2";"8";"1";"1";""
"202200043556";"736 410";"A01";"1";"7";"0";"2";"1";"9";"1";""
"202200043557";"736 408";"A01";"1";"7";"0";"1";"2";"26";"1";""
"202200043558";"736 406";"A01";"1";"10";"0";"9";"1";"1";"1";""
"202200043558";"736 407";"B01";"1";"1";"0";"2";"7";"1";"5";""
"202200043559";"736 404";"B01";"3";"33";"0";"2";"1";"1";"1";""
"202200043559";"736 405";"A01";"3";"7";"0";"2";"3";"15";"1";""
"202200043560";"736 403";"A01";"1";"7";"3";"0";"9";"26";"1";""
"202200043561";"736 402";"A01";"3";"33";"0";"0";"1";"14";"1";""
"202200043562";"736 400";"A01";"1";"7";"0";"2";"7";"15";"1";""
"202200043562";"736 401";"B01";"1";"33";"0";"2";"8";"1";"1";""
"202200043563";"736 398";"B01";"0";"10";"0";"2";"2";"19";"1";""
"202200043563";"736 399";"A01";"0";"34";"0";"2";"1";"1";"1";""
"202200043564";"736 394";"D01";"2";"7";"0";"2";"2";"2";"1";""
"202200043564";"736 395";"B01";"1";"7";"0";"2";"1";"2";"1";""
"202200043564";"736 396";"C01";"2";"7";"0";"2";"1";"5";"1";""
"202200043564";"736 397";"A01";"1";"7";"0";"0";"6";"15";"1";""
"202200043565";"736 392";"A01";"2";"7";"0";"2";"1";"2";"1";""
"202200043565";"736 393";"B01";"2";"7";"0";"2";"4";"11";"1";""
"202200043566";"736 390";"A01";"3";"7";"0";"2";"2";"14";"1";""
"202200043566";"736 391";"Y01";"3";"1";"0";"2";"4";"16";"5";""
"202200043567";"736 387";"C01";"1";"7";"0";"2";"4";"2";"1";""
"202200043567";"736 388";"B01";"1";"7";"0";"2";"1";"2";"1";""
"202200043567";"736 389";"A01";"1";"7";"0";"2";"1";"2";"1";""
"202200043568";"736 385";"B01";"1";"33";"0";"2";"1";"1";"1";""
"202200043568";"736 386";"A01";"1";"7";"0";"2";"3";"9";"1";""
"202200043569";"736 384";"A01";"1";"32";"12";"0";"2";"2";"0";""
"202200043570";"736 383";"A01";"3";"7";"0";"1";"1";"1";"1";""
"202200043571";"736 381";"B01";"3";"3";"0";"2";"4";"1";"1";""
"202200043571";"736 382";"A01";"3";"43";"0";"2";"1";"1";"1";""
"202200043572";"736 380";"A01";"3";"7";"0";"1";"8";"1";"1";""
"202200043573";"736 378";"A01";"2";"7";"0";"2";"7";"26";"1";""
"202200043573";"736 379";"B01";"1";"7";"0";"2";"3";"0";"1";""
"202200043574";"736 374";"B01";"1";"7";"0";"2";"5";"1";"2";""
"202200043574";"736 375";"A01";"1";"43";"0";"2";"8";"3";"1";""
"202200043574";"736 376";"C01";"1";"14";"0";"2";"8";"1";"1";""
"202200043575";"736 373";"A01";"1";"1";"0";"0";"1";"21";"5";""
"202200043576";"736 371";"Z01";"2";"7";"0";"2";"1";"1";"1";""
"202200043576";"736 372";"A01";"1";"31";"0";"2";"8";"9";"1";""
"202200043577";"736 369";"B01";"1";"7";"0";"2";"3";"15";"1";""
"202200043577";"736 370";"A01";"1";"50";"0";"2";"1";"1";"3";""
"202200043578";"736 367";"A01";"2";"7";"0";"2";"1";"2";"1";""
"202200043578";"736 368";"B01";"2";"7";"0";"2";"4";"23";"1";""
"202200043579";"736 364";"B01";"1";"1";"0";"2";"8";"13";"5";""
"202200043579";"736 365";"C01";"1";"7";"0";"0";"0";"24";"1";""
"202200043579";"736 366";"A01";"1";"10";"0";"2";"5";"17";"1";""
"202200043580";"736 362";"B01";"1";"7";"0";"2";"7";"16";"2";""
"202200043580";"736 363";"A01";"1";"32";"0";"2";"8";"18";"1";""
"202200043581";"736 360";"B01";"3";"7";"0";"2";"1";"9";"1";""
"202200043581";"736 361";"A01";"3";"50";"0";"2";"7";"25";"3";""
"202200043582";"736 358";"A01";"1";"7";"0";"2";"1";"15";"3";""
"202200043582";"736 359";"B01";"2";"1";"0";"2";"3";"1";"5";""
"202200043583";"736 357";"A01";"1";"50";"12";"0";"1";"14";"3";""
"202200043584";"736 356";"A01";"3";"1";"0";"2";"0";"21";"5";""
"202200043585";"736 354";"B01";"1";"7";"0";"2";"3";"1";"1";""
"202200043585";"736 355";"A01";"1";"7";"0";"2";"2";"1";"1";""
"202200043586";"736 352";"A01";"2";"7";"0";"2";"2";"15";"1";""
"202200043586";"736 353";"B01";"1";"14";"0";"2";"3";"1";"1";""
"202200043587";"736 351";"A01";"3";"1";"1";"0";"1";"14";"5";""
"202200043588";"736 350";"A01";"2";"14";"0";"1";"0";"1";"1";""
"202200043589";"736 349";"A01";"1";"37";"0";"2";"0";"21";"3";"2"
"202200043590";"736 348";"A01";"1";"10";"0";"1";"5";"1";"1";""
"202200043591";"736 347";"A01";"2";"1";"0";"1";"1";"1";"5";""
"202200043592";"736 345";"B01";"2";"30";"0";"2";"7";"1";"3";""
"202200043592";"736 346";"A01";"2";"7";"0";"2";"3";"15";"1";""
"202200043593";"736 344";"A01";"1";"7";"0";"1";"2";"15";"2";""
"202200043594";"736 343";"A01";"2";"43";"0";"1";"2";"17";"1";""
"202200043595";"736 341";"B01";"1";"33";"0";"2";"5";"1";"1";""
"202200043595";"736 342";"A01";"1";"7";"0";"2";"3";"15";"1";""
"202200043596";"736 340";"A01";"3";"50";"0";"0";"0";"1";"3";""
"202200043597";"736 339";"A01";"2";"80";"0";"1";"1";"11";"3";""
"202200043598";"736 338";"A01";"1";"80";"12";"0";"1";"13";"3";""
"202200043599";"736 335";"C01";"1";"32";"0";"2";"0";"2";"3";""
"202200043599";"736 336";"A01";"1";"10";"0";"2";"7";"16";"1";""
"202200043599";"736 337";"B01";"1";"33";"0";"2";"4";"2";"1";""
"202200043600";"736 334";"A01";"1";"50";"0";"1";"1";"1";"3";""
"202200043601";"736 332";"A01";"2";"10";"0";"2";"6";"15";"1";""
"202200043601";"736 333";"B01";"2";"50";"0";"2";"1";"2";"3";""
"202200043602";"736 331";"A01";"2";"10";"0";"1";"8";"24";"1";""
"202200043603";"736 330";"A01";"1";"7";"0";"1";"3";"15";"0";""
"202200043604";"736 328";"B01";"1";"1";"0";"2";"6";"1";"5";""
"202200043604";"736 329";"A01";"2";"7";"0";"2";"1";"16";"1";""
"202200043605";"736 326";"B01";"1";"7";"0";"2";"0";"0";"1";""
"202200043605";"736 327";"A01";"1";"7";"0";"2";"4";"26";"1";""
"202200043606";"736 324";"A01";"1";"7";"0";"2";"4";"23";"1";""
"202200043606";"736 325";"B01";"1";"7";"0";"2";"1";"11";"1";""
"202200043607";"736 322";"A01";"2";"15";"0";"2";"2";"12";"1";""
"202200043607";"736 323";"B01";"2";"7";"0";"2";"8";"1";"1";""
"202200043608";"736 320";"A01";"2";"7";"4";"2";"5";"2";"1";""
"202200043608";"736 321";"B01";"2";"7";"0";"2";"3";"2";"1";""
"202200043609";"736 318";"A01";"1";"7";"0";"2";"2";"26";"1";""
"202200043609";"736 319";"B01";"1";"7";"0";"2";"6";"0";"1";""
"202200043610";"736 317";"A01";"1";"15";"3";"0";"1";"13";"0";""
"202200043611";"736 314";"B01";"1";"7";"0";"2";"1";"1";"2";""
"202200043611";"736 315";"A01";"1";"7";"0";"2";"1";"1";"1";""
"202200043611";"736 316";"C01";"1";"7";"0";"2";"4";"1";"1";""
"202200043612";"736 309";"A01";"1";"7";"0";"2";"1";"1";"2";""
"202200043612";"736 310";"B01";"1";"7";"0";"2";"4";"2";"1";""
"202200043612";"736 311";"C01";"1";"7";"0";"2";"3";"2";"1";""
"202200043612";"736 312";"D01";"1";"7";"0";"2";"1";"1";"1";""
"202200043612";"736 313";"E01";"1";"7";"0";"2";"4";"21";"1";""
"202200043613";"736 306";"B01";"1";"7";"0";"2";"4";"2";"1";""
"202200043613";"736 307";"C01";"1";"10";"0";"2";"4";"2";"1";""
"202200043613";"736 308";"A01";"1";"7";"0";"2";"1";"1";"1";""
"202200043614";"736 304";"A01";"1";"7";"3";"2";"1";"26";"1";""
"202200043614";"736 305";"B01";"1";"7";"0";"2";"3";"26";"1";""
"202200043615";"736 302";"A01";"2";"10";"0";"2";"1";"1";"1";""
"202200043615";"736 303";"B01";"2";"15";"0";"2";"4";"1";"1";""
"202200043616";"736 300";"A01";"1";"7";"0";"2";"1";"1";"1";""
"202200043616";"736 301";"B01";"1";"7";"0";"2";"5";"2";"1";""
"202200043617";"736 298";"B01";"2";"7";"0";"2";"6";"1";"1";""
"202200043617";"736 299";"A01";"2";"10";"0";"2";"2";"12";"1";""
"202200043618";"736 296";"A01";"1";"10";"0";"2";"5";"1";"1";""
"202200043618";"736 297";"B01";"1";"34";"0";"2";"1";"1";"1";""
"202200043619";"736 293";"C01";"2";"7";"0";"2";"4";"2";"1";""
"202200043619";"736 294";"B01";"2";"7";"0";"2";"4";"2";"1";""
"202200043619";"736 295";"A01";"2";"10";"0";"2";"1";"2";"1";""
"202200043620";"736 291";"B01";"1";"7";"3";"2";"8";"1";"1";""
"202200043620";"736 292";"A01";"1";"10";"0";"2";"7";"1";"1";""
"202200043621";"736 289";"B01";"1";"33";"0";"0";"8";"21";"1";""
"202200043621";"736 290";"A01";"1";"7";"0";"0";"0";"14";"0";""
"202200043622";"736 287";"A01";"2";"7";"0";"2";"1";"9";"1";""
"202200043622";"736 288";"B01";"2";"50";"0";"2";"7";"15";"3";""
"202200043623";"736 286";"A01";"2";"1";"0";"1";"1";"25";"5";""
"202200043624";"736 285";"A01";"2";"33";"0";"1";"2";"21";"1";""
"202200043625";"736 284";"A01";"2";"7";"0";"1";"3";"1";"1";""
"202200043626";"736 283";"A01";"1";"7";"0";"1";"1";"1";"1";""
"202200043627";"736 282";"A01";"1";"7";"0";"2";"0";"17";"1";""
"202200043628";"736 280";"A01";"1";"33";"0";"2";"8";"1";"1";""
"202200043628";"736 281";"B01";"2";"7";"0";"2";"8";"1";"2";""
"202200043629";"736 279";"A01";"1";"2";"12";"0";"2";"14";"1";""
"202200043630";"736 277";"A01";"3";"7";"0";"2";"7";"17";"1";""
"202200043630";"736 278";"B01";"3";"7";"0";"2";"1";"15";"1";""
"202200043631";"736 275";"B01";"1";"7";"0";"2";"6";"1";"1";""
"202200043631";"736 276";"A01";"2";"38";"0";"2";"3";"1";"1";"1"
"202200043632";"736 273";"A01";"2";"7";"0";"2";"2";"16";"1";""
"202200043632";"736 274";"B01";"2";"33";"0";"2";"8";"2";"1";""
"202200043633";"736 272";"A01";"1";"7";"0";"1";"1";"1";"1";""
"202200043634";"736 271";"A01";"1";"7";"0";"1";"8";"1";"1";""
"202200043635";"736 270";"A01";"2";"7";"0";"1";"3";"1";"1";""
"202200043636";"736 269";"A01";"1";"7";"0";"1";"1";"1";"1";""
"202200043637";"736 268";"A01";"1";"7";"0";"1";"3";"15";"1";""
"202200043638";"736 266";"B01";"1";"14";"0";"2";"1";"26";"1";""
"202200043638";"736 267";"A01";"1";"7";"0";"2";"4";"23";"1";""
"202200043639";"736 264";"A01";"1";"7";"0";"2";"3";"15";"1";""
"202200043639";"736 265";"B01";"1";"7";"0";"2";"3";"1";"1";""
"202200043640";"736 262";"A01";"2";"7";"0";"2";"3";"11";"1";""
"202200043640";"736 263";"B01";"2";"7";"0";"2";"7";"16";"1";""
"202200043641";"736 259";"A01";"1";"7";"16";"0";"0";"26";"1";""
"202200043641";"736 260";"B01";"2";"7";"0";"2";"1";"13";"1";""
"202200043641";"736 261";"C01";"1";"15";"0";"2";"1";"1";"1";""
"202200043642";"736 257";"A01";"3";"2";"0";"2";"1";"13";"1";""
"202200043642";"736 258";"B01";"3";"37";"0";"2";"3";"1";"1";"1"
"202200043643";"736 253";"B01";"2";"7";"0";"2";"1";"0";"1";""
"202200043643";"736 254";"A01";"1";"33";"0";"2";"8";"15";"1";""
"202200043644";"736 251";"A01";"1";"10";"0";"2";"3";"15";"1";""
"202200043644";"736 252";"B01";"2";"33";"0";"2";"1";"1";"1";""
"202200043645";"736 249";"B01";"2";"33";"0";"2";"8";"1";"1";""
"202200043645";"736 250";"A01";"2";"7";"0";"2";"2";"9";"1";""
"202200043646";"736 247";"A01";"2";"10";"0";"2";"1";"15";"1";""
"202200043646";"736 248";"B01";"2";"1";"0";"2";"1";"1";"5";""
"202200043647";"736 243";"A01";"3";"7";"0";"2";"2";"15";"1";""
"202200043647";"736 244";"B01";"2";"10";"0";"2";"3";"1";"1";""
"202200043648";"736 238";"A01";"1";"7";"0";"2";"1";"9";"2";""
"202200043648";"736 239";"B01";"3";"7";"0";"2";"2";"1";"1";""
"202200043649";"736 236";"A01";"3";"7";"0";"2";"1";"13";"1";""
"202200043649";"736 237";"B01";"3";"7";"0";"2";"3";"26";"1";""
"202200043650";"736 235";"A01";"1";"7";"9";"0";"1";"1";"1";""
"202200043651";"736 234";"A01";"1";"7";"6";"0";"1";"1";"1";""
"202200043652";"736 233";"A01";"0";"7";"16";"0";"0";"0";"1";""
"202200043653";"736 231";"Z01";"0";"7";"0";"2";"1";"1";"0";""
"202200043653";"736 232";"A01";"0";"2";"0";"2";"1";"1";"1";""
"202200043654";"736 230";"A01";"0";"7";"0";"9";"2";"9";"0";""
"202200043655";"736 228";"B01";"2";"7";"0";"2";"1";"15";"1";""
"202200043655";"736 229";"A01";"1";"7";"0";"2";"3";"1";"1";""
"202200043656";"736 226";"B01";"1";"7";"0";"2";"4";"2";"1";""