"Num_Acc";"id_vehicule";"num_veh";"senc";"catv";"obs";"obsm";"choc";"manv";"motor";"occutc"
"202200043865";"735 849";"A01";"1";"33";"0";"2";"2";"3";"1";""
"202200043866";"735 846";"B01";"1";"7";"0";"2";"4";"2";"1";""
"202200043866";"735 847";"A01";"1";"7";"0";"2";"1";"2";"1";""
"202200043867";"735 845";"A01";"1";"33";"0";"0";"0";"1";"1";""
"202200043868";"735 842";"C01";"1";"10";"0";"2";"5";"23";"1";""
"202200043868";"735 843";"B01";"1";"7";"0";"2";"7";"1";"1";""
"202200043868";"735 844";"A01";"1";"33";"0";"2";"1";"3";"1";""
"202200043869";"735 841";"A01";"3";"80";"14";"0";"7";"14";"3";""
"202200043870";"735 838";"A01";"1";"7";"0";"2";"2";"2";"1";""
"202200043870";"735 839";"B01";"1";"30";"0";"2";"4";"2";"1";""
"202200043871";"735 837";"B01";"1";"7";"0";"2";"4";"26";"1";""
"202200043871";"735 840";"A01";"1";"2";"0";"2";"0";"26";"1";""
"202200043872";"735 835";"A01";"3";"7";"0";"1";"1";"1";"1";""
"202200043873";"735 836";"A01";"2";"30";"0";"0";"1";"1";"1";""
"202200043874";"735 834";"A01";"2";"1";"12";"0";"1";"7";"5";""
"202200043875";"735 831";"A01";"2";"50";"4";"1";"2";"5";"3";""
"202200043876";"735 832";"A01";"2";"7";"0";"2";"1";"1";"3";""
"202200043876";"735 833";"B01";"2";"1";"0";"2";"7";"1";"5";""
"202200043877";"735 830";"A01";"2";"34";"14";"0";"0";"11";"1";""
"202200043878";"735 827";"A01";"1";"30";"11";"0";"0";"1";"1";""
"202200043879";"735 828";"B01";"2";"1";"0";"2";"4";"2";"0";""
"202200043879";"735 829";"A01";"2";"7";"0";"2";"1";"2";"0";""
"202200043880";"735 824";"A01";"1";"7";"0";"2";"2";"0";"2";""
"202200043880";"735 825";"B01";"2";"10";"0";"2";"2";"0";"1";""
"202200043880";"735 826";"C01";"1";"7";"0";"2";"3";"5";"1";""
"202200043881";"735 822";"B01";"1";"10";"0";"2";"7";"0";"1";""
"202200043881";"735 823";"A01";"1";"7";"0";"2";"1";"1";"1";""
"202200043882";"735 821";"A01";"2";"7";"0";"1";"1";"15";"1";""
"202200043883";"735 819";"A01";"2";"7";"14";"0";"2";"2";"0";""
"202200043883";"735 820";"B01";"0";"1";" -1";"2";"0";"0";"5";""
"202200043884";"735 817";"A01";"1";"7";"0";"1";"2";"1";"1";""
"202200043885";"735 814";"A01";"3";"33";"0";"2";"3";"2";"1";""
"202200043885";"735 815";"B01";"3";"10";"0";"2";"2";"2";"0";""
"202200043886";"735 816";"A01";"1";"7";"0";"2";"0";"0";"1";""
"202200043886";"735 818";"B01";"3";"99";"0";"2";"0";"0";"0";""
"202200043887";"735 813";"A01";"2";"7";"0";"1";"3";"0";"1";""
"202200043888";"735 811";"A01";"0";"34";"0";"2";"1";"1";"1";""
"202200043888";"735 812";"B01";"0";"7";"0";"2";"3";"20";"1";""
"202200043889";"735 809";"B01";"2";"32";"0";"2";"8";"1";"1";""
"202200043889";"735 810";"A01";"1";"7";"0";"2";"1";"15";"0";""
"202200043890";"735 807";"B01";"0";"80";"0";"2";"1";"1";"3";""
"202200043890";"735 808";"A01";"3";"7";"0";"2";"1";"15";"1";""
"202200043891";"735 804";"A01";"1";"7";"0";"0";"1";"0";"1";""
"202200043891";"735 805";"B01";"1";"7";"0";"0";"7";"0";"1";""
"202200043891";"735 806";"C01";"1";"7";"0";"0";"0";"0";"1";""
"202200043892";"735 800";"B01";"1";"99";"0";"2";"9";"1";"0";""
"202200043892";"735 802";"A01";"1";"7";"0";"9";"1";"1";"0";""
"202200043893";"735 801";"B01";"0";"33";"0";"2";"1";"1";"1";""
"202200043893";"735 803";"A01";"0";"7";"0";"2";"3";"5";"1";""
"202200043894";"735 796";"B01";"3";"7";"0";"2";"4";"2";"1";""
"202200043894";"735 797";"A01";"3";"7";"0";"2";"1";"1";"1";""
"202200043894";"735 799";"C01";"3";"7";"0";"2";"4";"1";"2";""
"202200043895";"735 794";"A01";"1";"7";"0";"2";"1";"2";"1";""
"202200043895";"735 795";"B01";"1";"7";"0";"2";"6";"20";"1";""
"202200043896";"735 793";"A01";"3";"7";"0";"2";"2";"15";"1";""
"202200043896";"735 798";"B01";"3";"7";"0";"2";"3";"1";"1";""
"202200043897";"735 791";"A01";"2";"7";"0";"2";"7";"1";"1";""
"202200043897";"735 792";"B01";"1";"7";"0";"2";"1";"1";"1";""
"202200043898";"735 788";"B01";"1";"7";"0";"2";"2";"17";"1";""
"202200043898";"735 790";"A01";"1";"7";"4";"0";"5";"1";"6";""
"202200043899";"735 789";"A01";"3";"7";"0";"1";"3";"15";"1";""
"202200043900";"735 786";"A01";"1";"7";"0";"2";"3";"10";"1";""
"202200043900";"735 787";"B01";"1";"33";"0";"2";"1";"1";"1";""
"202200043901";"735 785";"A01";"3";"7";"0";"0";"3";"19";"1";""
"202200043902";"735 784";"A01";"1";"7";"1";"0";"2";"1";"1";""
"202200043903";"735 783";"A01";"1";"7";"8";"0";"5";"1";"1";""
"202200043904";"735 781";"A01";"1";"7";"2";"0";"1";"5";"1";""
"202200043905";"735 780";"B01";"1";"7";"0";"2";"6";"2";"1";""
"202200043905";"735 782";"Z01";"1";"7";"0";"2";"2";"2";"1";""
"202200043906";"735 773";"A01";"2";"7";"0";"0";"4";"1";"1";""
"202200043906";"735 774";"B01";"2";"7";"0";"2";"4";"1";"1";""
"202200043906";"735 776";"C01";"2";"7";"0";"2";"4";"0";"1";""
"202200043906";"735 778";"D01";"2";"7";"0";"2";"1";"1";"3";""
"202200043906";"735 779";"E01";"2";"7";"0";"2";"1";"1";"1";""
"202200043907";"735 775";"B01";"2";"7";"0";"2";"3";"1";"1";""
"202200043907";"735 777";"A01";"1";"7";"0";"2";"1";"15";"1";""
"202200043908";"735 771";"B01";"2";"7";"0";"2";"1";"21";"1";""
"202200043908";"735 772";"A01";"1";"7";"0";"2";"1";"5";"1";""
"202200043909";"735 769";"A01";"3";"7";"6";"0";"2";"1";"1";""
"202200043910";"735 768";"A01";"1";"7";"0";"2";"6";"17";"1";""
"202200043910";"735 770";"B01";"1";"33";"0";"2";"2";"17";"1";""
"202200043911";"735 767";"A01";"2";"7";"15";"0";"2";"14";"1";""
"202200043912";"735 766";"A01";"1";"7";"6";"0";"1";"13";"1";""
"202200043913";"735 764";"A01";"3";"7";"0";"1";"3";"19";"1";""
"202200043914";"735 763";"B01";"1";"7";"0";"2";"1";"1";"1";""
"202200043914";"735 765";"A01";"2";"7";"0";"2";"7";"19";"1";""
"202200043915";"735 761";"B01";"1";"7";"2";"2";"2";"2";"1";""
"202200043915";"735 762";"A01";"1";"7";"0";"2";"6";"18";"1";""
"202200043916";"735 760";"A01";"1";"33";"3";"0";"7";"1";"1";""
"202200043917";"735 758";"A01";"2";"7";"0";"1";"1";"1";"1";""
"202200043918";"735 756";"A01";"2";"7";"2";"0";"9";"1";"1";""
"202200043919";"735 755";"A01";"0";"50";"0";"0";"0";"1";"3";""
"202200043920";"735 752";"A01";"3";"7";"16";"0";"0";"1";"1";""
"202200043921";"735 753";"A01";"1";"30";"0";"2";"1";"1";"1";""
"202200043921";"735 754";"B01";"3";"10";"0";"2";"3";"19";"1";""
"202200043922";"735 751";"A01";"1";"31";"13";"0";"2";"0";"1";""
"202200043923";"735 749";"A01";"1";"7";"0";"2";"1";"2";"0";""
"202200043923";"735 750";"B01";"1";"7";"0";"2";"0";"2";"0";""
"202200043924";"735 748";"A01";"1";"2";"6";"0";"8";"13";"1";""
"202200043925";"735 746";"B01";"2";"1";"0";"0";"4";"2";"5";""
"202200043925";"735 747";"A01";"2";"7";"0";"9";"2";"2";"1";""
"202200043926";"735 745";"A01";"2";"7";"0";"1";"1";"1";"2";""
"202200043927";"735 744";"A01";"2";"7";"0";"1";"2";"13";"1";""
"202200043928";"735 743";"A01";"2";"7";"13";"0";"1";"1";"1";""
"202200043929";"735 741";"A01";"1";"33";"3";"0";"1";"1";"1";""
"202200043930";"735 742";"A01";"1";"7";"0";"1";"3";"2";"1";""
"202200043931";"735 740";"A01";"1";"7";"2";"0";"3";"13";"1";""
"202200043932";"735 737";"A01";"1";"7";"0";"2";"3";"19";"1";""
"202200043932";"735 739";"B01";"1";"7";"0";"2";"2";"1";"1";""
"202200043933";"735 736";"A01";"2";"7";"8";"0";"1";"14";"1";""
"202200043934";"735 735";"A01";"1";"7";"2";"0";"9";"14";"1";""
"202200043935";"735 734";"A01";"1";"7";"0";"2";"3";"2";"1";""
"202200043935";"735 738";"B01";"1";"1";"0";"2";"1";"25";"5";""
"202200043936";"735 732";"B01";"3";"2";"0";"2";"1";"1";"1";""
"202200043936";"735 733";"A01";"3";"10";"0";"2";"2";"15";"1";""
"202200043937";"735 730";"A01";"0";"33";"13";"0";"1";"1";"1";""
"202200043938";"735 731";"Z01";"2";"99";"0";"1";"1";"19";"0";""
"202200043939";"735 729";"A01";"1";"7";"2";"0";"3";"1";"1";""
"202200043940";"735 728";"A01";"3";"7";"0";"1";"1";"1";"0";""
"202200043941";"735 727";"A01";"1";"7";"16";"0";"9";"14";"1";""
"202200043942";"735 725";"A01";"1";"7";"3";"0";"2";"14";"1";""
"202200043943";"735 724";"A01";"2";"30";"16";"0";"1";"13";"1";""
"202200043944";"735 723";"B01";"3";"7";"0";"2";"1";"19";"0";""
"202200043944";"735 726";"A01";"2";"33";"3";"2";"8";"26";"6";""
"202200043945";"735 721";"A01";"2";"30";"0";"2";"1";"0";"1";""
"202200043945";"735 722";"B01";"1";"7";"0";"2";"3";"1";"1";""
"202200043946";"735 719";"A01";"1";"7";"3";"0";"7";"14";"1";""
"202200043947";"735 720";"A01";"1";"30";"0";"0";"0";"1";"3";""
"202200043948";"735 717";"B01";"2";"7";"3";"2";"3";"21";"1";""
"202200043948";"735 718";"A01";"1";"7";"3";"2";"3";"13";"1";""
"202200043949";"735 713";"A01";"2";"7";"0";"2";"2";"17";"1";""
"202200043949";"735 715";"B01";"2";"7";"0";"2";"3";"21";"1";""
"202200043950";"735 714";"A01";"1";"7";"1";"2";"2";"14";"1";""
"202200043950";"735 716";"D01";"1";"7";"0";"2";"6";"1";"1";""
"202200043951";"735 711";"B01";"1";"7";"0";"2";"1";"1";"1";""
"202200043951";"735 712";"A01";"1";"7";"0";"2";"1";"13";"1";""
"202200043952";"735 710";"A01";"1";"7";"0";"1";"3";"1";"1";""
"202200043953";"735 708";"B01";"2";"7";"0";"2";"2";"1";"1";""
"202200043953";"735 709";"A01";"1";"7";"0";"2";"2";"13";"1";""
"202200043954";"735 705";"A01";"1";"7";"0";"2";"3";"1";"1";""
"202200043954";"735 706";"B01";"1";"2";"0";"2";"1";"1";"1";""
"202200043955";"735 707";"A01";"3";"7";"0";"1";"2";"9";"0";""
"202200043956";"735 703";"B01";"1";"1";"14";"0";"8";"9";"5";""
"202200043956";"735 704";"A01";"1";"33";"0";"0";"0";"9";"1";""
"202200043957";"735 702";"A01";"1";"30";"0";"0";"1";"1";"1";""
"202200043958";"735 701";"A01";"2";"10";"2";"0";"1";"1";"1";""
"202200043959";"735 698";"A01";"1";"7";"13";"0";"1";"1";"1";""
"202200043960";"735 699";"B01";"2";"7";"0";"2";"4";"1";"1";""
"202200043960";"735 700";"A01";"2";"7";"0";"2";"1";"2";"1";""
"202200043961";"735 697";"A01";"1";"2";"0";"1";"1";"1";"1";""
"202200043962";"735 696";"A01";"3";"80";"12";"0";"1";"14";"3";""
"202200043963";"735 693";"B01";"1";"7";"0";"2";"2";"1";"1";""
"202200043963";"735 695";"A01";"2";"7";"0";"2";"2";"17";"1";""
"202200043964";"735 692";"A01";"0";"1";"0";"2";"1";"9";"5";""
"202200043964";"735 694";"B01";"0";"7";"0";"2";"1";"1";"1";""
"202200043965";"735 690";"A01";"1";"33";"0";"2";"1";"1";"1";""
"202200043965";"735 691";"B01";"2";"7";"0";"2";"6";"16";"1";""
"202200043966";"735 687";"A01";"1";"7";"0";"9";"1";"2";"1";""
"202200043966";"735 689";"B01";"1";"1";"0";"2";"4";"2";"5";""
"202200043967";"735 686";"A01";"1";"7";"0";"2";"1";"1";"1";""
"202200043967";"735 688";"B01";"1";"1";"0";"2";"7";"19";"5";""
"202200043968";"735 684";"B01";"3";"7";"0";"2";"1";"1";"1";""
"202200043968";"735 685";"A01";"1";"7";"0";"2";"2";"6";"1";""
"202200043969";"735 683";"A01";"3";"7";"0";"1";"4";"4";"1";""
"202200043970";"735 682";"A01";"2";"10";"8";"0";"2";"14";"1";""
"202200043971";"735 678";"A01";"1";"7";"0";"2";"1";"13";"1";""
"202200043971";"735 681";"B01";"2";"7";"0";"2";"1";"0";"1";""
"202200043972";"735 676";"A01";"2";"33";"0";"2";"3";"3";"1";""
"202200043972";"735 677";"B01";"2";"7";"0";"2";"5";"1";"1";""
"202200043973";"735 675";"A01";"2";"7";"1";"0";"1";"2";"1";""
"202200043974";"735 674";"A01";"2";"7";"4";"0";"3";"1";"1";""
"202200043975";"735 669";"B01";"1";"7";"0";"2";"8";"1";"1";""
"202200043975";"735 673";"A01";"1";"10";"0";"2";"1";"1";"1";""
"202200043976";"735 667";"E01";"1";"7";"0";"2";"4";"2";"1";""
"202200043976";"735 668";"D01";"1";"7";"0";"2";"4";"2";"1";""
"202200043976";"735 670";"C01";"1";"7";"0";"2";"4";"2";"1";""
"202200043976";"735 671";"B01";"1";"7";"0";"2";"4";"2";"1";""
"202200043976";"735 672";"A01";"1";"7";"0";"2";"1";"2";"1";""
"202200043977";"735 665";"A01";"1";"7";"3";"2";"3";"1";"1";""
"202200043978";"735 664";"A01";"0";"7";"1";"2";"2";"1";"1";""
"202200043978";"735 666";"B01";"3";"7";"0";"2";"3";"1";"1";""
"202200043979";"735 660";"A01";"1";"10";"0";"2";"1";"1";"1";""
"202200043979";"735 661";"B01";"1";"7";"0";"2";"4";"2";"1";""
"202200043979";"735 662";"C01";"1";"7";"0";"2";"4";"2";"1";""
"202200043979";"735 663";"D01";"1";"99";"0";"2";"4";"2";"1";""
"202200043980";"735 657";"A01";"1";"7";"4";"0";"2";"2";"1";""
"202200043981";"735 658";"B01";"1";"7";"0";"2";"1";"1";"1";""
"202200043981";"735 659";"A01";"0";"7";"8";"2";"1";"15";"1";""
"202200043982";"735 654";"A01";"2";"7";"0";"2";"1";"2";"1";""
"202200043982";"735 655";"B01";"2";"7";"0";"2";"4";"2";"2";""
"202200043983";"735 650";"A01";"2";"7";"0";"2";"1";"2";"1";""
"202200043983";"735 651";"B01";"2";"10";"0";"2";"4";"2";"1";""
"202200043983";"735 652";"D01";"2";"7";"0";"2";"4";"2";"1";""
"202200043983";"735 653";"E01";"2";"7";"0";"2";"4";"2";"1";""
"202200043983";"735 656";"C01";"2";"7";"0";"2";"4";"2";"0";""
"202200043984";"735 645";"B01";"1";"7";"0";"2";"7";"12";"1";""
"202200043984";"735 648";"A01";"1";"33";"0";"2";"6";"3";"1";""
"202200043985";"735 646";"C01";"2";"7";"0";"2";"4";"2";"1";""
"202200043985";"735 647";"B01";"2";"7";"0";"2";"9";"2";"1";""
"202200043985";"735 649";"A01";"2";"10";"0";"2";"1";"9";"1";""
"202200043986";"735 643";"A01";"1";"7";"0";"2";"1";"13";"1";""
"202200043986";"735 644";"B01";"1";"7";"0";"2";"4";"2";"3";""
"202200043987";"735 639";"B01";"2";"31";"0";"2";"7";"3";"1";""
"202200043987";"735 641";"A01";"2";"7";"0";"2";"6";"11";"1";""
"202200043988";"735 640";"A01";"2";"43";"0";"2";"8";"11";"1";""
"202200043988";"735 642";"B01";"1";"7";"0";"2";"5";"1";"1";""
"202200043989";"735 637";"B01";"2";"10";"0";"2";"4";"2";"1";""
"202200043989";"735 638";"A01";"2";"7";"0";"2";"1";"2";"1";""
"202200043990";"735 636";"A01";"3";"7";"0";"1";"1";"1";"1";""
"202200043991";"735 634";"A01";"1";"7";"0";"2";"3";"11";"1";""
"202200043991";"735 635";"B01";"1";"17";"0";"2";"2";"1";"1";""
"202200043992";"735 632";"A01";"1";"30";"0";"2";"1";"15";"1";""
"202200043992";"735 633";"B01";"1";"7";"0";"2";"8";"1";"1";""
"202200043993";"735 630";"B01";"2";"7";"0";"2";"8";"11";"1";""
"202200043993";"735 631";"A01";"2";"34";"0";"2";"1";"3";"1";""
"202200043994";"735 629";"A01";"3";"31";"0";"0";"0";"1";"1";""
"202200043995";"735 626";"A01";"2";"30";"0";"0";"1";"1";"1";""
"202200043996";"735 624";"D01";"1";"7";"0";"2";"4";"23";"2";""
"202200043996";"735 625";"C01";"1";"7";"0";"2";"4";"23";"1";""
"202200043996";"735 627";"B01";"1";"7";"0";"2";"4";"23";"1";""
"202200043996";"735 628";"A01";"1";"7";"0";"2";"1";"1";"1";""
"202200043997";"735 621";"A01";"1";"10";"0";"2";"4";"26";"1";""
"202200043997";"735 623";"B01";"1";"7";"0";"2";"1";"2";"1";""
"202200043998";"735 618";"D01";"1";"7";"0";"2";"6";"3";"1";""
"202200043998";"735 619";"C01";"1";"7";"0";"2";"2";"12";"1";""
"202200043998";"735 620";"B01";"1";"10";"0";"2";"8";"1";"1";""
"202200043998";"735 622";"A01";"1";"33";"0";"2";"8";"1";"1";""
"202200043999";"735 616";"B01";"1";"1";"0";"2";"1";"19";"5";""
"202200043999";"735 617";"A01";"1";"14";"0";"2";"1";"1";"1";""
"202200044000";"735 614";"B01";"3";"7";"0";"2";"4";"2";"1";""
"202200044000";"735 615";"A01";"3";"14";"0";"2";"4";"2";"1";""
"202200044001";"735 613";"A01";"1";"7";"1";"0";"2";"1";"1";""
"202200044002";"735 612";"A01";"1";"7";"0";"1";"1";"1";"1";""
"202200044003";"735 609";"A01";"0";"7";"0";"1";"1";"1";"1";""
"202200044004";"735 610";"A01";"1";"7";"0";"2";"1";"1";"1";""
"202200044004";"735 611";"B01";"1";"1";"0";"2";"8";"9";"5";""
"202200044005";"735 608";"A01";"3";"10";"0";"1";"0";"0";"1";""
"202200044006";"735 607";"A01";"3";"7";"0";"1";"1";"16";"1";""
"202200044007";"735 605";"B01";"0";"1";"15";"2";"1";"1";"5";""
"202200044007";"735 606";"A01";"1";"10";"15";"2";"2";"15";"1";""
"202200044008";"735 603";"A01";"2";"7";"0";"2";"3";"15";"1";""
"202200044008";"735 604";"B01";"1";"7";"0";"2";"1";"1";"1";""
"202200044009";"735 601";"B01";"1";"7";"0";"2";"4";"2";"1";""
"202200044009";"735 602";"A01";"1";"7";"0";"2";"1";"2";"1";""
"202200044010";"735 600";"A01";"3";"7";"0";"1";"1";"1";"1";""
"202200044011";"735 599";"A01";"3";"32";"0";"1";"1";"26";"1";""
"202200044012";"735 597";"A01";"1";"7";"0";"2";"1";"1";"1";""
"202200044012";"735 598";"B01";"1";"7";"0";"2";"4";"1";"1";""
"202200044013";"735 595";"A01";"3";"7";"0";"1";"1";"1";"1";""
"202200044014";"735 592";"A01";"2";"7";"0";"2";"4";"2";"1";""
"202200044014";"735 594";"B01";"2";"10";"0";"2";"3";"9";"1";""
"202200044015";"735 593";"B01";"2";"7";"0";"2";"3";"15";"1";""
"202200044015";"735 596";"A01";"2";"32";"0";"2";"7";"1";"1";""
"202200044016";"735 590";"Z01";"0";"7";"0";"2";"7";"16";"0";""
"202200044016";"735 591";"B01";"0";"1";"0";"2";"3";"1";"5";""
"202200044017";"735 589";"A01";"3";"31";"0";"0";"0";"0";"1";""
"202200044018";"735 588";"A01";"3";"30";"0";"0";"7";"26";"1";""
"202200044019";"735 587";"A01";"2";"10";"0";"1";"1";"1";"1";""
"202200044020";"735 585";"A01";"1";"7";"0";"1";"1";"1";"1";""
"202200044021";"735 584";"B01";"0";"1";"0";"0";"0";"0";"5";""
"202200044021";"735 586";"A01";"0";"2";"0";"9";"1";"2";"1";""
"202200044022";"735 582";"B01";"1";"7";"0";"2";"1";"1";"1";""
"202200044022";"735 583";"A01";"1";"7";"0";"2";"7";"15";"1";""
"202200044023";"735 580";"A01";"1";"10";"0";"2";"5";"1";"1";""
"202200044023";"735 581";"B01";"2";"50";"0";"2";"1";"9";"3";""
"202200044024";"735 577";"A01";"1";"7";"0";"2";"2";"2";"1";""
"202200044024";"735 578";"B01";"1";"31";"0";"2";"4";"2";"1";""
"202200044024";"735 579";"C01";"1";"7";"0";"2";"4";"2";"1";""
"202200044025";"735 573";"C01";"2";"7";"0";"2";"2";"1";"1";""
"202200044025";"735 574";"B01";"2";"7";"0";"2";"3";"1";"1";""
"202200044025";"735 575";"A01";"2";"14";"14";"2";"0";"1";"1";""
"202200044026";"735 572";"A01";"2";"31";"0";"2";"1";"1";"1";""
"202200044026";"735 576";"B01";"1";"2";"0";"2";"8";"10";"1";""
"202200044027";"735 571";"A01";"0";"7";"0";"1";"0";"26";"1";""
"202200044028";"735 567";"B01";"1";"7";"0";"2";"3";"1";"1";""
"202200044028";"735 569";"A01";"2";"50";"0";"2";"1";"1";"3";""
"202200044029";"735 568";"B01";"2";"1";"0";"2";"7";"1";"5";""
"202200044029";"735 570";"A01";"2";"7";"0";"2";"1";"1";"1";""
"202200044030";"735 564";"A01";"3";"7";"0";"2";"2";"11";"1";""
"202200044030";"735 565";"B01";"3";"33";"0";"2";"1";"12";"1";""
"202200044031";"735 563";"A01";"1";"7";"0";"2";"8";"15";"1";""
"202200044031";"735 566";"B01";"1";"50";"0";"2";"7";"13";"3";""
"202200044032";"735 562";"A01";"1";"7";"0";"1";"3";"2";"1";""
"202200044033";"735 560";"A01";"1";"7";"0";"1";"2";"1";"1";""
"202200044034";"735 559";"A01";"1";"7";"0";"2";"1";"1";"1";""
"202200044034";"735 561";"B01";"1";"7";"0";"2";"6";"1";"1";""
"202200044035";"735 557";"A01";"2";"2";"0";"2";"7";"17";"3";""
"202200044035";"735 558";"B01";"2";"7";"0";"2";"3";"15";"1";""
"202200044036";"735 554";"A01";"1";"10";"0";"2";"3";"1";"1";""
"202200044036";"735 556";"B01";"1";"31";"0";"2";"1";"1";"1";""
"202200044037";"735 553";"A01";"3";"7";"0";"2";"5";"16";"1";""
"202200044037";"735 555";"B01";"3";"34";"0";"2";"1";"1";"1";""
"202200044038";"735 549";"A01";"1";"7";"0";"1";"3";"1";"1";""
"202200044039";"735 548";"C01";"1";"7";"1";"0";"1";"1";"1";""
"202200044039";"735 550";"B01";"1";"7";"0";"2";"4";"1";"1";""
"202200044039";"735 551";"A01";"1";"7";"0";"2";"1";"1";"1";""
"202200044039";"735 552";"D01";"1";"7";"0";"2";"4";"24";"1";""
"202200044040";"735 545";"B01";"2";"0";"0";"2";"0";"0";"0";""
"202200044040";"735 546";"A01";"3";"7";"0";"2";"3";"16";"1";""
"202200044041";"735 544";"A01";"1";"2";"0";"2";"1";"1";"1";""
"202200044041";"735 547";"B01";"1";"7";"0";"2";"8";"19";"1";""
"202200044042";"735 541";"B01";"1";"7";"0";"2";"2";"0";"1";""
"202200044042";"735 543";"A01";"1";"7";"0";"2";"1";"26";"1";""
"202200044043";"735 540";"B01";"1";"7";"0";"2";"2";"1";"1";""
"202200044043";"735 542";"A01";"3";"7";"0";"2";"1";"9";"1";""
"202200044044";"735 537";"A01";"0";"7";"0";"1";"1";"1";"1";""
"202200044045";"735 534";"A01";"0";"7";"0";"1";"8";"15";"2";""
"202200044046";"735 533";"B01";"2";"7";"0";"2";"1";"23";"1";""
"202200044046";"735 535";"C01";"2";"7";"0";"2";"8";"23";"1";""
"202200044046";"735 536";"D01";"1";"7";"0";"2";"4";"2";"1";""
"202200044046";"735 538";"E01";"1";"7";"0";"2";"4";"2";"1";""
"202200044046";"735 539";"A01";"1";"7";"0";"2";"1";"13";"1";""
"202200044047";"735 531";"A01";"1";"7";"0";"1";"2";"1";"1";""
"202200044048";"735 530";"A01";"3";"2";"0";"2";"1";"1";"1";""
"202200044048";"735 532";"B01";"3";"7";"0";"2";"6";"1";"1";""
"202200044049";"735 527";"A01";"2";"7";"0";"1";"1";"1";"1";""
"202200044050";"735 528";"B01";"2";"7";"0";"2";"4";"1";"1";""
"202200044050";"735 529";"A01";"2";"7";"0";"2";"1";"1";"1";""
"202200044051";"735 525";"A01";"1";"7";"6";"0";"3";"13";"1";""
"202200044052";"735 523";"C01";"2";"7";"0";"2";"4";"2";"1";""
"202200044052";"735 524";"B01";"2";"7";"0";"2";"4";"2";"1";""
"202200044052";"735 526";"A01";"2";"7";"0";"2";"1";"2";"1";""
"202200044053";"735 520";"A01";"2";"7";"0";"2";"3";"9";"1";""
"202200044053";"735 522";"B01";"2";"2";"0";"2";"8";"1";"1";""
"202200044054";"735 519";"B01";"1";"2";"0";"2";"8";"1";"1";""
"202200044054";"735 521";"A01";"2";"7";"0";"2";"1";"1";"1";""
"202200044055";"735 517";"B01";"3";"50";"0";"2";"8";"19";"3";""
"202200044055";"735 518";"A01";"2";"7";"0";"2";"2";"1";"1";""
"202200044056";"735 515";"A01";"1";"7";"0";"2";"4";"23";"0";""
"202200044056";"735 516";"B01";"1";"7";"0";"2";"1";"2";"1";""
"202200044057";"735 513";"A01";"1";"7";"0";"2";"1";"1";"1";""
"202200044057";"735 514";"B01";"1";"7";"0";"2";"4";"1";"1";""
"202200044058";"735 511";"B01";"1";"1";"0";"2";"1";"15";"5";""
"202200044058";"735 512";"A01";"2";"7";"0";"9";"1";"1";"1";""
"202200044059";"735 509";"B01";"1";"1";"0";"2";"8";"25";"5";""
"202200044059";"735 510";"A01";"0";"10";"0";"2";"1";"26";"1";""
"202200044060";"735 506";"A01";"1";"7";"0";"2";"1";"11";"1";""
"202200044060";"735 507";"B01";"2";"33";"0";"2";"1";"1";"1";""
"202200044061";"735 504";"A01";"3";"7";"0";"1";"3";"1";"1";""
"202200044062";"735 502";"A01";"3";"7";"0";"2";"1";"15";"1";""
"202200044062";"735 505";"B01";"3";"7";"0";"2";"1";"1";"1";""
"202200044062";"735 508";"C01";"3";"7";"0";"2";"1";"23";"1";""
"202200044063";"735 501";"A01";"0";"34";"0";"2";"2";"17";"1";""
"202200044063";"735 503";"B01";"0";"10";"0";"2";"8";"15";"1";""
"202200044064";"735 497";"A01";"2";"30";"0";"2";"1";"17";"1";""
"202200044064";"735 499";"B01";"2";"7";"0";"2";"6";"17";"0";""
"202200044064";"735 500";"C01";"2";"2";"0";"2";"4";"23";"1";""
"202200044065";"735 495";"A01";"2";"7";"0";"2";"3";"15";"1";""
"202200044065";"735 496";"B01";"1";"2";"0";"2";"1";"1";"1";""
"202200044066";"735 494";"A01";"3";"7";"0";"1";"1";"1";"1";""
"202200044067";"735 493";"A01";"2";"7";"0";"1";"2";"1";"1";""
"202200044068";"735 490";"A01";"3";"7";"0";"2";"1";"15";"1";""
"202200044068";"735 492";"B01";"0";"33";"0";"2";"3";"1";"0";""
"202200044069";"735 491";"A01";"0";"33";"3";"0";"0";"18";"1";""
"202200044070";"735 487";"A01";"3";"30";"0";"1";"1";"10";"0";""
"202200044071";"735 488";"A01";"3";"0";"0";"1";"1";"26";"0";""
"202200044072";"735 484";"A01";"2";"7";"0";"1";"2";"9";"1";""
"202200044073";"735 483";"A01";"1";"7";"0";"2";"6";"15";"1";""
"202200044073";"735 485";"B01";"1";"2";"0";"2";"1";"1";"1";""
"202200044074";"735 480";"A01";"1";"7";"0";"2";"1";"2";"1";""
"202200044074";"735 481";"B01";"1";"7";"0";"2";"4";"2";"1";""
"202200044075";"735 479";"A01";"1";"7";"8";"0";"2";"21";"1";""
"202200044076";"735 476";"A01";"3";"7";"0";"2";"5";"15";"1";""
"202200044076";"735 477";"B01";"3";"7";"0";"2";"2";"1";"1";""
"202200044077";"735 474";"A01";"1";"7";"0";"9";"2";"13";"1";""
"202200044078";"735 468";"A01";"1";"7";"0";"1";"1";"1";"1";""