"Num_Acc";"id_vehicule";"num_veh";"senc";"catv";"obs";"obsm";"choc";"manv";"motor";"occutc"
"202200044290";"735 088";"B01";"2";"7";"0";"2";"4";"1";"1";""
"202200044290";"735 089";"C01";"2";"7";"0";"2";"4";"1";"1";""
"202200044291";"735 083";"B01";"1";"33";"3";"2";"1";"3";"1";""
"202200044291";"735 085";"A01";"1";"7";"3";"2";"8";"11";"1";""
"202200044292";"735 082";"A01";"1";"7";"0";"2";"1";"1";"1";""
"202200044292";"735 084";"B01";"2";"7";"0";"2";"5";"15";"2";""
"202200044293";"735 078";"A01";"2";"7";"0";"2";"5";"9";"1";""
"202200044293";"735 080";"B01";"2";"33";"0";"2";"3";"1";"1";""
"202200044294";"735 075";"E01";"2";"7";"1";"0";"4";"23";"2";""
"202200044294";"735 076";"D01";"2";"7";"1";"0";"4";"23";"1";""
"202200044294";"735 077";"C01";"2";"7";"1";"0";"4";"23";"1";""
"202200044294";"735 079";"B01";"2";"10";"1";"0";"4";"23";"1";""
"202200044294";"735 081";"A01";"2";"7";"1";"0";"1";"1";"2";""
"202200044295";"735 072";"A01";"3";"43";"0";"2";"5";"16";"1";""
"202200044295";"735 074";"B01";"3";"7";"0";"2";"3";"9";"1";""
"202200044296";"735 069";"A01";"2";"1";"0";"0";"0";"1";"5";""
"202200044297";"735 067";"C01";"2";"7";"4";"2";"6";"2";"1";""
"202200044297";"735 068";"A01";"2";"7";"4";"2";"5";"2";"1";""
"202200044297";"735 070";"B01";"2";"7";"4";"2";"5";"2";"1";""
"202200044297";"735 071";"D01";"2";"7";"4";"2";"5";"2";"1";""
"202200044297";"735 073";"Z01";"2";"7";"4";"2";"2";"12";"1";""
"202200044298";"735 066";"A01";"2";"10";"8";"0";"2";"0";"1";""
"202200044299";"735 062";"A01";"1";"14";"0";"2";"4";"1";"1";""
"202200044299";"735 064";"B01";"1";"7";"0";"2";"4";"1";"1";""
"202200044300";"735 063";"A01";"1";"7";"0";"2";"5";"15";"1";""
"202200044300";"735 065";"B01";"2";"33";"0";"2";"1";"1";"1";""
"202200044301";"735 061";"A01";"1";"7";"0";"1";"1";"2";"1";""
"202200044302";"735 059";"A01";"2";"2";"9";"0";"1";"1";"1";""
"202200044303";"735 058";"A01";"1";"33";"0";"2";"1";"1";"1";""
"202200044303";"735 060";"B01";"1";"7";"0";"2";"4";"2";"1";""
"202200044304";"735 053";"B01";"2";"17";"0";"2";"5";"17";"1";""
"202200044304";"735 056";"A01";"2";"7";"0";"2";"3";"20";"1";""
"202200044305";"735 055";"B01";"1";"33";"0";"2";"1";"2";"1";""
"202200044305";"735 057";"A01";"1";"7";"0";"2";"4";"1";"1";""
"202200044306";"735 052";"A01";"2";"7";"0";"2";"3";"11";"1";""
"202200044306";"735 054";"B01";"2";"34";"0";"2";"7";"3";"1";""
"202200044307";"735 048";"A01";"2";"80";"0";"2";"8";"19";"3";""
"202200044307";"735 050";"B01";"1";"7";"0";"9";"1";"1";"1";""
"202200044308";"735 047";"B01";"1";"7";"0";"2";"3";"0";"1";""
"202200044308";"735 051";"A01";"1";"7";"0";"2";"7";"9";"1";""
"202200044309";"735 046";"A01";"1";"7";"3";"2";"8";"12";"1";""
"202200044309";"735 049";"B01";"1";"7";"0";"2";"7";"1";"1";""
"202200044310";"735 042";"A01";"2";"7";"0";"2";"6";"11";"1";""
"202200044310";"735 044";"B01";"2";"16";"0";"2";"2";"1";"1";""
"202200044311";"735 040";"A01";"2";"7";"0";"2";"1";"1";"1";""
"202200044311";"735 043";"C01";"2";"7";"0";"2";"4";"1";"1";""
"202200044312";"735 041";"B01";"2";"7";"0";"2";"4";"2";"1";""
"202200044312";"735 045";"A01";"2";"7";"0";"2";"1";"2";"1";""
"202200044313";"735 038";"A01";"2";"33";"1";"0";"2";"0";"1";""
"202200044314";"735 036";"B01";"1";"7";"1";"2";"1";"2";"1";""
"202200044314";"735 039";"A01";"1";"7";"0";"2";"4";"24";"1";""
"202200044315";"735 035";"A01";"1";"7";"0";"2";"1";"2";"1";""
"202200044315";"735 037";"B01";"1";"7";"0";"2";"4";"23";"1";""
"202200044316";"735 033";"A01";"2";"7";"0";"9";"6";"15";"1";""
"202200044316";"735 034";"B01";"2";"34";"0";"2";"1";"1";"1";""
"202200044317";"735 031";"B01";"1";"33";"0";"2";"2";"1";"1";""
"202200044317";"735 032";"A01";"1";"7";"0";"2";"8";"11";"1";""
"202200044318";"735 027";"A01";"1";"7";"3";"2";"7";"19";"1";""
"202200044318";"735 029";"B01";"1";"7";"0";"2";"1";"2";"1";""
"202200044319";"735 028";"B01";"3";"50";"0";"2";"1";"15";"3";""
"202200044319";"735 030";"A01";"1";"7";"0";"2";"3";"15";"1";""
"202200044320";"735 026";"Z01";"3";"30";"0";"1";"1";"1";"1";""
"202200044321";"735 024";"A01";"1";"99";"0";"9";"1";"1";"1";""
"202200044321";"735 025";"B01";"1";"0";"0";"2";"0";"0";"0";""
"202200044322";"735 023";"A01";"3";"7";"0";"1";"3";"1";"1";""
"202200044323";"735 022";"A01";"1";"7";"0";"1";"2";"16";"1";""
"202200044324";"735 019";"A01";"2";"30";"0";"2";"8";"1";"1";""
"202200044324";"735 021";"B01";"2";"7";"0";"2";"1";"1";"1";""
"202200044325";"735 020";"A01";"3";"7";"0";"1";"3";"16";"1";""
"202200044326";"735 017";"A01";"2";"7";"0";"1";"2";"17";"1";""
"202200044327";"735 016";"B01";"2";"7";"0";"2";"3";"15";"1";""
"202200044327";"735 018";"A01";"1";"7";"0";"2";"2";"1";"2";""
"202200044328";"735 013";"A01";"3";"7";"0";"2";"2";"10";"1";""
"202200044328";"735 015";"B01";"3";"32";"0";"2";"3";"1";"1";""
"202200044329";"735 010";"A01";"2";"10";"0";"1";"7";"0";"6";""
"202200044330";"735 009";"A01";"1";"7";"0";"1";"4";"20";"1";""
"202200044331";"735 007";"A01";"1";"7";"13";"0";"0";"21";"1";""
"202200044332";"735 008";"C01";"1";"7";"0";"2";"4";"1";"1";""
"202200044332";"735 011";"B01";"1";"7";"0";"2";"4";"23";"2";""
"202200044332";"735 014";"A01";"1";"7";"0";"2";"1";"1";"1";""
"202200044333";"735 004";"A01";"1";"7";"0";"1";"4";"0";"1";""
"202200044334";"735 006";"A01";"2";"50";"0";"0";"0";"0";"3";""
"202200044335";"735 002";"B01";"1";"2";"0";"2";"3";"1";"1";""
"202200044335";"735 003";"A01";"1";"7";"0";"2";"5";"16";"1";""
"202200044336";"735 001";"A01";"1";"7";"0";"2";"3";"19";"2";""
"202200044336";"735 005";"B01";"1";"33";"6";"2";"1";"1";"1";""
"202200044337";"735 000";"A01";"2";"50";"0";"0";"0";"1";"3";""
"202200044338";"734 998";"A01";"1";"7";"0";"2";"3";"9";"1";""
"202200044338";"734 999";"B01";"1";"30";"0";"2";"1";"17";"1";""
"202200044339";"734 996";"A01";"1";"30";"0";"0";"3";"1";"1";""
"202200044340";"734 994";"B01";"1";"33";"0";"2";"1";"17";"1";""
"202200044340";"734 997";"A01";"1";"7";"0";"2";"8";"15";"1";""
"202200044341";"734 992";"A01";"1";"7";"9";"2";"7";"12";"1";""
"202200044341";"734 995";"B01";"1";"32";"9";"2";"1";"1";"1";""
"202200044342";"734 989";"B01";"1";"7";"0";"2";"1";"1";"2";""
"202200044342";"734 993";"A01";"3";"32";"0";"2";"7";"5";"1";""
"202200044343";"734 988";"A01";"1";"7";"0";"2";"0";"15";"1";""
"202200044343";"734 990";"B01";"1";"2";"0";"2";"8";"1";"1";""
"202200044344";"734 987";"A01";"2";"10";"0";"1";"2";"1";"1";""
"202200044345";"734 986";"A01";"1";"7";"0";"0";"1";"26";"1";""
"202200044346";"734 984";"A01";"2";"7";"0";"0";"2";"1";"1";""
"202200044347";"734 983";"B01";"1";"33";"0";"2";"1";"1";"1";""
"202200044347";"734 985";"A01";"1";"7";"0";"2";"7";"15";"1";""
"202200044348";"734 982";"A01";"2";"33";"13";"0";"1";"1";"1";""
"202200044349";"734 979";"B01";"3";"1";"0";"2";"7";"2";"0";""
"202200044349";"734 981";"A01";"3";"7";"0";"2";"1";"0";"1";""
"202200044350";"734 978";"A01";"3";"7";"0";"1";"3";"1";"1";""
"202200044351";"734 977";"A01";"2";"7";"0";"2";"3";"9";"1";""
"202200044351";"734 980";"B01";"2";"1";"0";"2";"1";"1";"5";""
"202200044352";"734 975";"B01";"3";"33";"0";"0";"8";"1";"1";""
"202200044353";"734 971";"A01";"2";"7";"0";"2";"2";"17";"1";""
"202200044353";"734 973";"B01";"2";"10";"0";"0";"6";"1";"1";""
"202200044353";"734 976";"C01";"2";"7";"0";"0";"0";"2";"1";""
"202200044354";"734 969";"A01";"2";"7";"8";"0";"7";"14";"1";""
"202200044355";"734 970";"B01";"1";"33";"0";"2";"7";"17";"1";""
"202200044355";"734 972";"A01";"1";"7";"0";"2";"8";"23";"1";""
"202200044356";"734 968";"A01";"3";"7";"0";"1";"1";"1";"1";""
"202200044357";"734 967";"A01";"2";"7";"0";"0";"0";"1";"1";""
"202200044358";"734 963";"B01";"0";"10";"0";"2";"1";"1";"0";""
"202200044358";"734 966";"A01";"0";"7";"0";"2";"3";"1";"1";""
"202200044359";"734 965";"A01";"1";"7";"14";"0";"1";"26";"1";""
"202200044360";"734 961";"A01";"1";"7";"6";"0";"1";"14";"1";""
"202200044361";"734 960";"A01";"1";"10";"0";"9";"6";"23";"1";""
"202200044361";"734 962";"B01";"1";"1";"1";"0";"1";"1";"5";""
"202200044362";"734 959";"A01";"2";"33";"0";"0";"2";"2";"1";""
"202200044363";"734 957";"A01";"3";"7";"0";"2";"4";"1";"1";""
"202200044363";"734 958";"B01";"3";"7";"0";"2";"1";"1";"1";""
"202200044364";"734 956";"A01";"2";"7";"4";"0";"3";"1";"1";""
"202200044365";"734 953";"B01";"1";"32";"0";"2";"6";"23";"1";""
"202200044365";"734 955";"A01";"1";"7";"0";"2";"6";"2";"3";""
"202200044366";"734 952";"B01";"2";"7";"0";"2";"3";"15";"1";""
"202200044366";"734 954";"C01";"2";"50";"0";"2";"8";"19";"3";""
"202200044367";"734 951";"A01";"3";"1";"0";"1";"1";"1";"5";""
"202200044368";"734 950";"A01";"1";"7";"13";"0";"1";"1";"1";""
"202200044369";"734 949";"A01";"1";"7";"0";"1";"6";"26";"1";""
"202200044370";"734 947";"A01";"2";"7";"0";"1";"0";"1";"1";""
"202200044371";"734 946";"B01";"0";"17";"0";"2";"2";"0";"1";""
"202200044371";"734 948";"A01";"0";"7";"0";"2";"3";"1";"1";""
"202200044372";"734 944";"A01";"1";"7";"0";"0";"9";"1";"1";""
"202200044373";"734 943";"A01";"0";"30";"8";"0";"2";"14";"1";""
"202200044374";"734 940";"C01";"2";"7";"0";"0";"4";"2";"1";""
"202200044374";"734 941";"B01";"2";"7";"0";"0";"4";"2";"1";""
"202200044374";"734 945";"A01";"2";"7";"0";"0";"4";"2";"1";""
"202200044375";"734 939";"A01";"1";"7";"0";"2";"4";"26";"1";""
"202200044375";"734 942";"B01";"1";"7";"0";"2";"1";"1";"1";""
"202200044376";"734 937";"A01";"2";"33";"0";"0";"0";"0";"1";""
"202200044377";"734 936";"A01";"1";"34";"0";"9";"0";"26";"1";""
"202200044377";"734 938";"B01";"3";"1";"0";"2";"0";"15";"5";""
"202200044378";"734 934";"A01";"1";"7";"0";"2";"1";"15";"1";""
"202200044378";"734 935";"B01";"1";"33";"0";"2";"1";"1";"1";""
"202200044379";"734 930";"A01";"3";"7";"0";"2";"3";"1";"1";""
"202200044379";"734 933";"B01";"3";"1";"0";"2";"1";"1";"5";""
"202200044380";"734 929";"B01";"2";"7";"0";"2";"8";"15";"1";""
"202200044380";"734 932";"A01";"2";"33";"0";"2";"1";"17";"1";""
"202200044381";"734 928";"A01";"3";"30";"0";"2";"1";"5";"1";""
"202200044381";"734 931";"B01";"3";"1";"0";"2";"0";"0";"5";""
"202200044382";"734 927";"A01";"3";"7";"0";"1";"1";"16";"1";""
"202200044383";"734 925";"A01";"1";"7";"0";"0";"2";"1";"1";""
"202200044384";"734 922";"Y01";"2";"50";"0";"2";"3";"1";"3";""
"202200044384";"734 926";"A01";"2";"7";"0";"2";"2";"9";"1";""
"202200044385";"734 920";"A01";"1";"7";"12";"2";"8";"1";"1";""
"202200044385";"734 923";"B01";"2";"10";"0";"2";"0";"0";"1";""
"202200044386";"734 917";"A01";"3";"32";"0";"0";"1";"1";"1";""
"202200044387";"734 916";"A01";"1";"3";"8";"0";"1";"1";"1";""
"202200044388";"734 915";"B01";"1";"33";"0";"2";"1";"1";"1";""
"202200044388";"734 919";"A01";"2";"7";"0";"2";"3";"15";"1";""
"202200044389";"734 914";"A01";"3";"7";"0";"2";"8";"16";"1";""
"202200044389";"734 918";"B01";"0";"7";"0";"0";"0";"0";"0";""
"202200044390";"734 907";"B01";"3";"7";"0";"2";"4";"1";"0";""
"202200044390";"734 913";"A01";"3";"7";"0";"2";"1";"1";"0";""
"202200044391";"734 908";"A01";"2";"3";"14";"2";"3";"1";"1";""
"202200044391";"734 912";"B01";"2";"7";"0";"2";"5";"23";"1";""
"202200044392";"734 909";"A01";"2";"7";"0";"2";"8";"19";"1";""
"202200044392";"734 911";"B01";"2";"33";"0";"2";"1";"1";"0";""
"202200044393";"734 906";"B01";"1";"33";"0";"2";"3";"1";"1";""
"202200044393";"734 910";"A01";"2";"7";"0";"2";"1";"9";"1";""
"202200044394";"734 904";"A01";"2";"7";"14";"0";"1";"6";"1";""
"202200044395";"734 901";"B01";"1";"2";"0";"2";"1";"1";"1";""
"202200044395";"734 903";"A01";"2";"7";"0";"2";"3";"9";"1";""
"202200044396";"734 900";"A01";"1";"7";"0";"2";"3";"1";"1";""
"202200044396";"734 905";"B01";"2";"31";"0";"2";"1";"1";"1";""
"202200044397";"734 898";"B01";"3";"7";"0";"2";"3";"1";"1";""
"202200044397";"734 899";"C01";"3";"7";"0";"2";"3";"0";"1";""
"202200044397";"734 902";"A01";"3";"33";"0";"2";"1";"17";"1";""
"202200044398";"734 897";"A01";"2";"31";"0";"1";"1";"1";"1";""
"202200044399";"734 894";"B01";"2";"1";"0";"2";"1";"19";"5";""
"202200044399";"734 895";"A01";"1";"7";"0";"2";"3";"1";"1";""
"202200044400";"734 893";"A01";"3";"7";"0";"2";"3";"26";"1";""
"202200044400";"734 896";"B01";"3";"30";"0";"2";"2";"1";"1";""
"202200044401";"734 891";"A01";"1";"33";"0";"0";"0";"1";"1";""
"202200044402";"734 888";"A01";"1";"7";"15";"2";"2";"1";"3";""
"202200044402";"734 892";"B01";"1";"30";"0";"2";"1";"1";"1";""
"202200044403";"734 887";"A01";"2";"7";"0";"0";"0";"1";"1";""
"202200044404";"734 886";"B01";"2";"1";"0";"2";"8";"19";"5";""
"202200044404";"734 890";"A01";"1";"7";"0";"2";"1";"1";"1";""
"202200044405";"734 885";"B01";"3";"7";"0";"2";"8";"0";"1";""
"202200044405";"734 889";"A01";"3";"7";"0";"2";"1";"0";"1";""
"202200044406";"734 883";"A01";"2";"33";"0";"0";"7";"1";"1";""
"202200044407";"734 882";"A01";"3";"7";"0";"2";"2";"1";"1";""
"202200044407";"734 884";"B01";"3";"3";"15";"2";"3";"1";"1";""
"202200044408";"734 879";"A01";"1";"14";"0";"2";"1";"2";"0";""
"202200044408";"734 881";"B01";"1";"7";"0";"2";"4";"2";"1";""
"202200044409";"734 878";"A01";"1";"1";"0";"2";"0";"1";"5";""
"202200044409";"734 880";"Z01";"1";"2";"0";"2";"0";"26";"1";""
"202200044410";"734 877";"A01";"1";"2";"0";"0";"9";"1";"1";""
"202200044411";"734 876";"A01";"2";"30";"0";"0";"0";"21";"1";""
"202200044412";"734 875";"A01";"3";"30";"12";"0";"7";"14";"0";""
"202200044413";"734 874";"A01";"2";"10";"2";"0";"1";"13";"1";""
"202200044414";"734 872";"A01";"1";"7";"8";"0";"1";"13";"1";""
"202200044415";"734 870";"A01";"2";"7";"0";"9";"2";"19";"1";""
"202200044415";"734 873";"B01";"1";"80";"0";"2";"1";"19";"3";""
"202200044416";"734 869";"A01";"0";"43";"12";"0";"2";"1";"1";""
"202200044417";"734 871";"A01";"3";"10";"0";"1";"4";"4";"1";""
"202200044418";"734 868";"A01";"0";"3";"0";"1";"1";"1";"1";""
"202200044419";"734 866";"B01";"1";"1";"0";"2";"6";"1";"5";""
"202200044419";"734 867";"A01";"1";"7";"0";"2";"2";"1";"1";""
"202200044420";"734 863";"A01";"1";"7";"0";"2";"1";"1";"1";""
"202200044420";"734 865";"B01";"2";"1";"0";"2";"8";"19";"5";""
"202200044421";"734 862";"A01";"1";"33";"0";"2";"0";"2";"1";""
"202200044421";"734 864";"B01";"1";"33";"0";"0";"6";"23";"1";""
"202200044422";"734 858";"B01";"2";"7";"0";"2";"3";"16";"1";""
"202200044422";"734 860";"A01";"1";"1";"0";"2";"1";"25";"5";""
"202200044423";"734 859";"B01";"1";"50";"0";"2";"1";"1";"3";""
"202200044423";"734 861";"A01";"2";"7";"0";"2";"3";"15";"1";""
"202200044424";"734 857";"A01";"1";"21";"0";"0";"0";"2";"1";""
"202200044425";"734 856";"A01";"1";"7";"0";"1";"2";"1";"1";""
"202200044426";"734 851";"A01";"2";"7";"0";"2";"2";"1";"1";""
"202200044426";"734 855";"B01";"1";"7";"0";"2";"3";"1";"1";""
"202200044427";"734 849";"A01";"1";"7";"0";"0";"2";"15";"1";""
"202200044427";"734 853";"B01";"2";"10";"7";"0";"1";"1";"1";""
"202200044428";"734 848";"C01";"2";"7";"0";"2";"4";"23";"1";""
"202200044428";"734 850";"B01";"2";"7";"0";"2";"4";"23";"1";""
"202200044428";"734 854";"A01";"2";"10";"0";"2";"1";"2";"0";""
"202200044429";"734 847";"A01";"1";"50";"0";"2";"1";"1";"3";""
"202200044429";"734 852";"B01";"2";"7";"0";"2";"3";"15";"1";""
"202200044430";"734 846";"A01";"0";"43";"15";"0";"0";"1";"1";""
"202200044431";"734 843";"B01";"3";"1";"0";"2";"1";"5";"5";""
"202200044431";"734 844";"A01";"3";"7";"0";"2";"3";"9";"1";""
"202200044432";"734 839";"B01";"1";"7";"0";"2";"1";"1";"1";""
"202200044432";"734 842";"A01";"1";"7";"0";"1";"2";"1";"1";""
"202200044433";"734 838";"A01";"2";"10";"0";"2";"1";"1";"1";""
"202200044433";"734 840";"B01";"2";"2";"0";"2";"1";"1";"1";""
"202200044433";"734 845";"C01";"2";"7";"0";"2";"5";"1";"1";""
"202200044434";"734 836";"B01";"3";"7";"0";"2";"3";"1";"1";""
"202200044434";"734 841";"A01";"3";"7";"0";"2";"3";"1";"1";""
"202200044435";"734 837";"A01";"1";"7";"9";"0";"9";"1";"1";""
"202200044436";"734 835";"A01";"2";"7";"8";"0";"1";"16";"1";""
"202200044437";"734 833";"A01";"2";"33";"0";"0";"2";"17";"0";""
"202200044438";"734 832";"A01";"2";"10";"3";"0";"3";"1";"1";""
"202200044439";"734 831";"A01";"1";"7";"0";"2";"3";"9";"1";""
"202200044439";"734 834";"B01";"1";"7";"0";"2";"1";"1";"0";""
"202200044440";"734 828";"A01";"2";"60";"0";"2";"1";"13";"5";""
"202200044440";"734 830";"B01";"2";"7";"0";"2";"2";"1";"1";""
"202200044441";"734 826";"B01";"0";"1";"0";"2";"1";"17";"5";""
"202200044441";"734 829";"A01";"0";"7";"0";"2";"3";"15";"1";""
"202200044442";"734 824";"A01";"1";"7";"0";"2";"1";"16";"1";""
"202200044442";"734 827";"B01";"1";"30";"0";"2";"2";"14";"1";""
"202200044443";"734 825";"A01";"2";"7";"0";"1";"2";"15";"1";""
"202200044444";"734 823";"Z01";"1";"0";"0";"1";"0";"0";"1";""
"202200044445";"734 822";"A01";"3";"3";"0";"1";"1";"21";"1";""
"202200044446";"734 818";"A01";"0";"7";"0";"2";"2";"1";"1";""
"202200044446";"734 821";"B01";"0";"2";"0";"2";"8";"15";"1";""
"202200044447";"734 817";"B01";"1";"33";"0";"2";"4";"1";"1";""
"202200044447";"734 820";"A01";"1";"7";"0";"2";"1";"2";"1";""
"202200044448";"734 816";"B01";"2";"7";"0";"2";"4";"2";"1";""
"202200044448";"734 819";"A01";"2";"7";"0";"2";"1";"2";"1";""
"202200044449";"734 814";"A01";"1";"2";"12";"0";"0";"26";"1";""
"202200044450";"734 812";"A01";"1";"10";"0";"2";"3";"9";"1";""
"202200044450";"734 815";"B01";"2";"1";"0";"2";"1";"17";"5";""
"202200044451";"734 813";"A01";"3";"50";"0";"0";"0";"1";"3";""
"202200044452";"734 810";"B01";"2";"80";"0";"2";"8";"1";"3";""
"202200044452";"734 811";"A01";"2";"7";"0";"2";"2";"1";"1";""
"202200044453";"734 806";"B01";"2";"7";"0";"2";"3";"15";"1";""
"202200044453";"734 808";"A01";"2";"33";"0";"2";"2";"17";"1";""
"202200044454";"734 804";"B01";"2";"40";"0";"2";"1";"1";"3";""
"202200044454";"734 809";"A01";"1";"7";"0";"4";"2";"9";"1";""
"202200044455";"734 805";"A01";"3";"7";"0";"1";"2";"15";"1";""
"202200044456";"734 800";"A01";"1";"7";"1";"0";"1";"14";"1";""
"202200044457";"734 801";"A01";"2";"10";"0";"2";"1";"7";"1";""
"202200044457";"734 803";"B01";"2";"7";"0";"2";"3";"1";"1";""
"202200044458";"734 798";"B01";"1";"33";"0";"2";"1";"1";"1";""
"202200044458";"734 799";"A01";"1";"7";"0";"2";"1";"15";"1";""
"202200044459";"734 797";"A01";"1";"10";"0";"2";"7";"1";"1";""
"202200044459";"734 802";"B01";"1";"10";"7";"2";"1";"1";"1";""
"202200044460";"734 793";"B01";"2";"7";"0";"2";"5";"2";"1";""
"202200044460";"734 796";"A01";"2";"7";"0";"2";"2";"9";"1";""
"202200044461";"734 794";"A01";"3";"1";"0";"2";"0";"1";"5";""
"202200044461";"734 795";"B01";"3";"1";"0";"2";"0";"1";"5";""
"202200044462";"734 791";"A01";"1";"7";"7";"0";"3";"19";"1";""
"202200044463";"734 790";"B01";"3";"7";"0";"2";"3";"1";"1";""
"202200044463";"734 792";"A01";"3";"7";"0";"2";"5";"17";"1";""
"202200044464";"734 786";"A01";"3";"1";"0";"2";"1";"19";"5";""
"202200044464";"734 789";"B01";"3";"7";"0";"2";"3";"19";"1";""
"202200044465";"734 785";"B01";"1";"33";"0";"2";"7";"1";"1";""
"202200044465";"734 788";"A01";"1";"10";"0";"2";"1";"9";"1";""
"202200044466";"734 784";"A01";"3";"7";"0";"2";"3";"1";"1";""
"202200044466";"734 787";"B01";"3";"10";"0";"2";"6";"1";"1";""
"202200044467";"734 782";"A01";"3";"7";"0";"2";"3";"16";"1";""
"202200044467";"734 783";"B01";"3";"2";"0";"2";"1";"1";"1";""
"202200044468";"734 780";"A01";"1";"10";"11";"0";"1";"1";"1";""
"202200044469";"734 779";"A01";"1";"7";"0";"1";"2";"15";"1";""
"202200044470";"734 778";"A01";"2";"33";"6";"0";"2";"14";"1";""
"202200044471";"734 777";"A01";"1";"7";"0";"2";"3";"1";"1";""
"202200044471";"734 781";"B01";"1";"2";"0";"2";"7";"1";"1";""
"202200044472";"734 773";"B01";"1";"7";"0";"2";"8";"16";"1";""
"202200044472";"734 776";"A01";"2";"43";"0";"2";"3";"17";"1";""
"202200044473";"734 775";"A01";"0";"7";"4";"0";"1";"6";"1";""
"202200044474";"734 770";"A01";"2";"1";"0";"2";"8";"1";"5";""
"202200044474";"734 772";"Z01";"2";"0";"0";"2";"7";"17";"0";""
"202200044475";"734 768";"A01";"2";"7";"0";"2";"3";"10";"1";""
"202200044475";"734 769";"B01";"2";"33";"0";"2";"2";"1";"1";""
"202200044476";"734 765";"B01";"2";"7";"0";"2";"3";"9";"1";""
"202200044476";"734 767";"A01";"2";"2";"0";"2";"1";"18";"1";""
"202200044477";"734 764";"A01";"1";"30";"0";"0";"0";"26";"1";""
"202200044478";"734 762";"A01";"3";"7";"0";"2";"3";"9";"1";""
"202200044478";"734 763";"B01";"3";"33";"0";"2";"1";"26";"1";""
"202200044479";"734 761";"A01";"3";"33";"6";"0";"1";"1";"0";""
"202200044480";"734 759";"A01";"3";"7";"0";"2";"3";"20";"1";""
"202200044480";"734 760";"B01";"2";"2";"0";"2";"3";"0";"0";""
"202200044481";"734 757";"B01";"2";"33";"0";"2";"2";"17";"1";""
"202200044481";"734 758";"A01";"2";"7";"0";"2";"6";"2";"1";""
"202200044482";"734 756";"A01";"0";"7";"15";"0";"0";"1";"3";""
"202200044483";"734 753";"A01";"2";"10";"1";"0";"1";"2";"1";""
"202200044484";"734 755";"A01";"1";"7";"8";"0";"2";"15";"1";""
"202200044485";"734 752";"B01";"2";"2";"0";"2";"1";"1";"1";""
"202200044485";"734 754";"A01";"1";"7";"0";"2";"7";"1";"1";""
"202200044486";"734 750";"A01";"1";"7";"13";"0";"9";"1";"1";""
"202200044487";"734 749";"A01";"1";"7";"0";"2";"2";"15";"1";""
"202200044487";"734 751";"B01";"2";"33";"0";"2";"1";"1";"1";""
"202200044488";"734 748";"A01";"3";"7";"0";"0";"0";"0";"1";""
"202200044489";"734 746";"A01";"0";"80";"0";"0";"1";"0";"3";""
"202200044490";"734 745";"A01";"3";"7";"0";"1";"2";"1";"3";""
"202200044491";"734 744";"B01";"2";"80";"0";"2";"9";"1";"3";""
"202200044491";"734 747";"A01";"3";"7";"0";"9";"3";"19";"1";""
"202200044492";"734 742";"A01";"2";"33";"0";"2";"3";"1";"1";""
"202200044492";"734 743";"B01";"2";"33";"0";"2";"5";"2";"1";""
"202200044493";"734 739";"A01";"2";"7";"0";"2";"3";"17";"1";""
"202200044493";"734 741";"B01";"1";"7";"0";"2";"3";"1";"1";""
"202200044494";"734 737";"A01";"3";"7";"0";"9";"3";"15";"2";""
"202200044494";"734 740";"B01";"0";"1";"0";"2";"1";"1";"5";""
"202200044495";"734 735";"B01";"0";"7";"0";"2";"2";"26";"1";""
"202200044495";"734 738";"A01";"0";"50";"0";"2";"1";"5";"3";""
"202200044496";"734 734";"A01";"2";"31";"6";"0";"1";"0";"1";""
"202200044497";"734 733";"A01";"2";"50";"0";"0";"0";"1";"3";""
"202200044498";"734 731";"A01";"0";"10";"16";"0";"3";"17";"1";""
"202200044499";"734 729";"B01";"1";"7";"0";"2";"3";"0";"1";""
"202200044499";"734 736";"A01";"2";"31";"0";"2";"1";"3";"1";""
"202200044500";"734 730";"B01";"3";"1";"0";"2";"0";"2";"5";""
"202200044500";"734 732";"A01";"3";"7";"0";"0";"0";"1";"0";""
"202200044501";"734 727";"A01";"1";"17";"0";"0";"9";"13";"1";""
"202200044502";"734 726";"A01";"2";"7";"0";"2";"8";"1";"1";""
"202200044502";"734 728";"B01";"1";"7";"0";"2";"1";"1";"1";""
"202200044503";"734 724";"A01";"0";"32";"14";"0";"1";"14";"1";""
"202200044504";"734 725";"A01";"1";"7";"0";"2";"3";"13";"1";""
"202200044505";"734 721";"A01";"2";"7";"0";"2";"2";"16";"1";""
"202200044505";"734 723";"B01";"1";"7";"0";"2";"3";"1";"2";""
"202200044506";"734 718";"B01";"3";"1";"0";"2";"5";"2";"5";""
"202200044506";"734 720";"A01";"3";"10";"0";"2";"1";"9";"1";""
"202200044507";"734 719";"B01";"3";"17";"0";"2";"7";"17";"1";""
"202200044507";"734 722";"A01";"3";"1";"0";"2";"0";"13";"5";""
"202200044508";"734 717";"A01";"1";"7";"0";"0";"0";"1";"1";""
"202200044509";"734 714";"A01";"1";"7";"0";"2";"7";"15";"1";""
"202200044509";"734 716";"B01";"2";"31";"0";"2";"1";"1";"1";""
"202200044510";"734 709";"A01";"2";"33";"13";"0";"0";"21";"1";""
"202200044510";"734 712";"B01";"2";"10";"0";"2";"0";"13";" -1";""
"202200044511";"734 710";"B01";"3";"7";"0";"9";"7";"20";"1";""