"Num_Acc";"id_vehicule";"num_veh";"senc";"catv";"obs";"obsm";"choc";"manv";"motor";"occutc"
"202200044726";"734 334";"A01";"1";"7";"0";"2";"7";"16";"1";""
"202200044727";"734 329";"A01";"2";"33";"0";"0";"5";"1";"1";""
"202200044727";"734 333";"B01";"2";"7";"0";"2";"3";"18";"1";""
"202200044728";"734 328";"D01";"1";"2";"0";"2";"0";"1";" -1";""
"202200044728";"734 332";"A01";"2";"7";"0";"2";"1";"15";"1";""
"202200044728";"734 335";"C01";"1";"2";"16";"2";"8";"1";"1";""
"202200044729";"734 327";"A01";"1";"7";"0";"1";"1";"15";"1";""
"202200044730";"734 324";"A01";"3";"7";"0";"1";"4";"26";"1";""
"202200044731";"734 322";"B01";"2";"7";"0";"2";"3";"1";"1";""
"202200044731";"734 325";"A01";"1";"7";"0";"2";"3";"13";"1";""
"202200044732";"734 320";"A01";"3";"38";"0";"1";"2";"7";"0";"1"
"202200044733";"734 319";"A01";"2";"31";"3";"0";"1";"14";"1";""
"202200044734";"734 316";"A01";"1";"7";"0";"4";"2";"1";"1";""
"202200044734";"734 318";"B01";"1";"39";"0";"0";"3";"1";"0";""
"202200044735";"734 317";"A01";"2";"7";"0";"1";"2";"2";"1";""
"202200044736";"734 315";"A01";"3";"7";"8";"0";"1";"26";"3";""
"202200044737";"734 313";"A01";"1";"7";"13";"0";"1";"14";"1";""
"202200044738";"734 308";"A01";"1";"7";"13";"0";"2";"1";"3";""
"202200044739";"734 307";"A01";"0";"7";"0";"2";"1";"13";"1";""
"202200044739";"734 311";"B01";"0";"7";"0";"2";"2";"1";"1";""
"202200044740";"734 302";"B01";"1";"33";"0";"2";"1";"2";"1";""
"202200044740";"734 305";"A01";"1";"14";"0";"2";"4";"23";"1";""
"202200044741";"734 304";"B01";"1";"7";"0";"2";"1";"1";"1";""
"202200044741";"734 310";"A01";"2";"7";"0";"2";"1";"13";"1";""
"202200044742";"734 300";"A01";"1";"7";"2";"0";"1";"1";"1";""
"202200044743";"734 298";"A01";"3";"33";"8";"0";"1";"1";"1";""
"202200044744";"734 297";"A01";"1";"7";"0";"2";"1";"1";"1";""
"202200044744";"734 301";"C01";"1";"7";"0";"2";"1";"1";"1";""
"202200044744";"734 303";"D01";"1";"7";"0";"2";"1";"1";"1";""
"202200044744";"734 306";"E01";"1";"7";"0";"2";"1";"1";"1";""
"202200044744";"734 309";"F01";"1";"7";"0";"2";"1";"1";"1";""
"202200044744";"734 312";"G01";"1";"7";"0";"0";"4";"1";"1";""
"202200044744";"734 314";"B01";"1";"7";"0";"2";"4";"1";"1";""
"202200044745";"734 296";"B01";"1";"7";"0";"0";"5";"17";"1";""
"202200044745";"734 299";"A01";"1";"30";"0";"2";"3";"13";"1";""
"202200044746";"734 292";"A01";"2";"7";"0";"2";"3";"13";"1";""
"202200044746";"734 294";"B01";"1";"7";"0";"2";"3";"1";"1";""
"202200044747";"734 290";"A01";"1";"30";"0";"1";"7";"3";"1";""
"202200044748";"734 288";"C01";"3";"7";"0";"2";"1";"23";"1";""
"202200044748";"734 293";"B01";"1";"7";"0";"2";"3";"1";"0";""
"202200044748";"734 295";"A01";"2";"7";"13";"2";"3";"15";"1";""
"202200044749";"734 289";"A01";"1";"33";"0";"2";"1";"1";"1";""
"202200044749";"734 291";"B01";"2";"7";"0";"2";"2";"1";"1";""
"202200044750";"734 284";"B01";"2";"7";"0";"2";"1";"1";"1";""
"202200044750";"734 286";"A01";"1";"7";"0";"2";"1";"17";"1";""
"202200044751";"734 283";"B01";"1";"30";"0";"2";"1";"17";"1";""
"202200044751";"734 285";"A01";"1";"10";"0";"2";"7";"15";"1";""
"202200044752";"734 281";"A01";"2";"7";"0";"2";"1";"1";"2";""
"202200044752";"734 287";"B01";"1";"7";"0";"2";"0";"1";"1";""
"202200044753";"734 279";"A01";"2";"7";"0";"2";"3";"13";"1";""
"202200044753";"734 282";"B01";"1";"7";"0";"2";"1";"1";"1";""
"202200044754";"734 275";"A01";"2";"7";"17";"0";"1";"14";"1";""
"202200044755";"734 273";"A01";"1";"7";"0";"2";"1";"13";"1";""
"202200044755";"734 278";"B01";"2";"7";"0";"2";"1";"1";"1";""
"202200044755";"734 280";"C01";"2";"7";"0";"0";"1";"1";"1";""
"202200044756";"734 272";"A01";"0";"0";"0";"9";"2";"2";"0";""
"202200044756";"734 276";"B01";"2";"1";"0";"2";"6";"1";"5";""
"202200044757";"734 270";"A01";"1";"7";"13";"0";"2";"14";"2";""
"202200044758";"734 269";"D01";"1";"15";"0";"0";"4";"23";"1";""
"202200044758";"734 271";"C01";"1";"7";"1";"2";"8";"21";"1";""
"202200044758";"734 274";"B01";"1";"15";"0";"2";"8";"1";"1";""
"202200044758";"734 277";"A01";"1";"7";"0";"2";"7";"17";"1";""
"202200044759";"734 267";"A01";"0";"2";"0";"0";"6";"1";"1";""
"202200044760";"734 265";"B01";"2";"7";"0";"2";"1";"1";"1";""
"202200044760";"734 268";"A01";"1";"7";"0";"2";"1";"17";"1";""
"202200044761";"734 263";"A01";"1";"7";"2";"0";"9";"13";"1";""
"202200044762";"734 261";"A01";"1";"7";"0";"2";"1";"2";"1";""
"202200044762";"734 264";"C01";"1";"7";"0";"2";"4";"2";"1";""
"202200044762";"734 266";"B01";"1";"7";"0";"2";"4";"2";"1";""
"202200044763";"734 259";"A01";"2";"7";"13";"0";"1";"1";"1";""
"202200044764";"734 257";"A01";"3";"21";"0";"2";"1";"23";"1";""
"202200044764";"734 260";"C01";"2";"17";"0";"2";"1";"1";"1";""
"202200044764";"734 262";"B01";"1";"17";"0";"2";"1";"21";"1";""
"202200044765";"734 253";"A01";"1";"7";"0";"2";"3";"13";"1";""
"202200044765";"734 256";"B01";"1";"33";"0";"2";"1";"17";"1";""
"202200044766";"734 254";"A01";"2";"7";"9";"0";"3";"1";"1";""
"202200044767";"734 252";"A01";"2";"7";"15";"0";"9";"1";"1";""
"202200044768";"734 251";"A01";"3";"7";"0";"2";"8";"15";"1";""
"202200044768";"734 255";"B01";"1";"33";"0";"2";"1";"1";"1";""
"202200044769";"734 250";"A01";"1";"7";"13";"0";"2";"13";"1";""
"202200044770";"734 247";"A01";"1";"7";"13";"0";"3";"21";"1";""
"202200044771";"734 246";"B01";"2";"7";"0";"2";"3";"0";"1";""
"202200044771";"734 248";"A01";"1";"7";"0";"2";"3";"5";"1";""
"202200044772";"734 245";"B01";"3";"34";"0";"2";"1";"1";"1";""
"202200044772";"734 249";"A01";"3";"7";"0";"2";"3";"16";"1";""
"202200044773";"734 242";"A01";"3";"33";"0";"6";"1";"1";"1";""
"202200044774";"734 239";"A01";"1";"33";"0";"1";"1";"17";"1";""
"202200044775";"734 238";"B01";"1";"2";"9";"2";"7";"1";"1";""
"202200044775";"734 243";"A01";"3";"7";"0";"2";"1";"19";"1";""
"202200044776";"734 237";"A01";"2";"31";"0";"2";"1";"13";"1";""
"202200044776";"734 241";"B01";"1";"33";"0";"2";"1";"1";"1";""
"202200044777";"734 232";"A01";"2";"7";"8";"0";"1";"1";"1";""
"202200044778";"734 235";"B01";"1";"30";"0";"2";"1";"1";"1";""
"202200044778";"734 240";"A01";"1";"7";"0";"2";"5";"15";"1";""
"202200044779";"734 233";"A01";"1";"33";"13";"0";"9";"1";"1";""
"202200044780";"734 234";"B01";"3";"7";"0";"2";"2";"20";"1";""
"202200044780";"734 236";"A01";"3";"2";"0";"2";"1";"1";"1";""
"202200044781";"734 230";"A01";"1";"20";"0";"2";"1";"1";"1";""
"202200044781";"734 231";"B01";"1";"1";"0";"2";"4";"1";"5";""
"202200044782";"734 228";"A01";"1";"7";"0";"9";"7";"15";"1";""
"202200044782";"734 229";"B01";"2";"1";"0";"2";"1";"1";"5";""
"202200044783";"734 224";"B01";"2";"33";"0";"2";"1";"1";"1";""
"202200044783";"734 227";"A01";"1";"7";"0";"2";"7";"15";"1";""
"202200044784";"734 223";"A01";"2";"7";"7";"2";"3";"21";"1";""
"202200044784";"734 226";"B01";"2";"7";"0";"0";"6";"15";"1";""
"202200044785";"734 221";"B01";"1";"7";"16";"0";"2";"0";"6";""
"202200044785";"734 225";"A01";"1";"7";"2";"0";"3";"0";"1";""
"202200044786";"734 219";"A01";"3";"50";"16";"0";"0";"1";"3";""
"202200044787";"734 220";"A01";"2";"33";"0";"2";"2";"13";"1";""
"202200044787";"734 222";"B01";"1";"7";"0";"2";"2";"1";"1";""
"202200044788";"734 214";"B01";"1";"33";"0";"2";"9";"1";"1";""
"202200044788";"734 217";"A01";"2";"7";"0";"2";"3";"1";"1";""
"202200044789";"734 215";"A01";"2";"7";"0";"2";"1";"13";"1";""
"202200044789";"734 218";"B01";"1";"7";"0";"2";"1";"1";"1";""
"202200044790";"734 213";"B01";"1";"7";"0";"2";"1";"5";"1";""
"202200044790";"734 216";"A01";"2";"7";"0";"2";"1";"1";"1";""
"202200044791";"734 211";"A01";"2";"7";"9";"1";"7";"20";"2";""
"202200044792";"734 210";"A01";"1";"33";"13";"0";"0";"1";"1";""
"202200044793";"734 209";"A01";"1";"7";"0";"1";"3";"1";"1";""
"202200044794";"734 208";"A01";"1";"7";"15";"2";"1";"19";"1";""
"202200044794";"734 212";"B01";"2";"7";"0";"2";"7";"1";"1";""
"202200044795";"734 207";"A01";"2";"7";"13";"0";"6";"14";"1";""
"202200044796";"734 201";"A01";"1";"10";"6";"0";"1";"1";"1";""
"202200044797";"734 200";"B01";"1";"33";"0";"2";"8";"1";"1";""
"202200044797";"734 204";"A01";"2";"7";"0";"2";"6";"13";"1";""
"202200044798";"734 202";"A01";"2";"7";"0";"2";"3";"15";"1";""
"202200044798";"734 206";"B01";"1";"33";"0";"2";"1";"1";"1";""
"202200044799";"734 199";"A01";"1";"7";"0";"2";"1";"1";"1";""
"202200044799";"734 203";"B01";"1";"7";"0";"2";"6";"1";"1";""
"202200044800";"734 198";"A01";"1";"7";"0";"2";"7";"15";"1";""
"202200044800";"734 205";"B01";"2";"7";"0";"2";"1";"1";"3";""
"202200044801";"734 195";"A01";"2";"33";"3";"0";"2";"14";"1";""
"202200044802";"734 194";"A01";"1";"10";"2";"0";"3";"1";"1";""
"202200044803";"734 191";"B01";"1";"33";"0";"2";"8";"1";"1";""
"202200044803";"734 196";"A01";"1";"7";"0";"2";"7";"17";"0";""
"202200044804";"734 192";"B01";"2";"33";"0";"2";"1";"1";"1";""
"202200044804";"734 197";"A01";"1";"7";"0";"2";"3";"19";"1";""
"202200044805";"734 190";"A01";"0";"7";"0";"9";"2";"16";"1";""
"202200044805";"734 193";"B01";"3";"2";"0";"2";"1";"18";"1";""
"202200044806";"734 187";"B01";"1";"2";"0";"2";"1";"1";"1";""
"202200044806";"734 189";"A01";"2";"7";"0";"0";"2";"15";"1";""
"202200044807";"734 184";"B01";"1";"7";"0";"2";"1";"1";"1";""
"202200044807";"734 188";"A01";"2";"31";"0";"2";"8";"9";"1";""
"202200044808";"734 186";"A01";"2";"7";"0";"1";"3";"1";"1";""
"202200044809";"734 182";"A01";"1";"7";"0";"2";"8";"15";"1";""
"202200044809";"734 185";"B01";"1";"2";"0";"2";"7";"17";"1";""
"202200044810";"734 180";"A01";"1";"7";"13";"0";"1";"1";"1";""
"202200044811";"734 179";"A01";"1";"7";"0";"2";"1";"15";"1";""
"202200044811";"734 181";"B01";"2";"7";"0";"2";"1";"1";"2";""
"202200044811";"734 183";"C01";"2";"7";"0";"2";"8";"23";"1";""
"202200044812";"734 178";"A01";"0";"7";"0";"2";"2";"1";"1";""
"202200044813";"734 177";"A01";"2";"7";"13";"0";"2";"14";"1";""
"202200044814";"734 176";"A01";"2";"7";"6";"0";"1";"1";"1";""
"202200044815";"734 173";"A01";"2";"7";"1";"2";"1";"21";"1";""
"202200044816";"734 174";"A01";"2";"7";"0";"1";"1";"1";"1";""
"202200044817";"734 172";"B01";"2";"1";"0";"2";"1";"1";"5";""
"202200044817";"734 175";"A01";"1";"7";"0";"2";"2";"15";"1";""
"202200044818";"734 169";"B01";"1";"10";"0";"2";"8";"1";"1";""
"202200044818";"734 171";"A01";"2";"2";"0";"2";"1";"13";"1";""
"202200044819";"734 166";"A01";"0";"7";"9";"1";"2";"26";"1";""
"202200044820";"734 165";"A01";"2";"38";"0";"1";"2";"16";"1";"1"
"202200044821";"734 164";"C01";"2";"7";"7";"2";"6";"1";"1";""
"202200044821";"734 167";"B01";"2";"7";"0";"2";"1";"1";"1";""
"202200044821";"734 170";"A01";"1";"7";"0";"2";"1";"1";"1";""
"202200044822";"734 163";"A01";"1";"7";"0";"2";"6";"17";"1";""
"202200044822";"734 168";"B01";"2";"7";"0";"2";"3";"1";"1";""
"202200044823";"734 162";"A01";"1";"33";"2";"0";"3";"1";"1";""
"202200044824";"734 161";"A01";"2";"7";"13";"0";"3";"13";"2";""
"202200044825";"734 159";"A01";"3";"7";"2";"0";"1";"16";"1";""
"202200044826";"734 155";"A01";"3";"7";"16";"0";"0";"1";"1";""
"202200044827";"734 156";"B01";"2";"13";"0";"0";"4";"2";"1";""
"202200044827";"734 158";"A01";"2";"7";"0";"2";"1";"2";"1";""
"202200044828";"734 157";"A01";"1";"7";"0";"2";"4";"15";"1";""
"202200044828";"734 160";"B01";"1";"7";"0";"2";"1";"2";"1";""
"202200044829";"734 154";"A01";"1";"7";"0";"0";"9";"1";"1";""
"202200044830";"734 152";"A01";"1";"7";"15";"0";"3";"13";"1";""
"202200044830";"734 153";"B01";"2";"7";"0";"0";"3";"13";"1";""
"202200044831";"734 149";"A01";"2";"7";"8";"0";"0";"14";"1";""
"202200044832";"734 148";"B01";" -1";"20";"0";"2";"1";" -1";" -1";""
"202200044832";"734 151";"A01";"1";"7";"0";"2";"1";"0";" -1";""
"202200044833";"734 146";"A01";"2";"7";"3";"0";"2";"1";"1";""
"202200044834";"734 145";"A01";"1";"7";"0";"2";"3";"5";"1";""
"202200044834";"734 150";"B01";"2";"17";"0";"2";"8";"1";"1";""
"202200044835";"734 144";"B01";"1";"7";"1";"0";"4";"23";"1";""
"202200044835";"734 147";"A01";"1";"7";"1";"2";"1";"1";"1";""
"202200044836";"734 138";"B01";"2";"33";"0";"2";"4";"2";"1";""
"202200044836";"734 142";"A01";"2";"33";"0";"2";"1";"2";"1";""
"202200044837";"734 140";"A01";"1";"7";"2";"0";"1";"0";"1";""
"202200044838";"734 137";"A01";"3";"7";"8";"2";"3";"19";"1";""
"202200044838";"734 143";"B01";"1";"7";"12";"2";"2";"1";"1";""
"202200044839";"734 136";"A01";"1";"7";"0";"0";"3";"9";"1";""
"202200044839";"734 141";"B01";"2";"2";"0";"2";"1";"5";"1";""
"202200044840";"734 135";"A01";"2";"7";"0";"2";"3";"13";"1";""
"202200044840";"734 139";"B01";"1";"7";"0";"2";"3";"1";"1";""
"202200044841";"734 132";"A01";"3";"33";"0";"0";"9";"1";"1";""
"202200044842";"734 129";"A01";"2";"7";"0";"2";"1";"15";"1";""
"202200044842";"734 134";"B01";"1";"33";"0";"2";"8";"1";"1";""
"202200044843";"734 131";"B01";"2";"7";"0";"2";"2";"1";"1";""
"202200044843";"734 133";"A01";"1";"2";"0";"2";"7";"17";"1";""
"202200044844";"734 130";"A01";"3";"7";"8";"0";"1";"1";"1";""
"202200044845";"734 128";"A01";"2";"7";"8";"0";"1";"1";"1";""
"202200044846";"734 127";"A01";"2";"7";"8";"0";"3";"2";"1";""
"202200044847";"734 124";"A01";"3";"7";"16";"0";"0";"1";"1";""
"202200044848";"734 126";"A01";"1";"15";"0";"1";"0";"1";"1";""
"202200044849";"734 123";"B01";"1";"7";"0";"2";"4";"2";"1";""
"202200044849";"734 125";"A01";"1";"33";"0";"0";"1";"2";"1";""
"202200044850";"734 122";"A01";"1";"7";"12";"0";"1";"14";"1";""
"202200044851";"734 121";"A01";"2";"7";"0";"1";"7";"1";"1";""
"202200044852";"734 116";"A01";"0";"50";"0";"2";"8";"25";"3";""
"202200044852";"734 120";"Z01";"0";"50";"0";"2";"1";"25";"3";""
"202200044853";"734 115";"B01";"0";"7";"0";"0";"8";"15";"1";""
"202200044853";"734 119";"A01";"0";"7";"15";"1";"2";"0";"1";""
"202200044854";"734 114";"A01";"1";"7";"15";"2";"1";"13";"1";""
"202200044854";"734 117";"B01";"2";"10";"6";"2";"1";"1";"1";""
"202200044855";"734 112";"C01";"2";"10";"0";"2";"3";"1";"1";""
"202200044855";"734 113";"B01";"2";"7";"0";"2";"6";"11";"1";""
"202200044855";"734 118";"A01";"2";"33";"0";"0";"7";"17";"1";""
"202200044856";"734 110";"A01";"2";"7";"2";"0";"1";"1";"1";""
"202200044857";"734 108";"A01";"3";"2";"17";"0";"1";"1";"1";""
"202200044858";"734 109";"A01";"2";"7";"6";"0";"1";"1";"1";""
"202200044859";"734 107";"B01";"1";"33";"0";"2";"2";"17";"1";""
"202200044859";"734 111";"A01";"1";"10";"0";"2";"3";"13";"1";""
"202200044860";"734 105";"A01";"3";"10";"13";"0";"0";"0";"1";""
"202200044861";"734 103";"A01";"2";"2";"0";"2";"1";"5";"1";""
"202200044861";"734 106";"B01";"1";"2";"0";"2";"1";"1";"1";""
"202200044862";"734 100";"A01";"1";"10";"0";"1";"3";"15";"1";""
"202200044863";"734 099";"B01";"2";"1";"0";"2";"1";"1";"5";""
"202200044863";"734 102";"A01";"1";"7";"0";"2";"1";"13";"3";""
"202200044864";"734 098";"A01";"2";"7";"0";"2";"8";"15";"1";""
"202200044864";"734 101";"B01";"1";"99";"0";"2";"8";"1";"1";""
"202200044864";"734 104";"C01";"1";"33";"0";"2";"1";"21";"1";""
"202200044865";"734 094";"A01";"2";"10";"0";"1";"2";"1";"2";""
"202200044866";"734 093";"A01";"3";"10";"7";"0";"1";"1";"1";""
"202200044867";"734 091";"B01";"1";"80";"0";"2";"1";"1";"3";""
"202200044867";"734 097";"A01";"1";"7";"0";"2";"1";"9";"2";""
"202200044868";"734 090";"A01";"1";"7";"0";"2";"1";"1";"1";""
"202200044868";"734 096";"B01";"3";"7";"13";"2";"8";"9";"1";""
"202200044869";"734 088";"A01";"1";"7";"0";"9";"1";"1";"1";""
"202200044869";"734 089";"B01";"2";"1";"0";"2";"7";"19";"5";""
"202200044870";"734 092";"B01";"2";"15";"0";"2";"2";"17";"1";""
"202200044870";"734 095";"A01";"2";"7";"0";"0";"3";"15";"1";""
"202200044871";"734 083";"A01";"0";"7";"1";"2";"1";"1";"1";""
"202200044871";"734 087";"B01";"0";"7";"0";"2";"1";"23";"3";""
"202200044872";"734 081";"A01";"0";"7";"0";"2";"2";"1";"1";""
"202200044872";"734 086";"B01";"0";"33";"0";"2";"3";"18";"1";""
"202200044873";"734 079";"A01";"2";"7";"0";"2";"2";"5";"1";""
"202200044873";"734 082";"B01";"1";"7";"0";"2";"2";"1";"2";""
"202200044874";"734 076";"A01";"1";"7";"13";"0";"2";"14";"1";""
"202200044875";"734 077";"B01";"0";"2";"0";"2";"4";"1";"1";""
"202200044875";"734 080";"A01";"0";"7";"0";"2";"1";"1";"1";""
"202200044876";"734 075";"B01";"1";"7";"0";"2";"8";"11";"1";""
"202200044876";"734 078";"A01";"1";"7";"0";"2";"1";"1";"1";""
"202200044877";"734 071";"A01";"1";"7";"10";"0";"1";"14";"1";""
"202200044878";"734 072";"A01";"1";"31";"0";"2";"1";"17";"1";""
"202200044878";"734 074";"B01";"2";"7";"0";"2";"1";"1";"1";""
"202200044879";"734 068";"A01";"1";"30";"0";"2";"1";"2";"1";""
"202200044879";"734 070";"B01";"1";"7";"0";"2";"4";"2";"1";""
"202200044880";"734 069";"A01";"2";"7";"0";"2";"1";"6";"1";""
"202200044880";"734 073";"B01";"1";"7";"8";"2";"8";"1";"2";""
"202200044881";"734 067";"A01";"2";"7";"0";"0";"9";"1";"1";""
"202200044882";"734 062";"B01";"1";"7";"0";"2";"3";"2";"1";""
"202200044882";"734 066";"A01";"2";"7";"0";"2";"3";"2";"1";""
"202200044883";"734 063";"A01";"3";"7";"1";"0";"8";"26";"1";""
"202200044884";"734 059";"A01";"3";"10";"0";"2";"3";"0";"1";""
"202200044884";"734 064";"B01";"3";"33";"0";"2";"8";"0";"1";""
"202200044885";"734 058";"A01";"1";"7";"0";"2";"8";"10";"1";""
"202200044885";"734 065";"B01";"1";"34";"0";"2";"1";"17";"1";""
"202200044886";"734 060";"B01";"1";"7";"0";"2";"3";"15";"1";""
"202200044886";"734 061";"A01";"1";"7";"0";"2";"2";"17";"1";""
"202200044887";"734 053";"A01";"0";"7";"6";"0";"1";"14";"1";""
"202200044888";"734 057";"A01";"1";"2";"1";"0";"2";"1";"1";""
"202200044889";"734 054";"B01";"1";"50";"0";"2";"0";"0";"3";""
"202200044889";"734 056";"A01";"1";"3";"0";"2";"1";"26";"1";""
"202200044890";"734 052";"B01";"2";"7";"0";"2";"3";"1";"1";""
"202200044890";"734 055";"A01";"1";"7";"0";"2";"3";"1";"1";""
"202200044891";"734 048";"A01";"1";"10";"0";"0";"5";"15";"1";""
"202200044891";"734 051";"B01";"1";"7";"0";"2";"3";"1";"1";""
"202200044892";"734 044";"A01";"1";"33";"0";"2";"1";"3";"1";""
"202200044892";"734 047";"B01";"1";"10";"0";"2";"2";"1";"1";""
"202200044892";"734 050";"C01";"1";"7";"0";"2";"3";"1";"1";""
"202200044893";"734 045";"B01";"2";"1";"0";"2";"7";"1";"5";""
"202200044893";"734 049";"A01";"2";"7";"0";"2";"1";"26";"1";""
"202200044894";"734 042";"B01";"1";"7";"0";"2";"1";"17";"1";""
"202200044894";"734 046";"A01";"1";"7";"0";"2";"8";"15";"1";""
"202200044895";"734 040";"A01";"1";"7";"6";"1";"2";"15";"1";""
"202200044896";"734 041";"A01";"3";"33";"8";"0";"1";"1";"1";""
"202200044897";"734 038";"A01";"2";"7";"1";"0";"2";"15";"2";""
"202200044898";"734 037";"A01";"0";"7";"0";"1";"2";"1";"0";""
"202200044899";"734 036";"A01";"2";"7";"13";"0";"8";"1";"1";""
"202200044900";"734 035";"B01";"1";"7";"0";"2";"1";"1";"1";""
"202200044900";"734 039";"A01";"2";"7";"0";"2";"8";"1";"1";""
"202200044901";"734 030";"A01";"2";"21";"0";"2";"3";"19";"1";""
"202200044901";"734 033";"B01";"1";"30";"0";"2";"1";"1";"1";""
"202200044902";"734 029";"B01";"2";"15";"0";"0";"4";"2";"1";""
"202200044902";"734 031";"A01";"2";"15";"0";"2";"1";"2";"6";""
"202200044903";"734 028";"A01";"2";"7";"4";"0";"4";"1";"1";""
"202200044903";"734 032";"B01";"2";"7";"0";"2";"1";"2";"1";""
"202200044904";"734 026";"A01";"1";"7";"14";"0";"0";"1";"1";""
"202200044905";"734 025";"A01";"1";"7";"0";"2";"2";"16";"1";""
"202200044905";"734 027";"B01";"1";"1";"0";"2";"0";"1";"5";""
"202200044906";"734 022";"B01";"1";"7";"0";"2";"5";"2";"1";""
"202200044906";"734 024";"A01";"1";"2";"0";"2";"4";"2";"1";""
"202200044907";"734 021";"A01";"1";"7";"2";"0";"6";"1";"0";""
"202200044908";"734 019";"A01";"2";"7";"0";"2";"7";"19";"1";""
"202200044908";"734 023";"B01";"1";"7";"0";"2";"1";"1";"1";""
"202200044909";"734 018";"A01";"2";"7";"0";"9";"3";"15";"1";""
"202200044909";"734 020";"B01";"1";"1";"0";"2";"1";"1";"5";""
"202200044910";"734 015";"A01";"1";"33";"0";"6";"1";"1";"1";""
"202200044911";"734 012";"B01";"1";"7";"0";"2";"0";"16";"1";""
"202200044911";"734 017";"A01";"1";"1";"8";"2";"1";"5";"5";""
"202200044912";"734 014";"A01";"2";"7";"0";"2";"4";"23";"1";""
"202200044912";"734 016";"B01";"2";"7";"0";"2";"1";"2";"0";""
"202200044913";"734 010";"A01";"2";"7";"6";"0";"9";"17";"1";""
"202200044914";"734 011";"A01";"1";"17";"0";"2";"2";"12";"1";""
"202200044914";"734 013";"B01";"1";"7";"0";"2";"8";"1";"1";""
"202200044915";"734 005";"A01";"2";"30";"0";"0";"8";"21";"1";""
"202200044915";"734 007";"B01";"2";"7";"0";"0";"0";"22";"1";""
"202200044916";"734 002";"A01";"2";"7";"2";"0";"1";"1";"1";""
"202200044917";"734 001";"C01";"0";"7";"0";"0";"1";"0";"1";""
"202200044917";"734 003";"B01";"0";"7";"0";"2";"1";"5";"1";""
"202200044917";"734 006";"A01";"0";"7";"0";"2";"1";"5";"1";""
"202200044918";"734 004";"C01";"2";"7";"0";"2";"8";"23";"1";""
"202200044918";"734 008";"B01";"1";"7";"0";"2";"1";"1";"1";""
"202200044918";"734 009";"A01";"2";"7";"0";"2";"1";"17";"1";""
"202200044919";"733 997";"A01";"2";"32";"0";"1";"1";"1";"3";""
"202200044920";"733 999";"A01";"1";"7";"0";"2";"1";"0";"1";""
"202200044920";"734 000";"B01";"1";"7";"0";"2";"4";"2";"1";""
"202200044921";"733 996";"B01";"0";"7";"0";"9";"1";"1";"1";""
"202200044921";"733 998";"A01";"0";"1";"0";"2";"7";"1";"5";""
"202200044922";"733 992";"A01";"2";"2";"0";"0";"0";"16";"1";""
"202200044923";"733 991";"B01";"1";"7";"0";"2";"1";"1";"1";""
"202200044923";"733 995";"A01";"2";"7";"0";"2";"2";"15";"1";""
"202200044924";"733 989";"A01";"1";"7";"0";"2";"8";"2";"1";""
"202200044924";"733 994";"B01";"1";"33";"0";"2";"5";"23";"1";""
"202200044925";"733 986";"A01";"1";"7";"0";"2";"1";"2";"1";""
"202200044925";"733 988";"B01";"1";"10";"0";"2";"4";"2";"1";""
"202200044925";"733 993";"C01";"1";"7";"0";"2";"4";"1";"1";""
"202200044926";"733 985";"A01";"3";"14";"0";"2";"1";"2";"1";""
"202200044926";"733 987";"B01";"3";"10";"0";"2";"1";"2";"1";""
"202200044926";"733 990";"C01";"3";"7";"0";"0";"4";"2";"1";""
"202200044927";"733 984";"A01";"2";"7";"0";"0";"0";"1";"1";""
"202200044928";"733 983";"A01";"2";"33";"0";"0";"0";"1";"1";""
"202200044929";"733 979";"A01";"2";"50";"0";"2";"1";"1";"3";""
"202200044929";"733 982";"B01";"2";"7";"0";"2";"3";"20";"1";""
"202200044930";"733 978";"A01";"1";"7";"6";"0";"7";"1";"1";""
"202200044931";"733 977";"A01";"1";"10";"0";"2";"7";"9";"1";""
"202200044931";"733 981";"B01";"1";"33";"0";"2";"2";"1";"1";""
"202200044932";"733 975";"B01";"1";"7";"0";"2";"4";"23";"1";""
"202200044932";"733 980";"A01";"1";"15";"1";"0";"2";"2";"1";""
"202200044933";"733 973";"A01";"2";"7";"0";"1";"2";"9";"1";""
"202200044934";"733 971";"A01";"1";"7";"0";"2";"7";"1";"1";""
"202200044934";"733 974";"B01";"2";"7";"0";"2";"1";"1";"1";""
"202200044935";"733 970";"A01";"2";"7";"0";"2";"1";"13";"1";""
"202200044936";"733 968";"A01";"2";"31";"3";"0";"0";"0";"1";""
"202200044937";"733 965";"A01";"2";"7";"0";"2";"2";"12";"1";""
"202200044937";"733 967";"B01";"2";"32";"0";"2";"8";"3";"1";""
"202200044937";"733 969";"C01";"1";"7";"0";"2";"3";"1";"1";""
"202200044938";"733 964";"A01";"1";"30";"0";"2";"1";"7";"1";""
"202200044938";"733 966";"B01";"2";"10";"0";"2";"7";"15";"1";""
"202200044939";"733 959";"A01";"1";"34";"14";"0";"1";"14";"1";""
"202200044940";"733 958";"A01";"2";"10";"0";"2";"4";"14";"1";""
"202200044940";"733 961";"B01";"2";"7";"0";"2";"4";"1";"1";""
"202200044941";"733 960";"B01";"1";"33";"0";"2";"1";"17";"1";""
"202200044941";"733 963";"A01";"1";"21";"0";"2";"8";"13";"1";""
"202200044942";"733 955";"A01";"1";"7";"0";"2";"2";"15";"1";""
"202200044942";"733 957";"B01";"2";"2";"0";"2";"1";"1";"1";""