"Num_Acc";"id_vehicule";"num_veh";"senc";"catv";"obs";"obsm";"choc";"manv";"motor";"occutc"
"202200045165";"733 568";"B01";"3";"2";"0";"2";"8";"1";"1";""
"202200045165";"733 572";"A01";"3";"7";"0";"2";"8";"13";"1";""
"202200045166";"733 564";"A01";"3";"10";"0";"1";"5";"4";"1";""
"202200045167";"733 563";"A01";"3";"7";"0";"5";"3";"1";"1";""
"202200045168";"733 562";"A01";"2";"7";"0";"2";"2";"9";"1";""
"202200045168";"733 566";"B01";"2";"1";"0";"2";"7";"16";"5";""
"202200045169";"733 560";"A01";"0";"7";"0";"0";"0";"1";"1";""
"202200045170";"733 558";"A01";"2";"33";"0";"0";"7";"17";"1";""
"202200045171";"733 559";"A01";"1";"7";"0";"2";"7";"15";"2";""
"202200045171";"733 565";"B01";"2";"31";"0";"2";"1";"1";"1";""
"202200045172";"733 556";"A01";"2";"36";"3";"0";"2";"1";"1";""
"202200045173";"733 555";"A01";"3";"7";"0";"2";"7";"15";"0";""
"202200045173";"733 557";"B01";"3";"7";"0";"2";"1";"1";"0";""
"202200045174";"733 553";"A01";"2";"7";"6";"0";"3";"13";"1";""
"202200045175";"733 552";"A01";"1";"7";"1";"0";"1";"1";"1";""
"202200045176";"733 551";"B01";"2";"32";"0";"2";"1";"17";"1";""
"202200045176";"733 554";"A01";"2";"7";"0";"2";"3";"15";"1";""
"202200045177";"733 547";"B01";"1";"33";"0";"2";"1";"26";"1";""
"202200045177";"733 550";"A01";"2";"7";"0";"0";"8";"26";"1";""
"202200045178";"733 546";"A01";"2";"14";"0";"1";"6";"4";"1";""
"202200045179";"733 545";"B01";"1";"10";"0";"2";"2";"0";"1";""
"202200045179";"733 548";"A01";"1";"50";"0";"2";"0";"0";"3";""
"202200045180";"733 543";"A01";"1";"37";"0";"2";"2";"7";"1";"3"
"202200045180";"733 549";"B01";"0";"7";"0";"2";"5";"19";"1";""
"202200045181";"733 544";"A01";"1";"7";"0";"1";"7";"9";"1";""
"202200045182";"733 538";"Z01";"3";"1";"0";"2";"0";"0";"5";""
"202200045182";"733 539";"B01";"3";"1";"0";"2";"0";"13";"5";""
"202200045183";"733 536";"B01";"3";"7";"0";"2";"5";"0";"1";""
"202200045183";"733 541";"A01";"0";"50";"0";"2";"1";"19";"3";""
"202200045184";"733 537";"B01";"2";"7";"0";"2";"8";"15";"1";""
"202200045184";"733 542";"A01";"1";"2";"0";"2";"1";"17";"1";""
"202200045185";"733 535";"B01";"2";"1";"0";"2";"8";"1";"5";""
"202200045185";"733 540";"A01";"1";"7";"0";"2";"3";"17";"1";""
"202200045186";"733 532";"B01";"1";"33";"0";"2";"1";"17";"1";""
"202200045186";"733 534";"A01";"1";"7";"0";"9";"3";"15";"1";""
"202200045187";"733 531";"A01";"1";"7";"8";"0";"2";"2";"1";""
"202200045188";"733 529";"A01";"2";"7";"0";"2";"6";"1";"1";""
"202200045188";"733 533";"B01";"1";"31";"0";"2";"6";"2";"1";""
"202200045189";"733 526";"B01";"2";"7";"0";"2";"3";"9";"1";""
"202200045189";"733 528";"A01";"2";"30";"0";"2";"3";"1";"1";""
"202200045190";"733 525";"A01";"3";"1";"0";"2";"2";"1";"5";""
"202200045190";"733 527";"B01";"3";"50";"0";"2";"3";"1";"3";""
"202200045191";"733 521";"B01";"2";"7";"0";"2";"6";"1";"1";""
"202200045191";"733 523";"A01";"1";"7";"0";"2";"3";"19";"1";""
"202200045192";"733 520";"B01";"1";"33";"0";"2";"8";"26";"1";""
"202200045192";"733 524";"A01";"1";"7";"0";"2";"3";"9";"1";""
"202200045193";"733 519";"A01";"2";"7";"0";"2";"1";"16";"1";""
"202200045193";"733 522";"B01";"1";"50";"0";"2";"1";"16";"3";""
"202200045194";"733 517";"B01";"3";"1";"0";"2";"8";"2";"5";""
"202200045194";"733 518";"A01";"1";"7";"0";"9";"7";"2";"1";""
"202200045195";"733 516";"A01";"3";"7";"0";"1";"2";"1";"1";""
"202200045196";"733 515";"A01";"3";"7";"13";"0";"0";"1";"1";""
"202200045197";"733 514";"A01";"0";"7";"12";"2";"2";"1";"1";""
"202200045198";"733 513";"A01";"1";"7";"2";"0";"2";"1";"1";""
"202200045199";"733 509";"B01";"1";"10";"0";"0";"6";"2";"1";""
"202200045199";"733 511";"A01";"1";"2";"0";"2";"1";"2";"1";""
"202200045200";"733 510";"B01";"2";"31";"0";"2";"1";"7";"1";""
"202200045200";"733 512";"A01";"2";"7";"0";"2";"5";"16";"1";""
"202200045201";"733 507";"A01";"3";"7";"0";"2";"7";"15";"1";""
"202200045201";"733 508";"B01";"1";"33";"0";"2";"1";"1";"1";""
"202200045202";"733 506";"A01";"1";"33";"0";"6";"1";"1";"1";""
"202200045203";"733 505";"A01";"3";"7";"0";"1";"4";"20";"1";""
"202200045204";"733 503";"A01";"2";"7";"6";"0";"1";"15";"1";""
"202200045205";"733 501";"A01";"1";"33";"2";"0";"1";"1";"1";""
"202200045206";"733 502";"A01";"2";"7";"0";"2";"3";"15";"1";""
"202200045206";"733 504";"B01";"1";"1";"0";"2";"1";"1";"5";""
"202200045207";"733 498";"B01";"3";"1";"0";"2";"1";"9";"5";""
"202200045207";"733 500";"A01";"3";"7";"0";"9";"4";"4";"1";""
"202200045208";"733 496";"B01";"2";"80";"0";"2";"1";"1";"3";""
"202200045208";"733 499";"A01";"1";"7";"0";"2";"2";"15";"1";""
"202200045209";"733 495";"A01";"0";"7";"0";"0";"1";"0";"1";""
"202200045210";"733 493";"A01";"2";"7";"4";"0";"1";"1";"1";""
"202200045211";"733 490";"A01";"2";"14";"9";"0";"0";"1";"0";""
"202200045212";"733 487";"A01";"3";"7";"0";"2";"2";"15";"1";""
"202200045212";"733 489";"B01";"0";"7";"0";"2";"1";"26";"1";""
"202200045213";"733 488";"A01";"1";"7";"0";"2";"4";"2";"1";""
"202200045213";"733 492";"B01";"1";"10";"0";"2";"1";"2";"1";""
"202200045214";"733 485";"D01";"1";"7";"0";"0";"4";"2";"1";""
"202200045214";"733 491";"C01";"1";"33";"0";"2";"1";"2";"1";""
"202200045214";"733 494";"B01";"1";"33";"0";"2";"1";"2";"1";""
"202200045214";"733 497";"A01";"1";"33";"0";"2";"1";"2";"1";""
"202200045215";"733 484";"A01";"1";"7";"0";"2";"1";"0";"1";""
"202200045215";"733 486";"B01";"1";"7";"0";"2";"4";"15";"1";""
"202200045216";"733 480";"B01";"1";"7";"0";"2";"5";"1";"1";""
"202200045216";"733 481";"A01";"1";"31";"0";"2";"1";"3";"1";""
"202200045216";"733 483";"C01";"1";"10";"0";"2";"9";"1";"1";""
"202200045217";"733 478";"A01";"2";"7";"0";"2";"8";"9";"1";""
"202200045217";"733 479";"B01";"2";"2";"0";"2";"1";"1";"1";""
"202200045218";"733 482";"A01";"2";"7";"14";"0";"3";"21";"1";""
"202200045219";"733 475";"A01";"2";"15";"0";"2";"1";"12";"1";""
"202200045219";"733 476";"B01";"2";"7";"0";"2";"4";"2";"1";""
"202200045219";"733 477";"C01";"2";"7";"0";"2";"9";"2";"1";""
"202200045220";"733 473";"A01";"1";"37";"0";"1";"0";"15";"1";"1"
"202200045221";"733 472";"B01";"1";"7";"0";"2";"2";"1";"1";""
"202200045221";"733 474";"A01";"1";"43";"0";"2";"1";"3";"1";""
"202200045222";"733 470";"A01";"1";"10";"0";"2";"8";"11";"1";""
"202200045222";"733 471";"B01";"1";"33";"0";"2";"7";"1";"1";""
"202200045223";"733 467";"A01";"2";"17";"3";"0";"8";"26";"1";""
"202200045224";"733 469";"A01";"1";"31";"0";"0";"8";"1";"1";""
"202200045225";"733 466";"B01";"1";"33";"0";"2";"8";"1";"1";""
"202200045225";"733 468";"A01";"1";"7";"0";"2";"5";"15";"1";""
"202200045226";"733 464";"B01";"2";"10";"0";"2";"5";"2";"1";""
"202200045226";"733 465";"A01";"2";"32";"0";"2";"1";"11";"1";""
"202200045227";"733 460";"A01";"1";"7";"0";"2";"1";"15";"1";""
"202200045227";"733 463";"B01";"1";"50";"0";"2";"1";"19";"3";""
"202200045228";"733 457";"A01";"2";"33";"0";"2";"3";"1";"1";""
"202200045228";"733 459";"B01";"2";"7";"0";"2";"7";"2";"1";""
"202200045228";"733 461";"Z01";"2";"7";"0";"2";"4";"1";"0";""
"202200045229";"733 458";"B01";"2";"33";"0";"2";"3";"3";"1";""
"202200045229";"733 462";"A01";"2";"7";"0";"2";"2";"12";"1";""
"202200045230";"733 455";"A01";"1";"7";"0";"2";"3";"1";"1";""
"202200045230";"733 456";"B01";"3";"60";"0";"2";"1";"19";"5";""
"202200045231";"733 451";"A01";"2";"7";"0";"2";"1";"1";"1";""
"202200045231";"733 453";"B01";"2";"7";"0";"2";"4";"1";"1";""
"202200045231";"733 454";"C01";"2";"7";"0";"2";"4";"1";"0";""
"202200045232";"733 450";"B01";"3";"10";"0";"2";"4";"1";"1";""
"202200045232";"733 452";"A01";"3";"10";"0";"2";"1";"1";"1";""
"202200045233";"733 449";"A01";"1";"7";"3";"0";"1";"14";"1";""
"202200045234";"733 447";"Z01";"1";"10";"0";"2";"1";"1";"1";""
"202200045234";"733 448";"A01";"1";"10";"0";"2";"4";"2";"1";""
"202200045235";"733 445";"B01";"2";"50";"0";"2";"1";"1";"3";""
"202200045235";"733 446";"A01";"2";"7";"0";"2";"1";"5";"1";""
"202200045236";"733 440";"A01";"2";"2";"0";"2";"1";"1";"0";""
"202200045236";"733 442";"B01";"1";"60";"0";"2";"1";"1";"5";""
"202200045237";"733 438";"A01";"1";"10";"0";"1";"1";"0";"1";""
"202200045238";"733 437";"E01";"2";"7";"0";"2";"1";"2";"1";""
"202200045238";"733 439";"D01";"2";"7";"0";"2";"4";"2";"1";""
"202200045238";"733 441";"C01";"2";"7";"0";"2";"4";"2";"1";""
"202200045238";"733 443";"B01";"2";"7";"0";"2";"4";"2";"1";""
"202200045238";"733 444";"A01";"2";"7";"0";"2";"1";"2";"1";""
"202200045239";"733 436";"A01";"0";"33";"3";"0";"8";"1";"1";""
"202200045240";"733 434";"A01";"2";"33";"0";"1";"0";"17";"1";""
"202200045241";"733 431";"B01";"1";"50";"0";"2";"3";"1";"3";""
"202200045241";"733 432";"A01";"1";"10";"0";"2";"2";"19";"0";""
"202200045242";"733 430";"A01";"1";"7";"0";"2";"8";"19";"1";""
"202200045242";"733 433";"B01";"1";"7";"0";"2";"1";"1";"1";""
"202200045243";"733 429";"A01";"1";"7";"0";"1";"1";"2";"1";""
"202200045244";"733 425";"B01";"2";"32";"0";"2";"2";"1";"1";""
"202200045244";"733 428";"A01";"1";"7";"0";"2";"3";"15";"1";""
"202200045245";"733 426";"A01";"2";"7";"0";"2";"7";"12";"1";""
"202200045245";"733 427";"B01";"2";"37";"0";"2";"3";"0";"1";"1"
"202200045246";"733 421";"B01";"1";"31";"0";"2";"1";"0";"1";""
"202200045246";"733 423";"A01";"1";"17";"0";"2";"6";"23";"1";""
"202200045247";"733 422";"B01";"1";"7";"0";"2";"0";"0";"1";""
"202200045247";"733 424";"A01";"1";"31";"0";"2";"1";"17";"1";""
"202200045248";"733 419";"A01";"1";"32";"0";"1";"1";"9";"0";""
"202200045249";"733 418";"A01";"3";"7";"2";"0";"1";"1";"1";""
"202200045250";"733 420";"A01";"1";"7";"0";"1";"1";"1";"1";""
"202200045251";"733 416";"A01";"2";"3";"1";"0";"2";"1";"1";""
"202200045252";"733 414";"B01";"2";"7";"0";"2";"2";"12";"1";""
"202200045252";"733 417";"A01";"2";"31";"0";"2";"3";"18";"1";""
"202200045253";"733 411";"A01";"2";"7";"0";"1";"3";"1";"1";""
"202200045254";"733 410";"A01";"1";"7";"0";"2";"3";"9";"1";""
"202200045254";"733 412";"B01";"3";"1";"0";"2";"2";"1";"5";""
"202200045255";"733 413";"A01";"2";"10";"0";"2";"1";"1";"1";""
"202200045255";"733 415";"B01";"2";"7";"0";"2";"4";"1";"1";""
"202200045256";"733 406";"A01";"0";"1";"6";"0";"1";"1";"5";""
"202200045257";"733 408";"B01";"0";"50";"0";"2";"1";"5";"3";""
"202200045257";"733 409";"A01";"1";"7";"0";"2";"0";"0";"0";""
"202200045258";"733 405";"A01";"3";"30";"0";"2";"1";"19";"1";""
"202200045258";"733 407";"B01";"3";"7";"0";"2";"5";"19";"1";""
"202200045259";"733 402";"B01";"1";"10";"0";"2";"0";"0";"1";""
"202200045259";"733 403";"A01";"1";"7";"0";"2";"6";"15";"1";""
"202200045260";"733 404";"A01";"1";"33";"0";"2";"0";"21";"1";""
"202200045261";"733 400";"A01";"1";"7";"0";"2";"1";"9";"1";""
"202200045261";"733 401";"B01";"1";"2";"0";"2";"1";"1";"1";""
"202200045262";"733 399";"A01";"1";"1";"6";"0";"1";"1";"5";""
"202200045263";"733 397";"B01";"2";"7";"0";"2";"1";"15";"0";""
"202200045263";"733 398";"A01";"1";"2";"0";"2";"1";"1";"1";""
"202200045264";"733 394";"A01";"3";"34";"0";"2";"1";"0";"1";""
"202200045264";"733 395";"B01";"3";"7";"0";"2";"6";"2";"1";""
"202200045265";"733 393";"B01";"3";"1";"0";"2";"1";"0";"5";""
"202200045265";"733 396";"A01";"3";"37";"0";"2";"3";"9";"1";"1"
"202200045266";"733 391";"B01";"2";"1";"0";"2";"1";"1";"5";""
"202200045266";"733 392";"A01";"1";"10";"0";"2";"3";"15";"1";""
"202200045267";"733 389";"A01";"1";"10";"6";"0";"1";"1";"1";""
"202200045268";"733 385";"A01";"1";"10";"0";"2";"2";"1";"1";""
"202200045268";"733 387";"B01";"2";"1";"0";"2";"1";"1";"5";""
"202200045269";"733 386";"A01";"1";"40";"0";"1";"1";"1";"3";""
"202200045270";"733 383";"A01";"1";"33";"0";"0";"0";"21";"1";""
"202200045271";"733 379";"A01";"1";"7";"0";"2";"5";"12";"1";""
"202200045271";"733 381";"B01";"2";"31";"0";"2";"1";"1";"1";""
"202200045271";"733 382";"C01";"2";"7";"0";"2";"7";"1";"1";""
"202200045271";"733 384";"D01";"2";"33";"0";"2";"3";"11";"1";""
"202200045272";"733 378";"A01";"1";"7";"0";"2";"1";"1";"1";""
"202200045272";"733 380";"B01";"2";"7";"0";"2";"1";"1";"1";""
"202200045273";"733 373";"D01";"1";"7";"0";"2";"1";"17";"1";""
"202200045273";"733 375";"C01";"1";"7";"0";"2";"1";"17";"1";""
"202200045273";"733 376";"B01";"1";"7";"0";"2";"1";"17";"1";""
"202200045273";"733 377";"A01";"1";"7";"0";"9";"4";"17";"1";""
"202200045274";"733 372";"A01";"1";"30";"0";"2";"8";"13";"1";""
"202200045274";"733 374";"B01";"1";"7";"0";"2";"5";"1";"1";""
"202200045275";"733 370";"B01";"1";"7";"0";"2";"6";"16";"1";""
"202200045275";"733 371";"A01";"1";"7";"0";"2";"2";"2";"1";""
"202200045276";"733 368";"Z01";"2";"7";"0";"2";"1";"2";"1";""
"202200045276";"733 369";"A01";"2";"7";"0";"2";"4";"20";"1";""
"202200045277";"733 366";"A01";"1";"32";"0";"2";"2";"17";"1";""
"202200045278";"733 363";"B01";"1";"7";"0";"2";"1";"0";"1";""
"202200045278";"733 365";"A01";"1";"7";"0";"2";"6";"0";"1";""
"202200045278";"733 367";"C01";"1";"10";"0";"2";"0";"0";"1";""
"202200045279";"733 362";"A01";"3";"37";"0";"2";"1";"16";"1";"1"
"202200045279";"733 364";"B01";"3";"50";"0";"2";"8";"9";"3";""
"202200045280";"733 361";"Z01";"0";"7";"0";"1";"1";"17";"0";""
"202200045281";"733 360";"A01";"1";"50";"0";"0";"8";"9";"3";""
"202200045282";"733 357";"A01";"1";"10";"0";"2";"4";"2";"1";""
"202200045282";"733 359";"B01";"1";"30";"0";"2";"0";"0";"1";""
"202200045283";"733 353";"A01";"1";"37";"0";"1";"2";"26";"1";"1"
"202200045284";"733 352";"A01";"1";"32";"0";"1";"8";"1";"1";""
"202200045285";"733 348";"B01";"2";"1";"0";"2";"1";"26";"5";""
"202200045285";"733 349";"A01";"2";"7";"0";"2";"3";"15";"1";""
"202200045286";"733 347";"A01";"3";"7";"0";"1";"1";"1";"1";""
"202200045287";"733 344";"Z01";"2";"7";"0";"2";"2";"9";"0";""
"202200045287";"733 346";"B01";"2";"2";"0";"2";"7";"1";"1";""
"202200045288";"733 342";"A01";"3";"7";"1";"0";"3";"0";"1";""
"202200045288";"733 345";"B01";"3";"1";"0";"2";"2";"1";"5";""
"202200045289";"733 341";"A01";"2";"7";"1";"2";"3";"24";"1";""
"202200045289";"733 343";"B01";"2";"50";"0";"2";"0";"2";"3";""
"202200045290";"733 337";"A01";"1";"7";"0";"2";"5";"1";"1";""
"202200045290";"733 340";"B01";"1";"7";"0";"2";"3";"11";"1";""
"202200045291";"733 336";"B01";"2";"2";"0";"2";"7";"9";"1";""
"202200045291";"733 338";"A01";"2";"7";"0";"2";"3";"1";"1";""
"202200045292";"733 335";"B01";"2";"7";"0";"2";"5";"16";"1";""
"202200045292";"733 339";"A01";"2";"7";"0";"2";"3";"7";"1";""
"202200045293";"733 334";"A01";"2";"31";"11";"0";"1";"21";"0";""
"202200045294";"733 332";"A01";"2";"37";"0";"1";"3";"2";"1";"1"
"202200045295";"733 330";"B01";"2";"7";"0";"2";"8";"1";"1";""
"202200045295";"733 333";"A01";"1";"7";"0";"2";"1";"15";"1";""
"202200045296";"733 326";"B01";"1";"7";"0";"2";"1";"1";"1";""
"202200045296";"733 328";"A01";"2";"7";"0";"2";"1";"5";"1";""
"202200045297";"733 327";"A01";"1";"10";"0";"0";"1";"1";"3";""
"202200045297";"733 329";"B01";"1";"7";"0";"0";"4";"23";"2";""
"202200045298";"733 322";"A01";"2";"7";"0";"2";"1";"1";"1";""
"202200045298";"733 324";"C01";"2";"7";"0";"2";"4";"1";"1";""
"202200045298";"733 325";"B01";"2";"7";"0";"0";"0";"0";"1";""
"202200045299";"733 320";"A01";"3";"7";"0";"2";"1";"1";"2";""
"202200045299";"733 323";"B01";"3";"7";"0";"2";"3";"19";"1";""
"202200045300";"733 321";"A01";"1";"50";"0";"1";"3";"1";"3";""
"202200045301";"733 319";"A01";"1";"10";"0";"1";"2";"19";"1";""
"202200045302";"733 317";"A01";"1";"7";"0";"2";"2";"9";"1";""
"202200045302";"733 318";"B01";"1";"50";"0";"2";"1";"1";"3";""
"202200045303";"733 316";"A01";"1";"30";"0";"1";"1";"1";"1";""
"202200045304";"733 313";"A01";"1";"7";"0";"2";"5";"15";"1";""
"202200045304";"733 315";"B01";"1";"7";"0";"2";"1";"1";"1";""
"202200045305";"733 312";"A01";"0";"10";"0";"2";"8";"15";"1";""
"202200045305";"733 314";"B01";"0";"32";"0";"2";"7";"17";"1";""
"202200045306";"733 311";"Z01";"2";"1";"0";"1";"1";"25";"5";""
"202200045307";"733 308";"A01";"3";"7";"0";"9";"2";"9";"1";""
"202200045307";"733 310";"B01";"3";"1";"0";"2";"2";"25";"5";""
"202200045308";"733 309";"A01";"1";"33";"0";"1";"1";"2";"1";""
"202200045309";"733 306";"B01";"1";"2";"0";"2";"1";"1";"1";""
"202200045309";"733 307";"A01";"1";"7";"0";"2";"3";"9";"1";""
"202200045310";"733 305";"A01";"1";"7";"0";"1";"3";"1";"1";""
"202200045311";"733 303";"A01";"1";"7";"9";"0";"1";"1";"1";""
"202200045312";"733 304";"A01";"1";"7";"0";"1";"1";"2";"1";""
"202200045313";"733 300";"A01";"2";"7";"6";"2";"1";"19";"1";""
"202200045313";"733 302";"B01";"2";"7";"1";"2";"3";"19";"1";""
"202200045314";"733 299";"A01";"2";"7";"0";"1";"2";"1";"1";""
"202200045315";"733 297";"A01";"1";"7";"0";"2";"6";"15";"1";""
"202200045315";"733 301";"B01";"1";"2";"0";"2";"2";"17";"1";""
"202200045316";"733 298";"A01";"1";"7";"0";"1";"7";"20";"1";""
"202200045317";"733 295";"B01";"1";"7";"0";"2";"3";"15";"3";""
"202200045317";"733 296";"A01";"1";"30";"0";"2";"7";"17";"1";""
"202200045318";"733 292";"A01";"3";"17";"0";"4";"3";"9";"1";""
"202200045318";"733 294";"B01";"3";"40";"0";"2";"3";"2";"3";""
"202200045319";"733 291";"B01";"1";"7";"0";"2";"2";"7";"1";""
"202200045319";"733 293";"A01";"1";"43";"0";"2";"3";"16";"1";""
"202200045320";"733 288";"A01";"2";"7";"0";"2";"1";"1";"1";""
"202200045320";"733 290";"B01";"1";"7";"0";"2";"1";"1";"1";""
"202200045321";"733 287";"A01";"1";"7";"0";"0";"5";"15";"1";""
"202200045321";"733 289";"B01";"0";"7";"0";"0";"0";"0";"1";""
"202200045322";"733 286";"A01";"0";"50";"1";"0";"1";"1";"3";""
"202200045323";"733 284";"A01";"2";"3";"9";"0";"1";"13";"1";""
"202200045324";"733 283";"A01";"1";"7";"0";"2";"1";"1";"1";""
"202200045324";"733 285";"B01";"1";"7";"0";"2";"4";"1";"2";""
"202200045325";"733 281";"A01";"3";"7";"0";"2";"6";"15";"1";""
"202200045325";"733 282";"B01";"3";"2";"0";"2";"1";"17";"1";""
"202200045326";"733 278";"B01";"3";"7";"0";"2";"2";"15";"1";""
"202200045326";"733 279";"A01";"3";"31";"0";"2";"1";"1";"1";""
"202200045327";"733 277";"A01";"2";"7";"0";"2";"8";"10";"1";""
"202200045327";"733 280";"B01";"2";"33";"0";"2";"1";"17";"1";""
"202200045328";"733 273";"A01";"2";"7";"0";"2";"1";"9";"1";""
"202200045328";"733 275";"B01";"2";"7";"0";"2";"1";"1";"1";""
"202200045328";"733 276";"C01";"2";"7";"0";"2";"4";"1";"1";""
"202200045329";"733 272";"A01";"3";"7";"0";"2";"1";"15";"1";""
"202200045329";"733 274";"B01";"3";"1";"0";"2";"1";"1";"5";""
"202200045330";"733 268";"B01";"2";"1";"0";"2";"4";"2";"5";""
"202200045330";"733 270";"A01";"2";"7";"0";"2";"2";"2";"1";""
"202200045331";"733 267";"B01";"3";"1";"0";"2";"1";"1";"5";""
"202200045331";"733 269";"A01";"3";"7";"0";"2";"2";"26";"1";""
"202200045332";"733 271";"Z01";"1";"1";"0";"1";"1";"1";"5";""
"202200045333";"733 264";"A01";"3";"7";"0";"2";"3";"13";"1";""
"202200045333";"733 266";"B01";"3";"7";"0";"2";"8";"1";"1";""
"202200045334";"733 261";"A01";"1";"37";"0";"2";"3";"1";"6";"3"
"202200045334";"733 263";"B01";"1";"7";"0";"2";"6";"1";"0";""
"202200045335";"733 260";"A01";"1";"7";"1";"0";"1";"9";"1";""
"202200045336";"733 257";"A01";"1";"32";"0";"2";"1";"3";"1";""
"202200045336";"733 259";"B01";"3";"7";"0";"2";"3";"15";"1";""
"202200045337";"733 256";"B01";"3";"1";"0";"2";"8";"19";"5";""
"202200045337";"733 258";"A01";"1";"10";"0";"2";"8";"15";"1";""
"202200045338";"733 262";"A01";"3";"2";"0";"2";"2";"0";"1";""
"202200045338";"733 265";"B01";"1";"7";"0";"2";"5";"16";"1";""
"202200045339";"733 255";"A01";"3";"33";"0";"0";"0";"1";"1";""
"202200045340";"733 254";"A01";"1";"50";"0";"0";"0";"1";"3";""
"202200045341";"733 252";"B01";"1";"10";"0";"0";"0";"0";"1";""
"202200045341";"733 253";"A01";"1";"2";"0";"2";"1";"1";"1";""
"202200045342";"733 248";"B01";"2";"1";"0";"2";"1";"26";"5";""
"202200045342";"733 250";"A01";"3";"7";"0";"2";"1";"26";"1";""
"202200045343";"733 247";"C01";"1";"7";"0";"2";"0";"23";"1";""
"202200045343";"733 249";"B01";"1";"7";"0";"2";"4";"23";"1";""
"202200045343";"733 251";"A01";"1";"10";"0";"2";"1";"1";"1";""
"202200045344";"733 246";"A01";"3";"10";"0";"1";"2";"1";"1";""
"202200045345";"733 245";"A01";"2";"34";"14";"0";"1";"14";"1";""
"202200045346";"733 243";"A01";"1";"32";"0";"2";"1";"1";"1";""
"202200045346";"733 244";"B01";"2";"7";"0";"2";"2";"19";"1";""
"202200045347";"733 242";"A01";"2";"37";"0";"1";"2";"16";"2";"1"
"202200045348";"733 240";"A01";"2";"7";"0";"2";"2";"19";"1";""
"202200045348";"733 241";"B01";"1";"31";"0";"2";"1";"1";"1";""
"202200045349";"733 237";"A01";"1";"80";"0";"2";"2";"1";"3";""
"202200045349";"733 239";"B01";"1";"7";"0";"2";"3";"1";"3";""
"202200045350";"733 236";"B01";"2";"34";"0";"0";"0";"1";"1";""
"202200045350";"733 238";"A01";"2";"7";"0";"2";"0";"9";"1";""
"202200045351";"733 234";"A01";"0";"10";"0";"2";"1";"26";"1";""
"202200045351";"733 235";"B01";"0";"32";"0";"2";"4";"23";"1";""
"202200045352";"733 232";"A01";"3";"7";"0";"2";"1";"9";"1";""
"202200045352";"733 233";"B01";"3";"7";"0";"2";"1";"2";"1";""
"202200045353";"733 230";"A01";"1";"7";"0";"2";"7";"14";"1";""
"202200045353";"733 231";"B01";"1";"33";"0";"2";"8";"1";"1";""
"202200045354";"733 228";"B01";"1";"1";"0";"2";"6";"17";"5";""
"202200045354";"733 229";"A01";"1";"7";"0";"2";"2";"1";"1";""
"202200045355";"733 225";"A01";"1";"7";"0";"2";"3";"9";"1";""
"202200045355";"733 227";"B01";"3";"31";"0";"2";"0";"0";"1";""
"202200045356";"733 224";"B01";"2";"1";"0";"2";"8";"1";"5";""
"202200045356";"733 226";"A01";"2";"7";"0";"9";"2";"20";"1";""
"202200045357";"733 221";"A01";"2";"7";"0";"2";"3";"14";"1";""
"202200045357";"733 222";"B01";"1";"7";"0";"2";"3";"1";"1";""
"202200045358";"733 220";"A01";"1";"30";"0";"2";"2";"1";"1";""
"202200045358";"733 223";"B01";"1";"7";"0";"2";"3";"15";"1";""
"202200045359";"733 219";"A01";"2";"7";"0";"1";"3";"1";"1";""
"202200045360";"733 217";"A01";"1";"34";"0";"2";"1";"2";"1";""
"202200045360";"733 218";"B01";"1";"7";"0";"2";"4";"2";"0";""
"202200045361";"733 216";"A01";"1";"33";"12";"0";"8";"5";"1";""
"202200045362";"733 213";"A01";"2";"7";"2";"0";"2";"1";"1";""
"202200045363";"733 214";"A01";"2";"7";"1";"2";"2";"1";"1";""
"202200045363";"733 215";"Y01";"2";"1";"1";"0";"8";"1";"5";""
"202200045364";"733 210";"A01";"1";"7";"0";"2";"7";"14";"2";""
"202200045364";"733 212";"B01";"1";"17";"0";"2";"6";"1";"1";""
"202200045365";"733 209";"A01";"3";"1";"1";"0";"1";"1";"5";""
"202200045365";"733 211";"B01";"3";"7";"0";"2";"8";"24";"1";""
"202200045366";"733 205";"C01";"0";"10";"0";"2";"3";"1";"1";""
"202200045366";"733 207";"B01";"0";"7";"0";"2";"3";"1";"1";""
"202200045366";"733 208";"A01";"0";"7";"0";"2";"3";"1";"1";""
"202200045367";"733 204";"B01";" -1";"33";"0";"0";"2";"1";"1";""
"202200045367";"733 206";"A01";"2";"7";"0";"2";"8";"15";"1";""
"202200045368";"733 203";"A01";"0";"33";"13";"0";"1";"1";"1";""
"202200045369";"733 201";"A01";"1";"7";"0";"2";"3";"15";"1";""
"202200045369";"733 202";"B01";"2";"7";"0";"2";"8";"1";"1";""
"202200045370";"733 199";"A01";"1";"7";"0";"2";"1";"1";"1";""
"202200045370";"733 200";"B01";"2";"7";"0";"2";"3";"1";"1";""
"202200045371";"733 197";"A01";"3";"10";"1";"0";"8";"22";"1";""
"202200045371";"733 198";"B01";"3";"1";"1";"0";"8";"21";"5";""
"202200045372";"733 195";"B01";"2";"7";"0";"2";"3";"1";"1";""
"202200045372";"733 196";"A01";"1";"7";"0";"2";"3";"13";"1";""
"202200045373";"733 194";"A01";"2";"2";"0";"0";"0";"0";"1";""
"202200045374";"733 193";"A01";"2";"14";"13";"0";"8";"13";"1";""
"202200045375";"733 192";"A01";"1";"7";"4";"0";"1";"14";"1";""
"202200045376";"733 191";"A01";"2";"7";"16";"0";"3";"1";"1";""