"Num_Acc";"id_vehicule";"num_veh";"senc";"catv";"obs";"obsm";"choc";"manv";"motor";"occutc"
"202200046006";"732 054";"B01";"1";"7";"0";"2";"1";"1";"1";""
"202200046006";"732 058";"A01";"2";"7";"0";"2";"3";"13";"1";""
"202200046007";"732 047";"A01";"2";"7";"0";"2";"1";"1";"0";""
"202200046007";"732 050";"B01";"2";"7";"0";"2";"4";"2";"0";""
"202200046008";"732 045";"B01";"3";"7";"0";"2";"3";"17";"1";""
"202200046008";"732 046";"A01";"3";"7";"0";"2";"3";"26";"1";""
"202200046009";"732 044";"A01";"0";"41";"1";"0";"1";"1";"3";""
"202200046010";"732 042";"B01";"1";"7";"0";"2";"1";"1";"1";""
"202200046010";"732 043";"A01";"2";"7";"0";"2";"3";"13";"1";""
"202200046011";"732 040";"A01";"1";"33";"0";"1";"1";"26";"0";""
"202200046012";"732 039";"A01";"2";"7";"0";"2";"1";"15";"1";""
"202200046012";"732 041";"B01";"2";"80";"0";"2";"8";"1";"3";""
"202200046013";"732 037";"A01";"3";"7";"1";"0";"3";"15";"1";""
"202200046014";"732 036";"B01";"2";"7";"0";"9";"4";"0";"0";""
"202200046014";"732 038";"A01";"2";"7";"0";"2";"1";"26";"1";""
"202200046015";"732 035";"A01";"2";"7";"0";"1";"7";"1";"1";""
"202200046016";"732 032";"B01";"0";"1";"0";"0";"8";"19";"5";""
"202200046016";"732 034";"A01";"3";"7";"0";"2";"2";"19";"1";""
"202200046017";"732 031";"B01";"0";"7";"0";"2";"1";"15";"1";""
"202200046017";"732 033";"A01";"3";"32";"0";"2";"0";"9";"1";""
"202200046018";"732 030";"A01";"3";"50";"0";"1";"2";"1";"3";""
"202200046019";"732 028";"A01";"1";"7";"0";"2";"1";"1";"1";""
"202200046019";"732 029";"B01";"1";"7";"0";"0";"0";"11";"0";""
"202200046020";"732 026";"A01";"2";"7";"0";"2";"3";"10";"1";""
"202200046020";"732 027";"B01";"2";"7";"0";"2";"2";"17";"1";""
"202200046021";"732 025";"A01";"0";"7";"0";"1";"1";"1";"1";""
"202200046022";"732 024";"A01";"1";"7";"2";"0";"8";"1";"1";""
"202200046023";"732 023";"A01";"1";"7";"14";"0";"1";"9";"1";""
"202200046024";"732 021";"B01";"2";"7";"0";"2";"2";"21";"1";""
"202200046024";"732 022";"A01";"1";"7";"0";"2";"2";"17";"1";""
"202200046025";"732 020";"A01";"2";"7";"0";"1";"4";"4";"1";""
"202200046026";"732 017";"A01";"1";"33";"0";"0";"9";"1";"1";""
"202200046027";"732 018";"B01";"2";"7";"0";"2";"5";"15";"1";""
"202200046027";"732 019";"A01";"1";"30";"0";"2";"1";"26";"1";""
"202200046028";"732 015";"A01";"3";"7";"0";"2";"6";"15";"2";""
"202200046028";"732 016";"B01";"3";"1";"0";"2";"1";"1";"5";""
"202200046029";"732 012";"A01";"3";"7";"0";"2";"1";"11";"1";""
"202200046029";"732 014";"Z01";"3";"7";"0";"2";"4";"0";"0";""
"202200046030";"732 010";"C01";"2";"7";"0";"2";"1";"1";"1";""
"202200046030";"732 011";"B01";"1";"7";"13";"2";"5";"15";"1";""
"202200046030";"732 013";"A01";"1";"7";"0";"0";"3";"23";"1";""
"202200046031";"732 009";"A01";"1";"7";"0";"1";"8";"1";"1";""
"202200046032";"732 008";"A01";"3";"7";"0";"1";"1";"1";"1";""
"202200046033";"732 005";"A01";"1";"7";"0";"2";"3";"9";"1";""
"202200046033";"732 007";"B01";"1";"33";"0";"2";"7";"2";"1";""
"202200046034";"732 004";"A01";"1";"10";"0";"1";"4";"20";"3";""
"202200046035";"732 003";"A01";"1";"50";"0";"2";"1";"1";"3";""
"202200046035";"732 006";"B01";"1";"7";"0";"2";"6";"1";"1";""
"202200046036";"732 001";"A01";"3";"33";"0";"1";"1";"17";"1";""
"202200046037";"732 000";"A01";"1";"7";"0";"2";"3";"15";"1";""
"202200046037";"732 002";"B01";"2";"10";"0";"2";"1";"17";"1";""
"202200046038";"731 999";"A01";"1";"33";"16";"0";"7";"21";"1";""
"202200046039";"731 998";"A01";"2";"33";"0";"0";"0";"1";"1";""
"202200046040";"731 996";"A01";"2";"10";"0";"2";"7";"11";"1";""
"202200046040";"731 997";"B01";"2";"33";"0";"2";"7";"1";"1";""
"202200046041";"731 994";"A01";"1";"3";"0";"0";"0";"1";"1";""
"202200046042";"731 993";"B01";"3";"50";"0";"2";"3";"19";"3";""
"202200046042";"731 995";"A01";"1";"7";"0";"2";"2";"1";"1";""
"202200046043";"731 990";"A01";"1";"0";"0";"2";"3";"19";"5";""
"202200046043";"731 992";"Z01";"1";"17";"0";"2";"7";"16";"1";""
"202200046044";"731 987";"B01";"1";"33";"0";"2";"1";"1";"1";""
"202200046044";"731 989";"A01";"3";"7";"0";"2";"3";"9";"1";""
"202200046045";"731 986";"A01";"2";"7";"0";"2";"3";"13";"1";""
"202200046045";"731 988";"B01";"1";"7";"0";"2";"8";"1";"1";""
"202200046045";"731 991";"C01";"1";"7";"0";"2";"3";"1";"1";""
"202200046046";"731 985";"A01";"1";"33";"0";"1";"1";"2";"1";""
"202200046047";"731 983";"A01";"1";"7";"13";"0";"2";"1";"1";""
"202200046048";"731 982";"A01";"1";"31";"0";"2";"8";"1";"1";""
"202200046048";"731 984";"B01";"1";"37";"0";"2";"4";"16";"1";"1"
"202200046049";"731 979";"A01";"3";"7";"0";"2";"3";"15";"1";""
"202200046049";"731 981";"B01";"1";"2";"0";"2";"1";"1";"1";""
"202200046050";"731 980";"A01";"2";"7";"6";"0";"1";"1";"1";""
"202200046051";"731 976";"A01";"1";"32";"1";"2";"8";"1";"1";""
"202200046051";"731 978";"B01";"1";"7";"0";"2";"7";"15";"2";""
"202200046052";"731 975";"A01";"1";"7";"0";"2";"3";"9";"1";""
"202200046052";"731 977";"B01";"1";"2";"0";"2";"7";"1";"1";""
"202200046053";"731 974";"A01";"1";"10";"2";"0";"1";"0";"1";""
"202200046054";"731 971";"A01";"1";"7";"0";"1";"7";"19";"1";""
"202200046055";"731 970";"B01";"3";"50";"0";"2";"0";"0";"3";""
"202200046055";"731 973";"A01";"3";"7";"0";"2";"2";"1";"1";""
"202200046056";"731 968";"A01";"2";"7";"0";"1";"9";"1";"1";""
"202200046057";"731 966";"C01";"1";"7";"0";"2";"8";"1";"1";""
"202200046057";"731 969";"B01";"2";"7";"0";"0";"4";"23";"1";""
"202200046057";"731 972";"A01";"2";"7";"0";"2";"1";"1";"1";""
"202200046058";"731 965";"A01";"0";"7";"0";"0";"0";"0";"1";""
"202200046059";"731 963";"B01";"1";"7";"0";"2";"8";"17";"1";""
"202200046059";"731 964";"A01";"1";"7";"0";"2";"2";"1";"1";""
"202200046060";"731 962";"A01";"3";"7";"0";"2";"2";"24";"1";""
"202200046060";"731 967";"B01";"3";"7";"0";"2";"3";"1";"1";""
"202200046061";"731 959";"B01";"1";"43";"0";"2";"1";"2";"1";""
"202200046061";"731 961";"A01";"1";"10";"0";"2";"6";"1";"1";""
"202200046062";"731 958";"B01";"2";"7";"0";"2";"4";"2";"1";""
"202200046062";"731 960";"A01";"2";"7";"0";"2";"1";"2";"1";""
"202200046063";"731 955";"A01";"3";"7";"0";"1";"7";"16";"1";""
"202200046064";"731 953";"A01";"2";"7";"0";"2";"1";"2";"1";""
"202200046064";"731 954";"B01";"2";"7";"0";"2";"4";"2";"1";""
"202200046065";"731 951";"A01";"2";"7";"3";"0";"9";"13";"1";""
"202200046066";"731 950";"A01";"1";"10";"0";"2";"2";"1";"1";""
"202200046066";"731 952";"B01";"1";"7";"0";"2";"6";"1";"1";""
"202200046067";"731 947";"A01";"1";"7";"0";"2";"5";"1";"1";""
"202200046067";"731 949";"B01";"1";"34";"0";"2";"3";"18";"1";""
"202200046068";"731 946";"A01";"1";"33";"0";"2";"6";"3";"1";""
"202200046068";"731 948";"B01";"1";"7";"0";"2";"7";"1";"1";""
"202200046069";"731 945";"A01";"1";"10";"0";"1";"3";"1";"2";""
"202200046070";"731 943";"A01";"2";"7";"0";"2";"1";"21";"0";""
"202200046070";"731 944";"B01";"2";"7";"0";"2";"8";"11";"1";""
"202200046071";"731 941";"B01";"1";"7";"12";"2";"5";"9";"1";""
"202200046071";"731 942";"A01";"1";"37";"0";"2";"3";"14";"1";"3"
"202200046072";"731 939";"B01";"2";"33";"0";"2";"1";"3";"1";""
"202200046072";"731 940";"A01";"2";"10";"0";"2";"6";"11";"1";""
"202200046073";"731 937";"B01";"1";"50";"0";"2";"4";"15";"3";""
"202200046073";"731 938";"A01";"1";"1";"0";"2";"2";"17";"5";""
"202200046074";"731 935";"B01";"1";"14";"0";"2";"1";"2";"1";""
"202200046074";"731 936";"A01";"1";"7";"0";"2";"4";"2";"1";""
"202200046075";"731 932";"A01";"2";"7";"0";"2";"2";"12";"3";""
"202200046075";"731 934";"B01";"2";"31";"0";"2";"2";"1";"1";""
"202200046076";"731 931";"B01";"2";"43";"0";"2";"3";"1";"1";""
"202200046076";"731 933";"A01";"1";"7";"0";"2";"1";"10";"1";""
"202200046077";"731 930";"A01";"1";"7";"3";"0";"2";"26";"1";""
"202200046078";"731 929";"A01";"0";"7";"0";"1";"2";"1";"1";""
"202200046079";"731 928";"A01";"2";"7";"0";"1";"1";"1";"1";""
"202200046080";"731 926";"B01";"3";"33";"0";"2";"7";"1";"1";""
"202200046080";"731 927";"A01";"3";"7";"0";"2";"8";"15";"1";""
"202200046081";"731 925";"A01";"1";"7";"0";"1";"1";"1";"1";""
"202200046082";"731 923";"B01";"3";"7";"0";"2";"1";"1";"1";""
"202200046082";"731 924";"A01";"3";"7";"0";"2";"7";"1";"1";""
"202200046083";"731 920";"A01";"1";"7";"0";"1";"1";"1";"1";""
"202200046084";"731 916";"B01";"1";"10";"0";"2";"1";"1";"1";""
"202200046084";"731 917";"A01";"1";"10";"0";"2";"4";"2";"1";""
"202200046085";"731 915";"A01";"3";"7";"0";"2";"1";"26";"1";""
"202200046085";"731 918";"B01";"3";"30";"0";"2";"1";"1";"1";""
"202200046086";"731 913";"A01";"1";"7";"0";"2";"4";"11";"2";""
"202200046086";"731 914";"B01";"1";"33";"0";"2";"1";"1";"1";""
"202200046087";"731 912";"A01";"2";"7";"4";"0";"3";"1";"1";""
"202200046088";"731 908";"B01";"1";"7";"0";"2";"2";"26";"1";""
"202200046088";"731 910";"A01";"3";"34";"0";"2";"1";"0";"0";""
"202200046089";"731 905";"Z01";"2";"30";"0";"1";"1";"17";"1";""
"202200046090";"731 899";"A01";"1";"7";"0";"2";"1";"0";"1";""
"202200046090";"731 902";"B01";"1";"14";"0";"2";"5";"24";"1";""
"202200046091";"731 901";"B01";"1";"34";"0";"9";"1";"1";"1";""
"202200046091";"731 903";"A01";"1";"3";"0";"0";"0";"1";"1";""
"202200046092";"731 900";"A01";"3";"7";"0";"1";"1";"15";"1";""
"202200046093";"731 896";"A01";"2";"7";"0";"2";"1";"16";"1";""
"202200046093";"731 898";"B01";"1";"7";"0";"0";"0";"0";"1";""
"202200046094";"731 895";"B01";"1";"33";"0";"2";"8";"1";"1";""
"202200046094";"731 897";"A01";"1";"17";"0";"2";"7";"12";"1";""
"202200046095";"731 894";"A01";"3";"7";"13";"0";"3";"16";"1";""
"202200046096";"731 890";"A01";"1";"1";"0";"2";"3";"13";"5";""
"202200046096";"731 891";"B01";"1";"32";"0";"2";"5";"1";"1";""
"202200046097";"731 888";"A01";"2";"7";"1";"2";"3";"19";"1";""
"202200046097";"731 892";"B01";"1";"34";"1";"2";"1";"1";"1";""
"202200046098";"731 884";"B01";"2";"30";"0";"2";"7";"1";"1";""
"202200046098";"731 887";"A01";"1";"7";"0";"2";"2";"15";"1";""
"202200046099";"731 883";"Z01";"1";"7";"0";"2";"8";"15";"1";""
"202200046099";"731 886";"B01";"1";"30";"0";"2";"1";"1";"1";""
"202200046100";"731 882";"B01";"1";"1";"1";"0";"1";"2";"5";""
"202200046100";"731 885";"A01";"1";"7";"12";"0";"8";"22";"1";""
"202200046101";"731 877";"B01";"2";"50";"0";"2";"0";"1";"3";""
"202200046101";"731 879";"Z01";"2";"7";"0";"2";"2";"26";"1";""
"202200046102";"731 876";"A01";"1";"10";"0";"2";"5";"14";"1";""
"202200046102";"731 878";"B01";"1";"32";"0";"2";"3";"1";"1";""
"202200046103";"731 875";"A01";"2";"7";"0";"1";"2";"1";"1";""
"202200046104";"731 873";"A01";"1";"10";"2";"0";"2";"1";"1";""
"202200046105";"731 872";"A01";"1";"7";"0";"2";"4";"2";"1";""
"202200046105";"731 874";"B01";"1";"7";"0";"2";"1";"2";"1";""
"202200046106";"731 870";"A01";"2";"7";"0";"0";"0";"1";"1";""
"202200046107";"731 869";"A01";"1";"10";"0";"2";"3";"1";"1";""
"202200046107";"731 871";"B01";"1";"7";"8";"2";"2";"16";"1";""
"202200046108";"731 867";"B01";"3";"7";"0";"2";"4";"23";"1";""
"202200046108";"731 868";"A01";"3";"7";"0";"2";"1";"23";"1";""
"202200046109";"731 866";"A01";"2";"7";"0";"1";"1";"15";"1";""
"202200046110";"731 864";"A01";"3";"7";"0";"2";"1";"1";"1";""
"202200046110";"731 865";"B01";"3";"33";"0";"2";"4";"23";"1";""
"202200046111";"731 863";"A01";"2";"32";"1";"1";"2";"17";"1";""
"202200046112";"731 862";"A01";"2";"7";"0";"1";"2";"1";"1";""
"202200046113";"731 859";"A01";"3";"7";"9";"2";"3";"9";"1";""
"202200046113";"731 861";"B01";"3";"33";"0";"2";"1";"1";"1";""
"202200046114";"731 857";"A01";"1";"7";"8";"2";"3";"26";"1";""
"202200046114";"731 860";"B01";"2";"7";"1";"2";"2";"26";"1";""
"202200046115";"731 855";"A01";"2";"30";"0";"2";"1";"5";"3";""
"202200046115";"731 858";"B01";"2";"7";"0";"2";"8";"19";"1";""
"202200046116";"731 856";"A01";"1";"7";"0";"1";"1";"17";"1";""
"202200046117";"731 854";"A01";"3";"99";"16";"0";"9";"1";"0";""
"202200046118";"731 847";"A01";"3";"7";"0";"2";"1";"9";"2";""
"202200046118";"731 851";"C01";"1";"17";"0";"2";"1";"1";"1";""
"202200046118";"731 853";"B01";"2";"7";"0";"2";"4";"1";"1";""
"202200046119";"731 848";"A01";"1";"1";"0";"2";"8";"1";"5";""
"202200046119";"731 852";"B01";"1";"7";"0";"2";"2";"1";"1";""
"202200046120";"731 846";"A01";"2";"7";"0";"2";"1";"2";"1";""
"202200046120";"731 849";"B01";"2";"7";"0";"2";"4";"2";"3";""
"202200046120";"731 850";"C01";"2";"7";"0";"2";"4";"2";"1";""
"202200046121";"731 841";"A01";"2";"2";"0";"2";"1";"2";"1";""
"202200046121";"731 844";"B01";"2";"7";"0";"2";"4";"2";"1";""
"202200046122";"731 842";"A01";"1";"7";"0";"2";"3";"13";"1";""
"202200046122";"731 845";"B01";"2";"7";"0";"2";"3";"1";"1";""
"202200046123";"731 840";"A01";"0";"20";"0";"2";"2";"15";"0";""
"202200046123";"731 843";"B01";"0";"33";"0";"2";"1";"1";"1";""
"202200046124";"731 835";"B01";"1";"7";"0";"2";"1";"1";"1";""
"202200046124";"731 838";"A01";"1";"21";"0";"2";"4";"1";"1";""
"202200046125";"731 836";"B01";"3";"2";"0";"2";"3";"1";"1";""
"202200046125";"731 839";"A01";"2";"7";"0";"2";"2";"9";"1";""
"202200046126";"731 833";"A01";"2";"1";"0";"0";"0";"1";"5";""
"202200046127";"731 832";"B01";"1";"7";"4";"0";"6";"1";"1";""
"202200046127";"731 834";"A01";"1";"7";"0";"2";"2";"1";"1";""
"202200046128";"731 828";"B01";"0";"33";"0";"2";"1";"1";"1";""
"202200046128";"731 830";"A01";"0";"7";"0";"2";"1";"15";"1";""
"202200046129";"731 825";"A01";"3";"7";"0";"2";"3";"9";"1";""
"202200046129";"731 827";"B01";"3";"7";"2";"2";"8";"1";"1";""
"202200046130";"731 824";"D01";"2";"14";"0";"0";"4";"2";"1";""
"202200046130";"731 826";"C01";"2";"7";"0";"2";"4";"2";"1";""
"202200046130";"731 829";"B01";"2";"7";"0";"2";"4";"2";"1";""
"202200046130";"731 831";"A01";"2";"10";"0";"2";"1";"2";"1";""
"202200046131";"731 821";"B01";"2";"33";"1";"0";"1";"0";"1";""
"202200046131";"731 823";"A01";"3";"7";"0";"0";"2";"24";"1";""
"202200046132";"731 820";"A01";"2";"33";"0";"2";"1";"1";"0";""
"202200046132";"731 822";"B01";"2";"7";"0";"2";"4";"1";"1";""
"202200046133";"731 819";"A01";"1";"7";"0";"1";"1";"26";"1";""
"202200046134";"731 817";"A01";"3";"7";"0";"2";"2";"15";"1";""
"202200046134";"731 818";"B01";"3";"33";"0";"2";"1";"1";"1";""
"202200046135";"731 814";"B01";"1";"7";"0";"2";"1";"1";"1";""
"202200046135";"731 816";"A01";"2";"7";"0";"2";"7";"10";"0";""
"202200046136";"731 815";"A01";"1";"7";"2";"0";"3";"26";"1";""
"202200046137";"731 811";"A01";"1";"10";"0";"1";"1";"1";"1";""
"202200046138";"731 810";"A01";"1";"33";"0";"0";"8";"16";"1";""
"202200046139";"731 808";"A01";"0";"7";"0";"1";"2";"16";"1";""
"202200046140";"731 805";"B01";"2";"7";"0";"2";"3";"1";"1";""
"202200046140";"731 806";"A01";"1";"7";"0";"2";"5";"0";"1";""
"202200046141";"731 804";"A01";"1";"7";"15";"0";"1";"1";"1";""
"202200046142";"731 803";"A01";"3";"7";"0";"1";"1";"16";"1";""
"202200046143";"731 802";"A01";"2";"7";"0";"2";"2";"1";"1";""
"202200046143";"731 807";"B01";"1";"7";"0";"2";"6";"9";"1";""
"202200046144";"731 801";"A01";"1";"33";"0";"0";"9";"1";"1";""
"202200046145";"731 800";"A01";"2";"33";"15";"0";"0";"13";"1";""
"202200046146";"731 796";"B01";"1";"50";"0";"2";"1";"26";"3";""
"202200046146";"731 798";"A01";"1";"3";"0";"2";"2";"1";"1";""
"202200046147";"731 795";"A01";"3";"7";"0";"2";"3";"0";"1";""
"202200046147";"731 797";"B01";"3";"7";"0";"2";"3";"0";"1";""
"202200046148";"731 794";"A01";"1";"7";"0";"2";"1";"1";"1";""
"202200046148";"731 799";"B01";"1";"80";"0";"2";"8";"19";"3";""
"202200046149";"731 793";"A01";"1";"7";"0";"0";"1";"1";"1";""
"202200046150";"731 791";"A01";"1";"30";"0";"2";"4";"9";"1";""
"202200046150";"731 792";"Z01";"1";"7";"0";"2";"0";"0";"0";""
"202200046151";"731 786";"A01";"1";"33";"0";"2";"3";"16";"1";""
"202200046151";"731 789";"B01";"3";"7";"0";"0";"6";"1";"1";""
"202200046152";"731 790";"A01";"0";"2";"1";"0";"8";"1";"3";""
"202200046153";"731 784";"A01";"3";"7";"0";"2";"1";"0";"1";""
"202200046153";"731 787";"B01";"1";"30";"0";"2";"1";"1";"1";""
"202200046154";"731 785";"A01";"3";"7";"0";"2";"1";"26";"1";""
"202200046154";"731 788";"B01";"3";"7";"0";"2";"4";"26";"1";""
"202200046155";"731 782";"B01";"1";"1";"0";"0";"4";"2";"5";""
"202200046155";"731 783";"A01";"1";"7";"0";"9";"1";"2";"1";""
"202200046156";"731 778";"B01";"1";"7";"0";"0";"4";"23";"1";""
"202200046156";"731 781";"A01";"1";"7";"0";"2";"3";"2";"1";""
"202200046157";"731 777";"B01";"2";"1";"0";"2";"1";"1";"0";""
"202200046157";"731 779";"A01";"1";"7";"0";"2";"2";"15";"1";""
"202200046158";"731 780";"A01";"3";"7";"0";"1";"4";"26";"1";""
"202200046159";"731 776";"A01";"1";"7";"13";"0";"2";"2";"1";""
"202200046160";"731 775";"A01";"1";"7";"0";"1";"1";"1";"1";""
"202200046161";"731 772";"A01";"3";"7";"0";"2";"5";"15";"1";""
"202200046161";"731 773";"B01";"3";"50";"0";"2";"1";"9";"3";""
"202200046162";"731 774";"A01";"0";"7";"0";"1";"1";"19";"1";""
"202200046163";"731 771";"A01";"1";"7";"2";"0";"1";"13";"1";""
"202200046164";"731 768";"A01";"1";"7";"1";"2";"2";"18";"2";""
"202200046164";"731 770";"B01";"1";"7";"0";"2";"2";"16";"1";""
"202200046165";"731 766";"A01";"1";"7";"2";"0";"3";"13";"1";""
"202200046166";"731 762";"A01";"2";"7";"0";"2";"3";"13";"1";""
"202200046166";"731 767";"B01";"1";"7";"0";"2";"3";"1";"1";""
"202200046166";"731 769";"C01";"1";"7";"0";"2";"3";"1";"1";""
"202200046167";"731 764";"B01";"0";"7";"0";"2";"4";"0";"1";""
"202200046167";"731 765";"A01";"0";"2";"0";"2";"1";"2";"1";""
"202200046168";"731 761";"B01";"1";"7";"0";"2";"6";"0";"1";""
"202200046168";"731 763";"A01";"1";"7";"0";"2";"5";"11";"1";""
"202200046169";"731 760";"A01";"2";"7";"0";"5";"1";"1";"1";""
"202200046170";"731 758";"A01";"0";"10";"0";"2";"5";"15";"1";""
"202200046170";"731 759";"B01";"0";"1";"0";"2";"1";"1";"5";""
"202200046171";"731 756";"B01";"1";"7";"0";"2";"2";"2";"1";""
"202200046171";"731 757";"A01";"1";"2";"0";"0";"4";"2";"1";""
"202200046172";"731 754";"A01";"1";"33";"0";"0";"3";"1";"1";""
"202200046173";"731 753";"A01";"2";"7";"0";"1";"1";"15";"1";""
"202200046174";"731 751";"A01";"0";"33";"0";"0";"0";"1";"1";""
"202200046175";"731 752";"A01";"2";"7";"0";"2";"1";"1";"1";""
"202200046175";"731 755";"B01";"1";"7";"0";"2";"8";"15";"1";""
"202200046176";"731 748";"A01";"2";"7";"0";"2";"1";"5";"1";""
"202200046176";"731 749";"B01";"1";"33";"0";"2";"1";"1";"1";""
"202200046177";"731 750";"A01";"1";"7";"0";"1";"2";"1";"1";""
"202200046178";"731 746";"A01";"1";"7";"0";"0";"1";"1";"1";""
"202200046179";"731 745";"Z01";"1";"34";"0";"1";"1";"26";"1";""
"202200046180";"731 743";"A01";"1";"2";"0";"0";"2";"1";"1";""
"202200046180";"731 747";"B01";"2";"10";"0";"2";"3";"10";"1";""
"202200046181";"731 742";"A01";"2";"7";"0";"1";"1";"18";"1";""
"202200046182";"731 741";"A01";"2";"7";"0";"2";"1";"1";"1";""
"202200046182";"731 744";"B01";"1";"30";"0";"2";"8";"1";"1";""
"202200046183";"731 740";"A01";"3";"3";"0";"1";"3";"15";"1";""
"202200046184";"731 735";"A01";"3";"33";"0";"2";"8";"13";"1";""
"202200046184";"731 738";"B01";"3";"7";"0";"2";"2";"1";"1";""
"202200046185";"731 736";"B01";"2";"7";"0";"2";"1";"1";"1";""
"202200046185";"731 739";"A01";"1";"7";"0";"0";"8";"19";"1";""
"202200046186";"731 732";"B01";"1";"33";"0";"2";"1";"0";"1";""
"202200046186";"731 734";"A01";"1";"7";"0";"2";"6";"0";"1";""
"202200046187";"731 733";"A01";"0";"7";"0";"2";"6";"10";"1";""
"202200046187";"731 737";"B01";"0";"33";"0";"2";"1";"1";"1";""
"202200046188";"731 730";"B01";"2";"7";"0";"2";"2";"15";"1";""
"202200046188";"731 731";"A01";"1";"30";"0";"2";"1";"1";"1";""
"202200046189";"731 729";"A01";"2";"36";"0";"0";"1";"2";"1";""
"202200046190";"731 728";"A01";"1";"7";"0";"1";"1";"26";"1";""
"202200046191";"731 725";"A01";"1";"7";"0";"2";"2";"20";"1";""
"202200046191";"731 727";"B01";"1";"32";"0";"2";"1";"1";"1";""
"202200046192";"731 724";"Z01";"2";"7";"0";"2";"0";"1";"0";""
"202200046192";"731 726";"A01";"1";"7";"15";"2";"1";"13";"1";""
"202200046193";"731 723";"A01";"0";"7";"14";"0";"4";"26";"1";""
"202200046194";"731 722";"A01";"2";"7";"0";"1";"3";"13";"1";""
"202200046195";"731 721";"A01";"3";"2";"0";"0";"0";"15";"1";""
"202200046196";"731 717";"A01";"2";"36";"13";"0";"1";"14";"1";""
"202200046197";"731 714";"B01";"1";"7";"0";"2";"4";"11";"1";""
"202200046197";"731 716";"A01";"1";"34";"0";"2";"4";"17";"1";""
"202200046198";"731 715";"A01";"0";"33";"0";"2";"1";"13";"1";""
"202200046198";"731 718";"B01";"2";"7";"0";"2";"1";"1";"1";""
"202200046199";"731 712";"B01";"2";"7";"0";"2";"3";"1";"1";""
"202200046199";"731 713";"A01";"2";"32";"0";"2";"7";"17";"1";""
"202200046200";"731 711";"A01";"1";"7";"9";"0";"1";"2";"1";""
"202200046201";"731 710";"A01";"1";"7";"8";"0";"9";"1";"1";""
"202200046202";"731 709";"A01";"2";"10";"3";"0";"2";"1";"0";""
"202200046203";"731 702";"A01";"1";"32";"0";"0";"3";"0";"1";""
"202200046203";"731 705";"Z01";"1";"7";"0";"0";"4";"0";"1";""
"202200046204";"731 703";"A01";"1";"7";"0";"2";"2";"15";"1";""
"202200046204";"731 706";"B01";"2";"7";"0";"2";"1";"1";"1";""
"202200046205";"731 699";"A01";"2";"10";"0";"2";"2";"17";"1";""
"202200046205";"731 704";"B01";"2";"7";"0";"0";"6";"1";"2";""
"202200046206";"731 698";"A01";"2";"3";"0";"1";"2";"21";"1";""
"202200046207";"731 696";"A01";"1";"7";"0";"2";"1";"21";"1";""
"202200046207";"731 701";"B01";"1";"13";"0";"0";"6";"2";"1";""
"202200046208";"731 694";"B01";"1";"50";"0";"2";"8";"19";"3";""
"202200046208";"731 697";"A01";"1";"7";"0";"2";"2";"21";"1";""
"202200046209";"731 691";"A01";"2";"7";"0";"1";"1";"15";"1";""
"202200046210";"731 690";"A01";"2";"7";"4";"0";"1";"1";"1";""
"202200046211";"731 689";"A01";"1";"1";"0";"2";"1";"15";"5";""
"202200046211";"731 693";"B01";"1";"10";"0";"0";"7";"1";"1";""
"202200046212";"731 688";"A01";"0";"7";"0";"1";"4";"20";"1";""
"202200046213";"731 686";"A01";"1";"32";"0";"0";"8";"3";"1";""
"202200046214";"731 684";"A01";"1";"7";"2";"0";"2";"1";"1";""
"202200046215";"731 679";"B01";"2";"7";"0";"2";"1";"1";"1";""
"202200046215";"731 685";"A01";"3";"10";"0";"2";"8";"19";"1";""
"202200046216";"731 680";"B01";"3";"1";"0";"2";"3";"13";"5";""
"202200046216";"731 682";"A01";"3";"7";"0";"2";"1";"15";"1";""
"202200046217";"731 676";"B01";"1";"10";"0";"2";"2";"2";"0";""
"202200046217";"731 677";"A01";"1";"33";"4";"2";"6";"3";"1";""
"202200046218";"731 670";"B01";"1";"10";"0";"2";"2";"2";"1";""
"202200046218";"731 675";"A01";"1";"7";"0";"2";"6";"2";"1";""
"202200046219";"731 667";"D01";"1";"7";"0";"2";"4";"2";"1";""
"202200046219";"731 671";"C01";"2";"7";"0";"2";"5";"2";"1";""
"202200046219";"731 674";"B01";"2";"7";"0";"2";"7";"1";"1";""
"202200046219";"731 678";"A01";"2";"7";"0";"2";"9";"1";"1";""
"202200046220";"731 668";"A01";"1";"7";"0";"2";"7";"15";"2";""
"202200046220";"731 672";"B01";"1";"33";"0";"2";"1";"3";"1";""
"202200046221";"731 669";"B01";"3";"7";"0";"2";"4";"0";"1";""
"202200046221";"731 673";"A01";"3";"7";"0";"2";"1";"1";"1";""
"202200046222";"731 665";"A01";"0";"7";"0";"2";"3";"15";"0";""
"202200046222";"731 666";"B01";"0";"31";"0";"2";"1";"1";"1";""
"202200046223";"731 664";"A01";"1";"31";"0";"0";"0";"3";"3";""
"202200046224";"731 663";"A01";"1";"10";"13";"0";"0";"0";"0";""
"202200046225";"731 659";"A01";"2";"10";"0";"0";"0";"19";"1";""
"202200046226";"731 656";"A01";"3";"33";"14";"0";"2";"1";"1";""
"202200046227";"731 654";"A01";"1";"7";"0";"2";"3";"1";"2";""
"202200046227";"731 658";"B01";"2";"14";"0";"2";"2";"1";"6";""
"202200046228";"731 653";"A01";"1";"10";"4";"0";"1";"13";"0";""
"202200046229";"731 652";"B01";"3";"7";"0";"2";"3";"13";"1";""