"Num_Acc";"id_vehicule";"num_veh";"senc";"catv";"obs";"obsm";"choc";"manv";"motor";"occutc"
"202200046450";"731 262";"A01";"2";"7";"0";"1";"3";"1";"1";""
"202200046451";"731 257";"B01";"3";"7";"0";"2";"1";"1";"1";""
"202200046451";"731 260";"A01";"3";"30";"0";"2";"1";"13";"1";""
"202200046452";"731 256";"B01";"1";"10";"0";"2";"6";"1";"1";""
"202200046452";"731 258";"A01";"1";"7";"3";"2";"2";"2";"1";""
"202200046453";"731 255";"B01";"2";"33";"0";"2";"4";"1";"1";""
"202200046453";"731 259";"A01";"2";"7";"0";"2";"1";"2";"2";""
"202200046454";"731 252";"A01";"1";"7";"9";"2";"1";"1";"1";""
"202200046454";"731 254";"B01";"2";"7";"0";"2";"1";"15";"1";""
"202200046455";"731 253";"A01";"2";"10";"0";"1";"2";"1";"3";""
"202200046456";"731 250";"A01";"2";"7";"3";"0";"1";"0";"1";""
"202200046457";"731 249";"A01";"3";"50";"0";"0";"0";"0";"3";""
"202200046457";"731 251";"B01";"0";"0";"0";"2";"0";"0";"0";""
"202200046458";"731 248";"A01";"1";"7";"15";"0";"2";"1";"1";""
"202200046459";"731 243";"A01";"1";"7";"0";"1";"1";"1";"1";""
"202200046460";"731 244";"A01";"3";"10";"6";"0";"2";"1";"1";""
"202200046461";"731 242";"B01";"1";"7";"0";"2";"3";"1";"1";""
"202200046461";"731 247";"A01";"2";"7";"0";"2";"3";"13";"1";""
"202200046462";"731 245";"A01";"1";"30";"0";"2";"4";"23";"1";""
"202200046462";"731 246";"Z01";"1";"7";"0";"2";"1";"0";"0";""
"202200046463";"731 240";"B01";"3";"7";"0";"2";"1";"7";"1";""
"202200046463";"731 241";"A01";"3";"1";"0";"2";"1";"8";"5";""
"202200046464";"731 237";"B01";"3";"34";"17";"2";"1";"0";"0";""
"202200046464";"731 238";"A01";"3";"7";"0";"2";"2";"23";"1";""
"202200046465";"731 235";"A01";"1";"31";"0";"0";"8";"1";"1";""
"202200046465";"731 239";"B01";"1";"7";"0";"0";"0";"9";"1";""
"202200046466";"731 233";"B01";"1";"7";"0";"2";"1";"1";"1";""
"202200046466";"731 236";"A01";"1";"30";"0";"2";"8";"10";"1";""
"202200046467";"731 230";"A01";"0";"36";"0";"0";"0";"0";"1";""
"202200046468";"731 228";"C01";"1";"7";"0";"2";"1";"1";"1";""
"202200046468";"731 231";"B01";"1";"7";"0";"2";"3";"1";"1";""
"202200046468";"731 234";"A01";"1";"99";"0";"2";"1";"13";"1";""
"202200046469";"731 229";"A01";"1";"30";"0";"2";"5";"1";"1";""
"202200046470";"731 232";"A01";"2";"7";"0";"1";"7";"1";"2";""
"202200046471";"731 224";"A01";"0";"7";"0";"2";"1";"0";"1";""
"202200046471";"731 226";"B01";"1";"7";"0";"2";"1";"1";"1";""
"202200046472";"731 223";"A01";"3";"33";"0";"2";"8";"1";"1";""
"202200046472";"731 227";"Z01";"3";"10";"0";"2";"3";"1";"1";""
"202200046473";"731 220";"A01";"1";"7";"0";"2";"8";"1";"1";""
"202200046473";"731 225";"B01";"1";"32";"0";"2";"1";"1";"1";""
"202200046474";"731 219";"B01";"1";"50";"0";"2";"7";"13";"3";""
"202200046474";"731 222";"A01";"2";"7";"0";"2";"2";"1";"1";""
"202200046475";"731 217";"A01";"1";"31";"0";"2";"1";"5";"1";""
"202200046475";"731 221";"B01";"2";"7";"0";"2";"2";"1";"1";""
"202200046476";"731 215";"B01";"1";"7";"0";"2";"3";"2";"3";""
"202200046476";"731 218";"A01";"2";"10";"0";"2";"2";"17";"1";""
"202200046477";"731 214";"A01";"0";"50";"0";"2";"7";"14";"3";""
"202200046477";"731 216";"B01";"0";"50";"0";"2";"3";"13";"3";""
"202200046478";"731 213";"A01";"3";"7";"0";"1";"2";"16";"1";""
"202200046479";"731 210";"B01";"2";"99";"0";"2";"3";"1";"6";""
"202200046479";"731 212";"A01";"1";"7";"0";"2";"3";"1";"1";""
"202200046480";"731 206";"A01";"1";"7";"1";"0";"3";"1";"1";""
"202200046480";"731 209";"B01";"2";"10";"0";"1";"3";"23";"1";""
"202200046481";"731 208";"A01";"3";"7";"0";"1";"4";"4";"1";""
"202200046482";"731 205";"B01";"1";"7";"0";"2";"3";"15";"1";""
"202200046482";"731 211";"A01";"1";"30";"0";"2";"2";"17";"1";""
"202200046483";"731 204";"B01";"1";"33";"0";"1";"3";"1";"1";""
"202200046483";"731 207";"A01";"2";"7";"0";"2";"1";"10";"1";""
"202200046484";"731 201";"A01";"2";"7";"0";"1";"1";"1";"1";""
"202200046485";"731 198";"A01";"1";"50";"0";"2";"8";"1";"3";""
"202200046485";"731 203";"B01";"2";"7";"0";"2";"1";"1";"1";""
"202200046486";"731 195";"A01";"2";"34";"0";"5";"1";"1";"1";""
"202200046487";"731 193";"D01";"3";"7";"0";"2";"6";"1";"1";""
"202200046487";"731 196";"C01";"3";"7";"0";"2";"5";"13";"1";""
"202200046487";"731 199";"B01";"3";"7";"0";"2";"1";"1";"1";""
"202200046487";"731 202";"A01";"3";"7";"0";"2";"3";"13";"1";""
"202200046488";"731 194";"A01";"1";"1";"0";"2";"3";"19";"5";""
"202200046488";"731 200";"B01";"3";"7";"0";"2";"1";"1";"1";""
"202200046489";"731 191";"A01";"2";"7";"6";"0";"2";"1";"1";""
"202200046490";"731 192";"B01";"1";"7";"0";"2";"4";"2";"1";""
"202200046490";"731 197";"A01";"1";"7";"0";"2";"1";"26";"1";""
"202200046491";"731 189";"A01";"1";"7";"0";"1";"2";"1";"1";""
"202200046492";"731 185";"A01";"3";"7";"0";"1";"6";"20";"1";""
"202200046493";"731 186";"A01";"1";"7";"15";"0";"1";"1";"1";""
"202200046494";"731 188";"A01";"2";"10";"0";"2";"4";"21";"1";""
"202200046494";"731 190";"B01";"3";"7";"0";"2";"4";"1";"1";""
"202200046495";"731 181";"A01";"1";"7";"0";"2";"1";"9";"1";""
"202200046495";"731 184";"B01";"1";"80";"0";"2";"7";"1";"3";""
"202200046496";"731 182";"B01";"1";"7";"0";"2";"4";"23";"1";""
"202200046496";"731 187";"A01";"1";"7";"0";"2";"1";"2";"1";""
"202200046497";"731 178";"A01";"1";"1";"0";"1";"1";"1";"5";""
"202200046498";"731 175";"B01";"0";"7";"0";"2";"1";"1";"1";""
"202200046498";"731 177";"A01";"0";"7";"0";"2";"1";"13";"1";""
"202200046499";"731 172";"A01";"1";"50";"0";"0";"0";"1";"3";""
"202200046500";"731 173";"A01";"1";"50";"0";"0";"0";"26";"3";""
"202200046501";"731 171";"D01";"2";"7";"0";"2";"4";"2";"1";""
"202200046501";"731 174";"C01";"2";"7";"0";"2";"4";"2";"1";""
"202200046501";"731 176";"B01";"2";"7";"0";"2";"4";"2";"1";""
"202200046501";"731 180";"A01";"2";"37";"0";"2";"1";"2";"1";"1"
"202200046502";"731 170";"A01";"3";"31";"0";"5";"7";"1";"1";""
"202200046503";"731 168";"A01";"1";"7";"0";"2";"1";"1";"1";""
"202200046503";"731 169";"B01";"1";"1";"0";"2";"6";"2";"5";""
"202200046504";"731 166";"A01";"1";"7";"0";"1";"4";"4";"1";""
"202200046505";"731 165";"A01";"0";"7";"0";"2";"1";"1";"1";""
"202200046505";"731 167";"B01";"0";"10";"0";"2";"4";"1";"1";""
"202200046506";"731 164";"A01";"0";"7";"0";"1";"1";"1";"1";""
"202200046507";"731 160";"A01";"3";"7";"0";"1";"4";"20";"1";""
"202200046508";"731 158";"A01";"1";"7";"0";"1";"3";"2";"1";""
"202200046509";"731 159";"A01";"1";"7";"0";"2";"8";"17";"1";""
"202200046509";"731 162";"B01";"1";"31";"0";"2";"7";"1";"1";""
"202200046510";"731 157";"A01";"1";"7";"0";"2";"4";"23";"1";""
"202200046510";"731 161";"B01";"1";"7";"0";"2";"1";"2";"1";""
"202200046510";"731 163";"C01";"1";"7";"0";"2";"1";"2";"1";""
"202200046511";"731 151";"A01";"1";"10";"1";"0";"2";"14";"1";""
"202200046512";"731 153";"A01";"1";"7";"0";"2";"1";"15";"1";""
"202200046512";"731 156";"B01";"2";"30";"0";"2";"7";"1";"1";""
"202200046513";"731 150";"B01";"2";"7";"0";"2";"8";"19";"1";""
"202200046513";"731 154";"A01";"1";"32";"0";"2";"1";"1";"1";""
"202200046514";"731 152";"A01";"0";"7";"0";"1";"1";"15";"1";""
"202200046515";"731 148";"A01";"2";"33";"0";"0";"9";"0";"0";""
"202200046516";"731 147";"A01";"2";"1";"0";"2";"5";"19";"5";""
"202200046516";"731 149";"B01";"2";"33";"0";"9";"1";"21";"1";""
"202200046517";"731 145";"A01";"1";"7";"0";"1";"2";"1";"1";""
"202200046518";"731 143";"B01";"2";"2";"0";"2";"1";"26";"1";""
"202200046518";"731 146";"Z01";"2";"3";"0";"2";"1";"11";"1";""
"202200046519";"731 141";"B01";"2";"7";"0";"2";"4";"23";"1";""
"202200046519";"731 144";"A01";"0";"7";"0";"2";"1";"0";"0";""
"202200046520";"731 138";"A01";"1";"7";"0";"2";"3";"12";"1";""
"202200046520";"731 142";"B01";"1";"7";"0";"2";"5";"2";"2";""
"202200046521";"731 135";"A01";"2";"99";"0";"2";"1";"2";"1";""
"202200046521";"731 137";"B01";"2";"7";"0";"2";"4";"2";"1";""
"202200046521";"731 139";"C01";"2";"7";"0";"2";"6";"2";"1";""
"202200046521";"731 140";"D01";"3";"7";"0";"0";"0";"0";"1";""
"202200046522";"731 136";"A01";"1";"7";"0";"1";"1";"1";"1";""
"202200046523";"731 134";"A01";"1";"43";"1";"0";"1";"14";"1";""
"202200046524";"731 131";"A01";"2";"7";"0";"2";"7";"15";"1";""
"202200046524";"731 133";"B01";"1";"7";"0";"2";"1";"1";"1";""
"202200046525";"731 130";"B01";"1";"7";"0";"2";"4";"23";"1";""
"202200046525";"731 132";"A01";"1";"7";"0";"2";"1";"2";"1";""
"202200046526";"731 124";"B01";"2";"7";"0";"2";"3";"1";"1";""
"202200046526";"731 127";"A01";"1";"37";"0";"2";"3";"13";"1";"1"
"202200046527";"731 125";"A01";"2";"1";"0";"2";"1";"2";"5";""
"202200046527";"731 128";"B01";"0";"7";"0";"2";"4";"2";"1";""
"202200046528";"731 121";"C01";"1";"10";"0";"2";"6";"2";"1";""
"202200046528";"731 123";"B01";"1";"10";"0";"2";"5";"2";"1";""
"202200046528";"731 126";"A01";"1";"33";"0";"2";"7";"11";"1";""
"202200046529";"731 119";"B01";"1";"33";"0";"2";"7";"1";"1";""
"202200046529";"731 122";"A01";"2";"7";"0";"2";"3";"15";"1";""
"202200046530";"731 120";"A01";"1";"7";"1";"0";"2";"14";"1";""
"202200046531";"731 118";"A01";"1";"33";"5";"0";"0";"12";"1";""
"202200046532";"731 117";"A01";"2";"7";"13";"0";"9";"1";"1";""
"202200046533";"731 114";"B01";"1";"33";"0";"2";"1";"18";"1";""
"202200046533";"731 116";"A01";"1";"7";"0";"2";"7";"22";"2";""
"202200046534";"731 113";"B01";"0";"7";"9";"2";"5";"20";"1";""
"202200046534";"731 115";"A01";"0";"7";"0";"2";"3";"20";"1";""
"202200046535";"731 112";"A01";"1";"31";"0";"1";"1";"1";"1";""
"202200046536";"731 111";"A01";"1";"7";"0";"1";"4";"4";"2";""
"202200046537";"731 109";"A01";"3";"50";"0";"2";"3";"5";"3";""
"202200046537";"731 110";"B01";"3";"10";"0";"2";"3";"1";"1";""
"202200046538";"731 107";"A01";"1";"1";"0";"1";"2";"7";"5";""
"202200046539";"731 108";"A01";"2";"7";"0";"1";"4";"4";"1";""
"202200046540";"731 105";"B01";"2";"10";"0";"2";"5";"15";"1";""
"202200046540";"731 106";"A01";"1";"1";"0";"2";"1";"26";"5";""
"202200046541";"731 102";"B01";"1";"30";"0";"2";"1";"1";"1";""
"202200046541";"731 104";"A01";"1";"7";"0";"2";"6";"23";"1";""
"202200046542";"731 101";"A01";"1";"33";"14";"0";"1";"2";"1";""
"202200046543";"731 098";"B01";"1";"1";"0";"2";"1";"7";"5";""
"202200046543";"731 100";"A01";"1";"1";"0";"2";"2";"9";"5";""
"202200046544";"731 099";"B01";"2";"30";"0";"2";"2";"1";"1";""
"202200046544";"731 103";"A01";"2";"50";"0";"2";"8";"15";"3";""
"202200046545";"731 095";"A01";"2";"7";"0";"9";"3";"9";"1";""
"202200046545";"731 097";"B01";"1";"1";"0";"2";"7";"26";"5";""
"202200046546";"731 094";"A01";"1";"7";"0";"2";"7";"14";"1";""
"202200046546";"731 096";"B01";"1";"1";"0";"2";"3";"1";"5";""
"202200046547";"731 089";"A01";"1";"7";"0";"2";"1";"9";"2";""
"202200046547";"731 091";"B01";"2";"33";"0";"2";"1";"1";"1";""
"202200046548";"731 088";"B01";"0";"2";"0";"2";"5";"1";"1";""
"202200046548";"731 092";"A01";"0";"7";"0";"2";"1";"1";"1";""
"202200046549";"731 085";"B01";"1";"7";"0";"2";"8";"0";"1";""
"202200046549";"731 087";"A01";"2";"7";"0";"2";"3";"13";"1";""
"202200046550";"731 086";"A01";"1";"50";"0";"1";"0";"1";"3";""
"202200046551";"731 090";"A01";"3";"7";"0";"2";"3";"17";"1";""
"202200046551";"731 093";"B01";"3";"1";"0";"2";"7";"1";"5";""
"202200046552";"731 083";"A01";"3";"30";"4";"0";"7";"13";"1";""
"202200046553";"731 081";"B01";"0";"1";"0";"2";"7";"0";"5";""
"202200046553";"731 084";"A01";"0";"7";"0";"2";"1";"0";"1";""
"202200046554";"731 079";"A01";"1";"37";"0";"1";"7";"1";"6";"1"
"202200046555";"731 078";"A01";"3";"7";"12";"0";"2";"13";"1";""
"202200046556";"731 080";"A01";"3";"1";"0";"2";"1";"5";"5";""
"202200046556";"731 082";"B01";"3";"10";"0";"2";"1";"1";"3";""
"202200046557";"731 076";"A01";"1";"7";"0";"2";"8";"22";"1";""
"202200046557";"731 077";"B01";"1";"1";"0";"2";"1";"1";"5";""
"202200046558";"731 073";"B01";"1";"1";"0";"2";"1";"1";"5";""
"202200046558";"731 074";"A01";"1";"7";"0";"2";"8";"22";"1";""
"202200046559";"731 072";"B01";"1";"32";"0";"2";"1";"1";"0";""
"202200046559";"731 075";"A01";"1";"7";"0";"2";"5";"19";"1";""
"202200046560";"731 069";"A01";"2";"2";"0";"2";"2";"14";"1";""
"202200046560";"731 070";"B01";"2";"1";"0";"2";"1";"1";"5";""
"202200046561";"731 067";"B01";"3";"2";"0";"2";"1";"1";"1";""
"202200046561";"731 068";"A01";"3";"7";"0";"2";"3";"13";"1";""
"202200046562";"731 065";"B01";"2";"1";"0";"2";"4";"1";"5";""
"202200046562";"731 066";"A01";"2";"7";"0";"2";"4";"23";"1";""
"202200046563";"731 071";"A01";"2";"10";"1";"0";"1";"7";"1";""
"202200046564";"731 064";"A01";"0";"7";"0";"0";"0";"0";"0";""
"202200046565";"731 063";"A01";"1";"50";"0";"1";"1";"1";"3";""
"202200046566";"731 060";"Z01";"1";"7";"0";"1";"1";"1";"0";""
"202200046567";"731 061";"B01";"2";"50";"0";"2";"1";"1";"3";""
"202200046567";"731 062";"A01";"2";"7";"0";"2";"8";"22";"1";""
"202200046568";"731 059";"A01";"1";"10";"0";"1";"3";"1";"1";""
"202200046569";"731 055";"Z01";"1";"0";"0";"2";"0";"0";"0";""
"202200046569";"731 056";"Y01";"1";"1";"0";"2";"0";"0";"5";""
"202200046570";"731 057";"A01";"0";"7";"0";"1";"2";"1";"1";""
"202200046571";"731 054";"B01";"2";"50";"0";"2";"1";"1";"3";""
"202200046571";"731 058";"A01";"1";"7";"0";"2";"3";"16";"1";""
"202200046572";"731 051";"B01";"3";"7";"0";"2";"1";"8";"1";""
"202200046572";"731 053";"A01";"3";"33";"0";"2";"2";"1";"1";""
"202200046573";"731 049";"B01";"2";"7";"0";"2";"4";"1";"1";""
"202200046573";"731 052";"A01";"2";"7";"0";"2";"1";"2";"1";""
"202200046574";"731 047";"A01";"1";"43";"0";"2";"1";"26";"1";""
"202200046574";"731 050";"B01";"1";"7";"8";"2";"5";"1";"1";""
"202200046575";"731 043";"A01";"2";"7";"0";"2";"1";"2";"1";""
"202200046575";"731 045";"B01";"2";"10";"0";"2";"4";"2";"1";""
"202200046575";"731 046";"C01";"2";"7";"0";"2";"1";"2";"1";""
"202200046576";"731 044";"A01";"2";"33";"0";"2";"1";"21";"1";""
"202200046576";"731 048";"B01";"2";"38";"0";"2";"6";"1";"4";"1"
"202200046577";"731 042";"A01";"1";"7";"1";"0";"3";"21";"1";""
"202200046578";"731 040";"A01";"2";"7";"0";"2";"7";"12";"1";""
"202200046578";"731 041";"B01";"2";"33";"0";"2";"8";"3";"1";""
"202200046579";"731 038";"A01";"2";"31";"12";"0";"1";"1";"1";""
"202200046580";"731 037";"A01";"3";"1";"12";"0";"0";"14";"5";""
"202200046581";"731 036";"A01";"1";"7";"2";"0";"1";"16";"2";""
"202200046581";"731 039";"Y01";"0";"1";"0";"0";"0";"0";"5";""
"202200046582";"731 033";"Z01";"2";"7";"0";"2";"3";"22";"1";""
"202200046582";"731 034";"A01";"2";"50";"0";"2";"2";"21";"3";""
"202200046583";"731 032";"A01";"2";"7";"0";"2";"1";"2";"2";""
"202200046583";"731 035";"B01";"2";"7";"0";"2";"3";"1";"1";""
"202200046584";"731 029";"B01";"2";"80";"0";"0";"0";"1";"3";""
"202200046584";"731 031";"A01";"2";"10";"0";"0";"0";"15";"1";""
"202200046585";"731 028";"B01";"1";"32";"0";"2";"1";"1";"1";""
"202200046585";"731 030";"A01";"1";"7";"0";"2";"2";"1";"1";""
"202200046586";"731 027";"A01";"1";"7";"9";"0";"1";"6";"1";""
"202200046587";"731 021";"B01";"1";"31";"0";"2";"2";"17";"1";""
"202200046587";"731 024";"A01";"1";"7";"0";"2";"3";"9";"2";""
"202200046588";"731 022";"A01";"0";"7";"0";"9";"1";"1";"1";""
"202200046588";"731 025";"B01";"3";"50";"0";"2";"1";"1";"3";""
"202200046589";"731 020";"A01";"0";"7";"1";"1";"2";"1";"1";""
"202200046590";"731 023";"A01";"1";"30";"0";"2";"3";"1";"1";""
"202200046590";"731 026";"B01";"1";"10";"0";"2";"0";"16";"1";""
"202200046591";"731 019";"A01";"1";"30";"1";"0";"1";"14";"1";""
"202200046592";"731 016";"B01";"2";"21";"0";"2";"3";"1";"1";""
"202200046592";"731 018";"A01";"1";"7";"0";"2";"1";"1";"6";""
"202200046593";"731 015";"B01";"3";"10";"1";"0";"6";"24";"1";""
"202200046593";"731 017";"A01";"1";"7";"0";"2";"2";"1";"1";""
"202200046594";"731 010";"A01";"2";"30";"0";"1";"1";"17";"1";""
"202200046595";"731 008";"A01";"3";"1";"0";"2";"1";"23";"5";""
"202200046595";"731 012";"B01";"3";"1";"0";"2";"1";"2";"5";""
"202200046596";"731 007";"B01";"2";"31";"0";"2";"6";"1";"1";""
"202200046596";"731 014";"A01";"1";"10";"0";"2";"3";"15";"1";""
"202200046597";"731 009";"B01";"1";"7";"0";"2";"0";"0";"1";""
"202200046597";"731 013";"A01";"1";"10";"0";"2";"1";"2";"1";""
"202200046598";"731 006";"B01";"3";"7";"0";"9";"8";"15";"1";""
"202200046598";"731 011";"A01";"3";"50";"0";"2";"1";"17";"3";""
"202200046599";"731 002";"A01";"0";"7";"0";"1";"2";"1";"1";""
"202200046600";"731 003";"A01";"3";"7";"1";"1";"1";"14";"1";""
"202200046601";"731 000";"A01";"3";"7";"0";"2";"1";"26";"1";""
"202200046601";"731 005";"B01";"3";"17";"0";"2";"4";"2";"1";""
"202200046602";"730 999";"B01";"2";"7";"0";"2";"7";"1";"1";""
"202200046602";"731 004";"A01";"2";"7";"0";"2";"1";"1";"1";""
"202200046603";"730 998";"Y01";"3";"50";"9";"2";"1";"23";"3";""
"202200046603";"731 001";"A01";"3";"7";"0";"2";"1";"15";"1";""
"202200046604";"730 992";"Y01";"3";"60";"0";"2";"1";"26";"5";""
"202200046604";"730 996";"A01";"3";"1";"0";"2";"1";"1";"5";""
"202200046605";"730 991";"A01";"1";"10";"0";"2";"8";"19";"1";""
"202200046605";"730 995";"B01";"0";"99";"0";"2";"0";"0";"0";""
"202200046606";"730 990";"A01";"3";"7";"0";"2";"5";"15";"1";""
"202200046606";"730 997";"B01";"3";"7";"0";"2";"1";"1";"1";""
"202200046607";"730 987";"C01";"1";"15";"0";"2";"8";"1";"1";""
"202200046607";"730 988";"B01";"2";"7";"0";"2";"3";"1";"1";""
"202200046607";"730 994";"A01";"1";"7";"0";"2";"3";"17";"1";""
"202200046608";"730 989";"B01";"1";"30";"0";"2";"1";"17";"1";""
"202200046608";"730 993";"A01";"1";"7";"0";"2";"3";"15";"2";""
"202200046609";"730 984";"A01";"0";"99";"0";"0";"0";"0";"0";""
"202200046609";"730 986";"B01";"0";"7";"0";"0";"0";"0";"0";""
"202200046610";"730 982";"A01";"3";"10";"0";"1";"7";"1";"1";""
"202200046611";"730 980";"B01";"3";"32";"0";"2";"1";"1";"1";""
"202200046611";"730 985";"A01";"3";"7";"0";"2";"2";"15";"1";""
"202200046612";"730 979";"B01";"1";"80";"0";"2";"8";"1";"3";""
"202200046612";"730 983";"A01";"1";"7";"0";"2";"3";"15";"1";""
"202200046613";"730 978";"A01";"2";"7";"0";"2";"3";"9";"2";""
"202200046613";"730 981";"B01";"2";"33";"0";"2";"2";"1";"1";""
"202200046614";"730 974";"A01";"3";"1";"0";"1";"1";"1";"5";""
"202200046615";"730 973";"A01";"1";"7";"12";"2";"1";"1";"1";""
"202200046615";"730 976";"B01";"1";"7";"0";"2";"3";"1";"1";""
"202200046615";"730 977";"C01";"1";"7";"0";"2";"2";"23";"1";""
"202200046616";"730 972";"A01";"0";"7";"0";"1";"2";"1";"2";""
"202200046617";"730 971";"A01";"1";"7";"0";"2";"1";"13";"1";""
"202200046617";"730 975";"B01";"2";"7";"0";"2";"3";"1";"1";""
"202200046618";"730 966";"A01";"1";"7";"0";"1";"1";"9";"1";""
"202200046619";"730 964";"A01";"2";"7";"0";"1";"3";"1";"1";""
"202200046620";"730 963";"B01";"2";"10";"1";"2";"1";"20";"1";""
"202200046620";"730 968";"A01";"2";"2";"0";"2";"0";"1";"1";""
"202200046621";"730 965";"B01";"1";"80";"0";"2";"1";"1";"3";""
"202200046621";"730 969";"C01";"2";"50";"0";"2";"1";"1";"3";""
"202200046621";"730 970";"A01";"1";"10";"0";"2";"8";"22";"6";""
"202200046622";"730 962";"A01";"1";"10";"0";"2";"2";"2";"3";""
"202200046622";"730 967";"B01";"1";"7";"0";"2";"4";"15";"1";""
"202200046623";"730 960";"A01";"1";"2";"0";"0";"0";"0";"1";""
"202200046624";"730 957";"A01";"2";"80";"0";"2";"4";"2";"3";""
"202200046624";"730 959";"B01";"2";"80";"0";"2";"1";"2";"3";""
"202200046625";"730 954";"A01";"1";"2";"0";"0";"1";"1";"1";""
"202200046626";"730 955";"B01";"2";"80";"0";"2";"1";"1";"3";""
"202200046626";"730 958";"A01";"2";"7";"0";"2";"3";"20";"1";""
"202200046627";"730 956";"A01";"0";"99";"0";"1";"1";"2";"3";""
"202200046628";"730 952";"A01";"2";"7";"0";"2";"1";"13";"2";""
"202200046628";"730 953";"B01";"1";"7";"0";"2";"1";"1";"1";""
"202200046629";"730 950";"A01";"3";"7";"8";"0";"3";"2";"6";""
"202200046630";"730 948";"A01";"2";"1";"0";"2";"1";"1";"5";""
"202200046630";"730 951";"B01";"2";"7";"0";"2";"6";"23";"1";""
"202200046631";"730 945";"A01";"1";"2";"0";"0";"8";"15";"1";""
"202200046632";"730 947";"A01";"1";"30";"0";"1";"1";"18";"1";""
"202200046633";"730 944";"A01";"1";"10";"0";"2";"3";"15";"0";""
"202200046633";"730 946";"B01";"2";"2";"0";"2";"2";"1";"1";""
"202200046634";"730 943";"A01";"3";"1";"0";"0";"2";"13";"5";""
"202200046635";"730 949";"A01";"2";"99";"0";"1";"1";"1";"3";""
"202200046636";"730 941";"A01";"1";"33";"3";"0";"8";"11";"1";""
"202200046637";"730 940";"B01";"2";"7";"0";"2";"4";"1";"1";""
"202200046637";"730 942";"A01";"2";"7";"0";"2";"1";"2";"1";""
"202200046638";"730 939";"A01";"1";"7";"0";"1";"2";"1";"1";""
"202200046639";"730 937";"B01";"2";"33";"0";"2";"8";"1";"1";""
"202200046639";"730 938";"A01";"1";"7";"0";"2";"8";"13";"1";""
"202200046640";"730 935";"A01";"1";"7";"3";"0";"0";"0";"1";""
"202200046641";"730 932";"A01";"1";"7";"0";"2";"8";"1";"1";""
"202200046641";"730 936";"B01";"1";"33";"0";"2";"1";"1";"1";""
"202200046642";"730 930";"A01";"1";"10";"8";"0";"7";"1";"1";""
"202200046643";"730 928";"A01";"3";"1";"0";"2";"8";"19";"5";""
"202200046643";"730 934";"B01";"1";"7";"0";"2";"1";"1";"1";""
"202200046644";"730 927";"B01";"1";"7";"0";"9";"1";"0";"1";""
"202200046644";"730 929";"A01";"1";"20";"0";"0";"0";"1";"0";""
"202200046645";"730 931";"B01";"2";"50";"0";"2";"1";"1";"3";""
"202200046645";"730 933";"A01";"1";"7";"0";"2";"2";"15";"1";""
"202200046646";"730 925";"A01";"2";"31";"0";"0";"4";"1";"1";""
"202200046647";"730 923";"A01";"1";"7";"0";"2";"3";"10";"1";""
"202200046647";"730 926";"B01";"1";"34";"0";"2";"2";"17";"1";""
"202200046648";"730 921";"A01";"2";"7";"0";"2";"3";"13";"1";""
"202200046648";"730 924";"B01";"1";"7";"0";"2";"3";"1";"1";""
"202200046649";"730 922";"A01";"3";"7";"0";"1";"0";"16";"1";""
"202200046650";"730 918";"A01";"2";"7";"0";"2";"3";"15";"1";""
"202200046650";"730 920";"B01";"2";"1";"0";"2";"7";"17";"5";""
"202200046651";"730 915";"A01";"1";"33";"8";"0";"2";"1";"1";""
"202200046652";"730 912";"B01";"1";"7";"0";"2";"3";"1";"1";""
"202200046652";"730 914";"A01";"2";"7";"0";"2";"3";"6";"1";""
"202200046653";"730 913";"B01";"1";"50";"0";"2";"8";"19";"3";""
"202200046653";"730 917";"A01";"1";"7";"0";"2";"2";"16";"1";""
"202200046654";"730 906";"B01";"2";"7";"0";"2";"1";"1";"1";""
"202200046654";"730 909";"A01";"1";"7";"0";"2";"1";"5";"1";""
"202200046655";"730 905";"A01";"1";"10";"0";"1";"2";"26";"1";""
"202200046656";"730 907";"A01";"2";"7";"0";"2";"7";"22";"3";""
"202200046656";"730 911";"B01";"2";"1";"1";"0";"8";"1";"5";""
"202200046657";"730 903";"A01";"2";"7";"0";"2";"7";"1";"1";""
"202200046657";"730 904";"B01";"2";"1";"0";"2";"1";"1";"5";""
"202200046658";"730 901";"A01";"1";"7";"6";"0";"1";"19";"1";""
"202200046659";"730 900";"B01";"2";"31";"0";"2";"3";"1";"1";""
"202200046659";"730 902";"A01";"1";"7";"0";"2";"3";"17";"1";""
"202200046660";"730 897";"A01";"2";"33";"0";"2";"1";"1";"1";""
"202200046660";"730 899";"B01";"1";"7";"0";"2";"7";"15";"1";""
"202200046661";"730 898";"A01";"3";"33";"0";"2";"1";"1";"1";""
"202200046662";"730 895";"B01";"1";"2";"0";"2";"4";"1";"1";""
"202200046662";"730 896";"A01";"1";"99";"0";"2";"1";"14";"1";""
"202200046663";"730 893";"A01";"3";"1";"13";"0";"1";"18";"5";""
"202200046664";"730 892";"A01";"1";"7";"0";"2";"2";"17";"1";""
"202200046664";"730 894";"B01";"1";"1";"0";"2";"8";"1";"5";""
"202200046665";"730 891";"Z01";"2";"10";"0";"1";"1";"16";"1";""
"202200046666";"730 890";"A01";"2";"1";"14";"0";"2";"1";"5";""
"202200046667";"730 889";"A01";"1";"33";"7";"0";"1";"6";"1";""
"202200046668";"730 888";"A01";"3";"36";"0";"0";"0";"0";"1";""
"202200046669";"730 885";"B01";"2";"7";"0";"2";"2";"1";"1";""