"Num_Acc";"id_vehicule";"num_veh";"senc";"catv";"obs";"obsm";"choc";"manv";"motor";"occutc"
"202200046881";"730 512";"A01";"3";"13";"0";"1";"0";"1";"1";""
"202200046882";"730 514";"A01";"1";"10";"0";"2";"1";"2";"1";""
"202200046882";"730 515";"B01";"1";"7";"0";"2";"4";"2";"1";""
"202200046883";"730 521";"B01";"2";"10";"0";"0";"4";"2";"1";""
"202200046883";"730 529";"A01";"2";"10";"0";"2";"1";"2";"1";""
"202200046884";"730 510";"A01";"3";"7";"0";"1";"0";"0";"1";""
"202200046885";"730 511";"B01";"3";"7";"0";"2";"2";"15";"1";""
"202200046885";"730 513";"A01";"3";"2";"0";"2";"1";"1";"1";""
"202200046886";"730 509";"A01";"2";"13";"4";"0";"1";"0";"0";""
"202200046887";"730 508";"A01";"3";"7";"0";"1";"2";"14";"1";""
"202200046888";"730 505";"B01";"2";"7";"0";"2";"3";"1";"1";""
"202200046888";"730 507";"A01";"1";"7";"0";"2";"1";"13";"1";""
"202200046889";"730 502";"A01";"2";"7";"0";"1";"2";"16";"1";""
"202200046890";"730 501";"B01";"0";"21";"0";"2";"3";"13";"1";""
"202200046890";"730 506";"A01";"0";"7";"0";"2";"2";"17";"1";""
"202200046891";"730 500";"B01";"1";"43";"0";"2";"1";"1";"1";""
"202200046891";"730 504";"A01";"2";"7";"0";"2";"2";"6";"1";""
"202200046892";"730 503";"A01";"1";"7";"0";"1";"2";"1";"1";""
"202200046893";"730 499";"A01";"1";"33";"16";"0";"1";"16";"1";""
"202200046894";"730 497";"Z01";"2";"7";"12";"0";"4";"26";"1";""
"202200046895";"730 494";"A01";"2";"7";"0";"2";"8";"13";"1";""
"202200046895";"730 496";"B01";"1";"33";"0";"2";"3";"1";"1";""
"202200046896";"730 493";"A01";"1";"7";"0";"2";"1";"2";"1";""
"202200046896";"730 495";"B01";"1";"14";"0";"2";"4";"23";"0";""
"202200046897";"730 491";"A01";"2";"7";"2";"0";"1";"13";"0";""
"202200046898";"730 492";"A01";"2";"1";"0";"1";"8";"1";"5";""
"202200046899";"730 485";"B01";"2";"30";"0";"2";"4";"1";"1";""
"202200046899";"730 488";"A01";"2";"7";"0";"2";"3";"1";"1";""
"202200046900";"730 484";"A01";"2";"30";"0";"9";"1";"9";"1";""
"202200046900";"730 487";"Z01";"1";"2";"0";"2";"1";"26";"1";""
"202200046901";"730 483";"A01";"2";"1";"0";"2";"1";"1";"5";""
"202200046901";"730 486";"B01";"2";"7";"0";"9";"3";"1";"2";""
"202200046902";"730 481";"A01";"3";"7";"0";"1";"1";"15";"1";""
"202200046903";"730 479";"B01";"2";"7";"0";"2";"7";"1";"1";""
"202200046903";"730 480";"A01";"2";"50";"0";"2";"1";"5";"3";""
"202200046904";"730 478";"A01";"2";"33";"16";"0";"1";"14";"1";""
"202200046905";"730 482";"A01";"1";"2";"0";"0";"7";"15";"1";""
"202200046906";"730 477";"A01";"1";"7";"0";"1";"1";"17";"0";""
"202200046907";"730 475";"A01";"1";" -1";"0";"2";"1";"17";"0";""
"202200046908";"730 472";"A01";"1";"7";"0";"0";"6";"1";"1";""
"202200046908";"730 473";"B01";"2";"31";"0";"2";"1";"1";"1";""
"202200046908";"730 474";"C01";"2";"31";"0";"2";"1";"1";"1";""
"202200046909";"730 469";"B01";"1";"7";"0";"2";"1";"1";"1";""
"202200046909";"730 471";"A01";"1";"7";"0";"2";"4";"2";"1";""
"202200046910";"730 468";"A01";"1";"33";"0";"6";"1";"0";"1";""
"202200046911";"730 467";"A01";"1";"7";"1";"2";"1";"1";"1";""
"202200046911";"730 470";"B01";"1";"1";"0";"9";"1";"19";"5";""
"202200046912";"730 464";"A01";"2";"33";"7";"0";"8";"1";"1";""
"202200046913";"730 463";"A01";"3";"7";"14";"2";"1";"15";"1";""
"202200046913";"730 465";"B01";"3";"30";"0";"2";"3";"1";"1";""
"202200046914";"730 462";"A01";"1";"13";"0";"1";"4";"26";"1";""
"202200046915";"730 459";"B01";"1";"7";"0";"2";"3";"1";"1";""
"202200046915";"730 466";"A01";"2";"7";"0";"2";"3";"13";"1";""
"202200046916";"730 458";"A01";"1";"7";"0";"2";"3";"2";"1";""
"202200046916";"730 460";"B01";"1";"1";"0";"2";"1";"1";"5";""
"202200046917";"730 457";"A01";"1";"13";"0";"1";"5";"0";"1";""
"202200046918";"730 456";"B01";"3";"33";"0";"2";"7";"1";"1";""
"202200046918";"730 461";"A01";"1";"7";"0";"2";"1";"1";"1";""
"202200046919";"730 450";"A01";"2";"33";"0";"0";"1";"1";"1";""
"202200046919";"730 453";"B01";"1";"33";"0";"0";"1";"1";"1";""
"202200046920";"730 454";"A01";"1";"7";"8";"0";"1";"1";"1";""
"202200046921";"730 449";"A01";"2";"2";"0";"1";"1";"1";"1";""
"202200046922";"730 444";"B01";"2";"33";"0";"2";"1";"1";"1";""
"202200046922";"730 446";"A01";"1";"33";"0";"2";"1";"17";"1";""
"202200046923";"730 445";"A01";"1";"10";"0";"2";"1";"2";"1";""
"202200046923";"730 447";"B01";"1";"7";"0";"2";"8";"2";"1";""
"202200046923";"730 448";"C01";"1";"7";"0";"2";"4";"2";"1";""
"202200046923";"730 452";"D01";"1";"7";"0";"2";"4";"2";"1";""
"202200046924";"730 442";"B01";"0";"7";"0";"2";"4";"23";"1";""
"202200046924";"730 443";"A01";"0";"30";"0";"2";"1";"2";"1";""
"202200046925";"730 451";"A01";"1";"10";"5";"2";"1";"13";"1";""
"202200046925";"730 455";"B01";"2";"17";"0";"2";"3";"1";"1";""
"202200046926";"730 438";"B01";"2";"14";"0";"2";"3";"1";"1";""
"202200046926";"730 441";"A01";"1";"7";"8";"2";"3";"0";"1";""
"202200046927";"730 437";"A01";"3";"7";"0";"2";"6";"15";"1";""
"202200046927";"730 440";"B01";"3";"34";"0";"2";"1";"17";"1";""
"202200046928";"730 439";"A01";"2";"33";"9";"0";"7";"17";"1";""
"202200046929";"730 434";"A01";"3";"7";"0";"2";"0";"15";"1";""
"202200046929";"730 436";"B01";"1";"31";"0";"2";"7";"1";"1";""
"202200046930";"730 432";"A01";"1";"7";"2";"0";"3";"1";"1";""
"202200046931";"730 426";"A01";"1";"7";"0";"2";"2";"1";"1";""
"202200046931";"730 428";"B01";"2";"1";"0";"2";"7";"19";"5";""
"202200046932";"730 430";"A01";"1";"7";"4";"0";"1";"13";"1";""
"202200046933";"730 429";"B01";"0";"1";"0";"9";"1";"0";"5";""
"202200046933";"730 435";"A01";"3";"7";"0";"0";"6";"0";"1";""
"202200046934";"730 424";"B01";"1";"37";"0";"2";"2";"1";"1";"6"
"202200046934";"730 427";"A01";"1";"7";"0";"2";"3";"0";"1";""
"202200046935";"730 422";"B01";"1";"7";"0";"2";"7";"15";"1";""
"202200046935";"730 425";"A01";"2";"7";"0";"2";"2";"1";"1";""
"202200046936";"730 421";"B01";"1";"33";"0";"2";"2";"1";"1";""
"202200046936";"730 423";"A01";"1";"33";"0";"2";"4";"17";"1";""
"202200046937";"730 417";"A01";"2";"10";"0";"2";"1";"1";"1";""
"202200046937";"730 419";"B01";"2";"7";"0";"2";"4";"0";"1";""
"202200046938";"730 415";"A01";"2";"50";"0";"0";"0";"26";"3";""
"202200046939";"730 414";"A01";"1";"7";"2";"0";"1";"1";"1";""
"202200046940";"730 413";"B01";"1";"7";"0";"2";"2";"15";"1";""
"202200046940";"730 416";"A01";"2";"30";"0";"2";"1";"1";"1";""
"202200046941";"730 411";"A01";"1";"7";"0";"2";"2";"9";"1";""
"202200046941";"730 412";"B01";"1";"7";"0";"2";"9";"1";"1";""
"202200046942";"730 410";"A01";"2";"33";"0";"0";"0";"1";"1";""
"202200046943";"730 406";"B01";"1";"7";"0";"9";"7";"14";"2";""
"202200046943";"730 409";"A01";"1";"31";"0";"2";"1";"1";"1";""
"202200046944";"730 402";"A01";"2";"7";"0";"2";"1";"2";"1";""
"202200046944";"730 407";"B01";"2";"7";"0";"2";"4";"2";"1";""
"202200046945";"730 403";"B01";"3";"32";"0";"2";"0";"0";"1";""
"202200046945";"730 408";"Z01";"3";"7";"0";"2";"3";"0";"0";""
"202200046946";"730 398";"B01";"0";"1";"0";"2";"1";"0";"5";""
"202200046946";"730 401";"A01";"0";"7";"0";"9";"3";"0";"1";""
"202200046947";"730 399";"B01";"3";"7";"0";"2";"3";"15";"1";""
"202200046947";"730 404";"A01";"1";"2";"0";"2";"1";"1";"1";""
"202200046948";"730 396";"C01";"1";"7";"0";"2";"8";"0";"1";""
"202200046948";"730 397";"B01";"2";"7";"0";"2";"6";"0";"1";""
"202200046948";"730 400";"A01";"2";"31";"0";"2";"1";"3";"1";""
"202200046949";"730 393";"B01";"2";"7";"0";"2";"3";"1";"1";""
"202200046949";"730 395";"A01";"2";"7";"0";"2";"3";"5";"1";""
"202200046950";"730 391";"B01";"2";"17";"0";"2";"3";"1";"1";""
"202200046950";"730 392";"A01";"2";"10";"0";"2";"2";"10";"1";""
"202200046951";"730 390";"A01";"1";"33";"0";"1";"1";"2";"1";""
"202200046952";"730 389";"A01";"2";"7";"13";"0";"1";"1";"1";""
"202200046953";"730 388";"A01";"3";"7";"0";"2";"1";"26";"1";""
"202200046953";"730 394";"B01";"3";"7";"0";"2";"5";"1";"1";""
"202200046954";"730 383";"A01";"2";"7";"15";"0";"1";"0";"1";""
"202200046955";"730 380";"A01";"2";"7";"0";"2";"1";"21";"1";""
"202200046955";"730 385";"B01";"2";"15";"0";"2";"6";"26";"1";""
"202200046955";"730 387";"C01";"2";"7";"0";"2";"1";"21";"1";""
"202200046956";"730 381";"A01";"1";"33";"0";"0";"1";"0";"1";""
"202200046957";"730 379";"B01";"1";"2";"0";"2";"1";"1";"1";""
"202200046957";"730 384";"A01";"1";"10";"0";"0";"7";"1";"1";""
"202200046958";"730 375";"A01";"1";"7";"0";"2";"8";"9";"1";""
"202200046958";"730 378";"B01";"1";"15";"0";"2";"2";"1";"1";""
"202200046959";"730 372";"A01";"3";"7";"12";"0";"7";"16";"1";""
"202200046959";"730 377";"B01";"3";"33";"0";"2";"1";"18";"1";""
"202200046960";"730 370";"A01";"2";"7";"0";"2";"3";"2";"1";""
"202200046960";"730 373";"B01";"2";"7";"0";"2";"5";"2";"1";""
"202200046961";"730 371";"A01";"3";"7";"0";"2";"1";"1";"1";""
"202200046961";"730 376";"B01";"3";"7";"12";"2";"4";"1";"1";""
"202200046962";"730 369";"B01";"1";"7";"0";"2";"3";"1";"1";""
"202200046962";"730 374";"A01";"2";"7";"0";"2";"1";"13";"1";""
"202200046963";"730 368";"A01";"2";"33";"3";"0";"0";"1";"1";""
"202200046964";"730 365";"B01";"1";"7";"0";"2";"4";"10";"1";""
"202200046964";"730 367";"A01";"1";"33";"0";"2";"1";"1";"1";""
"202200046965";"730 362";"A01";"2";"7";"0";"0";"1";"13";"1";""
"202200046966";"730 360";"B01";"2";"31";"0";"2";"8";"1";"1";""
"202200046966";"730 364";"A01";"2";"7";"0";"2";"2";"12";"1";""
"202200046967";"730 361";"A01";"2";"7";"0";"1";"3";"19";"1";""
"202200046968";"730 359";"C01";"2";"7";"0";"2";"5";"1";"1";""
"202200046968";"730 363";"B01";"1";"33";"0";"2";"1";"3";"1";""
"202200046968";"730 366";"A01";"1";"7";"0";"2";"0";"0";"0";""
"202200046969";"730 355";"A01";"3";"0";"0";"2";"1";"0";" -1";""
"202200046969";"730 358";"B01";"3";"50";"0";"2";"1";"1";"3";""
"202200046970";"730 353";"B01";"1";"10";"0";"2";"5";"12";"1";""
"202200046970";"730 356";"A01";"1";"33";"0";"2";"3";"3";"1";""
"202200046971";"730 354";"A01";"2";"7";"15";"0";"2";"1";"1";""
"202200046972";"730 351";"B01";"2";"7";"0";"2";"1";"21";"1";""
"202200046972";"730 357";"A01";"3";"14";"0";"2";"6";"15";"1";""
"202200046973";"730 350";"A01";"2";"7";"0";"2";"1";"2";"1";""
"202200046973";"730 352";"B01";"2";"7";"0";"2";"4";"2";"1";""
"202200046974";"730 346";"B01";"2";"7";"0";"2";"4";"2";"1";""
"202200046974";"730 348";"A01";"2";"33";"0";"2";"1";"2";"1";""
"202200046975";"730 344";"B01";"2";"1";"0";"2";"4";"2";"5";""
"202200046975";"730 345";"A01";"2";"10";"0";"2";"3";"2";"1";""
"202200046976";"730 342";"A01";"2";"7";"3";"0";"1";"13";"1";""
"202200046977";"730 340";"A01";"2";"33";"3";"0";"8";"0";"1";""
"202200046978";"730 339";"A01";"2";"10";"0";"2";"2";"15";"0";""
"202200046978";"730 341";"B01";"2";"1";"0";"2";"1";"1";"5";""
"202200046979";"730 336";"A01";"2";"7";"0";"2";"1";"2";"1";""
"202200046979";"730 338";"B01";"2";"7";"0";"2";"4";"0";"2";""
"202200046979";"730 343";"C01";"2";"7";"0";"2";"4";"1";"1";""
"202200046980";"730 334";"C01";"2";"7";"0";"2";"1";"1";"1";""
"202200046980";"730 335";"B01";"2";"10";"0";"2";"4";"1";"1";""
"202200046980";"730 337";"A01";"2";"10";"0";"2";"1";"1";"1";""
"202200046981";"730 330";"B01";"3";"7";"0";"2";"1";"1";"1";""
"202200046981";"730 333";"A01";"3";"7";"0";"2";"8";"19";"1";""
"202200046982";"730 331";"A01";"3";"7";"0";"2";"1";"2";"1";""
"202200046982";"730 332";"Z01";"3";"7";"0";"2";"4";"0";"0";""
"202200046983";"730 328";"A01";"1";"7";"11";"0";"1";"1";"1";""
"202200046984";"730 327";"A01";"2";"7";"0";"2";"1";"2";"1";""
"202200046984";"730 329";"B01";"2";"7";"0";"2";"4";"2";"1";""
"202200046985";"730 321";"A01";"2";"33";"0";"2";"0";"0";"1";""
"202200046985";"730 323";"B01";"2";"7";"0";"2";"6";"12";"1";""
"202200046986";"730 322";"B01";"3";"7";"0";"2";"1";"1";"1";""
"202200046986";"730 326";"A01";"3";"1";"0";"2";"1";"16";"5";""
"202200046987";"730 319";"C01";"2";"7";"0";"2";"1";"1";"1";""
"202200046987";"730 324";"B01";"2";"7";"0";"2";"8";"1";"1";""
"202200046987";"730 325";"A01";"1";"7";"0";"2";"8";"13";"1";""
"202200046988";"730 318";"B01";"2";"7";"0";"2";"3";"11";"1";""
"202200046988";"730 320";"A01";"2";"31";"4";"2";"3";"3";"1";""
"202200046989";"730 315";"B01";"2";"7";"0";"2";"6";"2";"1";""
"202200046989";"730 317";"A01";"2";"7";"0";"2";"2";"2";"1";""
"202200046990";"730 313";"B01";"1";"37";"0";"2";"4";"23";"1";"1"
"202200046990";"730 316";"A01";"1";"10";"0";"2";"1";"1";"1";""
"202200046991";"730 312";"A01";"3";"7";"0";"1";"2";"16";"1";""
"202200046992";"730 311";"B01";"1";"32";"4";"2";"0";"1";"1";""
"202200046992";"730 314";"A01";"1";"7";"4";"2";"1";"1";"1";""
"202200046993";"730 309";"B01";"2";"7";"0";"2";"4";"1";"1";""
"202200046993";"730 310";"A01";"2";"7";"0";"2";"1";"1";"1";""
"202200046994";"730 307";"A01";"1";"7";"0";"1";"1";"1";"1";""
"202200046995";"730 306";"A01";"2";"7";"0";"2";"4";"2";"1";""
"202200046996";"730 305";"B01";"2";"7";"0";"2";"1";"1";"3";""
"202200046996";"730 308";"A01";"1";"7";"14";"2";"1";"1";"1";""
"202200046997";"730 303";"A01";"1";"33";"0";"2";"2";"3";"1";""
"202200046997";"730 304";"B01";"1";"10";"0";"2";"0";"11";"1";""
"202200046998";"730 301";"A01";" -1";"7";"0";"2";"2";"6";"1";""
"202200046998";"730 302";"B01";"0";"33";"0";"2";"0";"1";"1";""
"202200046999";"730 299";"A01";"1";"33";"4";"0";"8";"1";"1";""
"202200047000";"730 297";"B01";"2";"10";"0";"0";"4";"1";"0";""
"202200047000";"730 300";"A01";"2";"41";"0";"2";"2";"21";"3";""
"202200047001";"730 295";"C01";"2";"7";"0";"2";"4";"1";"1";""
"202200047001";"730 296";"B01";"2";"7";"0";"2";"4";"1";"1";""
"202200047001";"730 298";"A01";"2";"7";"0";"2";"1";"9";"1";""
"202200047002";"730 294";"A01";"2";"7";"0";"1";"1";"1";"1";""
"202200047003";"730 291";"A01";"2";"7";"0";"2";"7";"13";"1";""
"202200047003";"730 293";"B01";"1";"7";"0";"2";"1";"1";"1";""
"202200047004";"730 290";"A01";"1";"7";"1";"0";"1";"1";"1";""
"202200047004";"730 292";"B01";"1";"7";"0";"2";"4";"24";"1";""
"202200047005";"730 288";"A01";"3";"7";"8";"0";"1";"1";"1";""
"202200047006";"730 287";"B01";"2";"10";"6";"2";"6";"1";"3";""
"202200047006";"730 289";"A01";"2";"7";"0";"2";"2";"0";"2";""
"202200047007";"730 286";"A01";"2";"7";"3";"0";"1";"1";"1";""
"202200047008";"730 285";"A01";"2";"7";"13";"0";"8";"16";"1";""
"202200047009";"730 283";"A01";"0";"7";"0";"1";"1";"16";"1";""
"202200047010";"730 277";"A01";"1";"15";"0";"2";"7";"12";"1";""
"202200047010";"730 281";"B01";"1";"7";"0";"2";"8";"1";"1";""
"202200047011";"730 276";"A01";"2";"7";"0";"2";"3";"1";"1";""
"202200047011";"730 280";"B01";"1";"14";"0";"2";"3";"1";"1";""
"202200047012";"730 275";"A01";"2";"10";"3";"2";"1";"2";"1";""
"202200047012";"730 278";"B01";"2";"10";"0";"2";"4";"1";"1";""
"202200047013";"730 279";"A01";"2";"7";"4";"2";"2";"17";"1";""
"202200047013";"730 282";"B01";"2";"7";"0";"2";"6";"1";"1";""
"202200047013";"730 284";"C01";"2";"7";"0";"2";"2";"1";"1";""
"202200047014";"730 272";"A01";"0";"33";"0";"0";"0";"14";"1";""
"202200047015";"730 268";"A01";"2";"33";"0";"0";"7";"1";"1";""
"202200047016";"730 267";"A01";"2";"7";"14";"0";"1";"1";"1";""
"202200047017";"730 271";"B01";"3";"10";"0";"2";"2";"1";"1";""
"202200047017";"730 273";"A01";"3";"31";"0";"2";"3";"17";"1";""
"202200047018";"730 266";"A01";"2";"3";"0";"1";"2";"9";"1";""
"202200047019";"730 265";"A01";"0";"99";"0";"1";"1";"1";"6";""
"202200047020";"730 263";"B01";"1";"33";"0";"2";"4";"15";"1";""
"202200047020";"730 264";"A01";"1";"10";"0";"2";"1";"15";"1";""
"202200047021";"730 269";"A01";"1";"33";"0";"2";"2";"3";"1";""
"202200047021";"730 270";"B01";"1";"7";"0";"2";"8";"11";"1";""
"202200047022";"730 260";"B01";"2";"2";"0";"2";"1";"21";"1";""
"202200047022";"730 262";"A01";"0";"7";"0";"2";"3";"9";"1";""
"202200047023";"730 259";"A01";"2";"33";"0";"0";"0";"17";"1";""
"202200047024";"730 258";"B01";"3";"7";"0";"2";"3";"0";"1";""
"202200047024";"730 261";"A01";"3";"7";"0";"2";"1";"15";"1";""
"202200047025";"730 256";"A01";"3";"7";"0";"1";"2";"17";"1";""
"202200047026";"730 253";"A01";"3";"1";"0";"2";"0";"16";"5";""
"202200047026";"730 254";"B01";"3";"7";"0";"9";"1";"16";"1";""
"202200047027";"730 252";"A01";"3";"2";"0";"2";"1";"1";"1";""
"202200047027";"730 255";"B01";"3";"7";"0";"2";"5";"15";"2";""
"202200047028";"730 250";"A01";"3";"7";"0";"2";"3";"1";"1";""
"202200047028";"730 251";"B01";"3";"7";"0";"2";"3";"1";"1";""
"202200047029";"730 257";"A01";"2";"7";"0";"1";"1";"26";"1";""
"202200047030";"730 244";"B01";"1";"7";"0";"2";"2";"1";"1";""
"202200047030";"730 248";"A01";"1";"7";"0";"2";"6";"16";"1";""
"202200047031";"730 247";"B01";"2";"80";"0";"4";"1";"19";"3";""
"202200047031";"730 249";"A01";"1";"40";"0";"2";"2";"1";"3";""
"202200047032";"730 242";"A01";"3";"7";"13";"0";"1";"1";"1";""
"202200047033";"730 241";"A01";"2";"10";"8";"2";"1";"19";"1";""
"202200047033";"730 243";"B01";"3";"7";"0";"2";"7";"19";"1";""
"202200047034";"730 240";"A01";"1";"32";"0";"1";"1";"1";"1";""
"202200047035";"730 235";"B01";"3";"37";"0";"2";"1";"1";"1";"1"
"202200047035";"730 238";"A01";"3";"7";"0";"2";"4";"1";"2";""
"202200047036";"730 233";"B01";"2";"33";"0";"2";"1";"1";"1";""
"202200047036";"730 236";"A01";"1";"7";"0";"2";"2";"15";"1";""
"202200047037";"730 234";"A01";"2";"7";"6";"2";"1";"1";"1";""
"202200047037";"730 237";"B01";"2";"7";"0";"2";"4";"15";"1";""
"202200047037";"730 239";"C01";"1";"10";"0";"2";"1";"1";"1";""
"202200047038";"730 231";"B01";"2";"33";"0";"2";"4";"2";"1";""
"202200047038";"730 232";"A01";"2";"7";"0";"2";"1";"2";"1";""
"202200047039";"730 226";"A01";"2";"10";"0";"2";"7";"16";"1";""
"202200047039";"730 229";"B01";"2";"1";"0";"2";"1";"1";"5";""
"202200047040";"730 228";"A01";"1";"10";"0";"2";"2";"26";"1";""
"202200047040";"730 230";"B01";"1";"7";"0";"2";"6";"11";"1";""
"202200047041";"730 222";"C01";"1";"10";"0";"2";"4";"2";"1";""
"202200047041";"730 224";"B01";"1";"7";"4";"2";"1";"2";"1";""
"202200047041";"730 227";"A01";"1";"7";"0";"2";"2";"2";"1";""
"202200047042";"730 223";"A01";"1";"7";"0";"2";"2";"9";"1";""
"202200047042";"730 225";"B01";"2";"1";"0";"2";"1";"2";"5";""
"202200047043";"730 220";"A01";"0";"1";"0";"2";"7";"19";"5";""
"202200047043";"730 221";"B01";"0";"7";"0";"2";"3";"1";"1";""
"202200047044";"730 217";"B01";"1";"50";"0";"2";"0";"0";"3";""
"202200047044";"730 219";"Z01";"2";"7";"0";"2";"2";"15";"0";""
"202200047045";"730 215";"A01";"2";"33";"16";"0";"1";"13";"1";""
"202200047046";"730 216";"A01";"1";"1";"0";"2";"4";"11";"5";""
"202200047046";"730 218";"B01";"1";"30";"0";"2";"1";"1";"1";""
"202200047047";"730 212";"A01";"0";"7";"0";"2";"3";"5";"1";""
"202200047047";"730 214";"B01";"0";"14";"0";"2";"3";"5";"0";""
"202200047048";"730 208";"B01";"1";"33";"0";"2";"1";"1";"1";""
"202200047048";"730 210";"A01";"2";"7";"0";"2";"1";"15";"1";""
"202200047049";"730 204";"B01";"2";"50";"0";"2";"7";"8";"3";""
"202200047049";"730 206";"A01";"1";"7";"0";"2";"2";"12";"1";""
"202200047050";"730 202";"A01";"3";"7";"0";"1";"4";"20";"1";""
"202200047051";"730 201";"A01";"1";"32";"0";"1";"1";"1";"1";""
"202200047052";"730 199";"A01";"2";"1";"0";"1";"1";"1";"5";""
"202200047053";"730 198";"B01";"2";"17";"0";"2";"4";"1";"1";""
"202200047053";"730 200";"A01";"2";"10";"0";"2";"1";"14";"1";""
"202200047054";"730 193";"A01";"2";"7";"0";"2";"1";"1";"1";""
"202200047054";"730 196";"B01";"1";"7";"0";"2";"8";"1";"1";""
"202200047055";"730 194";"A01";"2";"14";"14";"0";"3";"26";"1";""
"202200047056";"730 191";"A01";"1";"10";"0";"2";"1";"2";"1";""
"202200047056";"730 192";"C01";"1";"7";"0";"2";"1";"2";"1";""
"202200047056";"730 195";"B01";"1";"7";"0";"2";"1";"2";"1";""
"202200047056";"730 197";"D01";"1";"7";"0";"2";"4";"2";"1";""
"202200047057";"730 189";"A01";"1";"33";"0";"1";"1";"1";"1";""
"202200047058";"730 188";"A01";"1";"7";"0";"2";"5";"9";"1";""
"202200047058";"730 190";"B01";"2";"7";"8";"2";"1";"1";"1";""
"202200047059";"730 187";"A01";"1";"7";"0";"1";"2";"1";"1";""
"202200047060";"730 185";"A01";"2";"7";"0";"1";"2";"1";"1";""
"202200047061";"730 184";"A01";"3";"7";"0";"1";"3";"15";"1";""
"202200047062";"730 183";"B01";"2";"2";"0";"2";"0";"2";"1";""
"202200047062";"730 186";"A01";"2";"3";"0";"2";"0";"16";"1";""
"202200047063";"730 180";"A01";"1";"7";"0";"1";"5";"1";"1";""
"202200047064";"730 179";"A01";"2";"7";"0";"9";"2";"15";"1";""
"202200047064";"730 181";"B01";"1";"1";"0";"2";"1";"2";"5";""
"202200047065";"730 177";"A01";"2";"10";"0";"1";"2";"1";"1";""
"202200047066";"730 178";"B01";"1";"7";"0";"2";"1";"1";"1";""
"202200047066";"730 182";"A01";"1";"7";"0";"2";"3";"1";"1";""
"202200047067";"730 174";"A01";"1";"7";"0";"0";"0";"1";"1";""
"202200047068";"730 173";"B01";"3";"50";"0";"2";"0";"19";"3";""
"202200047068";"730 175";"A01";"3";"10";"0";"0";"0";"0";"1";""
"202200047069";"730 172";"A01";"1";"2";"1";"0";"1";"1";"1";""
"202200047070";"730 170";"A01";"3";"7";"0";"1";"7";"1";"1";""
"202200047071";"730 169";"A01";"1";"7";"0";"2";"3";"9";"1";""
"202200047071";"730 171";"B01";"1";"50";"0";"2";"1";"9";"3";""
"202200047072";"730 167";"B01";"2";"33";"0";"2";"1";"1";"1";""
"202200047072";"730 168";"A01";"1";"7";"0";"2";"1";"15";"1";""
"202200047073";"730 164";"A01";"3";"1";"0";"2";"2";"15";"5";""
"202200047073";"730 166";"Z01";"3";"7";"0";"2";"3";"1";"0";""
"202200047074";"730 162";"A01";"1";"7";"0";"1";"1";"1";"1";""
"202200047075";"730 160";"B01";"1";"31";"0";"2";"1";"1";"1";""
"202200047075";"730 161";"A01";"1";"10";"0";"2";"5";"12";"1";""
"202200047076";"730 159";"A01";"1";"10";"0";"0";"0";"9";"1";""
"202200047077";"730 156";"C01";"2";"7";"0";"2";"3";"5";"1";""
"202200047077";"730 157";"B01";"2";"7";"0";"2";"3";"21";"1";""
"202200047077";"730 158";"A01";"1";"7";"0";"2";"3";"13";"1";""
"202200047078";"730 154";"A01";"2";"7";"6";"0";"9";"1";"1";""
"202200047079";"730 153";"A01";"3";"7";"0";"2";"7";"16";"1";""
"202200047079";"730 155";"B01";"3";"1";"0";"2";"8";"21";"5";""
"202200047080";"730 151";"A01";"3";"7";"0";"2";"1";"9";"1";""
"202200047080";"730 152";"B01";"1";"7";"8";"2";"8";"1";"1";""
"202200047081";"730 148";"A01";"0";"31";"0";"0";"0";"0";"1";""
"202200047082";"730 147";"B01";"3";"3";"0";"2";"1";"1";"1";""
"202200047082";"730 150";"A01";"1";"7";"0";"2";"7";"15";"1";""
"202200047083";"730 149";"A01";"2";"7";"0";"1";"2";"9";"1";""
"202200047084";"730 145";"B01";"2";"7";"0";"2";"4";"2";"1";""
"202200047084";"730 146";"A01";"2";"7";"0";"2";"4";"1";"1";""
"202200047085";"730 142";"B01";"1";"7";"0";"2";"4";"2";"1";""
"202200047085";"730 143";"A01";"1";"7";"0";"2";"1";"2";"1";""
"202200047086";"730 141";"B01";"2";"7";"0";"2";"3";"1";"2";""
"202200047086";"730 144";"A01";"1";"7";"0";"2";"1";"13";"1";""
"202200047087";"730 139";"B01";"2";"7";"0";"2";"7";"2";"1";""
"202200047087";"730 140";"A01";"2";"33";"0";"2";"8";"1";"1";""
"202200047088";"730 138";"A01";"1";"2";"0";"1";"1";"18";"1";""
"202200047089";"730 135";"A01";"1";"3";"6";"0";"1";"1";"1";""
"202200047090";"730 136";"A01";"2";"33";"0";"2";"1";"3";"1";""
"202200047090";"730 137";"B01";"2";"7";"0";"2";"5";"1";"1";""
"202200047091";"730 133";"B01";"2";"7";"0";"2";"8";"22";"1";""
"202200047091";"730 134";"A01";"2";"80";"0";"2";"2";"1";"3";""
"202200047092";"730 130";"A01";"1";"7";"0";"2";"4";"2";"1";""
"202200047092";"730 132";"B01";"1";"33";"0";"2";"1";"2";"1";""
"202200047093";"730 129";"B01";"2";"33";"0";"2";"1";"1";"1";""
"202200047093";"730 131";"A01";"1";"7";"0";"2";"7";"15";"1";""
"202200047094";"730 127";"Z01";"1";"99";"0";"1";"0";"26";"0";""
"202200047095";"730 125";"B01";"2";"1";"0";"2";"4";"1";"5";""