"Num_Acc";"id_vehicule";"num_veh";"senc";"catv";"obs";"obsm";"choc";"manv";"motor";"occutc"
"202200047738";"728 985";"A01";"1";"7";"0";"2";"3";"9";"1";""
"202200047738";"728 987";"B01";"2";"33";"0";"2";"1";"1";"1";""
"202200047739";"728 984";"A01";"3";"7";"0";"2";"7";"1";"1";""
"202200047739";"728 986";"B01";"3";"33";"0";"2";"7";"1";"1";""
"202200047740";"728 979";"A01";"2";"10";"0";"2";"2";"13";"1";""
"202200047740";"728 981";"B01";"1";"10";"0";"2";"3";"21";"1";""
"202200047741";"728 980";"A01";"1";"7";"0";"1";"1";"1";"1";""
"202200047742";"728 977";"C01";"3";"7";"0";"2";"3";"23";"1";""
"202200047742";"728 978";"B01";"3";"7";"0";"2";"6";"23";"1";""
"202200047742";"728 982";"A01";"3";"7";"12";"0";"2";"15";"1";""
"202200047743";"728 971";"A01";"2";"7";"0";"1";"2";"1";"1";""
"202200047744";"728 973";"A01";"1";"80";"0";"2";"1";"13";"3";""
"202200047744";"728 975";"Z01";"2";"1";"0";"2";"1";"1";"5";""
"202200047745";"728 968";"B01";"2";"1";"0";"2";"1";"1";"5";""
"202200047745";"728 970";"A01";"1";"10";"0";"2";"3";"13";"1";""
"202200047746";"728 966";"B01";"2";"7";"0";"2";"6";"10";"1";""
"202200047746";"728 969";"A01";"2";"33";"0";"2";"1";"1";"1";""
"202200047747";"728 965";"B01";"1";"7";"0";"2";"0";"22";"1";""
"202200047747";"728 967";"A01";"1";"1";"0";"2";"0";"21";"5";""
"202200047748";"728 964";"A01";"3";"33";"9";"0";"1";"0";"1";""
"202200047749";"728 962";"A01";"1";"7";"0";"0";"2";"26";"1";""
"202200047750";"728 961";"B01";"3";"1";"0";"2";"0";"1";"5";""
"202200047750";"728 963";"A01";"3";"7";"0";"2";"0";"9";"1";""
"202200047751";"728 960";"A01";"2";"33";"13";"0";"0";"17";"1";""
"202200047752";"728 958";"A01";"2";"7";"0";"2";"3";"15";"1";""
"202200047752";"728 959";"B01";"2";"2";"0";"2";"3";"1";"1";""
"202200047753";"728 956";"A01";"2";"33";"12";"0";"1";"10";"1";""
"202200047754";"728 955";"A01";"3";"7";"0";"0";"0";"0";"1";""
"202200047754";"728 957";"B01";"3";"1";"0";"2";"1";"0";"5";""
"202200047755";"728 953";"B01";"3";"50";"0";"2";"8";"15";"3";""
"202200047755";"728 954";"A01";"3";"2";"0";"9";"1";"1";"3";""
"202200047756";"728 951";"A01";"1";"7";"0";"1";"3";"1";"1";""
"202200047757";"728 950";"A01";"1";"10";"9";"2";"1";"1";"1";""
"202200047757";"728 952";"B01";"1";"7";"0";"2";"1";"1";"1";""
"202200047758";"728 948";"B01";"2";"7";"0";"2";"5";"23";"1";""
"202200047758";"728 949";"A01";"2";"7";"7";"1";"1";"2";"1";""
"202200047759";"728 945";"B01";"3";"31";"0";"2";"1";"1";"1";""
"202200047759";"728 947";"Z01";"3";"7";"0";"2";"3";"10";"1";""
"202200047760";"728 944";"A01";"2";"10";"0";"1";"6";"4";"1";""
"202200047761";"728 943";"A01";"3";"7";"0";"2";"7";"9";"1";""
"202200047761";"728 946";"B01";"1";"7";"0";"2";"1";"1";"1";""
"202200047762";"728 941";"A01";"0";"7";"0";"1";"4";"26";"1";""
"202200047763";"728 939";"A01";"0";"7";"0";"2";"4";"13";"1";""
"202200047763";"728 940";"B01";"0";"7";"0";"2";"1";"1";"1";""
"202200047764";"728 938";"A01";"3";"7";"0";"2";"3";"15";"1";""
"202200047764";"728 942";"B01";"2";"33";"0";"2";"1";"1";"1";""
"202200047765";"728 937";"A01";"0";"7";"0";"1";"1";"1";"1";""
"202200047766";"728 936";"A01";"0";"7";"0";"1";"2";"2";"2";""
"202200047767";"728 934";"A01";"3";"7";"0";"2";"1";"13";"1";""
"202200047767";"728 935";"B01";"3";"7";"0";"2";"1";"1";"1";""
"202200047768";"728 933";"A01";"3";"13";"0";"1";"5";"26";"1";""
"202200047769";"728 930";"A01";"3";"7";"2";"0";"1";"14";"1";""
"202200047770";"728 929";"B01";"1";"33";"0";"2";"1";"1";"1";""
"202200047770";"728 932";"A01";"1";"7";"0";"2";"1";"1";"1";""
"202200047771";"728 928";"A01";"0";"32";"0";"2";"7";"21";"1";""
"202200047771";"728 931";"Z01";"0";"10";"0";"0";"0";"13";"0";""
"202200047772";"728 926";"A01";"1";"7";"2";"0";"1";"13";"1";""
"202200047773";"728 923";"A01";"1";"7";"16";"1";"1";"1";"1";""
"202200047774";"728 924";"C01";"2";"7";"0";"2";"8";"1";"2";""
"202200047774";"728 925";"B01";"1";"7";"3";"2";"7";"1";"1";""
"202200047774";"728 927";"A01";"1";"7";"3";"2";"3";"9";"1";""
"202200047775";"728 921";"A01";"1";"7";"0";"2";"8";"22";"1";""
"202200047775";"728 922";"B01";"1";"1";"1";"0";"1";"1";"5";""
"202200047776";"728 918";"B01";"1";"2";"1";"0";"1";"1";"1";""
"202200047776";"728 919";"A01";"1";"13";"0";"0";"5";"23";"1";""
"202200047777";"728 917";"A01";"1";"50";"0";"0";"0";"26";"3";""
"202200047778";"728 916";"B01";"3";"7";"0";"2";"1";"1";"1";""
"202200047778";"728 920";"A01";"3";"7";"0";"2";"1";"13";"1";""
"202200047779";"728 912";"C01";"1";"80";"15";"2";"8";"1";"3";""
"202200047779";"728 914";"B01";"1";"1";"15";"2";"3";"1";"5";""
"202200047779";"728 915";"A01";"1";"15";"0";"2";"2";"1";"1";""
"202200047780";"728 910";"A01";"3";"7";"0";"2";"1";"9";"1";""
"202200047780";"728 913";"B01";"3";"50";"0";"2";"7";"1";"3";""
"202200047781";"728 909";"A01";"1";"7";"0";"1";"2";"19";"1";""
"202200047782";"728 908";"B01";"2";"32";"0";"2";"1";"1";"1";""
"202200047782";"728 911";"A01";"2";"7";"0";"2";"2";"15";"1";""
"202200047783";"728 907";"A01";"1";"33";"16";"0";"8";"1";"1";""
"202200047784";"728 905";"B01";"2";"2";"0";"2";"1";"9";"1";""
"202200047784";"728 906";"A01";"1";"7";"0";"2";"3";"15";"1";""
"202200047785";"728 904";"A01";"1";"50";"15";"0";"1";"1";"3";""
"202200047786";"728 903";"A01";"1";"10";"15";"0";"2";"10";"1";""
"202200047787";"728 901";"B01";"2";"33";"0";"2";"1";"1";"1";""
"202200047787";"728 902";"A01";"1";"7";"0";"2";"3";"15";"1";""
"202200047788";"728 899";"A01";"1";"40";"0";"9";"2";"1";"3";""
"202200047788";"728 900";"B01";"1";"1";"0";"4";"4";"19";"5";""
"202200047789";"728 898";"A01";"1";"10";"0";"1";"2";"1";"0";""
"202200047790";"728 897";"A01";"3";"7";"15";"0";"1";"0";"1";""
"202200047791";"728 894";"A01";"3";"7";"0";"2";"2";"1";"1";""
"202200047791";"728 896";"B01";"3";"7";"0";"2";"6";"1";"1";""
"202200047792";"728 893";"A01";"2";"7";"0";"1";"2";"0";"1";""
"202200047793";"728 892";"A01";"1";"33";"2";"2";"9";"17";"1";""
"202200047793";"728 895";"B01";"1";"10";"0";"9";"5";"15";"1";""
"202200047794";"728 889";"B01";"3";"31";"0";"2";"1";"1";"1";""
"202200047794";"728 891";"A01";"3";"7";"0";"2";"1";"15";"1";""
"202200047795";"728 888";"B01";"1";"21";"0";"2";"2";"16";"1";""
"202200047795";"728 890";"A01";"1";"33";"0";"2";"3";"18";"1";""
"202200047796";"728 885";"B01";"3";"1";"0";"2";"8";"1";"5";""
"202200047796";"728 887";"A01";"3";"7";"0";"2";"1";"1";"1";""
"202200047797";"728 883";"B01";"3";"7";"0";"9";"1";"26";"1";""
"202200047797";"728 886";"A01";"2";"1";"0";"2";"1";"26";"5";""
"202200047798";"728 881";"B01";"2";"7";"0";"2";"2";"1";"1";""
"202200047798";"728 884";"A01";"3";"7";"0";"2";"3";"1";"1";""
"202200047799";"728 880";"A01";"2";"7";"0";"2";"1";"1";"1";""
"202200047799";"728 882";"B01";"1";"10";"0";"2";"2";"15";"1";""
"202200047800";"728 878";"A01";"3";"10";"0";"1";"1";"15";"1";""
"202200047801";"728 877";"A01";"1";"33";"13";"0";"1";"26";"1";""
"202200047802";"728 876";"A01";"1";"7";"0";"9";"2";"1";"1";""
"202200047802";"728 879";"B01";"1";"37";"0";"2";"6";"24";"1";"1"
"202200047803";"728 874";"A01";"2";"33";"0";"0";"0";"26";"1";""
"202200047804";"728 873";"A01";"1";"7";"7";"2";"2";"15";"1";""
"202200047804";"728 875";"B01";"1";"7";"0";"2";"1";"1";"1";""
"202200047805";"728 870";"A01";"1";"7";"0";"2";"3";"13";"1";""
"202200047805";"728 871";"B01";"2";"7";"0";"2";"8";"1";"1";""
"202200047805";"728 872";"C01";"2";"7";"0";"2";"3";"1";"1";""
"202200047806";"728 869";"A01";"2";"7";"13";"0";"1";"1";"1";""
"202200047807";"728 864";"A01";"2";"33";"17";"0";"1";"0";"1";""
"202200047808";"728 866";"B01";"1";"10";"0";"2";"1";"2";"1";""
"202200047808";"728 868";"A01";"1";"17";"4";"0";"2";"2";"1";""
"202200047809";"728 865";"A01";"2";"7";"0";"2";"1";"1";"1";""
"202200047809";"728 867";"B01";"2";"1";"0";"2";"4";"2";"5";""
"202200047810";"728 863";"A01";"1";"33";"0";"0";"9";"1";"1";""
"202200047811";"728 860";"A01";"1";"7";"0";"2";"1";"1";"1";""
"202200047811";"728 862";"B01";"2";"7";"0";"2";"8";"1";"1";""
"202200047812";"728 861";"A01";"3";"7";"0";"1";"3";"15";"1";""
"202200047813";"728 859";"A01";"1";"33";"16";"0";"0";"17";"1";""
"202200047814";"728 858";"A01";"1";"7";"6";"0";"1";"1";"1";""
"202200047815";"728 857";"A01";"1";"7";"6";"0";"1";"13";"1";""
"202200047816";"728 856";"A01";"1";"7";"1";"1";"3";"26";"1";""
"202200047817";"728 854";"A01";"1";"7";"0";"1";"3";"15";"1";""
"202200047818";"728 853";"A01";"2";"33";"0";"0";"9";"17";"1";""
"202200047819";"728 851";"B01";"1";"7";"0";"2";"3";"1";"1";""
"202200047819";"728 855";"A01";"3";"2";"0";"2";"8";"9";"1";""
"202200047820";"728 849";"A01";"1";"37";"0";"0";"0";"0";"6";"3"
"202200047820";"728 852";"B01";"1";"7";"0";"2";"6";"11";"1";""
"202200047821";"728 847";"A01";"1";"7";"0";"9";"0";"9";"1";""
"202200047821";"728 850";"B01";"0";"60";"0";"2";"0";"1";"5";""
"202200047822";"728 846";"A01";"2";"7";"0";"0";"9";"26";"1";""
"202200047823";"728 844";"A01";"3";"7";"0";"1";"1";"16";"1";""
"202200047824";"728 845";"A01";"1";"7";"6";"2";"2";"19";"1";""
"202200047824";"728 848";"B01";"1";"7";"0";"2";"1";"1";"1";""
"202200047825";"728 839";"B01";"1";"30";"0";"2";"7";"21";"1";""
"202200047825";"728 842";"A01";"3";"7";"0";"2";"3";"26";"1";""
"202200047826";"728 837";"C01";"1";"7";"0";"2";"1";"1";"0";""
"202200047826";"728 841";"B01";"1";"7";"0";"2";"9";"1";"0";""
"202200047826";"728 843";"A01";"1";"7";"0";"2";"4";"1";"0";""
"202200047827";"728 838";"A01";"1";"37";"0";"1";"1";"1";"1";"1"
"202200047828";"728 836";"A01";"2";"7";"6";"0";"1";"13";"1";""
"202200047829";"728 833";"A01";"1";"32";"5";"0";"0";"0";"1";""
"202200047830";"728 832";"A01";"0";"7";"0";"1";"5";"20";"1";""
"202200047831";"728 835";"A01";"3";"7";"8";"2";"1";"13";"1";""
"202200047831";"728 840";"B01";"3";"7";"0";"2";"1";"1";"1";""
"202200047832";"728 831";"B01";"0";"7";"0";"2";"4";"2";"1";""
"202200047832";"728 834";"A01";"0";"30";"0";"2";"1";"2";"1";""
"202200047833";"728 828";"B01";"2";"7";"0";"2";"1";"1";"1";""
"202200047833";"728 830";"A01";"1";"7";"0";"2";"1";"13";"1";""
"202200047834";"728 824";"A01";"0";"15";"0";"2";"2";"1";"1";""
"202200047834";"728 829";"B01";"0";"7";"0";"2";"8";"1";"1";""
"202200047835";"728 822";"A01";"0";"2";"9";"0";"3";"5";"0";""
"202200047836";"728 823";"A01";"1";"7";"17";"0";"1";"13";"1";""
"202200047837";"728 826";"A01";"1";"31";"0";"2";"1";"17";"1";""
"202200047837";"728 827";"B01";"1";"7";"0";"9";"6";"15";"1";""
"202200047838";"728 821";"A01";"1";"17";"0";"1";"7";"26";"1";""
"202200047839";"728 815";"A01";"1";"7";"0";"2";"3";"1";"1";""
"202200047839";"728 818";"B01";"2";"2";"0";"2";"1";"15";"1";""
"202200047840";"728 816";"B01";"3";"7";"0";"2";"8";"1";"1";""
"202200047840";"728 825";"A01";"2";"7";"0";"2";"1";"1";"1";""
"202200047841";"728 814";"C01";"1";"32";"0";"2";"4";"2";"1";""
"202200047841";"728 819";"B01";"1";"7";"0";"2";"4";"2";"1";""
"202200047841";"728 820";"A01";"1";"7";"0";"2";"1";"2";"1";""
"202200047842";"728 810";"A01";"1";"10";"0";"2";"1";"13";"1";""
"202200047842";"728 813";"B01";"2";"7";"0";"2";"1";"1";"1";""
"202200047843";"728 812";"A01";"3";"2";"0";"2";"3";"1";"1";""
"202200047843";"728 817";"B01";"3";"7";"0";"2";"3";"1";"1";""
"202200047844";"728 809";"A01";"1";"2";"0";"2";"1";"17";"1";""
"202200047844";"728 811";"B01";"2";"7";"0";"2";"7";"15";"1";""
"202200047845";"728 807";"A01";"3";"7";"0";"1";"2";"1";"1";""
"202200047846";"728 806";"A01";"3";"7";"1";"0";"1";"26";"1";""
"202200047847";"728 804";"A01";"1";"7";"0";"2";"1";"9";"1";""
"202200047847";"728 808";"B01";"0";"50";"0";"0";"0";"0";"3";""
"202200047848";"728 805";"A01";"2";"10";"13";"0";"1";"1";"1";""
"202200047849";"728 801";"B01";"2";"7";"0";"2";"2";"15";"1";""
"202200047849";"728 803";"A01";"1";"30";"0";"2";"1";"18";"1";""
"202200047850";"728 802";"A01";"2";"2";"0";"1";"1";"17";"1";""
"202200047851";"728 796";"B01";"1";"7";"0";"2";"4";"23";"1";""
"202200047851";"728 799";"A01";"1";"10";"0";"2";"1";"2";"1";""
"202200047852";"728 794";"A01";"3";"31";"0";"0";"0";"0";"3";""
"202200047853";"728 798";"A01";"3";"7";"0";"2";"1";"15";"1";""
"202200047853";"728 800";"B01";"3";"30";"0";"2";"1";"1";"1";""
"202200047854";"728 792";"B01";"2";"10";"0";"2";"8";"1";"1";""
"202200047854";"728 795";"A01";"1";"30";"0";"2";"1";"1";"1";""
"202200047855";"728 793";"A01";"2";"7";"0";"2";"2";"2";"1";""
"202200047855";"728 797";"B01";"2";"1";"0";"2";"4";"2";"5";""
"202200047856";"728 790";"A01";"3";"33";"0";"0";"0";"15";"1";""
"202200047857";"728 789";"B01";"2";"80";"0";"2";"3";"1";"3";""
"202200047857";"728 791";"A01";"2";"10";"0";"2";"2";"14";"1";""
"202200047858";"728 787";"B01";"3";"7";"1";"0";"2";"26";"1";""
"202200047858";"728 788";"A01";"3";"7";"0";"2";"6";"23";"1";""
"202200047859";"728 781";"A01";"3";"7";"0";"2";"3";"9";"1";""
"202200047859";"728 784";"B01";"3";"33";"0";"2";"1";"1";"1";""
"202200047860";"728 780";"B01";"1";"7";"0";"9";"2";"1";"1";""
"202200047860";"728 785";"A01";"2";"50";"0";"2";"1";"1";"3";""
"202200047861";"728 782";"B01";"1";"7";"0";"2";"3";"26";"1";""
"202200047861";"728 783";"A01";"1";"7";"0";"2";"2";"1";"1";""
"202200047862";"728 776";"B01";"1";"7";"0";"2";"1";"15";"1";""
"202200047862";"728 779";"A01";"1";"7";"0";"2";"1";"15";"1";""
"202200047863";"728 778";"B01";"1";"7";"0";"2";"1";"1";"1";""
"202200047863";"728 786";"A01";"2";"7";"0";"2";"8";"19";"1";""
"202200047864";"728 770";"A01";"2";"7";"0";"0";"3";"20";"1";""
"202200047864";"728 773";"B01";"2";"7";"1";"1";"2";"1";"1";""
"202200047864";"728 777";"C01";"2";"7";"0";"0";"4";"20";"1";""
"202200047865";"728 772";"B01";"1";"7";"0";"2";"3";"0";"1";""
"202200047865";"728 775";"A01";"1";"7";"0";"2";"3";"26";"1";""
"202200047866";"728 771";"A01";"2";"60";"1";"2";"1";"19";"5";""
"202200047866";"728 774";"B01";"2";"7";"1";"2";"3";"1";"1";""
"202200047867";"728 767";"B01";"3";"7";"0";"2";"4";"23";"1";""
"202200047867";"728 769";"A01";"3";"10";"0";"2";"1";"2";"1";""
"202200047868";"728 765";"A01";"1";"99";"0";"1";"3";"1";"1";""
"202200047869";"728 764";"A01";"1";"33";"13";"2";"7";"1";"1";""
"202200047869";"728 768";"B01";"1";"7";"0";"2";"1";"1";"1";""
"202200047870";"728 762";"B01";"1";"7";"0";"2";"0";"26";"2";""
"202200047870";"728 766";"A01";"1";"50";"0";"2";"1";"1";"3";""
"202200047871";"728 758";"B01";"2";"34";"0";" -1";" -1";" -1";" -1";""
"202200047871";"728 760";"A01";"1";"99";"0";"0";"0";" -1";" -1";""
"202200047872";"728 759";"C01";"2";"7";"0";"2";"4";"23";"1";""
"202200047872";"728 761";"B01";"2";"7";"0";"2";"4";"2";"1";""
"202200047872";"728 763";"A01";"2";"7";"0";"2";"1";"2";"1";""
"202200047873";"728 756";"A01";"1";"1";"0";"0";"0";"26";"5";""
"202200047874";"728 755";"A01";"3";"15";"0";"9";"1";"9";"1";""
"202200047874";"728 757";"B01";"3";"1";"0";"2";"7";"1";"5";""
"202200047875";"728 752";"Z01";"1";"7";"0";"2";"1";"2";"1";""
"202200047875";"728 754";"A01";"1";"1";"0";"2";"4";"2";"5";""
"202200047876";"728 751";"A01";"2";"7";"17";"0";"1";"13";"1";""
"202200047877";"728 750";"A01";"1";"7";"0";"1";"0";"26";"1";""
"202200047878";"728 753";"A01";"1";"7";"13";"0";"1";"14";"1";""
"202200047879";"728 748";"A01";"1";"50";"0";"0";"0";"1";"3";""
"202200047880";"728 747";"B01";"3";"7";"0";"2";"3";"15";"1";""
"202200047880";"728 749";"A01";"3";"1";"0";"2";"1";"1";"0";""
"202200047881";"728 745";"Z01";"1";"7";"0";"2";"1";"15";"1";""
"202200047882";"728 741";"A01";"1";"7";"0";"2";"2";"26";"1";""
"202200047882";"728 744";"B01";"3";"17";"0";"2";"2";"0";"1";""
"202200047883";"728 742";"B01";"1";"7";"0";"2";"3";"1";"1";""
"202200047883";"728 746";"A01";"2";"10";"0";"2";"3";"13";"1";""
"202200047884";"728 739";"B01";"2";"7";"0";"2";"3";"13";"1";""
"202200047884";"728 743";"A01";"1";"7";"0";"2";"3";"1";"1";""
"202200047885";"728 736";"A01";"3";"7";"0";"2";"1";"2";"1";""
"202200047885";"728 738";"B01";"3";"7";"0";"2";"4";"2";"1";""
"202200047886";"728 737";"A01";"1";"2";"0";"2";"1";"2";"1";""
"202200047886";"728 740";"B01";"1";"7";"0";"2";"4";"2";"1";""
"202200047887";"728 730";"B01";"1";"21";"0";"2";"6";"1";"1";""
"202200047887";"728 733";"A01";"2";"7";"0";"2";"3";"1";"1";""
"202200047888";"728 731";"Z01";"0";"7";"0";"2";"1";"1";"1";""
"202200047888";"728 734";"A01";"0";"33";"0";"2";"4";"23";"1";""
"202200047889";"728 729";"B01";"1";"7";"0";"2";"1";"1";"1";""
"202200047889";"728 735";"A01";"2";"7";"0";"2";"2";"1";"1";""
"202200047890";"728 727";"A01";"2";"7";"6";"0";"1";"0";"1";""
"202200047891";"728 728";"B01";"1";"1";"0";"2";"8";"1";"5";""
"202200047891";"728 732";"A01";"1";"7";"0";"2";"2";"2";"1";""
"202200047892";"728 726";"A01";"0";"30";"0";"0";"0";"1";"1";""
"202200047893";"728 725";"A01";"0";"7";"0";"0";"1";"13";"1";""
"202200047894";"728 722";"A01";"1";"36";"6";"0";"1";"1";"1";""
"202200047895";"728 720";"Z01";"1";"0";"0";"0";"0";"0";"0";""
"202200047895";"728 724";"A01";"2";"32";"0";"0";"0";"26";"1";""
"202200047896";"728 721";"A01";"3";"7";"0";"1";"8";"1";"1";""
"202200047897";"728 719";"A01";"1";"7";"0";"1";"3";"1";"2";""
"202200047898";"728 717";"A01";"1";"7";"0";"0";"0";"0";"1";""
"202200047899";"728 716";"A01";"2";"7";"0";"1";"3";"1";"1";""
"202200047900";"728 714";"A01";"1";"2";"6";"0";"1";"1";"1";""
"202200047901";"728 711";"A01";"3";"30";"0";"2";"0";"21";"1";""
"202200047902";"728 710";"A01";"3";"7";"0";"1";"3";"1";"1";""
"202200047903";"728 709";"B01";"3";"1";"0";"2";"8";"19";"5";""
"202200047903";"728 712";"A01";"3";"7";"0";"2";"2";"26";"1";""
"202200047904";"728 706";"B01";"1";"7";"0";"2";"1";"1";"1";""
"202200047904";"728 713";"A01";"1";"7";"0";"2";"6";"13";"1";""
"202200047904";"728 715";"C01";"1";"37";"0";"2";"6";"1";"1";"1"
"202200047905";"728 705";"A01";"2";"7";"0";"2";"3";"16";"1";""
"202200047905";"728 708";"B01";"2";"32";"0";"2";"3";"1";"1";""
"202200047906";"728 704";"A01";"1";"10";"0";"2";"1";"16";"1";""
"202200047906";"728 707";"B01";"1";"33";"0";"2";"1";"1";"1";""
"202200047907";"728 701";"A01";"1";"20";"0";"1";"1";"1";"1";""
"202200047908";"728 699";"A01";"2";"30";"0";"2";"1";"1";"1";""
"202200047908";"728 703";"B01";"1";"7";"0";"2";"7";"15";"1";""
"202200047909";"728 696";"A01";"3";"7";"8";"0";"1";"1";"1";""
"202200047910";"728 694";"A01";"2";"2";"0";"1";"1";"2";"1";""
"202200047911";"728 693";"A01";"1";"7";"0";"2";"3";"15";"1";""
"202200047911";"728 697";"B01";"1";"30";"0";"2";"1";"2";"1";""
"202200047912";"728 685";"A01";"1";"7";"13";"0";"1";"1";"1";""
"202200047913";"728 686";"A01";"1";"7";"0";"2";"8";"9";"1";""
"202200047913";"728 691";"B01";"2";"33";"0";"2";"1";"21";"1";""
"202200047914";"728 684";"A01";"1";"10";"0";"2";"1";"1";"1";""
"202200047914";"728 689";"B01";"1";"7";"0";"2";"4";"1";"1";""
"202200047914";"728 690";"C01";"1";"7";"0";"2";"4";"23";"1";""
"202200047915";"728 681";"A01";"2";"7";"0";"2";"3";"13";"1";""
"202200047915";"728 688";"B01";"1";"10";"0";"2";"3";"0";"1";""
"202200047916";"728 682";"A01";"1";"7";"0";"2";"1";"2";"1";""
"202200047916";"728 687";"B01";"1";"7";"0";"2";"4";"2";"1";""
"202200047916";"728 692";"C01";"1";"10";"0";"2";"4";"2";"1";""
"202200047916";"728 695";"D01";"1";"10";"0";"2";"4";"2";"1";""
"202200047916";"728 698";"E01";"1";"7";"0";"2";"4";"23";"1";""
"202200047916";"728 700";"F01";"1";"7";"0";"2";"0";"23";"1";""
"202200047917";"728 680";"A01";"2";"7";"0";"2";"7";"10";"1";""
"202200047917";"728 683";"B01";"1";"7";"0";"2";"1";"1";"1";""
"202200047918";"728 678";"A01";"2";"7";"0";"1";"1";"1";"1";""
"202200047919";"728 676";"A01";"2";"7";"2";"0";"3";"1";"1";""
"202200047920";"728 675";"A01";"1";"30";"1";"0";"1";"1";"1";""
"202200047921";"728 674";"B01";"1";"7";"0";"0";"0";"0";"1";""
"202200047921";"728 677";"A01";"1";"7";"0";"2";"1";"1";"1";""
"202200047922";"728 673";"A01";"1";"10";"0";"2";"2";"15";"1";""
"202200047922";"728 679";"B01";"2";"33";"0";"2";"1";"1";"1";""
"202200047923";"728 671";"A01";"0";"7";"0";"1";"1";"10";"1";""
"202200047924";"728 670";"A01";"2";"7";"0";"1";"1";"1";"1";""
"202200047925";"728 667";"A01";"1";"7";"0";"1";"3";"1";"1";""
"202200047926";"728 666";"B01";"0";"7";"0";"2";"6";"1";"1";""
"202200047926";"728 668";"A01";"0";"7";"0";"2";"2";"1";"1";""
"202200047927";"728 664";"A01";"1";"33";"0";"0";"0";"1";"1";""
"202200047928";"728 663";"A01";"3";"7";"2";"0";"1";"14";"1";""
"202200047929";"728 662";"A01";"2";"10";"0";"2";"5";"16";"1";""
"202200047929";"728 665";"B01";"2";"1";"0";"2";"8";"1";"5";""
"202200047930";"728 660";"A01";"1";"33";"13";"0";"1";"1";"1";""
"202200047931";"728 658";"A01";"1";"7";"0";"2";"1";"2";"1";""
"202200047931";"728 661";"B01";"1";"7";"0";"2";"4";"2";"1";""
"202200047932";"728 659";"A01";"1";"7";"0";"1";"3";"16";"1";""
"202200047933";"728 655";"A01";"3";"7";"4";"0";"2";"1";"1";""
"202200047934";"728 654";"A01";"1";"7";"0";"2";"1";"1";"1";""
"202200047934";"728 657";"B01";"1";"7";"0";"2";"8";"1";"2";""
"202200047935";"728 652";"A01";"2";"7";"0";"1";"2";"1";"1";""
"202200047936";"728 650";"B01";"2";"7";"0";"2";"6";"1";"1";""
"202200047936";"728 653";"A01";"2";"34";"0";"2";"1";"3";"1";""
"202200047937";"728 649";"B01";"1";"7";"0";"2";"1";"2";"1";""
"202200047937";"728 651";"A01";"1";"7";"0";"2";"4";"2";"1";""
"202200047938";"728 648";"B01";"3";"7";"0";"2";"1";"16";"1";""
"202200047938";"728 656";"A01";"3";"7";"0";"2";"3";"15";"1";""
"202200047939";"728 645";"A01";"1";"7";"0";"2";"3";"10";"1";""
"202200047939";"728 647";"B01";"2";"33";"0";"2";"1";"1";"1";""
"202200047940";"728 644";"B01";"2";"1";"0";"2";"1";"1";"5";""
"202200047940";"728 646";"A01";"2";"7";"0";"2";"8";"22";"1";""
"202200047941";"728 638";"B01";"2";"7";"3";"0";"5";"1";"1";""
"202200047941";"728 641";"A01";"1";"7";"0";"2";"3";"18";"1";""
"202200047942";"728 639";"A01";"1";"13";"0";"2";"5";"16";"1";""
"202200047942";"728 642";"B01";"1";"80";"0";"2";"1";"1";"3";""
"202200047943";"728 637";"B01";"1";"7";"0";"2";"2";"1";"1";""
"202200047943";"728 643";"A01";"2";"7";"9";"2";"0";"19";"1";""
"202200047944";"728 640";"A01";"1";"30";"14";"0";"1";"1";"1";""
"202200047945";"728 636";"A01";"2";"37";"0";"0";"0";"9";"1";"2"
"202200047946";"728 634";"A01";"1";"7";"0";"2";"1";"1";"2";""
"202200047946";"728 635";"B01";"1";"50";"0";"2";"7";"19";"3";""
"202200047947";"728 628";"A01";"2";"7";"0";"0";"7";"16";"1";""
"202200047947";"728 632";"B01";"1";"60";"0";"2";"1";"1";"5";""
"202200047948";"728 627";"B01";"1";"7";"0";"9";"4";"2";"1";""
"202200047948";"728 631";"A01";"1";"33";"0";"2";"1";"2";"1";""
"202200047949";"728 624";"A01";"3";"7";"0";"1";"2";"1";"1";""
"202200047950";"728 625";"A01";"1";"10";"0";"2";"1";"2";"1";""
"202200047950";"728 629";"B01";"1";"7";"0";"2";"4";"2";"1";""
"202200047950";"728 633";"C01";"1";"7";"0";"2";"4";"2";"1";""
"202200047951";"728 626";"A01";"2";"99";"0";"2";"2";"15";"1";""
"202200047951";"728 630";"B01";"1";"33";"0";"2";"3";"0";"1";""
"202200047952";"728 622";"A01";"1";"7";"0";"9";"2";"12";"1";""
"202200047952";"728 623";"B01";"2";"1";"3";"2";"4";"15";"5";""
"202200047953";"728 619";"A01";"2";"7";"1";"0";"2";"2";"1";""
"202200047953";"728 621";"B01";"2";"17";"0";"2";"6";"24";"0";""
"202200047954";"728 616";"A01";"1";"7";"0";"2";"5";"15";"1";""
"202200047954";"728 620";"B01";"2";"7";"0";"2";"2";"1";"1";""
"202200047955";"728 614";"B01";"1";"7";"0";"2";"1";"1";"1";""
"202200047955";"728 617";"A01";"1";"7";"0";"2";"1";"3";"1";""
"202200047956";"728 612";"A01";"1";"7";"0";"1";"3";"2";"1";""
"202200047957";"728 606";"B01";"2";"32";"0";"2";"1";"1";"1";""