"Num_Acc";"id_vehicule";"num_veh";"senc";"catv";"obs";"obsm";"choc";"manv";"motor";"occutc"
"202200047957";"728 610";"A01";"1";"10";"0";"2";"6";"9";"1";""
"202200047958";"728 604";"A01";"1";"7";"0";"9";"5";"16";"1";""
"202200047958";"728 608";"B01";"1";"2";"0";"2";"1";"1";"3";""
"202200047959";"728 605";"A01";"3";"7";"0";"2";"1";"1";"1";""
"202200047959";"728 609";"B01";"3";"7";"0";"2";"8";"1";"1";""
"202200047960";"728 602";"A01";"1";"50";"0";"0";"1";"14";"3";""
"202200047961";"728 599";"C01";"2";"7";"0";"2";"0";"0";"1";""
"202200047961";"728 603";"B01";"2";"7";"0";"2";"0";"0";"1";""
"202200047961";"728 607";"A01";"2";"33";"0";"2";"0";"0";"1";""
"202200047962";"728 596";"A01";"3";"7";"0";"0";"3";"15";"1";""
"202200047962";"728 598";"B01";"3";"32";"0";"2";"2";"2";"1";""
"202200047963";"728 595";"A01";"1";"7";"0";"1";"5";"1";"1";""
"202200047964";"728 594";"A01";"1";"7";"0";"9";"0";"15";"1";""
"202200047964";"728 597";"B01";"2";"1";"0";"2";"1";"0";"5";""
"202200047965";"728 589";"A01";"3";"7";"0";"2";"0";"0";"1";""
"202200047965";"728 592";"B01";"3";"33";"0";"2";"8";"0";"1";""
"202200047966";"728 587";"C01";"1";"7";"0";"2";"1";"1";"1";""
"202200047966";"728 590";"B01";"1";"7";"0";"2";"1";"1";"3";""
"202200047966";"728 593";"A01";"3";"7";"0";"2";"7";"15";"1";""
"202200047967";"728 585";"A01";"2";"30";"0";"1";"1";"17";"1";""
"202200047968";"728 584";"A01";"2";"10";"0";"1";"3";"1";"1";""
"202200047969";"728 582";"A01";"1";"7";"0";"2";"3";"13";"1";""
"202200047969";"728 586";"B01";"2";"7";"0";"2";"3";"26";"1";""
"202200047970";"728 583";"A01";"1";"10";"0";"2";"5";"2";"1";""
"202200047970";"728 588";"B01";"1";"37";"0";"2";"8";"1";"1";"1"
"202200047970";"728 591";"C01";"1";"33";"0";"2";"3";"1";"1";""
"202200047971";"728 580";"A01";"3";"7";"0";"2";"3";"1";"1";""
"202200047971";"728 581";"B01";"3";"1";"0";"2";"1";"1";"5";""
"202200047972";"728 577";"A01";"1";"7";"8";"0";"2";"15";"1";""
"202200047973";"728 575";"A01";"3";"7";"8";"1";"2";"1";"1";""
"202200047974";"728 573";"B01";"3";"7";"0";"2";"8";"1";"2";""
"202200047974";"728 579";"A01";"3";"7";"0";"2";"1";"1";"1";""
"202200047975";"728 574";"B01";"1";"33";"8";"2";"1";"1";"1";""
"202200047975";"728 578";"A01";"2";"7";"0";"2";"3";"15";"1";""
"202200047976";"728 571";"A01";"1";"7";"0";"1";"1";"13";"1";""
"202200047977";"728 570";"A01";"2";"10";"0";"2";"1";"2";"1";""
"202200047977";"728 572";"B01";"2";"7";"0";"2";"4";"2";"1";""
"202200047977";"728 576";"C01";"2";"10";"0";"2";"4";"2";"1";""
"202200047978";"728 565";"A01";"1";"7";"0";"0";"0";"1";"1";""
"202200047979";"728 566";"A01";"2";"7";"0";"2";"2";"10";"1";""
"202200047979";"728 569";"B01";"1";"33";"0";"2";"1";"21";"1";""
"202200047980";"728 563";"B01";"3";"43";"0";"2";"2";"2";"1";""
"202200047980";"728 568";"A01";"3";"7";"1";"2";"3";"11";"1";""
"202200047981";"728 560";"A01";"3";"7";"0";"2";"1";"15";"1";""
"202200047981";"728 564";"B01";"3";"1";"0";"2";"1";"1";"5";""
"202200047982";"728 562";"A01";"1";"7";"0";"0";"8";"9";"1";""
"202200047982";"728 567";"B01";"1";"31";"0";"2";"1";"1";"1";""
"202200047983";"728 553";"A01";"1";"7";"0";"2";"1";"2";"1";""
"202200047983";"728 556";"B01";"1";"7";"0";"2";"4";"1";"1";""
"202200047983";"728 559";"C01";"1";"33";"0";"2";"8";"0";"1";""
"202200047983";"728 561";"D01";"1";"33";"0";"2";"8";"0";"1";""
"202200047984";"728 555";"A01";"2";"30";"0";"1";"8";"17";"1";""
"202200047985";"728 554";"B01";"3";"1";"1";"0";"1";"1";"5";""
"202200047985";"728 558";"A01";"3";"7";"0";"2";"7";"24";"1";""
"202200047986";"728 552";"A01";"2";"33";"0";"2";"1";"2";"1";""
"202200047986";"728 557";"B01";"2";"37";"0";"0";"4";"23";"1";"1"
"202200047987";"728 551";"A01";"2";"7";"0";"1";"0";"1";"1";""
"202200047988";"728 550";"A01";"1";"10";"0";"1";"2";"1";"1";""
"202200047989";"728 549";"A01";"0";"30";"0";"0";"0";"1";"1";""
"202200047990";"728 545";"B01";"1";"34";"0";"2";"1";"2";"1";""
"202200047990";"728 547";"A01";"1";"10";"0";"2";"4";"2";"1";""
"202200047991";"728 544";"B01";"3";"1";"0";"2";"0";"1";"5";""
"202200047991";"728 548";"A01";"0";"7";"0";"0";"0";"0";"1";""
"202200047992";"728 543";"A01";"3";"7";"2";"0";"1";"1";"1";""
"202200047993";"728 542";"B01";"0";"7";"0";"2";"3";"1";"1";""
"202200047993";"728 546";"A01";"0";"7";"0";"2";"3";"1";"1";""
"202200047994";"728 541";"A01";"1";"10";"0";"1";"2";"2";"1";""
"202200047995";"728 539";"A01";"1";"1";"0";"0";"0";"0";"5";""
"202200047996";"728 536";"A01";"0";"7";"6";"0";"1";"1";"1";""
"202200047997";"728 535";"B01";"3";"2";"0";"2";"1";"1";"1";""
"202200047997";"728 540";"A01";"3";"7";"0";"2";"3";"16";"1";""
"202200047998";"728 532";"C01";"2";"14";"0";"2";"4";"2";"1";""
"202200047998";"728 534";"B01";"2";"7";"0";"2";"4";"2";"1";""
"202200047998";"728 538";"A01";"2";"7";"0";"2";"1";"2";"1";""
"202200047999";"728 531";"A01";"0";"7";"0";"2";"3";"1";"1";""
"202200047999";"728 537";"B01";"0";"7";"0";"2";"3";"13";"1";""
"202200048000";"728 530";"B01";"1";"31";"0";"2";"1";"26";"1";""
"202200048000";"728 533";"A01";"3";"0";"0";"2";"4";"26";"0";""
"202200048001";"728 529";"A01";"1";"33";"0";"0";"0";"1";"1";""
"202200048002";"728 528";"A01";"1";"32";"11";"0";"0";"26";"1";""
"202200048003";"728 524";"A01";"2";"7";"0";"2";"2";"1";"1";""
"202200048003";"728 527";"B01";"2";"1";"0";"2";"1";"19";"5";""
"202200048004";"728 523";"A01";"1";"7";"3";"2";"1";"1";"1";""
"202200048004";"728 526";"B01";"1";"7";"4";"2";"4";"1";"1";""
"202200048005";"728 521";"A01";"1";"1";"0";"2";"1";"1";"5";""
"202200048005";"728 525";"B01";"2";"50";"0";"2";"1";"17";"3";""
"202200048006";"728 520";"A01";"1";"10";"0";"1";"7";"16";"1";""
"202200048007";"728 519";"A01";"3";"80";"0";"0";"3";"1";"3";""
"202200048007";"728 522";"B01";"3";"2";"0";"9";"2";"17";"1";""
"202200048008";"728 517";"A01";"3";"7";"8";"0";"1";"1";"1";""
"202200048009";"728 518";"A01";"3";"32";"12";"0";"1";"21";"1";""
"202200048010";"728 516";"A01";"0";"7";"0";"1";"8";"1";"1";""
"202200048011";"728 515";"A01";"1";"7";"13";"0";"0";"1";"1";""
"202200048012";"728 514";"A01";"1";"7";"17";"0";"2";"1";"1";""
"202200048013";"728 509";"A01";"0";"7";"0";"1";"1";"1";"1";""
"202200048014";"728 507";"A01";"3";"7";"0";"2";"2";"14";"1";""
"202200048014";"728 512";"B01";"3";"33";"0";"2";"1";"1";"1";""
"202200048015";"728 508";"A01";"2";"33";"0";"0";"9";"1";"1";""
"202200048016";"728 505";"A01";"2";"7";"0";"1";"3";"0";"1";""
"202200048017";"728 506";"B01";"2";"7";"0";"2";"6";"2";"1";""
"202200048017";"728 511";"A01";"2";"7";"0";"2";"1";"2";"1";""
"202200048018";"728 503";"A01";"1";"21";"0";"1";"0";"0";"0";""
"202200048019";"728 500";"B01";"1";"7";"0";"2";"2";"1";"1";""
"202200048019";"728 504";"A01";"1";"7";"0";"2";"3";"9";"1";""
"202200048020";"728 499";"A01";"1";"33";"0";"2";"1";"1";"1";""
"202200048020";"728 502";"B01";"1";"10";"0";"2";"6";"15";"1";""
"202200048021";"728 496";"B01";"3";"60";"0";"2";"0";"19";"5";""
"202200048021";"728 501";"A01";"1";"0";"0";"1";"0";"19";"0";""
"202200048022";"728 494";"B01";"0";"30";"0";"0";"8";"1";"3";""
"202200048022";"728 498";"A01";"0";"7";"0";"2";"3";"15";"1";""
"202200048023";"728 491";"B01";"1";"10";"0";"2";"2";"2";"0";""
"202200048023";"728 495";"A01";"1";"99";"12";"2";"6";"1";"3";""
"202200048024";"728 489";"A01";"1";"7";"3";"0";"2";"1";"1";""
"202200048025";"728 490";"A01";"3";"7";"0";"2";"3";"15";"1";""
"202200048025";"728 493";"B01";"3";"33";"0";"2";"4";"16";"1";""
"202200048026";"728 488";"A01";"1";"7";"0";"2";"2";"14";"1";""
"202200048026";"728 492";"B01";"1";"7";"0";"2";"6";"1";"1";""
"202200048026";"728 497";"C01";"1";"7";"0";"2";"9";"2";"1";""
"202200048027";"728 485";"B01";"1";"7";"0";"2";"4";"23";"1";""
"202200048027";"728 487";"A01";"1";"1";"0";"2";"1";"1";"5";""
"202200048028";"728 484";"B01";"0";"7";"0";"2";"1";"1";"1";""
"202200048028";"728 486";"A01";"0";"7";"0";"2";"3";"13";"1";""
"202200048029";"728 480";"A01";"3";"10";"1";"0";"2";"1";"1";""
"202200048030";"728 483";"A01";"1";"7";"0";"1";"1";"1";"2";""
"202200048031";"728 479";"A01";"2";"10";"0";"2";"1";"15";"1";""
"202200048031";"728 482";"B01";"1";"31";"0";"2";"1";"1";"1";""
"202200048032";"728 476";"A01";"3";"7";"0";"2";"8";"19";"1";""
"202200048032";"728 481";"B01";"1";"7";"0";"2";"1";"1";"1";""
"202200048033";"728 471";"A01";"1";"7";"0";"2";"1";"17";"2";""
"202200048033";"728 477";"B01";"2";"1";"0";"2";"0";"19";"5";""
"202200048034";"728 475";"A01";"1";"7";"0";"0";"4";"23";"1";""
"202200048034";"728 478";"B01";"1";"7";"0";"2";"1";"2";"1";""
"202200048035";"728 473";"A01";"1";"7";"0";"1";"2";"1";"1";""
"202200048036";"728 470";"A01";"3";"7";"0";"9";"1";"2";"1";""
"202200048036";"728 474";"B01";"3";"50";"0";"2";"1";"25";"3";""
"202200048037";"728 469";"A01";"3";"7";"0";"0";"0";"0";"0";""
"202200048037";"728 472";"B01";"3";"37";"0";"0";"0";"1";"1";"3"
"202200048038";"728 468";"A01";"2";"7";"3";"0";"3";"1";"1";""
"202200048039";"728 466";"A01";"2";"7";"0";"2";"2";"1";"1";""
"202200048040";"728 464";"A01";"2";"7";"9";"0";"1";"1";"1";""
"202200048041";"728 465";"A01";"2";"7";"0";"1";"1";"1";"1";""
"202200048042";"728 461";"A01";"3";"1";"0";"2";"8";"2";"5";""
"202200048042";"728 463";"B01";"3";"1";"0";"2";"7";"0";"5";""
"202200048043";"728 462";"B01";"1";"7";"0";"2";"0";"0";"1";""
"202200048043";"728 467";"A01";"2";"2";"0";"2";"2";"1";"1";""
"202200048044";"728 460";"A01";"1";"7";"4";"0";"9";"1";"1";""
"202200048045";"728 456";"A01";"1";"2";"0";"2";"1";"1";"1";""
"202200048045";"728 458";"B01";"2";"7";"0";"0";"7";"0";"1";""
"202200048046";"728 455";"A01";"1";"7";"0";"2";"2";"15";"1";""
"202200048046";"728 459";"B01";"2";"31";"0";"2";"1";"1";"1";""
"202200048047";"728 454";"A01";"1";"10";"0";"1";"1";"1";"1";""
"202200048048";"728 453";"B01";"3";"33";"0";"2";"1";"1";"1";""
"202200048048";"728 457";"A01";"3";"7";"0";"2";"2";"1";"1";""
"202200048049";"728 451";"A01";"2";"7";"0";"1";"2";"1";"1";""
"202200048050";"728 450";"A01";"2";"7";"0";"2";"5";"1";"1";""
"202200048050";"728 452";"B01";"1";"1";"0";"2";"1";"19";"5";""
"202200048051";"728 447";"A01";"1";"7";"0";"2";"4";"2";"1";""
"202200048051";"728 449";"B01";"1";"7";"0";"2";"1";"2";"1";""
"202200048052";"728 446";"A01";"2";"7";"0";"2";"2";"10";"1";""
"202200048052";"728 448";"B01";"1";"34";"0";"2";"1";"1";"1";""
"202200048053";"728 445";"A01";"0";"40";"0";"1";"7";"1";"3";""
"202200048054";"728 441";"Z01";"1";"7";"0";"2";"3";"18";"1";""
"202200048054";"728 444";"A01";"1";"50";"0";"2";"0";"15";"3";""
"202200048055";"728 439";"B01";"1";"7";"0";"2";"7";"1";"2";""
"202200048055";"728 442";"A01";"1";"80";"12";"2";"2";"1";"3";""
"202200048056";"728 435";"B01";"3";"7";"0";"2";"1";"9";"2";""
"202200048056";"728 438";"A01";"3";"2";"0";"2";"1";"1";"1";""
"202200048057";"728 431";"A01";"1";"33";"13";"0";"1";"1";"1";""
"202200048058";"728 432";"B01";"1";"7";"0";"2";"5";"2";"1";""
"202200048058";"728 436";"A01";"1";"7";"0";"2";"3";"9";"1";""
"202200048059";"728 433";"A01";"0";"7";"0";"2";"1";"16";"2";""
"202200048059";"728 437";"B01";"1";"7";"0";"2";"1";"23";"1";""
"202200048060";"728 428";"B01";"2";"1";"0";"2";"1";"1";"5";""
"202200048060";"728 430";"A01";"2";"10";"0";"2";"3";"15";"1";""
"202200048061";"728 424";"A01";"2";"7";"0";"2";"1";"1";"1";""
"202200048061";"728 429";"B01";"2";"7";"0";"0";"2";"15";"1";""
"202200048062";"728 423";"B01";"1";"7";"0";"2";"4";"2";"1";""
"202200048062";"728 426";"A01";"1";"7";"0";"2";"1";"2";"1";""
"202200048063";"728 422";"B01";"3";"7";"0";"2";"4";"2";"1";""
"202200048063";"728 427";"A01";"3";"7";"0";"2";"1";"2";"1";""
"202200048064";"728 419";"C01";"1";"31";"5";"2";"2";"1";"1";""
"202200048064";"728 421";"B01";"2";"7";"0";"2";"8";"1";"1";""
"202200048064";"728 425";"A01";"2";"7";"0";"0";"0";"17";"0";""
"202200048065";"728 416";"A01";"1";"7";"4";"0";"0";"0";"1";""
"202200048066";"728 413";"A01";"2";"7";"0";"0";"0";"1";"1";""
"202200048067";"728 412";"A01";"2";"7";"0";"1";"1";"1";"1";""
"202200048068";"728 411";"A01";"1";"43";"0";"2";"9";"3";"1";""
"202200048068";"728 414";"B01";"1";"7";"0";"2";"8";"1";"1";""
"202200048068";"728 418";"C01";"3";"10";"0";"2";"3";"1";"1";""
"202200048069";"728 410";"A01";"1";"32";"0";"2";"8";"3";"1";""
"202200048070";"728 409";"B01";"3";"1";"0";"2";"1";"5";"5";""
"202200048070";"728 417";"A01";"3";"7";"0";"2";"1";"15";"1";""
"202200048071";"728 408";"Z01";"1";"7";"0";"2";"1";"13";"1";""
"202200048071";"728 415";"A01";"1";"30";"0";"2";"3";"1";"1";""
"202200048072";"728 405";"A01";"1";"43";"0";"1";"2";"17";"1";""
"202200048073";"728 404";"A01";"2";"7";"4";"0";"1";"1";"1";""
"202200048074";"728 403";"B01";"1";"7";"0";"2";"1";"1";"2";""
"202200048074";"728 407";"A01";"2";"7";"0";"2";"2";"17";"1";""
"202200048075";"728 402";"A01";"3";"33";"0";"0";"2";"17";"1";""
"202200048075";"728 406";"B01";"3";"7";"0";"0";"6";"1";"1";""
"202200048076";"728 400";"A01";"1";"7";"0";"1";"2";"1";"1";""
"202200048077";"728 399";"B01";"2";"7";"0";"2";"4";"2";"1";""
"202200048077";"728 401";"A01";"2";"10";"0";"2";"1";"2";"1";""
"202200048078";"728 396";"A01";"1";"7";"0";"1";"2";"1";"1";""
"202200048079";"728 395";"B01";"2";"31";"0";"2";"3";"1";"1";""
"202200048079";"728 398";"A01";"1";"7";"0";"2";"3";"15";"3";""
"202200048080";"728 394";"A01";"2";"34";"0";"2";"1";"3";"1";""
"202200048080";"728 397";"B01";"2";"7";"0";"2";"6";"1";"0";""
"202200048081";"728 391";"A01";"1";"7";"0";"1";"1";"1";"1";""
"202200048082";"728 393";"A01";"1";"30";"0";"1";"3";"16";"1";""
"202200048083";"728 389";"A01";"1";"33";"8";"0";"1";"26";"1";""
"202200048084";"728 390";"B01";"2";"21";"0";"2";"7";"15";"1";""
"202200048084";"728 392";"A01";"1";"15";"6";"2";"1";"21";"1";""
"202200048085";"728 386";"A01";"2";"1";"0";"2";"8";"1";"5";""
"202200048085";"728 388";"Z01";"2";"13";"0";"2";"7";"14";"0";""
"202200048086";"728 385";"A01";"2";"7";"0";"2";"5";"23";"1";""
"202200048086";"728 387";"B01";"2";"33";"0";"2";"3";"1";"1";""
"202200048087";"728 381";"A01";"1";"32";"0";"2";"1";"1";"1";""
"202200048087";"728 384";"B01";"3";"1";"0";"2";"8";"19";"5";""
"202200048088";"728 380";"A01";"1";"7";"0";"2";"3";"9";"1";""
"202200048088";"728 383";"B01";"1";"1";"0";"2";"2";"19";"5";""
"202200048089";"728 382";"A01";"1";"7";"0";"1";"2";"1";"1";""
"202200048090";"728 375";"B01";"1";"7";"0";"2";"0";"1";"1";""
"202200048090";"728 379";"A01";"1";"33";"0";"2";"3";"3";"1";""
"202200048091";"728 376";"B01";"0";"7";"0";"2";"1";"1";"1";""
"202200048091";"728 378";"A01";"1";"7";"0";"2";"2";"1";"1";""
"202200048092";"728 374";"B01";"2";"1";"0";"2";"0";"1";"5";""
"202200048092";"728 377";"A01";"0";"7";"0";"2";"2";"1";"1";""
"202200048093";"728 370";"A01";"1";"7";"0";"1";"1";"1";"1";""
"202200048094";"728 371";"B01";"1";"1";"0";"2";"1";"1";"5";""
"202200048094";"728 373";"A01";"0";"7";"0";"2";"5";"16";"1";""
"202200048095";"728 367";"A01";"1";"31";"0";"2";"1";"11";"1";""
"202200048095";"728 369";"B01";"1";"10";"0";"2";"4";"1";"1";""
"202200048096";"728 366";"A01";"2";"7";"0";"0";"0";"1";"1";""
"202200048097";"728 365";"A01";"2";"1";"0";"1";"1";"15";"5";""
"202200048098";"728 360";"B01";"2";"40";"0";"2";"2";"1";"3";""
"202200048098";"728 363";"A01";"2";"7";"0";"4";"8";"15";"1";""
"202200048099";"728 359";"A01";"0";"7";"0";"2";"1";"2";"0";""
"202200048099";"728 362";"B01";"2";"7";"0";"2";"4";"2";"1";""
"202200048100";"728 357";"Z01";"1";"7";"0";"2";"0";"0";"0";""
"202200048100";"728 361";"A01";"1";"7";"0";"2";"4";"23";"1";""
"202200048101";"728 358";"A01";"1";"36";"0";"2";"8";"17";"1";""
"202200048102";"728 355";"A01";"2";"1";"0";"2";"8";"1";"5";""
"202200048102";"728 356";"Z01";"2";"10";"0";"2";"7";"16";"1";""
"202200048103";"728 354";"A01";"1";"7";"2";"0";"6";"1";"1";""
"202200048104";"728 348";"A01";"1";"1";"0";"2";"3";"1";"5";""
"202200048104";"728 352";"B01";"2";"1";"0";"2";"1";"1";"5";""
"202200048105";"728 349";"A01";"1";"7";"3";"0";"1";"1";"4";""
"202200048106";"728 347";"B01";"2";"2";"0";"2";"1";"1";"1";""
"202200048106";"728 351";"A01";"2";"10";"0";"2";"1";"16";"1";""
"202200048107";"728 344";"B01";"1";"1";"0";"2";"1";"1";"5";""
"202200048107";"728 346";"A01";"1";"7";"0";"2";"3";"9";"1";""
"202200048108";"728 350";"A01";"3";"10";"0";"2";"3";"1";"1";""
"202200048108";"728 353";"B01";"3";"1";"0";"2";"6";"20";"5";""
"202200048109";"728 341";"A01";"2";"7";"0";"0";"1";"1";"1";""
"202200048109";"728 345";"B01";"2";"7";"13";"0";"5";"1";"1";""
"202200048110";"728 342";"A01";"1";"31";"12";"0";"1";"1";"1";""
"202200048111";"728 339";"B01";"1";"7";"0";"2";"4";"2";"1";""
"202200048111";"728 343";"A01";"1";"10";"0";"2";"1";"1";"1";""
"202200048112";"728 338";"B01";"1";"1";"0";"2";"1";"1";"5";""
"202200048112";"728 340";"A01";"2";"7";"0";"2";"1";"15";"1";""
"202200048113";"728 337";"A01";"2";"7";"1";"0";"3";"19";"1";""
"202200048114";"728 331";"B01";"0";"2";"0";"2";"7";"1";"1";""
"202200048114";"728 333";"A01";"0";"7";"0";"2";"1";"1";"1";""
"202200048115";"728 332";"B01";"1";"32";"0";"2";"8";"1";"1";""
"202200048115";"728 336";"A01";"2";"7";"0";"2";"1";"15";"1";""
"202200048116";"728 330";"A01";"2";"7";"0";"0";"9";"1";"1";""
"202200048117";"728 328";"A01";"1";"10";"0";"2";"8";"9";"1";""
"202200048117";"728 334";"B01";"1";"1";"0";"2";"7";"1";"5";""
"202200048118";"728 327";"A01";"3";"7";"0";"1";"3";"15";"1";""
"202200048119";"728 323";"A01";"0";"1";"11";"0";"2";"0";"5";""
"202200048120";"728 322";"D01";"1";"7";"0";"0";"4";"1";"1";""
"202200048120";"728 326";"C01";"1";"10";"0";"2";"2";"1";"1";""
"202200048120";"728 329";"B01";"1";"7";"0";"2";"4";"1";"3";""
"202200048120";"728 335";"A01";"1";"7";"16";"2";"1";"1";"1";""
"202200048121";"728 319";"B01";"2";"50";"0";"2";"8";"1";"3";""
"202200048121";"728 324";"A01";"1";"7";"0";"2";"2";"16";"1";""
"202200048122";"728 320";"B01";"1";"50";"0";"2";"1";"2";"3";""
"202200048122";"728 325";"A01";"1";"1";"0";"2";"4";"2";"5";""
"202200048123";"728 313";"A01";"3";"7";"12";"0";"1";"1";"1";""
"202200048124";"728 312";"A01";"2";"3";"0";"2";"1";"2";"1";""
"202200048124";"728 317";"B01";"2";"7";"0";"2";"4";"15";"1";""
"202200048125";"728 311";"A01";"3";"7";"0";"2";"2";"9";"1";""
"202200048125";"728 315";"B01";"3";"31";"0";"2";"1";"3";"1";""
"202200048126";"728 310";"B01";"2";"21";"0";"2";"3";"1";"1";""
"202200048126";"728 314";"A01";"1";"7";"0";"2";"1";"1";"1";""
"202200048127";"728 309";"A01";"2";"1";"0";"2";"2";"1";"5";""
"202200048127";"728 316";"B01";"2";"7";"0";"2";"3";"1";"2";""
"202200048128";"728 308";"A01";"1";"1";"14";"0";"1";"1";" -1";""
"202200048129";"728 305";"A01";"1";"7";"0";"9";"1";"1";"1";""
"202200048130";"728 306";"A01";"2";"7";"2";"0";"2";"1";"1";""
"202200048131";"728 304";"A01";"2";"7";"0";"1";"1";"1";"1";""
"202200048132";"728 303";"A01";"3";"7";"0";"2";"3";"16";"1";""
"202200048132";"728 307";"B01";"3";"2";"0";"2";"1";"1";"1";""
"202200048133";"728 300";"B01";"0";"43";"0";"2";"8";"1";"1";""
"202200048133";"728 302";"A01";"0";"43";"0";"2";"8";"1";"1";""
"202200048134";"728 298";"A01";"2";"7";"0";"2";"1";"15";"1";""
"202200048134";"728 301";"B01";"1";"31";"0";"2";"1";"1";"1";""
"202200048135";"728 295";"A01";"1";"7";"0";"1";"2";"26";"1";""
"202200048136";"728 294";"B01";"2";"7";"0";"2";"3";"1";"1";""
"202200048136";"728 299";"A01";"2";"7";"0";"2";"3";"5";"1";""
"202200048137";"728 291";"B01";"2";"7";"6";"0";"4";"2";"1";""
"202200048137";"728 297";"A01";"2";"15";"0";"2";"2";"2";"0";""
"202200048138";"728 293";"B01";"3";"2";"0";"2";"1";"17";"1";""
"202200048138";"728 296";"A01";"3";"7";"0";"2";"6";"9";"1";""
"202200048139";"728 289";"Z01";"1";"1";"0";"2";"0";"1";"5";""
"202200048139";"728 292";"A01";"2";"1";"0";"2";"7";"1";"5";""
"202200048140";"728 290";"A01";"1";"1";"12";"0";"0";"0";"5";""
"202200048141";"728 288";"A01";"0";"7";"0";"0";"9";"9";"1";""
"202200048142";"728 284";"A01";"3";"7";"0";"2";"1";"17";"1";""
"202200048142";"728 287";"B01";"3";"7";"0";"2";"4";"1";"1";""
"202200048143";"728 283";"Z01";"0";"7";"0";"1";"2";"17";"1";""
"202200048144";"728 282";"A01";"1";"7";"0";"2";"3";"1";"1";""
"202200048144";"728 286";"B01";"1";"33";"0";"2";"1";"1";"1";""
"202200048145";"728 281";"B01";"3";"50";"0";"2";"8";"1";"3";""
"202200048145";"728 285";"A01";"3";"7";"0";"9";"3";"15";"1";""
"202200048146";"728 279";"A01";"3";"7";"0";"1";"1";"15";"1";""
"202200048147";"728 278";"A01";"1";"30";"0";"2";"7";"1";"1";""
"202200048147";"728 280";"B01";"2";"7";"0";"2";"1";"1";"1";""
"202200048148";"728 274";"A01";"2";"7";"2";"0";"1";"1";"1";""
"202200048149";"728 275";"B01";"2";"1";"0";"2";"8";"7";"5";""
"202200048149";"728 276";"A01";"2";"15";"0";"2";"7";"16";"1";""
"202200048150";"728 271";"A01";"1";"1";"0";"2";"7";"1";"5";""
"202200048150";"728 277";"B01";"1";"7";"0";"2";"1";"1";"1";""
"202200048151";"728 272";"A01";"3";"30";"0";"1";"0";"1";"1";""
"202200048152";"728 270";"A01";"1";"33";"6";"0";"1";"0";"1";""
"202200048153";"728 269";"A01";"1";"7";"0";"2";"1";"1";"1";""
"202200048153";"728 273";"B01";"1";"7";"0";"2";"0";"0";"1";""
"202200048154";"728 266";"B01";"1";"33";"0";"2";"7";"1";"1";""
"202200048154";"728 268";"A01";"1";"7";"0";"2";"3";"19";"1";""
"202200048155";"728 259";"A01";"2";"7";"0";"2";"0";"0";"1";""
"202200048155";"728 262";"B01";"2";"32";"0";"2";"0";"0";"1";""
"202200048156";"728 260";"A01";"1";"7";"0";"2";"1";"15";"3";""
"202200048156";"728 265";"B01";"2";"50";"0";"2";"1";"1";"3";""
"202200048157";"728 258";"B01";"1";"7";"0";"2";"7";"17";"1";""
"202200048157";"728 264";"A01";"1";"30";"0";"2";"8";"2";"1";""
"202200048158";"728 257";"C01";"2";"7";"0";"2";"3";"1";"1";""
"202200048158";"728 261";"B01";"2";"7";"0";"2";"1";"1";"1";""
"202200048158";"728 267";"A01";"2";"7";"12";"2";"7";"1";"1";""
"202200048159";"728 255";"B01";"3";"30";"0";"2";"8";"15";"1";""
"202200048159";"728 263";"A01";"3";"10";"0";"2";"3";"16";"3";""
"202200048160";"728 254";"A01";"3";"7";"0";"2";"7";"13";"1";""
"202200048160";"728 256";"B01";"3";"1";"0";"2";"8";"1";"5";""
"202200048161";"728 253";"A01";"1";"21";"13";"0";"1";"1";"1";""
"202200048162";"728 252";"A01";"2";"32";"14";"0";"8";"1";"1";""
"202200048163";"728 250";"Z01";"1";"0";"0";"1";"3";"16";"0";""
"202200048164";"728 248";"A01";"0";"2";"0";"0";"6";"16";"0";""
"202200048165";"728 247";"A01";"3";"7";"0";"2";"1";"1";"1";""
"202200048165";"728 251";"B01";"3";"7";"0";"2";"4";"15";"6";""
"202200048166";"728 244";"A01";"3";"7";"0";"2";"1";"5";"1";""
"202200048166";"728 249";"B01";"3";"7";"0";"2";"1";"1";"1";""
"202200048167";"728 243";"A01";"0";"10";"0";"1";"0";"26";"1";""
"202200048168";"728 240";"B01";"1";"80";"0";"2";"5";"1";"3";""
"202200048168";"728 245";"Z01";"1";"7";"0";"2";"7";"17";"1";""
"202200048169";"728 242";"A01";"2";"7";"0";"2";"3";"10";"2";""
"202200048169";"728 246";"B01";"2";"32";"0";"2";"1";"3";"1";""
"202200048170";"728 239";"A01";"2";"7";"0";"1";"1";"16";"1";""
"202200048171";"728 237";"A01";"1";"15";"0";"1";"6";"1";"1";""
"202200048172";"728 235";"A01";"3";"33";"6";"0";"3";"1";"1";""
"202200048173";"728 234";"B01";"0";"2";"0";"2";"1";"0";"1";""
"202200048173";"728 236";"A01";"0";"7";"0";"2";"3";"15";"1";""
"202200048174";"728 232";"A01";"1";"7";"0";"2";"3";"1";"1";""
"202200048174";"728 238";"B01";"1";"50";"0";"2";"7";"8";"3";""
"202200048175";"728 231";"A01";"2";"33";"0";"2";"2";"17";"1";""
"202200048175";"728 233";"B01";"2";"7";"0";"2";"3";"15";"1";""
"202200048176";"728 229";"A01";"3";"7";"0";"1";"4";"20";"2";""
"202200048177";"728 225";"B01";"1";"7";"0";"2";"3";"1";"1";""