"Num_Acc";"id_vehicule";"num_veh";"senc";"catv";"obs";"obsm";"choc";"manv";"motor";"occutc"
"202200048385";"727 846";"A01";"2";"7";"0";"2";"1";"13";"1";""
"202200048386";"727 845";"A01";"1";"7";"0";"2";"5";"15";"1";""
"202200048386";"727 848";"B01";"2";"31";"0";"2";"1";"1";"1";""
"202200048387";"727 841";"A01";"2";"7";"0";"0";" -1";"1";"1";""
"202200048388";"727 838";"B01";"1";"7";"0";"2";"4";"1";"1";""
"202200048388";"727 840";"A01";"1";"7";"0";"2";"1";"1";"1";""
"202200048389";"727 836";"A01";"1";"10";"0";"1";"1";"1";"1";""
"202200048390";"727 835";"A01";"1";"7";"0";"2";"1";"2";"1";""
"202200048390";"727 839";"B01";"1";"7";"0";"2";"1";"2";"1";""
"202200048390";"727 842";"C01";"1";"7";"0";"2";"4";"2";"1";""
"202200048391";"727 833";"B01";"3";"7";"0";"2";"0";"0";"1";""
"202200048391";"727 837";"C01";"3";"37";"0";"2";"0";"0";"1";"1"
"202200048391";"727 843";"A01";"3";"10";"0";"2";"0";"0";"1";""
"202200048392";"727 830";"A01";"1";"43";"0";"2";"3";"1";"1";""
"202200048392";"727 832";"Z01";"1";"7";"0";"2";"5";"12";"1";""
"202200048393";"727 829";"A01";"2";"33";"0";"2";"1";"2";"1";""
"202200048393";"727 834";"B01";"1";"7";"0";"2";"7";"9";"1";""
"202200048394";"727 826";"A01";"1";"7";"0";"2";"3";"26";"1";""
"202200048394";"727 831";"B01";"2";"7";"16";"2";"8";"0";"1";""
"202200048395";"727 824";"A01";"2";"10";"0";"2";"7";"1";"1";""
"202200048395";"727 827";"B01";"2";"7";"0";"2";"7";"12";"1";""
"202200048396";"727 822";"B01";"2";"7";"0";"2";"3";"0";"1";""
"202200048396";"727 828";"A01";"2";"7";"0";"2";"8";"1";"1";""
"202200048397";"727 821";"A01";"3";"32";"0";"2";"1";"17";"1";""
"202200048397";"727 823";"B01";"3";"7";"0";"2";"6";"10";"1";""
"202200048398";"727 820";"A01";"3";"7";"0";"9";"2";"16";"1";""
"202200048398";"727 825";"B01";"3";"50";"0";"2";"1";"1";"3";""
"202200048399";"727 816";"A01";"1";"33";"4";"0";"0";"0";"1";""
"202200048400";"727 814";"A01";"2";"7";"0";"2";"8";"19";"1";""
"202200048400";"727 817";"B01";"2";"33";"0";"2";"1";"1";"1";""
"202200048401";"727 815";"Z01";"2";"32";"0";"2";"1";"17";"1";""
"202200048401";"727 818";"A01";"2";"1";"0";"2";"3";"15";"5";""
"202200048402";"727 808";"B01";"2";"31";"0";"2";"7";"1";"1";""
"202200048402";"727 810";"A01";"2";"7";"0";"2";"8";"11";"1";""
"202200048403";"727 807";"A01";"2";"7";"0";"2";"5";"1";"1";""
"202200048403";"727 812";"B01";"2";"10";"0";"2";"3";"15";"1";""
"202200048404";"727 806";"A01";"1";"1";"0";"4";"2";"19";"5";""
"202200048404";"727 811";"B01";"2";"40";"0";"2";"2";"1";"3";""
"202200048405";"727 804";"C01";"1";"7";"0";"2";"3";"21";"2";""
"202200048405";"727 813";"A01";"1";"7";"3";"2";"1";"2";"1";""
"202200048405";"727 819";"B01";"1";"17";"0";"2";"4";"1";"1";""
"202200048406";"727 802";"A01";"3";"7";"0";"2";"1";"15";"1";""
"202200048406";"727 809";"B01";"3";"7";"0";"2";"2";"1";"1";""
"202200048407";"727 800";"B01";"1";"7";"0";"2";"4";"1";"1";""
"202200048407";"727 805";"A01";"1";"7";"0";"2";"1";"1";"1";""
"202200048408";"727 797";"A01";"2";"33";"0";"2";"1";"3";"1";""
"202200048408";"727 801";"B01";"2";"10";"0";"2";"5";"1";"1";""
"202200048409";"727 799";"A01";"1";"10";"0";"2";"1";"16";"1";""
"202200048409";"727 803";"B01";"1";"1";"0";"2";"8";"1";"5";""
"202200048410";"727 793";"A01";"3";"7";"8";"0";"1";"13";"1";""
"202200048411";"727 791";"B01";"1";"7";"0";"2";"4";"1";"1";""
"202200048411";"727 794";"A01";"3";"7";"0";"2";"1";"1";"1";""
"202200048412";"727 792";"A01";"2";"7";"0";"2";"2";"1";"1";""
"202200048412";"727 796";"B01";"2";"7";"0";"2";"6";"23";"1";""
"202200048413";"727 795";"A01";"1";"7";"0";"2";"3";"1";"1";""
"202200048413";"727 798";"B01";"2";"7";"0";"2";"3";"13";"1";""
"202200048414";"727 786";"A01";"2";"7";"0";"2";"1";"1";"1";""
"202200048414";"727 789";"B01";"2";"7";"0";"2";"4";"1";"1";""
"202200048415";"727 787";"A01";"1";"32";"0";"1";"1";"1";"1";""
"202200048416";"727 788";"B01";"1";"33";"0";"2";"1";"1";"1";""
"202200048416";"727 790";"A01";"2";"7";"0";"2";"7";"15";"1";""
"202200048417";"727 784";"A01";"2";"7";"0";"1";"3";"9";"1";""
"202200048418";"727 782";"B01";"3";"17";"0";"2";"3";"1";"1";""
"202200048418";"727 785";"A01";"3";"7";"0";"2";"2";"17";"1";""
"202200048419";"727 781";"B01";"1";"10";"0";"2";"5";"16";"1";""
"202200048419";"727 783";"A01";"1";"7";"0";"2";"3";"1";"2";""
"202200048420";"727 780";"A01";"2";"7";"0";"1";"1";"1";"1";""
"202200048421";"727 777";"A01";"2";"10";"0";"1";"1";"15";"1";""
"202200048422";"727 778";"A01";"1";"37";"0";"0";"0";"23";"0";"1"
"202200048423";"727 779";"A01";"2";"7";"13";"0";"0";"1";"1";""
"202200048424";"727 775";"A01";"1";"7";"0";"2";"3";"10";"1";""
"202200048424";"727 776";"B01";"1";"31";"0";"2";"1";"19";"1";""
"202200048425";"727 768";"B01";"3";"7";"0";"2";"2";"17";"2";""
"202200048425";"727 772";"A01";"3";"43";"0";"2";"1";"2";"1";""
"202200048426";"727 769";"Z01";"1";"7";"0";"2";"2";"17";"1";""
"202200048426";"727 774";"A01";"3";"50";"0";"2";"8";"19";"3";""
"202200048427";"727 767";"B01";"3";"7";"0";"2";"6";"9";"1";""
"202200048427";"727 773";"A01";"3";"33";"0";"2";"6";"26";"1";""
"202200048428";"727 766";"B01";"1";"2";"0";"2";"8";"15";"1";""
"202200048428";"727 771";"A01";"1";"7";"0";"2";"1";"15";"1";""
"202200048429";"727 764";"A01";"1";"7";"0";"2";"1";"15";"2";""
"202200048429";"727 770";"B01";"2";"7";"0";"2";"8";"1";"3";""
"202200048430";"727 763";"A01";"3";"7";"0";"2";"1";"12";"1";""
"202200048430";"727 765";"B01";"3";"7";"0";"2";"3";"1";"1";""
"202200048431";"727 762";"A01";"1";"7";"0";"1";"2";"1";"1";""
"202200048432";"727 759";"A01";"1";"7";"0";"1";"3";"1";"1";""
"202200048433";"727 757";"A01";"3";"31";"0";"2";"1";"17";"1";""
"202200048433";"727 760";"B01";"3";"7";"0";"2";"0";"0";"1";""
"202200048434";"727 758";"A01";"1";"7";"0";"1";"8";"1";"1";""
"202200048435";"727 753";"A01";"2";"7";"0";"0";"0";"14";"1";""
"202200048436";"727 752";"B01";"2";"10";"0";"2";"2";"1";"1";""
"202200048436";"727 756";"A01";"1";"10";"0";"2";"7";"1";"1";""
"202200048437";"727 751";"A01";"3";"7";"0";"2";"1";"2";"1";""
"202200048437";"727 755";"B01";"3";"21";"0";"2";"4";"2";"1";""
"202200048438";"727 750";"A01";"0";"7";"0";"1";"4";"4";"1";""
"202200048439";"727 747";"A01";"1";"7";"0";"2";"5";"15";"1";""
"202200048439";"727 748";"B01";"1";"7";"0";"2";"1";"0";"1";""
"202200048440";"727 741";"Y01";"3";"7";"0";"0";"2";"26";"1";""
"202200048440";"727 744";"B01";"3";"7";"0";"0";"3";"19";"1";""
"202200048441";"727 746";"C01";"1";"37";"0";"1";"4";"23";"3";"1"
"202200048441";"727 749";"B01";"1";"7";"0";"2";"1";"23";"1";""
"202200048441";"727 754";"A01";"1";"37";"0";"2";"4";"2";"1";"1"
"202200048442";"727 740";"A01";"1";"7";"0";"2";"1";"13";"1";""
"202200048442";"727 745";"B01";"2";"7";"0";"2";"1";"1";"1";""
"202200048443";"727 738";"Z01";"0";"33";"0";"1";"1";"1";"0";""
"202200048444";"727 737";"C01";"1";"37";"0";"0";"8";"1";"1";"1"
"202200048444";"727 739";"B01";"2";"7";"0";"2";"3";"1";"1";""
"202200048444";"727 742";"A01";"1";"7";"0";"2";"3";"17";"1";""
"202200048445";"727 735";"A01";"1";"7";"7";"0";"9";"14";"1";""
"202200048446";"727 736";"A01";"3";"7";"8";"0";"1";"1";"1";""
"202200048447";"727 733";"A01";"3";"32";"0";"2";"3";"1";"1";""
"202200048447";"727 734";"B01";"3";"80";"0";"2";"2";"1";"3";""
"202200048448";"727 731";"A01";"2";"10";"0";"1";"2";"1";"1";""
"202200048449";"727 730";"A01";"2";"7";"0";"2";"3";"19";"1";""
"202200048449";"727 732";"B01";"1";"32";"0";"2";"0";"19";"1";""
"202200048450";"727 727";"B01";"1";"7";"0";"2";"2";"15";"1";""
"202200048450";"727 728";"A01";"2";"7";"0";"2";"3";"1";"1";""
"202200048451";"727 724";"B01";"1";"7";"0";"2";"0";"0";"1";""
"202200048451";"727 726";"C01";"0";"7";"0";"0";"0";"0";"1";""
"202200048451";"727 729";"A01";"1";"7";"1";"0";"1";"9";"1";""
"202200048452";"727 722";"B01";"3";"7";"0";"2";"1";"1";"1";""
"202200048452";"727 743";"A01";"1";"7";"0";"2";"6";"16";"1";""
"202200048453";"727 719";"B01";"2";"7";"0";"2";"7";"1";"1";""
"202200048453";"727 725";"A01";"2";"7";"0";"2";"1";"9";"1";""
"202200048454";"727 720";"A01";"2";"7";"2";"0";"1";"14";"1";""
"202200048455";"727 721";"B01";"1";"7";"0";"2";"1";"15";"1";""
"202200048455";"727 723";"A01";"2";"7";"0";"2";"1";"0";"1";""
"202200048456";"727 718";"A01";"1";"33";"6";"0";"1";"0";"1";""
"202200048457";"727 716";"A01";"2";"7";"0";"1";"2";"1";"1";""
"202200048458";"727 717";"A01";"3";"7";"6";"0";"1";"1";"1";""
"202200048459";"727 714";"A01";"1";"10";"0";"1";"2";"1";"1";""
"202200048460";"727 711";"B01";"2";"7";"0";"2";"1";"0";"1";""
"202200048460";"727 715";"A01";"1";"7";"0";"2";"1";"13";"1";""
"202200048461";"727 710";"A01";"2";"7";"0";"2";"1";"2";"1";""
"202200048461";"727 713";"B01";"2";"10";"0";"2";"4";"2";"1";""
"202200048462";"727 708";"A01";"3";"7";"8";"0";"3";"1";"1";""
"202200048463";"727 707";"A01";"1";"7";"3";"2";"3";"13";"1";""
"202200048463";"727 712";"B01";"2";"7";"0";"2";"3";"1";"1";""
"202200048464";"727 706";"A01";"1";"7";"0";"2";"2";"13";"1";""
"202200048464";"727 709";"B01";"1";"7";"0";"2";"6";"2";"0";""
"202200048465";"727 703";"A01";"1";"50";"0";"0";"0";"1";"3";""
"202200048466";"727 702";"A01";"2";"7";"0";"2";"1";"1";"1";""
"202200048466";"727 705";"B01";"2";"2";"0";"2";"1";"1";"1";""
"202200048467";"727 701";"A01";"2";"31";"0";"1";"1";"1";"1";""
"202200048468";"727 704";"A01";"1";"1";"0";"0";"0";"1";"5";""
"202200048469";"727 697";"B01";"3";"1";"0";"2";"8";"1";"5";""
"202200048469";"727 700";"A01";"1";"7";"0";"9";"3";"15";"1";""
"202200048470";"727 692";"A01";"1";"7";"0";"9";"1";"23";"0";""
"202200048470";"727 696";"B01";"1";"1";"0";"2";"1";"26";"5";""
"202200048471";"727 690";"A01";"2";"10";"0";"2";"6";"9";"1";""
"202200048471";"727 694";"B01";"2";"1";"14";"0";"1";"15";"5";""
"202200048472";"727 689";"A01";"3";"7";"2";"0";"1";"13";"1";""
"202200048473";"727 688";"A01";"2";"7";"0";"2";"1";"2";"1";""
"202200048473";"727 691";"B01";"2";"7";"0";"2";"4";"23";"1";""
"202200048473";"727 695";"C01";"1";"7";"13";"2";"1";"21";"1";""
"202200048474";"727 687";"B01";"2";"33";"0";"2";"2";"2";"1";""
"202200048474";"727 693";"A01";"2";"7";"0";"2";"3";"11";"1";""
"202200048475";"727 683";"A01";"2";"33";"2";"0";"1";"1";"1";""
"202200048476";"727 682";"A01";"0";"7";"0";"0";"8";"24";"1";""
"202200048476";"727 685";"B01";"0";"1";"1";"2";"1";"2";"5";""
"202200048477";"727 681";"A01";"1";"10";"0";"2";"6";"10";"1";""
"202200048477";"727 684";"B01";"1";"1";"0";"2";"1";"1";"5";""
"202200048478";"727 677";"B01";"3";"7";"0";"2";"1";"1";"1";""
"202200048478";"727 680";"A01";"3";"7";"0";"2";"7";"1";"1";""
"202200048479";"727 679";"A01";"3";"7";"0";"2";"1";"2";"1";""
"202200048479";"727 686";"B01";"3";"7";"0";"2";"4";"23";"1";""
"202200048480";"727 676";"B01";"1";"34";"0";"2";"7";"2";"1";""
"202200048480";"727 678";"A01";"1";"1";"0";"2";"8";"11";"5";""
"202200048481";"727 671";"B01";"1";"50";"0";"2";"1";"1";"3";""
"202200048481";"727 673";"A01";"2";"7";"0";"2";"2";"15";"1";""
"202200048482";"727 670";"B01";"2";"33";"0";"2";"0";"0";"1";""
"202200048482";"727 674";"A01";"1";"33";"0";"2";"0";"0";"1";""
"202200048483";"727 669";"A01";"1";"7";"13";"0";"3";"0";"1";""
"202200048484";"727 665";"C01";"1";"7";"0";"2";"4";"1";"1";""
"202200048484";"727 668";"B01";"1";"7";"0";"2";"4";"1";"1";""
"202200048484";"727 675";"A01";"1";"7";"0";"2";"1";"1";"1";""
"202200048485";"727 666";"A01";"3";"7";"0";"2";"8";"9";"1";""
"202200048485";"727 672";"B01";"3";"33";"0";"2";"1";"9";"1";""
"202200048486";"727 663";"A01";"1";"7";"0";"1";"1";"21";"1";""
"202200048487";"727 662";"B01";"2";"30";"0";"2";"2";"1";"1";""
"202200048487";"727 667";"A01";"2";"7";"0";"2";"3";"1";"1";""
"202200048488";"727 661";"A01";"2";"7";"14";"0";"4";"1";"1";""
"202200048489";"727 659";"A01";"0";"7";"0";"2";"3";"16";"1";""
"202200048489";"727 664";"B01";"0";"7";"0";"2";"9";"1";"1";""
"202200048490";"727 656";"Z01";"3";"99";"0";"2";"0";"9";"0";""
"202200048490";"727 660";"A01";"3";"32";"0";"2";"7";"17";"1";""
"202200048491";"727 654";"B01";"1";"7";"0";"2";"2";"0";"0";""
"202200048491";"727 658";"A01";"3";"7";"0";"2";"1";"0";"6";""
"202200048492";"727 650";"A01";"3";"7";"0";"2";"1";"1";"1";""
"202200048492";"727 657";"B01";"3";"7";"0";"2";"8";"1";"2";""
"202200048493";"727 651";"A01";"3";"7";"0";"2";"3";"10";"1";""
"202200048493";"727 655";"B01";"3";"43";"0";"2";"1";"17";"1";""
"202200048494";"727 649";"B01";"3";"31";"0";"2";"1";"2";"1";""
"202200048494";"727 652";"A01";"3";"7";"0";"2";"8";"10";"0";""
"202200048495";"727 647";"A01";"1";"33";"1";"0";"2";"13";"1";""
"202200048496";"727 646";"A01";"2";"50";"8";"0";"2";"25";"3";""
"202200048497";"727 642";"A01";"1";"20";"0";"2";"7";"1";"1";""
"202200048497";"727 648";"B01";"1";"32";"0";"2";"3";"1";"1";""
"202200048497";"727 653";"C01";"1";"32";"0";"2";"1";"1";"1";""
"202200048498";"727 643";"A01";"2";"7";"0";"1";"2";"16";"2";""
"202200048499";"727 639";"A01";"2";"7";"0";"2";"1";"2";"1";""
"202200048499";"727 644";"B01";"2";"7";"0";"2";"4";"1";"1";""
"202200048500";"727 638";"A01";"1";"7";"0";"1";"1";"2";"1";""
"202200048501";"727 637";"Z01";"3";"7";"0";"2";"1";"2";"0";""
"202200048501";"727 640";"B01";"3";"2";"0";"2";"4";"12";"1";""
"202200048502";"727 641";"A01";"3";"30";"0";"2";"2";"1";"1";""
"202200048502";"727 645";"B01";"3";"43";"0";"2";"1";"9";"1";""
"202200048503";"727 635";"A01";"2";"50";"0";"0";"4";"26";"3";""
"202200048504";"727 630";"A01";"0";"30";"0";"2";"1";"2";"1";""
"202200048504";"727 634";"B01";"3";"7";"0";"0";"6";"15";"1";""
"202200048505";"727 629";"B01";"2";"7";"0";"2";"7";"1";"1";""
"202200048505";"727 633";"A01";"1";"33";"0";"2";"7";"17";"1";""
"202200048506";"727 631";"A01";"2";"7";"0";"2";"4";"2";"1";""
"202200048506";"727 636";"B01";"2";"7";"0";"2";"1";"2";"1";""
"202200048507";"727 628";"Z01";"1";"1";"0";"1";"1";"1";"5";""
"202200048508";"727 625";"A01";"0";"7";"1";"2";"4";"17";"1";""
"202200048508";"727 627";"B01";"0";"7";"14";"2";"2";"23";"1";""
"202200048509";"727 622";"A01";"1";"7";"0";"1";"1";"15";"1";""
"202200048510";"727 621";"A01";"1";"10";"0";"2";"3";"12";"1";""
"202200048510";"727 624";"Z01";"1";"15";"0";"0";"0";"0";"0";""
"202200048511";"727 619";"A01";"2";"7";"0";"1";"1";"1";"1";""
"202200048512";"727 618";"B01";"1";"32";"0";"2";"8";"1";"1";""
"202200048513";"727 626";"B01";"1";"7";"0";"2";"2";"1";"1";""
"202200048513";"727 632";"A01";"2";"2";"0";"2";"2";"15";"1";""
"202200048514";"727 615";"B01";"1";"34";"0";"2";"1";"1";"1";""
"202200048514";"727 620";"A01";"1";"32";"0";"2";"2";"5";"1";""
"202200048515";"727 612";"A01";"2";"33";"0";"1";"1";"1";"1";""
"202200048516";"727 610";"B01";"3";"7";"0";"2";"8";"1";"1";""
"202200048516";"727 613";"A01";"3";"30";"12";"2";"7";"5";"1";""
"202200048517";"727 609";"A01";"1";"10";"0";"2";"4";"1";"1";""
"202200048517";"727 614";"B01";"1";"7";"0";"2";"1";"1";"2";""
"202200048518";"727 607";"A01";"2";"10";"4";"2";"1";"1";"1";""
"202200048518";"727 611";"B01";"2";"3";"4";"2";"5";"1";"1";""
"202200048518";"727 616";"C01";"2";"3";"4";"2";"8";"1";"1";""
"202200048518";"727 617";"D01";"2";"3";"4";"2";"6";"1";"1";""
"202200048519";"727 606";"A01";"1";"7";"0";"2";"6";"9";"1";""
"202200048519";"727 608";"B01";"1";"33";"0";"2";"7";"1";"1";""
"202200048520";"727 601";"A01";"1";"7";"0";"2";"3";"17";"1";""
"202200048520";"727 604";"B01";"2";"7";"0";"2";"3";"0";"1";""
"202200048521";"727 603";"B01";"1";"15";"0";"2";"5";"2";"1";""
"202200048521";"727 605";"A01";"1";"7";"0";"2";"3";"2";"1";""
"202200048522";"727 597";"B01";"2";"7";"0";"2";"3";"1";"1";""
"202200048522";"727 602";"A01";"2";"34";"0";"2";"4";"17";"3";""
"202200048523";"727 595";"A01";"3";"1";"0";"2";"8";"1";"5";""
"202200048523";"727 600";"B01";"3";"31";"8";"2";"1";"16";"1";""
"202200048524";"727 594";"B01";"1";"7";"0";"2";"4";"2";"1";""
"202200048524";"727 598";"A01";"1";"30";"0";"2";"1";"2";"1";""
"202200048525";"727 591";"A01";"3";"7";"0";"2";"6";"10";"1";""
"202200048525";"727 593";"B01";"3";"32";"0";"2";"2";"1";"1";""
"202200048526";"727 590";"A01";" -1";"30";"0";"0";" -1";" -1";" -1";""
"202200048527";"727 589";"A01";"2";"7";"0";"2";"3";"5";"1";""
"202200048527";"727 592";"B01";"1";"14";"0";"2";"3";"26";"1";""
"202200048528";"727 587";"A01";"1";"33";"0";"2";"7";"13";"1";""
"202200048529";"727 586";"A01";"1";"50";"0";"2";"1";"13";"3";""
"202200048529";"727 588";"B01";"2";"80";"0";"2";"1";"1";"3";""
"202200048530";"727 585";"A01";"3";"10";"0";"1";"2";"0";"1";""
"202200048531";"727 582";"A01";"1";"7";"0";"2";"1";"26";"1";""
"202200048531";"727 584";"B01";"1";"7";"0";"2";"2";"2";"1";""
"202200048532";"727 583";"A01";"3";"33";"3";"0";"8";"0";"1";""
"202200048533";"727 578";"A01";"1";"7";"0";"2";"5";"23";"1";""
"202200048533";"727 580";"Z01";"1";"7";"0";"2";"2";"1";"1";""
"202200048534";"727 579";"A01";"3";"50";"0";"0";"0";"1";"3";""
"202200048535";"727 577";"A01";"1";"7";"0";"2";"1";"15";"1";""
"202200048535";"727 581";"B01";"2";"2";"0";"2";"1";"17";"1";""
"202200048536";"727 576";"A01";"1";"33";"0";"0";"9";"1";"1";""
"202200048537";"727 575";"A01";"2";"7";"0";"1";"3";"1";"1";""
"202200048538";"727 571";"A01";"1";"15";"0";"2";"8";"13";"1";""
"202200048538";"727 574";"B01";"1";"7";"4";"2";"9";"1";"1";""
"202200048539";"727 568";"B01";"2";"7";"0";"2";"5";"15";"1";""
"202200048539";"727 573";"A01";"1";"7";"0";"2";"1";"1";"1";""
"202200048540";"727 567";"A01";"1";"7";"0";"1";"2";"1";"1";""
"202200048541";"727 570";"A01";"2";"1";"0";"2";"1";"17";"5";""
"202200048541";"727 572";"B01";"2";"1";"0";"2";"3";"15";"5";""
"202200048542";"727 566";"A01";"3";"7";"0";"1";"3";"15";"3";""
"202200048543";"727 559";"B01";"1";"10";"0";"2";"5";"1";"1";""
"202200048543";"727 562";"A01";"1";"7";"0";"2";"6";"16";"1";""
"202200048544";"727 556";"B01";"1";"7";"0";"2";"7";"16";"1";""
"202200048544";"727 564";"A01";"2";"7";"0";"2";"1";"1";"1";""
"202200048545";"727 560";"Z01";"1";"7";"0";"1";"3";"16";"1";""
"202200048546";"727 558";"A01";"1";"34";"5";"0";"1";"14";"1";""
"202200048547";"727 555";"C01";"2";"10";"0";"2";"4";"2";"1";""
"202200048547";"727 561";"B01";"2";"10";"0";"2";"1";"2";"1";""
"202200048547";"727 563";"A01";"2";"7";"0";"2";"1";"2";"1";""
"202200048548";"727 554";"A01";"1";"10";"0";"2";"1";"1";"1";""
"202200048548";"727 557";"B01";"1";"7";"0";"0";"4";"15";"1";""
"202200048549";"727 551";"A01";"1";"7";"4";"0";"9";"26";"1";""
"202200048550";"727 549";"A01";"1";"7";"0";"9";"0";"1";"1";""
"202200048550";"727 553";"B01";"1";"80";"0";"2";"1";"15";"3";""
"202200048551";"727 547";"A01";"1";"7";"1";"1";"0";"16";"2";""
"202200048552";"727 546";"A01";"1";"7";"0";"2";"2";"15";"1";""
"202200048552";"727 550";"B01";"2";"33";"0";"2";"1";"1";"1";""
"202200048553";"727 545";"A01";"3";"34";"0";"2";"2";"14";"1";""
"202200048553";"727 552";"B01";"3";"7";"0";"2";"6";"1";"1";""
"202200048554";"727 544";"B01";"1";"7";"0";"2";"1";"2";"1";""
"202200048554";"727 548";"A01";"2";"50";"0";"2";"0";"8";"3";""
"202200048555";"727 537";"B01";"3";"7";"0";"2";"2";"15";"6";""
"202200048555";"727 543";"A01";"3";"33";"0";"2";"1";"0";"6";""
"202200048556";"727 538";"B01";"1";"15";"0";"2";"4";"2";"1";""
"202200048556";"727 542";"A01";"1";"7";"0";"2";"1";"1";"1";""
"202200048557";"727 536";"A01";"2";"7";"0";"2";"1";"2";"1";""
"202200048557";"727 540";"B01";"2";"7";"0";"2";"0";"0";"1";""
"202200048558";"727 533";"A01";"0";"7";"0";"2";"1";"5";"1";""
"202200048558";"727 539";"B01";"0";"33";"0";"2";"1";"1";"1";""
"202200048559";"727 534";"B01";"2";"37";"0";"0";"6";"23";"1";"1"
"202200048559";"727 541";"A01";"1";"34";"11";"2";"3";"1";"1";""
"202200048560";"727 532";"B01";"1";"2";"0";"2";"1";"1";"1";""
"202200048560";"727 535";"A01";"2";"7";"0";"2";"5";"15";"1";""
"202200048561";"727 530";"A01";"1";"7";"0";"1";"1";"1";"1";""
"202200048562";"727 527";"A01";"2";"31";"0";"0";"8";"1";"1";""
"202200048563";"727 525";"B01";"1";"7";"3";"0";"9";"26";"1";""
"202200048563";"727 531";"A01";"2";"7";"4";"0";"4";"1";"1";""
"202200048564";"727 524";"A01";"0";"32";"0";"2";"1";"17";"1";""
"202200048564";"727 528";"B01";"0";"7";"0";"0";"6";"15";"1";""
"202200048565";"727 523";"A01";"2";"2";"0";"2";"1";"2";"1";""
"202200048565";"727 526";"B01";"2";"7";"0";"2";"4";"1";"2";""
"202200048566";"727 518";"A01";"3";"7";"0";"2";"1";"1";"1";""
"202200048566";"727 522";"B01";"3";"7";"0";"2";"4";"1";"1";""
"202200048567";"727 521";"Z01";"1";"1";"0";"1";"1";"1";"5";""
"202200048568";"727 515";"A01";"2";"7";"0";"2";"1";"13";"1";""
"202200048568";"727 519";"B01";"1";"33";"0";"2";"1";"1";"1";""
"202200048569";"727 514";"A01";"2";"10";"0";"2";"8";"11";"1";""
"202200048569";"727 520";"B01";"2";"43";"0";"2";"2";"3";"1";""
"202200048570";"727 512";"B01";"1";"7";"0";"2";"1";"2";"1";""
"202200048570";"727 516";"C01";"1";"7";"0";"2";"4";"2";"1";""
"202200048570";"727 517";"A01";"1";"7";"0";"2";"1";"2";"1";""
"202200048571";"727 511";"B01";"2";"34";"0";"0";"0";"0";"1";""
"202200048571";"727 513";"A01";"2";"10";"0";"2";"7";"14";"0";""
"202200048572";"727 507";"B01";"0";"7";"0";"2";"2";"1";"1";""
"202200048572";"727 510";"A01";"0";"32";"0";"2";"5";"1";"1";""
"202200048573";"727 505";"B01";"3";"1";"0";"2";"6";"9";"5";""
"202200048573";"727 508";"A01";"1";"32";"0";"2";"2";"1";"1";""
"202200048574";"727 504";"A01";"3";"7";"0";"1";"3";"1";"1";""
"202200048575";"727 501";"A01";"1";"7";"0";"2";"4";"0";"1";""
"202200048575";"727 502";"Z01";"2";"7";"0";"2";"1";"0";"1";""
"202200048576";"727 496";"A01";"2";"7";"0";"2";"1";"2";"1";""
"202200048576";"727 500";"B01";"2";"7";"0";"2";"2";"1";"1";""
"202200048576";"727 503";"C01";"2";"7";"0";"2";"4";"2";"1";""
"202200048577";"727 494";"B01";"1";"2";"0";"2";"1";"15";"1";""
"202200048577";"727 499";"A01";"1";"7";"0";"2";"3";"15";"1";""
"202200048578";"727 493";"A01";"2";"7";"0";"9";"7";"17";"0";""
"202200048578";"727 495";"B01";"2";"50";"0";"9";"6";"26";"3";""
"202200048579";"727 490";"B01";"2";"14";"0";"2";"2";"1";"6";""
"202200048579";"727 498";"A01";"2";"7";"0";"2";"3";"1";"1";""
"202200048580";"727 489";"A01";"2";"7";"0";"1";"2";"1";"1";""
"202200048581";"727 487";"A01";"2";"7";"0";"2";"3";"13";"1";""
"202200048581";"727 491";"B01";"1";"10";"0";"2";"1";"1";"1";""
"202200048581";"727 497";"C01";"2";"7";"0";"2";"1";"2";"1";""
"202200048582";"727 485";"A01";"1";"7";"0";"2";"5";"1";"1";""
"202200048582";"727 492";"B01";"1";"7";"0";"2";"1";"1";"1";""
"202200048583";"727 484";"A01";"1";"7";"0";"1";"2";"1";"3";""
"202200048584";"727 483";"B01";"2";"33";"0";"2";"1";"1";"1";""
"202200048584";"727 488";"A01";"2";"7";"0";"2";"3";"15";"1";""
"202200048585";"727 481";"A01";"1";"99";"0";"2";"7";"17";"1";""
"202200048585";"727 486";"B01";"2";"30";"0";"2";"8";"1";"1";""
"202200048586";"727 479";"B01";"2";"7";"1";"2";"7";"16";"1";""
"202200048586";"727 482";"A01";"2";"33";"0";"2";"1";"7";"1";""
"202200048587";"727 478";"A01";"3";"7";"8";"0";"1";"1";"1";""
"202200048588";"727 476";"A01";"2";"7";"0";"2";"1";"19";"2";""
"202200048588";"727 480";"B01";"1";"7";"0";"2";"2";"1";"2";""
"202200048589";"727 472";"B01";"1";"50";"0";"2";"1";"5";"3";""
"202200048589";"727 477";"A01";"2";"2";"0";"2";"1";"1";"1";""
"202200048590";"727 471";"A01";"2";"37";"1";"2";"2";"1";"1";"3"
"202200048590";"727 475";"B01";"2";"10";"1";"2";"3";"9";"1";""
"202200048591";"727 469";"B01";"2";"32";"0";"2";"1";"1";"1";""
"202200048591";"727 474";"A01";"1";"10";"0";"2";"7";"15";"1";""
"202200048592";"727 473";"A01";"3";"7";"0";"1";"3";"15";"1";""