"Num_Acc";"id_vehicule";"num_veh";"senc";"catv";"obs";"obsm";"choc";"manv";"motor";"occutc"
"202200048593";"727 467";"B01";"1";"33";"0";"2";"2";"0";"1";""
"202200048593";"727 470";"A01";"1";"7";"0";"2";"6";"11";"1";""
"202200048594";"727 468";"A01";"1";"14";"0";"1";"1";"1";"1";""
"202200048595";"727 466";"A01";"1";"50";"0";"0";"1";"16";"3";""
"202200048596";"727 461";"B01";"2";"80";"0";"2";"8";"1";"3";""
"202200048596";"727 464";"A01";"2";"14";"0";"2";"7";"16";"1";""
"202200048597";"727 459";"B01";"1";"7";"4";"0";"4";"1";"1";""
"202200048597";"727 465";"A01";"1";"7";"3";"2";"3";"9";"1";""
"202200048598";"727 456";"A01";"1";"7";"0";"0";"2";"6";"1";""
"202200048599";"727 457";"B01";"2";"2";"0";"2";"8";"1";"1";""
"202200048599";"727 463";"A01";"2";"7";"0";"2";"8";"21";"1";""
"202200048600";"727 460";"A01";"2";"7";"0";"1";"2";"1";"1";""
"202200048601";"727 455";"A01";"2";"7";"0";"2";"1";"2";"1";""
"202200048601";"727 458";"B01";"2";"7";"0";"2";"4";"1";"1";""
"202200048601";"727 462";"C01";"2";"7";"0";"2";"4";"1";"1";""
"202200048602";"727 454";"A01";"1";"7";"2";"0";"1";"13";"1";""
"202200048603";"727 449";"A01";"0";"7";"0";"2";"1";"2";"1";""
"202200048603";"727 453";"B01";"1";"7";"0";"2";"4";"1";"1";""
"202200048604";"727 445";"Z01";"2";"7";"0";"0";"0";"0";"0";""
"202200048604";"727 447";"B01";"1";"33";"0";"2";"1";"1";"1";""
"202200048604";"727 450";"C01";"2";"7";"0";"2";"8";"1";"1";""
"202200048605";"727 444";"B01";"0";"31";"0";"2";"3";"1";"1";""
"202200048605";"727 451";"A01";"3";"7";"0";"2";"1";"15";"1";""
"202200048606";"727 443";"A01";"1";"7";"0";"1";"3";"1";"1";""
"202200048607";"727 442";"A01";"2";"30";"0";"0";"0";"1";"1";""
"202200048608";"727 446";"B01";"1";"7";"0";"2";"3";"15";"1";""
"202200048608";"727 448";"A01";"1";"30";"0";"2";"1";"17";"1";""
"202200048609";"727 441";"A01";"1";"7";"0";"2";"5";"1";"2";""
"202200048609";"727 452";"B01";"1";"7";"0";"2";"2";"1";"1";""
"202200048610";"727 438";"A01";"3";"7";"3";"0";"2";"1";"1";""
"202200048611";"727 435";"A01";"3";"1";"0";"0";"0";"0";"5";""
"202200048612";"727 437";"B01";"1";"7";"0";"2";"1";"1";"1";""
"202200048612";"727 440";"A01";"2";"7";"0";"2";"7";"0";"1";""
"202200048613";"727 436";"A01";"1";"7";"1";"1";"1";"26";"1";""
"202200048614";"727 434";"B01";"1";"50";"0";"2";"2";"15";"3";""
"202200048614";"727 439";"A01";"1";"7";"0";"2";"1";"1";"1";""
"202200048615";"727 432";"B01";"2";"10";"0";"2";"4";"2";"1";""
"202200048615";"727 433";"A01";"2";"7";"0";"2";"1";"2";"1";""
"202200048616";"727 428";"A01";"1";"7";"14";"0";"1";"5";"1";""
"202200048617";"727 429";"A01";"3";"7";"0";"1";"4";"4";"1";""
"202200048618";"727 427";"A01";"3";"7";"8";"2";"2";"9";"1";""
"202200048618";"727 431";"B01";"3";"7";"0";"2";"1";"1";"0";""
"202200048619";"727 425";"A01";"2";"32";"0";"0";"0";"2";"1";""
"202200048620";"727 426";"A01";"1";"7";"11";"1";"2";"21";"1";""
"202200048621";"727 424";"A01";"1";"7";"0";"2";"1";"1";"1";""
"202200048621";"727 430";"B01";"2";"1";"0";"2";"7";"1";"5";""
"202200048622";"727 421";"B01";"3";"7";"1";"2";"4";"0";"1";""
"202200048622";"727 423";"A01";"3";"7";"0";"2";"3";"1";"1";""
"202200048623";"727 419";"B01";"1";"33";"0";"2";"0";"26";"1";""
"202200048623";"727 422";"A01";"1";"7";"0";"2";"0";"9";"1";""
"202200048624";"727 418";"A01";"1";"7";"0";"1";"3";"1";"1";""
"202200048625";"727 414";"B01";"1";"7";"0";"0";"0";"0";"1";""
"202200048625";"727 420";"A01";"1";"50";"0";"0";"0";"1";"3";""
"202200048626";"727 412";"A01";"1";"13";"0";"2";"2";"16";"1";""
"202200048626";"727 417";"B01";"1";"1";"0";"2";"1";"1";"5";""
"202200048627";"727 413";"A01";"2";"7";"0";"2";"1";"19";"0";""
"202200048627";"727 416";"B01";"2";"31";"0";"2";"3";"1";"0";""
"202200048628";"727 411";"A01";"2";"2";"0";"2";"6";"18";"3";""
"202200048628";"727 415";"B01";"2";"7";"0";"2";"2";"14";"1";""
"202200048629";"727 406";"B01";"2";"7";"0";"2";"8";"1";"1";""
"202200048629";"727 409";"A01";"2";"1";"0";"2";"1";"19";"5";""
"202200048630";"727 404";"B01";"1";"7";"0";"2";"4";"2";"1";""
"202200048630";"727 408";"A01";"1";"7";"0";"2";"1";"2";"1";""
"202200048631";"727 403";"A01";"2";"7";"0";"2";"0";"11";"1";""
"202200048631";"727 407";"C01";"1";"7";"0";"2";"8";"1";"1";""
"202200048631";"727 410";"B01";"2";"33";"0";"2";"1";"21";"1";""
"202200048632";"727 400";"B01";"3";"50";"0";"2";"7";"19";"3";""
"202200048632";"727 405";"A01";"0";"7";"0";"2";"1";"19";"1";""
"202200048633";"727 399";"A01";"2";"10";"0";"2";"2";"15";"1";""
"202200048633";"727 402";"B01";"1";"30";"0";"2";"1";"1";"1";""
"202200048634";"727 396";"A01";"1";"50";"0";"0";"8";"19";"3";""
"202200048634";"727 401";"B01";"2";"7";"0";"2";"1";"15";"1";""
"202200048635";"727 394";"A01";"2";"7";"0";"2";"6";"15";"0";""
"202200048635";"727 397";"B01";"1";"1";"0";"2";"1";"1";"5";""
"202200048636";"727 393";"C01";"2";"7";"0";"2";"1";"1";"1";""
"202200048636";"727 395";"B01";"1";"7";"0";"2";"6";"15";"1";""
"202200048636";"727 398";"A01";"1";"10";"0";"2";"3";"2";"1";""
"202200048637";"727 391";"A01";"3";"10";"0";"1";"4";"4";"1";""
"202200048638";"727 389";"A01";"0";"10";"0";"2";"0";"2";"3";""
"202200048639";"727 390";"A01";"2";"7";"0";"1";"1";"1";"1";""
"202200048640";"727 387";"A01";"3";"50";"0";"2";"1";"19";"3";""
"202200048640";"727 392";"B01";"1";"7";"0";"2";"1";"1";"0";""
"202200048641";"727 384";"A01";"3";"7";"1";"0";"2";"1";"1";""
"202200048642";"727 383";"A01";"2";"7";"0";"2";"3";"15";"1";""
"202200048642";"727 388";"B01";"1";"2";"0";"2";"8";"1";"1";""
"202200048643";"727 382";"Z01";"3";"7";"0";"1";"0";"0";"1";""
"202200048644";"727 381";"A01";"1";"7";"0";"2";"2";"1";"1";""
"202200048644";"727 386";"B01";"3";"50";"0";"2";"0";"0";"3";""
"202200048645";"727 379";"B01";" -1";"7";"0";"2";"3";"1";"1";""
"202200048645";"727 385";"A01";" -1";"7";"0";"2";"1";"17";"1";""
"202200048646";"727 378";"A01";"3";"1";"0";"1";"0";"26";"5";""
"202200048647";"727 376";"B01";"3";"2";"0";"2";"6";"1";"1";""
"202200048647";"727 380";"A01";"3";"7";"1";"0";"3";"20";"1";""
"202200048648";"727 377";"A01";"2";"1";"1";"0";"1";"15";"5";""
"202200048649";"727 373";"A01";"3";"10";"0";"2";"4";"26";"1";""
"202200048649";"727 375";"B01";"3";"33";"0";"2";"1";"23";"1";""
"202200048650";"727 372";"B01";"2";"2";"0";"2";"1";"1";"1";""
"202200048650";"727 374";"A01";"2";"7";"0";"2";"3";"9";"1";""
"202200048651";"727 369";"A01";"1";"30";"0";"1";"2";"1";"1";""
"202200048652";"727 368";"A01";"1";"7";"0";"2";"1";"13";"1";""
"202200048652";"727 370";"B01";"1";"7";"12";"2";"1";"1";"1";""
"202200048653";"727 367";"B01";"3";"7";"0";"2";"4";"1";"1";""
"202200048653";"727 371";"A01";"3";"10";"0";"2";"1";"2";"1";""
"202200048654";"727 363";"B01";"3";"7";"0";"2";"4";"0";"1";""
"202200048654";"727 366";"A01";"3";"31";"0";"2";"1";"1";"1";""
"202200048655";"727 362";"Z01";"3";"10";"0";"1";"3";"15";"0";""
"202200048656";"727 361";"A01";"2";"7";"0";"2";"2";"19";"1";""
"202200048656";"727 365";"B01";"2";"7";"0";"2";"3";"19";"1";""
"202200048657";"727 358";"A01";"1";"7";"2";"0";"1";"13";"1";""
"202200048658";"727 359";"B01";"1";"7";"0";"2";"1";"1";"1";""
"202200048658";"727 364";"A01";"2";"7";"0";"2";"8";"1";"1";""
"202200048659";"727 357";"A01";"1";"10";"0";"2";"4";"23";"1";""
"202200048659";"727 360";"B01";"1";"7";"0";"2";"1";"1";"1";""
"202200048660";"727 356";"A01";"2";"30";"0";"1";"1";"1";"1";""
"202200048661";"727 349";"A01";"1";"7";"0";"2";"2";"1";"2";""
"202200048661";"727 353";"B01";"0";"7";"0";"2";"1";"1";"1";""
"202200048662";"727 350";"B01";"2";"7";"0";"2";"1";"13";"1";""
"202200048662";"727 354";"A01";"1";"7";"0";"2";"1";"1";"1";""
"202200048663";"727 348";"A01";"2";"10";"8";"0";"1";"1";"1";""
"202200048664";"727 346";"A01";"2";"7";"8";"0";"1";"13";"1";""
"202200048665";"727 343";"A01";"1";"7";"13";"0";"9";"13";"1";""
"202200048666";"727 344";"A01";"3";"50";"0";"0";"0";"21";"3";""
"202200048667";"727 340";"A01";"1";"7";"0";"2";"2";"23";"1";""
"202200048667";"727 345";"B01";"2";"2";"0";"2";"8";"5";"3";""
"202200048668";"727 338";"A01";"1";"10";"0";"2";"3";"15";"1";""
"202200048668";"727 342";"B01";"2";"33";"0";"2";"1";"1";"1";""
"202200048669";"727 337";"A01";" -1";"10";"9";"0";"1";"13";"1";""
"202200048670";"727 339";"A01";"1";"7";"0";"1";"8";"9";"6";""
"202200048671";"727 335";"A01";"2";"33";"2";"0";"5";"1";"1";""
"202200048672";"727 332";"A01";"1";"10";"8";"0";"1";"26";"1";""
"202200048673";"727 325";"A01";"2";"33";"16";"0";"1";"1";"1";""
"202200048674";"727 328";"B01";"2";"32";"0";"2";"2";"1";"1";""
"202200048674";"727 331";"A01";"3";"7";"0";"2";"3";"15";"0";""
"202200048675";"727 323";"A01";"1";"10";"0";"2";"3";"1";"1";""
"202200048675";"727 330";"C01";"1";"7";"0";"2";"2";"1";"1";""
"202200048675";"727 334";"B01";"1";"7";"0";"2";"2";"1";"1";""
"202200048676";"727 322";"A01";"1";"31";"0";"2";"1";"21";"1";""
"202200048676";"727 329";"B01";"1";"7";"0";"2";"5";"9";"1";""
"202200048677";"727 321";"B01";"1";"3";"0";"2";"4";"1";"1";""
"202200048677";"727 326";"A01";"1";"7";"0";"2";"1";"1";"1";""
"202200048678";"727 319";"A01";"2";"7";"0";"2";"1";"1";"2";""
"202200048678";"727 327";"B01";"2";"7";"0";"2";"3";"1";"1";""
"202200048679";"727 318";"A01";"1";"33";"8";"0";"1";"1";"1";""
"202200048680";"727 314";"Z01";"3";"7";"0";"1";"0";"0";"0";""
"202200048681";"727 315";"A01";"2";"7";"1";"0";"1";"2";"1";""
"202200048682";"727 311";"B01";"2";"7";"0";"2";"2";"2";"1";""
"202200048682";"727 317";"A01";"2";"7";"0";"2";"2";"2";"1";""
"202200048683";"727 313";"A01";"1";"7";"12";"0";"0";"9";"1";""
"202200048683";"727 316";"B01";"1";"1";"0";"2";"3";"0";"5";""
"202200048684";"727 309";"A01";"3";"32";"2";"0";"1";"1";"1";""
"202200048685";"727 308";"B01";"3";"7";"0";"2";"2";"16";"0";""
"202200048685";"727 312";"A01";"3";"7";"0";"2";"3";"1";"0";""
"202200048686";"727 305";"B01";"1";"7";"0";"2";"3";"19";"1";""
"202200048686";"727 310";"A01";"3";"7";"0";"2";"3";"19";"1";""
"202200048687";"727 306";"B01";"1";"50";"0";"2";"1";"1";"3";""
"202200048687";"727 307";"A01";"2";"7";"0";"2";"2";"15";"1";""
"202200048688";"727 304";"A01";"2";"1";"0";"0";"1";"1";"5";""
"202200048689";"727 302";"A01";"2";"7";"3";"0";"2";"1";"1";""
"202200048690";"727 301";"B01";"2";"10";"0";"0";"0";"0";"1";""
"202200048690";"727 303";"A01";"2";"34";"0";"0";"0";"26";"1";""
"202200048691";"727 298";"A01";"3";"31";"0";"0";"0";"26";"1";""
"202200048692";"727 291";"A01";"1";"7";"2";"0";"1";"13";"1";""
"202200048693";"727 296";"A01";"1";"7";"0";"9";"2";"2";"1";""
"202200048693";"727 300";"B01";"3";"1";"0";"2";"7";"0";"5";""
"202200048694";"727 292";"B01";"1";"2";"0";"2";"1";"1";"1";""
"202200048694";"727 297";"A01";"1";"7";"0";"0";"3";"16";"1";""
"202200048695";"727 293";"C01";"0";"7";"0";"2";"4";"1";"1";""
"202200048695";"727 295";"B01";"0";"7";"0";"2";"4";"1";"1";""
"202200048695";"727 299";"A01";"0";"7";"0";"2";"1";"1";"1";""
"202200048696";"727 290";"A01";"1";"7";"0";"2";"6";"15";"1";""
"202200048696";"727 294";"B01";"2";"33";"0";"2";"1";"1";"1";""
"202200048697";"727 289";"A01";"3";"31";"0";"0";"3";"16";"1";""
"202200048698";"727 286";"A01";"2";"7";"6";"9";"1";"1";"1";""
"202200048699";"727 285";"Z01";"3";"7";"0";"1";"2";"0";"0";""
"202200048700";"727 283";"A01";"3";"7";"0";"1";"1";"1";"1";""
"202200048701";"727 284";"A01";"1";"38";"0";"2";"2";"16";"1";"1"
"202200048701";"727 287";"B01";"1";"1";"0";"2";"3";"26";"5";""
"202200048702";"727 281";"A01";"1";"7";"0";"1";"2";"1";"1";""
"202200048703";"727 280";"A01";"3";"1";"0";"0";"0";"1";"5";""
"202200048704";"727 278";"B01";"0";"7";"0";"2";"2";"1";"1";""
"202200048704";"727 279";"C01";"0";"7";"0";"2";"6";"23";"1";""
"202200048704";"727 282";"D01";"0";"7";"0";"2";"3";"23";"1";""
"202200048704";"727 288";"A01";"0";"7";"0";"2";"3";"16";"1";""
"202200048705";"727 275";"A01";"3";"7";"0";"1";"1";"2";"1";""
"202200048706";"727 274";"C01";"1";"7";"0";"2";"4";"2";"1";""
"202200048706";"727 276";"B01";"1";"7";"0";"2";"4";"2";"1";""
"202200048706";"727 277";"A01";"1";"7";"0";"2";"1";"2";"1";""
"202200048707";"727 271";"A01";"1";"50";"0";"1";"1";"19";"3";""
"202200048708";"727 270";"B01";"2";"7";"0";"0";"3";"13";"1";""
"202200048708";"727 272";"A01";"1";"7";"13";"0";"3";"1";"1";""
"202200048709";"727 269";"B01";"1";"50";"0";"2";"1";"1";"3";""
"202200048709";"727 273";"A01";"1";"7";"0";"2";"8";"1";"1";""
"202200048710";"727 267";"A01";"3";"7";"0";"1";"1";"1";"1";""
"202200048711";"727 266";"A01";"1";"7";"0";"1";"2";"15";"1";""
"202200048712";"727 265";"A01";"3";"14";"0";"1";"2";"1";"1";""
"202200048713";"727 263";"B01";"1";"1";"0";"2";"1";"2";"5";""
"202200048713";"727 268";"A01";"1";"7";"0";"2";"4";"2";"1";""
"202200048714";"727 262";"A01";"2";"2";"0";"2";"1";"17";"1";""
"202200048714";"727 264";"B01";"1";"7";"0";"2";"1";"1";"1";""
"202200048715";"727 258";"A01";"1";"7";"7";"0";"9";"1";"2";""
"202200048716";"727 260";"A01";"2";"7";"0";"2";"1";"9";"1";""
"202200048716";"727 261";"B01";"2";"80";"0";"2";"4";"1";"3";""
"202200048717";"727 256";"B01";"2";"30";"0";"2";"1";"0";"1";""
"202200048717";"727 259";"A01";"3";"7";"0";"2";"3";"9";"2";""
"202200048718";"727 257";"A01";"1";"2";"0";"1";"1";"2";"1";""
"202200048719";"727 255";"A01";"0";"2";"0";"0";"4";"26";"1";""
"202200048720";"727 252";"A01";"1";"32";"9";"2";"1";"13";"1";""
"202200048721";"727 251";"A01";"1";"10";"0";"2";"1";"16";"1";""
"202200048721";"727 254";"B01";"1";"1";"0";"2";"7";"1";"5";""
"202200048722";"727 249";"B01";"2";"1";"0";"2";"2";"15";"5";""
"202200048722";"727 253";"A01";"1";"7";"0";"2";"3";"9";"1";""
"202200048723";"727 247";"A01";"1";"50";"0";"2";"1";"1";"3";""
"202200048723";"727 250";"B01";"1";"7";"0";"2";"4";"23";"1";""
"202200048724";"727 243";"A01";"3";"30";"0";"2";"1";"1";"1";""
"202200048724";"727 246";"B01";"3";"7";"0";"2";"8";"1";"1";""
"202200048725";"727 242";"A01";"2";"7";"0";"1";"2";"1";"1";""
"202200048726";"727 244";"B01";"0";"1";"0";"2";"7";"19";"5";""
"202200048726";"727 245";"A01";"0";"10";"0";"2";"2";"1";"1";""
"202200048727";"727 240";"A01";"1";"7";"0";"1";"2";"1";"1";""
"202200048728";"727 239";"A01";"1";"10";"0";"2";"5";"15";"1";""
"202200048728";"727 241";"B01";"2";"33";"0";"2";"1";"1";"1";""
"202200048729";"727 238";"A01";"1";"7";"2";"0";"9";"0";"1";""
"202200048730";"727 233";"A01";"1";"41";"0";"2";"1";"2";"1";""
"202200048730";"727 237";"B01";"1";"10";"0";"2";"4";"14";"1";""
"202200048731";"727 228";"B01";"1";"7";"0";"2";"1";"1";"1";""
"202200048731";"727 235";"A01";"1";"7";"0";"2";"0";"0";"1";""
"202200048732";"727 225";"A01";"1";"7";"0";"1";"1";"1";"1";""
"202200048733";"727 222";"A01";"1";"33";"0";"2";"4";"23";"1";""
"202200048733";"727 226";"B01";"1";"10";"0";"2";"3";"2";"1";""
"202200048733";"727 229";"C01";"1";"7";"0";"2";"8";"2";"1";""
"202200048733";"727 234";"D01";"1";"7";"0";"2";"4";"2";"2";""
"202200048734";"727 221";"B01";"1";"7";"0";"2";"1";"0";"1";""
"202200048734";"727 223";"A01";"2";"7";"0";"2";"1";"5";"1";""
"202200048735";"727 220";"B01";"1";"7";"0";"0";"4";"0";"1";""
"202200048735";"727 224";"A01";"1";"10";"0";"2";"2";"1";"1";""
"202200048736";"727 219";"A01";"3";"7";"0";"1";"1";"1";"1";""
"202200048737";"727 218";"A01";"0";"7";"0";"1";"1";"1";"3";""
"202200048738";"727 216";"B01";"2";"7";"0";"2";"5";"1";"2";""
"202200048738";"727 217";"A01";"2";"33";"0";"2";"1";"1";"1";""
"202200048739";"727 211";"A01";" -1";"7";"2";"0";"8";"1";"1";""
"202200048740";"727 213";"A01";"2";"7";"0";"2";"2";"15";"1";""
"202200048740";"727 215";"B01";"1";"1";"0";"2";"1";"1";"5";""
"202200048741";"727 209";"A01";"1";"7";"0";"0";"3";"19";"1";""
"202200048741";"727 214";"B01";"1";"33";"0";"0";"1";"1";"1";""
"202200048742";"727 207";"A01";"2";"7";"0";"2";"1";"15";"1";""
"202200048742";"727 212";"B01";"1";"7";"0";"2";"1";"1";"1";""
"202200048743";"727 205";"B01";"1";"7";"0";"2";"1";"2";"0";""
"202200048743";"727 210";"A01";"1";"7";"0";"2";"4";"9";"1";""
"202200048744";"727 204";"A01";"1";"7";"0";"2";"1";"1";"1";""
"202200048744";"727 206";"B01";"1";"7";"0";"2";"4";"1";"1";""
"202200048744";"727 208";"C01";"1";"7";"0";"2";"4";"1";"1";""
"202200048745";"727 203";"A01";"1";"7";"13";"0";"1";"21";"1";""
"202200048746";"727 200";"B01";"1";"7";"0";"2";"3";"1";"1";""
"202200048746";"727 201";"A01";"1";"7";"0";"2";"4";"1";"1";""
"202200048747";"727 198";"B01";"1";"7";"0";"0";"3";"1";"1";""
"202200048747";"727 202";"A01";"2";"15";"0";"2";"6";"1";"1";""
"202200048748";"727 194";"A01";"2";"30";"0";"2";"3";"7";"1";""
"202200048748";"727 199";"B01";"2";"7";"0";"2";"2";"1";"1";""
"202200048749";"727 195";"A01";"2";"7";"0";"0";"9";"1";"1";""
"202200048750";"727 192";"A01";"2";"10";"0";"9";"3";"2";"1";""
"202200048750";"727 197";"B01";"2";"50";"0";"2";"3";"0";"3";""
"202200048751";"727 193";"A01";"2";"32";"0";"2";"8";"3";"1";""
"202200048751";"727 196";"B01";"2";"7";"0";"2";"7";"1";"1";""
"202200048752";"727 189";"A01";"2";"7";"6";"0";"1";"13";"1";""
"202200048753";"727 188";"A01";"1";"7";"0";"1";"2";"16";"1";""
"202200048754";"727 187";"B01";"1";"33";"0";"2";"1";"1";"1";""
"202200048754";"727 190";"A01";"1";"7";"0";"2";"3";"10";"1";""
"202200048755";"727 183";"A01";"2";"7";"0";"2";"3";"1";" -1";""
"202200048755";"727 186";"B01";"2";"50";"0";"2";"1";"9";"3";""
"202200048756";"727 184";"A01";"1";"7";"0";"2";"8";"15";"1";""
"202200048756";"727 191";"B01";"2";"7";"0";"2";"1";"1";"1";""
"202200048757";"727 182";"Z01";"2";"7";"0";"2";"0";"0";"0";""
"202200048757";"727 185";"A01";"2";"7";"0";"2";"5";"1";"1";""
"202200048758";"727 181";"A01";"1";"10";"0";"1";"3";"1";"1";""
"202200048759";"727 180";"A01";"3";"7";"0";"1";"3";"0";"1";""
"202200048760";"727 173";"B01";"1";"7";"0";"2";"3";"15";"1";""
"202200048760";"727 177";"A01";"1";"30";"0";"2";"0";"25";"0";""
"202200048761";"727 174";"A01";"2";"7";"0";"2";"5";"12";"1";""
"202200048761";"727 176";"B01";"2";"33";"0";"2";"3";"1";"1";""
"202200048762";"727 167";"A01";"2";"7";"0";"2";"1";"1";"1";""
"202200048762";"727 169";"B01";"2";"7";"0";"2";"1";"1";"1";""
"202200048763";"727 163";"D01";"2";"33";"14";"0";"2";"1";"1";""
"202200048763";"727 168";"C01";"2";"33";"0";"2";"1";"1";"1";""
"202200048763";"727 172";"B01";"2";"33";"0";"2";"1";"1";"1";""
"202200048763";"727 178";"A01";"1";"10";"0";"2";"1";"13";"1";""
"202200048764";"727 165";"A01";"1";"33";"4";"0";"8";"13";"1";""
"202200048765";"727 162";"A01";"3";"7";"0";"2";"3";"19";"1";""
"202200048765";"727 164";"B01";"0";"3";"0";"2";"5";"0";"1";""
"202200048766";"727 161";"A01";"1";"7";"0";"1";"1";"1";"1";""
"202200048767";"727 157";"A01";"2";"7";"6";"0";"2";"14";"1";""
"202200048768";"727 158";"A01";"2";"7";"0";"2";"8";"15";"1";""
"202200048768";"727 160";"B01";"2";"10";"0";"2";"1";"1";"1";""
"202200048769";"727 155";"A01";"1";"33";"0";"2";"1";"1";"1";""
"202200048769";"727 159";"B01";"2";"7";"0";"2";"3";"15";"1";""
"202200048770";"727 154";"A01";"1";"7";"0";"2";"5";"12";"1";""
"202200048770";"727 156";"B01";"1";"33";"0";"2";"3";"1";"1";""
"202200048771";"727 152";"A01";"1";"7";"4";"0";"1";"2";"2";""
"202200048772";"727 151";"A01";"1";"7";"0";"0";"4";"1";"1";""
"202200048772";"727 153";"B01";"1";"7";"0";"2";"1";"1";"1";""
"202200048773";"727 149";"A01";"2";"7";"1";"0";"1";"13";"1";""
"202200048774";"727 150";"A01";"1";"7";"1";"0";"2";"1";"2";""
"202200048775";"727 147";"A01";"3";"7";"0";"1";"3";"16";"1";""
"202200048776";"727 145";"A01";"3";"7";"0";"1";"1";"19";"1";""
"202200048777";"727 141";"A01";"2";"33";"0";"2";"1";"2";"1";""
"202200048777";"727 146";"B01";"2";"7";"0";"0";"6";"2";"1";""
"202200048778";"727 142";"A01";"2";"7";"0";"2";"4";"9";"1";""
"202200048778";"727 144";"B01";"1";"2";"0";"2";"1";"1";"1";""
"202200048779";"727 137";"B01";"2";"31";"0";"2";"3";"3";"1";""
"202200048779";"727 139";"A01";"2";"7";"0";"2";"2";"14";"1";""
"202200048780";"727 135";"A01";"2";"33";"0";"0";"0";"1";"1";""
"202200048781";"727 134";"A01";"1";"7";"0";"2";"7";"17";"1";""
"202200048781";"727 136";"B01";"1";"7";"0";"2";"3";"15";"1";""
"202200048782";"727 133";"A01";"3";"7";"6";"0";"1";"1";"1";""
"202200048783";"727 132";"A01";"3";"30";"9";"0";"1";"2";"1";""
"202200048784";"727 126";"A01";"3";"7";"2";"0";"1";"0";"1";""
"202200048785";"727 127";"C01";"1";"1";"0";"0";"9";"1";"5";""
"202200048785";"727 129";"B01";"1";"7";"0";"2";"0";"1";"1";""
"202200048785";"727 131";"A01";"1";"7";"0";"9";"2";"1";"1";""
"202200048786";"727 124";"A01";"1";"7";"0";"2";"9";"21";"1";""
"202200048787";"727 123";"B01";"1";"10";"0";"2";"4";"2";"1";""
"202200048787";"727 128";"C01";"1";"7";"0";"2";"4";"2";"0";""
"202200048787";"727 130";"A01";"1";"7";"0";"2";"1";"2";"0";""
"202200048788";"727 122";"A01";"1";"7";"13";"0";"9";"1";"1";""
"202200048789";"727 125";"A01";"3";"7";"13";"0";"1";"15";"1";""
"202200048790";"727 120";"A01";"2";"33";"13";"0";"1";"26";"1";""
"202200048791";"727 115";"A01";"1";"7";"0";"1";"2";"1";"1";""
"202200048792";"727 114";"A01";"2";"7";"0";"2";"3";"1";"1";""
"202200048792";"727 119";"B01";"1";"1";"0";"2";"1";"1";"5";""
"202200048793";"727 113";"B01";"2";"43";"0";"2";"2";"1";"1";""
"202200048793";"727 118";"A01";"2";"7";"0";"2";"5";"11";"1";""
"202200048794";"727 112";"B01";"2";"7";"0";"2";"3";"1";"1";""
"202200048794";"727 117";"A01";"1";"7";"0";"2";"3";"13";"1";""
"202200048795";"727 103";"A01";"1";"7";"0";"2";"1";"2";"1";""
"202200048795";"727 110";"B01";"1";"7";"0";"0";"4";"2";"1";""
"202200048796";"727 104";"B01";"1";"10";"0";"2";"8";"0";"0";""
"202200048796";"727 109";"A01";"2";"10";"0";"2";"1";"20";"0";""
"202200048797";"727 108";"A01";"1";"43";"0";"0";"8";"3";"1";""
"202200048798";"727 101";"A01";"1";"7";"0";"0";"6";"2";"1";""
"202200048798";"727 105";"B01";"1";"33";"0";"2";"1";"2";"1";""
"202200048799";"727 102";"B01";"1";"7";"4";"2";"3";"1";"1";""
"202200048799";"727 106";"A01";"2";"7";"4";"2";"3";"13";"1";""
"202200048800";"727 100";"A01";"2";"21";"0";"2";"6";"1";"1";""
"202200048800";"727 107";"B01";"1";"10";"0";"2";"1";"1";"1";""
"202200048801";"727 098";"A01";"0";"33";"0";"1";"2";"1";"1";""
"202200048802";"727 097";"A01";"2";"2";"0";"2";"1";"1";"1";""
"202200048802";"727 099";"B01";"1";"7";"0";"2";"3";"1";"1";""
"202200048803";"727 095";"A01";"0";"1";"6";"0";"1";"15";"5";""
"202200048804";"727 094";"A01";"2";"31";"13";"0";"7";"1";"1";""
"202200048805";"727 089";"A01";"1";"7";"3";"0";"3";"1";"1";""
"202200048806";"727 087";"B01";"0";"7";"0";"2";"1";"1";"1";""
"202200048806";"727 090";"A01";"0";"7";"0";"2";"2";"15";"1";""
"202200048807";"727 092";"A01";"1";"32";"0";"2";"8";"12";"1";""
"202200048807";"727 096";"Z01";"1";"33";"0";"2";"2";"12";"0";""
"202200048808";"727 086";"A01";"2";"33";"0";"2";"8";"1";"1";""
"202200048808";"727 091";"B01";"2";"34";"0";"2";"7";"1";"1";""
"202200048808";"727 093";"C01";"2";"33";"0";"2";"7";"14";"1";""
"202200048809";"727 080";"A01";"1";"10";"0";"2";"7";"17";"1";""
"202200048809";"727 084";"B01";"1";"7";"0";"2";"3";"15";"1";""
"202200048810";"727 078";"A01";"1";"7";"0";"2";"2";"1";"1";""
"202200048810";"727 082";"B01";"1";"50";"0";"2";"2";"1";"3";""
"202200048811";"727 076";"B01";"1";"7";"0";"2";"2";"2";"1";""
"202200048811";"727 079";"A01";"1";"7";"0";"2";"2";"2";"0";""
"202200048811";"727 083";"C01";"1";"7";"0";"2";"8";"2";"1";""
"202200048812";"727 075";"A01";"2";"7";"6";"0";"1";"14";"1";""
"202200048813";"727 070";"A01";"1";"7";"0";"1";"1";"1";"1";""
"202200048814";"727 069";"B01";"0";"7";"0";"2";"2";"1";"1";""
"202200048814";"727 071";"A01";"0";"10";"0";"2";"3";"13";"1";""