"Num_Acc";"id_vehicule";"num_veh";"senc";"catv";"obs";"obsm";"choc";"manv";"motor";"occutc"
"202200048815";"727 068";"A01";"2";"7";"0";"2";"1";"15";"1";""
"202200048815";"727 073";"B01";"2";"7";"0";"0";"8";"1";"1";""
"202200048816";"727 067";"A01";"2";"7";"0";"0";"1";"13";"1";""
"202200048817";"727 063";"A01";"1";"7";"0";"2";"3";"1";"1";""
"202200048817";"727 066";"B01";"2";"7";"0";"2";"3";"0";"1";""
"202200048818";"727 062";"B01";"1";"7";"0";"2";"2";"1";"1";""
"202200048818";"727 065";"A01";"3";"7";"0";"2";"1";"16";"1";""
"202200048819";"727 061";"B01";"3";"7";"0";"2";"1";"0";"1";""
"202200048819";"727 064";"A01";"3";"7";"0";"2";"3";"0";"1";""
"202200048820";"727 060";"A01";"3";"7";"0";"1";"4";"4";"1";""
"202200048821";"727 059";"A01";"1";"7";"0";"1";"7";"1";"1";""
"202200048822";"727 053";"B01";"2";"32";"0";"2";"1";"1";"1";""
"202200048822";"727 057";"A01";"1";"7";"0";"2";"5";"15";"1";""
"202200048823";"727 052";"A01";"1";"7";"7";"0";"9";"13";"1";""
"202200048824";"727 051";"C01";"2";"1";"0";"2";"7";"2";"5";""
"202200048824";"727 055";"B01";"2";"7";"0";"2";"5";"23";"1";""
"202200048824";"727 058";"A01";"2";"37";"0";"9";"6";"26";"2";"1"
"202200048825";"727 050";"B01";"2";"7";"0";"0";"8";"1";"1";""
"202200048825";"727 056";"A01";"2";"7";"0";"2";"7";"17";"1";""
"202200048826";"727 046";"A01";"2";"7";"13";"0";"7";"1";"1";""
"202200048827";"727 047";"B01";"3";"7";"0";"2";"2";"1";"1";""
"202200048827";"727 054";"A01";"3";"7";"0";"2";"1";"1";"1";""
"202200048828";"727 044";"B01";"1";"2";"0";"2";"2";"1";"1";""
"202200048828";"727 049";"A01";"1";"7";"0";"2";"3";"15";"1";""
"202200048829";"727 043";"A01";"1";"7";"13";"2";"1";"13";"1";""
"202200048829";"727 048";"B01";"2";"7";"0";"2";"1";"1";"1";""
"202200048830";"727 041";"C01";"1";"10";"0";"2";"0";"1";"1";""
"202200048830";"727 042";"A01";"1";"17";"0";"2";"2";"12";"1";""
"202200048830";"727 045";"B01";"1";"7";"0";"2";"3";"1";"1";""
"202200048831";"727 040";"A01";"1";"7";"8";"0";"0";"1";"1";""
"202200048832";"727 035";"A01";"1";"7";"16";"0";"0";"1";"1";""
"202200048833";"727 037";"A01";"2";"10";"0";"2";"7";"15";"1";""
"202200048833";"727 039";"B01";"1";"33";"0";"2";"1";"1";"1";""
"202200048834";"727 033";"B01";"2";"33";"0";"2";"0";"17";"1";""
"202200048834";"727 036";"A01";"1";"7";"0";"2";"8";"1";"1";""
"202200048835";"727 032";"A01";"3";"7";"8";"0";"2";"1";"1";""
"202200048836";"727 031";"B01";"1";"7";"0";"0";"4";"2";"1";""
"202200048836";"727 034";"A01";"1";"7";"0";"2";"1";"2";"1";""
"202200048837";"727 038";"A01";"1";"33";"0";"1";"1";"1";"1";""
"202200048838";"727 026";"B01";"1";"7";"0";"2";"1";"0";"1";""
"202200048838";"727 029";"A01";"3";"1";"0";"2";"7";"26";"5";""
"202200048839";"727 024";"A01";"3";"2";"0";"2";"1";"1";"1";""
"202200048839";"727 028";"B01";"3";"10";"0";"2";"3";"1";"1";""
"202200048840";"727 025";"A01";"2";"7";"0";"2";"1";"17";"1";""
"202200048840";"727 027";"B01";"1";"10";"0";"2";"1";"1";"1";""
"202200048841";"727 023";"A01";"1";"50";"0";"2";"1";"21";"3";""
"202200048842";"727 019";"A01";"1";"7";"9";"1";"1";"1";"2";""
"202200048843";"727 020";"A01";"1";"32";"2";"0";"1";"26";"1";""
"202200048844";"727 016";"A01";"3";"43";"0";"1";"1";"1";"1";""
"202200048845";"727 014";"A01";"2";"33";"13";"0";"9";"1";"1";""
"202200048846";"727 015";"A01";"2";"2";"0";"2";"7";"17";"1";""
"202200048846";"727 017";"B01";"2";"7";"0";"2";"8";"1";"1";""
"202200048846";"727 021";"C01";"1";"7";"0";"2";"6";"1";"1";""
"202200048847";"727 011";"A01";"1";"7";"2";"0";"8";"26";"1";""
"202200048848";"727 013";"A01";"2";"7";"2";"0";"1";"0";"1";""
"202200048849";"727 009";"A01";"1";"7";"13";"0";"1";"13";"1";""
"202200048850";"727 008";"B01";"2";"43";"0";"2";"7";"3";"1";""
"202200048850";"727 012";"A01";"2";"10";"0";"2";"3";"11";"1";""
"202200048851";"727 007";"A01";"1";"33";"0";"2";"3";"17";"1";""
"202200048851";"727 010";"B01";"2";"33";"0";"2";"3";"1";"1";""
"202200048852";"727 006";"A01";"1";"1";"0";"0";"0";"15";"5";""
"202200048853";"727 002";"A01";"1";"33";"13";"0";"8";"1";"1";""
"202200048854";"727 001";"B01";"2";"7";"0";"2";"3";"1";"2";""
"202200048854";"727 005";"A01";"1";"30";"0";"2";"1";"13";"1";""
"202200048855";"727 000";"A01";"1";"7";"0";"0";"1";"15";"1";""
"202200048855";"727 004";"B01";"2";"7";"0";"0";"1";"1";"1";""
"202200048856";"727 003";"A01";"3";"43";"15";"0";"3";"13";"1";""
"202200048857";"726 999";"A01";"1";"3";"8";"0";"3";"13";"1";""
"202200048858";"726 997";"A01";"1";"7";"16";"0";"1";"1";"1";""
"202200048859";"726 996";"A01";"2";"37";"0";"1";"1";"1";"2";"1"
"202200048860";"726 993";"A01";"3";"7";"2";"2";"1";"20";"2";""
"202200048860";"726 995";"B01";"3";"7";"0";"0";"5";"24";"1";""
"202200048861";"726 994";"A01";"3";"7";"0";"1";"1";"15";"1";""
"202200048862";"726 990";"A01";"2";"32";"0";"0";"1";"15";"1";""
"202200048863";"726 989";"A01";"2";"7";"3";"0";"1";"1";"1";""
"202200048864";"726 987";"A01";"2";"7";"0";"0";"2";"2";"1";""
"202200048864";"726 991";"B01";"2";"1";"0";"2";"4";"2";"5";""
"202200048865";"726 986";"A01";"3";"10";"0";"1";"2";"16";"1";""
"202200048866";"726 985";"A01";"2";"10";"0";"2";"3";"2";"1";""
"202200048866";"726 988";"B01";"2";"14";"0";"2";"5";"2";"1";""
"202200048866";"726 992";"C01";"2";"17";"0";"0";"4";"1";"1";""
"202200048867";"726 983";"A01";"2";"7";"2";"0";"2";"1";"1";""
"202200048868";"726 979";"B01";"1";"7";"0";"2";"1";"0";"1";""
"202200048868";"726 981";"A01";"1";"7";"0";"2";"1";"0";"1";""
"202200048869";"726 978";"Z01";"1";"7";"0";"2";"2";"12";"1";""
"202200048869";"726 982";"B01";"1";"10";"0";"2";"6";"1";"1";""
"202200048869";"726 984";"A01";"1";"7";"0";"2";"3";"1";"1";""
"202200048870";"726 975";"A01";"2";"7";"6";"0";"1";"13";"1";""
"202200048871";"726 976";"B01";"1";"33";"13";"0";"1";"17";"1";""
"202200048871";"726 980";"A01";"1";"7";"0";"0";"0";"13";"2";""
"202200048872";"726 974";"A01";"2";"7";"0";"2";"3";"15";"1";""
"202200048872";"726 977";"B01";"2";"33";"0";"2";"7";"1";"1";""
"202200048873";"726 967";"B01";"1";"7";"0";"2";"1";"1";"1";""
"202200048873";"726 971";"A01";"2";"7";"0";"2";"1";"13";"1";""
"202200048874";"726 969";"B01";"2";"30";"0";"2";"7";"1";"1";""
"202200048874";"726 972";"A01";"2";"7";"0";"2";"3";"9";"1";""
"202200048875";"726 968";"A01";"1";"7";"0";"0";"0";"14";"1";""
"202200048876";"726 970";"B01";"1";"50";"0";"2";"1";"5";"3";""
"202200048876";"726 973";"A01";"2";"7";"0";"2";"1";"1";"0";""
"202200048877";"726 965";"A01";"2";"33";"0";"2";"1";"2";"1";""
"202200048877";"726 966";"B01";"2";"10";"0";"0";"6";"2";"1";""
"202200048878";"726 961";"B01";"1";"1";"0";"2";"1";"1";"5";""
"202200048878";"726 964";"A01";"1";"7";"0";"2";"8";"22";"1";""
"202200048879";"726 960";"A01";"1";"7";"0";"2";"1";"13";"1";""
"202200048879";"726 963";"B01";"2";"14";"0";"2";"1";"1";"1";""
"202200048880";"726 958";"B01";"3";"7";"0";"2";"1";"1";"1";""
"202200048880";"726 962";"A01";"3";"7";"0";"2";"3";"1";"1";""
"202200048881";"726 957";"B01";"1";"7";"0";"2";"3";"15";"1";""
"202200048881";"726 959";"A01";"1";"30";"0";"2";"1";"17";"1";""
"202200048882";"726 954";"A01";"1";"7";"2";"0";"1";"1";"1";""
"202200048883";"726 953";"B01";"2";"1";"0";"2";"1";"9";"5";""
"202200048883";"726 955";"A01";"2";"37";"0";"9";"5";"1";"4";"1"
"202200048884";"726 950";"B01";"1";"80";"0";"2";"1";"1";"3";""
"202200048884";"726 952";"A01";"1";"7";"0";"2";"6";"22";"2";""
"202200048885";"726 945";"B01";"2";"7";"0";"2";"3";"9";"1";""
"202200048885";"726 948";"A01";"1";"33";"0";"0";"7";"16";"1";""
"202200048886";"726 946";"A01";"1";"32";"0";"1";"2";"1";"1";""
"202200048887";"726 947";"B01";"2";"7";"0";"2";"3";"1";"1";""
"202200048887";"726 949";"A01";"1";"33";"0";"2";"1";"1";"1";""
"202200048888";"726 942";"B01";"2";"7";"0";"2";"3";"1";"1";""
"202200048888";"726 944";"A01";"1";"7";"0";"2";"3";"11";"1";""
"202200048889";"726 941";"B01";"3";"31";"15";"2";"0";"0";"1";""
"202200048889";"726 943";"A01";"3";"7";"0";"0";"0";"5";"1";""
"202200048890";"726 940";"A01";"1";"7";"2";"0";"3";"1";"1";""
"202200048891";"726 939";"A01";"1";"7";"8";"0";"1";"16";"1";""
"202200048892";"726 936";"A01";"2";"7";"0";"0";"9";"26";"1";""
"202200048893";"726 934";"A01";"2";"7";"0";"2";"6";"1";"1";""
"202200048893";"726 937";"B01";"1";"7";"0";"2";"3";"13";"2";""
"202200048894";"726 932";"A01";"3";"32";"0";"1";"1";"1";"1";""
"202200048895";"726 935";"A01";"3";"10";"0";"1";"1";"15";"1";""
"202200048896";"726 931";"A01";"1";"80";"0";"0";"0";"1";"3";""
"202200048896";"726 933";"B01";"2";"10";"0";"0";"0";"13";"1";""
"202200048897";"726 928";"B01";"2";"33";"0";"2";"1";"2";"1";""
"202200048897";"726 930";"A01";"2";"33";"0";"2";"4";"1";"1";""
"202200048898";"726 925";"B01";"1";"7";"0";"2";"8";"9";"1";""
"202200048898";"726 929";"A01";"2";"2";"0";"2";"7";"9";"1";""
"202200048899";"726 924";"A01";"2";"7";"0";"2";"5";"14";"1";""
"202200048899";"726 927";"B01";"2";"50";"0";"2";"8";"1";"3";""
"202200048900";"726 923";"B01";"1";"7";"0";"2";"3";"15";"1";""
"202200048900";"726 926";"A01";"1";"32";"0";"2";"8";"16";"1";""
"202200048901";"726 919";"A01";"1";"32";"0";"5";"3";"1";"1";""
"202200048902";"726 918";"A01";"2";"10";"3";"2";"3";"1";"1";""
"202200048902";"726 921";"B01";"1";"3";"0";"2";"1";"13";"1";""
"202200048903";"726 917";"A01";"1";"7";"6";"0";"1";"2";"1";""
"202200048904";"726 916";"A01";"2";"80";"0";"1";"1";"25";"3";""
"202200048905";"726 913";"A01";"3";"7";"0";"1";"2";"1";"1";""
"202200048906";"726 912";"B01";"1";"7";"0";"2";"1";"17";"1";""
"202200048906";"726 914";"A01";"2";"10";"0";"2";"3";"1";"1";""
"202200048907";"726 911";"A01";"1";"1";"11";"0";"1";"11";"5";""
"202200048908";"726 908";"B01";"1";"7";"0";"2";"1";"5";"1";""
"202200048908";"726 909";"A01";"1";"7";"0";"2";"1";"1";"1";""
"202200048909";"726 910";"A01";"3";"7";"0";"2";"1";"1";"1";""
"202200048909";"726 915";"B01";"3";"7";"0";"2";"7";"1";"0";""
"202200048910";"726 906";"A01";"3";"21";"13";"0";"3";"1";"1";""
"202200048911";"726 904";"B01";"2";"7";"0";"2";"4";"2";"1";""
"202200048911";"726 907";"A01";"2";"7";"0";"2";"1";"2";"1";""
"202200048912";"726 902";"B01";"1";"13";"0";"2";"2";"16";"1";""
"202200048912";"726 905";"A01";"1";"50";"0";"2";"1";"19";"3";""
"202200048913";"726 901";"B01";"2";"7";"0";"2";"4";"1";"2";""
"202200048913";"726 903";"A01";"2";"33";"0";"2";"1";"2";"1";""
"202200048914";"726 899";"A01";"1";"33";"0";"0";"8";"1";"1";""
"202200048915";"726 898";"B01";"1";"7";"0";"2";"2";"1";"0";""
"202200048915";"726 900";"A01";"1";"50";"0";"2";"1";"1";"3";""
"202200048916";"726 894";"B01";"1";"7";"0";"2";"4";"2";"1";""
"202200048916";"726 897";"A01";"1";"7";"0";"2";"1";"1";"1";""
"202200048917";"726 895";"A01";"2";"7";"0";"1";"4";"4";"1";""
"202200048918";"726 892";"A01";"2";"33";"0";"2";"1";"0";"1";""
"202200048918";"726 893";"B01";"2";"7";"0";"2";"5";"0";"2";""
"202200048918";"726 896";"C01";"2";"7";"0";"2";"4";"0";"1";""
"202200048919";"726 888";"A01";"2";"7";"0";"2";"2";"0";"1";""
"202200048919";"726 889";"B01";"2";"33";"0";"2";"8";"0";"1";""
"202200048920";"726 886";"A01";"2";"50";"12";"0";"1";"14";"3";""
"202200048921";"726 887";"A01";"0";"50";"0";"2";"8";"19";"3";""
"202200048921";"726 890";"B01";"0";"33";"0";"2";"1";"1";"1";""
"202200048922";"726 885";"A01";"0";"7";"0";"2";"8";"19";"1";""
"202200048922";"726 891";"B01";"0";"7";"0";"2";"1";"1";"1";""
"202200048923";"726 884";"A01";"2";"7";"3";"0";"2";"1";"1";""
"202200048924";"726 880";"A01";"2";"80";"12";"0";"0";"14";"3";""
"202200048925";"726 879";"A01";"1";"43";"0";"2";"1";"2";"1";""
"202200048925";"726 883";"B01";"1";"7";"0";"2";"6";"2";"1";""
"202200048926";"726 877";"A01";"3";"7";"0";"0";"0";"1";"1";""
"202200048926";"726 881";"B01";"3";"2";"14";"0";"0";"17";"1";""
"202200048927";"726 876";"A01";"2";"7";"3";"0";"1";"2";"1";""
"202200048928";"726 878";"A01";"2";"32";"0";"2";"1";"1";"1";""
"202200048928";"726 882";"LB01";"2";"1";"0";"2";"8";"15";"5";""
"202200048929";"726 870";"A01";"3";"10";"0";"1";"1";"1";"1";""
"202200048930";"726 872";"A01";"3";"7";"0";"2";"3";"15";"1";""
"202200048930";"726 875";"B01";"3";"34";"0";"2";"1";"1";"1";""
"202200048931";"726 868";"B01";"0";"33";"0";"2";"2";"2";"1";""
"202200048931";"726 871";"A01";"0";"10";"0";"2";"2";"9";"1";""
"202200048932";"726 866";"A01";"1";"7";"0";"2";"1";"1";"1";""
"202200048932";"726 869";"B01";"1";"7";"3";"2";"4";"2";"1";""
"202200048932";"726 873";"C01";"1";"7";"0";"2";"5";"23";"1";""
"202200048933";"726 867";"B01";"1";"7";"0";"2";"1";"1";"2";""
"202200048933";"726 874";"A01";"2";"7";"0";"2";"1";"5";"1";""
"202200048934";"726 860";"A01";"2";"17";"0";"2";"1";"2";"1";""
"202200048934";"726 863";"B01";"2";"17";"0";"2";"4";"2";"1";""
"202200048934";"726 865";"C01";"2";"17";"0";"2";"4";"2";"1";""
"202200048935";"726 857";"Z01";"2";"7";"0";"2";"8";"18";"0";""
"202200048935";"726 861";"A01";"1";"7";"0";"2";"1";"2";"1";""
"202200048936";"726 862";"B01";"1";"7";"0";"2";"5";"20";"2";""
"202200048936";"726 864";"A01";"1";"32";"0";"2";"3";"1";"1";""
"202200048937";"726 858";"A01";"1";"7";"0";"1";"3";"1";"1";""
"202200048938";"726 859";"A01";"1";"43";"0";"1";"1";"1";"1";""
"202200048939";"726 855";"A01";"2";"7";"0";"1";"1";"16";"2";""
"202200048940";"726 853";"A01";"1";"34";"0";"1";"1";"7";"1";""
"202200048941";"726 851";"A01";"1";"10";"0";"2";"1";"2";"1";""
"202200048941";"726 856";"B01";"1";"17";"0";"2";"4";"2";"1";""
"202200048942";"726 850";"A01";"1";"7";"0";"2";"8";"0";"1";""
"202200048942";"726 852";"B01";"2";"50";"0";"2";"1";"0";"3";""
"202200048943";"726 844";"A01";"2";"7";"0";"2";"3";"13";"1";""
"202200048943";"726 849";"B01";"1";"7";"0";"2";"3";"1";"1";""
"202200048944";"726 846";"B01";"1";"7";"0";"2";"1";"1";"1";""
"202200048944";"726 848";"A01";"2";"7";"0";"2";"1";"15";"1";""
"202200048945";"726 845";"B01";"3";"1";"0";"2";"1";"1";"5";""
"202200048945";"726 847";"A01";"3";"10";"0";"2";"3";"16";"1";""
"202200048946";"726 841";"B01";"2";"7";"0";"2";"6";"2";"1";""
"202200048946";"726 843";"A01";"2";"7";"4";"2";"2";"2";"1";""
"202200048947";"726 838";"A01";"1";"7";"13";"0";"2";"1";"1";""
"202200048948";"726 836";"A01";"3";"7";"0";"2";"6";"26";"1";""
"202200048948";"726 840";"B01";"3";"7";"0";"2";"1";"1";"1";""
"202200048949";"726 837";"A01";"1";"43";"1";"0";"5";"17";"0";""
"202200048949";"726 842";"B01";"1";"7";"0";"2";"3";"14";"0";""
"202200048950";"726 835";"A01";"1";"7";"0";"2";"0";"16";"1";""
"202200048950";"726 839";"B01";"1";"1";"0";"2";"0";"1";"5";""
"202200048951";"726 833";"A01";"1";"7";"6";"0";"6";"4";"1";""
"202200048952";"726 831";"A01";"3";"7";"0";"1";"2";"1";"1";""
"202200048953";"726 832";"A01";"2";"17";"0";"2";"1";"14";"1";""
"202200048953";"726 834";"B01";"2";"7";"0";"2";"0";"1";"0";""
"202200048954";"726 826";"B01";"2";"33";"0";"2";"8";"1";"1";""
"202200048954";"726 830";"A01";"1";"7";"0";"2";"1";"1";"1";""
"202200048955";"726 827";"B01";"3";"7";"0";"2";"2";"20";"1";""
"202200048955";"726 829";"A01";"3";"7";"9";"2";"2";"0";"1";""
"202200048956";"726 824";"A01";"1";"7";"0";"2";"1";"2";"1";""
"202200048956";"726 828";"B01";"1";"7";"0";"2";"4";"2";"1";""
"202200048957";"726 819";"C01";"2";"7";"0";"0";"0";"23";"1";""
"202200048957";"726 822";"B01";"2";"7";"16";"2";"4";"2";"1";""
"202200048957";"726 825";"A01";"2";"7";"0";"2";"4";"1";"1";""
"202200048958";"726 818";"A01";"2";"16";"0";"1";"7";"20";"1";""
"202200048959";"726 817";"A01";"1";"10";"0";"1";"1";"26";"1";""
"202200048960";"726 816";"A01";"2";"32";"0";"2";"8";"18";"1";""
"202200048960";"726 820";"B01";"2";"7";"0";"2";"2";"16";"1";""
"202200048961";"726 814";"A01";"1";"7";"15";" -1";"3";"21";"1";""
"202200048962";"726 813";"D01";"2";"7";"0";"2";"6";"1";"1";""
"202200048962";"726 815";"C01";"2";"7";"0";"2";"5";"1";"3";""
"202200048962";"726 821";"B01";"2";"33";"0";"2";"7";"3";"1";""
"202200048962";"726 823";"A01";"2";"7";"0";"2";"8";"11";"1";""
"202200048963";"726 810";"B01";"1";"33";"0";"2";"1";"17";"1";""
"202200048963";"726 812";"A01";"1";"7";"0";"2";"8";"10";"1";""
"202200048964";"726 806";"A01";"2";"50";"0";"2";"1";"1";"3";""
"202200048964";"726 811";"B01";"1";"7";"0";"2";"1";"1";"1";""
"202200048965";"726 804";"B01";"2";"7";"0";"2";"3";"15";"1";""
"202200048965";"726 809";"A01";"2";"33";"0";"2";"8";"16";"1";""
"202200048966";"726 805";"A01";"2";"7";"0";"2";"3";"11";"2";""
"202200048966";"726 808";"B01";"2";"32";"0";"2";"1";"1";"1";""
"202200048967";"726 803";"B01";"2";"15";"0";"2";"6";"2";"6";""
"202200048967";"726 807";"A01";"2";"7";"0";"2";"2";"2";"1";""
"202200048968";"726 802";"A01";"1";"50";"0";"1";"7";"0";"3";""
"202200048969";"726 800";"A01";"2";"32";"0";"2";"1";"3";"1";""
"202200048969";"726 801";"B01";"2";"10";"0";"2";"6";"11";"1";""
"202200048970";"726 799";"A01";"3";"7";"0";"1";"3";"15";"1";""
"202200048971";"726 794";"B01";"1";"1";"0";"0";"0";"1";"5";""
"202200048971";"726 795";"A01";"1";"7";"0";"0";"0";"24";"1";""
"202200048972";"726 793";"A01";"2";"7";"4";"0";"1";"1";"1";""
"202200048973";"726 792";"A01";"3";"7";"0";"2";"1";"1";"1";""
"202200048973";"726 798";"B01";"3";"33";"0";"2";"1";"1";"1";""
"202200048974";"726 791";"A01";"2";"34";"0";"0";"7";"3";"1";""
"202200048975";"726 790";"A01";"3";"10";"0";"1";"3";"21";"1";""
"202200048976";"726 788";"A01";"2";"7";"4";"2";"2";"1";"1";""
"202200048976";"726 789";"B01";"2";"32";"4";"2";"1";"11";"1";""
"202200048977";"726 787";"A01";"1";"7";"13";"0";"2";"14";"1";""
"202200048978";"726 785";"A01";"1";"7";"9";"0";"1";"14";"1";""
"202200048979";"726 784";"B01";"2";"17";"0";"2";"1";"14";"1";""
"202200048979";"726 786";"A01";"2";"7";"0";"2";"4";"13";"1";""
"202200048980";"726 782";"A01";"2";"30";"0";"1";"1";"1";"0";""
"202200048981";"726 777";"A01";"1";"1";"12";"0";"8";"1";"5";""
"202200048982";"726 778";"B01";"3";"1";"0";"2";"0";"0";"0";""
"202200048982";"726 779";"A01";"3";"7";"16";"2";"1";"9";"0";""
"202200048983";"726 775";"B01";"1";"14";"0";"2";"3";"1";"1";""
"202200048983";"726 776";"A01";"2";"7";"0";"2";"1";"13";"1";""
"202200048984";"726 773";"A01";"2";"33";"17";"0";"1";"13";"1";""
"202200048985";"726 774";"A01";"1";"50";"0";"1";"3";"1";"3";""
"202200048986";"726 772";"A01";"1";"10";"1";"0";"1";"1";"1";""
"202200048987";"726 771";"A01";"3";"7";"0";"1";"7";"1";"1";""
"202200048988";"726 766";"B01";"0";"7";"0";"2";"6";"1";"2";""
"202200048988";"726 767";"A01";"0";"7";"0";"2";"3";"13";"1";""
"202200048989";"726 765";"A01";"2";"7";"0";"2";"2";"9";"1";""
"202200048989";"726 768";"B01";"1";"32";"0";"2";"0";"0";"1";""
"202200048990";"726 763";"B01";"0";"1";"0";"9";"3";"1";"5";""
"202200048990";"726 764";"A01";"0";"7";"0";"9";"2";"15";"1";""
"202200048991";"726 761";"A01";"2";"7";"2";"0";"3";"0";"1";""
"202200048992";"726 760";"A01";"3";"2";"0";"0";"7";"1";"1";""
"202200048993";"726 759";"B01";"2";"7";"0";"2";"0";"15";"1";""
"202200048993";"726 762";"A01";"1";"30";"0";"2";"0";"1";"1";""
"202200048994";"726 757";"B01";"3";"7";"0";"2";"7";"26";"1";""
"202200048994";"726 758";"A01";"3";"2";"0";"2";"1";"9";"1";""
"202200048995";"726 755";"A01";"3";"7";"14";"1";"1";"0";"1";""
"202200048996";"726 754";"A01";"1";"14";"0";"0";"5";"1";"1";""
"202200048996";"726 756";"B01";"2";"2";"0";"2";"1";"1";"1";""
"202200048997";"726 751";"B01";"2";"7";"0";"2";"1";"0";"1";""
"202200048997";"726 752";"A01";"1";"7";"0";"2";"1";"1";"1";""
"202200048998";"726 750";"A01";"1";"7";"0";"2";"3";"15";"1";""
"202200048998";"726 753";"B01";"1";"31";"0";"2";"1";"17";"1";""
"202200048999";"726 748";"A01";"1";"7";"0";"2";"1";"1";"1";""
"202200048999";"726 749";"B01";"2";"7";"0";"2";"3";"1";"1";""
"202200049000";"726 746";"A01";"1";"7";"0";"2";"3";"13";"1";""
"202200049000";"726 747";"B01";"2";"7";"0";"2";"3";"1";"1";""
"202200049001";"726 745";"A01";"1";"7";"0";"0";"1";"0";"1";""
"202200049002";"726 742";"B01";"2";"1";"0";"2";"6";"19";"5";""
"202200049002";"726 744";"A01";"2";"33";"0";"2";"1";"1";"1";""
"202200049003";"726 741";"A01";"1";"2";"0";"2";"1";"1";"1";""
"202200049003";"726 743";"B01";"1";"7";"0";"2";"8";"19";"1";""
"202200049004";"726 739";"B01";"2";"1";"0";"2";"1";"1";"5";""
"202200049004";"726 740";"A01";"2";"7";"0";"2";"1";"15";"1";""
"202200049005";"726 738";"A01";"1";"7";"6";"0";"1";"1";"1";""
"202200049006";"726 737";"A01";"3";"21";"17";"0";"0";"1";"1";""
"202200049007";"726 734";"A01";"2";"7";"0";"1";"2";"1";"1";""
"202200049008";"726 735";"B01";"0";"7";"0";"2";"1";"1";"1";""
"202200049008";"726 736";"A01";"0";"7";"0";"2";"3";"1";"1";""
"202200049009";"726 733";"A01";"1";"7";"0";"1";"0";"2";"1";""
"202200049010";"726 732";"A01";"1";"7";"0";"1";"1";"1";"1";""
"202200049011";"726 730";"B01";"3";"10";"0";"2";"5";"26";"1";""
"202200049011";"726 731";"A01";"3";"33";"1";"2";"3";"15";"1";""
"202200049012";"726 727";"A01";"2";"2";"0";"2";"1";"17";"1";""
"202200049012";"726 729";"B01";"2";"7";"0";"2";"3";"15";"1";""
"202200049013";"726 725";"A01";"2";"7";"8";"0";"2";"1";"1";""
"202200049014";"726 723";"A01";"0";"7";"1";"0";"3";"20";"1";""
"202200049014";"726 724";"B01";"0";"50";"1";"2";"1";"1";"3";""
"202200049015";"726 721";"A01";"2";"7";"0";"2";"5";"17";"1";""
"202200049015";"726 722";"B01";"1";"7";"0";"2";"3";"1";"1";""
"202200049016";"726 719";"B01";"1";"50";"12";"0";"8";"19";"3";""
"202200049016";"726 720";"A01";"1";"7";"11";"9";"1";"26";"1";""
"202200049017";"726 718";"A01";"2";"7";"0";"1";"1";"1";"1";""
"202200049018";"726 716";"A01";"1";"1";"0";"0";"0";"1";"5";""
"202200049019";"726 715";"A01";"2";"80";"0";"2";"1";"0";"3";""
"202200049019";"726 717";"B01";"2";"43";"0";"2";"1";"0";"1";""
"202200049020";"726 713";"A01";"0";"7";"1";"0";"1";"13";"1";""
"202200049021";"726 712";"A01";"3";"10";"13";"0";"2";"1";"1";""
"202200049022";"726 709";"B01";"2";"10";"0";"2";"6";"24";"1";""
"202200049022";"726 710";"A01";"1";"7";"1";"0";"2";"14";"1";""
"202200049023";"726 708";"A01";"3";"7";"0";"2";"7";"9";"1";""
"202200049023";"726 711";"B01";"3";"33";"0";"2";"8";"1";"0";""
"202200049024";"726 707";"A01";"2";"10";"0";"0";"1";"1";"1";""
"202200049025";"726 705";"A01";"2";"7";"6";"0";"1";"1";"1";""
"202200049026";"726 706";"A01";"3";"7";"0";"1";"4";"26";"1";""
"202200049027";"726 703";"A01";"2";"7";"0";"1";"1";"0";"2";""
"202200049028";"726 704";"A01";"3";"10";"3";"0";"0";"9";"1";""
"202200049029";"726 702";"A01";"1";"7";"6";"9";"2";"1";"1";""
"202200049030";"726 700";"B01";"2";"7";"0";"2";"1";"15";"1";""
"202200049030";"726 701";"A01";"1";"33";"0";"2";"8";"1";"1";""
"202200049031";"726 698";"B01";"0";"30";"0";"2";"8";"1";"1";""
"202200049031";"726 699";"A01";"0";"15";"0";"2";"8";"1";"0";""
"202200049032";"726 695";"A01";"1";"10";"0";"2";"1";"2";"1";""
"202200049032";"726 697";"B01";"1";"7";"0";"0";"4";"2";"1";""
"202200049033";"726 694";"A01";"1";"7";"0";"2";"1";"2";"1";""
"202200049033";"726 696";"B01";"1";"37";"0";"2";"6";"2";"1";"1"
"202200049034";"726 693";"A01";"1";"7";"1";"0";"3";"1";"1";""
"202200049035";"726 692";"A01";"1";"33";"8";"0";"1";"13";"1";""
"202200049036";"726 689";"B01";"3";"10";"0";"2";"0";"0";"0";""
"202200049036";"726 690";"A01";"3";"33";"15";"2";"7";"17";"1";""
"202200049037";"726 687";"A01";"3";"7";"0";"1";"1";"1";"1";""
"202200049038";"726 684";"C01";"2";"14";"1";"0";"4";"26";"1";""
"202200049038";"726 685";"B01";"2";"7";"0";"2";"1";"0";"1";""
"202200049038";"726 686";"A01";"2";"7";"0";"6";"1";"0";"1";""
"202200049039";"726 683";"A01";"2";"7";"13";"0";"7";"14";"1";""