"Num_Acc";"id_vehicule";"num_veh";"senc";"catv";"obs";"obsm";"choc";"manv";"motor";"occutc"
"202200049040";"726 681";"B01";"3";"33";"0";"0";"3";"1";"1";""
"202200049040";"726 682";"A01";"2";"7";"0";"2";"2";"15";"1";""
"202200049041";"726 679";"A01";"1";"7";"0";"2";"2";"1";"3";""
"202200049041";"726 680";"B01";"2";"7";"0";"2";"1";"1";"1";""
"202200049042";"726 677";"B01";"1";"32";"0";"2";"1";"18";"1";""
"202200049042";"726 678";"A01";"1";"7";"0";"0";"2";"16";"1";""
"202200049043";"726 676";"A01";"1";"1";"12";"0";"2";"1";"5";""
"202200049044";"726 674";"A01";"2";"7";"0";"2";"2";"21";"1";""
"202200049044";"726 675";"B01";"1";"7";"0";"2";"3";"1";"1";""
"202200049045";"726 671";"A01";"2";"31";"0";"0";"0";"26";"1";""
"202200049046";"726 672";"A01";"3";"31";"0";"2";"0";"15";"1";""
"202200049046";"726 673";"B01";"3";"33";"0";"2";"0";"21";"1";""
"202200049047";"726 669";"B01";"2";"10";"0";"2";"3";"15";"1";""
"202200049047";"726 670";"A01";"1";"33";"0";"2";"1";"1";"1";""
"202200049048";"726 668";"A01";"1";"10";"0";"1";"4";"26";"1";""
"202200049049";"726 666";"A01";"3";"7";"0";"2";"2";"1";"3";""
"202200049049";"726 667";"B01";"3";"1";"0";"2";"7";"16";"5";""
"202200049050";"726 665";"Z01";"1";"7";"0";"1";"8";"1";"1";""
"202200049051";"726 664";"A01";"2";"33";"11";"0";"1";"17";"1";""
"202200049052";"726 662";"B01";"2";"7";"0";"2";"3";"9";"1";""
"202200049052";"726 663";"A01";"2";"50";"0";"2";"1";"25";"3";""
"202200049053";"726 660";"A01";"1";"10";"0";"2";"5";"9";"1";""
"202200049053";"726 661";"B01";"1";"1";"0";"2";"1";"1";"5";""
"202200049054";"726 657";"B01";"2";"7";"0";"2";"3";"1";"2";""
"202200049054";"726 658";"A01";"1";"7";"3";"2";"3";"13";"1";""
"202200049055";"726 656";"B01";"3";"7";"0";"2";"1";"2";"1";""
"202200049055";"726 659";"A01";"3";"7";"0";"2";"7";"11";"1";""
"202200049056";"726 655";"A01";"1";"7";"2";"0";"9";"5";"1";""
"202200049057";"726 651";"A01";"1";"33";"0";"2";"7";"17";"1";""
"202200049057";"726 653";"B01";"2";"7";"0";"2";"1";"15";"1";""
"202200049058";"726 649";"B01";"1";"7";"0";"0";"5";"15";"2";""
"202200049058";"726 650";"A01";"1";"33";"0";"2";"1";"2";"1";""
"202200049059";"726 652";"A01";"1";"7";"0";"2";"3";"15";"1";""
"202200049059";"726 654";"B01";"1";"2";"0";"2";"1";"1";"1";""
"202200049060";"726 644";"A01";"0";"7";"0";"9";"2";"15";"1";""
"202200049060";"726 646";"B01";"0";"1";"0";"0";"5";"1";"5";""
"202200049061";"726 645";"A01";"1";"7";"0";"2";"1";"1";"1";""
"202200049061";"726 647";"B01";"2";"1";"0";"2";"2";"1";"5";""
"202200049062";"726 638";"B01";"1";"7";"0";"2";"1";"2";"1";""
"202200049062";"726 639";"A01";"1";"32";"0";"2";"4";"2";"1";""
"202200049063";"726 640";"A01";"1";"7";"0";"2";"2";"15";"2";""
"202200049063";"726 641";"B01";"1";"1";"0";"2";"1";"19";"5";""
"202200049064";"726 630";"G01";"2";"7";"0";"2";"1";"2";"1";""
"202200049064";"726 632";"F01";"2";"7";"0";"2";"4";"2";"1";""
"202200049064";"726 633";"E01";"2";"7";"0";"2";"4";"2";"1";""
"202200049064";"726 634";"D01";"2";"7";"0";"2";"4";"2";"1";""
"202200049064";"726 635";"C01";"2";"7";"0";"2";"4";"2";"1";""
"202200049064";"726 636";"B01";"2";"7";"0";"2";"4";"2";"1";""
"202200049064";"726 637";"A01";"2";"7";"0";"2";"4";"1";"1";""
"202200049065";"726 629";"A01";"2";"7";"13";"0";"9";"1";"1";""
"202200049066";"726 626";"A01";"1";"33";"0";"2";"1";"2";"1";""
"202200049066";"726 627";"B01";"1";"10";"0";"2";"7";"2";"1";""
"202200049067";"726 628";"A01";"2";"7";"0";"2";"3";"15";"1";""
"202200049067";"726 631";"B01";"2";"7";"0";"2";"3";"0";"1";""
"202200049068";"726 624";"B01";"2";"7";"0";"2";"3";"0";"2";""
"202200049068";"726 625";"A01";"2";"7";"1";"0";"2";"14";"1";""
"202200049069";"726 621";"B01";"2";"7";"0";"2";"7";"12";"1";""
"202200049069";"726 623";"A01";"2";"32";"0";"2";"8";"1";"1";""
"202200049070";"726 620";"A01";"1";"7";"0";"2";"8";"2";"1";""
"202200049070";"726 622";"B01";"1";"2";"0";"2";"1";"2";"1";""
"202200049071";"726 617";"B01";"1";"7";"0";"2";"2";"12";"1";""
"202200049071";"726 618";"A01";"1";"33";"0";"2";"3";"3";"1";""
"202200049071";"726 619";"C01";"1";"10";"0";"2";"5";"0";"1";""
"202200049072";"726 616";"A01";"1";"7";"0";"1";"3";"1";"1";""
"202200049073";"726 614";"A01";"1";"7";"0";"2";"2";"2";"1";""
"202200049073";"726 615";"B01";"1";"10";"0";"0";"5";"2";"1";""
"202200049074";"726 612";"B01";"1";"10";"0";"2";"1";"2";"0";""
"202200049074";"726 613";"A01";"1";"7";"14";"0";"4";"1";"6";""
"202200049075";"726 611";"A01";"1";"50";"0";"1";"0";"1";"3";""
"202200049076";"726 609";"A01";"2";"1";"0";"1";"1";"1";"5";""
"202200049077";"726 610";"A01";"2";"7";"0";"0";"9";"1";"1";""
"202200049078";"726 608";"A01";"1";"30";"0";"0";"8";"1";"1";""
"202200049079";"726 606";"A01";"1";"7";"0";"2";"3";"1";"1";""
"202200049079";"726 607";"B01";"1";"7";"0";"2";"4";"20";"1";""
"202200049080";"726 604";"B01";"2";"80";"0";"2";"1";"1";"3";""
"202200049080";"726 605";"A01";"1";"50";"0";"2";"1";"13";"3";""
"202200049081";"726 602";"B01";"0";"80";"0";"2";"1";"1";"3";""
"202200049081";"726 603";"A01";"0";"7";"0";"2";"3";"1";"1";""
"202200049082";"726 600";"A01";"0";"7";"0";"2";"0";"0";"1";""
"202200049082";"726 601";"B01";"0";"7";"0";"0";"0";"0";"1";""
"202200049083";"726 598";"A01";"1";"7";"0";"2";"1";"15";"1";""
"202200049083";"726 599";"B01";"2";"7";"0";"2";"8";"23";"1";""
"202200049084";"726 596";"A01";"1";"7";"0";"2";"7";"1";"1";""
"202200049084";"726 597";"B01";"1";"60";"0";"2";"1";"19";"5";""
"202200049085";"726 595";"A01";"1";"7";"0";"1";"4";"4";"1";""
"202200049086";"726 593";"A01";"2";"7";"0";"2";"6";"9";"1";""
"202200049086";"726 594";"B01";"1";"31";"0";"2";"5";"1";"1";""
"202200049087";"726 590";"B01";" -1";"33";"0";"2";"1";"1";"1";""
"202200049087";"726 592";"A01";" -1";"7";"0";"2";"3";"15";"1";""
"202200049088";"726 587";"A01";"1";"7";"0";"2";"1";"19";"1";""
"202200049088";"726 589";"B01";"1";"7";"0";"2";"2";"1";"1";""
"202200049089";"726 585";"A01";"1";"7";"0";"2";"1";"2";"1";""
"202200049089";"726 586";"B01";"1";"7";"0";"2";"4";"2";"1";""
"202200049089";"726 588";"C01";"1";"7";"0";"2";"4";"2";"1";""
"202200049090";"726 583";"B01";"2";"99";"0";"2";"8";"15";"1";""
"202200049090";"726 584";"A01";"2";"30";"0";"2";"1";"1";"1";""
"202200049091";"726 579";"[01";" -1";"10";" -1";"2";" -1";"0";" -1";""
"202200049091";"726 581";"A01";"3";"34";"0";"2";"8";"15";"1";""
"202200049092";"726 576";"A01";"1";"7";"0";"2";"3";"1";"1";""
"202200049092";"726 577";"B01";"1";"7";"0";"2";"5";"15";"1";""
"202200049093";"726 575";"A01";"1";"33";"0";"2";"1";"17";"1";""
"202200049093";"726 578";"B01";"1";"14";"0";"2";"3";"15";"1";""
"202200049094";"726 573";"A01";"3";"10";"0";"2";"1";"1";"1";""
"202200049094";"726 574";"B01";"3";"32";"0";"2";"4";"1";"1";""
"202200049095";"726 571";"A01";"3";"7";"0";"2";"1";"0";"1";""
"202200049095";"726 572";"B01";"3";"1";"0";"2";"4";"0";"5";""
"202200049096";"726 569";"B01";"1";"7";"0";"2";"1";"23";"1";""
"202200049096";"726 570";"A01";"1";"7";"0";"2";"6";"1";"1";""
"202200049097";"726 566";"B01";"1";"32";"0";"2";"1";"1";"1";""
"202200049097";"726 567";"A01";"1";"7";"0";"2";"2";"1";"1";""
"202200049098";"726 565";"A01";"2";"7";"0";"2";"1";"1";"1";""
"202200049098";"726 568";"B01";"3";"10";"0";"2";"2";"1";"1";""
"202200049099";"726 563";"B01";"3";"7";"0";"2";"2";"1";"1";""
"202200049099";"726 564";"A01";"3";"7";"0";"2";"1";"1";"1";""
"202200049100";"726 560";"A01";"1";"7";"14";"0";"1";"26";"1";""
"202200049100";"726 561";"B01";"1";"7";"0";"2";"7";"26";"1";""
"202200049100";"726 562";"C01";"1";"7";"0";"2";"4";"23";"1";""
"202200049101";"726 558";"B01";"0";"7";"0";"0";"0";"0";"1";""
"202200049101";"726 559";"A01";"0";"30";"0";"0";"0";"0";"1";""
"202200049102";"726 555";"B01";"3";"80";"0";"2";"3";"13";"3";""
"202200049102";"726 556";"A01";"1";"33";"0";"2";"1";"1";"1";""
"202200049103";"726 554";"A01";"0";"31";"0";"2";"1";"1";"1";""
"202200049103";"726 557";"Z01";"0";"7";"0";"2";"3";"15";"1";""
"202200049104";"726 552";"A01";"1";"7";"0";"2";"1";"1";"0";""
"202200049104";"726 553";"B01";"2";"2";"0";"2";"3";"1";"1";""
"202200049105";"726 550";"A01";"0";"2";"0";"2";"1";"0";"1";""
"202200049105";"726 551";"B01";"0";"7";"0";"2";"6";"0";"1";""
"202200049106";"726 548";"A01";"2";"2";"0";"2";"2";"12";"1";""
"202200049106";"726 549";"B01";"2";"7";"0";"2";"8";"9";"1";""
"202200049107";"726 545";"B01";"2";"7";"0";"2";"5";"2";"1";""
"202200049107";"726 547";"A01";"2";"7";"0";"2";"3";"2";"1";""
"202200049108";"726 546";"A01";"3";"7";"2";"5";"9";"13";"1";""
"202200049109";"726 543";"A01";"1";"7";"0";"1";"1";"1";"1";""
"202200049110";"726 537";"C01";"2";"31";"0";"2";"7";"1";"1";""
"202200049110";"726 539";"A01";"2";"34";"0";"2";"1";"2";"1";""
"202200049110";"726 541";"B01";"2";"7";"0";"2";"6";"2";"1";""
"202200049111";"726 538";"C01";"2";"2";"0";"2";"4";"2";"1";""
"202200049111";"726 540";"D01";"2";"3";"0";"2";"4";"0";"1";""
"202200049111";"726 542";"A01";"2";"7";"0";"2";"1";"2";"1";""
"202200049111";"726 544";"B01";"2";"7";"0";"2";"4";"2";"1";""
"202200049112";"726 535";"A01";"3";"33";"12";"0";"3";"13";"1";""
"202200049113";"726 534";"B01";"0";"7";"0";"2";"1";"1";"1";""
"202200049113";"726 536";"A01";"1";"30";"0";"2";"7";"1";"1";""
"202200049114";"726 532";"B01";"3";"50";"0";"2";"7";"1";"3";""
"202200049114";"726 533";"A01";"1";"33";"0";"2";"1";"1";"1";""
"202200049115";"726 529";"A01";"2";"17";"0";"2";"2";"16";" -1";""
"202200049115";"726 531";"B01";"2";"1";"0";"2";"6";"1";"5";""
"202200049116";"726 528";"A01";"1";"30";"0";"2";"3";"18";"1";""
"202200049116";"726 530";"B01";"1";"7";"0";"2";"7";"16";"2";""
"202200049117";"726 527";"A01";"2";"7";"0";"1";"1";"26";"2";""
"202200049118";"726 525";"B01";"2";"33";"0";"2";"7";"16";"1";""
"202200049118";"726 526";"A01";"2";"32";"0";"2";"3";"18";"1";""
"202200049119";"726 521";"B01";"2";"33";"0";"2";"8";"3";"1";""
"202200049119";"726 523";"A01";"2";"7";"0";"2";"7";"12";"1";""
"202200049119";"726 524";"C01";"2";"10";"0";"2";"8";"1";"1";""
"202200049120";"726 520";"Z01";"1";"7";"0";"2";"1";"2";"2";""
"202200049120";"726 522";"B01";"1";"30";"0";"2";"6";"23";"1";""
"202200049121";"726 518";"A01";"1";"50";"0";"1";"1";"17";"3";""
"202200049122";"726 517";"A01";"2";"17";"0";"2";"2";"12";"1";""
"202200049122";"726 519";"B01";"2";"7";"0";"2";"8";"1";"1";""
"202200049123";"726 514";"B01";"2";"43";"0";"2";"1";"1";"1";""
"202200049123";"726 516";"A01";"1";"7";"0";"2";"7";"15";"1";""
"202200049124";"726 513";"B01";"1";"43";"0";"2";"2";"17";"1";""
"202200049124";"726 515";"A01";"1";"7";"0";"2";"3";"15";"1";""
"202200049125";"726 510";"B01";"1";"33";"0";"2";"4";"23";"1";""
"202200049125";"726 512";"A01";"1";"7";"0";"2";"1";"2";"0";""
"202200049126";"726 509";"B01";"1";"30";"0";"2";"2";"1";"1";""
"202200049126";"726 511";"A01";"1";"7";"0";"2";"2";"15";"1";""
"202200049127";"726 508";"A01";"2";"37";"0";"1";"7";"7";"6";"1"
"202200049128";"726 505";"B01";"1";"43";"0";"2";"1";"1";"1";""
"202200049128";"726 506";"A01";"1";"7";"0";"2";"7";"16";"2";""
"202200049129";"726 504";"Z01";"1";"7";"0";"2";"8";"4";"0";""
"202200049129";"726 507";"A01";"1";"1";"0";"2";"8";"15";"5";""
"202200049130";"726 501";"B01";"2";"31";"0";"2";"4";"2";"1";""
"202200049130";"726 503";"A01";"2";"7";"0";"2";"1";"2";"1";""
"202200049131";"726 500";"A01";"2";"7";"0";"2";"2";"2";"3";""
"202200049131";"726 502";"B01";"2";"7";"0";"2";"6";"23";"1";""
"202200049132";"726 498";"A01";"3";"43";"12";"0";"3";"13";"1";""
"202200049133";"726 497";"A01";"1";"7";"0";"2";"5";"22";"1";""
"202200049133";"726 499";"B01";"1";"1";"0";"2";"1";"1";"5";""
"202200049134";"726 495";"A01";"3";"33";"0";"1";"1";"18";"1";""
"202200049135";"726 494";"A01";"1";"10";"0";"2";"1";"2";"1";""
"202200049135";"726 496";"B01";"1";"7";"0";"2";"4";"2";"1";""
"202200049136";"726 492";"B01";"1";"50";"0";"2";"1";"2";"3";""
"202200049136";"726 493";"A01";"1";"10";"0";"2";"5";"2";"1";""
"202200049137";"726 490";"A01";"2";"32";"0";"2";"8";"18";"1";""
"202200049137";"726 491";"B01";"2";"7";"0";"2";"7";"16";"1";""
"202200049138";"726 489";"A01";"2";"50";"0";"0";"0";"1";"3";""
"202200049139";"726 487";"A01";"2";"10";"0";"2";"7";"16";"6";""
"202200049139";"726 488";"B01";"2";"80";"0";"2";"1";"1";"3";""
"202200049140";"726 486";"Z01";"1";"7";"0";"1";"2";"16";"0";""
"202200049141";"726 481";"A01";"2";"7";"0";"2";"8";"1";"1";""
"202200049141";"726 483";"C01";"1";"60";"0";"2";"1";"1";"5";""
"202200049142";"726 482";"C01";"1";"7";"0";"2";"3";"1";"1";""
"202200049142";"726 484";"B01";"2";"1";"0";"2";"4";"2";"5";""
"202200049142";"726 485";"A01";"2";"32";"0";"2";"1";"2";"1";""
"202200049143";"726 478";"A01";"1";"7";"0";"2";"3";"22";"3";""
"202200049143";"726 479";"B01";"1";"1";"0";"2";"1";"1";"5";""
"202200049144";"726 477";"A01";"1";"7";"0";"2";"7";"0";"1";""
"202200049144";"726 480";"B01";"2";"7";"0";"2";"3";"2";"1";""
"202200049145";"726 473";"B01";"1";"7";"0";"2";"3";"19";"1";""
"202200049145";"726 475";"A01";"2";"34";"0";"2";"1";"17";"1";""
"202200049146";"726 474";"A01";"2";"1";"0";"2";"1";"1";"5";""
"202200049146";"726 476";"B01";"2";"14";"0";"2";"7";"22";"1";""
"202200049147";"726 470";"B01";"2";"7";"0";"2";"6";"2";"1";""
"202200049147";"726 471";"A01";"2";"7";"0";"2";"2";"2";"1";""
"202200049148";"726 469";"A01";"1";"1";"0";"2";"1";"16";"5";""
"202200049148";"726 472";"B01";"2";"43";"0";"2";"1";"5";"1";""
"202200049149";"726 466";"A01";"1";"1";"12";"0";"1";"14";"5";""
"202200049150";"726 465";"B01";"1";"34";"0";"2";"8";"1";"0";""
"202200049150";"726 467";"A01";"3";"7";"0";"2";"2";"15";"0";""
"202200049150";"726 468";"C01";"1";"7";"0";"2";"2";"23";"6";""
"202200049151";"726 462";"B01";"1";"1";"0";"2";"1";"1";"5";""
"202200049151";"726 464";"A01";"1";"10";"0";"2";"8";"22";"1";""
"202200049152";"726 461";"B01";"3";"33";"0";"2";"6";"15";"1";""
"202200049152";"726 463";"A01";"3";"7";"0";"2";"2";"17";"1";""
"202200049153";"726 460";"A01";"1";"1";"0";"0";"0";"1";"5";""
"202200049154";"726 459";"A01";"1";"10";"0";"1";"7";"16";"1";""
"202200049155";"726 458";"A01";"2";"7";"0";"1";"2";"15";"1";""
"202200049156";"726 454";"A01";"3";"7";"0";"1";"2";"2";"1";""
"202200049157";"726 455";"C01";"2";"7";"0";"2";"4";"2";"1";""
"202200049157";"726 456";"B01";"2";"7";"0";"2";"4";"23";"1";""
"202200049157";"726 457";"A01";"2";"10";"0";"2";"1";"2";"1";""
"202200049158";"726 453";"A01";"0";"7";"1";"0";"4";"2";"1";""
"202200049159";"726 451";"A01";"2";"31";"0";"2";"1";"1";"1";""
"202200049159";"726 452";"B01";"3";"7";"0";"2";"8";"1";"3";""
"202200049160";"726 450";"A01";"1";"7";"1";"0";"2";"13";"1";""
"202200049161";"726 448";"A01";"3";"32";"0";"1";"1";"17";"1";""
"202200049162";"726 447";"A01";"1";"7";"0";"2";"8";"13";"1";""
"202200049162";"726 449";"B01";"2";"33";"0";"2";"8";"3";"1";""
"202200049163";"726 445";"Z01";"2";"50";"0";"2";"3";"1";"3";""
"202200049163";"726 446";"A01";"1";"32";"0";"9";"3";"1";"1";""
"202200049164";"726 443";"A01";"1";"7";"0";"2";"8";"26";"1";""
"202200049164";"726 444";"B01";"2";"7";"0";"2";"1";"1";"1";""
"202200049165";"726 441";"A01";"2";"32";"0";"2";"8";"13";"1";""
"202200049165";"726 442";"B01";"2";"7";"0";"2";"7";"1";"1";""
"202200049166";"726 440";"C01";"2";"7";"1";"2";"4";"0";"1";""
"202200049167";"726 438";"A01";"2";"7";"2";"0";"1";"0";"1";""
"202200049168";"726 437";"B01";"2";"1";"0";"2";"7";"1";"5";""
"202200049168";"726 439";"A01";"2";"33";"0";"2";"1";"9";"1";""
"202200049169";"726 436";"B01";"1";"34";"0";"1";"1";"1";"1";""
"202200049170";"726 435";"A01";"0";"7";"1";"1";"0";"2";"0";""
"202200049171";"726 432";"B01";"1";"7";"0";"9";"6";"1";"1";""
"202200049171";"726 434";"A01";"2";"80";"0";"2";"1";"5";"3";""
"202200049172";"726 431";"B01";"3";"1";"1";"2";"1";"5";"5";""
"202200049172";"726 433";"A01";"3";"7";"1";"0";"2";"16";"1";""
"202200049173";"726 429";"B01";"3";"7";"0";"2";"2";"1";"1";""
"202200049173";"726 430";"A01";"2";"1";"15";"2";"3";"21";"5";""
"202200049174";"726 426";"A01";"1";"50";"0";"2";"1";"1";"3";""
"202200049174";"726 428";"B01";"2";"7";"0";"2";"1";"15";"1";""
"202200049175";"726 425";"A01";"2";"32";"0";"2";"0";"13";"1";""
"202200049175";"726 427";"B01";"2";"7";"0";"0";"0";"26";"1";""
"202200049176";"726 421";"A01";" -1";"7";"0";"2";"1";"5";"1";""
"202200049176";"726 424";"B01";" -1";"7";"0";"2";"1";"1";"1";""
"202200049177";"726 420";"A01";"1";"7";"0";"2";"2";"1";"2";""
"202200049177";"726 422";"B01";"1";"7";"0";"2";"6";"23";"1";""
"202200049177";"726 423";"C01";"1";"7";"0";"2";"8";"23";"1";""
"202200049178";"726 416";"B01";"2";"7";"0";"2";"3";"1";"1";""
"202200049178";"726 418";"A01";"1";"7";"0";"2";"2";"15";"1";""
"202200049179";"726 417";"A01";"1";"7";"0";"2";"1";"1";"1";""
"202200049179";"726 419";"B01";"1";"7";"0";"2";"4";"1";"1";""
"202200049180";"726 414";"B01";"3";"21";"0";"2";"8";"1";"1";""
"202200049180";"726 415";"A01";"3";"31";"0";"2";"8";"13";"1";""
"202200049181";"726 412";"B01";"1";"14";"0";"2";"3";"1";"1";""
"202200049181";"726 413";"A01";"2";"7";"0";"2";"3";"13";"1";""
"202200049182";"726 409";"A01";"1";"33";"0";"2";"1";"17";"1";""
"202200049182";"726 410";"B01";"2";"7";"0";"2";"3";"1";"1";""
"202200049183";"726 408";"A01";"1";"7";"17";"0";"1";"1";"1";""
"202200049184";"726 406";"A01";"3";"7";"0";"9";"2";"9";"1";""
"202200049184";"726 407";"B01";"3";"1";"0";"2";"1";"1";"5";""
"202200049185";"726 403";"B01";"1";"33";"0";"2";"1";"1";"1";""
"202200049185";"726 404";"A01";"2";"10";"0";"2";"5";"15";"1";""
"202200049186";"726 402";"A01";"2";"7";"0";"1";"1";"1";"1";""
"202200049187";"726 401";"A01";"1";"7";"2";"0";"1";"1";"1";""
"202200049188";"726 405";"A01";"1";"10";"0";"2";"1";"15";"1";""
"202200049188";"726 411";"B01";"2";"99";"0";"2";"8";"1";"3";""
"202200049189";"726 400";"A01";"2";"33";"0";"0";"8";"1";"1";""
"202200049190";"726 398";"A01";"2";"7";"0";"2";"1";"13";"1";""
"202200049190";"726 399";"B01";"1";"7";"0";"2";"1";"1";"1";""
"202200049191";"726 397";"A01";"2";"7";"3";"0";"1";"0";"1";""
"202200049192";"726 395";"B01";"2";"7";"0";"2";"3";"13";"1";""
"202200049192";"726 396";"A01";"2";"33";"0";"2";"2";"17";"1";""
"202200049193";"726 392";"A01";"1";"1";"0";"2";"3";"15";"5";""
"202200049193";"726 393";"B01";"1";"10";"0";"9";"5";"17";"1";""
"202200049194";"726 391";"A01";"0";"7";"0";"1";"3";"1";"1";""
"202200049195";"726 389";"A01";"2";"7";"0";"2";"2";"13";"1";""
"202200049195";"726 390";"B01";"1";"7";"0";"2";"2";"1";"1";""
"202200049196";"726 394";"A01";"0";"1";"0";"0";"1";"26";"5";""
"202200049197";"726 388";"A01";"1";"7";"13";"0";"2";"1";"1";""
"202200049198";"726 386";"A01";"2";"1";"1";"0";"3";"5";"5";""
"202200049198";"726 387";"B01";"1";"7";"0";"0";"3";"24";"1";""
"202200049199";"726 385";"A01";"2";"7";"0";"1";"0";"1";"0";""
"202200049200";"726 382";"A01";"1";"33";"0";"2";"1";"17";"1";""
"202200049200";"726 384";"B01";"1";"7";"0";"2";"3";"15";"1";""
"202200049201";"726 381";"A01";"1";"2";"0";"0";"0";"0";"1";""
"202200049202";"726 380";"A01";"1";"10";"0";"1";"2";"2";"0";""
"202200049203";"726 377";"A01";"0";"7";"0";"2";"1";"1";"1";""
"202200049203";"726 378";"B01";"0";"7";"0";"2";"7";"13";"1";""
"202200049204";"726 374";"A01";"3";"7";"0";"2";"5";"15";"1";""
"202200049204";"726 375";"B01";"3";"1";"0";"2";"1";"1";"5";""
"202200049205";"726 379";"A01";"3";"33";"0";"2";"0";"1";"1";""
"202200049205";"726 383";"B01";"3";"30";"14";"0";"2";"26";"1";""
"202200049206";"726 372";"B01";"1";"10";"0";"2";"7";"1";"1";""
"202200049206";"726 373";"A01";"2";"7";"0";"2";"1";"9";"1";""
"202200049207";"726 369";"A01";"1";"7";"0";"0";"4";"1";"1";""
"202200049207";"726 370";"B01";"1";"7";"0";"2";"1";"1";"1";""
"202200049207";"726 371";"C01";"2";"15";"0";"2";"3";"1";"1";""
"202200049208";"726 367";"A01";"1";"7";"0";"2";"5";"15";"1";""
"202200049208";"726 368";"B01";"2";"2";"0";"2";"1";"1";"1";""
"202200049209";"726 365";"A01";"1";"7";"2";"0";"1";"1";"1";""
"202200049210";"726 364";"A01";"3";"50";"0";"0";"1";"1";"3";""
"202200049211";"726 362";"A01";"1";"7";"0";"2";"1";"2";"1";""
"202200049211";"726 363";"B01";"1";"7";"0";"2";"4";"1";"1";""
"202200049212";"726 358";"C01";"1";"1";"0";"0";"9";"21";"5";""
"202200049212";"726 360";"B01";"1";"1";"0";"2";"3";"2";"5";""
"202200049212";"726 361";"A01";"1";"7";"0";"2";"7";"17";"1";""
"202200049213";"726 356";"B01";"1";"7";"0";"2";"3";"1";"1";""
"202200049213";"726 357";"A01";"2";"7";"0";"2";"1";"13";"1";""
"202200049214";"726 354";"A01";"1";"33";"4";"2";"7";"17";"1";""
"202200049214";"726 355";"B01";"1";"7";"0";"2";"8";"17";"0";""
"202200049215";"726 353";"A01";"3";"36";"0";"0";"0";"0";"1";""
"202200049216";"726 359";"B01";"3";"30";"0";"2";"7";"26";"1";""
"202200049216";"726 366";"A01";"3";"7";"0";"2";"1";"19";"1";""
"202200049217";"726 352";"A01";"1";"33";"8";"0";"3";"1";"1";""
"202200049218";"726 351";"A01";"2";"7";"16";"0";"1";"19";"1";""
"202200049219";"726 348";"A01";"1";"7";"0";"2";"2";"15";"1";""
"202200049219";"726 350";"B01";"2";"7";"1";"2";"9";"21";"1";""
"202200049220";"726 347";"B01";"3";"32";"0";"2";"3";"0";"1";""
"202200049220";"726 349";"A01";"3";"30";"0";"2";"2";"0";"3";""
"202200049221";"726 343";"A01";"0";"2";"0";"0";"7";"16";"1";""
"202200049222";"726 344";"A01";"1";"7";"0";"2";"1";"9";"1";""
"202200049222";"726 345";"B01";"2";"7";"0";"2";"3";"17";"1";""
"202200049222";"726 346";"C01";"2";"7";"16";"2";"8";"1";"1";""
"202200049223";"726 341";"A01";"1";"33";"0";"0";"4";"26";"1";""
"202200049224";"726 340";"A01";"1";"2";"0";"2";"3";"13";"1";""
"202200049224";"726 342";"B01";"2";"7";"0";"2";"3";"1";"1";""
"202200049225";"726 339";"A01";"1";"30";"0";"0";"7";"1";"3";""
"202200049226";"726 337";"B01";"1";"2";"0";"2";"1";"1";"1";""
"202200049226";"726 338";"A01";"1";"7";"0";"2";"3";"15";"1";""
"202200049227";"726 335";"B01";"2";"7";"0";"0";"3";"0";"0";""
"202200049227";"726 336";"A01";"2";"32";"0";"1";"0";"21";"1";""
"202200049228";"726 334";"A01";"1";"7";"10";"0";"1";"2";"1";""
"202200049229";"726 331";"B01";"3";"7";"0";"0";"0";"2";"1";""
"202200049229";"726 332";"A01";"3";"33";"0";"2";"0";"2";"1";""
"202200049230";"726 330";"A01";"1";"50";"0";"2";"1";"1";"3";""
"202200049230";"726 333";"B01";"1";"7";"0";"2";"3";"15";"1";""
"202200049231";"726 328";"B01";"3";"14";"0";"2";"3";"15";"1";""
"202200049231";"726 329";"A01";"2";"33";"0";"2";"1";"1";"1";""
"202200049232";"726 327";"A01";"2";"7";"0";"1";"1";"1";"1";""
"202200049233";"726 325";"A01";"1";"99";"6";"0";"1";"1";"3";""
"202200049234";"726 324";"A01";"2";"7";"0";"2";"2";"9";"1";""
"202200049234";"726 326";"B01";"2";"30";"0";"2";"1";"1";"1";""
"202200049235";"726 322";"A01";"2";"7";"0";"1";"1";"2";"1";""
"202200049236";"726 321";"B01";"2";"2";"0";"2";"2";"17";"1";""
"202200049236";"726 323";"A01";"1";"7";"0";"2";"3";"9";"1";""
"202200049237";"726 318";"A01";"1";"7";"0";"0";"4";"2";"1";""
"202200049237";"726 320";"B01";"1";"7";"0";"2";"1";"2";"1";""
"202200049238";"726 317";"B01";"2";"7";"0";"2";"8";"15";"3";""
"202200049238";"726 319";"A01";"2";"2";"0";"2";"2";"17";"1";""
"202200049239";"726 314";"B01";"2";"7";"7";"2";"3";"1";"1";""
"202200049239";"726 316";"A01";"2";"7";"0";"2";"2";"19";"1";""
"202200049240";"726 315";"A01";"3";"7";"0";"0";"9";"14";"1";""
"202200049241";"726 312";"A01";"2";"32";"10";"0";"2";"1";"1";""
"202200049242";"726 311";"A01";"1";"7";"0";"2";"1";"1";"2";""
"202200049242";"726 313";"B01";"2";"7";"0";"2";"1";"5";"1";""
"202200049243";"726 310";"A01";"1";"7";"0";"0";"9";"1";"1";""