"Num_Acc";"id_vehicule";"num_veh";"senc";"catv";"obs";"obsm";"choc";"manv";"motor";"occutc"
"202200049674";"725 548";"A01";"2";"2";"12";"0";"5";"16";"1";""
"202200049674";"725 554";"B01";"2";"7";"0";"2";"2";"9";"1";""
"202200049675";"725 553";"A01";"2";"7";"11";"0";"3";"1";"1";""
"202200049676";"725 552";"A01";"2";"10";"0";"1";"2";"16";"1";""
"202200049677";"725 547";"A01";"1";"7";"0";"2";"3";"17";"1";""
"202200049677";"725 549";"B01";"2";"1";"0";"2";"1";"1";"5";""
"202200049677";"725 555";"C01";"2";"37";"0";"2";"5";"1";"2";"1"
"202200049678";"725 546";"B01";"3";"33";"0";"2";"4";"0";"1";""
"202200049678";"725 550";"A01";"3";"7";"0";"2";"1";"11";"1";""
"202200049679";"725 545";"B01";"1";"7";"0";"0";"7";"1";"1";""
"202200049679";"725 551";"A01";"1";"7";"0";"2";"1";"19";"1";""
"202200049680";"725 542";"A01";"1";"2";"12";"0";"1";"21";"1";""
"202200049681";"725 541";"A01";"0";"7";"0";"2";"7";"15";"1";""
"202200049681";"725 544";"B01";"0";"33";"0";"2";"1";"1";"1";""
"202200049682";"725 540";"A01";"2";"10";"0";"1";"3";"13";"1";""
"202200049683";"725 537";"B01";"2";"7";"0";"0";"0";"0";"1";""
"202200049683";"725 543";"A01";"2";"7";"0";"2";"1";"17";"1";""
"202200049684";"725 538";"A01";"1";"7";"13";"0";"3";"13";"1";""
"202200049685";"725 536";"A01";"3";"80";"0";"2";"1";"1";"3";""
"202200049685";"725 539";"B01";"3";"50";"0";"2";"1";"1";"3";""
"202200049686";"725 535";"A01";"2";"7";"0";"1";"1";"1";"1";""
"202200049687";"725 534";"A01";"1";"7";"9";"0";"1";"1";"1";""
"202200049688";"725 533";"A01";"2";"50";"0";"1";"1";"1";"3";""
"202200049689";"725 531";"A01";"2";"7";"0";"1";"3";"26";"1";""
"202200049690";"725 529";"B01";"0";"7";"0";"2";"3";"13";"2";""
"202200049690";"725 532";"A01";"0";"7";"0";"2";"8";"1";"1";""
"202200049691";"725 525";"A01";"2";"1";"0";"0";"1";"21";"5";""
"202200049692";"725 523";"A01";"1";"2";"0";"2";"8";"1";"1";""
"202200049692";"725 530";"Z01";"1";"10";"0";"2";"1";"15";"0";""
"202200049693";"725 526";"B01";"1";"7";"0";"2";"5";"1";"1";""
"202200049693";"725 528";"A01";"1";"7";"0";"2";"3";"11";"1";""
"202200049694";"725 520";"A01";"1";"7";"0";"1";"3";"1";"1";""
"202200049695";"725 519";"A01";"3";"50";"12";"0";"0";"13";"3";""
"202200049696";"725 516";"A01";"2";"7";"2";"0";"1";"2";"1";""
"202200049697";"725 514";"A01";"1";"7";"0";"2";"8";"24";"2";""
"202200049697";"725 517";"B01";"1";"1";"1";"0";"1";"1";"5";""
"202200049698";"725 515";"C01";"2";"7";"0";"2";"1";"2";"1";""
"202200049698";"725 518";"B01";"1";"7";"0";"2";"4";"0";"1";""
"202200049698";"725 521";"A01";"1";"7";"0";"2";"4";"2";"1";""
"202200049699";"725 513";"A01";"2";"7";"0";"1";"2";"1";"2";""
"202200049700";"725 512";"A01";"2";"7";"0";"1";"1";"16";"1";""
"202200049701";"725 510";"A01";"1";"7";"0";"1";"7";"1";"1";""
"202200049702";"725 511";"A01";"3";"30";"0";"2";"0";"1";"1";""
"202200049703";"725 505";"B01";"1";"2";"0";"2";"8";"1";"1";""
"202200049703";"725 509";"A01";"1";"7";"0";"2";"2";"10";"3";""
"202200049704";"725 502";"A01";"1";"2";"0";"0";"0";"26";"3";""
"202200049705";"725 503";"A01";"1";"10";"0";"2";"3";"1";"1";""
"202200049705";"725 506";"B01";"1";"15";"0";"2";"4";"1";"1";""
"202200049705";"725 508";"C01";"1";"15";"0";"2";"4";"1";"1";""
"202200049706";"725 501";"B01";"1";"2";"0";"2";"1";"1";"1";""
"202200049706";"725 507";"A01";"2";"7";"0";"2";"1";"15";"1";""
"202200049707";"725 500";"A01";"1";"32";"0";"1";"1";"21";"3";""
"202200049708";"725 499";"B01";"2";"7";"0";"2";"1";"1";"1";""
"202200049708";"725 504";"A01";"1";"7";"0";"2";"1";"13";"1";""
"202200049709";"725 495";"A01";"1";"50";"0";"2";"8";"15";"3";""
"202200049709";"725 497";"B01";"1";"7";"0";"2";"2";"1";"1";""
"202200049710";"725 491";"B01";"1";"15";"0";"2";"8";"1";"1";""
"202200049710";"725 496";"A01";"1";"7";"0";"2";"2";"14";"1";""
"202200049711";"725 493";"B01";"3";"33";"0";"2";"1";"1";"1";""
"202200049711";"725 498";"A01";"3";"7";"0";"2";"5";"12";"1";""
"202200049712";"725 490";"A01";"1";"10";"0";"1";"1";"15";"3";""
"202200049713";"725 489";"B01";"1";"33";"0";"2";"1";"13";"1";""
"202200049713";"725 492";"A01";"2";"7";"0";"2";"1";"1";"1";""
"202200049714";"725 487";"A01";"1";"33";"0";"0";"0";"1";"1";""
"202200049715";"725 485";"A01";"1";"7";"0";"9";"1";"15";"1";""
"202200049715";"725 486";"B01";"1";"50";"0";"2";"1";"23";"3";""
"202200049716";"725 483";"A01";"1";"1";"0";"0";"0";"7";"5";""
"202200049717";"725 482";"A01";"3";"30";"0";"2";"2";"1";"1";""
"202200049717";"725 488";"Z01";"0";"7";"0";"2";"0";"1";"0";""
"202200049718";"725 480";"A01";"2";"7";"4";"0";"1";"13";"1";""
"202200049719";"725 476";"B01";"1";"7";"0";"2";"1";"1";"1";""
"202200049719";"725 479";"A01";"2";"7";"0";"2";"1";"15";"1";""
"202200049720";"725 477";"C01";"1";"7";"0";"2";"6";"24";"1";""
"202200049720";"725 481";"B01";"1";"7";"0";"2";"3";"15";"1";""
"202200049720";"725 484";"A01";"1";"7";"1";"2";"7";"17";"1";""
"202200049721";"725 472";"B01";"2";"15";"0";"0";"6";"23";"1";""
"202200049721";"725 478";"A01";"2";"15";"1";"0";"7";"11";"1";""
"202200049722";"725 470";"B01";"2";"34";"0";"2";"8";"3";"1";""
"202200049722";"725 475";"A01";"2";"7";"0";"2";"7";"12";"1";""
"202200049723";"725 469";"A01";"3";"7";"0";"2";"6";"23";"1";""
"202200049723";"725 473";"B01";"2";"43";"0";"2";"1";"21";"1";""
"202200049724";"725 471";"A01";"1";"31";"0";"2";"1";"18";"1";""
"202200049724";"725 474";"B01";"1";"7";"0";"2";"7";"16";"2";""
"202200049725";"725 467";"A01";"0";"7";"0";"0";"8";"1";"0";""
"202200049726";"725 463";"A01";"2";"7";"0";"2";"1";"5";"1";""
"202200049726";"725 468";"B01";"1";"7";"0";"2";"1";"1";"1";""
"202200049727";"725 462";"A01";"1";"33";"0";"2";"1";"3";"1";""
"202200049727";"725 465";"B01";"1";"7";"0";"2";"4";"2";"1";""
"202200049728";"725 459";"A01";"1";"13";"0";"2";"7";"15";"6";""
"202200049728";"725 464";"B01";"2";"33";"0";"2";"1";"1";"1";""
"202200049729";"725 458";"B01";"2";"80";"0";"2";"7";"5";"3";""
"202200049729";"725 461";"A01";"1";"7";"0";"2";"2";"9";"1";""
"202200049730";"725 457";"A01";"1";"7";"14";"0";"1";"17";"1";""
"202200049731";"725 454";"A01";"2";"7";"0";"2";"2";"2";"1";""
"202200049731";"725 460";"B01";"0";"10";"0";"2";"6";"2";"1";""
"202200049732";"725 453";"A01";"2";"7";"3";"2";"3";"1";"1";""
"202200049732";"725 456";"B01";"2";"7";"14";"2";"1";"1";"1";""
"202200049733";"725 452";"B01";"2";"7";"0";"2";"2";"12";"1";""
"202200049733";"725 455";"A01";"2";"33";"0";"2";"4";"3";"1";""
"202200049734";"725 451";"A01";"1";"80";"1";"0";"1";"9";"3";""
"202200049735";"725 450";"A01";"1";"80";"0";"1";"8";"7";"3";""
"202200049736";"725 447";"A01";"1";"7";"4";"0";"3";"13";"1";""
"202200049737";"725 448";"A01";"1";"7";"14";"0";"3";"13";"1";""
"202200049738";"725 446";"A01";"3";"7";"0";"1";"7";"0";"3";""
"202200049739";"725 445";"B01";"3";"1";"0";"2";"8";"1";"0";""
"202200049739";"725 449";"A01";"3";"10";"0";"2";"7";"16";"1";""
"202200049740";"725 443";"A01";"2";"1";"12";"0";"7";"21";"5";""
"202200049741";"725 440";"A01";"2";"43";"0";"2";"1";"1";"1";""
"202200049741";"725 444";"B01";"2";"10";"1";"2";"3";"1";"1";""
"202200049742";"725 437";"B01";"2";"7";"0";"2";"3";"16";"1";""
"202200049742";"725 442";"A01";"2";"10";"0";"2";"3";"15";"1";""
"202200049743";"725 435";"A01";"2";"10";"0";"2";"1";"13";"0";""
"202200049743";"725 438";"B01";"1";"7";"0";"2";"1";"1";"1";""
"202200049744";"725 430";"A01";"2";"1";"0";"2";"1";"1";"5";""
"202200049744";"725 432";"B01";"2";"50";"0";"2";"8";"1";"3";""
"202200049745";"725 429";"B01";"2";"7";"0";"2";"3";"1";"2";""
"202200049745";"725 431";"A01";"1";"7";"0";"2";"3";"1";"0";""
"202200049746";"725 428";"A01";"3";"7";"0";"1";"3";"1";"1";""
"202200049747";"725 436";"A01";"1";"14";"0";"2";"1";"1";"1";""
"202200049747";"725 439";"B01";"1";"7";"0";"2";"4";"2";"1";""
"202200049747";"725 441";"C01";"1";"7";"0";"2";"4";"2";"1";""
"202200049748";"725 433";"A01";"2";"7";"0";"2";"3";"15";"1";""
"202200049748";"725 434";"B01";"1";"1";"0";"2";"3";"1";"5";""
"202200049749";"725 426";"A01";"3";"7";"0";"1";"1";"1";"1";""
"202200049750";"725 427";"A01";"3";"7";"0";"1";"3";"17";"2";""
"202200049751";"725 421";"A01";"1";"1";"0";"1";"2";"1";"5";""
"202200049752";"725 420";"A01";"2";"7";"0";"0";"2";"1";"1";""
"202200049753";"725 418";"B01";"3";"7";"0";"2";"1";"1";"2";""
"202200049753";"725 424";"A01";"3";"7";"0";"2";"7";"15";"1";""
"202200049754";"725 416";"A01";"1";"7";"0";"0";"4";"2";"1";""
"202200049754";"725 419";"B01";"1";"31";"1";"2";"1";"2";"1";""
"202200049754";"725 422";"C01";"1";"32";"0";"0";"0";"0";"1";""
"202200049755";"725 415";"A01";"1";"14";"0";"9";"2";"26";"1";""
"202200049755";"725 417";"B01";"3";"1";"0";"2";"4";"1";"5";""
"202200049756";"725 410";"B01";"3";"7";"0";"2";"5";"1";"2";""
"202200049756";"725 413";"A01";"3";"32";"0";"2";"4";"3";"1";""
"202200049757";"725 411";"B01";"3";"7";"0";"2";"1";"1";"1";""
"202200049757";"725 414";"A01";"3";"7";"0";"2";"1";"13";"1";""
"202200049758";"725 409";"B01";"1";"7";"0";"0";"4";"0";"1";""
"202200049758";"725 412";"A01";"1";"2";"0";"2";"1";"0";"1";""
"202200049759";"725 406";"A01";"2";"7";"0";"1";"1";"16";"2";""
"202200049760";"725 404";"A01";"2";"10";"0";"2";"3";"15";"1";""
"202200049760";"725 407";"B01";"2";"33";"0";"2";"1";"17";"1";""
"202200049761";"725 400";"C01";"1";"7";"0";"0";"0";"0";"0";""
"202200049761";"725 405";"B01";"1";"7";"4";"2";"6";"11";"1";""
"202200049761";"725 408";"A01";"1";"15";"0";"2";"2";"0";"0";""
"202200049762";"725 397";"A01";"3";"7";"0";"2";"6";"15";"1";""
"202200049762";"725 401";"B01";"3";"2";"0";"2";"1";"1";"1";""
"202200049763";"725 399";"A01";"1";"7";"0";"2";"3";"15";"1";""
"202200049763";"725 403";"B01";"2";"7";"0";"2";"3";"2";"1";""
"202200049764";"725 398";"A01";"2";"10";"0";"2";"8";"15";"1";""
"202200049764";"725 402";"B01";"2";"43";"0";"2";"7";"17";"1";""
"202200049765";"725 393";"A01";"2";"1";"0";"2";"1";"1";"5";""
"202200049765";"725 396";"B01";"3";"10";"0";"2";"7";"22";"1";""
"202200049766";"725 394";"A01";"2";"7";"12";"1";"1";"10";"1";""
"202200049767";"725 392";"B01";"2";"43";"0";"2";"3";"3";"1";""
"202200049767";"725 395";"A01";"2";"7";"0";"2";"7";"12";"1";""
"202200049768";"725 391";"A01";"1";"7";"13";"0";"1";"15";"1";""
"202200049769";"725 389";"B01";"2";"7";"0";"2";"1";"1";"1";""
"202200049769";"725 390";"A01";"1";"7";"0";"2";"7";"1";"1";""
"202200049770";"725 387";"A01";"2";"7";"0";"1";"1";"9";"1";""
"202200049771";"725 388";"A01";"1";"1";"0";"1";"1";"1";"5";""
"202200049772";"725 383";"A01";"1";"7";"0";"2";"4";"1";"1";""
"202200049772";"725 386";"B01";"1";"7";"0";"2";"4";"0";"2";""
"202200049773";"725 381";"B01";"2";"80";"0";"2";"1";"1";"3";""
"202200049773";"725 384";"A01";"1";"7";"0";"2";"8";"15";"1";""
"202200049774";"725 380";"A01";"1";"1";"0";"0";"0";"1";"5";""
"202200049775";"725 377";"A01";"3";"17";"10";"0";"2";"1";"1";""
"202200049776";"725 379";"A01";"1";"7";"0";"2";"3";"0";"1";""
"202200049776";"725 382";"B01";"2";"7";"0";"2";"3";"0";"1";""
"202200049777";"725 376";"A01";"1";"7";"0";"2";"8";"22";"3";""
"202200049777";"725 378";"B01";"1";"1";"0";"2";"7";"1";"5";""
"202200049778";"725 373";"A01";"1";"7";"16";"0";"1";"2";"1";""
"202200049779";"725 370";"A01";"1";"7";"0";"1";"7";"1";"1";""
"202200049780";"725 368";"A01";"1";"10";"0";"0";"0";"26";"1";""
"202200049781";"725 371";"B01";"1";"7";"0";"2";"2";"16";"1";""
"202200049781";"725 374";"A01";"1";"30";"0";"2";"1";"18";"3";""
"202200049782";"725 369";"A01";"2";"7";"0";"2";"4";"1";"1";""
"202200049782";"725 372";"B01";"2";"7";"0";"2";"8";"1";"1";""
"202200049782";"725 375";"C01";"2";"33";"4";"2";"1";"3";"1";""
"202200049783";"725 364";"A01";"0";"31";"0";"0";"0";"1";"0";""
"202200049784";"725 366";"A01";"1";"30";"0";"2";"1";"5";"1";""
"202200049784";"725 367";"B01";"2";"1";"0";"2";"1";"1";"5";""
"202200049785";"725 363";"A01";"0";"7";"1";"0";"1";"1";"1";""
"202200049785";"725 365";"B01";"0";"7";"0";"0";"6";"23";"1";""
"202200049786";"725 361";"A01";"2";"7";"15";"0";"1";"13";"1";""
"202200049787";"725 360";"A01";"1";"32";"0";"0";"7";"1";"1";""
"202200049788";"725 362";"A01";"1";"15";"3";"0";"9";"21";"1";""
"202200049789";"725 358";"A01";"3";"36";"13";"0";"0";"1";"1";""
"202200049790";"725 355";"A01";"1";"80";"0";"1";"1";"1";"3";""
"202200049791";"725 357";"A01";"3";"33";"9";"0";"1";"21";"1";""
"202200049792";"725 353";"A01";"1";"50";"0";"1";"1";"1";"3";""
"202200049793";"725 352";"A01";"1";"7";"13";"0";"3";"0";"1";""
"202200049794";"725 351";"C01";"2";"7";"0";"2";"1";"1";"1";""
"202200049794";"725 356";"B01";"2";"50";"0";"0";"4";"1";"3";""
"202200049794";"725 359";"A01";"2";"7";"0";"2";"1";"1";"1";""
"202200049795";"725 348";"A01";"3";"3";"8";"2";"4";"21";"0";""
"202200049796";"725 345";"A01";"2";"50";"0";"2";"1";"1";"3";""
"202200049796";"725 349";"Z01";"2";"7";"0";"2";"4";"15";"0";""
"202200049797";"725 342";"A01";"1";"10";"2";"0";"3";"14";"1";""
"202200049798";"725 344";"B01";"1";"33";"0";"2";"2";"15";"1";""
"202200049798";"725 347";"A01";"1";"7";"0";"2";"1";"9";"1";""
"202200049799";"725 343";"A01";"1";"34";"0";"2";"6";"17";"1";""
"202200049799";"725 346";"B01";"1";"7";"0";"2";"6";"15";"1";""
"202200049800";"725 341";"A01";"1";"2";"0";"2";"1";"1";"1";""
"202200049800";"725 350";"B01";"1";"7";"0";"2";"3";"9";"1";""
"202200049801";"725 340";"A01";"1";"7";"0";"1";"2";"1";"1";""
"202200049802";"725 338";"A01";"3";"7";"0";"1";"6";"4";"2";""
"202200049803";"725 336";"B01";"2";"15";"0";"2";"1";"1";"1";""
"202200049803";"725 339";"A01";"2";"7";"0";"2";"9";"12";"1";""
"202200049804";"725 333";"A01";"2";"1";"8";"0";"1";"15";"5";""
"202200049805";"725 331";"A01";"1";"50";"0";"1";"1";"25";"3";""
"202200049806";"725 328";"A01";"1";"7";"0";"2";"4";"1";"1";""
"202200049806";"725 330";"B01";"1";"10";"0";"2";"1";"1";"1";""
"202200049806";"725 334";"C01";"2";"7";"0";"2";"1";"1";"1";""
"202200049807";"725 327";"A01";"2";"7";"9";"0";"1";"6";"1";""
"202200049808";"725 325";"D01";"1";"7";"0";"2";"3";"1";"1";""
"202200049808";"725 329";"C01";"1";"7";"0";"2";"3";"1";"1";""
"202200049808";"725 332";"A01";"2";"7";"0";"2";"8";"5";"1";""
"202200049808";"725 335";"B01";"1";"7";"0";"2";"3";"1";"1";""
"202200049808";"725 337";"E01";"1";"7";"0";"2";"1";"1";"1";""
"202200049809";"725 323";"B01";"1";"7";"0";"2";"2";"1";"6";""
"202200049809";"725 326";"A01";"1";"1";"0";"2";"5";"1";"5";""
"202200049810";"725 322";"B01";"2";"10";"0";"2";"5";"23";"1";""
"202200049810";"725 324";"A01";"2";"34";"0";"2";"3";"2";"1";""
"202200049811";"725 320";"A01";"0";"7";"0";"1";"1";"1";"1";""
"202200049812";"725 316";"A01";"2";"7";"0";"2";"3";"13";"1";""
"202200049812";"725 319";"B01";"1";"7";"0";"2";"3";"1";"1";""
"202200049813";"725 313";"A01";"2";"80";"0";"1";"1";"1";"3";""
"202200049814";"725 312";"B01";"2";"30";"0";"2";"3";"1";"1";""
"202200049814";"725 315";"A01";"2";"7";"0";"2";"2";"17";"1";""
"202200049815";"725 314";"B01";"1";"7";"0";"2";"8";"15";"1";""
"202200049815";"725 318";"A01";"1";"7";"0";"2";"7";"11";"1";""
"202200049816";"725 311";"A01";"1";"33";"0";"1";"1";"1";"1";""
"202200049817";"725 310";"A01";"0";"7";"0";"1";"1";"1";"1";""
"202200049818";"725 308";"A01";"1";"80";"0";"0";"0";"1";"3";""
"202200049819";"725 307";"A01";"1";"34";"0";"0";"2";"26";"1";""
"202200049820";"725 306";"A01";"1";"7";"0";"2";"2";"2";"1";""
"202200049820";"725 309";"B01";"1";"1";"0";"2";"4";"1";"5";""
"202200049821";"725 301";"A01";"1";"7";"0";"2";"4";"2";"1";""
"202200049821";"725 305";"B01";"1";"7";"0";"2";"1";"2";"1";""
"202200049822";"725 302";"A01";"1";"10";"0";"1";"2";"16";"3";""
"202200049823";"725 300";"A01";"1";"7";"0";"2";"2";"2";"1";""
"202200049823";"725 304";"B01";"1";"1";"0";"2";"4";"1";"5";""
"202200049824";"725 299";"A01";"1";"7";"0";"2";"3";"13";"1";""
"202200049824";"725 303";"B01";"2";"7";"0";"2";"8";"1";"1";""
"202200049825";"725 296";"A01";"1";"7";"0";"2";"4";"23";"1";""
"202200049825";"725 298";"B01";"1";"7";"0";"2";"1";"1";"1";""
"202200049826";"725 297";"A01";"0";"7";"0";"1";"1";"15";"1";""
"202200049827";"725 292";"A01";"1";"7";"3";"2";"3";"13";"1";""
"202200049827";"725 294";"B01";"2";"7";"3";"2";"3";"21";"1";""
"202200049828";"725 295";"A01";"2";"10";"13";"0";"9";"0";"1";""
"202200049829";"725 291";"A01";"3";"33";"12";"0";"3";"20";"1";""
"202200049830";"725 288";"A01";"1";"1";"0";"0";"0";"1";"5";""
"202200049831";"725 289";"A01";"1";"31";"0";"1";"2";"17";"1";""
"202200049832";"725 284";"B01";"2";"2";"0";"0";"7";"1";"1";""
"202200049832";"725 286";"A01";"2";"2";"0";"2";"8";"18";"1";""
"202200049833";"725 285";"A01";"3";"7";"2";"0";"1";"1";"1";""
"202200049834";"725 283";"A01";"3";"7";"0";"2";"8";"1";"1";""
"202200049834";"725 287";"B01";"3";"7";"0";"2";"0";"0";"1";""
"202200049835";"725 281";"B01";"1";"7";"7";"0";"4";"0";"1";""
"202200049835";"725 290";"A01";"1";"7";"0";"2";"1";"2";"1";""
"202200049836";"725 280";"A01";"2";"10";"0";"1";"1";"26";"1";""
"202200049837";"725 276";"A01";"1";"7";"0";"1";"1";"1";"1";""
"202200049838";"725 277";"A01";"2";"7";"13";"0";"0";"1";"1";""
"202200049839";"725 279";"B01";"2";"30";"0";"2";"6";"26";"1";""
"202200049839";"725 282";"Z01";"1";"7";"0";"2";"0";"2";"0";""
"202200049840";"725 275";"B01";"1";"7";"0";"2";"1";"13";"1";""
"202200049840";"725 278";"A01";"2";"7";"0";"2";"1";"1";"1";""
"202200049841";"725 274";"Z01";"1";"7";"0";"1";"1";"0";"0";""
"202200049842";"725 273";"A01";"3";"7";"0";"2";"1";"2";"1";""
"202200049843";"725 272";"A01";"1";"32";"0";"1";"8";"1";"1";""
"202200049844";"725 269";"B01";"2";"10";"0";"2";"2";"1";"1";""
"202200049844";"725 270";"A01";"1";"2";"0";"2";"1";"5";"1";""
"202200049845";"725 268";"B01";"1";"32";"0";"2";"1";"1";"1";""
"202200049845";"725 271";"A01";"1";"7";"0";"2";"8";"26";"1";""
"202200049846";"725 265";"A01";"3";"33";"0";"1";"1";"1";"1";""
"202200049847";"725 261";"B01";"2";"2";"0";"2";"2";"17";"1";""
"202200049847";"725 267";"A01";"2";"7";"0";"2";"3";"15";"1";""
"202200049848";"725 260";"A01";"1";"7";"1";"0";"1";"2";"1";""
"202200049848";"725 263";"B01";"2";"10";"0";"0";"0";"0";"0";""
"202200049849";"725 262";"Z01";"3";"7";"0";"2";"8";"15";"1";""
"202200049849";"725 266";"A01";"3";"7";"0";"2";"3";"15";"1";""
"202200049850";"725 259";"B01";"2";"7";"0";"2";"4";"2";"1";""
"202200049850";"725 264";"A01";"2";"7";"0";"2";"1";"2";"1";""
"202200049851";"725 253";"B01";"1";"7";"0";"2";"3";"1";"1";""
"202200049851";"725 257";"A01";"1";"7";"0";"2";"5";"12";"1";""
"202200049852";"725 255";"B01";"2";"7";"0";"2";"1";"1";"1";""
"202200049852";"725 258";"A01";"1";"7";"0";"2";"1";"13";"1";""
"202200049853";"725 256";"A01";"3";"2";"4";"0";"2";"2";"1";""
"202200049854";"725 254";"A01";"2";"50";"0";"0";"0";"1";"3";""
"202200049855";"725 249";"B01";"1";"37";"0";"2";"3";"1";"1";"1"
"202200049855";"725 251";"A01";"2";"7";"0";"2";"3";"13";"1";""
"202200049856";"725 248";"B01";"1";"37";"0";"2";"3";"0";"1";"1"
"202200049856";"725 252";"A01";"1";"7";"0";"2";"3";"16";"1";""
"202200049857";"725 245";"A01";"3";"15";"13";"0";"2";"14";"1";""
"202200049858";"725 250";"A01";"3";"7";"0";"1";"1";"1";"1";""
"202200049859";"725 244";"B01";"1";"7";"0";"2";"1";"1";"1";""
"202200049859";"725 247";"A01";"2";"3";"0";"2";"3";"19";"0";""
"202200049860";"725 242";"B01";"1";"7";"0";"0";"4";"2";"1";""
"202200049860";"725 246";"A01";"1";"7";"0";"2";"0";"0";"1";""
"202200049861";"725 239";"C01";"2";"10";"0";"2";"4";"1";"1";""
"202200049861";"725 241";"B01";"2";"7";"0";"2";"3";"1";"1";""
"202200049861";"725 243";"A01";"2";"10";"0";"2";"1";"1";"1";""
"202200049862";"725 235";"A01";"1";"7";"4";"0";"9";"1";"1";""
"202200049863";"725 236";"A01";"2";"15";"1";"1";"4";"4";"1";""
"202200049864";"725 233";"A01";"3";"33";"0";"2";"0";"15";"1";""
"202200049864";"725 238";"B01";"3";"7";"0";"2";"0";"0";"1";""
"202200049865";"725 231";"B01";"1";"10";"0";"2";"6";"1";"1";""
"202200049865";"725 234";"A01";"1";"33";"0";"2";"1";"1";"1";""
"202200049866";"725 232";"A01";"3";"7";"0";"2";"1";"21";"1";""
"202200049866";"725 240";"B01";"3";"7";"0";"2";"4";"1";"1";""
"202200049867";"725 230";"B01";"2";"7";"0";"2";"1";"1";"1";""
"202200049867";"725 237";"A01";"1";"7";"8";"2";"7";"13";"1";""
"202200049868";"725 229";"A01";"3";"7";"1";"0";"2";"26";"1";""
"202200049869";"725 227";"A01";"1";"7";"13";"0";"0";"0";"1";""
"202200049870";"725 220";"C01";"3";"7";"0";"2";"6";"1";"3";""
"202200049870";"725 223";"B01";"3";"7";"0";"2";"4";"11";"1";""
"202200049870";"725 228";"A01";"3";"7";"0";"2";"1";"1";"1";""
"202200049871";"725 218";"B01";"2";"50";"0";"2";"7";"1";"3";""
"202200049871";"725 225";"A01";"2";"7";"0";"9";"3";"13";"1";""
"202200049872";"725 219";"B01";"1";"2";"0";"2";"7";"9";"1";""
"202200049872";"725 226";"A01";"1";"33";"0";"2";"6";"1";"1";""
"202200049873";"725 214";"A01";"0";"7";"0";"2";"3";"1";"1";""
"202200049873";"725 221";"B01";"0";"34";"0";"2";"4";"1";"1";""
"202200049873";"725 224";"C01";"0";"7";"0";"2";"4";"1";"1";""
"202200049874";"725 215";"A01";"2";"7";"8";"2";"7";"10";"2";""
"202200049874";"725 222";"B01";"2";"34";"0";"2";"0";"0";"1";""
"202200049875";"725 213";"A01";"1";"7";"0";"2";"4";"11";"1";""
"202200049875";"725 217";"B01";"1";"33";"0";"2";"1";"3";"1";""
"202200049876";"725 210";"A01";"2";"10";"0";"2";"1";"1";"1";""
"202200049876";"725 212";"C01";"2";"33";"0";"2";"1";"1";"1";""
"202200049876";"725 216";"B01";"2";"7";"0";"2";"4";"1";"1";""
"202200049877";"725 208";"B01";"1";"15";"0";"2";"1";"4";"1";""
"202200049877";"725 211";"A01";"1";"10";"0";"2";"4";"4";"1";""
"202200049878";"725 205";"B01";"2";"7";"0";"2";"1";"1";"1";""
"202200049878";"725 209";"A01";"1";"7";"0";"2";"1";"1";"1";""
"202200049879";"725 207";"A01";"1";"7";"0";"1";"2";"15";"1";""
"202200049880";"725 200";"C01";"1";"7";"0";"0";"1";"1";"1";""
"202200049880";"725 203";"B01";"3";"7";"0";"0";"4";"2";"1";""
"202200049880";"725 206";"A01";"3";"7";"0";"0";"4";"2";"1";""
"202200049881";"725 202";"A01";" -1";"7";"0";"1";"1";"10";"1";""
"202200049882";"725 199";"B01";"2";"16";"0";"0";"0";"12";"1";""
"202200049882";"725 204";"A01";"2";"7";"0";"0";"9";"1";"1";""
"202200049883";"725 196";"Z01";"2";"30";"0";"2";"1";"1";"1";""
"202200049883";"725 201";"A01";"1";"1";"0";"2";"6";"1";"5";""
"202200049884";"725 195";"A01";"1";"7";"0";"1";"3";"15";"1";""
"202200049885";"725 193";"B01";"2";"7";"0";"2";"2";"16";"2";""
"202200049885";"725 198";"A01";"1";"30";"0";"2";"7";"5";"3";""
"202200049886";"725 194";"A01";"2";"7";"0";"2";"3";"9";"1";""
"202200049886";"725 197";"B01";"2";"7";"3";"0";"4";"9";"1";""
"202200049887";"725 189";"A01";"1";"7";"0";"0";"0";"16";"2";""
"202200049887";"725 192";"B01";"1";"50";"0";"2";"1";"2";"3";""
"202200049888";"725 184";"C01";"1";"7";"14";"2";"1";"14";"1";""
"202200049888";"725 188";"A01";"1";"7";"4";"0";"1";"11";"1";""
"202200049888";"725 191";"B01";"1";"7";"0";"2";"4";"23";"1";""
"202200049889";"725 182";"B01";"2";"7";"0";"2";"5";"1";"1";""
"202200049889";"725 186";"A01";"2";"31";"0";"2";"1";"2";"6";""
"202200049890";"725 185";"A01";"3";"31";"0";"0";"1";"1";"1";""
"202200049891";"725 179";"C01";"2";"10";"0";"2";"6";"2";"0";""
"202200049891";"725 187";"B01";"2";"7";"0";"2";"5";"2";"1";""
"202200049891";"725 190";"A01";"2";"7";"0";"2";"1";"21";"1";""
"202200049892";"725 180";"A01";"1";"10";"0";"2";"2";"11";"1";""
"202200049892";"725 183";"B01";"1";"32";"0";"2";"1";"1";"1";""
"202200049893";"725 177";"A01";"1";"7";"0";"1";"2";"1";"1";""
"202200049894";"725 175";"A01";"1";"7";"0";"0";"1";"14";"1";""