"Num_Acc";"id_vehicule";"num_veh";"senc";"catv";"obs";"obsm";"choc";"manv";"motor";"occutc"
"202200049895";"725 173";"A01";"1";"7";"1";"1";"5";"1";"1";""
"202200049896";"725 170";"Z01";"1";"7";"0";"2";"1";"15";"1";""
"202200049896";"725 176";"A01";"1";"33";"0";"2";"1";"1";"1";""
"202200049897";"725 169";"B01";"1";"7";"0";"2";"4";"1";"1";""
"202200049897";"725 174";"A01";"1";"7";"0";"2";"1";"2";"1";""
"202200049898";"725 168";"A01";"2";"43";"0";"2";"1";"1";"1";""
"202200049898";"725 171";"B01";"3";"1";"0";"2";"7";"19";"5";""
"202200049899";"725 167";"B01";"1";"7";"0";"2";"5";"12";"1";""
"202200049899";"725 172";"A01";"1";"33";"0";"2";"8";"3";"1";""
"202200049900";"725 163";"A01";"3";"33";"0";"2";"1";"1";"1";""
"202200049900";"725 165";"B01";"3";"10";"0";"2";"8";"9";"1";""
"202200049901";"725 161";"B01";"1";"34";"0";"2";"1";"13";"1";""
"202200049901";"725 166";"A01";"1";"7";"0";"2";"3";"11";"1";""
"202200049902";"725 159";"A01";"1";"7";"0";"1";"3";"1";"1";""
"202200049903";"725 160";"A01";"1";"7";"0";"2";"3";"15";"1";""
"202200049903";"725 164";"B01";"1";"33";"0";"2";"7";"1";"1";""
"202200049904";"725 157";"A01";"2";"7";"0";"2";"3";"10";"1";""
"202200049904";"725 158";"B01";"2";"33";"0";"2";"1";"17";"1";""
"202200049905";"725 156";"A01";"1";"7";"0";"2";"7";"12";"1";""
"202200049905";"725 162";"B01";"1";"7";"0";"2";"8";"1";"1";""
"202200049906";"725 151";"A01";"1";"7";"0";"0";"4";"23";"1";""
"202200049906";"725 155";"B01";"1";"7";"1";"0";"1";"17";"1";""
"202200049907";"725 154";"A01";"1";"33";"0";"0";"8";"21";"1";""
"202200049908";"725 147";"A01";"1";"34";"1";"0";"0";"0";"1";""
"202200049909";"725 149";"A01";"2";"31";"0";"0";"0";"3";"1";""
"202200049910";"725 148";"A01";"1";"10";"0";"2";"3";"1";"1";""
"202200049910";"725 152";"B01";"1";"7";"0";"2";"1";"16";"1";""
"202200049911";"725 145";"B01";"3";"31";"0";"2";"1";"1";"1";""
"202200049911";"725 153";"A01";"3";"7";"0";"2";"3";"9";"1";""
"202200049912";"725 146";"A01";"3";"30";"0";"2";"1";"3";"1";""
"202200049912";"725 150";"B01";"3";"7";"0";"2";"7";"12";"1";""
"202200049913";"725 134";"A01";"2";"7";"0";"2";"2";"1";"1";""
"202200049913";"725 142";"B01";"2";"7";"0";"2";"4";"23";"1";""
"202200049914";"725 135";"A01";"1";"33";"0";"2";"1";"14";"1";""
"202200049914";"725 144";"B01";"2";"7";"0";"2";"1";"15";"1";""
"202200049915";"725 133";"A01";"1";"10";"0";"2";"1";"1";"1";""
"202200049915";"725 140";"B01";"1";"7";"0";"2";"4";"2";"1";""
"202200049916";"725 132";"A01";"1";"7";"0";"2";"7";"16";"1";""
"202200049916";"725 139";"B01";"1";"33";"0";"2";"1";"18";"1";""
"202200049917";"725 138";"C01";"0";"1";"0";"2";"2";"1";"5";""
"202200049917";"725 141";"A01";"3";"99";"0";"2";"3";"2";"0";""
"202200049918";"725 131";"B01";"2";"7";"0";"2";"3";"1";"1";""
"202200049918";"725 143";"A01";"1";"7";"0";"2";"3";"13";"1";""
"202200049919";"725 128";"A01";"2";"33";"0";"2";"5";"1";"1";""
"202200049919";"725 130";"B01";"2";"7";"0";"2";"2";"0";"1";""
"202200049920";"725 123";"A01";"1";"33";"10";"0";"9";"1";"1";""
"202200049921";"725 125";"A01";"3";"7";"0";"2";"1";"5";"1";""
"202200049922";"725 126";"Z01";"1";"7";"14";"0";"2";"1";"1";""
"202200049922";"725 129";"B01";"1";"7";"0";"2";"6";"23";"1";""
"202200049923";"725 122";"A01";"1";"1";"0";"1";"1";"15";"5";""
"202200049924";"725 121";"A01";"2";"10";"0";"2";"2";"9";"3";""
"202200049924";"725 127";"B01";"2";"50";"0";"2";"8";"1";"3";""
"202200049925";"725 119";"A01";"2";"7";"0";"1";"1";"1";"1";""
"202200049926";"725 120";"A01";"2";"7";"0";"2";"1";"21";"1";""
"202200049926";"725 124";"B01";"2";"7";"4";"2";"5";"13";"1";""
"202200049927";"725 114";"A01";"1";"7";"2";"0";"1";"0";"1";""
"202200049928";"725 113";"B01";"1";"1";"0";"0";"1";"1";"5";""
"202200049928";"725 116";"A01";"1";"7";"0";"0";"2";"16";"1";""
"202200049929";"725 112";"A01";"0";"7";"0";"2";"3";"15";"1";""
"202200049929";"725 118";"B01";"1";"7";"0";"2";"1";"16";"1";""
"202200049930";"725 111";"Z01";"2";"30";"0";"1";"1";"1";"0";""
"202200049931";"725 110";"A01";"2";"7";"0";"2";"8";"20";"1";""
"202200049931";"725 115";"B01";"2";"2";"0";"2";"2";"1";"1";""
"202200049932";"725 109";"B01";"1";"7";"0";"2";"3";"0";"1";""
"202200049932";"725 117";"A01";"1";"7";"0";"2";"3";"13";"1";""
"202200049933";"725 108";"A01";"0";"33";"0";"0";"0";"0";"1";""
"202200049934";"725 106";"A01";"0";"7";"0";"1";"0";"20";"1";""
"202200049935";"725 107";"A01";"1";"7";"4";"0";"7";"0";"0";""
"202200049936";"725 104";"A01";"0";"7";"0";"2";"1";"0";"1";""
"202200049936";"725 105";"B01";"3";"7";"0";"2";"3";"26";"1";""
"202200049937";"725 102";"A01";"3";"10";"0";"1";"3";"1";"1";""
"202200049938";"725 095";"B01";"3";"3";"0";"2";"2";"15";"1";""
"202200049938";"725 100";"A01";"3";"33";"0";"2";"3";"17";"1";""
"202200049939";"725 094";"A01";"1";"7";"0";"2";"3";"1";"1";""
"202200049939";"725 098";"B01";"1";"80";"0";"2";"1";"12";"3";""
"202200049940";"725 092";"A01";"3";"7";"0";"2";"1";"1";"1";""
"202200049940";"725 096";"B01";"3";"7";"0";"2";"4";"2";"1";""
"202200049940";"725 101";"C01";"3";"7";"0";"1";"4";"2";"1";""
"202200049941";"725 089";"A01";"1";"7";"0";"1";"2";"2";"1";""
"202200049942";"725 088";"A01";"1";"2";"0";"2";"1";"1";"1";""
"202200049942";"725 091";"B01";"2";"7";"0";"2";"3";"1";"1";""
"202200049943";"725 085";"A01";"1";"7";"8";"0";"9";"1";"1";""
"202200049944";"725 087";"D01";"2";"7";"0";"2";"7";"1";"1";""
"202200049944";"725 090";"C01";"2";"34";"0";"2";"7";"3";"1";""
"202200049944";"725 093";"B01";"2";"33";"0";"2";"8";"11";"1";""
"202200049944";"725 099";"A01";"2";"7";"0";"2";"4";"1";"1";""
"202200049945";"725 084";"Z01";"1";"7";"0";"1";"0";"0";"0";""
"202200049946";"725 081";"A01";"0";"7";"0";"2";"5";"0";"0";""
"202200049946";"725 086";"B01";"3";"2";"0";"2";"0";"0";"0";""
"202200049947";"725 077";"A01";"3";"32";"0";"1";"2";"3";"1";""
"202200049948";"725 076";"A01";"1";"33";"0";"2";"2";"18";"1";""
"202200049948";"725 082";"B01";"1";"7";"0";"2";"2";"16";"1";""
"202200049949";"725 074";"B01";"2";"10";"0";"2";"5";"1";"1";""
"202200049949";"725 079";"A01";"2";"33";"0";"2";"1";"1";"1";""
"202200049950";"725 080";"B01";"3";"7";"0";"2";"4";"1";"1";""
"202200049950";"725 083";"A01";"3";"7";"0";"2";"4";"4";"1";""
"202200049951";"725 072";"A01";"0";"7";"12";"2";"6";"11";"1";""
"202200049951";"725 075";"B01";"0";"50";"12";"2";"1";"0";"3";""
"202200049952";"725 073";"B01";"2";"15";"0";"2";"2";"12";"0";""
"202200049952";"725 078";"A01";"2";"7";"0";"2";"6";"1";"2";""
"202200049953";"725 071";"A01";"1";"7";"0";"1";"1";"1";"1";""
"202200049954";"725 069";"A01";"1";"10";"0";"1";"2";"1";"1";""
"202200049955";"725 067";"A01";"1";"7";"0";"1";"1";"18";"1";""
"202200049956";"725 065";"B01";"1";"33";"1";"2";"1";"1";"1";""
"202200049956";"725 068";"A01";"1";"7";"0";"2";"5";"2";"1";""
"202200049957";"725 064";"A01";"1";"7";"0";"1";"1";"1";"1";""
"202200049958";"725 063";"B01";"0";"7";"0";"2";"6";"12";"0";""
"202200049958";"725 070";"A01";"0";"7";"0";"2";"2";"1";"0";""
"202200049959";"725 061";"B01";"1";"7";"0";"2";"6";"2";"1";""
"202200049959";"725 066";"A01";"1";"33";"0";"2";"1";"2";"1";""
"202200049960";"725 059";"A01";"3";"7";"0";"2";"1";"20";"1";""
"202200049960";"725 062";"B01";"3";"30";"14";"2";"1";"23";"1";""
"202200049961";"725 058";"B01";"1";"32";"0";"2";"1";"1";"1";""
"202200049961";"725 060";"A01";"3";"10";"0";"2";"3";"26";"1";""
"202200049962";"725 057";"A01";"1";"33";"0";"0";"3";"1";"1";""
"202200049963";"725 054";"A01";"1";"7";"0";"1";"2";"1";"0";""
"202200049964";"725 050";"B01";"1";"7";"0";"2";"4";"9";"1";""
"202200049964";"725 055";"A01";"1";"7";"0";"2";"0";"0";"1";""
"202200049965";"725 046";"B01";"2";"7";"0";"0";"4";"23";"1";""
"202200049965";"725 052";"A01";"2";"1";"0";"2";"1";"2";"5";""
"202200049966";"725 047";"A01";"1";"7";"0";"2";"6";"2";"1";""
"202200049966";"725 053";"B01";"1";"15";"0";"2";"2";"12";"1";""
"202200049967";"725 043";"A01";"2";"7";"0";"2";"3";"15";"1";""
"202200049967";"725 048";"B01";"2";"30";"0";"2";"1";"1";"1";""
"202200049968";"725 042";"A01";"1";"7";"0";"2";"2";"1";"1";""
"202200049968";"725 049";"B01";"1";"1";"0";"2";"1";"1";"5";""
"202200049969";"725 040";"A01";"3";"33";"0";"2";"8";"18";"1";""
"202200049969";"725 044";"B01";"3";"7";"0";"2";"7";"16";"1";""
"202200049970";"725 041";"D01";"2";"17";"0";"2";"6";"2";"1";""
"202200049970";"725 045";"C01";"2";"10";"0";"2";"6";"2";"1";""
"202200049970";"725 051";"B01";"2";"7";"0";"2";"4";"2";"1";""
"202200049970";"725 056";"A01";"2";"7";"0";"2";"1";"1";"1";""
"202200049971";"725 037";"A01";"1";"7";"0";"2";"8";"10";"1";""
"202200049971";"725 039";"B01";"1";"2";"0";"2";"2";"17";"1";""
"202200049972";"725 035";"A01";"1";"7";"2";"0";"1";"1";"1";""
"202200049973";"725 031";"B01";"1";"7";"0";"2";"2";"2";"1";""
"202200049973";"725 036";"A01";"1";"7";"0";"2";"7";"19";"1";""
"202200049974";"725 030";"B01";"2";"33";"0";"2";"7";"3";"1";""
"202200049974";"725 033";"A01";"2";"7";"0";"2";"5";"2";"1";""
"202200049974";"725 038";"C01";"2";"7";"0";"2";"8";"11";"1";""
"202200049975";"725 029";"A01";"1";"7";"0";"2";"8";"22";"1";""
"202200049975";"725 032";"B01";"0";"1";"0";"2";"1";"2";"5";""
"202200049976";"725 026";"A01";"1";"50";"1";"0";"1";"0";"3";""
"202200049977";"725 027";"A01";"0";"7";"8";"0";"1";"0";"1";""
"202200049978";"725 024";"A01";"3";"7";"0";"2";"4";"1";"1";""
"202200049979";"725 025";"B01";"2";"7";"0";"2";"4";"2";"1";""
"202200049979";"725 028";"A01";"2";"13";"0";"2";"1";"2";"1";""
"202200049980";"725 020";"B01";"1";"1";"1";"0";"8";"0";"5";""
"202200049980";"725 034";"A01";"1";"7";"9";"2";"1";"26";"1";""
"202200049981";"725 017";"B01";"2";"34";"0";"2";"2";"17";"1";""
"202200049981";"725 022";"A01";"2";"7";"0";"2";"3";"15";"1";""
"202200049982";"725 015";"B01";"1";"1";"1";"0";"1";"26";"5";""
"202200049982";"725 019";"A01";"2";"10";"0";"9";"3";"22";"1";""
"202200049983";"725 013";"D01";"2";"7";"0";"2";"1";"1";"1";""
"202200049983";"725 018";"C01";"2";"7";"0";"2";"1";"1";"1";""
"202200049983";"725 021";"B01";"2";"7";"0";"2";"3";"21";"1";""
"202200049983";"725 023";"A01";"2";"7";"3";"0";"7";"1";"1";""
"202200049984";"725 011";"A01";"1";"7";"0";"2";"6";"10";"1";""
"202200049984";"725 014";"B01";"1";"33";"0";"2";"1";"1";"1";""
"202200049985";"725 010";"A01";"0";"50";"0";"1";"0";"9";"3";""
"202200049986";"725 006";"D01";"2";"7";"0";"2";"0";"0";"1";""
"202200049986";"725 009";"C01";"2";"7";"1";"0";"4";"23";"1";""
"202200049986";"725 012";"B01";"2";"7";"3";"0";"6";"2";"1";""
"202200049986";"725 016";"A01";"2";"7";"0";"2";"2";"3";"1";""
"202200049987";"725 004";"B01";"3";"1";"0";"2";"8";"19";"5";""
"202200049987";"725 007";"A01";"2";"7";"0";"9";"1";"1";"1";""
"202200049988";"725 003";"A01";"2";"7";"0";"9";"2";"20";"1";""
"202200049988";"725 008";"B01";"2";"50";"0";"2";"1";"1";"3";""
"202200049989";"725 002";"Z01";"3";"13";"0";"1";"5";"1";"0";""
"202200049990";"725 000";"B01";"1";"2";"0";"2";"7";"1";"1";""
"202200049990";"725 005";"A01";"2";"7";"0";"2";"1";"1";"1";""
"202200049991";"724 995";"A01";"2";"7";"0";"2";"2";"16";"1";""
"202200049991";"724 999";"B01";"2";"50";"0";"2";"3";"1";"3";""
"202200049992";"724 992";"A01";"2";"7";"9";"2";"1";"1";"1";""
"202200049992";"724 998";"B01";"1";"7";"9";"2";"2";"1";"1";""
"202200049993";"724 990";"D01";"2";"7";"0";"2";"4";"1";"2";""
"202200049993";"724 993";"C01";"2";"7";"0";"2";"4";"1";"1";""
"202200049993";"724 997";"B01";"2";"7";"0";"2";"4";"1";"4";""
"202200049993";"725 001";"A01";"2";"10";"0";"2";"1";"1";"1";""
"202200049994";"724 987";"A01";"2";"50";"0";"1";"1";"1";"3";""
"202200049995";"724 986";"A01";"1";"1";"0";"2";"7";"1";"5";""
"202200049995";"724 991";"B01";"2";"34";"0";"2";"1";"1";"1";""
"202200049996";"724 988";"B01";"1";"7";"0";"2";"3";"1";"1";""
"202200049996";"724 989";"A01";"2";"10";"0";"2";"1";"13";"1";""
"202200049997";"724 994";"B01";"1";"7";"0";"2";"4";"1";"1";""
"202200049997";"724 996";"A01";"1";"7";"0";"2";"1";"1";"1";""
"202200049998";"724 985";"A01";"1";"7";"13";"0";"3";"1";"1";""
"202200049999";"724 982";"A01";"3";"13";"0";"1";"2";"25";"1";""
"202200050000";"724 981";"Y01";"1";"50";"1";"0";"1";"1";"3";""
"202200050001";"724 980";"B01";"1";"15";"0";"2";"6";"23";"1";""
"202200050001";"724 984";"A01";"1";"33";"0";"2";"1";"14";"1";""
"202200050002";"724 983";"A01";"3";"7";"12";"0";"1";"16";"1";""
"202200050003";"724 978";"A01";"3";"30";"0";"1";"1";"17";"1";""
"202200050004";"724 975";"B01";"2";"33";"0";"2";"7";"1";"1";""
"202200050004";"724 977";"A01";"2";"38";"0";"2";"5";"15";"1";"1"
"202200050005";"724 974";"A01";"1";"60";"0";"0";"0";"1";"5";""
"202200050006";"724 973";"A01";"2";"7";"0";"1";"2";"15";"1";""
"202200050007";"724 976";"B01";"0";"7";"0";"0";"3";"13";"1";""
"202200050007";"724 979";"A01";"3";"33";"0";"0";"2";"17";"1";""
"202200050008";"724 971";"A01";"0";"7";"0";"1";"0";"10";"1";""
"202200050009";"724 970";"B01";"2";"7";"0";"2";"4";"2";"1";""
"202200050009";"724 972";"A01";"2";"7";"0";"2";"1";"2";"1";""
"202200050010";"724 965";"A01";"2";"36";"0";"2";"1";"2";"1";""
"202200050010";"724 969";"B01";"2";"7";"0";"2";"4";"2";"1";""
"202200050011";"724 964";"A01";"0";"1";"0";"1";"1";"25";"5";""
"202200050012";"724 962";"B01";"1";"34";"0";"2";"9";"1";"1";""
"202200050012";"724 967";"A01";"1";"10";"0";"2";"6";"11";"1";""
"202200050013";"724 966";"A01";"1";"50";"0";"1";"1";"1";"3";""
"202200050014";"724 961";"A01";"2";"33";"0";"0";"0";"2";"1";""
"202200050015";"724 963";"A01";"1";"7";"0";"2";"7";"19";"0";""
"202200050015";"724 968";"B01";"1";"7";"0";"2";"1";"1";"0";""
"202200050016";"724 959";"A01";"1";"1";"12";"2";"1";"5";"5";""
"202200050016";"724 960";"B01";"1";"37";"12";"0";"3";"2";"1";"1"
"202200050017";"724 954";"A01";"3";"7";"0";"1";"1";"20";"1";""
"202200050018";"724 953";"B01";"1";"33";"0";"2";"1";"1";"0";""
"202200050018";"724 956";"A01";"1";"7";"0";"2";"3";"9";"0";""
"202200050019";"724 952";"B01";"1";"7";"0";"2";"3";"1";"1";""
"202200050019";"724 955";"A01";"1";"15";"0";"2";"2";"12";"1";""
"202200050020";"724 951";"B01";"1";"10";"0";"2";"4";"2";"1";""
"202200050020";"724 957";"A01";"1";"30";"0";"2";"1";"2";"1";""
"202200050021";"724 950";"A01";"1";"7";"0";"1";"2";"16";"1";""
"202200050022";"724 948";"A01";"2";"7";"0";"2";"3";"1";"1";""
"202200050022";"724 958";"B01";"1";"7";"0";"2";"3";"13";"2";""
"202200050023";"724 944";"B01";"2";"15";"0";"1";"3";"0";"0";""
"202200050024";"724 946";"A01";"3";"10";"0";"2";"3";"0";"1";""
"202200050024";"724 949";"B01";"3";"32";"0";"2";"1";"1";"1";""
"202200050025";"724 943";"B01";"2";"7";"0";"2";"4";"2";"1";""
"202200050025";"724 945";"A01";"2";"7";"0";"2";"1";"1";"1";""
"202200050026";"724 941";"A01";"2";"7";"1";"0";"3";"9";"1";""
"202200050026";"724 947";"B01";"2";"30";"0";"2";"1";"1";"1";""
"202200050027";"724 939";"A01";"2";"10";"0";"2";"3";"1";"1";""
"202200050027";"724 942";"B01";"1";"37";"0";"2";"3";"1";"1";"1"
"202200050028";"724 938";"B01";" -1";"7";"0";"0";"1";"1";"1";""
"202200050028";"724 940";"A01";" -1";"7";"0";"0";"1";"13";"1";""
"202200050029";"724 933";"A01";"1";"7";"16";"0";"9";"13";"1";""
"202200050030";"724 930";"A01";"3";"7";"14";"2";"1";"2";"1";""
"202200050030";"724 936";"B01";"3";"7";"0";"2";"4";"23";"1";""
"202200050031";"724 932";"B01";"1";"10";"0";"2";"1";"8";"1";""
"202200050031";"724 937";"A01";"0";"10";"0";"2";"7";"15";"1";""
"202200050032";"724 929";"A01";"2";"1";"0";"2";"1";"5";"5";""
"202200050032";"724 934";"B01";"2";"7";"0";"2";"2";"2";"1";""
"202200050033";"724 927";"A01";"2";"7";"0";"2";"2";"12";"0";""
"202200050033";"724 931";"B01";"2";"33";"0";"2";"1";"3";"1";""
"202200050033";"724 935";"C01";"2";"7";"0";"2";"5";"2";"0";""
"202200050034";"724 925";"B01";"1";"1";"0";"2";"4";"2";"5";""
"202200050034";"724 928";"A01";"1";"7";"0";"2";"3";"21";"2";""
"202200050035";"724 924";"A01";"2";"7";"13";"0";"8";"26";"1";""
"202200050036";"724 920";"A01";"2";"10";"0";"0";"3";"26";"1";""
"202200050037";"724 922";"A01";"2";"7";"0";"1";"4";"4";"1";""
"202200050038";"724 921";"A01";"1";"7";"0";"1";"1";"9";"1";""
"202200050039";"724 919";"B01";"1";"7";"0";"2";"8";"15";"1";""
"202200050039";"724 923";"A01";"1";"17";"0";"2";"1";"17";"1";""
"202200050040";"724 916";"B01";"1";"2";"0";"2";"6";"11";"1";""
"202200050040";"724 917";"A01";"1";"7";"0";"2";"2";"0";"1";""
"202200050041";"724 914";"A01";"2";"7";"0";"1";"1";"1";"1";""
"202200050042";"724 912";"A01";"2";"30";"12";"0";"7";"1";"1";""
"202200050043";"724 911";"A01";"0";"7";"2";"0";"1";"1";"1";""
"202200050044";"724 907";"B01";"1";"7";"4";"0";"4";"2";"1";""
"202200050044";"724 910";"A01";"1";"7";"4";"2";"1";"12";"1";""
"202200050045";"724 908";"A01";"2";"34";"6";"0";"1";"21";"1";""
"202200050045";"724 913";"B01";"1";"7";"0";"0";"0";"0";"0";""
"202200050046";"724 906";"A01";"2";"7";"0";"1";"1";"26";"1";""
"202200050047";"724 904";"A01";"1";"33";"3";"0";"1";"17";"1";""
"202200050048";"724 902";"B01";"1";"7";"0";"2";"4";"23";"1";""
"202200050048";"724 905";"A01";"0";"7";"0";"2";"1";"1";"1";""
"202200050049";"724 899";"A01";"1";"7";"4";"0";"1";"1";"1";""
"202200050050";"724 901";"A01";"1";"7";"0";"0";"4";"1";"1";""
"202200050050";"724 909";"D01";"1";"7";"0";"0";"4";"1";"1";""
"202200050050";"724 915";"E01";"1";"7";"0";"2";"1";"1";"1";""
"202200050050";"724 918";"F01";"1";"7";"0";"2";"1";"1";"1";""
"202200050050";"724 926";"C01";"1";"7";"0";"2";"1";"1";"1";""
"202200050051";"724 898";"A01";"3";"32";"0";"2";"1";"1";"1";""
"202200050051";"724 903";"B01";"3";"30";"0";"2";"8";"16";"1";""
"202200050052";"724 897";"B01";"1";"10";"0";"2";"1";"1";"1";""
"202200050052";"724 900";"A01";"1";"7";"0";"2";"7";"1";"1";""
"202200050053";"724 896";"A01";"3";"7";"0";"1";"7";"1";"1";""
"202200050054";"724 894";"A01";"1";"7";"0";"1";"1";"1";"1";""
"202200050055";"724 890";"A01";"1";"7";"0";"4";"6";"15";"1";""
"202200050055";"724 895";"B01";"1";"40";"0";"2";"1";"1";"3";""
"202200050056";"724 887";"A01";"3";"33";"0";"0";"8";"0";"1";""
"202200050057";"724 888";"B01";"1";"2";"0";"2";"1";"1";"1";""
"202200050057";"724 891";"A01";"1";"10";"0";"0";"6";"15";"1";""
"202200050058";"724 886";"A01";"3";"7";"0";"1";"2";"1";"1";""
"202200050059";"724 885";"A01";"3";"7";"0";"2";"1";"1";"1";""
"202200050059";"724 889";"B01";"3";"7";"0";"2";"2";"15";"1";""
"202200050060";"724 882";"A01";"1";"7";"0";"1";"2";"1";"1";""
"202200050061";"724 881";"B01";"1";"32";"0";"2";"0";"0";"1";""
"202200050061";"724 884";"A01";"1";"7";"0";"2";"1";"15";"2";""
"202200050062";"724 878";"A01";"0";"7";"6";"0";"1";"0";"1";""
"202200050063";"724 877";"A01";"1";"7";"0";"1";"2";"1";"1";""
"202200050064";"724 873";"B01";"1";"7";"0";"2";"4";"23";"1";""
"202200050064";"724 879";"A01";"1";"7";"0";"2";"1";"2";"1";""
"202200050065";"724 876";"B01";"1";"31";"0";"2";"1";"1";"1";""
"202200050065";"724 880";"A01";"2";"7";"0";"2";"2";"15";"1";""
"202200050066";"724 871";"A01";"0";"7";"0";"1";"2";"16";"1";""
"202200050067";"724 868";"D01";"2";"7";"0";"0";"4";"2";"2";""
"202200050067";"724 875";"C01";"2";"7";"0";"2";"6";"2";"1";""
"202200050067";"724 883";"B01";"2";"7";"0";"2";"5";"1";"1";""
"202200050067";"724 893";"A01";"2";"7";"0";"2";"1";"18";"1";""
"202200050068";"724 867";"A01";"1";"7";"0";"2";"1";"2";"1";""
"202200050068";"724 870";"B01";"1";"7";"0";"2";"4";"2";"1";""
"202200050068";"724 872";"C01";"1";"7";"0";"2";"4";"2";"1";""
"202200050068";"724 874";"D01";"1";"7";"0";"2";"4";"2";"1";""
"202200050069";"724 865";"A01";"1";"2";"0";"2";"1";"1";"1";""
"202200050069";"724 869";"B01";"2";"7";"0";"2";"1";"1";"1";""
"202200050070";"724 863";"A01";"1";"7";"0";"1";"2";"1";"1";""
"202200050071";"724 864";"A01";"1";"50";"0";"0";"9";"0";"3";""
"202200050072";"724 862";"B01";"1";"7";"0";"0";"1";"2";"1";""
"202200050072";"724 866";"A01";"1";"7";"0";"0";"4";"23";"1";""
"202200050073";"724 860";"A01";"1";"34";"0";"0";"1";"0";"1";""
"202200050074";"724 858";"A01";"3";"7";"0";"1";"1";"1";"1";""
"202200050075";"724 854";"A01";"3";"7";"0";"1";"3";"1";"1";""
"202200050076";"724 851";"A01";"2";"7";"0";"2";"1";"1";"1";""
"202200050076";"724 855";"B01";"2";"7";"0";"2";"4";"1";"1";""
"202200050076";"724 859";"C01";"2";"7";"0";"2";"4";"1";"1";""
"202200050077";"724 850";"B01";"1";"31";"0";"2";"1";"0";"1";""
"202200050077";"724 853";"A01";"2";"7";"0";"2";"7";"10";"1";""
"202200050078";"724 849";"A01";"2";"33";"0";"2";"1";"17";"1";""
"202200050078";"724 852";"C01";"1";"7";"0";"2";"1";"1";"1";""
"202200050078";"724 857";"B01";"2";"7";"0";"2";"8";"19";"1";""
"202200050079";"724 847";"A01";"1";"7";"0";"5";"1";"1";"1";""
"202200050080";"724 846";"A01";"0";"31";"11";"0";"1";"17";"1";""
"202200050081";"724 844";"A01";"1";"30";"12";"0";"1";"13";"1";""
"202200050082";"724 843";"B01";"1";"1";"0";"2";"8";"1";"5";""
"202200050082";"724 845";"A01";"2";"10";"0";"2";"8";"1";"1";""
"202200050083";"724 840";"A01";"2";"7";"4";"0";"3";"1";"1";""
"202200050084";"724 838";"B01";" -1";"33";"0";"2";"1";"1";"1";""
"202200050084";"724 842";"A01";"3";"7";"0";"2";"5";"1";"1";""
"202200050085";"724 839";"A01";"2";"31";"0";"2";"1";"1";"1";""
"202200050085";"724 841";"B01";"2";"21";"0";"2";"2";"9";"1";""
"202200050086";"724 834";"A01";"1";"10";"13";"0";"0";"0";"1";""
"202200050087";"724 835";"A01";"1";"7";"0";"2";"1";"2";"1";""
"202200050087";"724 837";"B01";"1";"7";"0";"2";"4";"2";"1";""
"202200050088";"724 832";"A01";"2";"7";"0";"2";"3";"19";"1";""
"202200050088";"724 836";"B01";"1";"33";"0";"2";"1";"1";"1";""
"202200050089";"724 831";"A01";"1";"7";"6";"0";"2";"2";"1";""
"202200050090";"724 829";"C01";"2";"1";"0";"0";"4";"23";"5";""
"202200050090";"724 830";"B01";"2";"7";"0";"2";"4";"23";"1";""
"202200050090";"724 833";"A01";"2";"10";"0";"2";"1";"26";"1";""
"202200050091";"724 823";"B01";"1";"1";"0";"2";"4";"2";"5";""
"202200050091";"724 827";"A01";"1";"7";"0";"2";"2";"2";"1";""
"202200050092";"724 826";"B01";"1";"7";"0";"2";"2";"15";"1";""
"202200050092";"724 828";"A01";"2";"31";"0";"2";"1";"1";"1";""
"202200050093";"724 820";"A01";"1";"7";"0";"2";"1";"15";"1";""
"202200050093";"724 824";"B01";"2";"33";"0";"2";"3";"1";"1";""
"202200050094";"724 821";"A01";"1";"7";"0";"1";"2";"1";"1";""
"202200050095";"724 817";"A01";"1";"7";"0";"2";"3";"1";"1";""
"202200050095";"724 822";"B01";"2";"2";"0";"2";"1";"1";"1";""
"202200050096";"724 819";"A01";"1";"7";"0";"2";"0";"0";"1";""
"202200050096";"724 825";"B01";"1";"7";"0";"2";"0";"0";"1";""
"202200050097";"724 816";"A01";"2";"0";"0";"1";"1";"26";"0";""
"202200050098";"724 808";"B01";"2";"10";"1";"0";"2";"1";"1";""
"202200050098";"724 814";"A01";"1";"7";"0";"0";"3";"24";"1";""
"202200050099";"724 810";"A01";"2";"7";"0";"0";"2";"15";"1";""
"202200050099";"724 813";"B01";"1";"31";"0";"2";"1";"1";"1";""
"202200050100";"724 807";"A01";"2";"30";"0";"2";"1";"1";"1";""
"202200050100";"724 812";"B01";"2";"33";"0";"2";"8";"23";"1";""
"202200050101";"724 805";"A01";"3";"7";"8";"0";"2";"16";"1";""
"202200050102";"724 804";"A01";"0";"7";"0";"2";"2";"15";"1";""
"202200050102";"724 806";"B01";"0";"1";"0";"2";"1";"1";"5";""
"202200050103";"724 803";"B01";"1";"33";"0";"2";"1";"17";"1";""
"202200050103";"724 809";"A01";"1";"7";"0";"2";"8";"15";"1";""
"202200050104";"724 801";"A01";"1";"33";"0";"6";"1";"1";"1";""
"202200050105";"724 798";"A01";"0";"32";"0";"1";"1";"17";"1";""
"202200050106";"724 799";"A01";"2";"7";"0";"1";"1";"16";"1";""
"202200050107";"724 797";"B01";"3";"1";"0";"2";"1";"1";"5";""