"Num_Acc";"id_vehicule";"num_veh";"senc";"catv";"obs";"obsm";"choc";"manv";"motor";"occutc"
"202200050107";"724 802";"A01";"3";"7";"0";"2";"3";"19";"1";""
"202200050108";"724 794";"A01";"2";"33";"0";"0";"7";"16";"1";""
"202200050109";"724 793";"A01";"2";"7";"0";"2";"2";"13";"1";""
"202200050109";"724 796";"B01";"1";"7";"0";"2";"2";"21";"1";""
"202200050110";"724 792";"A01";"3";"7";"3";"0";"0";"1";"2";""
"202200050111";"724 788";"A01";"1";"30";"7";"0";"1";"1";"1";""
"202200050112";"724 787";"B01";"3";"30";"0";"2";"2";"0";"1";""
"202200050112";"724 791";"A01";"3";"7";"0";"2";"3";"1";"1";""
"202200050113";"724 786";"B01";"3";"33";"0";"2";"6";"1";"1";""
"202200050113";"724 789";"A01";"3";"7";"0";"2";"2";"15";"1";""
"202200050114";"724 785";"A01";"2";"7";"16";"0";"3";"1";"1";""
"202200050115";"724 783";"A01";"3";"7";"0";"1";"1";"2";"0";""
"202200050116";"724 782";"A01";"1";"30";"0";"9";"1";"1";"1";""
"202200050117";"724 780";"B01";"2";"1";"0";"2";"7";"8";"5";""
"202200050117";"724 784";"A01";"2";"37";"0";"2";"1";"1";"4";"1"
"202200050118";"724 778";"B01";"2";"7";"0";"2";"1";"1";"1";""
"202200050118";"724 781";"A01";"1";"7";"0";"2";"8";"15";"1";""
"202200050119";"724 775";"A01";"2";"7";"0";"2";"1";"2";"1";""
"202200050119";"724 779";"B01";"2";"7";"0";"2";"4";"2";"1";""
"202200050120";"724 773";"A01";"1";"15";"0";"2";"5";"2";"1";""
"202200050120";"724 776";"B01";"1";"1";"0";"2";"8";"1";"5";""
"202200050121";"724 772";"A01";"1";"7";"1";"2";"7";"20";"1";""
"202200050121";"724 777";"B01";"1";"33";"1";"2";"1";"1";"1";""
"202200050122";"724 771";"A01";"3";"60";"0";"2";"1";"19";"5";""
"202200050122";"724 774";"B01";"3";"13";"0";"2";"1";"1";"1";""
"202200050123";"724 770";"A01";"3";"14";"8";"0";"1";"20";"1";""
"202200050124";"724 769";"A01";"1";"7";"0";"0";"2";"1";"2";""
"202200050125";"724 768";"A01";"0";"10";"0";"1";"0";"16";"1";""
"202200050126";"724 764";"A01";"3";"7";"13";"0";"1";"0";"1";""
"202200050127";"724 763";"A01";"2";"7";"0";"2";"0";"0";"0";""
"202200050127";"724 767";"B01";"2";"1";"13";"0";"4";"1";"5";""
"202200050128";"724 761";"B01";"1";"7";"0";"2";"1";"1";"1";""
"202200050128";"724 766";"A01";"2";"7";"0";"2";"3";"1";"1";""
"202200050129";"724 759";"A01";"0";"7";"0";"2";"3";"15";"1";""
"202200050129";"724 765";"B01";"0";"7";"0";"2";"2";"17";"0";""
"202200050130";"724 762";"A01";"3";"7";"0";"1";"2";"15";"2";""
"202200050131";"724 758";"A01";"3";"2";"1";"0";"1";"26";"1";""
"202200050132";"724 757";"B01";"1";"7";"0";"2";"3";"1";"1";""
"202200050132";"724 760";"A01";"2";"7";"0";"2";"3";"13";"1";""
"202200050133";"724 756";"A01";"3";"7";"0";"0";"1";"1";"1";""
"202200050134";"724 755";"A01";"1";"7";"0";"1";"8";"19";"1";""
"202200050135";"724 751";"A01";"1";"31";"0";"1";"1";"1";"1";""
"202200050135";"724 753";"B01";"3";"50";"0";"2";"4";"19";"3";""
"202200050136";"724 752";"A01";"2";"7";"0";"2";"2";"15";"1";""
"202200050136";"724 754";"B01";"1";"33";"0";"2";"1";"1";"1";""
"202200050137";"724 749";"A01";"1";"38";"0";"1";"4";"4";"0";"1"
"202200050138";"724 746";"A01";"0";"33";"6";"0";"1";"0";"1";""
"202200050139";"724 747";"B01";"1";"7";"0";"2";"1";"1";"1";""
"202200050139";"724 750";"A01";"1";"2";"0";"0";"4";"1";"1";""
"202200050140";"724 745";"A01";"1";"33";"12";"0";"3";"16";"1";""
"202200050141";"724 740";"A01";"0";"7";"6";"0";"3";"1";"1";""
"202200050142";"724 738";"A01";"1";"33";"5";"0";"8";"26";"1";""
"202200050143";"724 739";"A01";"1";"7";"0";"2";"8";"10";"1";""
"202200050143";"724 741";"B01";"1";"34";"0";"2";"1";"17";"1";""
"202200050144";"724 736";"B01";"3";"7";"0";"2";"1";"1";"1";""
"202200050144";"724 742";"A01";"3";"7";"2";"2";"1";"13";"1";""
"202200050145";"724 737";"A01";"0";"7";"6";"2";"7";"1";"1";""
"202200050145";"724 743";"B01";"0";"7";"0";"2";"8";"23";"1";""
"202200050145";"724 748";"C01";"0";"7";"0";"2";"7";"23";"1";""
"202200050146";"724 735";"A01";"2";"7";"0";"1";"3";"15";"1";""
"202200050147";"724 734";"B01";"1";"32";"0";"2";"6";"2";"1";""
"202200050147";"724 744";"A01";"1";"10";"0";"2";"1";"2";"1";""
"202200050148";"724 733";"A01";"2";"7";"6";"0";"7";"1";"1";""
"202200050149";"724 730";"A01";"1";"7";"0";"2";"3";"0";"1";""
"202200050149";"724 732";"B01";"2";"2";"0";"2";"1";"0";"1";""
"202200050150";"724 728";"A01";"1";"7";"0";"1";"1";"1";"1";""
"202200050151";"724 727";"A01";"0";"7";"0";"1";"1";"1";"1";""
"202200050152";"724 724";"B01";"2";"3";"0";"2";"2";"15";"1";""
"202200050152";"724 726";"A01";"2";"34";"1";"2";"1";"21";"1";""
"202200050153";"724 719";"A01";"1";"7";"0";"2";"3";"15";"1";""
"202200050153";"724 725";"B01";"1";"2";"0";"2";"1";"21";"1";""
"202200050154";"724 720";"B01";"3";"2";"0";"2";"2";"13";"1";""
"202200050154";"724 721";"A01";"3";"7";"0";"2";"3";"15";"1";""
"202200050155";"724 718";"A01";"3";"1";"0";"0";"8";"1";"5";""
"202200050156";"724 717";"D01";"2";"7";"0";"2";"4";"2";"1";""
"202200050156";"724 723";"C01";"2";"7";"0";"2";"4";"2";"2";""
"202200050156";"724 729";"B01";"2";"7";"0";"2";"4";"2";"2";""
"202200050156";"724 731";"A01";"2";"13";"0";"2";"1";"14";"6";""
"202200050157";"724 714";"A01";"3";"7";"0";"1";"3";"1";"1";""
"202200050158";"724 715";"B01";"2";"7";"0";"2";"3";"15";"1";""
"202200050158";"724 722";"A01";"1";"7";"0";"2";"8";"1";"1";""
"202200050159";"724 713";"A01";"2";"10";"0";"2";"3";"9";"1";""
"202200050159";"724 716";"B01";"2";"33";"0";"2";"7";"1";"1";""
"202200050160";"724 709";"B01";"3";"33";"0";"2";"1";"1";"1";""
"202200050160";"724 712";"A01";"3";"7";"0";"2";"3";"15";"1";""
"202200050161";"724 707";"A01";"0";"7";"0";"1";"1";"1";"1";""
"202200050162";"724 699";"A01";"2";"7";"0";"2";"1";"13";"1";""
"202200050162";"724 703";"B01";"1";"7";"0";"2";"8";"1";"1";""
"202200050162";"724 711";"C01";"1";"7";"0";"2";"1";"2";"0";""
"202200050163";"724 700";"A01";"1";"43";"0";"2";"3";"11";"1";""
"202200050163";"724 706";"B01";"1";"33";"0";"2";"7";"3";"1";""
"202200050163";"724 710";"C01";"1";"7";"0";"2";"7";"1";"1";""
"202200050164";"724 701";"B01";"0";"7";"0";"2";"1";"1";"1";""
"202200050164";"724 708";"A01";"0";"31";"0";"2";"7";"1";"0";""
"202200050165";"724 704";"A01";"1";"7";"6";"0";"1";"1";"1";""
"202200050166";"724 695";"A01";"1";"7";"16";"0";"9";"14";"1";""
"202200050167";"724 696";"Z01";"3";"10";"0";"1";"8";"15";"6";""
"202200050168";"724 694";"A01";"3";"10";"0";"2";"1";"2";"1";""
"202200050168";"724 697";"C01";"3";"7";"0";"2";"4";"2";"1";""
"202200050168";"724 698";"B01";"3";"7";"0";"2";"4";"2";"1";""
"202200050169";"724 690";"B01";"1";"1";"0";"2";"1";"2";"5";""
"202200050169";"724 692";"A01";"1";"7";"0";"9";"7";"2";"1";""
"202200050170";"724 687";"A01";"1";"7";"6";"0";"1";"14";"1";""
"202200050171";"724 686";"B01";"3";"7";"0";"2";"2";"1";"1";""
"202200050171";"724 691";"A01";"3";"30";"0";"2";"1";"1";"1";""
"202200050172";"724 685";"B01";"2";"30";"0";"2";"1";"1";"1";""
"202200050172";"724 693";"A01";"2";"7";"0";"2";"1";"15";"1";""
"202200050173";"724 682";"B01";"1";"7";"0";"2";"1";"2";"1";""
"202200050173";"724 688";"A01";"1";"7";"0";"2";"4";"2";"1";""
"202200050174";"724 683";"A01";"3";"7";"0";"2";"5";"16";"1";""
"202200050174";"724 689";"B01";"3";"43";"0";"2";"8";"1";"1";""
"202200050175";"724 677";"B01";"1";"7";"0";"2";"1";"1";"1";""
"202200050175";"724 681";"A01";"2";"7";"0";"2";"1";"13";"1";""
"202200050176";"724 678";"B01";"1";"7";"0";"2";"3";"1";"1";""
"202200050176";"724 684";"A01";"2";"2";"0";"2";"1";"16";"1";""
"202200050177";"724 676";"A01";"2";"3";"0";"2";"1";"15";"1";""
"202200050177";"724 680";"B01";"1";"33";"0";"2";"1";"1";"1";""
"202200050178";"724 675";"A01";"3";"80";"0";"0";"0";"1";"3";""
"202200050179";"724 670";"A01";"3";"36";"14";"0";"1";"1";"1";""
"202200050180";"724 671";"A01";" -1";"7";"0";"2";"1";"9";"0";""
"202200050180";"724 674";"B01";" -1";"2";"0";"2";"7";"0";"1";""
"202200050181";"724 667";"A01";"1";"7";"16";"0";"2";"0";"1";""
"202200050182";"724 672";"B01";"1";"32";"0";"2";"1";"1";"1";""
"202200050182";"724 679";"A01";"1";"7";"0";"0";"0";"0";"1";""
"202200050183";"724 668";"B01";"2";"7";"0";"2";"3";"1";"1";""
"202200050183";"724 673";"A01";"2";"7";"0";"2";"2";"1";"1";""
"202200050184";"724 669";"A01";"1";"7";"0";"1";"1";"1";"1";""
"202200050185";"724 665";"A01";"2";"80";"0";"2";"8";"15";"3";""
"202200050185";"724 666";"B01";"2";"33";"0";"2";"1";"1";"1";""
"202200050186";"724 662";"B01";"2";"1";"0";"2";"8";"1";"5";""
"202200050186";"724 664";"A01";"1";"7";"0";"9";"3";"15";"2";""
"202200050187";"724 663";"A01";"3";"7";"0";"1";"2";"1";"1";""
"202200050188";"724 660";"A01";"1";"7";"1";"0";"2";"1";"1";""
"202200050189";"724 658";"A01";"1";"7";"0";"1";"1";"1";"1";""
"202200050190";"724 655";"A01";"1";"7";"2";"0";"1";"1";"1";""
"202200050191";"724 656";"Z01";"0";"7";"9";"2";"1";"5";"1";""
"202200050191";"724 659";"A01";"0";"30";"8";"2";"1";"2";"1";""
"202200050192";"724 652";"A01";"1";"7";"0";"2";"7";"15";"1";""
"202200050192";"724 661";"B01";"2";"7";"0";"2";"1";"1";"1";""
"202200050193";"724 654";"B01";"2";"7";"0";"2";"2";"14";"1";""
"202200050193";"724 657";"A01";"2";"2";"0";"2";"3";"7";"3";""
"202200050194";"724 650";"A01";"0";"7";"0";"0";"4";"23";"1";""
"202200050194";"724 653";"B01";"0";"2";"14";"0";"1";"2";"1";""
"202200050195";"724 649";"A01";"0";"7";"0";"1";"3";"0";"1";""
"202200050196";"724 651";"A01";"3";"33";"16";"0";"7";"16";"1";""
"202200050197";"724 647";"A01";"2";"7";"2";"0";"1";"0";"1";""
"202200050198";"724 646";"A01";"1";"7";"1";"0";"1";"1";"1";""
"202200050199";"724 645";"A01";"1";"7";"0";"2";"4";"12";"1";""
"202200050199";"724 648";"B01";"1";"14";"0";"2";"2";"1";"0";""
"202200050200";"724 641";"A01";"2";"7";"0";"1";"3";"1";"2";""
"202200050201";"724 640";"B01";"0";"7";"0";"2";"3";"1";"1";""
"202200050201";"724 644";"A01";"0";"7";"0";"2";"6";"13";"1";""
"202200050202";"724 638";"A01";"2";"7";"2";"0";"1";"1";"1";""
"202200050203";"724 639";"A01";"0";"33";"0";"0";"0";"26";"0";""
"202200050203";"724 642";"B01";"3";"10";"0";"0";"3";"15";"0";""
"202200050204";"724 637";"A01";"2";"7";"0";"2";"3";"16";"1";""
"202200050204";"724 643";"B01";"1";"7";"0";"2";"1";"1";"1";""
"202200050205";"724 631";"B01";"2";"7";"0";"2";"4";"2";"1";""
"202200050205";"724 634";"A01";"2";"31";"0";"2";"1";"2";"1";""
"202200050206";"724 628";"A01";"1";"7";"0";"2";"2";"15";"1";""
"202200050206";"724 635";"B01";"2";"33";"0";"2";"2";"1";"1";""
"202200050207";"724 632";"A01";"0";"7";"0";"1";"3";"16";"1";""
"202200050208";"724 633";"Z01";"2";"30";"0";"1";"3";"1";"0";""
"202200050209";"724 630";"A01";"1";"7";"0";"0";"1";"2";"1";""
"202200050210";"724 627";"B01";"1";"1";"0";"2";"1";"1";"5";""
"202200050210";"724 629";"A01";"1";"7";"0";"9";"6";"9";"1";""
"202200050211";"724 625";"A01";"2";"7";"0";"1";"1";"1";"1";""
"202200050212";"724 626";"B01";"2";"7";"0";"0";"0";"0";"0";""
"202200050212";"724 636";"A01";"2";"34";"0";"2";"1";"1";"0";""
"202200050213";"724 621";"A01";"3";"30";"11";"0";"1";"13";"1";""
"202200050214";"724 616";"A01";"3";"7";"0";"2";"1";"1";"1";""
"202200050214";"724 622";"B01";"3";"30";"0";"2";"2";"15";"1";""
"202200050215";"724 618";"A01";"1";"10";"0";"2";"1";"1";"1";""
"202200050215";"724 620";"B01";"2";"7";"0";"2";"1";"1";"1";""
"202200050216";"724 615";"A01";"3";"33";"0";"0";"1";"13";"1";""
"202200050217";"724 619";"B01";"1";"1";"0";"2";"1";"1";"5";""
"202200050217";"724 623";"A01";"1";"7";"0";"2";"3";"22";"1";""
"202200050218";"724 612";"A01";" -1";"2";"0";"2";"0";"0";"1";""
"202200050218";"724 614";"B01";" -1";"99";"0";"2";"0";"0";"3";""
"202200050219";"724 609";"A01";"2";"7";"15";"1";"1";"16";"1";""
"202200050220";"724 607";"B01";"1";"7";"0";"2";"4";"2";"1";""
"202200050220";"724 611";"A01";"1";"7";"0";"2";"1";"2";"1";""
"202200050221";"724 606";"A01";"1";"7";"0";"2";"3";"15";"1";""
"202200050221";"724 608";"B01";"1";"43";"0";"2";"2";"17";"1";""
"202200050222";"724 605";"B01";"1";"32";"0";"2";"1";"1";"1";""
"202200050222";"724 610";"A01";"2";"7";"0";"2";"2";"1";"1";""
"202200050223";"724 604";"A01";"1";"7";"0";"1";"2";"1";"1";""
"202200050224";"724 603";"A01";"2";"7";"13";"0";"3";"13";"1";""
"202200050225";"724 597";"A01";"3";"10";"0";"2";"7";"2";"1";""
"202200050225";"724 599";"B01";"1";"99";"0";"2";"0";"2";"3";""
"202200050226";"724 592";"A01";"1";"7";"0";"2";"2";"1";"1";""
"202200050226";"724 602";"B01";"2";"1";"0";"2";"1";"0";"5";""
"202200050227";"724 593";"A01";"1";"7";"0";"1";"2";"1";"1";""
"202200050228";"724 595";"A01";"1";"7";"0";"2";"1";"6";"1";""
"202200050228";"724 601";"B01";"1";"7";"0";"2";"3";"1";"1";""
"202200050229";"724 591";"A01";"2";"31";"0";"2";"0";"1";"1";""
"202200050229";"724 596";"B01";"1";"7";"0";"2";"0";"5";"1";""
"202200050230";"724 590";"A01";"1";"7";"0";"1";"3";"1";"1";""
"202200050231";"724 598";"A01";"2";"33";"0";"2";"1";"1";"1";""
"202200050231";"724 600";"B01";"2";"17";"0";"0";"6";"1";"1";""
"202200050232";"724 589";"B01";"1";"10";"0";"2";"3";"13";"1";""
"202200050232";"724 594";"A01";"2";"37";"0";"2";"3";"14";"1";"1"
"202200050233";"724 588";"A01";"1";"33";"13";"0";"4";"1";"1";""
"202200050234";"724 587";"A01";"1";"7";"9";"0";"7";"14";"1";""
"202200050235";"724 583";"B01";"1";"43";"0";"2";"1";"5";"0";""
"202200050235";"724 586";"A01";"2";"7";"0";"2";"2";"15";"1";""
"202200050236";"724 581";"A01";"2";"7";"3";"0";"1";"1";"1";""
"202200050237";"724 578";"A01";"1";"7";"0";"2";"1";"1";"1";""
"202200050237";"724 584";"B01";"2";"7";"0";"2";"3";"6";"1";""
"202200050238";"724 582";"B01";"1";"31";"0";"2";"1";"2";"1";""
"202200050238";"724 585";"A01";"1";"33";"0";"2";"4";"23";"1";""
"202200050239";"724 577";"A01";"2";"7";"8";"0";"8";"1";"1";""
"202200050240";"724 576";"A01";"0";"7";"0";"2";"2";"2";"1";""
"202200050240";"724 580";"B01";"0";"2";"0";"2";"0";"2";"1";""
"202200050241";"724 575";"A01";"1";"7";"0";"2";"2";"26";"1";""
"202200050241";"724 579";"B01";"0";"7";"0";"2";"3";"15";"1";""
"202200050242";"724 571";"A01";"0";"33";"13";"0";"1";"17";"1";""
"202200050243";"724 572";"B01";"2";"15";"0";"2";"5";"17";"1";""
"202200050243";"724 573";"A01";"2";"7";"0";"2";"1";"1";"1";""
"202200050244";"724 569";"B01";"2";"37";"0";"2";"1";"1";"1";"2"
"202200050244";"724 574";"A01";"2";"7";"0";"2";"5";"1";"1";""
"202200050245";"724 568";"A01";"1";"7";"0";"2";"0";"0";"1";""
"202200050245";"724 570";"B01";"1";"7";"0";"0";"4";"0";"1";""
"202200050246";"724 567";"A01";"2";"7";"0";"1";"3";"15";"1";""
"202200050247";"724 565";"A01";"1";"7";"0";"1";"1";"1";"2";""
"202200050248";"724 566";"A01";"3";"7";"15";"0";"3";"1";"1";""
"202200050249";"724 562";"A01";"2";"10";"16";"0";"0";"13";"1";""
"202200050250";"724 559";"A01";"1";"7";"0";"1";"2";"1";"1";""
"202200050251";"724 560";"A01";"1";"1";"0";"2";"1";"15";"5";""
"202200050251";"724 564";"B01";"2";"7";"0";"2";"1";"1";"1";""
"202200050252";"724 556";"A01";"2";"7";"0";"1";"2";"16";"2";""
"202200050253";"724 557";"C01";"1";"7";"0";"2";"4";"1";"1";""
"202200050253";"724 561";"B01";"1";"7";"0";"2";"1";"1";"1";""
"202200050253";"724 563";"A01";"1";"7";"0";"2";"1";"1";"1";""
"202200050254";"724 554";"B01";"1";"30";"0";"2";"1";"1";"1";""
"202200050254";"724 558";"A01";"2";"7";"0";"2";"7";"15";"1";""
"202200050255";"724 551";"A01";"3";"31";"0";"0";"3";"1";"0";""
"202200050256";"724 552";"A01";"1";"7";"0";"2";"1";"2";"1";""
"202200050256";"724 555";"B01";"1";"2";"0";"2";"4";"2";"1";""
"202200050257";"724 548";"B01";"3";"7";"0";"2";"1";"1";"1";""
"202200050257";"724 553";"A01";"3";"7";"0";"2";"7";"15";"1";""
"202200050258";"724 545";"B01";"1";"1";"0";"0";"2";"1";"5";""
"202200050258";"724 549";"A01";"1";"99";"0";"0";"2";"14";"6";""
"202200050259";"724 544";"A01";"2";"10";"0";"2";"1";"9";"1";""
"202200050259";"724 550";"B01";"1";"7";"0";"2";"7";"26";"1";""
"202200050260";"724 543";"A01";"1";"33";"3";"0";"9";"1";"1";""
"202200050261";"724 539";"B01";"3";"50";"0";"2";"7";"19";"3";""
"202200050261";"724 547";"A01";"1";"10";"0";"2";"1";"1";"1";""
"202200050262";"724 538";"C01";"2";"7";"0";"2";"4";"1";"1";""
"202200050262";"724 541";"B01";"2";"7";"0";"2";"1";"0";"2";""
"202200050262";"724 546";"A01";"2";"7";"0";"2";"1";"1";"1";""
"202200050263";"724 537";"A01";"1";"33";"0";"0";"1";"3";"1";""
"202200050263";"724 542";"B01";"1";"7";"0";"0";"5";"12";"1";""
"202200050264";"724 536";"A01";"1";"1";"0";"2";"0";"1";"5";""
"202200050264";"724 540";"B01";"1";"1";"0";"2";"0";"1";"5";""
"202200050265";"724 534";"A01";"1";"33";"0";"1";"1";"1";"1";""
"202200050266";"724 530";"C01";"2";"7";"0";"2";"4";"1";"1";""
"202200050266";"724 533";"B01";"2";"7";"0";"2";"4";"1";"1";""
"202200050266";"724 535";"A01";"2";"10";"0";"2";"1";"1";"1";""
"202200050267";"724 527";"A01";"2";"7";"13";"0";"1";"1";"1";""
"202200050268";"724 528";"A01";"1";"1";"0";"0";"0";"2";"5";""
"202200050268";"724 532";"B01";"1";"0";"0";"9";"0";"2";"0";""
"202200050269";"724 524";"Z01";"2";"7";"0";"1";"0";"0";"1";""
"202200050270";"724 523";"A01";"2";"7";"0";"0";"3";"10";"2";""
"202200050270";"724 525";"B01";"2";"7";"0";"0";"2";"13";"1";""
"202200050271";"724 522";"A01";"3";"99";"0";"2";"3";"15";"1";""
"202200050271";"724 531";"B01";"3";"1";"0";"2";"1";"16";"6";""
"202200050272";"724 518";"B01";"2";"7";"0";"2";"1";"1";"1";""
"202200050272";"724 520";"A01";"1";"15";"0";"2";"1";"13";"1";""
"202200050273";"724 517";"A01";"3";"7";"0";"0";"8";"9";"1";""
"202200050273";"724 519";"B01";"3";"30";"0";"2";"7";"1";"1";""
"202200050274";"724 511";"A01";"1";"7";"0";"2";"1";"1";"1";""
"202200050274";"724 516";"B01";"2";"7";"0";"0";"3";"1";"1";""
"202200050275";"724 510";"A01";"1";"7";"0";"2";"1";"1";"0";""
"202200050275";"724 515";"B01";"1";"33";"0";"2";"4";"9";"1";""
"202200050276";"724 508";"B01";"1";"7";"0";"2";"0";"1";"1";""
"202200050276";"724 514";"A01";"1";"7";"0";"2";"1";"1";"1";""
"202200050277";"724 506";"A01";"2";"7";"0";"2";"3";"15";"1";""
"202200050277";"724 513";"B01";"2";"60";"0";"2";"1";"1";"5";""
"202200050278";"724 507";"B01";"0";"1";"0";"0";"0";"0";"5";""
"202200050278";"724 512";"A01";"0";"99";"0";"9";"1";"0";"1";""
"202200050279";"724 504";"B01";"1";"2";"0";"2";"5";"15";"1";""
"202200050279";"724 509";"A01";"1";"2";"0";"2";"1";"1";"1";""
"202200050280";"724 502";"A01";"1";"21";"0";"0";"0";"1";"1";""
"202200050281";"724 501";"A01";"1";"7";"0";"1";"1";"15";"2";""
"202200050282";"724 499";"A01";"1";"7";"0";"1";"1";"1";"2";""
"202200050283";"724 500";"A01";"3";"7";"0";"1";"3";"1";"1";""
"202200050284";"724 497";"A01";"0";"10";"0";"1";"1";"16";"0";""
"202200050285";"724 495";"B01";"3";"7";"0";"2";"7";"1";"1";""
"202200050285";"724 498";"A01";"3";"7";"0";"2";"8";"20";"1";""
"202200050286";"724 492";"A01";"0";"7";"0";"1";"2";"7";"1";""
"202200050287";"724 494";"B01";"1";"37";"0";"2";"2";"1";"1";"1"
"202200050287";"724 496";"A01";"0";"1";"0";"2";"2";"13";"5";""
"202200050288";"724 489";"B01";"2";"17";"0";"2";"6";"1";"1";""
"202200050288";"724 491";"A01";"2";"7";"0";"2";"2";"17";"1";""
"202200050289";"724 487";"A01";"1";"7";"0";"1";"1";"17";"1";""
"202200050290";"724 490";"B01";"3";"7";"0";"2";"1";"1";"1";""
"202200050290";"724 493";"A01";"3";"7";"0";"2";"1";"15";"1";""
"202200050291";"724 488";"A01";"1";"1";"0";"0";"0";"25";"5";""
"202200050292";"724 503";"A01";"2";"50";"0";"0";"8";"26";"3";""
"202200050292";"724 505";"B01";"1";"33";"0";"2";"7";"1";"1";""
"202200050293";"724 485";"A01";"3";"7";"0";"1";"8";"15";"1";""
"202200050294";"724 483";"A01";"3";"50";"0";"2";"1";"5";"3";""
"202200050294";"724 486";"B01";"3";"7";"0";"2";"1";"1";"1";""
"202200050295";"724 482";"A01";"1";"7";"0";"2";"1";"0";"1";""
"202200050295";"724 484";"B01";"1";"7";"0";"0";"6";"1";"1";""
"202200050296";"724 481";"A01";"1";"10";"0";"1";"0";"26";"1";""
"202200050297";"724 480";"A01";"1";"7";"6";"0";"1";"1";"1";""
"202200050298";"724 478";"A01";"1";"7";"0";"2";"7";"9";"1";""
"202200050298";"724 479";"B01";"3";"7";"0";"2";"3";"1";"1";""
"202200050299";"724 471";"B01";"2";"7";"0";"2";"1";"1";"1";""
"202200050299";"724 477";"A01";"2";"7";"0";"2";"4";"23";"1";""
"202200050300";"724 473";"A01";"0";"36";"6";"0";"8";"0";"1";""
"202200050301";"724 470";"B01";"2";"7";"0";"2";"6";"15";"1";""
"202200050301";"724 476";"A01";"2";"10";"0";"2";"3";"2";"1";""
"202200050302";"724 469";"A01";"3";"7";"0";"2";"3";"9";"1";""
"202200050302";"724 474";"B01";"3";"2";"0";"2";"1";"1";"1";""
"202200050303";"724 466";"A01";"3";"50";"0";"2";"1";"17";"3";""
"202200050303";"724 472";"C01";"3";"7";"0";"2";"3";"1";"2";""
"202200050303";"724 475";"B01";"3";"7";"0";"2";"1";"1";"1";""
"202200050304";"724 465";"Z01";"3";"33";"0";"2";"1";"1";"0";""
"202200050304";"724 468";"A01";"3";"7";"0";"2";"2";"15";"1";""
"202200050305";"724 464";"Z01";"1";"2";"0";"2";"0";"1";"1";""
"202200050306";"724 460";"A01";"2";"7";"0";"0";"5";"2";"1";""
"202200050306";"724 463";"B01";"2";"15";"0";"0";"2";"2";"1";""
"202200050307";"724 459";"A01";"3";"7";"0";"1";"2";"1";"1";""
"202200050308";"724 456";"B01";"1";"33";"0";"2";"1";"1";"1";""
"202200050308";"724 467";"A01";"2";"7";"0";"2";"1";"9";"1";""
"202200050309";"724 453";"B01";"3";"2";"0";"2";"3";"13";"0";""
"202200050309";"724 461";"A01";"3";"33";"0";"2";"2";"2";"1";""
"202200050310";"724 452";"B01";"2";"7";"0";"2";"1";"1";"2";""
"202200050310";"724 457";"A01";"3";"50";"16";"0";"1";"5";"3";""
"202200050311";"724 458";"B01";"2";"32";"0";"2";"1";"1";"3";""
"202200050311";"724 462";"A01";"1";"7";"0";"2";"2";"9";"3";""
"202200050312";"724 451";"A01";"3";"10";"0";"2";"3";"0";"1";""
"202200050312";"724 455";"B01";"3";"33";"0";"2";"1";"0";"1";""
"202200050313";"724 448";"B01";"1";"7";"0";"2";"1";"1";"1";""
"202200050313";"724 454";"A01";"1";"1";"0";"2";"7";"15";"5";""
"202200050314";"724 446";"A01";"3";"1";"0";"0";"0";"26";"5";""
"202200050315";"724 442";"A01";"2";"7";"8";"0";"3";"15";"1";""
"202200050315";"724 447";"B01";"2";"32";"0";"2";"1";"11";"1";""
"202200050316";"724 443";"B01";"2";"7";"0";"2";"3";"1";"1";""
"202200050316";"724 449";"A01";"1";"7";"0";"2";"1";"5";"1";""
"202200050317";"724 441";"A01";"2";"7";"6";"0";"2";"1";"1";""
"202200050318";"724 440";"A01";"2";"7";"12";"0";"2";"15";"1";""
"202200050319";"724 438";"A01";"1";"7";"0";"1";"2";"1";"1";""
"202200050320";"724 439";"A01";"0";"7";"0";"2";"3";"1";"1";""
"202200050320";"724 444";"B01";"1";"34";"0";"0";"2";"0";"0";""
"202200050321";"724 434";"A01";"2";"7";"0";"2";"7";"15";"2";""
"202200050321";"724 437";"B01";"1";"33";"0";"2";"1";"1";"1";""
"202200050322";"724 431";"B01";"3";"7";"0";"2";"3";"26";"0";""
"202200050322";"724 436";"A01";"2";"60";"0";"2";"1";"5";"5";""
"202200050323";"724 430";"B01";"3";"7";"0";"2";"2";"16";"1";""
"202200050323";"724 435";"A01";"3";"7";"0";"2";"1";"1";"1";""
"202200050324";"724 432";"A01";"2";"7";"13";"0";"2";"0";"1";""
"202200050325";"724 428";"A01";"1";"7";"6";"0";"2";"26";"1";""
"202200050326";"724 429";"B01";"1";"32";"0";"2";"2";"1";"1";""
"202200050326";"724 433";"A01";"1";"43";"0";"2";"3";"17";"1";""
"202200050327";"724 422";"A01";"2";"7";"0";"1";"2";"1";"1";""
"202200050328";"724 420";"A01";"1";"2";"0";"2";"1";"2";"1";""
"202200050328";"724 426";"B01";"1";"7";"0";"2";"4";"2";"1";""
"202200050329";"724 425";"A01";"1";"7";"0";"2";"3";"24";"1";""
"202200050329";"724 427";"B01";"1";"1";"0";"0";"0";"0";"5";""
"202200050330";"724 418";"A01";"3";"32";"0";"9";"0";"0";"0";""
"202200050330";"724 424";"B01";"3";"7";"0";"9";"2";"16";"0";""
"202200050331";"724 417";"A01";"3";"0";"0";"2";"0";"17";"1";""