"Num_Acc";"id_vehicule";"num_veh";"senc";"catv";"obs";"obsm";"choc";"manv";"motor";"occutc"
"202200050535";"724 035";"A01";"1";"7";"0";"2";"6";"14";"1";""
"202200050535";"724 037";"B01";"2";"7";"0";"2";"3";"13";"1";""
"202200050536";"724 034";"A01";"2";"7";"0";"2";"1";"15";"1";""
"202200050536";"724 048";"B01";"2";"33";"0";"2";"1";"1";"1";""
"202200050537";"724 031";"A01";"0";"2";"6";"0";"1";"0";"1";""
"202200050538";"724 029";"A01";"1";"50";"0";"2";"1";"5";"3";""
"202200050538";"724 032";"B01";"2";"1";"0";"2";"1";"1";"5";""
"202200050539";"724 030";"A01";"3";"7";"0";"1";"1";"1";"1";""
"202200050540";"724 027";"B01";"1";"80";"0";"2";"7";"1";"3";""
"202200050540";"724 033";"A01";"2";"7";"0";"2";"3";"1";"1";""
"202200050541";"724 025";"A01";"1";"50";"0";"0";"1";"1";"3";""
"202200050542";"724 023";"B01";"2";"7";"0";"2";"2";"1";"1";""
"202200050542";"724 028";"A01";"2";"7";"0";"2";"1";"15";"1";""
"202200050543";"724 022";"A01";"2";"7";"14";"0";"2";"1";"1";""
"202200050544";"724 020";"A01";"1";"7";"0";"2";"1";"1";"2";""
"202200050544";"724 024";"B01";"1";"1";"0";"2";"6";"15";"5";""
"202200050545";"724 018";"B01";"1";"1";"0";"2";"1";"2";"5";""
"202200050545";"724 026";"A01";"1";"7";"0";"2";"3";"0";"1";""
"202200050546";"724 015";"A01";"1";"7";"3";"0";"1";"1";"1";""
"202200050547";"724 016";"A01";"2";"7";"0";"2";"1";"2";"1";""
"202200050547";"724 021";"B01";"2";"7";"0";"2";"4";"0";"1";""
"202200050548";"724 014";"B01";"1";"21";"0";"2";"3";"15";"1";""
"202200050548";"724 019";"A01";"1";"33";"0";"0";"2";"17";"1";""
"202200050549";"724 013";"A01";"0";"7";"0";"2";"1";"2";"1";""
"202200050549";"724 017";"B01";"3";"7";"0";"2";"0";"0";"1";""
"202200050550";"724 012";"A01";"3";"7";"8";"0";"8";"1";"1";""
"202200050551";"724 010";"A01";"1";"7";"0";"1";"3";"26";"1";""
"202200050552";"724 009";"B01";"1";"1";"0";"2";"4";"26";"5";""
"202200050552";"724 011";"A01";"1";"10";"0";"2";"4";"20";"1";""
"202200050553";"724 005";"A01";"1";"7";"0";"2";"0";"12";"1";""
"202200050553";"724 008";"B01";"1";"7";"0";"2";"0";"1";"1";""
"202200050554";"724 004";"A01";"1";"37";"0";"1";"2";"26";"1";"1"
"202200050555";"724 003";"A01";"2";"7";"0";"2";"1";"1";"1";""
"202200050555";"724 007";"B01";"1";"2";"0";"2";"1";"1";"1";""
"202200050556";"724 000";"A01";"1";"7";"1";"1";"1";"26";"1";""
"202200050557";"724 002";"B01";"3";"7";"0";"2";"1";"0";"0";""
"202200050557";"724 006";"A01";"3";"32";"0";"2";"1";"1";"1";""
"202200050558";"723 999";"A01";"0";"32";"0";"1";"1";"26";"1";""
"202200050559";"723 996";"B01";"3";"14";"0";"2";"8";"19";"1";""
"202200050559";"724 001";"A01";"2";"7";"0";"2";"1";"1";"1";""
"202200050560";"723 993";"A01";"1";"7";"1";"2";"2";"2";"1";""
"202200050560";"723 997";"B01";"1";"2";"0";"0";"0";"0";"1";""
"202200050561";"723 994";"A01";"3";"7";"0";"2";"6";"1";"1";""
"202200050561";"723 998";"B01";"3";"31";"15";"2";"1";"25";"1";""
"202200050562";"723 988";"B01";"3";"10";"1";"2";"2";"24";"1";""
"202200050562";"723 995";"A01";"1";"2";"0";"2";"3";"3";"1";""
"202200050563";"723 987";"B01";"1";"14";"0";"2";"1";"1";"1";""
"202200050563";"723 992";"A01";"2";"7";"0";"2";"1";"15";"1";""
"202200050564";"723 983";"B01";"3";"7";"0";"2";"5";"1";"1";""
"202200050564";"723 991";"A01";"3";"33";"0";"2";"1";"1";"1";""
"202200050565";"723 978";"A01";"1";"10";"0";"1";"2";"1";"1";""
"202200050566";"723 982";"C01";"2";"7";"0";"2";"6";"23";"1";""
"202200050566";"723 985";"B01";"1";"7";"0";"2";"3";"1";"1";""
"202200050566";"723 990";"A01";"2";"7";"0";"2";"9";"21";"1";""
"202200050567";"723 977";"A01";"2";"7";"0";"1";"0";"1";"0";""
"202200050568";"723 976";"A01";"3";"7";"0";"2";"8";"15";"1";""
"202200050568";"723 979";"B01";"3";"2";"0";"2";"1";"1";"1";""
"202200050569";"723 975";"E01";"1";"10";"0";"2";"4";"2";"1";""
"202200050569";"723 980";"A01";"2";"14";"0";"2";"3";"2";"1";""
"202200050569";"723 984";"B01";"2";"10";"0";"2";"1";"2";"1";""
"202200050569";"723 986";"C01";"2";"7";"0";"2";"4";"2";"1";""
"202200050569";"723 989";"D01";"2";"7";"0";"2";"4";"2";"1";""
"202200050570";"723 972";"B01";"3";"1";"0";"2";"2";"19";"5";""
"202200050570";"723 981";"A01";"0";"7";"0";"9";"1";"1";"1";""
"202200050571";"723 971";"A01";"2";"10";"0";"2";"4";"26";"1";""
"202200050571";"723 974";"B01";"2";"1";"0";"2";"1";"1";"5";""
"202200050572";"723 969";"B01";"1";"33";"0";"2";"1";"1";"1";""
"202200050572";"723 973";"A01";"1";"7";"0";"2";"3";"15";"1";""
"202200050573";"723 966";"B01";"0";"33";"0";"2";"1";"1";"1";""
"202200050573";"723 970";"A01";"0";"7";"0";"2";"3";"26";"1";""
"202200050574";"723 965";"A01";"3";"7";"2";"0";"1";"1";"1";""
"202200050575";"723 963";"B01";"1";"7";"0";"2";"1";"2";"0";""
"202200050575";"723 968";"A01";"0";"99";"0";"2";"4";"2";"0";""
"202200050576";"723 960";"A01";"2";"1";"0";"2";"0";"9";"0";""
"202200050576";"723 964";"B01";"2";"7";"0";"2";"0";"0";"1";""
"202200050577";"723 959";"B01";"2";"7";"0";"2";"1";"1";"1";""
"202200050577";"723 962";"A01";"1";"7";"0";"2";"5";"13";"1";""
"202200050578";"723 956";"A01";"2";"7";"0";"2";"3";"13";"1";""
"202200050578";"723 961";"B01";"1";"7";"0";"2";"3";"1";"1";""
"202200050578";"723 967";"C01";"1";"7";"0";"2";"3";"1";"2";""
"202200050579";"723 953";"B01";"2";"7";"0";"2";"4";"1";"1";""
"202200050579";"723 957";"A01";"2";"10";"0";"2";"1";"1";"1";""
"202200050580";"723 951";"B01";"2";"80";"0";"2";"1";"1";"5";""
"202200050580";"723 958";"A01";"1";"7";"0";"2";"2";"15";"1";""
"202200050581";"723 950";"B01";"2";"1";"0";"2";"1";"1";"5";""
"202200050581";"723 955";"A01";"1";"7";"0";"9";"2";"15";"1";""
"202200050582";"723 948";"B01";"0";"7";"8";"2";"1";"0";"1";""
"202200050582";"723 954";"A01";"1";"7";"0";"2";"1";"26";"1";""
"202200050583";"723 947";"B01";"1";"1";"1";"0";"1";"0";"5";""
"202200050583";"723 952";"A01";"1";"10";"0";"0";"8";"22";"1";""
"202200050584";"723 942";"Y01";"3";"1";"0";"2";"8";"26";"5";""
"202200050584";"723 946";"A01";"2";"7";"0";"2";"1";"15";"1";""
"202200050585";"723 943";"A01";"1";"7";"0";"2";"3";"13";"1";""
"202200050585";"723 944";"B01";"2";"7";"0";"2";"3";"1";"1";""
"202200050586";"723 939";"A01";"3";"7";"0";"1";"2";"16";"1";""
"202200050587";"723 936";"A01";"3";"7";"0";"1";"1";"26";"3";""
"202200050588";"723 935";"A01";"2";"7";"15";"0";"9";"13";"1";""
"202200050589";"723 934";"A01";"1";"43";"0";"2";"1";"2";"1";""
"202200050589";"723 940";"B01";"1";"7";"0";"2";"7";"2";"1";""
"202200050590";"723 937";"B01";"1";"33";"0";"2";"1";"0";"1";""
"202200050590";"723 941";"A01";"1";"10";"0";"2";"7";"19";"1";""
"202200050591";"723 931";"A01";"1";"7";"16";"0";"0";"13";"1";""
"202200050592";"723 933";"B01";"1";"7";"0";"2";"3";"2";"1";""
"202200050592";"723 938";"A01";"1";"7";"0";"2";"6";"15";"1";""
"202200050593";"723 923";"A01";"1";"17";"3";"0";"0";"1";"1";""
"202200050594";"723 922";"A01";"2";"50";"0";"2";"1";"2";"3";""
"202200050594";"723 928";"B01";"2";"1";"0";"2";"1";"1";"0";""
"202200050594";"723 932";"C01";"2";"10";"0";"2";"2";"16";"1";""
"202200050595";"723 918";"B01";"1";"10";"0";"2";"1";"0";"1";""
"202200050595";"723 927";"A01";"2";"7";"0";"2";"1";"1";"1";""
"202200050596";"723 917";"B01";"1";"7";"0";"2";"4";"23";"1";""
"202200050596";"723 924";"C01";"1";"7";"0";"0";"4";"23";"1";""
"202200050596";"723 929";"Z01";"1";"7";"0";"2";"1";"2";"1";""
"202200050597";"723 916";"A01";"2";"7";"0";"2";"1";"13";"1";""
"202200050597";"723 925";"B01";"1";"7";"0";"2";"6";"1";"1";""
"202200050597";"723 930";"C01";"1";"7";"0";"2";"1";"1";"1";""
"202200050598";"723 919";"B01";"2";"30";"0";"2";"1";"1";"3";""
"202200050598";"723 926";"A01";"1";"7";"0";"2";"3";"15";"1";""
"202200050599";"723 915";"A01";"1";"7";"0";"2";"3";"1";"1";""
"202200050599";"723 920";"B01";"2";"7";"0";"2";"3";"1";"2";""
"202200050600";"723 914";"B01";"2";"37";"0";"2";"2";"1";"3";"2"
"202200050600";"723 921";"A01";"2";"7";"0";"2";"3";"9";"1";""
"202200050601";"723 911";"A01";"1";"39";"0";"1";"2";"26";"3";""
"202200050602";"723 908";"A01";"1";"7";"0";"2";"6";"23";"1";""
"202200050602";"723 912";"B01";"1";"33";"0";"2";"1";"2";"1";""
"202200050603";"723 906";"A01";"0";"36";"2";"0";"3";"1";"1";""
"202200050604";"723 904";"A01";"1";"7";"0";"2";"3";"9";"1";""
"202200050604";"723 910";"B01";"1";"7";"0";"2";"6";"1";"1";""
"202200050605";"723 907";"A01";"1";"7";"0";"2";"2";"15";"1";""
"202200050605";"723 913";"B01";"1";"7";"0";"2";"1";"1";"1";""
"202200050606";"723 905";"A01";"1";"7";"14";"0";"8";"13";"1";""
"202200050607";"723 901";"A01";"1";"7";"0";"2";"1";"1";"3";""
"202200050607";"723 909";"B01";"1";"1";"0";"2";"1";"9";"5";""
"202200050608";"723 900";"B01";"1";"2";"0";"2";"1";"1";"1";""
"202200050608";"723 903";"A01";"2";"7";"0";"2";"2";"15";"1";""
"202200050609";"723 897";"A01";"1";"7";"0";"2";"1";"1";"1";""
"202200050609";"723 902";"B01";"1";"7";"0";"2";"4";"16";"1";""
"202200050610";"723 899";"A01";"1";"7";"8";"0";"1";"1";"1";""
"202200050611";"723 892";"A01";"1";"17";"0";"2";"3";"1";"1";""
"202200050611";"723 898";"B01";"2";"7";"0";"2";"8";"19";"1";""
"202200050612";"723 890";"A01";"1";"15";"0";"2";"5";"2";"1";""
"202200050612";"723 895";"B01";"1";"1";"0";"2";"3";"2";"5";""
"202200050613";"723 891";"A01";"1";"33";"0";"2";"3";"17";"1";""
"202200050613";"723 896";"B01";"1";"10";"0";"2";"3";"1";"1";""
"202200050614";"723 888";"B01";"1";"50";"0";"2";"8";"2";"3";""
"202200050614";"723 893";"A01";"1";"3";"0";"9";"7";"17";"1";""
"202200050615";"723 884";"B01";"2";"7";"0";"2";"1";"1";"1";""
"202200050615";"723 889";"A01";"1";"7";"0";"2";"1";"0";"1";""
"202200050616";"723 882";"A01";"1";"7";"0";"2";"2";"21";"0";""
"202200050617";"723 881";"A01";"3";"2";"0";"2";"1";"1";"1";""
"202200050617";"723 885";"B01";"3";"10";"0";"2";"3";"1";"1";""
"202200050618";"723 887";"A01";"2";"80";"0";"2";"1";"1";"3";""
"202200050618";"723 894";"B01";"2";"7";"0";"2";"5";"16";"1";""
"202200050619";"723 877";"B01";"0";"7";"0";"2";"2";"1";"1";""
"202200050619";"723 880";"A01";"0";"7";"0";"0";"6";"23";"1";""
"202200050620";"723 875";"A01";"1";"7";"13";"0";"7";"14";"1";""
"202200050621";"723 873";"A01";"2";"7";"0";"2";"1";"5";"1";""
"202200050621";"723 878";"B01";"1";"7";"0";"2";"1";"1";"1";""
"202200050622";"723 868";"B01";"2";"7";"0";"2";"3";"1";"1";""
"202200050622";"723 874";"A01";"1";"7";"0";"2";"2";"15";"1";""
"202200050623";"723 871";"A01";"1";"7";"3";"0";"1";"16";"1";""
"202200050624";"723 869";"A01";"0";"7";"0";"1";"1";"1";"1";""
"202200050625";"723 867";"D01";"2";"10";"0";"1";"2";"2";"1";""
"202200050626";"723 865";"A01";" -1";"7";"2";"0";"1";"1";"1";""
"202200050627";"723 857";"A01";"1";"7";"0";"2";"2";"9";"1";""
"202200050627";"723 861";"B01";"1";"10";"0";"2";"5";"1";"1";""
"202200050628";"723 854";"A01";"1";"33";"0";"0";"0";"0";"1";""
"202200050629";"723 853";"A01";"3";"7";"0";"2";"1";"15";"1";""
"202200050629";"723 862";"B01";"3";"33";"0";"2";"8";"15";"1";""
"202200050630";"723 852";"B01";"2";"7";"0";"2";"6";"7";"1";""
"202200050630";"723 863";"A01";"2";"7";"0";"2";"1";"1";"1";""
"202200050631";"723 859";"A01";"1";"34";"0";"2";"1";"2";"3";""
"202200050631";"723 866";"B01";"1";"10";"0";"2";"2";"2";"1";""
"202200050631";"723 870";"C01";"1";"7";"0";"2";"6";"2";"3";""
"202200050632";"723 856";"B01";"0";"33";"0";"2";"1";"1";"1";""
"202200050632";"723 860";"A01";"0";"7";"0";"2";"1";"15";"1";""
"202200050633";"723 849";"A01";"2";"17";"1";"0";"1";"1";"1";""
"202200050633";"723 851";"C01";"2";"17";"0";"0";"0";"23";"1";""
"202200050634";"723 850";"D01";"3";"1";"0";"2";"7";"19";"5";""
"202200050634";"723 855";"A01";"1";"7";"0";"2";"1";"1";"1";""
"202200050634";"723 858";"B01";"3";"1";"0";"2";"5";"19";"5";""
"202200050634";"723 864";"C01";"3";"1";"0";"2";"0";"0";"5";""
"202200050635";"723 847";"A01";"1";"7";"1";"0";"2";"1";"1";""
"202200050635";"723 848";"B01";"1";"7";"0";"2";"8";"0";"1";""
"202200050636";"723 844";"A01";"1";"7";"8";"0";"1";"1";"1";""
"202200050637";"723 839";"B01";"2";"1";"0";"2";"1";"1";"5";""
"202200050637";"723 843";"C01";"2";"1";"0";"2";"1";"1";"5";""
"202200050637";"723 845";"A01";"1";"7";"2";"9";"1";"13";"1";""
"202200050638";"723 838";"A01";"2";"7";"2";"0";"9";"1";"1";""
"202200050639";"723 836";"A01";"2";"7";"0";"1";"1";"15";"1";""
"202200050640";"723 834";"B01";"3";"7";"0";"2";"0";"0";"1";""
"202200050640";"723 840";"A01";"3";"33";"0";"2";"3";"1";"1";""
"202200050641";"723 832";"B01";"2";"7";"0";"2";"2";"20";"1";""
"202200050641";"723 835";"A01";"2";"33";"0";"2";"1";"26";"1";""
"202200050642";"723 831";"A01";"1";"7";"0";"2";"3";"2";"1";""
"202200050642";"723 833";"B01";"1";"7";"0";"0";"5";"2";"1";""
"202200050643";"723 827";"Z01";"1";"7";"0";"2";"1";"2";"1";""
"202200050643";"723 830";"A01";"1";"1";"0";"2";"8";"19";"5";""
"202200050644";"723 823";"A01";"3";"33";"0";"0";"3";"26";"1";""
"202200050645";"723 819";"A01";"2";"7";"0";"2";"1";"1";"1";""
"202200050645";"723 826";"B01";"1";"7";"0";"2";"1";"1";"1";""
"202200050646";"723 818";"A01";"1";"7";"15";"0";"0";"1";"1";""
"202200050647";"723 816";"B01";"0";"7";"0";"2";"1";"1";"1";""
"202200050647";"723 824";"A01";"0";"50";"0";"2";"1";"1";"3";""
"202200050648";"723 817";"A01";"3";"7";"0";"1";"1";"16";"1";""
"202200050649";"723 812";"B01";"2";"50";"0";"2";"2";"1";"3";""
"202200050649";"723 822";"A01";"1";"7";"0";"2";"1";"1";"2";""
"202200050650";"723 811";"A01";"2";"7";"0";"2";"3";"9";"1";""
"202200050650";"723 815";"B01";"2";"1";"0";"0";"2";"1";"5";""
"202200050651";"723 809";"B01";"3";"1";"0";"2";"1";"1";"5";""
"202200050651";"723 814";"A01";"3";"7";"0";"2";"3";"9";"1";""
"202200050652";"723 805";"A01";"3";"34";"0";"1";"1";"1";"1";""
"202200050653";"723 803";"F01";"1";"14";"0";"0";"6";"23";"0";""
"202200050653";"723 807";"E01";"1";"7";"1";"1";"6";"23";"1";""
"202200050653";"723 813";"D01";"1";"7";"1";"1";"4";"23";"1";""
"202200050653";"723 820";"C01";"1";"7";"1";"1";"4";"23";"1";""
"202200050653";"723 825";"B01";"1";"10";"0";"2";"4";"23";"1";""
"202200050653";"723 829";"A01";"1";"15";"1";"2";"1";"1";"1";""
"202200050654";"723 797";"A01";"3";"33";"0";"2";"1";"1";"1";""
"202200050654";"723 806";"B01";"3";"7";"0";"2";"3";"15";"1";""
"202200050655";"723 796";"A01";"1";"31";"0";"0";"0";"15";"1";""
"202200050656";"723 795";"C01";"3";"7";"0";"2";"4";"2";"1";""
"202200050656";"723 801";"B01";"3";"7";"0";"2";"4";"2";"1";""
"202200050656";"723 804";"A01";"3";"10";"0";"2";"1";"2";"1";""
"202200050657";"723 793";"A01";"2";"7";"0";"2";"1";"2";"1";""
"202200050657";"723 799";"B01";"2";"15";"0";"0";"4";"2";"1";""
"202200050658";"723 791";"A01";"2";"60";"0";"0";"0";"0";"5";""
"202200050659";"723 789";"A01";"1";"60";"9";"2";"0";"21";"5";""
"202200050659";"723 800";"B01";"1";"7";"0";"2";"3";"1";"1";""
"202200050660";"723 790";"A01";"1";"50";"0";"2";"4";"2";"3";""
"202200050660";"723 798";"B01";"1";"10";"0";"2";"4";"23";"6";""
"202200050661";"723 788";"B01";"1";"7";"0";"2";"3";"1";"1";""
"202200050661";"723 794";"A01";"2";"7";"0";"2";"3";"13";"1";""
"202200050662";"723 786";"A01";"2";"7";"0";"0";"1";"0";"2";""
"202200050662";"723 787";"B01";"2";"7";"4";"0";"1";"23";"1";""
"202200050662";"723 792";"C01";"2";"7";"3";"2";"1";"19";"1";""
"202200050663";"723 782";"B01";"0";"1";"0";"2";"0";"1";"5";""
"202200050663";"723 785";"A01";"0";"33";"0";"2";"0";"1";"1";""
"202200050664";"723 779";"B01";"1";"7";"0";"2";"1";"1";"1";""
"202200050664";"723 784";"A01";"2";"10";"0";"2";"1";"5";"1";""
"202200050665";"723 776";"A01";"1";"30";"0";"1";"1";"17";"1";""
"202200050666";"723 778";"A01";"1";"30";"0";"2";"1";"13";"1";""
"202200050666";"723 783";"B01";"2";"1";"0";"2";"1";"1";"5";""
"202200050667";"723 772";"B01";"0";"7";"0";"2";"3";"1";"1";""
"202200050667";"723 780";"A01";"1";"10";"0";"2";"1";"1";"1";""
"202200050668";"723 770";"A01";"3";"14";"2";"9";"2";"0";"1";""
"202200050669";"723 771";"A01";"3";"33";"0";"2";"1";"1";"1";""
"202200050669";"723 774";"B01";"3";"7";"0";"2";"6";"15";"1";""
"202200050670";"723 769";"B01";"1";"15";"1";"0";"1";"2";"1";""
"202200050670";"723 773";"A01";"1";"7";"3";"0";"4";"23";"1";""
"202200050671";"723 764";"A01";"2";"33";"0";"6";"1";"1";"0";""
"202200050671";"723 767";"B01";"1";"7";"0";"2";"1";"1";"1";""
"202200050672";"723 766";"B01";"1";"1";"0";"2";"8";"1";"5";""
"202200050672";"723 777";"A01";"1";"7";"0";"2";"1";"1";"1";""
"202200050673";"723 761";"A01";"1";"7";"1";"0";"1";"26";"0";""
"202200050674";"723 762";"A01";"3";"10";"8";"0";"1";"0";"1";""
"202200050675";"723 756";"A01";"3";"7";"16";"0";"1";"0";"1";""
"202200050676";"723 758";"A01";"3";"7";"0";"2";"2";"16";"1";""
"202200050676";"723 763";"B01";"3";"50";"0";"2";"8";"1";"3";""
"202200050677";"723 754";"A01";"3";"1";"0";"2";"1";"16";"5";""
"202200050677";"723 759";"B01";"3";"50";"0";"2";"0";"0";"3";""
"202200050678";"723 755";"A01";"1";"33";"14";"0";"1";"17";"1";""
"202200050678";"723 757";"B01";"2";"38";"0";"0";"8";"23";"1";"1"
"202200050679";"723 751";"A01";"2";"7";"4";"0";"8";"13";"1";""
"202200050680";"723 753";"B01";"1";"7";"0";"2";"2";"15";"1";""
"202200050680";"723 760";"A01";"3";"7";"0";"2";"3";"19";"1";""
"202200050681";"723 747";"B01";"0";"33";"0";"2";"1";"1";"1";""
"202200050681";"723 750";"A01";"0";"7";"0";"2";"3";"15";"1";""
"202200050682";"723 746";"A01";"1";"10";"0";"2";"7";"19";"1";""
"202200050682";"723 749";"B01";"2";"7";"0";"2";"3";"1";"1";""
"202200050683";"723 740";"B01";"1";"15";"0";"2";"6";"9";"1";""
"202200050683";"723 748";"A01";"2";"7";"0";"2";"1";"1";"1";""
"202200050684";"723 743";"B01";"2";"7";"0";"2";"3";"15";"1";""
"202200050684";"723 752";"A01";"1";"30";"0";"2";"7";"1";"1";""
"202200050685";"723 735";"B01";"2";"1";"0";"2";"1";"1";"5";""
"202200050685";"723 739";"A01";"1";"7";"0";"9";"8";"15";"1";""
"202200050686";"723 734";"A01";"2";"14";"1";"0";"1";"7";"1";""
"202200050687";"723 733";"A01";"1";"7";"0";"2";"8";"1";"1";""
"202200050687";"723 745";"B01";"1";"7";"0";"2";"1";"1";"1";""
"202200050688";"723 738";"B01";"2";"33";"0";"2";"1";"1";"1";""
"202200050688";"723 742";"A01";"1";"7";"0";"2";"2";"15";"1";""
"202200050689";"723 732";"A01";"3";"7";"0";"1";"4";"4";"1";""
"202200050690";"723 730";"A01";"1";"7";"1";"0";"2";"14";"1";""
"202200050691";"723 736";"A01";"3";"7";"1";"0";"2";"14";"1";""
"202200050691";"723 741";"B01";"3";"7";"1";"0";"2";"26";"1";""
"202200050692";"723 737";"A01";"3";"7";"1";"2";"8";"20";"1";""
"202200050692";"723 744";"B01";"3";"80";"0";"2";"1";"1";"3";""
"202200050693";"723 727";"A01";"1";"7";"7";"0";"1";"1";"1";""
"202200050694";"723 728";"A01";"1";"10";"0";"1";"2";"15";"1";""
"202200050695";"723 726";"A01";"1";"7";"3";"0";"1";"12";"1";""
"202200050696";"723 722";"A01";"1";"7";"0";"1";"2";"1";"1";""
"202200050697";"723 729";"B01";"3";"33";"0";"2";"1";"26";"1";""
"202200050697";"723 731";"A01";"3";"7";"0";"2";"6";"10";"1";""
"202200050698";"723 721";"B01";"1";"7";"0";"2";"6";"1";"1";""
"202200050698";"723 724";"A01";"2";"7";"0";"2";"3";"1";"1";""
"202200050699";"723 715";"A01";"3";"7";"0";"2";"8";"15";"1";""
"202200050699";"723 720";"B01";"3";"2";"0";"2";"7";"17";"1";""
"202200050700";"723 719";"A01";"1";"7";"0";"2";"8";"10";"1";""
"202200050700";"723 725";"B01";"1";"7";"0";"2";"1";"1";"2";""
"202200050701";"723 709";"B01";"3";"7";"0";"2";"1";"1";"1";""
"202200050701";"723 718";"A01";"3";"7";"0";"2";"3";"19";"1";""
"202200050702";"723 710";"B01";"2";"7";"0";"2";"3";"15";"1";""
"202200050702";"723 716";"A01";"1";"2";"0";"2";"1";"13";"1";""
"202200050703";"723 717";"A01";"2";"7";"0";"2";"1";"2";"1";""
"202200050703";"723 723";"B01";"2";"1";"0";"2";"4";"2";"5";""
"202200050704";"723 711";"B01";"1";"7";"0";"2";"1";"9";"1";""
"202200050704";"723 714";"A01";"2";"7";"0";"2";"8";"9";"1";""
"202200050705";"723 705";"A01";"2";"7";"1";"2";"5";"24";"1";""
"202200050705";"723 712";"B01";"2";"33";"1";"2";"1";"1";"1";""
"202200050706";"723 706";"A01";"1";"7";"0";"2";"3";"13";"1";""
"202200050706";"723 713";"B01";"2";"10";"0";"2";"3";"1";"1";""
"202200050707";"723 704";"B01";"2";"33";"0";"2";"3";"13";"1";""
"202200050707";"723 708";"A01";"1";"7";"0";"2";"3";"1";"1";""
"202200050708";"723 701";"C01";"2";"10";"0";"2";"4";"23";"1";""
"202200050708";"723 703";"B01";"2";"7";"0";"2";"2";"1";"1";""
"202200050708";"723 707";"A01";"2";"7";"1";"2";"1";"18";"1";""
"202200050709";"723 700";"A01";"2";"7";"6";"0";"3";"19";"1";""
"202200050710";"723 698";"Z01";"1";"7";"0";"2";"2";"18";"1";""
"202200050710";"723 702";"A01";"1";"30";"0";"2";"4";"1";"1";""
"202200050711";"723 693";"B01";"1";"7";"0";"2";"1";"1";"1";""
"202200050711";"723 699";"A01";"1";"1";"0";"2";"1";"9";"5";""
"202200050712";"723 689";"A01";"1";"7";"4";"0";"3";"2";"1";""
"202200050713";"723 692";"A01";"1";"30";"0";"2";"8";"15";"3";""
"202200050713";"723 696";"B01";"1";"32";"0";"2";"1";"1";"1";""
"202200050714";"723 690";"B01";"1";"10";"0";"2";"4";"23";"1";""
"202200050714";"723 695";"A01";"1";"7";"0";"2";"1";"2";"1";""
"202200050715";"723 688";"B01";"3";"1";"0";"0";"4";"1";"5";""
"202200050715";"723 691";"A01";"3";"7";"0";"2";"2";"2";"1";""
"202200050716";"723 686";"A01";"1";"7";"6";"0";"3";"13";"1";""
"202200050717";"723 685";"Z01";"1";"30";"0";"1";"0";"7";"1";""
"202200050718";"723 687";"B01";"1";"7";"0";"2";"4";"2";"1";""
"202200050718";"723 694";"A01";"1";"1";"0";"2";"1";"2";"5";""
"202200050719";"723 682";"A01";"2";"80";"0";"9";"0";"13";"3";""
"202200050719";"723 683";"B01";"1";"80";"0";"9";"0";"21";"3";""
"202200050720";"723 679";"A01";"1";"7";"0";"2";"1";"1";"1";""
"202200050720";"723 684";"C01";"1";"7";"0";"2";"2";"1";"1";""
"202200050720";"723 697";"B01";"1";"17";"0";"0";"6";"1";"1";""
"202200050721";"723 676";"B01";"1";"17";"0";"2";"7";"17";"1";""
"202200050721";"723 678";"A01";"1";"7";"3";"2";"1";"21";"1";""
"202200050722";"723 673";"B01";"1";"33";"0";"2";"7";"3";"1";""
"202200050722";"723 680";"A01";"1";"7";"0";"2";"1";"19";"1";""
"202200050723";"723 674";"B01";"1";"7";"1";"0";"6";"23";"1";""
"202200050723";"723 681";"A01";"1";"7";"14";"0";"2";"1";"1";""
"202200050724";"723 671";"A01";"2";"7";"1";"2";"2";"1";"1";""
"202200050724";"723 677";"B01";"2";"10";"0";"2";"6";"23";"0";""
"202200050725";"723 670";"A01";"2";"7";"0";"2";"2";"1";"1";""
"202200050725";"723 675";"B01";"1";"7";"0";"2";"5";"15";"1";""
"202200050726";"723 672";"A01";"1";"32";"0";"1";"1";"1";"1";""
"202200050727";"723 662";"A01";"3";"3";"0";"2";"3";"1";"1";""
"202200050727";"723 667";"B01";"3";"2";"0";"2";"3";"1";"1";""
"202200050728";"723 663";"A01";"1";"13";"0";"0";"2";"15";"1";""
"202200050728";"723 666";"B01";"2";"31";"0";"0";"1";"1";"1";""
"202200050729";"723 661";"A01";"3";"7";"0";"2";"7";"10";"1";""
"202200050729";"723 668";"B01";"3";"2";"0";"2";"1";"1";"1";""
"202200050730";"723 659";"A01";"1";"7";"0";"2";"5";"16";"1";""
"202200050730";"723 664";"B01";"1";"30";"0";"2";"1";"2";"1";""
"202200050731";"723 658";"A01";"3";"7";"0";"1";"2";"1";"1";""
"202200050732";"723 657";"B01";"1";"7";"0";"2";"7";"1";"1";""
"202200050732";"723 665";"A01";"1";"32";"0";"2";"8";"11";"1";""
"202200050733";"723 655";"Z01";"1";"7";"0";"1";"1";"1";"0";""
"202200050734";"723 650";"A01";"0";"7";"0";"0";"3";"1";"1";""
"202200050735";"723 656";"B01";"2";"37";"0";"2";"2";"2";"3";"3"
"202200050735";"723 669";"A01";"2";"7";"0";"2";"4";"2";"2";""
"202200050736";"723 654";"A01";"2";"7";"6";"2";"8";"1";"1";""
"202200050736";"723 660";"B01";"2";"14";"6";"2";"1";"1";"0";""
"202200050737";"723 649";"A01";"3";"7";"0";"6";"1";"1";"1";""