"Num_Acc";"id_vehicule";"num_veh";"senc";"catv";"obs";"obsm";"choc";"manv";"motor";"occutc"
"202200050738";"723 646";"B01";"1";"1";"0";"2";"4";"1";"5";""
"202200050738";"723 652";"A01";"1";"7";"0";"2";"1";"2";"1";""
"202200050739";"723 653";"A01";"2";"10";"2";"0";"3";"13";"1";""
"202200050740";"723 645";"B01";"2";"7";"0";"2";"4";"23";"1";""
"202200050740";"723 651";"A01";"2";"7";"0";"2";"1";"2";"1";""
"202200050741";"723 644";"B01";"1";"7";"0";"2";"1";"1";"1";""
"202200050741";"723 648";"A01";"2";"10";"0";"2";"1";"13";"1";""
"202200050742";"723 643";"B01";"2";"33";"0";"2";"1";"1";"1";""
"202200050742";"723 647";"A01";"1";"7";"0";"2";"8";"15";"1";""
"202200050743";"723 642";"A01";"1";"2";"0";"0";"1";"1";"1";""
"202200050744";"723 641";"A01";"3";"37";"0";"1";"7";"7";"1";"1"
"202200050745";"723 639";"A01";"1";"7";"15";"0";"2";"1";"1";""
"202200050746";"723 636";"A01";"1";"7";"0";"1";"2";"1";"2";""
"202200050747";"723 634";"B01";"2";"7";"0";"2";"3";"1";"1";""
"202200050747";"723 638";"A01";"1";"33";"0";"2";"1";"13";"1";""
"202200050748";"723 633";"B01";"0";"7";"0";"2";"1";"2";"1";""
"202200050748";"723 637";"A01";"0";"21";"0";"2";"6";"1";"1";""
"202200050749";"723 635";"B01";"2";"7";"0";"2";"8";"1";"1";""
"202200050749";"723 640";"A01";"2";"17";"0";"2";"7";"12";"1";""
"202200050750";"723 631";"A01";"2";"7";"2";"0";"8";"1";"1";""
"202200050751";"723 626";"A01";"1";"30";"5";"0";"1";"1";"1";""
"202200050752";"723 624";"A01";"1";"30";"0";"0";"1";"1";"1";""
"202200050752";"723 630";"B01";"1";"30";"0";"0";"1";"1";"1";""
"202200050753";"723 621";"A01";"1";"7";"0";"1";"1";"1";"1";""
"202200050754";"723 619";"A01";"2";"7";"13";"0";"9";"1";"1";""
"202200050755";"723 618";"A01";"1";"34";"0";"2";"8";"1";"1";""
"202200050755";"723 623";"Z01";"1";"7";"0";"2";"5";"12";"1";""
"202200050756";"723 620";"Z01";"1";"7";"0";"0";"4";"2";"0";""
"202200050756";"723 628";"A01";"1";"31";"12";"2";"2";"2";"1";""
"202200050757";"723 615";"A01";"1";"7";"0";"2";"1";"1";"1";""
"202200050757";"723 625";"B01";"2";"10";"0";"2";"1";"15";"1";""
"202200050757";"723 629";"C01";"2";"7";"0";"2";"1";"1";"1";""
"202200050757";"723 632";"D01";"2";"7";"0";"2";"1";"23";"1";""
"202200050758";"723 613";"A01";"1";"33";"0";"0";"3";"15";"1";""
"202200050759";"723 614";"C01";"1";"7";"0";"0";"4";"23";"1";""
"202200050759";"723 617";"B01";"1";"7";"0";"2";"4";"2";"1";""
"202200050759";"723 622";"A01";"1";"10";"0";"2";"1";"2";"1";""
"202200050760";"723 610";"A01";"1";"1";"0";"1";"1";"25";"5";""
"202200050761";"723 604";"A01";"1";"7";"15";"0";"1";"1";"1";""
"202200050762";"723 601";"Z01";"0";"10";"0";"0";"0";"0";"0";""
"202200050762";"723 607";"A01";"1";"33";"0";"2";"7";"0";"1";""
"202200050763";"723 598";"A01";"1";"7";"0";"2";"1";"2";"1";""
"202200050763";"723 612";"B01";"1";"7";"0";"2";"4";"2";"2";""
"202200050763";"723 616";"C01";"1";"7";"3";"2";"4";"2";"2";""
"202200050763";"723 627";"D01";"1";"7";"0";"0";"4";"2";"1";""
"202200050764";"723 599";"B01";"1";"7";"0";"2";"3";"9";"1";""
"202200050764";"723 605";"A01";"2";"7";"0";"2";"2";"1";"1";""
"202200050765";"723 596";"A01";"1";"7";"0";"2";"3";"13";"1";""
"202200050765";"723 603";"B01";"2";"7";"0";"2";"3";"1";"1";""
"202200050766";"723 594";"A01";"3";"7";"0";"1";"2";"26";"1";""
"202200050767";"723 591";"B01";"2";"10";"0";"2";"4";"1";"1";""
"202200050767";"723 597";"D01";"2";"7";"0";"0";"4";"1";"1";""
"202200050767";"723 602";"C01";"2";"7";"0";"2";"4";"1";"1";""
"202200050767";"723 608";"A01";"2";"10";"0";"2";"1";"1";"1";""
"202200050768";"723 595";"A01";"1";"7";"0";"2";"2";"1";"1";""
"202200050768";"723 609";"B01";"1";"33";"0";"2";"1";"17";"1";""
"202200050769";"723 593";"D01";"1";"30";"0";"2";"7";"23";"3";""
"202200050769";"723 600";"C01";"1";"7";"0";"2";"6";"23";"1";""
"202200050769";"723 606";"B01";"1";"7";"0";"2";"4";"1";"2";""
"202200050769";"723 611";"A01";"1";"7";"0";"2";"1";"17";"1";""
"202200050770";"723 588";"A01";"1";"10";"0";"1";"1";"1";"1";""
"202200050771";"723 587";"A01";"1";"7";"0";"2";"3";"18";"1";""
"202200050771";"723 590";"B01";"1";"7";"0";"2";"5";"1";"1";""
"202200050772";"723 585";"B01";"1";"33";"0";"2";"1";"1";"1";""
"202200050772";"723 589";"A01";"1";"7";"0";"0";"3";"15";"1";""
"202200050773";"723 586";"A01";"0";"7";"0";"2";"1";"1";"1";""
"202200050773";"723 592";"B01";"2";"7";"0";"2";"3";"1";"1";""
"202200050774";"723 583";"A01";"1";"7";"0";"1";"2";"1";"1";""
"202200050775";"723 581";"A01";"2";"33";"8";"0";"1";"13";"1";""
"202200050776";"723 580";"B01";"0";"33";"0";"2";"1";"1";"1";""
"202200050776";"723 584";"A01";"3";"7";"0";"2";"3";"10";"1";""
"202200050777";"723 577";"A01";"3";"33";"0";"1";"1";"1";"1";""
"202200050778";"723 574";"A01";"2";"7";"0";"1";"3";"1";"1";""
"202200050779";"723 571";"B01";"2";"7";"0";"2";"4";"2";"1";""
"202200050779";"723 579";"A01";"2";"7";"0";"2";"1";"2";"1";""
"202200050780";"723 570";"A01";"3";"7";"0";"2";"3";"9";"1";""
"202200050780";"723 575";"B01";"3";"2";"0";"2";"7";"15";"1";""
"202200050781";"723 568";"A01";"1";"7";"6";"2";"1";"2";"1";""
"202200050781";"723 573";"B01";"1";"10";"6";"0";"4";"2";"0";""
"202200050782";"723 569";"A01";"1";"7";"0";"2";"2";"12";"1";""
"202200050782";"723 572";"B01";"1";"10";"0";"2";"3";"2";"1";""
"202200050782";"723 578";"C01";"1";"7";"0";"2";"4";"2";"1";""
"202200050782";"723 582";"D01";"1";"17";"0";"2";"4";"1";"1";""
"202200050783";"723 567";"B01";"1";"1";"0";"0";"2";"1";"5";""
"202200050783";"723 576";"A01";"1";"7";"0";"0";"8";"9";"1";""
"202200050784";"723 566";"A01";"0";"3";"0";"1";"3";"2";"0";""
"202200050785";"723 561";"A01";"2";"10";"0";"2";"2";"15";"1";""
"202200050785";"723 565";"B01";"1";"33";"0";"2";"1";"1";"1";""
"202200050786";"723 560";"A01";"1";"7";"0";"2";"3";"10";"3";""
"202200050786";"723 564";"B01";"1";"50";"0";"2";"2";"17";"3";""
"202200050787";"723 555";"B01";"1";"1";"0";"2";"0";"0";"5";""
"202200050787";"723 563";"A01";"2";"7";"0";"2";"3";"9";"1";""
"202200050788";"723 553";"A01";"1";"7";"13";"0";"1";"13";"1";""
"202200050789";"723 556";"A01";"2";"7";"0";"2";"3";"5";"1";""
"202200050789";"723 562";"B01";"1";"2";"0";"2";"2";"1";"3";""
"202200050790";"723 554";"A01";"2";"33";"8";"0";"0";"1";"1";""
"202200050791";"723 550";"A01";"1";"7";"0";"2";"3";"16";"1";""
"202200050791";"723 557";"B01";"2";"1";"0";"2";"1";"1";"5";""
"202200050792";"723 548";"C01";"1";"7";"0";"2";"4";"1";"1";""
"202200050792";"723 551";"B01";"1";"7";"0";"2";"6";"1";"1";""
"202200050792";"723 558";"A01";"1";"7";"0";"2";"9";"12";"1";""
"202200050793";"723 549";"C01";"0";"7";"0";"2";"4";"1";"1";""
"202200050793";"723 552";"B01";"0";"7";"0";"2";"4";"9";"1";""
"202200050793";"723 559";"A01";"0";"7";"0";"2";"1";"9";"1";""
"202200050794";"723 546";"A01";"2";"7";"0";"2";"1";"2";"1";""
"202200050794";"723 547";"B01";"2";"7";"0";"2";"4";"2";"1";""
"202200050795";"723 545";"A01";"0";"14";"0";"0";"3";"1";"6";""
"202200050796";"723 538";"A01";"3";"2";"12";"0";"2";"1";"1";""
"202200050797";"723 537";"B01";"2";"17";"0";"0";"6";"1";"1";""
"202200050797";"723 542";"A01";"2";"10";"3";"2";"2";"14";"1";""
"202200050798";"723 540";"A01";"0";"1";"0";"0";"0";"1";"5";""
"202200050799";"723 536";"B01";"1";"34";"0";"2";"1";"1";"1";""
"202200050799";"723 543";"A01";"3";"7";"0";"2";"3";"15";"1";""
"202200050800";"723 532";"B01";"1";"7";"0";"2";"0";"0";"1";""
"202200050800";"723 534";"A01";"1";"7";"0";"2";"1";"1";"1";""
"202200050801";"723 533";"B01";"1";"10";"0";"2";"1";"15";"1";""
"202200050801";"723 544";"A01";"1";"33";"0";"2";"1";"1";"1";""
"202200050802";"723 529";"A01";"2";"17";"1";"0";"2";"21";"1";""
"202200050803";"723 528";"B01";"1";"7";"0";"2";"2";"1";"0";""
"202200050803";"723 535";"A01";"3";"2";"0";"2";"8";"16";"1";""
"202200050804";"723 527";"A01";"2";"7";"0";"9";"2";"15";"1";""
"202200050804";"723 531";"B01";"1";"33";"0";"2";"1";"1";"1";""
"202200050805";"723 525";"A01";"2";"10";"0";"1";"1";"1";"1";""
"202200050806";"723 524";"A01";"3";"1";"0";"1";"3";"1";"5";""
"202200050807";"723 518";"B01";"2";"33";"0";"2";"1";"1";"1";""
"202200050807";"723 521";"A01";"2";"7";"0";"2";"3";"10";"1";""
"202200050808";"723 523";"A01";"2";"7";"0";"2";"4";"1";"3";""
"202200050808";"723 526";"B01";"2";"1";"16";"0";"4";"0";"5";""
"202200050809";"723 515";"A01";"1";"7";"14";"9";"4";"23";"1";""
"202200050809";"723 520";"B01";"2";"14";"14";"0";"1";"26";"1";""
"202200050810";"723 517";"A01";"1";"10";"0";"2";"7";"15";"1";""
"202200050810";"723 522";"B01";"1";"2";"0";"2";"1";"1";"1";""
"202200050811";"723 512";"B01";"2";"7";"0";"2";"8";"13";"1";""
"202200050811";"723 519";"A01";"2";"10";"0";"2";"7";"1";"1";""
"202200050812";"723 513";"A01";"1";"7";"0";"1";"1";"0";"1";""
"202200050813";"723 510";"A01";"3";"7";"0";"2";"1";"19";"1";""
"202200050813";"723 516";"B01";"2";"80";"0";"2";"8";"1";"3";""
"202200050814";"723 511";"A01";"1";"7";"0";"1";"1";"1";"1";""
"202200050815";"723 508";"A01";"1";"36";"16";"0";"0";"17";"1";""
"202200050816";"723 509";"A01";"1";"7";"0";"2";"3";"17";"1";""
"202200050816";"723 514";"B01";"2";"7";"0";"2";"3";"1";"1";""
"202200050817";"723 507";"A01";"3";"1";"12";"0";"0";"1";"5";""
"202200050818";"723 506";"A01";"0";"7";"0";"1";"1";"15";"1";""
"202200050819";"723 503";"A01";"2";"7";"4";"0";"3";"13";"1";""
"202200050820";"723 498";"A01";"1";"33";"0";"5";"1";"1";"1";""
"202200050821";"723 494";"B01";"3";"50";"0";"2";"3";"9";"3";""
"202200050821";"723 502";"A01";"3";"7";"0";"2";"7";"1";"1";""
"202200050822";"723 493";"B01";"2";"33";"0";"2";"1";"1";"1";""
"202200050822";"723 499";"A01";"2";"7";"0";"2";"7";"10";"1";""
"202200050823";"723 492";"A01";"1";"7";"0";"2";"3";"15";"2";""
"202200050823";"723 497";"B01";"1";"32";"0";"2";"2";"17";"1";""
"202200050824";"723 496";"B01";"1";"7";"0";"2";"7";"16";"1";""
"202200050824";"723 500";"A01";"1";"32";"0";"2";"1";"18";"1";""
"202200050825";"723 491";"B01";"3";"1";"0";"2";"1";"26";"5";""
"202200050825";"723 495";"A01";"3";"7";"0";"9";"2";"1";"2";""
"202200050826";"723 489";"A01";"0";"7";"0";"1";"2";"16";"1";""
"202200050827";"723 488";"B01";"2";"7";"0";"2";"4";"1";"1";""
"202200050827";"723 490";"A01";"2";"7";"0";"2";"1";"2";"1";""
"202200050828";"723 486";"A01";"1";"7";"0";"1";"1";"1";"1";""
"202200050829";"723 482";"A01";"2";"7";"0";"1";"3";"1";"1";""
"202200050830";"723 481";"A01";"2";"7";"0";"1";"3";"1";"1";""
"202200050831";"723 476";"B01";"2";"7";"0";"2";"8";"1";"3";""
"202200050831";"723 484";"C01";"2";"7";"0";"2";"7";"12";"1";""
"202200050831";"723 487";"A01";"2";"10";"0";"2";"4";"1";"1";""
"202200050832";"723 480";"A01";"2";"50";"0";"2";"3";"12";"3";""
"202200050832";"723 485";"B01";"2";"7";"0";"2";"3";"1";"1";""
"202200050833";"723 477";"A01";"2";"10";"0";"2";"1";"9";"1";""
"202200050833";"723 483";"B01";"2";"2";"0";"2";"7";"15";"1";""
"202200050834";"723 473";"B01";"1";"7";"0";"2";"3";"1";"1";""
"202200050834";"723 478";"A01";"1";"31";"0";"2";"2";"17";"1";""
"202200050835";"723 471";"A01";"1";"7";"0";"2";"1";"2";"1";""
"202200050835";"723 475";"B01";"1";"7";"0";"2";"4";"0";"1";""
"202200050836";"723 472";"B01";"0";"32";"0";"2";"5";"1";"1";""
"202200050836";"723 479";"A01";"0";"32";"0";"2";"1";"18";"1";""
"202200050837";"723 469";"B01";"1";"1";"0";"2";"2";"26";"5";""
"202200050837";"723 474";"A01";"1";"7";"0";"2";"1";"26";"1";""
"202200050838";"723 468";"A01";"1";"33";"6";"0";"1";"17";"1";""
"202200050839";"723 467";"A01";"1";"7";"0";"0";"8";"19";"1";""
"202200050839";"723 470";"B01";"1";"33";"0";"2";"1";"1";"0";""
"202200050840";"723 457";"B01";"3";"34";"0";"2";"4";"2";"1";""
"202200050840";"723 463";"A01";"3";"7";"0";"2";"1";"2";"2";""
"202200050841";"723 456";"A01";"2";"7";"0";"2";"1";"2";"1";""
"202200050841";"723 462";"B01";"2";"7";"0";"2";"4";"2";"1";""
"202200050841";"723 466";"C01";"2";"7";"0";"2";"8";"1";"1";""
"202200050842";"723 453";"B01";"2";"7";"0";"2";"4";"2";"1";""
"202200050842";"723 464";"A01";"2";"7";"0";"2";"1";"2";"1";""
"202200050843";"723 451";"A01";"2";"2";"0";"2";"1";"3";"1";""
"202200050843";"723 458";"B01";"1";"14";"1";"2";"3";"1";"1";""
"202200050843";"723 465";"Z01";"2";"10";"0";"2";"8";"1";"1";""
"202200050844";"723 455";"B01";"1";"50";"0";"2";"1";"3";"3";""
"202200050844";"723 459";"A01";"1";"7";"0";"2";"1";"2";"1";""
"202200050845";"723 454";"A01";"3";"7";"0";"1";"0";"9";"1";""
"202200050846";"723 450";"A01";"3";"7";"0";"1";"3";"0";"1";""
"202200050847";"723 452";"B01";"1";"7";"0";"2";"4";"24";"1";""
"202200050847";"723 460";"A01";"1";"31";"0";"2";"1";"1";"1";""
"202200050848";"723 447";"A01";"1";"7";"4";"0";"1";"17";"1";""
"202200050849";"723 446";"A01";"1";"7";"1";"1";"5";"20";"1";""
"202200050850";"723 443";"A01";"3";"1";"6";"0";"1";"0";"5";""
"202200050851";"723 442";"A01";"1";"10";"0";"2";"1";"1";"1";""
"202200050851";"723 444";"B01";"2";"50";"0";"2";"2";"19";"3";""
"202200050852";"723 441";"A01";"2";"7";"0";"0";"9";"1";"1";""
"202200050853";"723 436";"A01";"3";"7";"0";"2";"1";"2";"1";""
"202200050853";"723 438";"B01";"3";"60";"0";"0";"4";"0";"5";""
"202200050854";"723 435";"A01";"3";"7";"8";"2";"1";"19";"1";""
"202200050854";"723 439";"B01";"3";"99";"0";" -1";"2";"26";"0";""
"202200050855";"723 434";"A01";"1";"7";"4";"0";"1";"0";"1";""
"202200050856";"723 449";"B01";"1";"2";"0";"2";"1";"1";"1";""
"202200050856";"723 461";"A01";"1";"7";"0";"2";"7";"1";"1";""
"202200050857";"723 432";"B01";"1";"7";"0";"0";"0";"21";"1";""
"202200050857";"723 437";"A01";"1";"7";"1";"0";"1";"13";"1";""
"202200050858";"723 433";"B01";"1";"7";"0";"2";"9";"1";"1";""
"202200050858";"723 440";"C01";"1";"7";"0";"2";"9";"1";"1";""
"202200050858";"723 445";"A01";"1";"7";"0";"2";"1";"17";"1";""
"202200050859";"723 430";"B01";"2";"7";"5";"2";"5";"1";"1";""
"202200050859";"723 448";"A01";"2";"15";"0";"2";"2";"9";"1";""
"202200050860";"723 428";"A01";"1";"7";"0";"2";"2";"9";"1";""
"202200050860";"723 431";"B01";"1";"30";"0";"2";"7";"1";"1";""
"202200050861";"723 427";"A01";"3";"33";"0";"0";"8";"10";"1";""
"202200050862";"723 425";"B01";"3";"1";"0";"2";"7";"1";"5";""
"202200050862";"723 429";"A01";"3";"7";"0";"2";"1";"9";"1";""
"202200050863";"723 422";"A01";"0";"32";"15";"0";"1";"0";"1";""
"202200050864";"723 421";"A01";"2";"32";"0";"2";"2";"17";"1";""
"202200050864";"723 423";"B01";"2";"7";"0";"2";"8";"15";"1";""
"202200050865";"723 418";"A01";"2";"7";"0";"2";"1";"1";"1";""
"202200050865";"723 424";"B01";"1";"7";"0";"2";"7";"1";"1";""
"202200050866";"723 415";"C01";"2";"10";"0";"0";"4";"23";"1";""
"202200050866";"723 416";"B01";"2";"7";"0";"2";"9";"1";"1";""
"202200050866";"723 420";"A01";"2";"7";"0";"2";"1";"26";"1";""
"202200050867";"723 414";"A01";"2";"2";"12";"0";"1";"13";"1";""
"202200050868";"723 413";"B01";"1";"7";"0";"2";"1";"1";" -1";""
"202200050868";"723 417";"A01";"1";"7";"0";"2";"4";"1";" -1";""
"202200050869";"723 411";"D01";"2";"7";"0";"2";"1";"2";"1";""
"202200050869";"723 419";"C01";"2";"7";"0";"2";"1";"2";"2";""
"202200050869";"723 426";"B01";"2";"7";"1";"0";"1";"2";"2";""
"202200050870";"723 410";"A01";"2";"7";"0";"2";"0";"1";"0";""
"202200050870";"723 412";"B01";"2";"2";"0";"2";"2";"5";"1";""
"202200050871";"723 406";"A01";"2";"7";"0";"2";"7";"15";"1";""
"202200050871";"723 408";"B01";"1";"30";"0";"2";"1";"1";"1";""
"202200050872";"723 405";"A01";"1";"7";"0";"2";"5";"22";"2";""
"202200050872";"723 409";"B01";"1";"80";"0";"2";"1";"18";"3";""
"202200050873";"723 403";"A01";"1";"7";"0";"2";"3";"2";"1";""
"202200050873";"723 407";"B01";"3";"99";"0";"2";"1";"26";"3";""
"202200050874";"723 395";"B01";"2";"33";"0";"2";"1";"3";"1";""
"202200050874";"723 399";"A01";"2";"7";"0";"2";"2";"12";"1";""
"202200050875";"723 397";"B01";"2";"7";"0";"2";"4";"2";"1";""
"202200050875";"723 402";"A01";"2";"7";"0";"2";"1";"2";"1";""
"202200050876";"723 394";"A01";"2";"1";"0";"9";"1";"13";"5";""
"202200050876";"723 400";"B01";"2";"1";"0";"9";"1";"21";"5";""
"202200050877";"723 393";"A01";"3";"7";"0";"2";"2";"1";"1";""
"202200050877";"723 404";"B01";"2";"1";"0";"2";"1";"15";"5";""
"202200050878";"723 392";"B01";"3";"10";"0";"2";"1";"15";"1";""
"202200050878";"723 398";"A01";"3";"32";"0";"2";"1";"11";"1";""
"202200050879";"723 391";"A01";"1";"10";"0";"2";"0";"0";"1";""
"202200050879";"723 396";"B01";"1";"7";"0";"2";"0";"0";"1";""
"202200050879";"723 401";"C01";"1";"7";"0";"2";"0";"0";"1";""
"202200050880";"723 387";"B01";"1";"33";"0";"2";"1";"2";"1";""
"202200050880";"723 389";"A01";"1";"7";"0";"2";"5";"12";"1";""
"202200050881";"723 386";"B01";"1";"7";"0";"2";"2";"1";"1";""
"202200050881";"723 390";"A01";"3";"33";"0";"2";"8";"15";"1";""
"202200050882";"723 380";"A01";"1";"7";"0";"2";"1";"2";"1";""
"202200050882";"723 385";"B01";"1";"7";"0";"0";"4";"23";"1";""
"202200050883";"723 379";"B01";"3";"2";"0";"2";"1";"1";"1";""
"202200050883";"723 383";"A01";"2";"7";"0";"2";"1";"15";"1";""
"202200050884";"723 378";"A01";"1";"7";"0";"2";"3";"11";"1";""
"202200050884";"723 382";"B01";"1";"33";"0";"2";"7";"3";"1";""
"202200050885";"723 376";"C01";"1";"7";"0";"2";"4";"2";"1";""
"202200050885";"723 381";"B01";"1";"7";"0";"2";"4";"2";"1";""
"202200050885";"723 388";"A01";"1";"7";"0";"2";"1";"2";"1";""
"202200050886";"723 374";"B01";"1";"10";"0";"2";"8";"1";"1";""
"202200050886";"723 384";"A01";"1";"1";"0";"2";"1";"11";"5";""
"202200050887";"723 371";"A01";"2";"43";"0";"2";"1";"3";"1";""
"202200050887";"723 373";"B01";"2";"43";"0";"2";"4";"3";"1";""
"202200050887";"723 375";"C01";"2";"7";"0";"2";"8";"1";"1";""
"202200050887";"723 377";"D01";"2";"7";"0";"2";"2";"2";"1";""
"202200050888";"723 372";"A01";"2";"7";"1";"0";"2";"14";"1";""
"202200050889";"723 369";"A01";"2";"7";"0";"2";"3";"9";"1";""
"202200050889";"723 370";"B01";"2";"7";"0";"2";"1";"13";" -1";""
"202200050890";"723 368";"A01";"2";"7";"0";"0";"3";"12";"1";""
"202200050891";"723 366";"A01";"2";"7";"0";"1";"1";"1";"1";""
"202200050892";"723 364";"B01";"1";"33";"0";"2";"1";"1";"1";""
"202200050892";"723 367";"A01";"2";"7";"0";"2";"2";"15";"1";""
"202200050893";"723 362";"A01";"2";"7";"0";"2";"1";"1";"1";""
"202200050893";"723 365";"B01";"2";"7";"0";"2";"4";"2";"1";""
"202200050894";"723 357";"B01";"1";"7";"1";"2";"4";"2";"1";""
"202200050894";"723 361";"A01";"1";"7";"0";"2";"1";"2";"1";""
"202200050895";"723 360";"A01";"1";"33";"4";"0";"8";"13";"1";""
"202200050896";"723 359";"A01";"1";"7";"0";"2";"2";"1";"1";""
"202200050896";"723 363";"B01";"3";"7";"0";"2";"0";"0";"1";""
"202200050897";"723 354";"B01";"2";"10";"0";"2";"5";"2";"1";""
"202200050897";"723 355";"A01";"2";"43";"0";"2";"3";"13";"1";""
"202200050898";"723 350";"A01";"2";"7";"0";"2";"1";"15";"1";""
"202200050898";"723 353";"B01";"1";"1";"0";"2";"8";"9";"5";""
"202200050899";"723 352";"A01";"3";"30";"11";"0";"0";"0";"1";""
"202200050899";"723 358";"B01";"3";"7";"0";"2";"1";"1";"1";""
"202200050900";"723 351";"A01";"2";"7";"0";"2";"1";"11";"1";""
"202200050900";"723 356";"B01";"2";"10";"0";"2";"4";"1";"1";""
"202200050901";"723 348";"A01";"3";"32";"0";"1";"1";"13";"0";""
"202200050902";"723 347";"A01";"1";"32";"0";"0";"8";"1";"1";""
"202200050903";"723 345";"B01";"1";"31";"0";"2";"0";"1";"1";""
"202200050903";"723 349";"A01";"1";"7";"0";"0";"0";"9";"1";""
"202200050904";"723 342";"B01";"3";"7";"0";"2";"4";"1";"1";""
"202200050904";"723 346";"A01";"3";"7";"0";"2";"1";"1";"1";""
"202200050905";"723 340";"A01";"1";"33";"0";"0";"2";"1";"1";""
"202200050906";"723 338";"A01";"1";"1";"0";"9";"1";"1";"5";""
"202200050906";"723 341";"B01";"2";"99";"0";"9";"1";"1";"3";""
"202200050907";"723 337";"B01";"1";"7";"8";"0";"1";"19";"1";""
"202200050907";"723 344";"A01";"2";"2";"8";"2";"1";"2";"1";""
"202200050908";"723 339";"A01";"3";"1";"0";"2";"1";"1";"5";""
"202200050908";"723 343";"B01";"3";"7";"0";"2";"8";"15";"1";""
"202200050909";"723 333";"B01";"1";"7";"0";"2";"1";"1";"1";""
"202200050909";"723 336";"A01";"2";"7";"0";"2";"1";"17";"1";""
"202200050910";"723 330";"B01";"2";"80";"0";"2";"7";"15";"3";""
"202200050910";"723 335";"A01";"1";"7";"0";"2";"3";"9";"1";""
"202200050911";"723 325";"A01";"1";"10";"0";"1";"1";"16";"1";""
"202200050912";"723 326";"A01";"1";"7";"0";"2";"2";"15";"2";""
"202200050912";"723 332";"B01";"1";"7";"0";"2";"1";"1";"1";""
"202200050913";"723 328";"A01";"3";"80";"0";"0";"1";"1";"3";""
"202200050914";"723 327";"B01";"1";"1";"0";"2";"1";"1";"5";""
"202200050914";"723 331";"A01";"2";"7";"0";"2";"2";"15";"1";""
"202200050915";"723 324";"B01";"3";"7";"0";"2";"4";"23";"1";""
"202200050915";"723 329";"A01";"3";"7";"0";"2";"1";"1";"1";""
"202200050915";"723 334";"C01";"3";"15";"0";"2";"3";"23";"1";""
"202200050916";"723 322";"A01";"1";"10";"6";"1";"1";"20";"1";""
"202200050917";"723 318";"A01";"2";"7";"0";"1";"3";"1";"1";""
"202200050918";"723 315";"A01";"1";"7";"1";"0";"2";"14";"1";""
"202200050919";"723 317";"B01";"1";"50";"0";"0";"1";"1";"3";""
"202200050919";"723 321";"A01";"1";"7";"0";"9";"1";"16";"1";""
"202200050920";"723 316";"A01";"1";"1";"0";"2";"8";"13";"5";""
"202200050920";"723 320";"B01";"1";"7";"0";"2";"7";"1";"1";""
"202200050921";"723 314";"C01";"1";"7";"0";"2";"4";"1";"1";""
"202200050921";"723 319";"B01";"1";"7";"0";"2";"1";"1";"1";""
"202200050921";"723 323";"A01";"1";"7";"0";"2";"1";"1";"1";""
"202200050922";"723 311";"B01";"2";"1";"0";"2";"1";"12";"5";""
"202200050922";"723 313";"A01";"1";"1";"0";"2";"1";"11";"5";""
"202200050923";"723 309";"A01";"3";"1";"0";"2";"7";"1";"5";""
"202200050924";"723 310";"A01";"1";"32";"0";"2";"5";"1";"1";""
"202200050924";"723 312";"Z01";"1";"7";"0";"2";"3";"10";"0";""
"202200050925";"723 307";"A01";"0";"7";"13";"0";"1";"1";"1";""
"202200050926";"723 305";"A01";"2";"3";"0";"2";"3";"13";"1";""
"202200050926";"723 308";"B01";"1";"7";"0";"2";"8";"1";"1";""
"202200050927";"723 303";"B01";"0";"7";"0";"2";"1";"1";"1";""
"202200050928";"723 302";"B01";"1";"7";"0";"2";"2";"2";"1";""
"202200050928";"723 304";"A01";"1";"33";"0";"2";"5";"2";"1";""
"202200050929";"723 301";"B01";"2";"7";"0";"2";"4";"23";"1";""
"202200050929";"723 306";"A01";"2";"7";"0";"2";"1";"0";"1";""
"202200050930";"723 297";"A01";"1";"7";"0";"2";"3";"15";"1";""
"202200050930";"723 300";"B01";"1";"30";"0";"2";"1";"1";"3";""
"202200050931";"723 299";"Z01";"2";"50";"0";"1";"1";"25";"3";""
"202200050932";"723 296";"B01";"1";"33";"0";"2";"0";"0";"1";""
"202200050932";"723 298";"A01";"1";"7";"0";"2";"3";"13";"1";""
"202200050933";"723 290";"A01";"1";"33";"1";"0";"0";"26";"1";""
"202200050934";"723 292";"A01";"3";"1";"0";"2";"1";"0";"0";""
"202200050934";"723 294";"B01";"2";"7";"0";"2";"3";"1";"1";""
"202200050935";"723 293";"A01";"2";"80";"0";"2";"1";"1";"3";""
"202200050935";"723 295";"Z01";"2";"7";"0";"2";"8";"22";"2";""
"202200050936";"723 288";"A01";"2";"1";"0";"0";"0";"21";"5";""
"202200050937";"723 283";"A01";"2";"7";"0";"1";"1";"1";"1";""
"202200050938";"723 282";"A01";"1";"7";"0";"1";"2";"16";"1";""
"202200050939";"723 281";"A01";"2";"50";"0";"0";"0";"26";"3";""
"202200050940";"723 279";"B01";"1";"33";"0";"2";"1";"1";"1";""
"202200050940";"723 280";"A01";"2";"13";"0";"2";"7";"15";"0";""
"202200050941";"723 277";"B01";"3";"33";"0";"2";"8";"1";"1";""
"202200050941";"723 278";"A01";"3";"10";"0";"2";"2";"12";"1";""
"202200050942";"723 275";"Z01";"2";"7";"12";"0";"0";"5";"0";""
"202200050942";"723 276";"B01";"0";"32";"0";"0";"0";"26";"0";""
"202200050943";"723 273";"B01";"1";"1";"0";"2";"1";"0";"5";""