"Num_Acc";"id_vehicule";"num_veh";"senc";"catv";"obs";"obsm";"choc";"manv";"motor";"occutc"
"202200051605";"722 139";"A01";"1";"7";"0";"2";"3";"15";"0";""
"202200051605";"722 143";"B01";"2";"2";"0";"2";"7";"1";"1";""
"202200051606";"722 138";"A01";"1";"10";"0";"2";"1";"1";"1";""
"202200051606";"722 140";"B01";"1";"2";"0";"2";"3";"2";"1";""
"202200051607";"722 132";"A01";"3";"7";"0";"2";"1";"2";"1";""
"202200051607";"722 135";"B01";"3";"7";"0";"2";"4";"2";"1";""
"202200051607";"722 137";"C01";"0";"10";"0";"2";"4";"2";"1";""
"202200051608";"722 129";"B01";"2";"7";"0";"2";"3";"1";"1";""
"202200051608";"722 134";"A01";"1";"7";"0";"2";"3";"13";"1";""
"202200051609";"722 124";"A01";"1";"7";"4";"0";"2";"0";"1";""
"202200051609";"722 127";"B01";"1";"7";"14";"0";"1";"1";"1";""
"202200051609";"722 133";"C01";"1";"15";"0";"2";"6";"1";"1";""
"202200051610";"722 126";"C01";"0";"10";"0";"2";"4";"23";"1";""
"202200051610";"722 128";"B01";"0";"7";"0";"2";"4";"23";"1";""
"202200051610";"722 131";"A01";"0";"7";"0";"2";"1";"2";"1";""
"202200051611";"722 122";"B01";"1";"7";"0";"2";"1";"2";"1";""
"202200051611";"722 125";"A01";"1";"7";"0";"0";"6";"1";"2";""
"202200051612";"722 119";"A01";"2";"1";"0";"2";"1";"15";"5";""
"202200051612";"722 121";"B01";"1";"7";"0";"2";"1";"1";"1";""
"202200051613";"722 118";"A01";"1";"7";"1";"0";"1";"17";"1";""
"202200051613";"722 120";"B01";"1";"7";"1";"0";"4";"23";"1";""
"202200051613";"722 123";"C01";"1";"7";"1";"0";"4";"23";"1";""
"202200051613";"722 130";"D01";"1";"7";"1";"0";"4";"23";"1";""
"202200051613";"722 136";"E01";"1";"7";"0";"0";"4";"23";"1";""
"202200051614";"722 115";"A01";"1";"7";"0";"2";"3";"2";"1";""
"202200051614";"722 117";"B01";"1";"2";"0";"2";"2";"1";"1";""
"202200051615";"722 114";"B01";"1";"31";"0";"2";"5";"1";"1";""
"202200051615";"722 116";"A01";"1";"7";"0";"2";"5";"9";"1";""
"202200051616";"722 110";"A01";"2";"32";"13";"0";"1";"1";"1";""
"202200051617";"722 108";"A01";"2";"7";"0";"1";"1";"0";"0";""
"202200051618";"722 109";"A01";"1";"7";"0";"2";"2";"17";"1";""
"202200051618";"722 112";"B01";"1";"21";"0";"2";"3";"15";"1";""
"202200051619";"722 107";"A01";"3";"7";"0";"2";"3";"9";"1";""
"202200051619";"722 113";"B01";"3";"7";"0";"2";"8";"1";"1";""
"202200051620";"722 106";"A01";"3";"1";"0";"2";"2";"1";"5";""
"202200051620";"722 111";"B01";"3";"7";"0";"2";"2";"23";"1";""
"202200051621";"722 105";"A01";"1";"7";"2";"0";"3";"9";"1";""
"202200051622";"722 101";"B01";"2";"43";"0";"2";"1";"1";"1";""
"202200051622";"722 104";"A01";"1";"7";"0";"2";"2";"13";"1";""
"202200051623";"722 100";"A01";"1";"30";"8";"2";"1";"16";"1";""
"202200051623";"722 103";"B01";"1";"7";"0";"2";"6";"16";"1";""
"202200051624";"722 099";"A01";"0";"99";"0";"0";"4";"2";"6";""
"202200051624";"722 102";"B01";"0";"33";"0";"2";"1";"21";"6";""
"202200051625";"722 098";"A01";"2";"7";"0";"0";"2";"14";"1";""
"202200051626";"722 097";"A01";"1";"31";"13";"0";"9";"13";"1";""
"202200051627";"722 092";"A01";"1";"31";"0";"2";"7";"1";"3";""
"202200051627";"722 095";"Z01";"1";"0";"0";"2";"0";"17";"0";""
"202200051628";"722 089";"B01";"0";"7";"0";"2";"0";"0";"1";""
"202200051628";"722 093";"A01";"0";"33";"0";"2";"0";"0";"1";""
"202200051629";"722 088";"A01";"2";"33";"0";"2";"1";"2";"1";""
"202200051629";"722 090";"B01";"2";"10";"0";"2";"5";"2";"1";""
"202200051630";"722 086";"C01";"1";"7";"0";"2";"3";"1";"2";""
"202200051630";"722 094";"B01";"2";"7";"0";"2";"3";"13";"1";""
"202200051630";"722 096";"A01";"1";"14";"0";"2";"8";"1";"1";""
"202200051631";"722 087";"B01";"1";"31";"0";"2";"7";"1";"1";""
"202200051631";"722 091";"A01";"2";"7";"0";"2";"1";"1";"1";""
"202200051632";"722 084";"A01";"1";"7";"8";"0";"2";"1";"1";""
"202200051633";"722 082";"A01";"1";"33";"0";"0";"0";"1";"1";""
"202200051634";"722 081";"A01";"2";"7";"12";"0";"0";"9";"1";""
"202200051635";"722 083";"A01";"2";"7";"0";"2";"1";"1";"1";""
"202200051635";"722 085";"B01";"2";"10";"0";"2";"4";"1";"1";""
"202200051636";"722 075";"A01";"3";"7";"0";"2";"3";"9";"1";""
"202200051636";"722 077";"B01";"2";"10";"0";"2";"2";"1";"1";""
"202200051637";"722 078";"A01";"1";"30";"0";"2";"1";"1";"1";""
"202200051637";"722 080";"B01";"2";"7";"0";"2";"2";"15";"1";""
"202200051638";"722 076";"B01";" -1";"10";"0";"2";"3";"1";"1";""
"202200051638";"722 079";"A01";" -1";"15";"0";"2";"3";"13";"1";""
"202200051639";"722 071";"A01";"2";"7";"13";"0";"3";"1";"1";""
"202200051640";"722 072";"A01";"2";"7";"13";"0";"1";"16";"1";""
"202200051641";"722 069";"A01";"0";"10";"0";"1";"1";"1";"1";""
"202200051642";"722 067";"A01";"2";"7";"0";"1";"3";"26";"1";""
"202200051643";"722 068";"A01";"2";"1";"0";"0";"4";"0";"5";""
"202200051643";"722 073";"B01";"1";"7";"0";"2";"8";"1";"1";""
"202200051643";"722 074";"Z01";"2";"50";"0";"2";"1";"1";"3";""
"202200051644";"722 070";"A01";"1";"7";"6";"0";"1";"9";"1";""
"202200051645";"722 065";"A01";"1";"32";"0";"1";"0";"25";"0";""
"202200051646";"722 063";"B01";"1";"7";"0";"2";"3";"1";"1";""
"202200051646";"722 064";"A01";"2";"7";"0";"2";"3";"13";"1";""
"202200051647";"722 062";"B01";"1";"10";"0";"9";"0";"0";"0";""
"202200051647";"722 066";"A01";"1";"33";"0";"0";"0";"0";"1";""
"202200051648";"722 061";"A01";"1";"7";"6";"0";"3";"26";"1";""
"202200051649";"722 060";"A01";"0";"7";"0";"0";"0";"14";"1";""
"202200051650";"722 059";"Z01";"1";"1";"0";"1";"1";"1";"5";""
"202200051651";"722 058";"A01";"1";"7";"0";"1";"1";"1";"1";""
"202200051652";"722 055";"A01";"1";"7";"8";"0";"6";"2";"1";""
"202200051653";"722 054";"B01";"1";"80";"0";"0";"8";"19";"3";""
"202200051653";"722 057";"A01";"1";"7";"0";"2";"1";"1";"1";""
"202200051654";"722 053";"A01";"1";"7";"0";"2";"3";"15";"1";""
"202200051654";"722 056";"B01";"2";"2";"0";"2";"7";"1";"1";""
"202200051655";"722 050";"A01";"3";"7";"0";"0";"1";"14";"1";""
"202200051656";"722 049";"B01";"1";"37";"0";"2";"3";"1";"1";"1"
"202200051656";"722 052";"A01";"1";"7";"0";"2";"5";"1";"1";""
"202200051657";"722 051";"Z01";"1";"7";"0";"1";"1";"1";"1";""
"202200051658";"722 047";"A01";"2";"7";"0";"1";"3";"1";"1";""
"202200051659";"722 044";"A01";"1";"7";"0";"2";"3";"13";"1";""
"202200051659";"722 045";"B01";"2";"7";"0";"2";"3";"1";"1";""
"202200051660";"722 043";"A01";"2";"7";"0";"2";"1";"15";"1";""
"202200051660";"722 046";"B01";"2";"32";"0";"2";"1";"17";"1";""
"202200051661";"722 042";"B01";"2";"33";"0";"2";"3";"1";"1";""
"202200051661";"722 048";"A01";"1";"7";"0";"2";"3";"15";"1";""
"202200051662";"722 037";"B01";"1";"7";"0";"2";"1";"1";"3";""
"202200051662";"722 040";"A01";"2";"7";"0";"2";"1";"1";"1";""
"202200051663";"722 031";"A01";"3";"33";"0";"0";"2";"3";"1";""
"202200051664";"722 035";"B01";"2";"7";"0";"2";"8";"1";"2";""
"202200051664";"722 041";"A01";"1";"7";"15";"2";"1";"1";"2";""
"202200051665";"722 029";"B01";"1";"80";"0";"2";"1";"1";"3";""
"202200051665";"722 034";"A01";"2";"7";"0";"9";"1";"1";"1";""
"202200051666";"722 028";"A01";"2";"7";"0";"2";"1";"2";"1";""
"202200051666";"722 033";"B01";"2";"2";"0";"2";"1";"2";"1";""
"202200051666";"722 038";"C01";"2";"7";"0";"0";"4";"23";"1";""
"202200051667";"722 027";"A01";"1";"7";"8";"0";"0";"21";"1";""
"202200051668";"722 026";"A01";"0";"32";"2";"0";"1";"0";"1";""
"202200051669";"722 021";"A01";"1";"15";"0";"2";"2";"11";"1";""
"202200051669";"722 025";"B01";"1";"10";"0";"2";"3";"1";"1";""
"202200051670";"722 020";"A01";"2";"30";"12";"2";"8";"18";"1";""
"202200051670";"722 023";"B01";"2";"14";"0";"2";"7";"16";"1";""
"202200051671";"722 019";"A01";"1";"33";"0";"2";"2";"17";"1";""
"202200051671";"722 024";"B01";"1";"21";"0";"2";"3";"15";"1";""
"202200051672";"722 017";"B01";"0";"13";"0";"2";"0";"0";"0";""
"202200051672";"722 022";"A01";"3";"1";"0";"2";"5";"0";"5";""
"202200051673";"722 018";"A01";"1";"33";"0";"6";"1";"0";"1";""
"202200051674";"722 015";"A01";"2";"7";"0";"2";"1";"5";"1";""
"202200051674";"722 016";"B01";"1";"31";"0";"2";"1";"1";"1";""
"202200051675";"722 014";"A01";"3";"7";"0";"1";"1";"15";"1";""
"202200051676";"722 011";"A01";"2";"33";"3";"0";"0";"2";"1";""
"202200051677";"722 010";"A01";"1";"7";"0";"1";"1";"15";"1";""
"202200051678";"722 007";"A01";"3";"2";"13";"6";"1";"1";"1";""
"202200051679";"722 004";"B01";"3";"33";"0";"2";"8";"1";"1";""
"202200051679";"722 006";"A01";"3";"7";"0";"2";"2";"15";"1";""
"202200051680";"722 005";"A01";"1";"7";"3";"2";"2";"26";"1";""
"202200051680";"722 008";"B01";"2";"10";"0";"2";"0";"21";"1";""
"202200051680";"722 013";"C01";"2";"7";"0";"2";"3";"21";"1";""
"202200051681";"722 002";"A01";"1";"32";"0";"0";"0";"15";"3";""
"202200051682";"722 001";"A01";"2";"7";"16";"0";"1";"13";"1";""
"202200051683";"722 000";"B01";"1";"7";"0";"2";"1";"1";"1";""
"202200051683";"722 003";"A01";"2";"2";"0";"2";"3";"15";"1";""
"202200051684";"721 997";"A01";"2";"7";"2";"0";"1";"13";"1";""
"202200051685";"721 999";"A01";"2";"32";"0";"1";"1";"17";"1";""
"202200051686";"721 995";"A01";"3";"15";"13";"0";"7";"1";"1";""
"202200051687";"721 994";"A01";"1";"32";"0";"2";"1";"17";"1";""
"202200051687";"721 998";"Z01";"1";"7";"0";"2";"8";"5";"1";""
"202200051688";"721 993";"A01";"2";"7";"0";"9";"2";"16";"1";""
"202200051688";"721 996";"B01";"2";"50";"0";"2";"1";"16";"3";""
"202200051689";"721 990";"A01";"1";"7";"0";"1";"2";"1";"1";""
"202200051690";"721 989";"A01";"1";"33";"2";"0";"7";"1";"1";""
"202200051691";"721 988";"B01";"1";"10";"0";"2";"2";"15";"1";""
"202200051691";"721 991";"A01";"2";"1";"0";"2";"3";"1";"5";""
"202200051692";"721 986";"Z01";"1";"31";"0";"1";"0";"1";"0";""
"202200051693";"721 985";"B01";"1";"7";"0";"2";"2";"1";"1";""
"202200051693";"721 987";"A01";"2";"10";"0";"2";"3";"19";"1";""
"202200051694";"721 982";"B01";"1";"43";"0";"2";"7";"1";"1";""
"202200051694";"721 984";"A01";"1";"7";"0";"2";"1";"9";"1";""
"202200051695";"721 981";"A01";"2";"7";"13";"0";"3";"26";"1";""
"202200051696";"721 978";"A01";"1";"1";"6";"0";"0";"1";"5";""
"202200051697";"721 980";"A01";"2";"3";"0";"2";"3";"1";"1";""
"202200051697";"721 983";"B01";"2";"7";"0";"2";"7";"17";"1";""
"202200051698";"721 977";"A01";"0";"7";"0";"2";"4";"0";"3";""
"202200051698";"721 979";"Z01";"0";"7";"0";"2";"1";"0";"1";""
"202200051699";"721 974";"Z01";"1";"7";"0";"2";"7";"15";"0";""
"202200051699";"721 975";"A01";"1";"34";"0";"2";"8";"15";"1";""
"202200051700";"721 973";"A01";"2";"7";"0";"2";"3";"1";"1";""
"202200051700";"721 976";"B01";"1";"50";"0";"2";"8";"15";"3";""
"202200051701";"721 972";"A01";"1";"7";"13";"0";"2";"14";"1";""
"202200051702";"721 971";"A01";"0";"7";"0";"1";"2";"1";"1";""
"202200051703";"721 970";"A01";"1";"7";"6";"0";"1";"13";"1";""
"202200051704";"721 968";"B01";"1";"32";"0";"2";"1";"1";"1";""
"202200051704";"721 969";"A01";"2";"7";"0";"2";"3";"10";"3";""
"202200051705";"721 965";"A01";"3";"3";"0";"1";"3";"1";"0";""
"202200051706";"721 963";"B01";"2";"1";"0";"2";"4";"1";"5";""
"202200051706";"721 966";"A01";"2";"7";"0";"2";"1";"1";"1";""
"202200051707";"721 962";"B01";"1";"7";"0";"2";"5";"16";"1";""
"202200051707";"721 967";"A01";"1";"10";"6";"2";"1";"15";"1";""
"202200051708";"721 961";"A01";"2";"7";"7";"0";"1";"1";"1";""
"202200051709";"721 960";"B01";"2";"7";"0";"2";"1";"1";"1";""
"202200051709";"721 964";"A01";"1";"7";"0";"2";"1";"1";"1";""
"202200051710";"721 959";"A01";"1";"7";"0";"1";"1";"1";"1";""
"202200051711";"721 958";"A01";"1";"7";"1";"0";"3";"2";"1";""
"202200051712";"721 956";"A01";"2";"2";"0";"0";"0";"0";"1";""
"202200051713";"721 955";"A01";"1";"7";"7";"0";"1";"14";"1";""
"202200051714";"721 954";"A01";"1";"7";"0";"1";"1";"1";"1";""
"202200051715";"721 951";"A01";"2";"7";"13";"0";"1";"13";"1";""
"202200051716";"721 950";"B01";"2";"1";"0";"2";"3";"1";"5";""
"202200051716";"721 953";"A01";"2";"7";"0";"2";"2";"17";"1";""
"202200051717";"721 952";"B01";"2";"37";"0";"2";"8";"23";"1";"2"
"202200051717";"721 957";"A01";"2";"7";"0";"2";"2";"14";"1";""
"202200051718";"721 949";"A01";"2";"7";"2";"0";"1";"1";"1";""
"202200051719";"721 946";"B01";"2";"1";"0";"2";"1";"1";"5";""
"202200051719";"721 948";"A01";"2";"7";"0";"2";"5";"1";"1";""
"202200051720";"721 942";"A01";"1";"7";"0";"2";"1";"1";"0";""
"202200051720";"721 945";"B01";"2";"7";"0";"2";"1";"1";"1";""
"202200051721";"721 939";"A01";"1";"10";"0";"9";"0";"0";"1";""
"202200051721";"721 947";"Y01";"1";"50";"0";"2";"8";"19";"3";""
"202200051722";"721 940";"A01";"2";"10";"0";"2";"6";"15";"3";""
"202200051722";"721 943";"B01";"2";"31";"0";"2";"2";"1";"1";""
"202200051723";"721 938";"A01";"2";"7";"0";"2";"2";"1";"1";""
"202200051723";"721 944";"B01";"2";"7";"0";"2";"3";"1";"1";""
"202200051724";"721 937";"B01";"2";"10";"0";"2";"6";"10";"1";""
"202200051724";"721 941";"A01";"2";"34";"0";"2";"1";"2";"1";""
"202200051725";"721 933";"A01";"1";"7";"0";"2";"1";"2";"1";""
"202200051725";"721 936";"B01";"1";"1";"0";"2";"1";"2";"5";""
"202200051726";"721 928";"A01";"2";"7";"13";"0";"3";"26";"1";""
"202200051727";"721 929";"A01";"1";"7";"0";"2";"3";"13";"1";""
"202200051727";"721 934";"B01";"2";"7";"0";"2";"3";"1";"1";""
"202200051728";"721 931";"B01";"2";"1";"0";"2";"1";"1";"5";""
"202200051728";"721 935";"A01";"1";"7";"0";"2";"3";"15";"1";""
"202200051729";"721 932";"A01";"1";"50";"0";"0";"0";"1";"3";""
"202200051730";"721 927";"A01";"1";"7";"0";"2";"3";"1";"1";""
"202200051730";"721 930";"B01";"2";"7";"0";"2";"1";"1";"2";""
"202200051731";"721 920";"A01";"2";"7";"0";"2";"2";"5";"1";""
"202200051731";"721 925";"B01";"1";"7";"0";"2";"1";"1";"1";""
"202200051732";"721 917";"A01";"1";"3";"0";"2";"5";"12";"1";""
"202200051732";"721 924";"B01";"1";"2";"0";"2";"3";"12";"1";""
"202200051733";"721 921";"B01";"1";"7";"0";"2";"7";"15";"1";""
"202200051733";"721 926";"A01";"2";"2";"0";"2";"1";"1";"1";""
"202200051734";"721 919";"A01";"1";"30";"0";"2";"3";"18";"3";""
"202200051734";"721 923";"B01";"1";"7";"0";"2";"2";"16";"1";""
"202200051735";"721 915";"B01";"1";"7";"0";"2";"3";"1";"1";""
"202200051735";"721 918";"A01";"1";"15";"0";"2";"2";"12";"1";""
"202200051736";"721 916";"A01";"1";"33";"1";"0";"3";"1";"1";""
"202200051736";"721 922";"B01";"2";"7";"0";"2";"6";"1";"1";""
"202200051737";"721 907";"B01";"2";"7";"0";"2";"8";"15";"1";""
"202200051737";"721 914";"A01";"2";"33";"0";"2";"1";"1";"1";""
"202200051738";"721 908";"A01";"1";"32";"0";"2";"1";"2";"1";""
"202200051738";"721 913";"B01";"1";"7";"0";"2";"5";"1";"1";""
"202200051739";"721 905";"A01";"3";"2";"0";"2";"2";"1";"1";""
"202200051739";"721 909";"B01";"3";"7";"0";"2";"2";"1";"1";""
"202200051740";"721 903";"A01";"2";"37";"0";"9";"5";"1";"1";"1"
"202200051740";"721 911";"B01";"2";"1";"0";"2";"1";"1";"5";""
"202200051741";"721 904";"A01";"2";"10";"0";"2";"8";"23";"0";""
"202200051741";"721 910";"B01";"2";"31";"1";"2";"1";"2";"1";""
"202200051742";"721 906";"B01";"1";"7";"0";"2";"4";"2";"2";""
"202200051742";"721 912";"A01";"1";"33";"0";"2";"1";"2";"1";""
"202200051743";"721 899";"A01";"3";"32";"15";"0";"1";"1";"1";""
"202200051744";"721 898";"A01";"2";"99";"3";"0";"1";"1";"1";""
"202200051745";"721 897";"B01";"2";"7";"0";"2";"1";"0";"1";""
"202200051745";"721 901";"A01";"1";"7";"0";"2";"1";"13";"1";""
"202200051746";"721 895";"B01";"1";"7";"0";"2";"1";"1";"1";""
"202200051746";"721 902";"A01";"1";"7";"0";"2";"1";"1";"2";""
"202200051747";"721 894";"A01";"1";"1";"0";"2";"1";"1";"5";""
"202200051747";"721 900";"Y01";"1";"50";"0";"9";"3";"1";"3";""
"202200051748";"721 893";"A01";"2";"7";"0";"2";"1";"2";"1";""
"202200051748";"721 896";"B01";"2";"7";"0";"2";"5";"2";"1";""
"202200051749";"721 891";"A01";"1";"7";"0";"2";"4";"19";"1";""
"202200051749";"721 892";"B01";"1";"10";"0";"2";"1";"1";"1";""
"202200051750";"721 890";"A01";"1";"7";"0";"1";"1";"21";"1";""
"202200051751";"721 886";"B01";"2";"7";"0";"2";"1";"1";"1";""
"202200051751";"721 889";"A01";"1";"7";"0";"2";"1";"17";"1";""
"202200051752";"721 885";"B01";"3";"7";"0";"2";"8";"0";"1";""
"202200051752";"721 888";"A01";"3";"10";"0";"2";"2";"0";"1";""
"202200051753";"721 883";"B01";"2";"10";"0";"2";"2";"14";"1";""
"202200051753";"721 887";"A01";"2";"2";"0";"2";"3";"18";"1";""
"202200051754";"721 881";"A01";"1";"10";"0";"0";"8";"1";"1";""
"202200051755";"721 882";"B01";"2";"32";"0";"2";"1";"1";"1";""
"202200051755";"721 884";"A01";"2";"10";"0";"2";"6";"1";"1";""
"202200051756";"721 877";"B01";"1";"10";"0";"2";"2";"1";"1";""
"202200051756";"721 880";"A01";"2";"33";"0";"2";"7";"15";"1";""
"202200051757";"721 874";"B01";"2";"2";"0";"2";"7";"1";"2";""
"202200051757";"721 876";"A01";"2";"7";"0";"2";"3";"13";"1";""
"202200051758";"721 873";"A01";"1";"7";"0";"2";"1";"26";"1";""
"202200051758";"721 878";"B01";"2";"31";"0";"2";"1";"1";"1";""
"202200051759";"721 871";"B01";"1";"7";"0";"2";"4";"2";"2";""
"202200051759";"721 872";"A01";"2";"10";"0";"2";"1";"2";"1";""
"202200051760";"721 870";"A01";"1";"7";"0";"2";"1";"2";"1";""
"202200051760";"721 879";"B01";"1";"17";"0";"0";"4";"1";"1";""
"202200051761";"721 867";"A01";"1";"10";"0";"2";"3";"13";"1";""
"202200051761";"721 869";"B01";"2";"38";"0";"2";"3";"2";"1";"1"
"202200051762";"721 865";"A01";"2";"7";"0";"2";"3";"13";"1";""
"202200051762";"721 875";"B01";"1";"7";"13";"2";"2";"1";"1";""
"202200051763";"721 863";"A01";"1";"7";"0";"9";"1";"9";"1";""
"202200051763";"721 866";"B01";"1";"50";"0";"2";"7";"5";"3";""
"202200051764";"721 862";"B01";"1";"7";"0";"2";"5";"15";"1";""
"202200051764";"721 868";"A01";"2";"31";"0";"2";"1";"1";"1";""
"202200051765";"721 859";"A01";"1";"7";"6";"0";"3";"13";"1";""
"202200051766";"721 857";"A01";"1";"7";"5";"0";"1";"0";"1";""
"202200051767";"721 856";"C01";"1";"7";"0";"2";"6";"1";"1";""
"202200051767";"721 860";"B01";"1";"33";"0";"2";"6";"3";"3";""
"202200051767";"721 864";"A01";"1";"7";"0";"2";"7";"12";"1";""
"202200051768";"721 858";"B01";"1";"10";"0";"2";"1";"1";"1";""
"202200051768";"721 861";"A01";"0";"7";"0";"2";"3";"15";"1";""
"202200051769";"721 854";"A01";"1";"37";"0";"1";"7";"1";"1";"1"
"202200051770";"721 852";"B01";"2";"7";"0";"2";"6";"1";"1";""
"202200051770";"721 853";"A01";"2";"7";"0";"2";"1";"12";"1";""
"202200051771";"721 851";"A01";"2";"10";"0";"2";"5";"12";"1";""
"202200051771";"721 855";"B01";"1";"37";"0";"2";"3";"7";"1";"2"
"202200051772";"721 848";"A01";"1";"50";"0";"0";"1";"1";"3";""
"202200051773";"721 850";"A01";"3";"7";"0";"0";"0";"21";"1";""
"202200051774";"721 847";"A01";"0";"7";"0";"2";"3";"9";"1";""
"202200051774";"721 849";"B01";"0";"33";"12";"2";"8";"1";"1";""
"202200051775";"721 846";"A01";"1";"7";"0";"1";"2";"1";"1";""
"202200051776";"721 842";"A01";"1";"7";"1";"0";"8";"22";"1";""
"202200051776";"721 845";"B01";"3";"1";"0";"2";"8";"26";"5";""
"202200051777";"721 834";"A01";"1";"7";"1";"0";"1";"1";"1";""
"202200051777";"721 840";"B01";"1";"7";"1";"0";"1";"1";"1";""
"202200051777";"721 843";"C01";"1";"7";"1";"0";"0";"0";"1";""
"202200051778";"721 832";"C01";"3";"7";"0";"2";"3";"23";"1";""
"202200051778";"721 838";"A01";"3";"7";"0";"2";"7";"19";"1";""
"202200051778";"721 844";"B01";"3";"7";"0";"2";"1";"1";"1";""
"202200051779";"721 829";"B01";"0";"7";"0";"2";"8";"24";"1";""
"202200051779";"721 835";"A01";"0";"7";"1";"0";"3";"21";"1";""
"202200051780";"721 828";"A01";"1";"7";"0";"2";"1";"13";"1";""
"202200051780";"721 836";"B01";"2";"7";"0";"2";"3";"1";"1";""
"202200051780";"721 841";"C01";"2";"7";"0";"2";"1";"1";"1";""
"202200051781";"721 830";"A01";"2";"1";"0";"2";"1";"1";"5";""
"202200051781";"721 837";"B01";"3";"1";"0";"2";"1";"19";"5";""
"202200051782";"721 827";"B01";"1";"7";"0";"2";"8";"1";"1";""
"202200051782";"721 831";"A01";"2";"7";"0";"2";"8";"13";"1";""
"202200051783";"721 823";"B01";"2";"50";"0";"2";"8";"19";"3";""
"202200051783";"721 826";"A01";"2";"32";"0";"9";"8";"26";"1";""
"202200051784";"721 822";"B01";"2";"7";"0";"0";"3";"1";"3";""
"202200051784";"721 825";"A01";"1";"7";"0";"2";"3";"13";"1";""
"202200051785";"721 821";"B01";"1";"33";"0";"2";"9";"1";"1";""
"202200051785";"721 824";"A01";"1";"7";"0";"2";"5";"1";"1";""
"202200051786";"721 817";"A01";"2";"7";"0";"0";"0";"0";"1";""
"202200051787";"721 816";"A01";"2";"31";"0";"2";"1";"1";"1";""
"202200051787";"721 820";"B01";"1";"7";"0";"2";"0";"0";"1";""
"202200051788";"721 810";"B01";"3";"7";"0";"2";"2";"5";"1";""
"202200051788";"721 818";"A01";"2";"2";"0";"0";"7";"16";"1";""
"202200051789";"721 812";"A01";"2";"7";"2";"0";"9";"1";"1";""
"202200051790";"721 809";"A01";"2";"34";"0";"2";"1";"3";"1";""
"202200051790";"721 815";"B01";"2";"10";"0";"2";"0";"1";"1";""
"202200051790";"721 819";"C01";"2";"33";"0";"2";"0";"1";"1";""
"202200051791";"721 808";"A01";"2";"32";"2";"0";"2";"2";"1";""
"202200051792";"721 807";"A01";"2";"7";"13";"0";"9";"17";"1";""
"202200051792";"721 813";"B01";"2";"10";"0";"0";"0";"13";"1";""
"202200051793";"721 811";"B01";"1";"7";"15";"2";"2";"13";"1";""
"202200051793";"721 814";"A01";"2";"7";"0";"2";"2";"15";"1";""
"202200051794";"721 801";"A01";"3";"7";"0";"2";"1";"2";"2";""
"202200051794";"721 806";"B01";"3";"7";"0";"2";"5";"2";"2";""
"202200051795";"721 803";"A01";"2";"7";"16";"0";"9";"0";"1";""
"202200051796";"721 798";"A01";"1";"0";"0";"2";"3";"1";"0";""
"202200051796";"721 804";"B01";"2";"7";"0";"2";"3";"0";"1";""
"202200051797";"721 799";"A01";"3";"1";"0";"2";"1";"1";"5";""
"202200051797";"721 805";"B01";"3";"50";"0";"2";"1";"14";"3";""
"202200051798";"721 797";"B01";"1";"20";"0";"2";"1";"1";"1";""
"202200051798";"721 802";"A01";"2";"7";"0";"2";"1";"13";"1";""
"202200051799";"721 800";"A01";"2";"7";"0";"1";"3";"15";"2";""
"202200051800";"721 795";"B01";"2";"7";"0";"2";"3";"26";"1";""
"202200051800";"721 796";"A01";"1";"7";"0";"2";"3";"0";"1";""
"202200051801";"721 791";"A01";"1";"7";"0";"1";"3";"1";"1";""
"202200051802";"721 789";"A01";"3";"7";"0";"2";"3";"1";"1";""
"202200051802";"721 793";"B01";"3";"7";"0";"2";"3";"21";"1";""
"202200051803";"721 790";"B01";"2";"31";"0";"2";"7";"17";"1";""
"202200051803";"721 794";"A01";"2";"7";"0";"2";"8";"15";"1";""
"202200051804";"721 787";"A01";"2";"7";"0";"2";"6";"11";"1";""
"202200051804";"721 792";"B01";"2";"33";"0";"2";"1";"1";"1";""
"202200051805";"721 784";"A01";"2";"33";"0";"2";"1";"17";"1";""
"202200051805";"721 786";"B01";"2";"10";"0";"2";"8";"15";"1";""
"202200051806";"721 782";"A01";"2";"1";"0";"1";"1";"0";"5";""
"202200051807";"721 779";"Z01";"1";"7";"0";"2";"2";"0";"0";""
"202200051807";"721 783";"B01";"1";"50";"0";"2";"8";"11";"3";""
"202200051808";"721 778";"A01";"1";"7";"0";"1";"1";"1";"1";""
"202200051809";"721 777";"A01";" -1";"7";"0";"2";"2";"21";"1";""
"202200051809";"721 780";"B01";" -1";"10";"0";"2";"3";"0";"1";""
"202200051809";"721 785";"C01";" -1";"7";"1";"0";"5";"10";"1";""
"202200051810";"721 775";"A01";"2";"7";"0";"0";"0";"23";"1";""
"202200051810";"721 781";"B01";"2";"1";"0";"0";"0";"1";"5";""
"202200051811";"721 773";"A01";"3";"1";"13";"0";"1";"1";"5";""
"202200051812";"721 772";"B01";"2";"7";"0";"0";"6";"20";"1";""
"202200051812";"721 776";"A01";"2";"2";"0";"0";"6";"20";"1";""
"202200051813";"721 774";"A01";"2";"1";"0";"0";"8";"1";"5";""
"202200051814";"721 767";"A01";"0";"7";"0";"2";"8";"3";"2";""
"202200051814";"721 770";"B01";"0";"33";"0";"2";"1";"1";"1";""
"202200051815";"721 769";"A01";"2";"10";"1";"0";"0";"0";"1";""
"202200051816";"721 766";"A01";"1";"7";"0";"1";"3";"1";"1";""
"202200051817";"721 768";"A01";"1";"7";"0";"2";"2";"1";"1";""
"202200051817";"721 771";"B01";"2";"2";"0";"2";"7";"15";"1";""