"Num_Acc";"id_vehicule";"num_veh";"senc";"catv";"obs";"obsm";"choc";"manv";"motor";"occutc"
"202200052040";"721 373";"B01";"1";"7";"0";"9";"2";"1";"1";""
"202200052040";"721 379";"A01";"1";"1";"0";"2";"3";"15";"5";""
"202200052041";"721 396";"A01";"2";"7";"7";"0";"8";"19";"3";""
"202200052041";"721 402";"B01";"1";"15";"0";"2";"1";"1";"1";""
"202200052042";"721 371";"A01";"2";"7";"15";"0";"1";"26";"1";""
"202200052043";"721 374";"A01";"1";"7";"0";"2";"1";"15";"1";""
"202200052043";"721 376";"B01";"2";"1";"0";"2";"1";"1";"5";""
"202200052044";"721 370";"A01";"1";"2";"0";"0";"0";"14";"1";""
"202200052045";"721 369";"B01";"0";"7";"0";"0";"0";"0";"1";""
"202200052045";"721 372";"A01";"0";"50";"0";"2";"0";"26";"3";""
"202200052046";"721 366";"A01";"1";"31";"12";"0";"1";"15";"1";""
"202200052047";"721 367";"A01";"1";"7";"2";"0";"0";"0";"1";""
"202200052048";"721 364";"A01";"2";"7";"0";"1";"1";"9";"1";""
"202200052049";"721 360";"B01";"1";"33";"0";"2";"1";"1";"1";""
"202200052049";"721 363";"A01";"1";"7";"0";"2";"1";"15";"1";""
"202200052050";"721 361";"B01";"1";"2";"0";"2";"4";"16";"1";""
"202200052050";"721 365";"A01";"1";"2";"0";"2";"4";"18";"1";""
"202200052051";"721 362";"A01";"1";"7";"0";"2";"6";"14";"1";""
"202200052051";"721 368";"B01";"1";"7";"0";"2";"2";"1";"1";""
"202200052052";"721 358";"A01";"2";"7";"17";"0";"3";"14";"1";""
"202200052053";"721 359";"A01";"2";"10";"0";"1";"2";"1";"1";""
"202200052054";"721 357";"A01";"2";"7";"0";"1";"2";"1";"1";""
"202200052055";"721 355";"A01";"1";"1";"0";"0";"1";"1";"5";""
"202200052056";"721 352";"A01";"0";"7";"0";"1";"0";"1";"2";""
"202200052057";"721 351";"B01";"3";"7";"0";"2";"1";"1";"1";""
"202200052057";"721 356";"A01";"1";"1";"16";"0";"1";"19";"5";""
"202200052058";"721 350";"B01";"1";"7";"0";"2";"6";"1";"1";""
"202200052058";"721 353";"A01";"1";"7";"4";"2";"2";"12";"1";""
"202200052059";"721 349";"A01";"1";"7";"0";"0";"9";"0";"1";""
"202200052060";"721 347";"B01";"1";"7";"0";"2";"3";"1";"1";""
"202200052060";"721 354";"A01";"2";"7";"0";"2";"2";"15";"1";""
"202200052061";"721 345";"A01";"1";"2";"0";"0";"0";"1";"1";""
"202200052062";"721 341";"A01";"1";"7";"2";"1";"1";"14";"1";""
"202200052063";"721 344";"B01";"3";"50";"0";"9";"3";"1";"3";""
"202200052063";"721 348";"A01";"3";"7";"0";"9";"2";"16";"1";""
"202200052064";"721 339";"A01";"1";"1";"0";"2";"7";"1";"5";""
"202200052064";"721 346";"B01";"2";"7";"0";"2";"3";"19";"1";""
"202200052065";"721 340";"A01";"2";"7";"4";"0";"3";"13";"1";""
"202200052066";"721 336";"A01";"2";"2";"0";"2";"7";"26";"1";""
"202200052066";"721 342";"B01";"1";"7";"0";"2";"3";"9";"1";""
"202200052067";"721 338";"A01";"3";"1";"6";"0";"1";"0";"5";""
"202200052068";"721 335";"A01";"2";"7";"0";"2";"1";"15";"1";""
"202200052068";"721 343";"B01";"1";"7";"0";"2";"1";"15";"1";""
"202200052069";"721 334";"B01";"2";"7";"0";"2";"4";"16";"1";""
"202200052069";"721 337";"A01";"2";"7";"0";"2";"2";"1";"1";""
"202200052070";"721 330";"A01";"2";"7";"0";"2";"3";"13";"1";""
"202200052070";"721 333";"B01";"1";"80";"0";"2";"8";"1";"3";""
"202200052071";"721 331";"A01";"1";"33";"14";"0";"0";"6";"1";""
"202200052072";"721 329";"A01";"1";"7";"4";"0";"3";"1";"1";""
"202200052073";"721 327";"A01";"1";"33";"11";"0";"1";"17";"1";""
"202200052074";"721 328";"B01";"3";"7";"0";"2";"3";"0";"1";""
"202200052074";"721 332";"A01";"3";"7";"0";"2";"3";"26";"1";""
"202200052075";"721 326";"A01";"2";"7";"4";"0";"3";"12";"1";""
"202200052076";"721 324";"A01";"2";"7";"16";"0";"2";"1";"1";""
"202200052077";"721 323";"A01";"1";"7";"8";"0";"1";"13";"1";""
"202200052078";"721 321";"B01";"1";"7";"0";"2";"3";"1";"1";""
"202200052078";"721 325";"A01";"2";"3";"3";"2";"3";"1";"1";""
"202200052079";"721 316";"B01";"2";"7";"3";"2";"2";"1";"1";""
"202200052079";"721 322";"A01";"1";"7";"0";"2";"3";"13";"1";""
"202200052080";"721 320";"A01";"3";"7";"8";"0";"1";"1";"1";""
"202200052081";"721 315";"A01";"1";"3";"0";"2";"1";"15";"1";""
"202200052081";"721 319";"B01";"2";"7";"0";"2";"1";"1";"1";""
"202200052082";"721 313";"B01";"2";"7";"0";"2";"1";"1";"1";""
"202200052082";"721 318";"A01";"2";"7";"0";"2";"1";"1";"1";""
"202200052083";"721 307";"A01";"2";"3";"0";"2";"1";"13";"1";""
"202200052083";"721 311";"B01";"1";"14";"0";"2";"3";"1";"1";""
"202200052084";"721 304";"B01";"2";"32";"0";"2";"3";"1";"1";""
"202200052084";"721 309";"A01";"1";"10";"0";"2";"2";"19";"1";""
"202200052085";"721 302";"B01";"2";"1";"0";"2";"8";"1";"5";""
"202200052085";"721 308";"A01";"1";"7";"0";"2";"2";"19";"1";""
"202200052086";"721 305";"A01";"1";"2";"0";"2";"1";"1";"1";""
"202200052086";"721 312";"B01";"1";"7";"0";"2";"1";"1";"1";""
"202200052087";"721 301";"E01";"1";"7";"0";"9";"0";"1";"1";""
"202200052087";"721 306";"D01";"1";"10";"0";"9";"8";"1";"1";""
"202200052087";"721 310";"C01";"1";"7";"14";"2";"1";"1";"1";""
"202200052087";"721 314";"B01";"1";"7";"0";"2";"6";"1";"1";""
"202200052087";"721 317";"A01";"1";"7";"0";"2";"2";"2";"1";""
"202200052088";"721 303";"A01";"1";"7";"2";"0";"0";"17";"1";""
"202200052089";"721 300";"A01";"1";"10";"0";"1";"2";"21";"1";""
"202200052090";"721 294";"A01";"3";"7";"0";"2";"2";"9";"0";""
"202200052090";"721 299";"B01";"3";"7";"0";"2";"1";"1";"1";""
"202200052091";"721 291";"A01";"1";"33";"0";"2";"1";"2";"1";""
"202200052091";"721 298";"B01";"1";"7";"0";"2";"4";"2";"1";""
"202200052092";"721 288";"A01";"1";"1";"0";"2";"0";"21";"5";""
"202200052092";"721 295";"B01";"2";"7";"0";"2";"8";"19";"0";""
"202200052093";"721 289";"B01";"3";"1";"0";"2";"1";"16";"5";""
"202200052093";"721 296";"A01";"1";"7";"0";"2";"7";"1";"1";""
"202200052094";"721 290";"B01";"1";"7";"0";"2";"1";"1";"1";""
"202200052094";"721 297";"A01";"2";"33";"0";"2";"2";"13";"1";""
"202200052095";"721 287";"A01";"0";"7";"0";"2";"1";"2";"1";""
"202200052095";"721 293";"B01";"0";"7";"0";"2";"4";"2";"1";""
"202200052096";"721 285";"A01";"0";"38";"0";"2";"2";"1";"1";"1"
"202200052096";"721 292";"B01";"3";"7";"0";"2";"1";"15";"1";""
"202200052097";"721 283";"B01";"3";"7";"0";"2";"1";"19";"1";""
"202200052097";"721 286";"A01";"1";"7";"0";"2";"2";"21";"1";""
"202200052098";"721 281";"A01";"1";"7";"0";"2";"3";"19";"1";""
"202200052098";"721 284";"B01";"2";"2";"0";"2";"1";"1";"1";""
"202200052099";"721 278";"A01";"1";"10";"8";"0";"2";"1";"1";""
"202200052100";"721 280";"A01";"2";"7";"2";"0";"1";"1";"1";""
"202200052101";"721 277";"A01";"1";"7";"0";"1";"1";"15";"1";""
"202200052102";"721 274";"A01";"2";"7";"13";"0";"2";"1";"1";""
"202200052103";"721 275";"Z01";"2";"7";"1";"2";"0";"0";"0";""
"202200052103";"721 282";"A01";"2";"7";"1";"2";"8";"2";"0";""
"202200052104";"721 276";"A01";"2";"7";"0";"0";"8";"15";"1";""
"202200052104";"721 279";"B01";"1";"33";"0";"2";"1";"1";"1";""
"202200052105";"721 270";"A01";"1";"7";"2";"0";"1";"1";"1";""
"202200052106";"721 269";"A01";"1";"30";"0";"2";"1";"9";"1";""
"202200052106";"721 273";"B01";"2";"1";"0";"2";"7";"1";"5";""
"202200052107";"721 268";"A01";"3";"32";"0";"0";"0";"0";"0";""
"202200052107";"721 271";"Z01";"3";"7";"0";"0";"0";"0";"0";""
"202200052108";"721 265";"B01";"1";"7";"0";"2";"1";"1";"3";""
"202200052108";"721 272";"A01";"2";"7";"0";"2";"1";"13";"1";""
"202200052109";"721 263";"A01";"1";"7";"13";"0";"3";"17";"1";""
"202200052110";"721 264";"A01";"2";"43";"0";"0";"0";"1";"1";""
"202200052111";"721 261";"B01";"2";"7";"0";"2";"1";"0";"1";""
"202200052111";"721 267";"A01";"3";"7";"0";"2";"2";"20";"1";""
"202200052112";"721 260";"A01";"1";"7";"0";"2";"1";"9";"1";""
"202200052112";"721 262";"B01";"1";"1";"0";"2";"7";"2";"5";""
"202200052113";"721 259";"A01";"1";"7";"0";"1";"1";"1";"1";""
"202200052114";"721 257";"A01";"1";"7";"8";"0";"2";"15";"1";""
"202200052115";"721 256";"A01";"3";"7";"1";"0";"2";"1";"1";""
"202200052116";"721 253";"A01";"1";"7";"4";"0";"3";"1";"1";""
"202200052117";"721 251";"A01";"1";"33";"3";"2";"8";"13";"1";""
"202200052117";"721 258";"B01";"1";"7";"0";"2";"7";"0";"1";""
"202200052118";"721 250";"A01";"1";"33";"0";"2";"7";"2";"1";""
"202200052118";"721 254";"B01";"1";"10";"0";"2";"3";"9";"1";""
"202200052119";"721 247";"C01";"1";"7";"0";"0";"1";"1";"1";""
"202200052119";"721 249";"B01";"1";"7";"0";"2";"4";"1";"1";""
"202200052119";"721 255";"A01";"1";"7";"0";"2";"1";"1";"1";""
"202200052120";"721 244";"B01";"0";"7";"0";"0";"6";"26";"1";""
"202200052120";"721 248";"A01";"3";"34";"0";"2";"1";"2";"1";""
"202200052121";"721 245";"A01";"3";"7";"0";"1";"1";"1";"1";""
"202200052122";"721 241";"A01";"1";"2";"0";"0";"0";"1";"1";""
"202200052123";"721 238";"A01";"2";"7";"16";"2";"3";"12";"1";""
"202200052123";"721 243";"B01";"2";"7";"0";"2";"1";"1";"1";""
"202200052124";"721 237";"A01";"2";"7";"0";"1";"2";"1";"1";""
"202200052125";"721 236";"B01";"1";"2";"0";"2";"7";"2";"1";""
"202200052125";"721 240";"A01";"1";"2";"0";"2";"8";"2";"1";""
"202200052126";"721 235";"A01";"1";"7";"0";"2";"3";"1";"1";""
"202200052126";"721 242";"B01";"1";"7";"0";"2";"2";"1";"1";""
"202200052126";"721 246";"C01";"1";"7";"0";"2";"1";"23";"1";""
"202200052127";"721 234";"A01";"2";"2";"12";"0";"7";"1";"1";""
"202200052128";"721 233";"A01";"1";"7";"0";"2";"3";"1";"1";""
"202200052128";"721 239";"B01";"2";"7";"0";"2";"3";"1";"1";""
"202200052129";"721 231";"A01";"3";"7";"0";"1";"3";"26";"1";""
"202200052130";"721 227";"B01";"1";"7";"0";"2";"3";"15";"1";""
"202200052130";"721 232";"A01";"1";"33";"0";"2";"1";"17";"1";""
"202200052131";"721 221";"A01";"3";"7";"7";"2";"1";"0";"0";""
"202200052131";"721 228";"B01";"3";"10";"0";"2";"3";"1";"1";""
"202200052132";"721 220";"B01";"3";"3";"0";"2";"1";"16";"1";""
"202200052132";"721 230";"A01";"3";"7";"0";"2";"2";"1";"1";""
"202200052133";"721 218";"A01";"3";"7";"0";"0";"4";"23";"1";""
"202200052133";"721 225";"B01";"3";"1";"0";"2";"1";"1";"5";""
"202200052134";"721 217";"A01";"2";"7";"4";"0";"3";"12";"1";""
"202200052135";"721 216";"A01";"0";"33";"0";"0";"0";"0";"1";""
"202200052136";"721 219";"A01";"2";"38";"0";"2";"5";"17";"1";"1"
"202200052136";"721 226";"B01";"2";"1";"0";"2";"8";"2";"5";""
"202200052137";"721 213";"A01";"2";"17";"3";"0";"3";"15";"1";""
"202200052138";"721 214";"A01";"0";"2";"4";"0";"7";"2";"1";""
"202200052139";"721 212";"B01";"1";"7";"0";"2";"1";"1";"1";""
"202200052139";"721 222";"A01";"1";"7";"15";"0";"2";"1";"1";""
"202200052140";"721 215";"A01";"2";"7";"0";"1";"1";"1";"1";""
"202200052141";"721 211";"A01";"1";"7";"0";"1";"2";"26";"1";""
"202200052142";"721 207";"A01";"2";"35";"6";"0";"1";"1";"1";""
"202200052143";"721 205";"A01";"3";"7";"0";"2";"3";"1";"1";""
"202200052143";"721 209";"B01";"0";"7";"0";"2";"3";"17";"1";""
"202200052144";"721 206";"B01";"1";"10";"0";"2";"7";"12";"1";""
"202200052144";"721 210";"A01";"1";"34";"0";"2";"8";"1";"1";""
"202200052145";"721 201";"A01";"3";"7";"0";"1";"3";"1";"0";""
"202200052146";"721 199";"A01";"1";"32";"0";"0";"4";"0";"1";""
"202200052146";"721 203";"B01";"1";"7";"0";"2";"1";"0";"1";""
"202200052146";"721 208";"C01";"1";"7";"0";"2";"1";"1";"1";""
"202200052147";"721 202";"A01";"2";"7";"12";"0";"2";"15";"1";""
"202200052148";"721 197";"B01";"1";"7";"0";"2";"3";"0";"1";""
"202200052148";"721 204";"A01";"2";"30";"0";"2";"1";"26";"1";""
"202200052149";"721 194";"A01";"1";"33";"0";"0";"7";"1";"1";""
"202200052150";"721 193";"A01";"1";"33";"0";"0";"7";"0";"1";""
"202200052151";"721 190";"A01";"1";"7";"0";"2";"2";"19";"1";""
"202200052151";"721 196";"B01";"2";"33";"0";"2";"5";"1";"1";""
"202200052152";"721 191";"A01";"0";"7";"0";"2";"1";"1";"1";""
"202200052152";"721 198";"B01";"0";"7";"0";"0";"2";"1";"1";""
"202200052153";"721 188";"A01";"2";"7";"0";"1";"4";"4";"1";""
"202200052154";"721 186";"A01";"1";"7";"2";"0";"1";"13";"1";""
"202200052155";"721 185";"A01";"2";"10";"13";"0";"8";"0";"1";""
"202200052156";"721 181";"A01";"1";"7";"0";"1";"1";"1";"1";""
"202200052157";"721 183";"A01";"2";"7";"0";"2";"5";"15";"1";""
"202200052157";"721 187";"B01";"1";"43";"0";"2";"1";"1";"1";""
"202200052158";"721 182";"A01";"1";"7";"0";"1";"1";"1";"1";""
"202200052159";"721 177";"B01";"2";"38";"0";"2";"3";"21";"1";"1"
"202200052159";"721 184";"A01";"2";"7";"0";"2";"3";"15";"1";""
"202200052160";"721 174";"B01";"1";"1";"0";"4";"8";"19";"5";""
"202200052160";"721 179";"A01";"1";"40";"0";"2";"1";"1";"3";""
"202200052161";"721 175";"B01";"1";"7";"0";"2";"0";"0";"1";""
"202200052161";"721 180";"A01";"1";"7";"0";"2";"0";"0";"1";""
"202200052162";"721 172";"B01";"3";"7";"2";"0";"1";"15";"1";""
"202200052163";"721 173";"A01";"1";"7";"0";"0";"2";"0";"1";""
"202200052163";"721 178";"B01";"1";"34";"0";"0";"4";"0";"1";""
"202200052164";"721 171";"B01";"1";"10";"0";"2";"3";"1";"1";""
"202200052164";"721 176";"A01";"2";"7";"0";"2";"3";"5";"1";""
"202200052165";"721 166";"A01";"1";"7";"0";"2";"5";"15";"1";""
"202200052165";"721 169";"B01";"1";"33";"0";"2";"1";"21";"1";""
"202200052166";"721 165";"A01";"2";"15";"0";"1";"2";"1";"1";""
"202200052167";"721 163";"A01";"2";"10";"0";"0";"3";"1";"1";""
"202200052168";"721 161";"A01";"2";"10";"0";"2";"4";"2";"1";""
"202200052168";"721 167";"B01";"2";"7";"0";"2";"4";"2";"1";""
"202200052168";"721 170";"C01";"2";"10";"0";"2";"1";"2";"1";""
"202200052169";"721 162";"A01";"0";"7";"0";"1";"2";"1";"1";""
"202200052170";"721 157";"B01";"1";"7";"0";"2";"8";"15";"1";""
"202200052170";"721 164";"A01";"2";"33";"0";"2";"1";"17";"1";""
"202200052171";"721 159";"A01";"1";"7";"13";"0";"9";"0";"1";""
"202200052172";"721 158";"B01";"3";"7";"0";"2";"3";"9";"1";""
"202200052172";"721 168";"A01";"1";"7";"0";"2";"2";"1";"1";""
"202200052173";"721 155";"B01";"3";"50";"0";"2";"1";"26";"3";""
"202200052173";"721 160";"A01";"3";"7";"0";"2";"7";"7";"1";""
"202200052174";"721 154";"B01";"2";"10";"15";"0";"3";"1";"1";""
"202200052174";"721 156";"A01";"1";"7";"15";"0";"1";"6";"1";""
"202200052175";"721 153";"A01";"2";"7";"13";"0";"9";"14";"1";""
"202200052176";"721 148";"A01";"1";"7";"0";"2";"1";"11";"1";""
"202200052176";"721 152";"B01";"2";"7";"0";"2";"1";"5";"1";""
"202200052177";"721 147";"A01";"0";"7";"0";"0";"9";"0";"1";""
"202200052178";"721 146";"B01";"1";"14";"0";"2";"1";"0";"1";""
"202200052178";"721 151";"A01";"0";"10";"0";"0";"0";"0";"0";""
"202200052179";"721 144";"B01";"2";"33";"0";"2";"1";"1";"1";""
"202200052179";"721 149";"A01";"2";"7";"0";"2";"5";"15";"1";""
"202200052180";"721 145";"A01";"1";"50";"0";"1";"1";"1";"3";""
"202200052181";"721 141";"A01";"3";"7";"0";"1";"7";"1";"1";""
"202200052182";"721 140";"B01";"2";"7";"0";"2";"7";"1";"1";""
"202200052182";"721 150";"A01";"2";"2";"0";"2";"1";"1";"1";""
"202200052183";"721 139";"B01";"1";"15";"0";"2";"4";"2";"1";""
"202200052183";"721 142";"A01";"1";"7";"0";"2";"1";"2";"1";""
"202200052184";"721 137";"A01";"1";"7";"13";"0";"1";"14";"1";""
"202200052185";"721 136";"A01";"2";"7";"4";"0";"1";"2";"1";""
"202200052186";"721 135";"B01";"2";"7";"0";"2";"7";"19";"1";""
"202200052186";"721 143";"A01";"2";"50";"0";"2";"1";"5";"3";""
"202200052187";"721 134";"A01";"1";"7";"0";"1";"2";"9";"1";""
"202200052188";"721 132";"B01";"2";"7";"0";"2";"3";"1";"2";""
"202200052188";"721 138";"A01";"1";"33";"0";"1";"1";"1";"1";""
"202200052189";"721 128";"A01";"1";"7";"13";"0";"1";"13";"1";""
"202200052190";"721 131";"A01";"1";"7";"0";"1";"1";"1";"1";""
"202200052191";"721 127";"A01";"1";"38";"0";"1";"6";"15";"0";"1"
"202200052192";"721 125";"B01";"1";"7";"0";"2";"3";"2";"1";""
"202200052192";"721 129";"A01";"1";"33";"0";"2";"7";"1";"1";""
"202200052193";"721 119";"B01";"2";"33";"0";"2";"8";"1";"1";""
"202200052193";"721 123";"A01";"2";"30";"0";"2";"8";"13";"1";""
"202200052194";"721 117";"A01";"2";"7";"0";"1";"2";"1";"1";""
"202200052195";"721 121";"B01";"1";"7";"0";"0";"1";"2";"1";""
"202200052195";"721 130";"A01";"2";"7";"0";"0";"1";"15";"1";""
"202200052196";"721 115";"A01";"2";"7";"1";"2";"9";"14";"1";""
"202200052196";"721 118";"B01";"1";"2";"0";"2";"1";"1";"1";""
"202200052196";"721 122";"C01";"3";"7";"0";"2";"8";"26";"1";""
"202200052196";"721 126";"D01";"3";"7";"0";"2";"8";"26";"1";""
"202200052196";"721 133";"E01";"3";"7";"0";"2";"3";"26";"1";""
"202200052197";"721 120";"A01";"1";"33";"4";"0";"8";"13";"1";""
"202200052198";"721 111";"A01";"3";"1";"0";"2";"8";"0";"5";""
"202200052198";"721 113";"Z01";"3";"7";"0";"2";"8";"17";"0";""
"202200052199";"721 109";"A01";"0";"7";"0";"1";"1";"26";"2";""
"202200052200";"721 114";"B01";"2";"2";"0";"2";"1";"1";"1";""
"202200052200";"721 124";"A01";"0";"7";"0";"2";"8";"19";"1";""
"202200052201";"721 112";"A01";"3";"1";"0";"0";"0";"15";"5";""
"202200052202";"721 108";"A01";"1";"10";"0";"2";"6";"14";"1";""
"202200052202";"721 116";"B01";"1";"7";"0";"2";"1";"1";"1";""
"202200052203";"721 105";"A01";"2";"7";"8";"1";"2";"1";"2";""
"202200052204";"721 103";"A01";"3";"7";"0";"2";"1";"13";"1";""
"202200052204";"721 107";"B01";"3";"31";"0";"2";"1";"1";"1";""
"202200052204";"721 110";"C01";"3";"7";"0";"2";"2";"24";"1";""
"202200052205";"721 100";"A01";"1";"7";"0";"1";"1";"0";"1";""
"202200052206";"721 097";"A01";"1";"7";"0";"9";"8";"16";"1";""
"202200052206";"721 098";"B01";"1";"1";"0";"2";"1";"1";"5";""
"202200052207";"721 104";"A01";"2";"7";"13";"0";"3";"1";"1";""
"202200052208";"721 095";"A01";"0";"80";"0";"2";"1";"5";"3";""
"202200052208";"721 096";"B01";"2";"7";"0";"2";"1";"1";"1";""
"202200052209";"721 102";"A01";"2";"2";"0";"0";"1";"14";"1";""
"202200052210";"721 092";"A01";"3";"7";"2";"0";"2";"1";"1";""
"202200052211";"721 101";"B01";"1";"7";"0";"0";"4";"23";"1";""
"202200052211";"721 106";"A01";"2";"7";"1";"0";"1";"2";"1";""
"202200052212";"721 093";"A01";"1";"32";"0";"1";"1";"1";"1";""
"202200052213";"721 090";"A01";"3";"7";"1";"1";"4";"20";"1";""
"202200052214";"721 081";"A01";"1";"7";"0";"2";"1";"17";"1";""
"202200052214";"721 087";"B01";"2";"31";"0";"2";"1";"1";"1";""
"202200052215";"721 077";"A01";"2";"10";"6";"2";"3";"1";"1";""
"202200052215";"721 083";"B01";"2";"7";"15";"2";"2";"1";"1";""
"202200052216";"721 086";"B01";"3";"10";"0";"2";"1";"15";"1";""
"202200052216";"721 094";"A01";"3";"1";"0";"0";"8";"1";"5";""
"202200052217";"721 079";"B01";"1";"7";"0";"2";"6";"14";"1";""
"202200052217";"721 085";"A01";"1";"7";"0";"2";"3";"1";"2";""
"202200052218";"721 082";"A01";"2";"7";"0";"2";"1";"2";"1";""
"202200052218";"721 091";"B01";"2";"7";"0";"2";"4";"1";"1";""
"202200052219";"721 088";"B01";"2";"31";"0";"2";"2";"1";"1";""
"202200052219";"721 099";"A01";"1";"7";"0";"2";"3";"0";"1";""
"202200052220";"721 078";"A01";"1";"7";"0";"2";"1";"2";"1";""
"202200052220";"721 089";"B01";"1";"10";"3";"2";"4";"2";"1";""
"202200052221";"721 080";"A01";"1";"7";"1";"0";"3";"0";"1";""
"202200052222";"721 073";"A01";"1";"30";"0";"2";"1";"5";"1";""
"202200052222";"721 075";"B01";"2";"7";"0";"2";"2";"1";"1";""
"202200052223";"721 071";"A01";"3";"7";"0";"1";"5";"0";"1";""
"202200052224";"721 076";"B01";"1";"7";"0";"2";"8";"15";"1";""
"202200052224";"721 084";"A01";"1";"31";"0";"2";"7";"17";"1";""
"202200052225";"721 061";"A01";"0";"7";"0";"2";"7";"15";"1";""
"202200052225";"721 066";"B01";"0";"7";"0";"2";"1";"1";"1";""
"202200052226";"721 062";"A01";"2";"7";"0";"9";"8";"22";"1";""
"202200052226";"721 067";"B01";"2";"1";"1";"0";"1";"1";"5";""
"202200052227";"721 068";"A01";"2";"7";"6";"0";"3";"13";"1";""
"202200052228";"721 058";"B01";"1";"7";"0";"2";"3";"23";"1";""
"202200052228";"721 063";"A01";"1";"1";"0";"2";"1";"15";"5";""
"202200052229";"721 065";"B01";"2";"7";"0";"2";"3";"1";"1";""
"202200052229";"721 072";"A01";"1";"7";"0";"2";"7";"1";"1";""
"202200052230";"721 054";"B01";"3";"7";"0";"2";"4";"23";"1";""
"202200052230";"721 057";"A01";"3";"33";"0";"2";"1";"11";"1";""
"202200052231";"721 053";"B01";"0";"7";"0";"0";"6";"23";"1";""
"202200052231";"721 055";"A01";"3";"7";"0";"2";"2";"2";"1";""
"202200052232";"721 059";"B01";"1";"33";"0";"2";"0";"21";"1";""
"202200052232";"721 069";"A01";"2";"7";"0";"2";"0";"11";"1";""
"202200052233";"721 051";"A01";"1";"15";"3";"0";"2";"2";"1";""
"202200052234";"721 052";"B01";"1";"1";"0";"2";"3";"1";"5";""
"202200052234";"721 060";"A01";"1";"7";"0";"2";"2";"1";"1";""
"202200052235";"721 046";"A01";"1";"7";"0";"1";"1";"1";"1";""
"202200052236";"721 049";"A01";"1";"10";"8";"4";"2";"16";"1";""
"202200052236";"721 050";"B01";"1";"40";"0";"2";"3";"1";"3";""
"202200052237";"721 044";"A01";"1";"7";"0";"2";"1";"17";"1";""
"202200052237";"721 064";"B01";"2";"7";"0";"2";"1";"1";"1";""
"202200052238";"721 048";"B01";"3";"31";"0";"2";"1";"15";"1";""
"202200052238";"721 056";"A01";"3";"7";"0";"2";"3";"23";"2";""
"202200052239";"721 038";"B01";"0";"7";"0";"0";"3";"23";"1";""
"202200052239";"721 039";"Z01";"0";"7";"14";"1";"1";"17";"0";""
"202200052240";"721 035";"B01";"1";"7";"0";"2";"0";"0";"1";""
"202200052240";"721 040";"A01";"1";"7";"3";"2";"8";"9";"0";""
"202200052241";"721 041";"A01";"0";"7";"0";"2";"2";"15";"1";""
"202200052241";"721 047";"B01";"0";"2";"0";"2";"1";"1";"1";""
"202200052242";"721 034";"B01";"1";"7";"0";"2";"4";"2";"1";""
"202200052242";"721 037";"A01";"1";"7";"0";"2";"1";"2";"2";""
"202200052243";"721 025";"A01";"1";"7";"0";"2";"7";"14";"1";""
"202200052243";"721 029";"B01";"1";"2";"0";"2";"8";"18";"1";""
"202200052244";"721 024";"C01";"1";"37";"0";"2";"1";"2";"1";"1"
"202200052244";"721 028";"B01";"1";"14";"0";"2";"2";"1";"1";""
"202200052244";"721 030";"A01";"2";"2";"0";"2";"1";"5";"1";""
"202200052245";"721 023";"B01";"2";"30";"0";"2";"1";"2";"1";""
"202200052245";"721 027";"A01";"2";"7";"0";"2";"6";"2";"2";""
"202200052246";"721 031";"C01";"2";"7";"0";"2";"1";"1";"1";""
"202200052246";"721 036";"B01";"2";"7";"0";"2";"6";"2";"1";""
"202200052246";"721 043";"A01";"2";"7";"0";"2";"1";"2";"1";""
"202200052247";"721 022";"A01";"3";"7";"2";"0";"9";"1";"1";""
"202200052248";"721 033";"A01";"1";"38";"0";"1";"2";"1";"1";"1"
"202200052249";"721 016";"A01";"2";"7";"13";"0";"1";"9";"1";""
"202200052250";"721 013";"A01";"1";"1";"0";"2";"0";"9";"5";""
"202200052250";"721 014";"Z01";"2";"7";"0";"2";"0";"1";"0";""
"202200052251";"721 015";"B01";"3";"7";"0";"2";"4";"23";"1";""
"202200052251";"721 019";"A01";"3";"7";"0";"2";"1";"2";"1";""
"202200052252";"721 010";"A01";"2";"7";"0";"2";"2";"9";"2";""
"202200052252";"721 012";"B01";"1";"80";"0";"2";"2";"1";"3";""
"202200052253";"721 007";"A01";"2";"30";"1";"0";"0";"14";"3";""
"202200052254";"721 005";"B01";"2";"1";"0";"2";"8";"1";"5";""
"202200052254";"721 008";"Z01";"1";"7";"0";"2";"0";"0";"0";""
"202200052255";"721 018";"B01";"3";"2";"0";"0";"7";"23";"1";""
"202200052255";"721 026";"A01";"3";"2";"1";"0";"1";"2";"1";""
"202200052256";"721 017";"A01";"3";"7";"0";"1";"2";"1";"1";""
"202200052257";"721 001";"A01";"1";"7";"0";"2";"8";"16";"1";""
"202200052257";"721 003";"B01";"3";"33";"0";"2";"2";"1";"1";""
"202200052258";"720 999";"Z01";"2";"50";"0";"2";"0";"25";"3";""
"202200052258";"721 002";"A01";"0";"60";"0";"2";"1";"25";"5";""
"202200052259";"720 998";"B01";"1";"7";"0";"2";"6";"15";"1";""
"202200052259";"721 000";"A01";"1";"7";"0";"2";"1";"26";"3";""
"202200052260";"721 011";"A01";"1";"7";"0";"2";"1";"1";"1";""
"202200052260";"721 032";"B01";"1";"2";"0";"0";"4";"1";"1";""
"202200052260";"721 042";"C01";"1";"2";"0";"0";"4";"1";"1";""
"202200052261";"721 004";"A01";"2";"7";"0";"2";"3";"1";"1";""
"202200052261";"721 020";"B01";"1";"14";"0";"2";"3";"1";"1";""