"Num_Acc";"id_vehicule";"num_veh";"senc";"catv";"obs";"obsm";"choc";"manv";"motor";"occutc"
"202200052262";"720 989";"Y01";"3";"1";"0";"2";"2";"1";"5";""
"202200052262";"720 994";"A01";"3";"7";"0";"9";"3";"15";"1";""
"202200052263";"720 988";"A01";"1";"7";"0";"2";"3";"17";"1";""
"202200052263";"720 992";"B01";"1";"7";"0";"2";"3";"23";"1";""
"202200052263";"720 995";"D01";"1";"10";"0";"9";"1";"1";"1";""
"202200052263";"720 997";"C01";"1";"10";"0";"2";"1";"1";"1";""
"202200052264";"720 982";"A01";"0";"7";"1";"1";"1";"14";"1";""
"202200052265";"720 981";"A01";"1";"7";"0";"1";"0";"1";"2";""
"202200052266";"720 983";"Z01";"1";"7";"0";"1";"1";"1";"0";""
"202200052267";"720 987";"A01";"3";"32";"0";"2";"8";"15";"1";""
"202200052267";"721 006";"B01";"3";"7";"0";"2";"3";"1";"1";""
"202200052268";"720 990";"C01";"2";"7";"0";"2";"4";"2";"1";""
"202200052268";"720 996";"B01";"2";"33";"0";"2";"8";"3";"1";""
"202200052268";"721 009";"A01";"2";"7";"0";"2";"2";"12";"1";""
"202200052269";"720 977";"Z01";"2";"7";"0";"1";"4";"4";"0";""
"202200052270";"720 976";"A01";"3";"7";"12";"0";"2";"13";"1";""
"202200052271";"720 973";"A01";"0";"7";"0";"1";"2";"1";"1";""
"202200052272";"720 979";"B01";"1";"33";"0";"2";"8";"21";"1";""
"202200052272";"720 985";"A01";"2";"7";"0";"2";"3";"1";"1";""
"202200052273";"720 980";"B01";"2";"7";"0";"0";"3";"13";"1";""
"202200052273";"720 986";"A01";"1";"7";"9";"0";"6";"1";"1";""
"202200052274";"720 978";"B01";"3";"10";"0";"2";"1";"5";"1";""
"202200052274";"720 984";"A01";"3";"2";"0";"2";"1";"1";"1";""
"202200052275";"720 975";"A01";"3";"30";"0";"1";"0";"1";"0";""
"202200052276";"720 974";"A01";"1";"10";"0";"2";"1";"1";"1";""
"202200052276";"720 991";"B01";"3";"1";"0";"2";"8";"19";"5";""
"202200052277";"720 967";"A01";"2";"7";"0";"2";"0";"0";"1";""
"202200052277";"720 969";"B01";"2";"34";"0";"2";"0";"0";"1";""
"202200052278";"720 970";"B01";"1";"7";"0";"2";"1";"23";"1";""
"202200052278";"720 972";"A01";"1";"7";"0";"2";"4";"23";"1";""
"202200052279";"720 966";"A01";"1";"2";"0";"0";"0";"1";"1";""
"202200052280";"720 965";"A01";"3";"1";"0";"2";"6";"19";"5";""
"202200052280";"720 971";"B01";"1";"7";"0";"2";"7";"1";"1";""
"202200052281";"720 962";"A01";"1";"7";"11";"0";"1";"2";"1";""
"202200052282";"720 961";"A01";"1";"32";"0";"2";"9";"13";"1";""
"202200052282";"720 963";"B01";"2";"7";"0";"2";"1";"1";"1";""
"202200052283";"720 958";"A01";"2";"7";"0";"2";"1";"1";"1";""
"202200052283";"720 968";"B01";"1";"3";"0";"2";"2";"1";"1";""
"202200052284";"720 956";"A01";"1";"1";"0";"0";"0";"0";"5";""
"202200052285";"720 960";"B01";"2";"7";"0";"2";"2";"15";"1";""
"202200052285";"720 964";"A01";"2";"33";"0";"2";"1";"1";"1";""
"202200052286";"720 955";"B01";"3";"7";"0";"2";"3";"1";"1";""
"202200052286";"720 959";"A01";"3";"7";"0";"2";"3";"13";"1";""
"202200052287";"720 954";"B01";"2";"7";"0";"2";"3";"1";"1";""
"202200052287";"720 957";"A01";"2";"15";"0";"2";"2";"12";"1";""
"202200052288";"720 950";"B01";"1";"7";"0";"2";"4";"11";"1";""
"202200052288";"720 952";"A01";"1";"33";"0";"2";"1";"1";"1";""
"202200052289";"720 949";"A01";"2";"7";"0";"1";"2";"1";"1";""
"202200052290";"720 946";"A01";"1";"7";"2";"0";"1";"1";"1";""
"202200052291";"720 948";"B01";"3";"7";"0";"2";"8";"0";"1";""
"202200052291";"720 953";"A01";"3";"7";"0";"2";"1";"0";"1";""
"202200052292";"720 945";"B01";"3";"7";"0";"2";"6";"2";"1";""
"202200052292";"720 951";"A01";"3";"7";"0";"2";"2";"21";"1";""
"202200052293";"720 943";"A01";"1";"7";"4";"0";"1";"1";"1";""
"202200052294";"720 944";"A01";"1";"7";"0";"1";"1";"1";"0";""
"202200052295";"720 941";"A01";"2";"7";"0";"0";"2";"15";"1";""
"202200052295";"720 947";"B01";"1";"2";"0";"2";"1";"1";"1";""
"202200052296";"720 939";"A01";"1";"7";"12";"0";"0";"9";"1";""
"202200052297";"720 929";"A01";"3";"7";"0";"2";"1";"1";"0";""
"202200052297";"720 935";"B01";"0";"33";"0";"0";"0";"0";"1";""
"202200052298";"720 930";"B01";"2";"10";"0";"2";"3";"23";"1";""
"202200052298";"720 937";"A01";"1";"7";"0";"2";"1";"13";"1";""
"202200052299";"720 934";"B01";"1";"7";"0";"2";"1";"1";"1";""
"202200052299";"720 940";"A01";"1";"7";"0";"2";"1";"5";"0";""
"202200052300";"720 926";"A01";"1";"7";"0";"2";"1";"13";"1";""
"202200052300";"720 933";"B01";"3";"7";"0";"2";"3";"1";"1";""
"202200052301";"720 928";"B01";"3";"7";"0";"2";"2";"1";"1";""
"202200052301";"720 936";"A01";"3";"7";"0";"2";"1";"6";"1";""
"202200052302";"720 922";"A01";"3";"2";"0";"2";"1";"1";"1";""
"202200052302";"720 927";"B01";"3";"7";"0";"2";"3";"1";"1";""
"202200052303";"720 921";"D01";"1";"7";"3";"2";"4";"1";"1";""
"202200052303";"720 925";"C01";"1";"7";"3";"2";"4";"2";"1";""
"202200052303";"720 931";"B01";"1";"7";"3";"2";"4";"2";"1";""
"202200052303";"720 938";"A01";"1";"33";"3";"2";"1";"2";"1";""
"202200052304";"720 924";"B01";"3";"33";"0";"0";"4";"2";"1";""
"202200052304";"720 932";"A01";"3";"7";"0";"0";"2";"2";"1";""
"202200052305";"720 916";"A01";"2";"7";"3";"0";"3";"13";"1";""
"202200052306";"720 918";"B01";"2";"7";"12";"2";"8";"1";"1";""
"202200052306";"720 923";"A01";"1";"7";"12";"2";"3";"13";"1";""
"202200052307";"720 917";"A01";"0";"7";"0";"0";"4";"16";"1";""
"202200052307";"720 920";"B01";"3";"33";"0";"2";"1";"1";"1";""
"202200052308";"720 913";"A01";"1";"7";"0";"1";"1";"1";"1";""
"202200052309";"720 914";"B01";"3";"7";"8";"9";"2";"21";"3";""
"202200052309";"720 919";"A01";"3";"1";"0";"2";"4";"9";"5";""
"202200052310";"720 915";"A01";"1";"7";"13";"0";"9";"14";"1";""
"202200052311";"720 910";"B01";"1";"30";"0";"2";"1";"17";"1";""
"202200052311";"720 912";"A01";"1";"7";"0";"2";"6";"23";"1";""
"202200052312";"720 907";"B01";"2";"7";"0";"2";"1";"1";"1";""
"202200052312";"720 908";"A01";"1";"7";"0";"2";"2";"9";"1";""
"202200052313";"720 906";"B01";"2";"32";"0";"2";"7";"1";"1";""
"202200052313";"720 909";"A01";"1";"7";"0";"2";"7";"15";"1";""
"202200052314";"720 903";"B01";"2";"7";"0";"2";"7";"1";"1";""
"202200052314";"720 911";"A01";"3";"7";"0";"2";"1";"19";"1";""
"202200052315";"720 902";"A01";"3";"7";"2";"0";"3";"16";"1";""
"202200052316";"720 901";"A01";"0";"33";"0";"1";"1";"14";"1";""
"202200052317";"720 899";"A01";"1";"7";"13";"0";"1";"1";"1";""
"202200052318";"720 898";"A01";"3";"7";"0";"2";"3";"15";"1";""
"202200052318";"720 904";"B01";"2";"10";"0";"2";"2";"1";"1";""
"202200052319";"720 896";"A01";"2";"3";"6";"0";"3";"1";"1";""
"202200052320";"720 895";"A01";"2";"7";"0";"1";"3";"1";"1";""
"202200052321";"720 890";"A01";"2";"7";"13";"0";"2";"0";"1";""
"202200052322";"720 891";"A01";"1";"7";"4";"2";"1";"2";"1";""
"202200052322";"720 897";"B01";"1";"7";"4";"2";"4";"2";"1";""
"202200052323";"720 892";"A01";"2";"7";"2";"0";"1";"1";"1";""
"202200052324";"720 886";"B01";"2";"31";"0";"2";"1";"1";"1";""
"202200052324";"720 894";"A01";"2";"7";"0";"2";"5";"19";"1";""
"202200052325";"720 888";"A01";"3";"7";"8";"0";"1";"14";"1";""
"202200052326";"720 883";"B01";"3";"1";"0";"2";"5";"0";"5";""
"202200052326";"720 889";"A01";"3";"7";"0";"2";"1";"9";"1";""
"202200052327";"720 882";"A01";"2";"7";"1";"0";"1";"13";"1";""
"202200052328";"720 878";"A01";"1";"7";"0";"0";"6";"10";"2";""
"202200052328";"720 885";"B01";"1";"32";"0";"2";"7";"2";"1";""
"202200052329";"720 877";"A01";"2";"10";"0";"2";"1";"2";"1";""
"202200052329";"720 881";"C01";"2";"7";"0";"2";"4";"2";"1";""
"202200052329";"720 887";"B01";"2";"10";"0";"2";"4";"2";"1";""
"202200052329";"720 893";"D01";"2";"10";"0";"2";"4";"2";"1";""
"202200052330";"720 874";"B01";"2";"7";"0";"2";"3";"21";"1";""
"202200052330";"720 880";"A01";"1";"33";"0";"2";"1";"13";"1";""
"202200052331";"720 876";"A01";"2";"7";"8";"0";"3";"1";"1";""
"202200052332";"720 872";"B01";"3";"30";"0";"0";"1";"1";"1";""
"202200052332";"720 884";"A01";"3";"10";"0";"0";"4";"4";"1";""
"202200052333";"720 868";"A01";"2";"50";"0";"0";"0";"1";"3";""
"202200052334";"720 867";"A01";"3";"7";"4";"0";"1";"15";"0";""
"202200052334";"720 875";"B01";"3";"7";"4";"0";"1";"1";"1";""
"202200052335";"720 864";"D01";"1";"10";"0";"2";"4";"2";"1";""
"202200052335";"720 869";"C01";"1";"7";"0";"2";"4";"2";"1";""
"202200052335";"720 873";"B01";"1";"7";"0";"2";"6";"2";"1";""
"202200052335";"720 879";"A01";"1";"14";"0";"2";"1";"1";"1";""
"202200052336";"720 865";"A01";"1";"7";"0";"2";"4";"2";"2";""
"202200052336";"720 870";"Z01";"1";"10";"0";"2";"1";"2";"1";""
"202200052337";"720 862";"A01";"1";"1";"0";"2";"1";"1";"5";""
"202200052337";"720 871";"B01";"1";"7";"0";"2";"8";"1";"1";""
"202200052338";"720 861";"B01";"2";"7";"0";"2";"3";"1";"2";""
"202200052338";"720 866";"A01";"2";"50";"0";"2";"0";"17";"3";""
"202200052339";"720 858";"B01";"1";"7";"0";"2";"1";"1";"1";""
"202200052339";"720 863";"A01";"2";"7";"0";"2";"1";"13";"1";""
"202200052340";"720 857";"A01";"2";"7";"0";"1";"2";"1";"1";""
"202200052341";"720 856";"A01";"1";"7";"2";"9";"1";"1";"1";""
"202200052342";"720 851";"B01";"0";"7";"0";"2";"1";"15";"1";""
"202200052342";"720 860";"A01";"0";"33";"0";"2";"1";"2";"1";""
"202200052343";"720 848";"B01";"1";"15";"0";"2";"1";"1";"1";""
"202200052343";"720 853";"A01";"1";"10";"4";"2";"9";"14";"1";""
"202200052344";"720 854";"A01";"1";"7";"0";"1";"1";"1";"2";""
"202200052345";"720 846";"B01";"1";"3";"0";"2";"3";"15";"1";""
"202200052345";"720 849";"A01";"1";"7";"0";"2";"2";"17";"1";""
"202200052346";"720 839";"B01";"0";"33";"0";"2";"1";"1";"1";""
"202200052346";"720 844";"A01";"0";"7";"0";"0";"6";"19";"1";""
"202200052347";"720 838";"B01";"1";"7";"0";"2";"6";"2";"1";""
"202200052347";"720 845";"A01";"1";"31";"0";"2";"2";"2";"1";""
"202200052348";"720 842";"A01";"1";"7";"6";"0";"1";"19";"1";""
"202200052349";"720 837";"B01";"1";"31";"0";"2";"1";"1";"1";""
"202200052349";"720 843";"A01";"2";"7";"0";"2";"7";"9";"2";""
"202200052350";"720 836";"A01";"1";"33";"0";"2";"3";"3";"1";""
"202200052350";"720 840";"B01";"1";"7";"0";"2";"5";"1";"1";""
"202200052351";"720 833";"A01";"2";"33";"5";"0";"1";"1";"1";""
"202200052352";"720 847";"A01";"2";"7";"0";"0";"3";"1";"1";""
"202200052352";"720 855";"B01";"1";"7";"0";"2";"3";"1";"1";""
"202200052352";"720 859";"C01";"1";"7";"0";"2";"1";"1";"1";""
"202200052353";"720 828";"A01";"1";"7";"0";"1";"1";"1";"1";""
"202200052354";"720 832";"A01";"1";"30";"0";"2";"0";"1";"1";""
"202200052355";"720 841";"A01";"1";"7";"0";"2";"3";"16";"1";""
"202200052355";"720 850";"B01";"1";"1";"0";"2";"4";"1";"5";""
"202200052356";"720 826";"B01";"3";"1";"0";"2";"1";"1";"5";""
"202200052356";"720 835";"A01";"3";"1";"0";"2";"1";"1";"5";""
"202200052357";"720 824";"B01";"1";"2";"0";"2";"0";"17";"1";""
"202200052357";"720 829";"A01";"1";"2";"0";"2";"0";"17";"1";""
"202200052358";"720 822";"B01";"1";"33";"0";"2";"1";"1";"1";""
"202200052358";"720 825";"A01";"2";"7";"0";"2";"6";"15";"1";""
"202200052359";"720 823";"A01";"2";"30";"0";"2";"1";"25";"1";""
"202200052359";"720 827";"B01";"1";"80";"0";"2";"1";"25";"3";""
"202200052360";"720 820";"A01";"3";"7";"0";"2";"8";"1";"1";""
"202200052360";"720 831";"B01";"3";"7";"0";"2";"2";"15";"1";""
"202200052361";"720 816";"Z01";"2";"7";"0";"1";"2";"1";"0";""
"202200052362";"720 810";"B01";"1";"7";"0";"2";"3";"16";"1";""
"202200052362";"720 817";"A01";"1";"32";"0";"2";"1";"1";"1";""
"202200052363";"720 814";"A01";"1";"7";"0";"2";"3";"15";"1";""
"202200052363";"720 821";"B01";"1";"2";"0";"2";"1";"1";"1";""
"202200052364";"720 812";"B01";"2";"7";"9";"0";"8";"15";"1";""
"202200052364";"720 818";"A01";"1";"7";"0";"0";"2";"1";"1";""
"202200052365";"720 806";"A01";"2";"7";"0";"2";"1";"5";"1";""
"202200052365";"720 811";"B01";"1";"10";"0";"2";"1";"1";"1";""
"202200052366";"720 807";"C01";"2";"7";"0";"2";"1";"1";"1";""
"202200052366";"720 815";"B01";"2";"7";"0";"2";"1";"1";"1";""
"202200052366";"720 819";"A01";"1";"7";"0";"2";"1";"17";"1";""
"202200052367";"720 804";"A01";"1";"7";"0";"1";"3";"15";"1";""
"202200052368";"720 805";"B01";"1";"33";"0";"2";"1";"3";"1";""
"202200052368";"720 809";"A01";"1";"7";"0";"2";"7";"11";"1";""
"202200052369";"720 801";"B01";"1";"7";"0";"2";"1";"21";"1";""
"202200052369";"720 808";"A01";"2";"7";"0";"2";"1";"5";"1";""
"202200052370";"720 802";"A01";"1";"2";"13";"0";"1";"1";"1";""
"202200052371";"720 799";"A01";"3";"7";"0";"1";"3";"4";"2";""
"202200052372";"720 795";"A01";"1";"33";"0";"2";"7";"1";"1";""
"202200052372";"720 803";"Z01";"1";"7";"0";"2";"8";"11";"0";""
"202200052373";"720 792";"A01";"2";"14";"0";"1";"2";"16";"1";""
"202200052374";"720 793";"B01";"1";"7";"0";"2";"4";"1";"1";""
"202200052374";"720 796";"A01";"1";"33";"0";"2";"1";"1";"1";""
"202200052375";"720 794";"B01";"2";"10";"0";"2";"1";"1";"1";""
"202200052375";"720 797";"A01";"1";"33";"0";"2";"1";"5";"1";""
"202200052376";"720 790";"A01";"1";"7";"9";"0";"7";"1";"1";""
"202200052377";"720 791";"A01";"1";"7";"1";"0";"1";"26";"1";""
"202200052377";"720 800";"B01";"1";"14";"0";"2";"4";"23";"1";""
"202200052378";"720 789";"A01";"2";"7";"0";"2";"4";"1";"1";""
"202200052378";"720 798";"B01";"2";"7";"0";"2";"1";"12";"2";""
"202200052379";"720 788";"A01";"1";"7";"0";"0";"1";"1";"1";""
"202200052380";"720 784";"A01";"2";"7";"7";"0";"3";"13";"1";""
"202200052381";"720 783";"B01";"3";"80";"0";"2";"2";"15";"3";""
"202200052381";"720 787";"A01";"2";"21";"0";"0";"6";"1";"1";""
"202200052382";"720 782";"A01";"2";"33";"0";"0";"8";"1";"1";""
"202200052383";"720 780";"B01";"2";"30";"0";"2";"3";"17";"1";""
"202200052383";"720 785";"A01";"2";"7";"0";"2";"3";"15";"1";""
"202200052384";"720 777";"Z01";"1";"0";"0";"1";"0";"0";"0";""
"202200052385";"720 774";"A01";"1";"7";"0";"2";"3";"20";"1";""
"202200052385";"720 781";"B01";"2";"2";"0";"2";"1";"1";"1";""
"202200052386";"720 775";"Z01";"1";"7";"0";"2";"2";"15";"0";""
"202200052386";"720 786";"A01";"2";"1";"0";"2";"3";"1";"5";""
"202200052387";"720 773";"A01";"1";"2";"0";"2";"1";"1";"1";""
"202200052387";"720 778";"B01";"2";"7";"0";"0";"5";"23";"1";""
"202200052388";"720 769";"A01";"3";"38";"0";"0";"8";"1";"1";"2"
"202200052388";"720 779";"B01";"3";"7";"0";"2";"8";"16";"1";""
"202200052389";"720 767";"C01";"1";"7";"0";"2";"1";"1";"1";""
"202200052389";"720 770";"B01";"1";"7";"0";"2";"8";"23";"1";""
"202200052389";"720 776";"A01";"1";"7";"3";"1";"9";"23";"1";""
"202200052390";"720 768";"A01";"1";"7";"16";"2";"1";"16";"1";""
"202200052391";"720 761";"B01";"1";"7";"0";"2";"3";"1";"1";""
"202200052391";"720 765";"A01";"2";"7";"0";"2";"3";"13";"1";""
"202200052392";"720 762";"B01";"3";"2";"0";"0";"8";"1";"1";""
"202200052392";"720 771";"A01";"3";"7";"0";"2";"2";"19";"1";""
"202200052393";"720 758";"A01";"3";"7";"0";"2";"7";"1";"1";""
"202200052393";"720 766";"B01";"3";"7";"0";"2";"1";"15";"1";""
"202200052394";"720 759";"A01";"2";"7";"0";"2";"5";"16";"1";""
"202200052394";"720 764";"B01";"2";"30";"0";"2";"1";"18";"1";""
"202200052395";"720 754";"B01";"0";"7";"6";"2";"5";"1";"1";""
"202200052395";"720 760";"A01";"0";"21";"0";"2";"3";"19";"1";""
"202200052396";"720 755";"A01";"3";"7";"0";"2";"2";"1";"1";""
"202200052396";"720 763";"B01";"3";"50";"0";"2";"1";"9";"3";""
"202200052397";"720 756";"A01";"1";"7";"0";"1";"1";"1";"1";""
"202200052398";"720 750";"A01";"3";"7";"0";"2";"2";"1";"1";""
"202200052398";"720 757";"B01";"3";"50";"0";"2";"7";"19";"3";""
"202200052399";"720 752";"A01";"3";"7";"0";"1";"3";"9";"1";""
"202200052400";"720 747";"A01";"3";"33";"12";"0";"1";"1";"1";""
"202200052401";"720 744";"B01";"3";"7";"0";"2";"1";"1";"1";""
"202200052401";"720 751";"A01";"3";"7";"0";"2";"1";"1";"1";""
"202200052402";"720 743";"A01";"2";"1";"0";"1";"1";"1";"5";""
"202200052403";"720 737";"A01";"1";"7";"0";"0";"3";"0";"1";""
"202200052403";"720 742";"B01";"2";"7";"0";"0";"3";"0";"1";""
"202200052404";"720 734";"A01";"3";"10";"0";"2";"8";"13";"1";""
"202200052404";"720 740";"B01";"3";"7";"0";"2";"8";"13";"1";""
"202200052405";"720 732";"B01";"2";"80";"0";"2";"0";"1";"3";""
"202200052405";"720 735";"A01";"1";"30";"0";"2";"1";"5";"1";""
"202200052406";"720 729";"A01";"0";"10";"0";"1";"6";"20";"1";""
"202200052407";"720 726";"A01";"1";"7";"6";"0";"8";"26";"1";""
"202200052408";"720 724";"B01";"1";"10";"0";"9";"1";"1";"1";""
"202200052408";"720 733";"A01";"2";"1";"0";"2";"3";"5";"5";""
"202200052409";"720 725";"A01";"1";"7";"0";"2";"0";"0";"1";""
"202200052409";"720 730";"E01";"1";"7";"0";"2";"0";"0";"1";""
"202200052409";"720 738";"D01";"1";"7";"0";"2";"0";"0";"1";""
"202200052409";"720 745";"B01";"1";"7";"0";"2";"0";"0";"1";""
"202200052409";"720 749";"C01";"1";"10";"0";"2";"0";"0";"1";""
"202200052409";"720 753";"F01";"1";"17";"4";"2";"1";"6";"1";""
"202200052410";"720 720";"A01";"1";"33";"0";"0";"7";"17";"1";""
"202200052411";"720 719";"B01";"1";"32";"0";"2";"1";"13";"1";""
"202200052411";"720 727";"A01";"2";"7";"0";"2";"3";"1";"1";""
"202200052412";"720 718";"B01";"0";"1";"0";"2";"1";"1";"5";""
"202200052412";"720 723";"A01";"3";"7";"0";"2";"8";"1";"1";""
"202200052413";"720 717";"F01";"2";"7";"0";"2";"7";"2";"1";""
"202200052413";"720 721";"E01";"2";"7";"0";"2";"4";"23";"1";""
"202200052413";"720 728";"D01";"2";"14";"0";"2";"1";"1";"1";""
"202200052413";"720 731";"C01";"2";"7";"1";"0";"4";"23";"1";""
"202200052413";"720 739";"B01";"2";"10";"1";"0";"4";"23";"1";""
"202200052413";"720 748";"A01";"2";"7";"0";"2";"4";"23";"1";""
"202200052414";"720 715";"A01";"1";"7";"0";"2";"7";"19";"1";""
"202200052414";"720 722";"B01";"2";"7";"0";"2";"1";"19";"1";""
"202200052414";"720 736";"C01";"2";"7";"0";"2";"1";"23";"1";""
"202200052415";"720 709";"B01";"1";"1";"0";"2";"3";"0";"5";""
"202200052415";"720 714";"A01";"1";"7";"0";"2";"7";"1";"1";""
"202200052416";"720 706";"A01";"3";"7";"0";"2";"3";"9";"1";""
"202200052416";"720 713";"B01";"3";"31";"6";"2";"7";"1";"1";""
"202200052417";"720 712";"A01";"2";"7";"0";"2";"7";"15";"1";""
"202200052417";"720 716";"B01";"1";"2";"0";"2";"2";"1";"1";""
"202200052418";"720 707";"A01";"0";"7";"0";"1";"1";"1";"1";""
"202200052419";"720 704";"A01";"1";"7";"0";"2";"1";"13";"1";""
"202200052419";"720 710";"B01";"2";"7";"0";"2";"3";"1";"1";""
"202200052420";"720 703";"B01";"2";"80";"0";"2";"1";"1";"3";""
"202200052420";"720 708";"A01";"1";"10";"0";"2";"1";"15";"1";""
"202200052421";"720 701";"A01";"0";"7";"0";"2";"1";"1";"1";""
"202200052421";"720 705";"B01";"0";"7";"0";"0";"4";"1";"1";""
"202200052422";"720 695";"A01";"2";"2";"0";"2";"1";"13";"1";""
"202200052422";"720 699";"B01";"1";"10";"0";"2";"3";"1";"1";""
"202200052423";"720 696";"B01";"2";"7";"0";"2";"4";"2";"1";""
"202200052423";"720 711";"A01";"2";"7";"0";"2";"1";"1";"1";""
"202200052424";"720 692";"B01";"2";"15";"0";"2";"1";"1";"1";""
"202200052424";"720 698";"C01";"1";"10";"0";"2";"1";"26";"1";""
"202200052424";"720 700";"A01";"1";"7";"0";"2";"2";"15";"1";""
"202200052425";"720 697";"A01";"2";"30";"12";"0";"3";"16";"1";""
"202200052426";"720 694";"B01";"2";"7";"0";"2";"2";"11";"1";""
"202200052426";"720 702";"A01";"2";"7";"0";"2";"6";"2";"1";""
"202200052427";"720 688";"A01";"1";"7";"0";"2";"2";"1";"1";""
"202200052427";"720 693";"B01";"2";"7";"0";"2";"2";"1";"1";""
"202200052428";"720 687";"B01";"1";"7";"0";"2";"3";"9";"2";""
"202200052428";"720 691";"A01";"1";"30";"0";"2";"1";"1";"1";""
"202200052429";"720 686";"A01";"1";"43";"0";"2";"1";"2";"1";""
"202200052429";"720 690";"B01";"1";"32";"0";"2";"4";"2";"1";""
"202200052430";"720 682";"B01";"2";"7";"4";"0";"9";"1";"1";""
"202200052430";"720 689";"A01";"2";"7";"14";"2";"1";"2";"1";""
"202200052431";"720 680";"A01";"1";"7";"0";"2";"1";"5";"1";""
"202200052431";"720 685";"B01";"2";"7";"0";"2";"1";"1";"1";""
"202200052432";"720 678";"B01";"2";"7";"0";"2";"2";"1";"1";""
"202200052432";"720 683";"A01";"1";"7";"0";"2";"2";"5";"1";""
"202200052433";"720 679";"A01";"2";"10";"0";"0";"3";"15";"1";""
"202200052434";"720 681";"A01";"3";"33";"0";"0";"1";"15";"0";""
"202200052435";"720 675";"A01";"2";"7";"0";"2";"4";"2";"1";""
"202200052435";"720 684";"B01";"2";"17";"0";"2";"2";"12";"1";""
"202200052436";"720 668";"A01";"2";"1";"0";"2";"8";"1";"5";""
"202200052436";"720 674";"B01";"2";"7";"0";"2";"1";"1";"2";""
"202200052437";"720 671";"B01";"1";"1";"0";"2";"4";"23";"5";""
"202200052437";"720 676";"A01";"1";"7";"0";"2";"3";"2";"1";""
"202200052438";"720 664";"A01";"1";"7";"0";"2";"2";"1";"1";""
"202200052438";"720 670";"B01";"1";"17";"0";"0";"6";"1";"1";""
"202200052439";"720 660";"A01";"1";"7";"0";"2";"5";"26";"1";""
"202200052439";"720 666";"B01";"1";"33";"0";"2";"1";"12";"1";""
"202200052440";"720 663";"A01";"1";"17";"0";"2";"1";"1";"0";""
"202200052440";"720 667";"B01";"2";"21";"0";"2";"2";"9";"1";""
"202200052441";"720 658";"D01";"1";"7";"0";"2";"8";"1";"2";""
"202200052441";"720 669";"C01";"1";"7";"0";"2";"1";"1";"1";""
"202200052441";"720 672";"B01";"1";"7";"3";"2";"1";"1";"1";""
"202200052441";"720 677";"A01";"1";"10";"4";"0";"1";"1";"1";""
"202200052442";"720 656";"A01";"3";"2";"0";"2";"1";"13";"3";""
"202200052442";"720 661";"B01";"3";"7";"0";"2";"1";"26";"1";""
"202200052443";"720 654";"C01";"1";"7";"4";"0";"3";"26";"1";""
"202200052443";"720 659";"B01";"1";"7";"0";"2";"2";"3";"1";""
"202200052443";"720 665";"A01";"1";"7";"4";"0";"6";"1";"1";""
"202200052444";"720 653";"B01";"3";"33";"0";"2";"7";"14";"1";""
"202200052444";"720 662";"A01";"3";"7";"0";"2";"3";"9";"1";""
"202200052445";"720 657";"A01";"2";"7";"8";"0";"8";"1";"1";""
"202200052446";"720 652";"A01";"1";"10";"0";"2";"2";"9";"1";""
"202200052446";"720 655";"B01";"2";"33";"0";"2";"2";"1";"1";""
"202200052447";"720 650";"A01";"2";"50";"0";"1";"1";"1";"3";""
"202200052448";"720 648";"A01";"1";"7";"13";"9";"8";"15";"1";""
"202200052448";"720 651";"B01";"2";"7";"13";"2";"1";"1";"1";""
"202200052449";"720 646";"A01";"1";"30";"12";"0";"1";"14";"1";""
"202200052450";"720 645";"A01";"3";"7";"0";"2";"3";"10";"1";""
"202200052450";"720 649";"B01";"3";"30";"0";"2";"1";"2";"1";""
"202200052451";"720 644";"A01";"2";"7";"13";"0";"1";"2";"1";""
"202200052452";"720 643";"A01";"1";"30";"0";"1";"7";"1";"1";""
"202200052453";"720 637";"B01";"2";"7";"0";"2";"1";"5";"1";""
"202200052453";"720 647";"A01";"1";"7";"0";"2";"1";"1";"1";""
"202200052454";"720 639";"A01";"2";"7";"14";"0";"0";"13";"2";""
"202200052455";"720 636";"B01";"1";"7";"0";"2";"1";"1";"1";""
"202200052455";"720 642";"A01";"1";"7";"0";"2";"4";"1";"1";""
"202200052456";"720 635";"A01";"1";"15";"0";"2";"1";"1";"1";""
"202200052456";"720 640";"B01";"1";"7";"0";"0";"4";"1";"1";""
"202200052457";"720 631";"B01";"0";"7";"0";"2";"3";"1";"1";""
"202200052457";"720 638";"A01";"0";"32";"0";"2";"1";"13";"1";""
"202200052458";"720 634";"A01";"2";"7";"0";"2";"1";"2";"1";""
"202200052458";"720 641";"B01";"2";"2";"0";"2";"1";"1";"1";""
"202200052459";"720 629";"B01";"1";"10";"0";"2";"6";"15";"1";""
"202200052459";"720 632";"A01";"1";"32";"0";"2";"1";"17";"1";""
"202200052460";"720 630";"A01";"2";"7";"6";"0";"1";"2";"1";""
"202200052461";"720 627";"A01";"3";"7";"0";"2";"6";"15";"1";""
"202200052461";"720 633";"B01";"1";"33";"0";"2";"1";"1";"1";""
"202200052462";"720 624";"A01";"1";"7";"17";"0";"1";"26";"2";""
"202200052463";"720 621";"A01";"1";"7";"0";"2";"5";"1";"1";""
"202200052463";"720 628";"B01";"2";"7";"0";"2";"1";"1";"1";""
"202200052464";"720 619";"A01";"3";"7";"0";"2";"3";"15";"1";""
"202200052464";"720 625";"B01";"3";"2";"0";"2";"1";"1";"1";""
"202200052465";"720 620";"A01";"1";"10";"0";"1";"3";"1";"1";""
"202200052466";"720 618";"A01";"1";"7";"5";"0";"1";"9";"1";""