"Num_Acc";"id_vehicule";"num_veh";"senc";"catv";"obs";"obsm";"choc";"manv";"motor";"occutc"
"202200052675";"720 238";"F01";"1";"7";"0";"2";"4";"0";"1";""
"202200052675";"720 241";"E01";"1";"7";"0";"2";"4";"0";"1";""
"202200052675";"720 249";"D01";"1";"7";"0";"2";"1";"1";"1";""
"202200052675";"720 256";"C01";"1";"10";"0";"2";"4";"0";"1";""
"202200052675";"720 259";"B01";"1";"7";"0";"2";"4";"0";"1";""
"202200052675";"720 272";"A01";"1";"33";"0";"2";"4";"0";"1";""
"202200052676";"720 227";"A01";"1";"1";"0";"0";"0";"1";"5";""
"202200052677";"720 228";"A01";"1";"7";"0";"2";"1";"13";"1";""
"202200052677";"720 235";"B01";"2";"7";"0";"2";"1";"1";"1";""
"202200052678";"720 229";"A01";"1";"33";"9";"0";"0";"1";"1";""
"202200052679";"720 226";"A01";"2";"10";"0";"2";"5";"15";"1";""
"202200052679";"720 231";"B01";"1";"2";"0";"2";"1";"1";"1";""
"202200052680";"720 225";"B01";"1";"7";"0";"2";"6";"2";"1";""
"202200052680";"720 230";"A01";"1";"32";"0";"2";"1";"2";"1";""
"202200052681";"720 222";"A01";"2";"7";"8";"0";"3";"0";"1";""
"202200052682";"720 220";"A01";"3";"7";"0";"1";"4";"4";"1";""
"202200052683";"720 218";"B01";"3";"30";"0";"2";"3";"1";"1";""
"202200052683";"720 224";"Z01";"3";"7";"0";"2";"1";"1";"1";""
"202200052684";"720 223";"A01";"2";"7";"0";"1";"2";"1";"1";""
"202200052685";"720 216";"A01";"1";"33";"0";"2";"2";"17";"1";""
"202200052685";"720 221";"B01";"1";"33";"0";"2";"8";"21";"1";""
"202200052686";"720 215";"A01";"2";"7";"15";"0";"1";"1";"1";""
"202200052687";"720 214";"A01";"1";"7";"0";"1";"3";"1";"1";""
"202200052688";"720 213";"A01";"1";"7";"0";"2";"1";"1";"1";""
"202200052688";"720 217";"B01";"1";"60";"0";"2";"8";"19";"5";""
"202200052689";"720 212";"A01";"3";"31";"0";"2";"1";"1";"1";""
"202200052689";"720 219";"B01";"3";"7";"0";"2";"4";"1";"1";""
"202200052690";"720 210";"A01";"1";"7";"0";"1";"1";"17";"1";""
"202200052691";"720 208";"A01";"1";"7";"0";"1";"3";"1";"1";""
"202200052692";"720 207";"A01";"3";"1";"0";"0";"0";"1";"5";""
"202200052693";"720 205";"A01";"2";"7";"0";"2";"2";"12";"1";""
"202200052693";"720 211";"B01";"2";"33";"0";"2";"8";"3";"1";""
"202200052694";"720 203";"A01";"1";"33";"0";"0";"8";"10";"1";""
"202200052694";"720 206";"B01";"1";"7";"0";"0";"3";"1";"1";""
"202200052695";"720 201";"B01";"1";"30";"0";"2";"7";"14";"1";""
"202200052695";"720 209";"A01";"1";"7";"0";"2";"1";"9";"1";""
"202200052696";"720 200";"A01";"3";"7";"0";"1";"4";"25";"1";""
"202200052697";"720 196";"A01";"2";"7";"0";"0";"4";"23";"1";""
"202200052697";"720 204";"B01";"2";"7";"1";"2";"1";"2";"1";""
"202200052698";"720 195";"A01";"3";"7";"17";"0";"9";"0";"1";""
"202200052699";"720 189";"A01";"3";"7";"0";"2";"6";"15";"1";""
"202200052699";"720 198";"B01";"3";"33";"0";"2";"1";"17";"1";""
"202200052700";"720 191";"A01";"1";"7";"0";"2";"1";"16";"1";""
"202200052700";"720 202";"B01";"2";"1";"0";"2";"3";"0";"5";""
"202200052701";"720 190";"B01";"2";"99";"0";"2";"1";"9";"0";""
"202200052701";"720 199";"A01";"1";"7";"0";"2";"3";"9";"1";""
"202200052702";"720 188";"A01";"1";"10";"0";"2";"7";"19";"1";""
"202200052702";"720 193";"B01";"1";"2";"0";"2";"1";"1";"1";""
"202200052703";"720 194";"B01";"2";"10";"0";"2";"8";"0";"1";""
"202200052703";"720 197";"A01";"1";"37";"0";"2";"3";"0";"1";"3"
"202200052704";"720 182";"B01";"3";"33";"0";"2";"8";"1";"1";""
"202200052704";"720 186";"A01";"3";"7";"0";"2";"1";"16";"1";""
"202200052705";"720 183";"B01";"1";"1";"0";"2";"1";"1";"5";""
"202200052705";"720 187";"A01";"1";"7";"0";"2";"6";"20";"1";""
"202200052706";"720 184";"B01";"1";"7";"0";"2";"4";"2";"1";""
"202200052706";"720 192";"A01";"1";"10";"0";"2";"3";"2";"1";""
"202200052707";"720 181";"A01";"0";"7";"0";"1";"8";"15";"1";""
"202200052708";"720 178";"A01";"1";"7";"0";"1";"2";"1";"1";""
"202200052709";"720 179";"A01";"2";"7";"0";"2";"1";"5";"1";""
"202200052709";"720 185";"B01";"1";"7";"0";"2";"1";"1";"1";""
"202200052710";"720 175";"A01";"3";"7";"0";"1";"2";"0";"1";""
"202200052711";"720 176";"A01";"2";"7";"12";"0";"1";"19";"1";""
"202200052712";"720 177";"A01";"1";"7";"0";"2";"2";"15";"1";""
"202200052712";"720 180";"B01";"2";"33";"0";"2";"3";"1";"1";""
"202200052713";"720 170";"B01";"2";"30";"0";"2";"8";"0";"1";""
"202200052713";"720 173";"A01";"1";"7";"0";"2";"7";"14";"1";""
"202200052714";"720 168";"B01";"1";"34";"0";"2";"3";"3";"1";""
"202200052714";"720 174";"A01";"1";"7";"0";"2";"7";"12";"1";""
"202200052715";"720 164";"A01";"1";"7";"0";"2";"7";"17";"1";""
"202200052715";"720 171";"B01";"1";"1";"0";"2";"8";"1";"5";""
"202200052716";"720 165";"B01";"2";"33";"0";"2";"3";"3";"1";""
"202200052716";"720 172";"A01";"2";"7";"0";"2";"2";"14";"1";""
"202200052717";"720 163";"A01";"1";"7";"0";"2";"3";"13";"1";""
"202200052717";"720 167";"B01";"2";"17";"0";"2";"3";"1";"1";""
"202200052718";"720 160";"A01";"1";"7";"10";"0";"1";"1";"1";""
"202200052719";"720 161";"A01";"1";"7";"0";"2";"1";"19";"1";""
"202200052719";"720 169";"B01";"1";"7";"0";"2";"8";"19";"1";""
"202200052720";"720 158";"B01";"1";"2";"0";"2";"8";"26";"1";""
"202200052720";"720 162";"A01";"1";"7";"0";"2";"2";"15";"1";""
"202200052721";"720 156";"A01";"2";"30";"0";"0";"1";"1";"1";""
"202200052722";"720 154";"A01";"1";"7";"8";"0";"3";"13";"1";""
"202200052723";"720 155";"A01";"3";"7";"0";"1";"2";"1";"1";""
"202200052724";"720 152";"B01";"3";"7";"0";"0";"5";"2";"1";""
"202200052724";"720 157";"A01";"3";"30";"0";"2";"1";"2";"1";""
"202200052725";"720 150";"B01";"1";"7";"0";"2";"8";"1";"1";""
"202200052725";"720 153";"A01";"1";"7";"0";"2";"5";"12";"1";""
"202200052726";"720 147";"A01";"1";"7";"6";"0";"3";"11";"1";""
"202200052727";"720 148";"B01";"2";"7";"12";"2";"1";"0";"1";""
"202200052727";"720 159";"C01";"1";"7";"0";"2";"6";"1";"1";""
"202200052727";"720 166";"A01";"2";"7";"0";"2";"1";"15";"1";""
"202200052728";"720 146";"A01";"1";"7";"0";"1";"1";"26";"1";""
"202200052729";"720 144";"C01";"1";"34";"0";"2";"7";"1";"1";""
"202200052729";"720 149";"B01";"1";"7";"0";"2";"8";"1";"1";""
"202200052729";"720 151";"A01";"1";"14";"0";"2";"2";"12";"1";""
"202200052730";"720 142";"B01";"2";"33";"1";"0";"4";"0";"1";""
"202200052731";"720 139";"A01";"1";"7";"0";"2";"2";"9";"2";""
"202200052731";"720 143";"B01";"1";"1";"0";"0";"0";"0";"5";""
"202200052732";"720 140";"A01";"1";"7";"4";"0";"1";"0";"1";""
"202200052733";"720 138";"A01";"3";"7";"0";"1";"1";"1";"1";""
"202200052734";"720 137";"A01";"3";"7";"0";"2";"3";"1";"1";""
"202200052734";"720 145";"B01";"0";"21";"0";"2";"6";"0";"1";""
"202200052735";"720 136";"A01";"0";"7";"0";"2";"0";"1";"1";""
"202200052735";"720 141";"B01";"0";"1";"0";"2";"7";"19";"5";""
"202200052736";"720 131";"A01";"1";"7";"13";"0";"1";"1";"1";""
"202200052737";"720 127";"B01";"1";"2";"0";"2";"1";"1";"1";""
"202200052737";"720 132";"A01";"1";"7";"0";"2";"7";"15";"1";""
"202200052738";"720 126";"B01";"1";"7";"0";"2";"2";"19";"1";""
"202200052738";"720 135";"A01";"2";"10";"0";"2";"3";"1";"1";""
"202200052739";"720 125";"A01";"1";"50";"0";"1";"1";"1";"3";""
"202200052740";"720 123";"B01";"1";"1";"0";"2";"0";"0";"5";""
"202200052740";"720 128";"A01";"1";"7";"0";"2";"0";"0";"2";""
"202200052741";"720 121";"B01";"3";"7";"0";"2";"1";"1";"2";""
"202200052741";"720 134";"A01";"3";"7";"0";"2";"1";"5";"1";""
"202200052742";"720 119";"B01";"1";"10";"0";"0";"2";"0";"1";""
"202200052742";"720 130";"A01";"1";"30";"0";"2";"1";"19";"1";""
"202200052743";"720 118";"C01";"2";"7";"0";"2";"4";"1";"1";""
"202200052743";"720 124";"B01";"2";"33";"0";"2";"8";"1";"1";""
"202200052743";"720 129";"A01";"2";"7";"0";"2";"7";"26";"1";""
"202200052744";"720 117";"A01";"1";"33";"0";"2";"1";"15";"1";""
"202200052744";"720 122";"B01";"1";"33";"0";"2";"0";"15";"1";""
"202200052745";"720 114";"A01";"1";"33";"5";"0";"8";"5";"1";""
"202200052746";"720 111";"A01";"2";"7";"0";"9";"2";"15";"1";""
"202200052746";"720 115";"B01";"2";"1";"0";"2";"1";"1";"5";""
"202200052747";"720 110";"A01";"1";"31";"0";"2";"1";"2";"1";""
"202200052747";"720 113";"B01";"1";"33";"0";"2";"4";"2";"1";""
"202200052748";"720 109";"B01";"0";"50";"0";"2";"0";"1";"3";""
"202200052748";"720 116";"A01";"0";"7";"0";"2";"3";"15";"0";""
"202200052749";"720 104";"A01";"1";"10";"4";"0";"9";"1";"1";""
"202200052750";"720 105";"A01";"1";"7";"0";"1";"2";"2";"1";""
"202200052751";"720 106";"A01";"1";"7";"2";"0";"1";"1";"1";""
"202200052752";"720 103";"A01";"3";"2";"0";"2";"1";"15";"1";""
"202200052752";"720 112";"B01";"3";"7";"0";"2";"2";"1";"1";""
"202200052753";"720 101";"A01";"1";"7";"0";"1";"2";"21";"1";""
"202200052754";"720 102";"B01";"2";"17";"6";"0";"1";"1";"1";""
"202200052754";"720 108";"A01";"2";"17";"0";"2";"6";"23";"1";""
"202200052755";"720 100";"B01";"3";"7";"0";"2";"3";"0";"1";""
"202200052755";"720 107";"A01";"3";"7";"0";"2";"2";"19";"0";""
"202200052756";"720 092";"A01";"1";"50";"0";"2";"1";"13";"3";""
"202200052756";"720 097";"Z01";"1";"7";"0";"2";"1";"1";"1";""
"202200052757";"720 094";"B01";"1";"33";"0";"2";"1";"1";"1";""
"202200052757";"720 099";"A01";"2";"7";"0";"2";"3";"15";"1";""
"202200052758";"720 093";"A01";"2";"14";"0";"1";"1";"16";"1";""
"202200052759";"720 087";"B01";"2";"7";"0";"2";"3";"2";"0";""
"202200052759";"720 096";"A01";"2";"32";"0";"2";"1";"1";"1";""
"202200052760";"720 086";"A01";"2";"7";"11";"0";"1";"6";"1";""
"202200052761";"720 088";"B01";"3";"10";"0";"2";"1";"1";"1";""
"202200052761";"720 098";"A01";"3";"7";"0";"2";"8";"2";"1";""
"202200052762";"720 085";"B01";"2";"17";"0";"2";"4";"2";"1";""
"202200052762";"720 090";"A01";"2";"7";"0";"2";"1";"1";"1";""
"202200052763";"720 084";"A01";"1";"10";"0";"2";"2";"2";"1";""
"202200052763";"720 095";"B01";"1";"17";"0";"2";"6";"2";"1";""
"202200052764";"720 082";"B01";"1";"30";"0";"2";"6";"1";"1";""
"202200052764";"720 089";"A01";"3";"7";"0";"2";"3";"16";"1";""
"202200052765";"720 083";"B01";"2";"7";"0";"2";"5";"1";"1";""
"202200052765";"720 091";"A01";"2";"50";"0";"2";"1";"25";"3";""
"202200052766";"720 079";"A01";"3";"33";"0";"0";"7";"1";"1";""
"202200052767";"720 080";"A01";"2";"3";"0";"0";"9";"15";"1";""
"202200052768";"720 076";"A01";"1";"7";"2";"0";"4";"2";"1";""
"202200052769";"720 077";"A01";"2";"7";"0";"2";"0";"0";"1";""
"202200052769";"720 081";"B01";"0";"60";"0";"2";"0";"0";"5";""
"202200052770";"720 073";"A01";"3";"7";"1";"1";"2";"1";"1";""
"202200052771";"720 072";"A01";"2";"7";"0";"2";"1";"5";"1";""
"202200052771";"720 075";"B01";"2";"7";"0";"2";"1";"1";"1";""
"202200052772";"720 070";"A01";"3";"7";"15";"0";"8";"1";"1";""
"202200052772";"720 078";"B01";"3";"7";"0";"2";"1";"1";"1";""
"202200052773";"720 071";"A01";"2";"37";"0";"2";"6";"24";"1";"1"
"202200052773";"720 074";"B01";"2";"7";"1";"0";"1";"2";"1";""
"202200052774";"720 069";"B01";"2";"2";"1";"0";"1";"13";"1";""
"202200052775";"720 065";"A01";"1";"31";"0";"0";"7";"21";"1";""
"202200052776";"720 066";"A01";"2";"10";"0";"1";"3";"1";"1";""
"202200052777";"720 064";"A01";"1";"7";"0";"2";"5";"21";"1";""
"202200052777";"720 067";"B01";"1";"33";"0";"2";"3";"1";"1";""
"202200052778";"720 061";"A01";"2";"30";"0";"2";"1";"1";"1";""
"202200052778";"720 068";"B01";"2";"7";"0";"2";"3";"26";"1";""
"202200052779";"720 060";"A01";"1";"7";"13";"0";"2";"1";"1";""
"202200052780";"720 057";"B01";"1";"7";"0";"2";"4";"23";"1";""
"202200052780";"720 063";"A01";"1";"7";"0";"2";"1";"2";"1";""
"202200052781";"720 056";"A01";"3";"36";"6";"0";"3";"2";"1";""
"202200052782";"720 054";"A01";"2";"7";"0";"2";"1";"2";"1";""
"202200052782";"720 062";"B01";"2";"7";"0";"2";"4";"2";"1";""
"202200052783";"720 051";"A01";"1";"7";"0";"2";"3";"1";"2";""
"202200052783";"720 058";"B01";"3";"50";"0";"2";"1";"19";"3";""
"202200052784";"720 049";"A01";"2";"7";"0";"2";"1";"9";"1";""
"202200052784";"720 059";"B01";"2";"33";"0";"2";"7";"1";"1";""
"202200052785";"720 047";"A01";"1";"15";"11";"0";"1";"14";"1";""
"202200052786";"720 046";"B01";"2";"10";"0";"2";"2";"1";"1";""
"202200052786";"720 055";"A01";"2";"2";"0";"2";"1";"1";"1";""
"202200052787";"720 048";"B01";"1";"7";"0";"2";"1";"1";"1";""
"202200052787";"720 053";"A01";"1";"14";"5";"2";"4";"15";"6";""
"202200052788";"720 043";"A01";"3";"33";"8";"0";"3";"1";"1";""
"202200052789";"720 042";"B01";"2";"7";"0";"2";"1";"1";"1";""
"202200052789";"720 052";"A01";"1";"33";"0";"2";"1";"1";"1";""
"202200052790";"720 045";"A01";"2";"7";"0";"1";"3";"15";"3";""
"202200052791";"720 038";"B01";"2";"7";"0";"2";"5";"2";"1";""
"202200052791";"720 041";"A01";"2";"31";"0";"2";"1";"2";"1";""
"202200052792";"720 037";"A01";"1";"7";"1";"0";"3";"13";"1";""
"202200052793";"720 039";"C01";"1";"7";"0";"2";"3";"1";"1";""
"202200052793";"720 044";"B01";"1";"7";"0";"2";"3";"1";"1";""
"202200052793";"720 050";"A01";"1";"32";"0";"2";"1";"17";"1";""
"202200052794";"720 036";"A01";"1";"7";"0";"2";"8";"1";"1";""
"202200052794";"720 040";"B01";"1";"99";"15";"0";"7";"5";"0";""
"202200052795";"720 027";"B01";"2";"33";"0";"2";"1";"1";"1";""
"202200052795";"720 033";"A01";"1";"21";"0";"2";"6";"1";"1";""
"202200052796";"720 023";"B01";"0";"31";"0";"2";"1";"1";"1";""
"202200052796";"720 031";"A01";"0";"7";"0";"0";"7";"15";"1";""
"202200052797";"720 022";"A01";"1";"1";"0";"2";"1";"9";"5";""
"202200052797";"720 030";"B01";"1";"7";"0";"2";"2";"9";"1";""
"202200052798";"720 021";"C01";"2";"7";"0";"2";"4";"2";"1";""
"202200052798";"720 024";"B01";"2";"10";"0";"2";"4";"2";"1";""
"202200052798";"720 032";"A01";"2";"10";"0";"2";"1";"2";"1";""
"202200052799";"720 020";"A01";"2";"7";"15";"0";"1";"14";"1";""
"202200052800";"720 016";"B01";"0";"1";"0";"0";"2";"1";"5";""
"202200052800";"720 029";"A01";"2";"7";"0";"2";"0";"9";"1";""
"202200052801";"720 017";"B01";"3";"7";"0";"2";"8";"1";"1";""
"202200052801";"720 028";"A01";"3";"7";"0";"2";"1";"1";"1";""
"202200052802";"720 018";"B01";"1";"7";"0";"2";"4";"2";"2";""
"202200052802";"720 026";"A01";"1";"7";"0";"2";"1";"2";"1";""
"202200052803";"720 015";"A01";"1";"31";"0";"2";"1";"2";"1";""
"202200052803";"720 019";"B01";"1";"10";"0";"0";"7";"16";"1";""
"202200052804";"720 014";"A01";"1";"1";"0";"0";"0";"1";"5";""
"202200052805";"720 011";"A01";"2";"33";"0";"0";"7";"26";"1";""
"202200052806";"720 008";"A01";"1";"7";"0";"2";"3";"9";"1";""
"202200052806";"720 013";"B01";"2";"32";"0";"2";"7";"1";"1";""
"202200052807";"720 007";"B01";"2";"33";"0";"2";"8";"23";"1";""
"202200052807";"720 012";"A01";"2";"33";"3";"2";"1";"1";"1";""
"202200052808";"720 003";"A01";"3";"7";"13";"0";"8";"0";"1";""
"202200052809";"720 001";"B01";"0";"1";"0";"0";"0";"0";"5";""
"202200052809";"720 009";"A01";"2";"2";"0";"9";"7";"1";"1";""
"202200052810";"720 006";"A01";"1";"7";"4";"0";"1";"21";"1";""
"202200052811";"719 999";"B01";"1";"1";"0";"2";"1";"1";"5";""
"202200052811";"720 004";"A01";"1";"7";"0";"2";"1";"16";"1";""
"202200052812";"719 994";"B01";"0";"1";"0";"2";"1";"19";"5";""
"202200052812";"720 002";"A01";"1";"7";"0";"2";"3";"9";"1";""
"202200052813";"719 992";"B01";"1";"43";"0";"2";"3";"1";"1";""
"202200052813";"719 998";"A01";"1";"7";"0";"2";"2";"12";"1";""
"202200052814";"719 988";"A01";"2";"37";"0";"0";"0";"1";"1";"2"
"202200052815";"719 990";"B01";"0";"7";"0";"2";"8";"20";"1";""
"202200052815";"719 997";"A01";"0";"32";"0";"2";"1";"1";"1";""
"202200052816";"719 985";"A01";"1";"7";"0";"2";"3";"13";"1";""
"202200052816";"719 995";"B01";"2";"7";"0";"2";"3";"21";"1";""
"202200052817";"719 987";"A01";"1";"2";"0";"2";"3";"9";"1";""
"202200052817";"719 996";"B01";"1";"7";"0";"2";"2";"1";"1";""
"202200052818";"719 984";"A01";"3";"7";"6";"1";"1";"26";"1";""
"202200052819";"719 981";"B01";"1";"36";"0";"2";"2";"1";"1";""
"202200052819";"719 989";"A01";"2";"7";"0";"2";"3";"1";"1";""
"202200052820";"719 980";"A01";"1";"7";"0";"2";"2";"16";"1";""
"202200052820";"719 986";"B01";"1";"33";"0";"2";"3";"3";"1";""
"202200052820";"719 991";"C01";"1";"10";"0";"2";"4";"2";"1";""
"202200052821";"719 982";"A01";"1";"7";"1";"0";"3";"13";"1";""
"202200052822";"719 978";"A01";"1";"2";"7";"0";"1";"2";"1";""
"202200052823";"719 979";"A01";"2";"10";"0";"2";"1";"14";"1";""
"202200052823";"719 983";"B01";"2";"7";"0";"2";"6";"1";"1";""
"202200052824";"719 974";"A01";"2";"7";"0";"2";"1";"11";"1";""
"202200052824";"719 977";"B01";"1";"31";"0";"2";"1";"1";"1";""
"202200052825";"719 972";"A01";"1";"7";"0";"1";"3";"15";"1";""
"202200052826";"719 975";"A01";"2";"7";"0";"1";"1";"9";"1";""
"202200052827";"719 971";"A01";"3";"7";"0";"0";"9";"1";"1";""
"202200052828";"719 968";"A01";"0";"7";"1";"1";"3";"1";"0";""
"202200052829";"719 964";"B01";"1";"7";"0";"2";"0";"0";"1";""
"202200052829";"719 973";"A01";"1";"33";"0";"2";"0";"26";"1";""
"202200052830";"719 967";"B01";"2";"7";"0";"2";"8";"19";"1";""
"202200052830";"719 970";"A01";"1";"34";"0";"2";"1";"0";"1";""
"202200052831";"719 956";"A01";"1";"7";"0";"2";"1";"13";"1";""
"202200052831";"719 961";"B01";"2";"10";"0";"2";"1";"2";"1";""
"202200052832";"719 963";"B01";"1";"1";"0";"2";"0";"0";"5";""
"202200052832";"719 965";"A01";"2";"7";"0";"2";"1";"1";"1";""
"202200052833";"719 952";"C01";"2";"7";"0";"2";"1";"2";"1";""
"202200052833";"719 960";"B01";"2";"7";"0";"2";"3";"1";"1";""
"202200052833";"719 966";"A01";"2";"10";"0";"2";"1";"13";"1";""
"202200052834";"719 953";"A01";"2";"7";"4";"0";"3";"1";"1";""
"202200052835";"719 954";"B01";"2";"7";"0";"2";"1";"1";"1";""
"202200052835";"719 958";"A01";"1";"7";"0";"2";"1";"15";"1";""
"202200052836";"719 949";"B01";"1";"33";"0";"2";"7";"15";"1";""
"202200052836";"719 957";"A01";"2";"7";"0";"2";"3";"1";"1";""
"202200052837";"719 948";"B01";"2";"7";"0";"2";"2";"15";"1";""
"202200052837";"719 955";"A01";"1";"34";"0";"2";"3";"19";"0";""
"202200052838";"719 946";"A01";"3";"7";"0";"2";"3";"19";"1";""
"202200052838";"719 951";"B01";"0";"2";"0";"2";"2";"19";"1";""
"202200052839";"719 943";"A01";"1";"7";"0";"2";"2";"17";"1";""
"202200052839";"719 947";"B01";"1";"1";"0";"2";"4";"13";"5";""
"202200052840";"719 940";"A01";"2";"15";"0";"2";"2";"1";"1";""
"202200052840";"719 945";"B01";"2";"7";"6";"0";"8";"16";"1";""
"202200052841";"719 944";"A01";"0";"7";"0";"0";"4";"1";"1";""
"202200052841";"719 950";"B01";"0";"7";"0";"2";"1";"2";"1";""
"202200052842";"719 939";"A01";"1";"7";"3";"0";"2";"1";"1";""
"202200052843";"719 935";"B01";"2";"7";"0";"2";"2";"1";"1";""
"202200052843";"719 941";"A01";"2";"7";"0";"2";"6";"11";"1";""
"202200052844";"719 934";"B01";"1";"7";"0";"0";"0";"0";"1";""
"202200052844";"719 936";"A01";"1";"2";"0";"2";"3";"15";"1";""
"202200052845";"719 933";"A01";"1";"32";"0";"2";"1";"0";"1";""
"202200052845";"719 937";"B01";"1";"42";"0";"5";"5";"26";"1";""
"202200052846";"719 932";"A01";"0";"33";"0";"0";"8";"20";"1";""
"202200052847";"719 930";"A01";"1";"7";"2";"0";"3";"1";"1";""
"202200052848";"719 931";"A01";"1";"80";"0";"2";"1";"1";"3";""
"202200052848";"719 942";"B01";"2";"33";"0";"2";"3";"1";"1";""
"202200052849";"719 928";"A01";"1";"7";"0";"0";"9";"17";"1";""
"202200052850";"719 929";"B01";"1";"1";"0";"2";"1";"1";"5";""
"202200052850";"719 938";"A01";"1";"7";"0";"2";"3";"0";"1";""
"202200052851";"719 923";"A01";"3";"7";"3";"2";"3";"1";"1";""
"202200052851";"719 926";"B01";"3";"7";"0";"2";"3";"13";"1";""
"202200052852";"719 918";"A01";"2";"7";"0";"1";"1";"15";"1";""
"202200052853";"719 917";"B01";"2";"7";"0";"2";"4";"2";"1";""
"202200052853";"719 925";"A01";"2";"7";"0";"2";"1";"1";"1";""
"202200052854";"719 913";"A01";"3";"7";"8";"0";"2";"1";"1";""
"202200052855";"719 909";"A01";"1";"7";"0";"2";"1";"1";"1";""
"202200052855";"719 919";"B01";"2";"7";"0";"2";"1";"17";"0";""
"202200052856";"719 912";"A01";"2";"7";"0";"1";"1";"1";"1";""
"202200052857";"719 908";"E01";"2";"7";"0";"2";"1";"1";"1";""
"202200052857";"719 910";"D01";"2";"7";"0";"2";"1";"1";"1";""
"202200052857";"719 914";"C01";"2";"7";"0";"2";"2";"1";"1";""
"202200052857";"719 920";"B01";"2";"7";"0";"2";"8";"1";"1";""
"202200052857";"719 924";"A01";"2";"7";"4";"2";"9";"1";"1";""
"202200052858";"719 907";"A01";"2";"7";"3";"0";"0";"0";"1";""
"202200052859";"719 906";"A01";"2";"7";"0";"2";"1";"0";"1";""
"202200052859";"719 911";"B01";"1";"3";"0";"2";"1";"0";"1";""
"202200052860";"719 905";"A01";"1";"7";"1";"1";"1";"14";"1";""
"202200052861";"719 903";"A01";"2";"33";"4";"0";"8";"11";"1";""
"202200052862";"719 902";"A01";"1";"7";"1";"0";"2";"1";"1";""
"202200052863";"719 901";"A01";"1";"33";"0";"5";"1";"1";"1";""
"202200052864";"719 900";"B01";"1";"7";"0";"2";"2";"1";"1";""
"202200052864";"719 904";"A01";"1";"15";"0";"2";"3";"1";"1";""
"202200052865";"719 897";"A01";"2";"7";"0";"1";"1";"1";"1";""
"202200052866";"719 895";"A01";"1";"15";"3";"0";"7";"1";"1";""
"202200052867";"719 893";"B01";"2";"7";"0";"0";"7";"1";"1";""
"202200052867";"719 898";"A01";"3";"1";"12";"2";"0";"26";"5";""
"202200052868";"719 892";"B01";"1";"7";"0";"2";"5";"1";"1";""
"202200052868";"719 916";"A01";"1";"7";"0";"2";"2";"9";"1";""
"202200052869";"719 890";"A01";"2";"7";"0";"2";"2";"5";"1";""
"202200052869";"719 894";"B01";"1";"7";"0";"2";"2";"1";"1";""
"202200052870";"719 891";"B01";"1";"1";"0";"2";"1";"1";"5";""
"202200052870";"719 899";"A01";"3";"7";"0";"2";"3";"15";"1";""
"202200052871";"719 889";"A01";"2";"33";"0";"0";"1";"1";"1";""
"202200052872";"719 888";"A01";"0";"7";"6";"0";"3";"1";"1";""
"202200052873";"719 885";"A01";"1";"2";"8";"0";"1";"0";"1";""
"202200052874";"719 887";"B01";"1";"2";"0";"2";"1";"0";"0";""
"202200052874";"719 896";"A01";"2";"7";"0";"2";"0";"0";"0";""
"202200052875";"719 886";"A01";"3";"7";"0";"1";"3";"1";"1";""
"202200052876";"719 882";"A01";"2";"7";"13";"0";"9";"0";"1";""
"202200052877";"719 880";"A01";"2";"7";"3";"0";"9";"1";"1";""
"202200052878";"719 878";"B01";"2";"7";"3";"0";"6";"1";"1";""
"202200052878";"719 883";"A01";"2";"14";"0";"2";"2";"2";"1";""
"202200052879";"719 881";"A01";"2";"7";"0";"1";"1";"15";"1";""
"202200052880";"719 879";"A01";"3";"7";"0";"2";"3";"9";"1";""
"202200052880";"719 884";"B01";"1";"33";"0";"2";"8";"1";"1";""
"202200052881";"719 877";"A01";"2";"7";"8";"0";"1";"1";"1";""
"202200052882";"719 875";"A01";"1";"1";"0";"1";"1";"1";"5";""
"202200052883";"719 871";"B01";"3";"7";"0";"0";"8";"23";"1";""
"202200052883";"719 876";"A01";"0";"7";"1";"2";"3";"14";"1";""
"202200052884";"719 868";"B01";"3";"7";"0";"2";"2";"15";"1";""
"202200052884";"719 874";"A01";"2";"30";"0";"2";"1";"1";"1";""
"202200052885";"719 867";"A01";"3";"10";"0";"2";"2";"1";"1";""
"202200052885";"719 872";"B01";"3";"7";"0";"2";"3";"1";"1";""
"202200052886";"719 866";"A01";"3";"7";"0";"1";"4";"4";"1";""
"202200052887";"719 864";"A01";"3";"7";"0";"1";"1";"1";"1";""
"202200052888";"719 865";"A01";"1";"7";"4";"0";"3";"0";"1";""
"202200052889";"719 861";"B01";"1";"7";"0";"2";"6";"1";"1";""
"202200052889";"719 869";"A01";"1";"7";"0";"2";"2";"1";"1";""
"202200052890";"719 860";"A01";"2";"7";"0";"0";"4";"1";"1";""
"202200052890";"719 863";"B01";"2";"7";"0";"2";"1";"1";"1";""
"202200052890";"719 870";"C01";"2";"7";"0";"2";"1";"1";"1";""
"202200052891";"719 859";"A01";"2";"7";"0";"1";"0";"1";"1";""
"202200052892";"719 858";"A01";"2";"7";"0";"2";"1";"1";"1";""
"202200052892";"719 873";"B01";"2";"7";"0";"2";"4";"1";"1";""
"202200052893";"719 856";"A01";"1";"15";"0";"2";"3";"16";"1";""
"202200052893";"719 862";"B01";"1";"1";"0";"2";"1";"0";"5";""
"202200052894";"719 851";"A01";"3";"30";"0";"2";"1";"17";"1";""
"202200052894";"719 857";"B01";"3";"7";"0";"2";"3";"1";"1";""