"Num_Acc";"id_vehicule";"num_veh";"senc";"catv";"obs";"obsm";"choc";"manv";"motor";"occutc"
"202200052895";"719 845";"A01";"1";"7";"0";"2";"1";"17";"1";""
"202200052895";"719 855";"B01";"1";"1";"0";"2";"8";"1";"5";""
"202200052896";"719 844";"B01";"0";"7";"0";"1";"1";"2";"1";""
"202200052896";"719 853";"A01";"0";"7";"0";"2";"1";"1";"1";""
"202200052897";"719 847";"B01";"0";"32";"0";"2";"8";"18";"1";""
"202200052897";"719 852";"A01";"0";"7";"0";"2";"0";"1";"1";""
"202200052898";"719 842";"C01";"2";"10";"0";"2";"1";"2";"1";""
"202200052898";"719 850";"B01";"2";"7";"0";"2";"4";"2";"1";""
"202200052898";"719 854";"A01";"2";"7";"0";"2";"4";"2";"1";""
"202200052899";"719 841";"A01";"2";"15";"0";"1";"2";"1";"1";""
"202200052900";"719 838";"A01";"3";"7";"0";"2";"1";"9";"1";""
"202200052900";"719 848";"B01";"1";"2";"0";"2";"1";"2";"1";""
"202200052901";"719 840";"A01";"2";"50";"0";"2";"1";"17";"3";""
"202200052901";"719 843";"B01";"2";"7";"0";"9";"8";"15";"1";""
"202200052902";"719 832";"A01";"1";"7";"0";"2";"4";"23";"0";""
"202200052902";"719 836";"B01";"1";"7";"0";"2";"1";"2";"0";""
"202200052902";"719 839";"C01";"1";"7";"0";"2";"1";"2";"0";""
"202200052903";"719 837";"A01";"2";"33";"0";"2";"6";"3";"1";""
"202200052903";"719 846";"B01";"2";"7";"0";"2";"6";"11";"1";""
"202200052904";"719 833";"Z01";"1";"7";"0";"1";"0";"0";"0";""
"202200052905";"719 831";"A01";"1";"7";"0";"1";"7";"9";"0";""
"202200052906";"719 829";"B01";"2";"30";"0";"2";"2";"1";"1";""
"202200052906";"719 835";"A01";"2";"10";"0";"2";"3";"9";"1";""
"202200052907";"719 834";"B01";"1";"7";"0";"0";"1";"19";"1";""
"202200052907";"719 849";"A01";"2";"7";"0";"0";"5";"19";"1";""
"202200052908";"719 827";"A01";"1";"7";"0";"2";"3";"13";"1";""
"202200052908";"719 828";"B01";"2";"7";"0";"2";"3";"1";"1";""
"202200052909";"719 825";"B01";"0";"1";"0";"2";"5";"19";"5";""
"202200052909";"719 830";"A01";"1";"7";"0";"2";"3";"12";"3";""
"202200052910";"719 820";"Z01";"3";"10";"0";"2";"0";"0";"1";""
"202200052910";"719 824";"B01";"3";"1";"0";"2";"0";"0";"5";""
"202200052911";"719 822";"A01";"1";"7";"8";"0";"1";"1";"1";""
"202200052912";"719 818";"A01";"0";"7";"0";"2";"3";"9";"1";""
"202200052912";"719 823";"B01";"0";"31";"0";"2";"7";"26";"1";""
"202200052913";"719 815";"A01";"1";"7";"0";"2";"8";"13";"1";""
"202200052913";"719 821";"B01";"1";"7";"0";"2";"1";"2";"1";""
"202200052914";"719 816";"A01";"2";"7";"4";"0";"4";"23";"1";""
"202200052914";"719 826";"B01";"2";"7";"0";"2";"1";"1";"1";""
"202200052915";"719 813";"A01";"3";"7";"0";"2";"1";"1";"1";""
"202200052915";"719 819";"B01";"3";"7";"0";"2";"1";"1";"1";""
"202200052916";"719 812";"B01";"0";"33";"0";"2";"7";"0";"1";""
"202200052916";"719 817";"A01";"1";"7";"0";"2";"1";"0";"1";""
"202200052917";"719 809";"A01";"3";"7";"0";"1";"3";"15";"0";""
"202200052918";"719 805";"A01";"0";"7";"0";"2";"1";"19";"1";""
"202200052918";"719 811";"B01";"0";"7";"0";"2";"5";"1";"1";""
"202200052919";"719 803";"A01";"2";"30";"0";"2";"7";"9";"1";""
"202200052919";"719 808";"B01";"2";"7";"0";"2";"3";"13";"1";""
"202200052920";"719 804";"A01";"2";"7";"0";"1";"1";"1";"1";""
"202200052921";"719 800";"A01";"0";"10";"0";"2";"8";"15";"1";""
"202200052921";"719 810";"B01";"0";"31";"0";"2";"0";"0";"0";""
"202200052922";"719 798";"A01";"1";"7";"0";"1";"1";"1";"1";""
"202200052923";"719 797";"B01";"2";"33";"0";"2";"1";"1";"1";""
"202200052923";"719 802";"A01";"1";"7";"0";"2";"3";"15";"1";""
"202200052924";"719 795";"A01";"2";"7";"0";"2";"1";"15";"1";""
"202200052924";"719 801";"B01";"1";"7";"0";"2";"1";"1";"1";""
"202200052925";"719 796";"A01";"1";"7";"0";"2";"4";"1";"1";""
"202200052925";"719 807";"B01";"1";"10";"0";"2";"1";"1";"1";""
"202200052926";"719 794";"A01";"2";"3";"1";"0";"1";"1";"1";""
"202200052927";"719 792";"A01";"2";"10";"0";"2";"1";"2";"1";""
"202200052927";"719 799";"C01";"2";"7";"0";"2";"4";"1";"1";""
"202200052927";"719 806";"B01";"2";"7";"0";"2";"4";"1";"1";""
"202200052928";"719 789";"B01";"2";"7";"0";"0";"4";"2";"1";""
"202200052928";"719 793";"A01";"2";"10";"0";"2";"1";"2";"1";""
"202200052929";"719 785";"A01";"1";"30";"0";"2";"1";"14";"1";""
"202200052929";"719 791";"B01";"1";"7";"0";"2";"5";"10";"1";""
"202200052930";"719 784";"B01";"1";"7";"0";"2";"5";"15";"1";""
"202200052930";"719 790";"A01";"1";"10";"0";"2";"1";"2";"1";""
"202200052931";"719 783";"B01";"1";"21";"1";"0";"8";"15";"1";""
"202200052931";"719 786";"A01";"1";"33";"0";"9";"1";"17";"1";""
"202200052932";"719 781";"A01";"1";"7";"0";"2";"3";"9";"1";""
"202200052932";"719 788";"B01";"1";"2";"0";"2";"7";"1";"1";""
"202200052933";"719 780";"A01";"1";"10";"0";"1";"0";"0";"1";""
"202200052934";"719 778";"A01";"2";"7";"6";"0";"1";"1";"1";""
"202200052935";"719 779";"A01";"2";"33";"0";"2";"6";"3";"1";""
"202200052936";"719 774";"A01";"1";"7";"0";"2";"5";"10";"1";""
"202200052936";"719 777";"B01";"1";"2";"0";"2";"1";"1";"1";""
"202200052937";"719 775";"A01";"1";"7";"4";"0";"1";"1";"1";""
"202200052938";"719 773";"A01";"1";"2";"13";"0";"2";"1";"1";""
"202200052939";"719 768";"B01";"2";"7";"0";"2";"3";"1";"1";""
"202200052939";"719 776";"A01";"1";"7";"0";"2";"3";"15";"1";""
"202200052940";"719 770";"A01";"1";"7";"0";"1";"1";"1";"1";""
"202200052941";"719 765";"B01";"1";"7";"0";"2";"1";"1";"1";""
"202200052941";"719 769";"A01";"2";"7";"0";"2";"1";"13";"1";""
"202200052942";"719 763";"A01";"3";"7";"16";"0";"3";"9";"1";""
"202200052942";"719 772";"B01";"3";"50";"16";"0";"1";"0";"3";""
"202200052943";"719 766";"A01";"3";"7";"0";"2";"3";"15";"1";""
"202200052943";"719 771";"B01";"3";"1";"0";"2";"1";"2";"0";""
"202200052944";"719 762";"A01";"1";"7";" -1";"0";"1";"0";"1";""
"202200052945";"719 760";"A01";"1";"7";"15";"0";"1";"17";"1";""
"202200052946";"719 759";"A01";"3";"50";"0";"2";"1";"19";"3";""
"202200052946";"719 767";"B01";"3";"7";"0";"2";"2";"1";"1";""
"202200052947";"719 757";"A01";"2";"7";"0";"0";"4";"1";"1";""
"202200052947";"719 761";"B01";"2";"7";"0";"0";"4";"1";"1";""
"202200052948";"719 756";"A01";"2";"7";"0";"2";"1";"12";"1";""
"202200052948";"719 764";"B01";"2";"7";"0";"2";"4";"1";"1";""
"202200052949";"719 752";"A01";"3";"7";"0";"2";"2";"15";"1";""
"202200052949";"719 758";"B01";"3";"33";"0";"2";"1";"1";"1";""
"202200052950";"719 748";"A01";"3";"7";"0";"2";"2";"15";"1";""
"202200052950";"719 753";"B01";"3";"33";"0";"2";"1";"1";"1";""
"202200052951";"719 747";"A01";"3";"1";"0";"2";"1";"25";"5";""
"202200052951";"719 755";"B01";"3";"1";"0";"2";"1";"1";"5";""
"202200052952";"719 749";"B01";"2";"7";"0";"0";"4";"2";"1";""
"202200052952";"719 754";"A01";"2";"31";"0";"2";"1";"2";"1";""
"202200052953";"719 746";"A01";"2";"7";"0";"0";"1";"1";"1";""
"202200052954";"719 743";"A01";"1";"10";"0";"2";"2";"15";"1";""
"202200052954";"719 750";"B01";"2";"33";"0";"2";"1";"1";"1";""
"202200052955";"719 741";"B01";"2";"7";"0";"2";"5";"1";"1";""
"202200052955";"719 745";"A01";"2";"33";"0";"2";"1";"3";"1";""
"202200052956";"719 740";"B01";"2";"1";"0";"2";"8";"1";"5";""
"202200052956";"719 744";"A01";"1";"7";"0";"2";"1";"13";"0";""
"202200052957";"719 736";"A01";"1";"7";"0";"0";"2";"1";"1";""
"202200052958";"719 735";"B01";"3";"7";"0";"2";"2";"13";"1";""
"202200052958";"719 739";"A01";"3";"2";"0";"2";"7";"1";"1";""
"202200052959";"719 734";"B01";"1";"7";"0";"2";"2";"0";"1";""
"202200052959";"719 742";"A01";"2";"7";"0";"2";"1";"15";"1";""
"202200052960";"719 733";"C01";"1";"7";"0";"2";"3";"0";"1";""
"202200052960";"719 738";"B01";"1";"7";"0";"2";"6";"0";"1";""
"202200052960";"719 751";"A01";"1";"7";"3";"2";"2";"0";"1";""
"202200052961";"719 732";"B01";"2";"50";"0";"2";"7";"1";"3";""
"202200052961";"719 737";"A01";"2";"7";"0";"2";"2";"16";"1";""
"202200052962";"719 729";"A01";"1";"10";"0";"1";"1";"15";"1";""
"202200052963";"719 727";"B01";"1";"32";"0";"2";"1";"18";"1";""
"202200052963";"719 731";"A01";"1";"7";"0";"2";"1";"15";"1";""
"202200052964";"719 728";"A01";"1";"33";"15";"0";"1";"1";"1";""
"202200052965";"719 724";"B01";"1";"7";"0";"2";"1";"1";"1";""
"202200052965";"719 730";"A01";"2";"7";"0";"2";"1";"1";"1";""
"202200052966";"719 723";"A01";"3";"33";"0";"2";"1";"1";"1";""
"202200052966";"719 726";"B01";"3";"7";"0";"2";"2";"1";"1";""
"202200052967";"719 719";"B01";"1";"7";"0";"2";"5";"1";"1";""
"202200052967";"719 722";"A01";"1";"33";"0";"2";"1";"1";"1";""
"202200052968";"719 717";"A01";"1";"7";"1";"0";"6";"0";"1";""
"202200052969";"719 718";"B01";"2";"7";"0";"2";"4";"12";"1";""
"202200052969";"719 725";"A01";"2";"7";"0";"2";"1";"1";"1";""
"202200052970";"719 714";"B01";"2";"7";"0";"2";"1";"1";"1";""
"202200052970";"719 720";"A01";"1";"7";"0";"2";"1";"5";"1";""
"202200052971";"719 715";"B01";"2";"7";"0";"2";"4";"12";"1";""
"202200052971";"719 721";"A01";"2";"33";"0";"2";"3";"3";"1";""
"202200052972";"719 712";"A01";"3";"7";"2";"0";"7";"21";"1";""
"202200052973";"719 711";"A01";"1";"33";"2";"0";"1";"1";"1";""
"202200052974";"719 713";"A01";"1";"7";"0";"1";"3";"1";"1";""
"202200052975";"719 709";"A01";" -1";"2";"0";"0";"3";"1";"1";""
"202200052976";"719 708";"A01";"1";"7";"0";"1";"8";"1";"1";""
"202200052977";"719 706";"B01";"3";"30";"0";"2";"6";"1";"1";""
"202200052977";"719 710";"A01";"1";"30";"0";"2";"1";"1";"1";""
"202200052978";"719 702";"B01";"1";"37";"0";"2";"1";"1";"4";"7"
"202200052978";"719 716";"Z01";"2";"1";"0";"0";"0";"1";"5";""
"202200052979";"719 698";"A01";"1";"7";"0";"0";"1";"1";"1";""
"202200052980";"719 700";"A01";"3";"7";"0";"2";"0";"0";"1";""
"202200052980";"719 705";"B01";"3";"7";"0";"2";"0";"0";"1";""
"202200052981";"719 701";"A01";"2";"31";"0";"6";"1";"1";"1";""
"202200052982";"719 696";"B01";"2";"7";"0";"2";"7";"14";"1";""
"202200052982";"719 703";"A01";"2";"7";"0";"2";"8";"18";"1";""
"202200052983";"719 695";"A01";"2";"7";"13";"0";"3";"16";"1";""
"202200052984";"719 691";"A01";"1";"30";"0";"2";"2";"17";"1";""
"202200052984";"719 694";"B01";"1";"7";"0";"2";"0";"0";"0";""
"202200052985";"719 687";"A01";"2";"7";"0";"1";"1";"1";"1";""
"202200052986";"719 689";"B01";"1";"33";"0";"2";"1";"1";"1";""
"202200052986";"719 697";"A01";"2";"10";"0";"2";"8";"15";"1";""
"202200052987";"719 686";"A01";"1";"7";"0";"2";"3";"15";"1";""
"202200052987";"719 692";"B01";"1";"30";"0";"2";"7";"17";"3";""
"202200052988";"719 685";"B01";"3";"7";"0";"2";"1";"1";"1";""
"202200052988";"719 690";"A01";"3";"15";"0";"0";"7";"9";"1";""
"202200052989";"719 683";"A01";"1";"2";"0";"0";"2";"0";"1";""
"202200052990";"719 682";"A01";"1";"32";"0";"0";"8";"17";"1";""
"202200052991";"719 681";"A01";"2";"7";"0";"2";"1";"12";"1";""
"202200052991";"719 688";"B01";"2";"33";"0";"2";"1";"3";"1";""
"202200052991";"719 693";"C01";"2";"7";"0";"2";"4";"1";"1";""
"202200052991";"719 699";"D01";"2";"7";"0";"2";"4";"0";"1";""
"202200052991";"719 704";"E01";"2";"7";"0";"2";"4";"1";"1";""
"202200052991";"719 707";"F01";"2";"7";"0";"2";"4";"1";"1";""
"202200052992";"719 677";"C01";"1";"10";"0";"2";"1";"1";"1";""
"202200052992";"719 680";"B01";"1";"7";"0";"2";"1";"1";"1";""
"202200052992";"719 684";"A01";"2";"7";"0";"2";"1";"15";"1";""
"202200052993";"719 676";"B01";"0";"7";"0";"2";"1";"1";"1";""
"202200052993";"719 679";"A01";"0";"7";"0";"2";"2";"15";"1";""
"202200052994";"719 672";"A01";"1";"33";"11";"2";"2";"1";"1";""
"202200052995";"719 670";"B01";"3";"32";"0";"2";"5";"1";"1";""
"202200052995";"719 674";"A01";"3";"7";"0";"2";"5";"20";"1";""
"202200052996";"719 669";"B01";"2";"7";"0";"2";"2";"2";"0";""
"202200052996";"719 678";"A01";"3";"7";"0";"2";"3";"2";"0";""
"202200052997";"719 666";"A01";"2";"7";"0";"1";"1";"1";"1";""
"202200052998";"719 667";"A01";"1";"33";"2";"0";"1";"1";"1";""
"202200052999";"719 665";"A01";"3";"30";"0";"2";"1";"15";"1";""
"202200052999";"719 671";"B01";"3";"7";"0";"2";"1";"1";"1";""
"202200053000";"719 663";"B01";"2";"7";"0";"2";"6";"2";"1";""
"202200053000";"719 664";"A01";"2";"7";"0";"2";"2";"2";"1";""
"202200053001";"719 662";"A01";"1";"7";"0";"2";"8";"1";"1";""
"202200053001";"719 673";"B01";"1";"7";"0";"2";"1";"19";"1";""
"202200053002";"719 657";"A01";"1";"7";"0";"2";"1";"16";"1";""
"202200053002";"719 660";"B01";"2";"33";"0";"2";"1";"1";"1";""
"202200053003";"719 659";"A01";"1";"7";"0";"2";"3";"19";"1";""
"202200053003";"719 675";"B01";"1";"7";"0";"2";"1";"1";"1";""
"202200053004";"719 652";"B01";"1";"7";"0";"2";"9";"1";"1";""
"202200053004";"719 656";"A01";"1";"7";"0";"2";"1";"17";"1";""
"202200053005";"719 654";"B01";"2";"7";"0";"2";"3";"19";"1";""
"202200053005";"719 661";"A01";"1";"33";"0";"2";"1";"17";"1";""
"202200053006";"719 653";"A01";"1";"80";"6";"0";"1";"15";"3";""
"202200053007";"719 651";"A01";"1";"33";"0";"2";"0";"10";"1";""
"202200053007";"719 655";"B01";"1";"7";"0";"2";"1";"1";"1";""
"202200053008";"719 649";"A01";"0";"7";"0";"1";"1";"26";"1";""
"202200053009";"719 647";"A01";"3";"3";"1";"0";"1";"13";"1";""
"202200053010";"719 646";"B01";"1";"7";"0";"2";"8";"15";"1";""
"202200053010";"719 650";"A01";"1";"33";"0";"2";"2";"17";"1";""
"202200053011";"719 643";"A01";"1";"1";"0";"1";"1";"1";"5";""
"202200053012";"719 642";"A01";"1";"7";"3";"0";"1";"1";"1";""
"202200053013";"719 640";"A01";"1";"33";"0";"0";"8";"14";"1";""
"202200053014";"719 639";"B01";"2";"7";"0";"2";"1";"2";"1";""
"202200053014";"719 644";"A01";"2";"32";"14";"2";"7";"1";"1";""
"202200053015";"719 632";"A01";"2";"7";"0";"2";"3";"5";"1";""
"202200053015";"719 636";"B01";"1";"2";"0";"2";"1";"1";"1";""
"202200053016";"719 634";"B01";"1";"33";"0";"2";"8";"1";"1";""
"202200053016";"719 638";"A01";"1";"7";"0";"2";"1";"1";"1";""
"202200053017";"719 635";"A01";"2";"7";"0";"1";"1";"1";"1";""
"202200053018";"719 628";"A01";"1";"33";"0";"2";"1";"17";"1";""
"202200053018";"719 633";"B01";"1";"7";"0";"2";"8";"15";"1";""
"202200053019";"719 629";"E01";"1";"7";"0";"2";"4";"23";"1";""
"202200053019";"719 641";"A01";"1";"7";"0";"2";"1";"2";"1";""
"202200053019";"719 648";"B01";"1";"7";"0";"2";"4";"2";"1";""
"202200053019";"719 658";"C01";"1";"7";"0";"2";"4";"23";"1";""
"202200053019";"719 668";"D01";"1";"7";"0";"2";"4";"23";"1";""
"202200053020";"719 631";"C01";"1";"7";"0";"2";"1";"2";"1";""
"202200053020";"719 637";"B01";"1";"37";"0";"2";"4";"2";"1";"1"
"202200053020";"719 645";"A01";"1";"7";"0";"2";"1";"1";"2";""
"202200053021";"719 626";"B01";"3";"50";"0";"2";"1";"19";"3";""
"202200053021";"719 630";"A01";"3";"7";"0";"9";"6";"1";"1";""
"202200053022";"719 627";"A01";"1";"10";"0";"1";"5";"16";"1";""
"202200053023";"719 624";"A01";"1";"7";"0";"0";"1";"1";"1";""
"202200053024";"719 623";"A01";"1";"10";"4";"0";"1";"1";"0";""
"202200053025";"719 622";"B01";"1";"7";"0";"2";"1";"2";"1";""
"202200053025";"719 625";"A01";"1";"1";"0";"2";"1";"19";"5";""
"202200053026";"719 618";"A01";"0";"7";"0";"2";"2";"9";"1";""
"202200053027";"719 619";"A01";"3";"7";"0";"0";"0";"2";"1";""
"202200053028";"719 620";"A01";"1";"33";"11";"0";"1";"18";"1";""
"202200053029";"719 617";"B01";"1";"33";"0";"2";"7";"1";"1";""
"202200053029";"719 621";"A01";"1";"7";"0";"2";"1";"9";"0";""
"202200053030";"719 611";"B01";"1";"2";"0";"2";"1";"1";"1";""
"202200053030";"719 614";"A01";"1";"7";"0";"2";"3";"20";"1";""
"202200053031";"719 609";"C01";"1";"7";"0";"2";"1";"2";"1";""
"202200053031";"719 613";"B01";"1";"7";"0";"2";"4";"2";"3";""
"202200053031";"719 616";"A01";"1";"10";"0";"2";"4";"2";"1";""
"202200053032";"719 608";"A01";"1";"7";"0";"1";"1";"1";"1";""
"202200053033";"719 607";"A01";"2";"7";"0";"0";"1";"13";"1";""
"202200053034";"719 605";"Z01";"3";"33";"0";"1";"1";"26";"0";""
"202200053035";"719 599";"A01";"1";"33";"0";"2";"5";"1";"1";""
"202200053035";"719 606";"B01";"1";"7";"0";"2";"1";"9";"0";""
"202200053036";"719 598";"Z01";"2";"7";"0";"0";"0";"0";"0";""
"202200053036";"719 601";"B01";"1";"1";"0";"2";"4";"2";"5";""
"202200053037";"719 597";"B01";"1";"7";"0";"2";"3";"15";"1";""
"202200053037";"719 603";"A01";"1";"2";"0";"2";"2";"1";"1";""
"202200053038";"719 596";"B01";"2";"33";"0";"2";"1";"1";"1";""
"202200053038";"719 604";"A01";"1";"7";"0";"2";"6";"9";"1";""
"202200053039";"719 595";"A01";"1";"7";"1";"0";"1";"26";"1";""
"202200053039";"719 602";"B01";"1";"7";"0";"2";"6";"23";"1";""
"202200053040";"719 593";"A01";"1";"33";"0";"0";"1";"1";"1";""
"202200053041";"719 591";"D01";"1";"7";"0";"0";"4";"23";"1";""
"202200053041";"719 594";"C01";"1";"7";"14";"0";"4";"23";"1";""
"202200053041";"719 600";"B01";"1";"7";"14";"0";"4";"23";"1";""
"202200053041";"719 610";"A01";"1";"7";"14";"0";"1";"1";"1";""
"202200053042";"719 587";"B01";"1";"43";"0";"2";"8";"1";"1";""
"202200053042";"719 592";"A01";"1";"7";"0";"2";"7";"12";"1";""
"202200053043";"719 586";"A01";"3";"7";"1";"0";"1";"15";"1";""
"202200053043";"719 590";"B01";"1";"33";"0";"2";"2";"1";"1";""
"202200053044";"719 585";"B01";"2";"10";"0";"2";"2";"2";"1";""
"202200053044";"719 588";"A01";"2";"1";"0";"2";"4";"1";"5";""
"202200053045";"719 584";"A01";"1";"7";"4";"0";"1";"11";"1";""
"202200053046";"719 582";"A01";"2";"10";"0";"1";"1";"16";"1";""
"202200053047";"719 583";"B01";"2";"7";"0";"2";"4";"15";"2";""
"202200053047";"719 589";"A01";"1";"7";"0";"2";"1";"1";"1";""
"202200053048";"719 578";"A01";"1";"7";"0";"2";"1";"26";"1";""
"202200053048";"719 581";"B01";"1";"50";"0";"2";"0";"1";"3";""
"202200053049";"719 580";"A01";"1";"7";"0";"1";"2";"1";"1";""
"202200053050";"719 576";"A01";"2";"7";"0";"2";"7";"16";"1";""
"202200053050";"719 579";"B01";"2";"1";"0";"2";"1";"19";"5";""
"202200053051";"719 572";"B01";"2";"10";"0";"2";"2";"16";"1";""
"202200053051";"719 574";"A01";"2";"30";"0";"2";"1";"7";"1";""
"202200053052";"719 569";"B01";"1";"7";"0";"0";"6";"26";"1";""
"202200053052";"719 573";"A01";"1";"31";"1";"0";"2";"1";"1";""
"202200053053";"719 568";"A01";"1";"33";"0";"0";"0";"26";"1";""
"202200053054";"719 570";"A01";"1";"14";"0";"2";"1";"16";"1";""
"202200053054";"719 577";"B01";"3";"1";"0";"2";"4";"0";"5";""
"202200053055";"719 566";"A01";"2";"7";"0";"2";"4";"23";"1";""
"202200053055";"719 571";"B01";"2";"7";"0";"2";"4";"23";"1";""
"202200053055";"719 575";"C01";"2";"7";"0";"2";"1";"2";"1";""
"202200053056";"719 567";"A01";"2";"7";"0";"1";"0";"1";"1";""
"202200053057";"719 564";"A01";"3";"7";"0";"1";"4";"4";"1";""
"202200053058";"719 560";"A01";"3";"7";"0";"2";"1";"13";"1";""
"202200053058";"719 565";"B01";"3";"7";"0";"2";"1";"0";"1";""
"202200053059";"719 557";"A01";"2";"33";"0";"2";"1";"13";"1";""
"202200053059";"719 563";"B01";"1";"7";"0";"2";"1";"1";"1";""
"202200053060";"719 556";"A01";"1";"7";"1";"0";"7";"1";"2";""
"202200053060";"719 559";"B01";"1";"1";"1";"0";"0";"0";"5";""
"202200053061";"719 554";"A01";"1";"7";"3";"0";"3";"17";"1";""
"202200053061";"719 558";"Z01";"1";"14";"0";"0";"0";"0";"1";""
"202200053062";"719 555";"A01";"1";"7";"0";"2";"3";"15";"1";""
"202200053062";"719 562";"B01";"0";"30";"0";"2";"1";"1";"1";""
"202200053063";"719 552";"B01";"2";"7";"0";"2";"8";"9";"3";""
"202200053063";"719 561";"A01";"1";"7";"0";"2";"1";"1";"1";""
"202200053064";"719 551";"A01";"3";"33";"0";"0";"3";"2";"1";""
"202200053065";"719 550";"B01";"2";"34";"0";"2";"0";"0";"0";""
"202200053065";"719 553";"A01";"1";"30";"0";"2";"8";"17";"1";""
"202200053066";"719 548";"A01";"1";"13";"13";"0";"1";"19";"1";""
"202200053067";"719 549";"A01";"3";"7";"8";"0";"1";"1";"1";""
"202200053068";"719 547";"B01";"0";"50";"0";"2";"8";"1";"3";""
"202200053069";"719 545";"A01";"3";"7";"0";"1";"4";"4";"1";""
"202200053070";"719 542";"A01";"3";"30";"0";"0";"1";"9";"1";""
"202200053071";"719 538";"A01";"1";"7";"0";"2";"1";"1";"1";""
"202200053071";"719 544";"B01";"1";"7";"0";"2";"4";"1";"2";""
"202200053071";"719 546";"C01";"1";"7";"0";"2";"4";"1";"1";""
"202200053072";"719 539";"A01";"1";"7";"2";"0";"0";"0";"1";""
"202200053073";"719 543";"A01";"1";"32";"0";"1";"0";"1";"1";""
"202200053074";"719 530";"B01";"3";"7";"0";"2";"3";"1";"1";""
"202200053074";"719 537";"A01";"3";"7";"0";"2";"1";"19";"1";""
"202200053075";"719 529";"A01";"3";"7";"2";"2";"1";"17";"1";""
"202200053075";"719 535";"B01";"3";"7";"0";"2";"3";"15";"1";""
"202200053076";"719 525";"A01";"1";"32";"0";"2";"6";"1";"1";""
"202200053076";"719 531";"B01";"1";"7";"0";"2";"6";"20";"1";""
"202200053077";"719 528";"B01";"2";"7";"0";"2";"1";"15";"1";""
"202200053077";"719 540";"A01";"1";"7";"0";"2";"1";"1";"1";""
"202200053078";"719 521";"A01";"1";"7";"0";"1";"2";"1";"2";""
"202200053079";"719 523";"A01";"1";"7";"0";"2";"5";"1";"1";""
"202200053079";"719 524";"B01";"2";"10";"0";"2";"1";"1";"1";""
"202200053080";"719 520";"A01";"2";"7";"0";"2";"1";"26";"1";""
"202200053080";"719 526";"B01";"2";"7";"0";"2";"6";"0";"1";""
"202200053080";"719 534";"C01";"2";"7";"0";"2";"4";"0";"1";""
"202200053080";"719 541";"D01";"2";"7";"0";"2";"8";"0";"1";""
"202200053081";"719 517";"A01";"1";"10";"0";"2";"1";"1";"1";""
"202200053081";"719 522";"B01";"1";"7";"0";"2";"4";"1";"1";""
"202200053081";"719 527";"C01";"1";"7";"0";"2";"4";"1";"1";""
"202200053081";"719 532";"D01";"1";"7";"0";"2";"4";"1";"1";""
"202200053082";"719 515";"B01";"1";"7";"0";"2";"8";"1";"3";""
"202200053082";"719 519";"A01";"1";"30";"0";"2";"1";"19";"1";""
"202200053083";"719 514";"A01";"0";"7";"0";"2";"3";"15";"1";""
"202200053083";"719 518";"B01";"0";"1";"0";"2";"3";"1";"5";""
"202200053084";"719 509";"A01";"1";"7";"0";"2";"2";"1";"1";""
"202200053084";"719 516";"B01";"1";"1";"0";"2";"0";"1";"5";""
"202200053085";"719 511";"B01";"2";"60";"0";"2";"7";"19";"5";""
"202200053085";"719 513";"A01";"1";"10";"0";"2";"3";"1";"1";""
"202200053086";"719 506";"B01";"2";"7";"0";"2";"5";"2";"1";""
"202200053086";"719 508";"A01";"2";"43";"0";"2";"1";"2";"1";""
"202200053087";"719 504";"A01";"1";"7";"0";"1";"1";"1";"0";""
"202200053088";"719 503";"A01";"3";"7";"0";"9";"1";"26";"1";""
"202200053088";"719 505";"B01";"3";"1";"0";"2";"7";"0";"5";""
"202200053089";"719 501";"B01";"2";"33";"0";"2";"8";"1";"1";""
"202200053089";"719 507";"A01";"1";"7";"0";"2";"0";"13";"1";""
"202200053090";"719 497";"B01";"2";"80";"0";"2";"1";"0";"3";""
"202200053090";"719 500";"A01";"1";"7";"0";"9";"7";"15";"2";""
"202200053091";"719 496";"A01";"1";"7";"0";"2";"2";"1";"1";""
"202200053091";"719 499";"B01";"3";"60";"0";"2";"1";"19";"5";""
"202200053092";"719 495";"B01";"1";"32";"0";"2";"1";"1";"1";""
"202200053092";"719 502";"A01";"1";"80";"0";"2";"4";"16";"3";""
"202200053093";"719 493";"B01";"2";"7";"0";"2";"3";"0";"1";""
"202200053093";"719 498";"A01";"2";"7";"0";"2";"4";"1";"2";""
"202200053094";"719 491";"B01";"1";"7";"0";"2";"1";"1";"1";""
"202200053094";"719 494";"A01";"1";"7";"0";"2";"1";"1";"1";""
"202200053095";"719 492";"A01";"1";"7";"3";"0";"9";"1";"1";""
"202200053096";"719 488";"A01";"3";"32";"0";"1";"2";"1";"1";""
"202200053097";"719 489";"A01";"3";"7";"3";"0";"1";"1";"1";""
"202200053098";"719 485";"A01";"1";"1";"0";"1";"1";"1";"5";""
"202200053099";"719 486";"A01";"1";"7";"0";"1";"2";"1";"1";""
"202200053100";"719 484";"A01";"3";"2";"10";"0";"0";"0";"3";""
"202200053101";"719 476";"A01";"3";"7";"0";"2";"1";"26";"1";""
"202200053101";"719 482";"B01";"1";"2";"0";"2";"7";"25";"3";""
"202200053102";"719 475";"C01";"2";"7";"0";"2";"6";"2";"1";""
"202200053102";"719 480";"B01";"2";"7";"0";"2";"5";"2";"1";""
"202200053102";"719 483";"A01";"2";"7";"0";"2";"1";"2";"1";""
"202200053103";"719 474";"B01";"2";"7";"0";"2";"8";"1";"1";""