"Num_Acc";"id_vehicule";"num_veh";"senc";"catv";"obs";"obsm";"choc";"manv";"motor";"occutc"
"202200053997";"717 936";"A01";"3";"7";"0";"2";"1";"13";"1";""
"202200053997";"717 943";"B01";"0";"7";"0";"2";"1";"1";"1";""
"202200053998";"717 935";"B01";"1";"7";"0";"0";"2";"1";"1";""
"202200053998";"717 939";"A01";"0";"50";"0";"2";"3";"25";"3";""
"202200053999";"717 933";"B01";"2";"7";"0";"0";"6";"1";"1";""
"202200053999";"717 938";"A01";"2";"2";"0";"2";"1";"2";"1";""
"202200054000";"717 934";"A01";"0";"7";"0";"1";"1";"9";"1";""
"202200054001";"717 931";"A01";"0";"0";"0";"1";"0";"0";"0";""
"202200054002";"717 930";"B01";"1";"7";"0";"2";"1";"1";"1";""
"202200054002";"717 940";"A01";"2";"30";"0";"2";"2";"1";"1";""
"202200054003";"717 932";"A01";"3";"7";"0";"1";"3";"16";"1";""
"202200054004";"717 929";"B01";"3";"33";"0";"2";"1";"17";"0";""
"202200054004";"717 937";"A01";"3";"7";"0";"2";"3";"19";"1";""
"202200054005";"717 924";"A01";"2";"32";"0";"0";"0";"0";"1";""
"202200054006";"717 925";"A01";"1";"7";"0";"0";"0";"0";"1";""
"202200054007";"717 926";"A01";"1";"7";"0";"1";"1";"1";"1";""
"202200054008";"717 923";"A01";"2";"7";"13";"0";"2";"2";"1";""
"202200054009";"717 919";"A01";" -1";"7";"0";"1";" -1";" -1";"1";""
"202200054010";"717 915";"B01";"1";"30";"0";"2";"8";"13";"1";""
"202200054010";"717 918";"A01";"1";"38";"0";"2";"7";"17";"1";"1"
"202200054011";"717 913";"A01";"2";"7";"1";"0";"1";"14";"1";""
"202200054011";"717 917";"B01";"2";"7";"0";"2";"4";"23";"1";""
"202200054011";"717 921";"C01";"2";"33";"0";"0";"4";"23";"0";""
"202200054012";"717 912";"A01";"1";"7";"3";"0";"1";"14";"1";""
"202200054013";"717 916";"B01";"1";"7";"0";"2";"1";"1";"1";""
"202200054013";"717 922";"A01";"3";"7";"0";"2";"7";"15";"1";""
"202200054014";"717 910";"C01";"1";"1";"0";"2";"7";"16";"5";""
"202200054014";"717 920";"A01";"2";"10";"0";"2";"2";"1";"1";""
"202200054015";"717 906";"A01";"3";"7";"0";"2";"2";"1";"1";""
"202200054015";"717 911";"B01";" -1";"1";"0";"2";"1";"9";"5";""
"202200054016";"717 909";"B01";"1";"7";"0";"9";"4";"2";"1";""
"202200054016";"717 914";"A01";"1";"37";"0";"2";"1";"2";"6";"1"
"202200054017";"717 904";"A01";"3";"7";"0";"1";"3";"1";"1";""
"202200054018";"717 903";"A01";"1";"7";"0";"2";"8";"13";"1";""
"202200054018";"717 907";"B01";"2";"7";"0";"2";"3";"1";"1";""
"202200054019";"717 900";"B01";"2";"7";"0";"0";"6";"21";"1";""
"202200054019";"717 905";"A01";"1";"7";"0";"0";"3";"13";"1";""
"202200054020";"717 897";"A01";"3";"1";"0";"2";"1";"9";"5";""
"202200054020";"717 901";"B01";"3";"7";"0";"2";"2";"1";"1";""
"202200054021";"717 894";"A01";"2";"7";"6";"0";"1";"1";"1";""
"202200054022";"717 892";"A01";"2";"7";"2";"0";"1";"14";"1";""
"202200054023";"717 890";"A01";" -1";"7";"0";"2";"3";"1";"1";""
"202200054023";"717 895";"B01";" -1";"33";"0";"2";"7";"12";"1";""
"202200054024";"717 887";"B01";"3";"7";"0";"2";"2";"16";"1";""
"202200054024";"717 898";"A01";"2";"50";"0";"2";"1";"5";"3";""
"202200054025";"717 888";"A01";"3";"7";"2";"0";"7";"1";"1";""
"202200054026";"717 885";"C01";"2";"7";"0";"2";"3";"1";"1";""
"202200054026";"717 899";"B01";"2";"7";"0";"2";"3";"1";"1";""
"202200054026";"717 908";"A01";"1";"7";"0";"2";"3";"13";"1";""
"202200054027";"717 889";"B01";"3";"30";"0";"2";"0";"5";"1";""
"202200054027";"717 893";"A01";"3";"7";"0";"2";"5";"15";"1";""
"202200054028";"717 882";"A01";"1";"7";"0";"2";"1";"1";"1";""
"202200054028";"717 886";"B01";"1";"2";"0";"0";"4";"1";"1";""
"202200054028";"717 896";"C01";"1";"32";"0";"0";"4";"1";"1";""
"202200054028";"717 902";"D01";"2";"10";"0";"2";"1";"21";"1";""
"202200054029";"717 879";"A01";"0";"7";"0";"1";"1";"1";"1";""
"202200054030";"717 880";"B01";"1";"10";"0";"2";"1";"1";"1";""
"202200054030";"717 884";"A01";"2";"7";"0";"2";"1";"13";"1";""
"202200054031";"717 877";"B01";"2";"7";"0";"2";"3";"2";"1";""
"202200054031";"717 883";"A01";"1";"7";"8";"0";"1";"15";"1";""
"202200054032";"717 875";"A01";"1";"2";"0";"2";"1";"1";"1";""
"202200054032";"717 881";"B01";"2";"2";"0";"2";"1";"1";"1";""
"202200054033";"717 874";"A01";"3";"7";"0";"2";"2";"0";"2";""
"202200054033";"717 876";"B01";"3";"1";"0";"2";"1";"2";"5";""
"202200054034";"717 872";"A01";"2";"7";"2";"0";"1";"1";"1";""
"202200054035";"717 873";"B01";"1";"7";"0";"2";"7";"1";"1";""
"202200054035";"717 878";"A01";"2";"7";"0";"2";"8";"6";"1";""
"202200054036";"717 871";"A01";"1";"7";"0";"1";"3";"15";"1";""
"202200054037";"717 867";"A01";"0";"0";"0";"1";"7";"1";"0";""
"202200054038";"717 864";"B01";"2";"7";"0";"2";"3";"26";"1";""
"202200054038";"717 869";"A01";"1";"31";"0";"2";"1";"13";"1";""
"202200054039";"717 863";"B01";"3";"7";"0";"2";"1";"0";"1";""
"202200054039";"717 868";"A01";"3";"7";"0";"0";"7";"1";"1";""
"202200054040";"717 861";"B01";"1";"13";"0";"2";"1";"1";"1";""
"202200054040";"717 866";"A01";"1";"7";"0";"2";"8";"15";"1";""
"202200054041";"717 856";"B01";"1";"1";"0";"2";"1";"1";"5";""
"202200054041";"717 860";"A01";"1";"7";"0";"9";"1";"15";"0";""
"202200054042";"717 859";"A01";"3";"7";"0";"2";"5";"2";"1";""
"202200054042";"717 870";"B01";"3";"7";"0";"2";"1";"1";"1";""
"202200054043";"717 858";"B01";"1";"7";"0";"2";"4";"2";"1";""
"202200054043";"717 865";"A01";"1";"7";"0";"2";"1";"2";"1";""
"202200054044";"717 857";"A01";"1";"7";"0";"2";"2";"15";"1";""
"202200054044";"717 862";"B01";"1";"1";"0";"2";"1";"1";"5";""
"202200054045";"717 855";"A01";"1";"7";"0";"1";"3";"16";"1";""
"202200054046";"717 852";"A01";"2";"7";"8";"0";"3";"2";"1";""
"202200054047";"717 848";"B01";"3";"33";"0";"0";"1";"1";"1";""
"202200054047";"717 853";"A01";"3";"7";"0";"0";"1";"15";"1";""
"202200054048";"717 846";"A01";"2";"7";"0";"2";"1";"17";"1";""
"202200054048";"717 851";"Y01";"2";"1";"0";"2";"5";"2";"5";""
"202200054049";"717 844";"B01";"3";"1";"0";"2";"1";"21";"5";""
"202200054049";"717 850";"A01";"3";"10";"0";"2";"2";"13";"1";""
"202200054050";"717 845";"A01";"1";"33";"16";"0";"0";"15";"1";""
"202200054051";"717 841";"C01";"2";"17";"0";"2";"4";"23";"1";""
"202200054051";"717 849";"B01";"2";"38";"0";"2";"4";"1";"1";"1"
"202200054051";"717 854";"A01";"2";"7";"0";"2";"1";"1";"1";""
"202200054052";"717 837";"A01";"1";"7";"0";"2";"6";"9";"1";""
"202200054052";"717 847";"B01";"1";"15";"0";"2";"2";"21";"1";""
"202200054053";"717 835";"A01";"2";"33";"0";"0";"0";"1";"1";""
"202200054054";"717 836";"A01";"2";"30";"0";"2";"3";"18";"3";""
"202200054054";"717 840";"B01";"2";"7";"0";"2";"7";"1";"1";""
"202200054055";"717 834";"A01";"1";"7";"0";"2";"1";"3";"1";""
"202200054055";"717 839";"B01";"3";"7";"0";"2";"0";"2";"1";""
"202200054055";"717 842";"C01";"3";"13";"0";"2";"8";"0";"1";""
"202200054056";"717 833";"A01";"3";"33";"0";"2";"1";"1";"1";""
"202200054056";"717 843";"B01";"0";"7";"0";"2";"3";"23";"1";""
"202200054057";"717 831";"A01";"2";"7";"0";"0";"9";"1";"1";""
"202200054058";"717 830";"B01";"2";"33";"0";"2";"8";"1";"1";""
"202200054058";"717 838";"A01";"1";"7";"0";"2";"3";"13";"1";""
"202200054059";"717 829";"A01";"2";"10";"0";"1";"8";"1";"1";""
"202200054060";"717 827";"A01";"0";"7";"0";"9";"1";"2";"1";""
"202200054060";"717 832";"B01";"0";"50";"0";"0";"4";"2";"3";""
"202200054061";"717 828";"A01";"2";"30";"8";"0";"1";"1";"1";""
"202200054062";"717 826";"A01";"2";"7";"15";"0";"1";"1";"1";""
"202200054063";"717 822";"B01";"2";"33";"0";"2";"1";"1";"1";""
"202200054063";"717 825";"A01";"1";"7";"0";"0";"8";"19";"1";""
"202200054064";"717 820";"A01";"2";"33";"6";"0";"1";"21";"1";""
"202200054064";"717 824";"B01";"2";"3";"0";"2";"6";"1";"1";""
"202200054065";"717 821";"A01";"3";"7";"0";"1";"1";"1";"1";""
"202200054066";"717 817";"A01";"3";"2";"0";"2";"6";"1";"1";""
"202200054066";"717 823";"B01";"3";"21";"0";"2";"6";"0";"1";""
"202200054067";"717 819";"A01";"1";"7";"0";"1";"2";"1";"1";""
"202200054068";"717 815";"A01";"1";"7";"3";"0";"1";"1";"1";""
"202200054069";"717 813";"B01";"2";"7";"0";"2";"3";"1";"0";""
"202200054069";"717 816";"A01";"0";"33";"0";"2";"1";"5";"0";""
"202200054070";"717 810";"A01";"2";"7";"0";"2";"0";"0";"1";""
"202200054070";"717 818";"B01";"1";"7";"0";"2";"2";"1";"0";""
"202200054071";"717 811";"B01";"1";"7";"0";"2";"2";"15";"1";""
"202200054071";"717 814";"A01";"2";"30";"0";"2";"1";"1";"3";""
"202200054072";"717 804";"B01";"2";"7";"0";"9";"2";"1";"0";""
"202200054072";"717 812";"A01";"3";"50";"0";"2";"1";"9";"3";""
"202200054073";"717 803";"A01";"2";"7";"0";"2";"0";"13";"1";""
"202200054073";"717 808";"B01";"1";"15";"0";"2";"3";"1";"1";""
"202200054074";"717 805";"A01";"3";"7";"0";"1";"2";"19";"1";""
"202200054075";"717 802";"B01";"2";"31";"0";"2";"0";"12";"1";""
"202200054075";"717 807";"A01";"2";"7";"0";"2";"0";"1";"1";""
"202200054076";"717 798";"B01";"3";"7";"0";"2";"3";"1";"1";""
"202200054076";"717 801";"A01";"3";"13";"1";"2";"1";"13";"1";""
"202200054077";"717 795";"C01";"1";"3";"0";"2";"1";"1";"1";""
"202200054077";"717 799";"B01";"2";"7";"0";"0";"4";"15";"1";""
"202200054077";"717 806";"A01";"2";"7";"0";"2";"1";"2";"1";""
"202200054078";"717 794";"A01";"1";"10";"0";"1";"6";"4";"1";""
"202200054079";"717 792";"A01";"2";"10";"0";"2";"1";"16";"3";""
"202200054079";"717 796";"B01";"1";"1";"0";"2";"7";"25";"5";""
"202200054080";"717 788";"A01";"2";"7";"3";"0";"2";"14";"1";""
"202200054081";"717 789";"A01";"3";"31";"6";"9";"3";"0";"1";""
"202200054082";"717 786";"A01";"2";"10";"4";"2";"1";"5";"1";""
"202200054082";"717 791";"B01";"2";"7";"4";"2";"1";"1";"1";""
"202200054082";"717 797";"C01";"2";"7";"0";"2";"1";"1";"1";""
"202200054083";"717 785";"A01";"0";"7";"0";"2";"8";"0";"1";""
"202200054083";"717 793";"B01";"0";"2";"0";"2";"1";"0";"1";""
"202200054084";"717 782";"A01";"1";"33";"0";"0";"2";"23";"1";""
"202200054085";"717 781";"A01";"0";"33";"0";"2";"8";"1";"1";""
"202200054085";"717 784";"Z01";"0";"7";"0";"2";"7";"2";"0";""
"202200054086";"717 779";"B01";"2";"37";"0";"0";"2";"1";"0";"1"
"202200054086";"717 787";"A01";"1";"7";"0";"2";"1";"9";"2";""
"202200054087";"717 777";"B01";"1";"7";"0";"2";"1";"1";"1";""
"202200054087";"717 783";"A01";"2";"7";"0";"2";"1";"13";"2";""
"202200054088";"717 775";"A01";"1";"7";"0";"2";"1";"2";"1";""
"202200054088";"717 780";"B01";"1";"7";"0";"2";"4";"2";"1";""
"202200054089";"717 771";"A01";"1";"7";"14";"1";"1";"1";"1";""
"202200054090";"717 768";"B01";"1";"10";"0";"2";"1";"1";"1";""
"202200054090";"717 773";"A01";"2";"7";"0";"2";"1";"13";"1";""
"202200054091";"717 769";"A01";"1";"7";"0";"2";"1";"2";"1";""
"202200054091";"717 774";"B01";"1";"7";"0";"2";"4";"2";"1";""
"202200054091";"717 778";"C01";"1";"7";"0";"0";"4";"2";"1";""
"202200054092";"717 770";"A01";"3";"0";"0";"2";"0";"26";"0";""
"202200054092";"717 776";"B01";"3";"0";"0";"2";"0";"0";"6";""
"202200054093";"717 765";"A01";"2";"30";"0";"0";"0";"0";"1";""
"202200054094";"717 766";"A01";"2";"7";"0";"2";"8";"13";"1";""
"202200054094";"717 772";"B01";"1";"7";"0";"2";"8";"1";"1";""
"202200054095";"717 760";"A01";"1";"7";"0";"2";"3";"11";"1";""
"202200054095";"717 763";"B01";"1";"7";"0";"2";"5";"1";"1";""
"202200054096";"717 757";"B01";"1";"1";"0";"2";"3";"9";"5";""
"202200054096";"717 761";"A01";"1";"10";"0";"2";"2";"1";"1";""
"202200054097";"717 759";"B01";"1";"10";"0";"2";"4";"15";"1";""
"202200054097";"717 764";"A01";"1";"33";"0";"2";"1";"2";"1";""
"202200054098";"717 752";"B01";"1";"7";"0";"2";"3";"1";"1";""
"202200054098";"717 758";"A01";"2";"7";"0";"2";"3";"13";"1";""
"202200054099";"717 749";"B01";"2";"7";"0";"2";"1";"21";"1";""
"202200054099";"717 755";"A01";"1";"30";"0";"2";"1";"13";"1";""
"202200054100";"717 753";"A01";"1";"7";"0";"1";"1";"1";"1";""
"202200054101";"717 750";"B01";"1";"15";"0";"0";"6";"1";"1";""
"202200054101";"717 756";"A01";"1";"10";"0";"2";"1";"1";"1";""
"202200054102";"717 748";"A01";"0";"7";"0";"2";"3";"0";"1";""
"202200054102";"717 751";"B01";"0";"7";"0";"2";"3";"1";"2";""
"202200054103";"717 745";"B01";"1";"7";"0";"2";"4";"1";"1";""
"202200054103";"717 747";"A01";"1";"30";"0";"2";"1";"1";"1";""
"202200054104";"717 746";"A01";"1";"36";"0";"0";"0";"1";"1";""
"202200054105";"717 739";"A01";"1";"7";"0";"1";"0";"1";"1";""
"202200054106";"717 740";"B01";"1";"7";"0";"2";"8";"13";"1";""
"202200054106";"717 744";"A01";"2";"1";"0";"2";"7";"13";"5";""
"202200054107";"717 737";"B01";"1";"7";"0";"2";"8";"1";"1";""
"202200054107";"717 743";"A01";"2";"33";"0";"2";"8";"13";"1";""
"202200054108";"717 734";"A01";"2";"7";"0";"1";"2";"1";"1";""
"202200054109";"717 733";"B01";"2";"7";"0";"9";"5";"17";"1";""
"202200054109";"717 738";"A01";"2";"1";"0";"2";"8";"15";"5";""
"202200054110";"717 732";"A01";"3";"7";"0";"2";"1";"0";"2";""
"202200054110";"717 736";"B01";"3";"38";"0";"2";"5";"0";"1";"5"
"202200054111";"717 735";"A01";"1";"7";"6";"0";"1";"13";"1";""
"202200054112";"717 729";"A01";"2";"33";"0";"0";"3";"1";"1";""
"202200054113";"717 730";"B01";"1";"7";"0";"2";"1";"0";"6";""
"202200054113";"717 742";"A01";"1";"7";"0";"2";"7";"19";"0";""
"202200054114";"717 727";"A01";"1";"33";"6";"0";"1";"13";"1";""
"202200054115";"717 728";"A01";"1";"7";"3";"0";"2";"26";"1";""
"202200054116";"717 726";"A01";"3";"7";"2";"0";"8";"13";"1";""
"202200054117";"717 722";"Z01";"1";"7";"0";"2";"7";"14";"1";""
"202200054117";"717 725";"B01";"1";"50";"0";"2";"8";"1";"3";""
"202200054118";"717 721";"B01";"2";"7";"0";"2";"1";"2";"1";""
"202200054118";"717 724";"A01";"2";"7";"0";"0";"4";"2";"1";""
"202200054119";"717 723";"A01";"2";"7";"15";"0";"2";"1";"1";""
"202200054120";"717 720";"A01";"1";"7";"0";"0";"9";"1";"1";""
"202200054121";"717 717";"A01";"0";"7";"15";"0";"1";"1";"1";""
"202200054122";"717 715";"B01";"2";"34";"0";"2";"1";"1";"0";""
"202200054122";"717 718";"A01";"1";"30";"0";"2";"6";"9";"1";""
"202200054123";"717 716";"B01";"0";"1";"0";"2";"1";"1";"5";""
"202200054123";"717 719";"A01";"0";"7";"0";"9";"3";"15";"1";""
"202200054124";"717 711";"A01";"2";"33";"0";"2";"1";"1";"1";""
"202200054124";"717 714";"B01";"1";"10";"0";"2";"3";"15";"1";""
"202200054125";"717 713";"A01";"3";"7";"0";"1";"1";"15";"1";""
"202200054126";"717 708";"A01";"1";"31";"0";"0";"7";"9";"1";""
"202200054127";"717 709";"A01";"0";"7";"6";"0";"2";"1";"1";""
"202200054128";"717 706";"A01";"1";"33";"16";"0";"1";"1";"1";""
"202200054129";"717 704";"B01";"2";"2";"0";"2";"1";"1";"1";""
"202200054129";"717 710";"A01";"2";"7";"0";"0";"4";"1";"1";""
"202200054130";"717 707";"A01";"3";"33";"11";"0";"0";"0";"1";""
"202200054131";"717 701";"A01";"1";"7";"13";"0";"9";"14";"1";""
"202200054132";"717 698";"A01";"1";"33";"0";"6";"1";"1";"1";""
"202200054133";"717 699";"A01";"1";"7";"0";"2";"5";"17";"1";""
"202200054133";"717 703";"B01";"1";"1";"0";"2";"3";"1";"5";""
"202200054134";"717 697";"D01";"2";"10";"0";"2";"4";"2";"1";""
"202200054134";"717 702";"C01";"2";"7";"0";"2";"4";"2";"1";""
"202200054134";"717 705";"B01";"2";"31";"0";"2";"9";"2";"1";""
"202200054134";"717 712";"A01";"2";"7";"0";"2";"2";"2";"1";""
"202200054135";"717 695";"A01";"2";"3";"0";"1";"1";"1";"3";""
"202200054136";"717 696";"A01";"1";"31";"13";"0";"1";"1";"1";""
"202200054137";"717 691";"A01";"3";"7";"0";"0";"0";"0";"3";""
"202200054138";"717 690";"B01";"2";"2";"0";"2";"8";"1";"1";""
"202200054138";"717 692";"A01";"2";"14";"0";"2";"5";"17";"0";""
"202200054139";"717 693";"B01";"2";"33";"0";"2";"1";"1";"1";""
"202200054139";"717 700";"A01";"3";"7";"0";"2";"2";"15";"1";""
"202200054140";"717 686";"B01";"0";"7";"0";"0";"3";"1";"1";""
"202200054140";"717 694";"A01";"0";"10";"0";"0";"3";"13";"1";""
"202200054141";"717 683";"A01";"2";"33";"13";"0";"0";"1";"1";""
"202200054142";"717 689";"A01";"2";"7";"16";"0";"1";"1";"1";""
"202200054143";"717 681";"B01";"1";"2";"0";"2";"1";"1";"1";""
"202200054143";"717 687";"A01";"2";"7";"0";"2";"1";"0";"1";""
"202200054144";"717 682";"A01";"2";"31";"0";"2";"1";"1";"1";""
"202200054144";"717 688";"B01";"2";"10";"0";"2";"4";"1";"1";""
"202200054145";"717 680";"A01";"1";"2";"2";"2";"8";"13";"1";""
"202200054145";"717 684";"B01";"1";"2";"16";"2";"7";"14";"1";""
"202200054146";"717 679";"B01";"2";"80";"0";"2";"1";"1";"3";""
"202200054146";"717 685";"A01";"1";"7";"0";"2";"2";"16";"1";""
"202200054147";"717 674";"A01";"3";"20";"0";"1";"2";"1";"1";""
"202200054148";"717 676";"B01";"1";"7";"0";"2";"1";"1";"1";""
"202200054148";"717 678";"A01";"2";"2";"0";"2";"8";"19";"1";""
"202200054149";"717 673";"A01";"0";"10";"0";"2";"7";"9";"1";""
"202200054149";"717 677";"B01";"2";"33";"0";"2";"1";"1";"0";""
"202200054150";"717 675";"A01";"1";"7";"0";"1";"7";"1";"1";""
"202200054151";"717 670";"A01";"2";"33";"0";"1";"2";"1";"1";""
"202200054152";"717 667";"B01";"2";"7";"0";"2";"1";"2";"1";""
"202200054152";"717 672";"A01";"2";"7";"0";"0";"4";"9";"1";""
"202200054153";"717 665";"B01";"2";"7";"0";"2";"8";"11";"1";""
"202200054153";"717 671";"A01";"2";"33";"4";"2";"1";"3";"1";""
"202200054154";"717 663";"B01";"2";"2";"9";"2";"1";"1";"1";""
"202200054154";"717 668";"A01";"1";"7";"0";"2";"1";"13";"1";""
"202200054155";"717 661";"B01";"1";"33";"0";"2";"1";"1";"1";""
"202200054155";"717 666";"A01";"1";"7";"0";"0";"8";"15";"1";""
"202200054156";"717 662";"A01";"1";"2";"0";"0";"2";"1";"1";""
"202200054157";"717 658";"A01";"3";"7";"0";"1";"1";"10";"1";""
"202200054158";"717 664";"B01";"1";"7";"0";"2";"6";"2";"1";""
"202200054158";"717 669";"A01";"1";"7";"1";"0";"2";"2";"1";""
"202200054159";"717 659";"A01";"1";"7";"4";"0";"3";"1";"1";""
"202200054160";"717 654";"A01";"1";"2";"0";"2";"1";"1";"1";""
"202200054160";"717 660";"B01";"1";"7";"0";"2";"4";"1";"1";""
"202200054161";"717 653";"A01";"2";"10";"0";"2";"2";"17";"1";""
"202200054161";"717 657";"B01";"2";"7";"0";"2";"8";"1";"1";""
"202200054162";"717 652";"A01";"1";"7";"0";"1";"1";"2";"1";""
"202200054163";"717 651";"A01";"2";"7";"0";"2";"4";"1";"1";""
"202200054163";"717 655";"B01";"2";"33";"0";"2";"2";"3";"1";""
"202200054164";"717 648";"A01";"1";"33";"0";"0";"2";"1";"1";""
"202200054165";"717 647";"A01";"3";"7";"11";"0";"1";"6";"1";""
"202200054166";"717 644";"A01";"2";"7";"13";"2";"3";"1";"1";""
"202200054166";"717 649";"B01";"1";"7";"8";"2";"3";"13";"1";""
"202200054167";"717 642";"B01";"2";"7";"0";"2";"4";"21";"1";""
"202200054167";"717 646";"A01";"2";"7";"0";"2";"1";"2";"1";""
"202200054168";"717 640";"A01";"1";"7";"16";"2";"8";"10";"1";""
"202200054168";"717 643";"B01";"1";"7";"14";"2";"8";"2";"1";""
"202200054169";"717 637";"B01";"1";"10";"0";"2";"4";"2";"1";""
"202200054169";"717 641";"A01";"1";"7";"0";"2";"1";"2";"1";""
"202200054170";"717 638";"A01";"2";"7";"8";"0";"3";"13";"1";""
"202200054171";"717 635";"C01";"2";"7";"0";"2";"1";"26";"1";""
"202200054171";"717 650";"B01";"1";"14";"0";"2";"1";"1";"1";""
"202200054171";"717 656";"A01";"2";"7";"0";"2";"1";"13";"1";""
"202200054172";"717 645";"A01";"3";"7";"6";"0";"1";"0";"1";""
"202200054173";"717 632";"A01";"2";"38";"13";"0";"7";"1";"6";"4"
"202200054174";"717 634";"A01";"1";"7";"0";"2";"7";"19";"1";""
"202200054174";"717 639";"B01";"2";"33";"0";"2";"1";"1";"1";""
"202200054175";"717 631";"A01";"1";"7";"0";"2";"1";"1";"1";""
"202200054175";"717 633";"B01";"2";"33";"0";"0";"0";"1";"1";""
"202200054176";"717 629";"A01";"2";"33";"6";"0";"8";"2";"1";""
"202200054177";"717 627";"B01";"1";"7";"8";"2";"3";"1";"1";""
"202200054177";"717 636";"A01";"2";"7";"0";"2";"3";"13";"1";""
"202200054178";"717 626";"A01";"1";"30";"0";"1";"1";"1";"1";""
"202200054179";"717 625";"A01";"1";"7";"0";"1";"2";"15";"1";""
"202200054180";"717 624";"B01";"2";"7";"0";"2";"4";"1";"1";""
"202200054180";"717 630";"A01";"2";"7";"0";"2";"1";"1";"1";""
"202200054181";"717 620";"A01";"0";"31";"0";"0";"7";"2";"1";""
"202200054182";"717 613";"B01";"2";"7";"0";"0";"6";"15";"1";""
"202200054182";"717 616";"A01";"2";"33";"0";"2";"1";"2";"1";""
"202200054183";"717 612";"Z01";"1";"7";"0";"1";"0";"15";"0";""
"202200054184";"717 611";"A01";"2";"3";"1";"0";"8";"26";"1";""
"202200054184";"717 617";"B01";"1";"2";"1";"0";"0";"0";"1";""
"202200054185";"717 609";"A01";"2";"10";"17";"0";"7";"0";"1";""
"202200054186";"717 607";"A01";"2";"7";"0";"2";"1";"2";"1";""
"202200054186";"717 614";"B01";"2";"7";"0";"2";"4";"2";"1";""
"202200054186";"717 619";"C01";"2";"7";"0";"2";"4";"2";"1";""
"202200054187";"717 604";"A01";"1";"7";"6";"0";"1";"1";"1";""
"202200054188";"717 605";"A01";"2";"10";"1";"2";"2";"26";"1";""
"202200054188";"717 606";"B01";"2";"7";"0";"0";"6";"2";"1";""
"202200054189";"717 601";"A01";"1";"10";"6";"0";"1";"1";"1";""
"202200054190";"717 603";"A01";"2";"7";"3";"0";"3";"0";"1";""
"202200054191";"717 599";"B01";"1";"7";"15";"0";"8";"1";"2";""
"202200054191";"717 610";"A01";"1";"7";"0";"2";"1";"9";"1";""
"202200054192";"717 598";"A01";"3";"7";"12";"0";"1";"0";"1";""
"202200054193";"717 600";"A01";"2";"10";"0";"2";"1";"1";"1";""
"202200054193";"717 622";"B01";"2";"7";"0";"2";"4";"23";"1";""
"202200054194";"717 596";"B01";"1";"7";"0";"2";"1";"1";"1";""
"202200054194";"717 602";"A01";"1";"7";"0";"2";"8";"13";"1";""
"202200054195";"717 593";"A01";"1";"7";"0";"0";"1";"1";"1";""
"202200054196";"717 587";"C01";"1";"10";"0";"2";"1";"12";"1";""
"202200054196";"717 594";"B01";"1";"7";"0";"2";"4";"1";"1";""
"202200054196";"717 597";"A01";"1";"7";"0";"2";"4";"1";"1";""
"202200054197";"717 588";"B01";"3";"7";"0";"0";"3";"23";"1";""
"202200054197";"717 595";"A01";"3";"7";"1";"0";"3";"1";"1";""
"202200054198";"717 586";"A01";"1";"17";"3";"2";"8";"1";"1";""
"202200054199";"717 585";"A01";"3";"7";"0";"2";"7";"20";"1";""
"202200054199";"717 592";"B01";"3";"30";"0";"2";"5";"2";"1";""
"202200054200";"717 581";"B01";"1";"7";"0";"2";"4";"1";"1";""
"202200054200";"717 589";"A01";"1";"7";"0";"2";"1";"2";"1";""
"202200054201";"717 583";"B01";"2";"7";"0";"2";"2";"2";"1";""
"202200054201";"717 591";"A01";"2";"7";"0";"0";"6";"2";"1";""
"202200054202";"717 584";"A01";"1";"7";"0";"2";"2";"17";"1";""
"202200054202";"717 590";"B01";"1";"1";"0";"2";"8";"1";"5";""
"202200054203";"717 580";"A01";"0";"7";"0";"1";"1";"1";"0";""
"202200054204";"717 579";"B01";"2";"7";"0";"2";"6";"1";"1";""
"202200054204";"717 582";"A01";"2";"7";"0";"2";"2";"14";"1";""
"202200054205";"717 575";"B01";"3";"7";"0";"2";"6";"15";"1";""
"202200054205";"717 578";"A01";"3";"30";"0";"2";"1";"17";"1";""
"202200054206";"717 574";"A01";"0";"99";"0";"0";"0";"5";"1";""
"202200054207";"717 571";"B01";"2";"10";"0";"2";"3";"1";"1";""
"202200054207";"717 576";"A01";"1";"7";"0";"2";"3";"1";"1";""
"202200054208";"717 566";"A01";"1";"7";"0";"2";"2";"16";"1";""
"202200054208";"717 572";"B01";"1";"1";"0";"2";"3";"1";"5";""
"202200054209";"717 568";"A01";"1";"7";"2";"0";"9";"1";"1";""
"202200054210";"717 564";"B01";"3";"7";"0";"2";"8";"1";"1";""
"202200054210";"717 573";"A01";"3";"7";"0";"2";"1";"1";"1";""
"202200054211";"717 563";"B01";"2";"10";"0";"2";"3";"1";"1";""
"202200054211";"717 570";"A01";"1";"7";"0";"2";"2";"13";"1";""
"202200054212";"717 560";"A01";"1";"7";"0";"2";"1";"1";"1";""
"202200054212";"717 565";"B01";"1";"7";"0";"2";"4";"1";"1";""
"202200054213";"717 562";"B01";"1";"7";"0";"2";"3";"1";"1";""
"202200054213";"717 569";"A01";"1";"7";"3";"0";"6";"5";"1";""
"202200054214";"717 561";"C01";"2";"7";"0";"2";"1";"1";"1";""
"202200054214";"717 567";"B01";"2";"7";"0";"2";"3";"1";"1";""
"202200054214";"717 577";"A01";"1";"7";"0";"2";"1";"13";"1";""
"202200054215";"717 559";"A01";"3";"7";"0";"1";"0";"15";"1";""
"202200054216";"717 556";"A01";"1";"21";"0";"2";"2";"15";"1";""