"Num_Acc";"id_vehicule";"num_veh";"senc";"catv";"obs";"obsm";"choc";"manv";"motor";"occutc"
"202200054216";"717 557";"B01";"2";"1";"0";"2";"1";"1";"5";""
"202200054217";"717 553";"A01";"2";"7";"15";"0";"1";"1";"1";""
"202200054218";"717 554";"A01";"1";"7";"0";"1";"2";"1";"3";""
"202200054219";"717 555";"A01";"1";"10";"16";"0";"1";"0";"1";""
"202200054220";"717 552";"A01";"3";"7";"13";"0";"5";"1";"1";""
"202200054221";"717 545";"A01";"1";"7";"0";"2";"3";"15";"1";""
"202200054221";"717 549";"B01";"0";"1";"0";"2";"6";"2";"5";""
"202200054222";"717 543";"A01";"1";"1";"13";"0";"1";"1";"5";""
"202200054223";"717 544";"A01";"1";"7";"0";"1";"1";"1";"1";""
"202200054224";"717 546";"B01";"1";"30";"0";"2";"1";"1";"1";""
"202200054224";"717 551";"A01";"1";"7";"0";"0";"6";"15";"1";""
"202200054225";"717 541";"A01";"3";"7";"3";"0";"8";"1";"1";""
"202200054226";"717 542";"A01";" -1";"7";"0";"2";"2";"15";"0";""
"202200054226";"717 547";"B01";" -1";"2";"0";"2";"1";"1";"0";""
"202200054227";"717 539";"A01";"1";"7";"15";"0";"3";"14";"0";""
"202200054228";"717 538";"B01";"1";"7";"0";"2";"3";"23";"1";""
"202200054228";"717 548";"A01";"1";"7";"0";"2";"1";"1";"1";""
"202200054228";"717 550";"C01";"1";"7";"0";"2";"8";"23";"2";""
"202200054229";"717 537";"A01";"1";"33";"6";"0";"1";"1";"1";""
"202200054230";"717 536";"B01";"1";"33";"0";"2";"1";"1";"1";""
"202200054230";"717 540";"A01";"3";"7";"0";"2";"5";"1";"1";""
"202200054231";"717 534";"A01";"2";"34";"0";"0";"3";"1";"1";""
"202200054232";"717 531";"A01";"3";"10";"0";"1";"1";"0";"1";""
"202200054233";"717 529";"B01";"2";"33";"0";"2";"1";"1";"6";""
"202200054233";"717 535";"A01";"1";"7";"0";"2";"7";"15";"1";""
"202200054234";"717 532";"A01";"0";"1";"16";"0";"1";"1";"5";""
"202200054235";"717 528";"A01";"3";"10";"0";"1";"4";"26";"1";""
"202200054236";"717 526";"A01";"0";"7";"0";"2";"2";"15";"1";""
"202200054236";"717 533";"B01";"0";"33";"0";"2";"1";"1";"1";""
"202200054237";"717 525";"A01";"3";"7";"2";"0";"3";"1";"1";""
"202200054238";"717 524";"B01";"3";"1";"0";"2";"8";"19";"5";""
"202200054238";"717 530";"A01";"1";"7";"0";"2";"1";"1";"1";""
"202200054239";"717 519";"A01";"1";"33";"0";"0";"1";"1";"1";""
"202200054240";"717 521";"A01";"0";"7";"0";"0";"3";"1";"1";""
"202200054241";"717 517";"A01";"2";"34";"0";"2";"3";"13";"1";""
"202200054241";"717 522";"B01";"1";"14";"0";"2";"6";"1";"1";""
"202200054242";"717 516";"B01";"1";"31";"0";"2";"1";"1";"1";""
"202200054242";"717 523";"A01";"1";"7";"0";"2";"3";"9";"1";""
"202200054243";"717 520";"B01";"2";"7";"0";"2";"3";"13";"1";""
"202200054243";"717 527";"A01";"1";"7";"0";"2";"3";"0";"1";""
"202200054244";"717 513";"A01";"1";"7";"6";"0";"1";"16";"1";""
"202200054245";"717 511";"A01";"3";"10";"0";"1";"4";"20";"1";""
"202200054246";"717 510";"A01";"2";"7";"0";"2";"3";"13";"0";""
"202200054246";"717 515";"B01";"1";"7";"0";"0";"3";"9";"1";""
"202200054247";"717 507";"B01";"2";"33";"0";"2";"1";"17";"1";""
"202200054247";"717 512";"A01";"2";"10";"0";"2";"3";"13";"1";""
"202200054248";"717 508";"A01";"1";"7";"0";"1";"1";"1";"1";""
"202200054249";"717 509";"C01";"3";"7";"0";"2";"1";"2";"1";""
"202200054249";"717 514";"B01";"0";"7";"0";"2";"4";"23";"1";""
"202200054249";"717 518";"A01";"0";"7";"0";"0";"4";"23";"1";""
"202200054250";"717 506";"A01";"3";"2";"7";"0";"1";"1";"1";""
"202200054251";"717 504";"A01";"3";"7";"8";"0";"2";"15";"1";""
"202200054252";"717 500";"A01";"2";"21";"0";"2";"6";"11";"1";""
"202200054252";"717 505";"B01";"2";"7";"0";"2";"1";"17";"1";""
"202200054253";"717 494";"B01";"1";"7";"0";"2";"3";"1";"1";""
"202200054253";"717 501";"A01";"2";"7";"0";"2";"1";"13";"1";""
"202200054254";"717 496";"A01";"1";"33";"3";"0";"8";"17";"1";""
"202200054255";"717 495";"B01";"1";"7";"0";"2";"1";"21";"1";""
"202200054255";"717 499";"A01";"2";"7";"0";"2";"1";"13";"1";""
"202200054256";"717 498";"B01";"3";"7";"0";"2";"1";"2";"1";""
"202200054256";"717 502";"Z01";"3";"30";"0";"2";"1";"2";"0";""
"202200054257";"717 493";"A01";"1";"7";"16";"0";"9";"0";"1";""
"202200054258";"717 492";"A01";"3";"10";"0";"2";"1";"9";"1";""
"202200054258";"717 503";"B01";"3";"7";"0";"2";"4";"23";"1";""
"202200054259";"717 489";"B01";"1";"1";"0";"2";"4";"1";"5";""
"202200054259";"717 497";"A01";"1";"7";"0";"2";"2";"1";"1";""
"202200054260";"717 491";"A01";"2";"3";"0";"0";"9";"21";"1";""
"202200054261";"717 488";"A01";"1";"10";"13";"0";"1";"1";"1";""
"202200054262";"717 486";"A01";"3";"7";"0";"2";"1";"2";"1";""
"202200054262";"717 490";"B01";"3";"7";"0";"2";"4";"2";"1";""
"202200054263";"717 484";"A01";"0";"7";"1";"0";"1";"13";"1";""
"202200054264";"717 482";"A01";"3";"17";"12";"0";"2";"1";"1";""
"202200054265";"717 479";"A01";"3";"1";"0";"2";"1";"13";"5";""
"202200054265";"717 483";"B01";"3";"7";"0";"2";"3";"1";"1";""
"202200054266";"717 481";"B01";"1";"33";"7";"2";"4";"2";"1";""
"202200054266";"717 487";"A01";"1";"33";"7";"0";"1";"2";"1";""
"202200054267";"717 478";"A01";"1";"7";"0";"2";"1";"1";"1";""
"202200054267";"717 485";"B01";"1";"1";"0";"2";"0";"23";"5";""
"202200054268";"717 476";"B01";"1";"7";"0";"2";"4";"1";"1";""
"202200054268";"717 480";"A01";"1";"10";"0";"2";"1";"26";"1";""
"202200054269";"717 477";"A01";"2";"7";"6";"0";"2";"14";"1";""
"202200054270";"717 475";"A01";"1";"7";"1";"0";"2";"26";"1";""
"202200054271";"717 472";"A01";"2";"7";"12";"0";"3";"26";"1";""
"202200054272";"717 474";"A01";"1";"33";"13";"0";"1";"1";"1";""
"202200054273";"717 473";"A01";"2";"7";"14";"0";"9";"1";"1";""
"202200054274";"717 471";"A01";"1";"7";"6";"0";"2";"14";"3";""
"202200054275";"717 470";"A01";"2";"7";"0";"0";"1";"0";"1";""
"202200054276";"717 463";"A01";"1";"7";"1";"0";"1";"14";"1";""
"202200054277";"717 468";"A01";"3";"7";"0";"1";"1";"2";"1";""
"202200054278";"717 465";"A01";"1";"7";"2";"0";"0";"14";"1";""
"202200054279";"717 467";"A01";"1";"7";"0";"1";"3";"1";"1";""
"202200054280";"717 461";"A01";"1";"33";"0";"2";"3";"1";"1";""
"202200054280";"717 466";"B01";"2";"32";"0";"2";"3";"0";"1";""
"202200054281";"717 458";"A01";"1";"7";"0";"2";"2";"15";"1";""
"202200054281";"717 462";"B01";"1";"31";"0";"2";"8";"1";"1";""
"202200054282";"717 459";"A01";"2";"33";"12";"0";"1";"13";"1";""
"202200054282";"717 464";"B01";"1";"33";"14";"2";"1";"2";"1";""
"202200054283";"717 456";"A01";"1";"7";"14";"0";"1";"1";"1";""
"202200054284";"717 454";"A01";"1";"7";"0";"1";"1";"1";"6";""
"202200054285";"717 457";"A01";"1";"7";"13";"0";"9";"0";"1";""
"202200054286";"717 452";"A01";"2";"7";"6";"0";"1";"13";"1";""
"202200054287";"717 450";"B01";"1";"1";"0";"2";"8";"1";"5";""
"202200054287";"717 455";"A01";"1";"7";"0";"2";"7";"26";"1";""
"202200054288";"717 448";"A01";"2";"32";"0";"2";"4";"23";"1";""
"202200054288";"717 453";"B01";"2";"2";"0";"2";"1";"2";"1";""
"202200054289";"717 447";"A01";"1";"7";"0";"1";"3";"1";"1";""
"202200054290";"717 449";"A01";"1";"7";"2";"0";"9";"14";"1";""
"202200054291";"717 445";"A01";"1";"1";"0";"0";"0";"2";"5";""
"202200054292";"717 441";"A01";"1";"33";"0";"2";"1";"17";"1";""
"202200054292";"717 446";"B01";"1";"10";"0";"2";"8";"15";"1";""
"202200054293";"717 443";"B01";"1";"33";"0";"2";"1";"1";"1";""
"202200054293";"717 451";"A01";"2";"33";"0";"2";"3";"15";"1";""
"202200054294";"717 439";"A01";"2";"7";"0";"1";"0";"0";"0";""
"202200054295";"717 434";"A01";"2";"7";"0";"1";"1";"1";"3";""
"202200054296";"717 437";"B01";"2";"7";"0";"2";"1";"2";"2";""
"202200054296";"717 444";"A01";"2";"7";"0";"2";"5";"1";"1";""
"202200054297";"717 438";"B01";"3";"1";"0";"2";"1";"1";"5";""
"202200054297";"717 440";"A01";"3";"7";"0";"2";"1";"1";"1";""
"202200054298";"717 431";"A01";"1";"7";"0";"2";"1";"19";"1";""
"202200054298";"717 442";"B01";"1";"7";"6";"2";"6";"1";"2";""
"202200054299";"717 432";"A01";"3";"7";"2";"0";"3";"13";"1";""
"202200054300";"717 430";"B01";"1";"1";"0";"2";"9";"1";"5";""
"202200054300";"717 436";"A01";"3";"7";"0";"2";"3";"20";"1";""
"202200054301";"717 429";"A01";"3";"7";"0";"2";"3";"15";"1";""
"202200054301";"717 435";"B01";"3";"2";"0";"2";"1";"26";"1";""
"202200054302";"717 427";"B01";"2";"1";"0";"2";"8";"9";"5";""
"202200054302";"717 433";"A01";"2";"7";"0";"2";"1";"1";"1";""
"202200054303";"717 426";"A01";"0";"7";"6";"0";"1";"13";"1";""
"202200054304";"717 425";"A01";"1";"7";"13";"0";"3";"1";"1";""
"202200054305";"717 420";"A01";"1";"7";"0";"2";"6";"1";"1";""
"202200054305";"717 428";"B01";"1";"1";"0";"2";"1";"1";"5";""
"202200054306";"717 416";"B01";"1";"33";"0";"2";"1";"1";"1";""
"202200054306";"717 423";"A01";"1";"7";"0";"2";"2";"10";"1";""
"202200054307";"717 418";"B01";"2";"7";"0";"2";"1";"1";"1";""
"202200054307";"717 424";"A01";"2";"7";"0";"2";"4";"1";"1";""
"202200054308";"717 414";"A01";"2";"33";"9";"0";"1";"1";"1";""
"202200054309";"717 411";"C01";"3";"7";"0";"2";"4";"23";"1";""
"202200054309";"717 417";"B01";"3";"7";"0";"2";"4";"23";"1";""
"202200054309";"717 422";"A01";"3";"10";"0";"2";"1";"2";"1";""
"202200054310";"717 410";"B01";"3";"10";"0";"2";"1";"1";"1";""
"202200054310";"717 419";"A01";"3";"7";"0";"2";"2";"1";"1";""
"202200054311";"717 409";"A01";"2";"7";"0";"2";"3";"9";"1";""
"202200054311";"717 421";"B01";"1";"7";"0";"2";"2";"1";"1";""
"202200054312";"717 407";"A01";"1";"7";"0";"2";"1";"15";"1";""
"202200054312";"717 415";"B01";"2";"2";"0";"2";"3";"1";"1";""
"202200054313";"717 406";"B01";"1";"2";"0";"2";"1";"2";"1";""
"202200054313";"717 412";"A01";"1";"7";"0";"0";"4";"23";"1";""
"202200054314";"717 403";"A01";"1";"3";"1";"0";"2";"1";"1";""
"202200054315";"717 397";"A01";"2";"7";"0";"0";"6";"24";"1";""
"202200054315";"717 408";"B01";"2";"7";"0";"0";"5";"24";"1";""
"202200054315";"717 413";"C01";"2";"7";"1";"0";"1";"17";"1";""
"202200054316";"717 398";"A01";"1";"7";"0";"2";"7";"1";"1";""
"202200054316";"717 404";"B01";"1";"34";"0";"2";"3";"18";"1";""
"202200054317";"717 396";"A01";"0";"7";"0";"2";"3";"9";"1";""
"202200054317";"717 405";"B01";"0";"7";"1";"2";"2";"1";"1";""
"202200054318";"717 395";"B01";"1";"7";"6";"2";"8";"1";"1";""
"202200054318";"717 400";"A01";"2";"7";"0";"2";"8";"26";"1";""
"202200054319";"717 393";"A01";"1";"36";"0";"0";"1";"1";"1";""
"202200054320";"717 394";"A01";" -1";"7";"0";"1";"4";"4";"1";""
"202200054321";"717 391";"A01";"2";"7";"2";"0";"1";"13";"1";""
"202200054322";"717 392";"A01";"1";"30";"0";"0";"0";"26";"1";""
"202200054323";"717 389";"A01";"1";"7";"16";"0";"9";"0";"1";""
"202200054324";"717 390";"Z01";"1";"7";"0";"1";"0";"1";"0";""
"202200054325";"717 384";"B01";"0";"33";"0";"2";"0";"0";"1";""
"202200054325";"717 387";"A01";"0";"7";"0";"2";"2";"15";"1";""
"202200054326";"717 381";"B01";"1";"7";"0";"0";"5";"2";"1";""
"202200054326";"717 386";"A01";"1";"7";"0";"2";"3";"2";"1";""
"202200054327";"717 385";"A01";"1";"7";"0";"0";"1";"1";"1";""
"202200054328";"717 375";"A01";"1";"30";"1";"0";"1";"1";"3";""
"202200054329";"717 374";"A01";"1";"10";"0";"2";"1";"1";"1";""
"202200054329";"717 379";"B01";"1";"10";"0";"2";"4";"2";"1";""
"202200054330";"717 372";"A01";"3";"7";"0";"2";"1";"1";"1";""
"202200054330";"717 377";"B01";"3";"7";"0";"2";"4";"1";"1";""
"202200054330";"717 382";"C01";"3";"7";"0";"2";"4";"2";"3";""
"202200054331";"717 373";"B01";"2";"7";"0";"2";"3";"1";"1";""
"202200054331";"717 378";"A01";"1";"2";"0";"2";"1";"13";"1";""
"202200054332";"717 369";"A01";"3";"7";"0";"2";"3";"16";"1";""
"202200054332";"717 380";"B01";"3";"33";"0";"2";"8";"1";"1";""
"202200054333";"717 365";"B01";"1";"7";"0";"2";"4";"1";"1";""
"202200054333";"717 371";"A01";"1";"33";"0";"2";"1";"3";"1";""
"202200054334";"717 368";"C01";"2";"7";"0";"2";"1";"2";"1";""
"202200054334";"717 376";"B01";"2";"7";"0";"2";"4";"2";"1";""
"202200054334";"717 388";"A01";"2";"7";"0";"2";"4";"2";"1";""
"202200054335";"717 364";"A01";"1";"33";"0";"2";"1";"13";"1";""
"202200054335";"717 370";"B01";"1";"7";"0";"0";"5";"15";"1";""
"202200054336";"717 362";"A01";"2";"7";"0";"2";"1";"15";"1";""
"202200054336";"717 366";"B01";"1";"2";"0";"2";"8";"1";"1";""
"202200054337";"717 361";"A01";"1";"1";"0";"2";"1";"1";"5";""
"202200054337";"717 367";"B01";"1";"7";"0";"2";"1";"1";"1";""
"202200054338";"717 360";"A01";"2";"7";"0";"2";"3";"15";"1";""
"202200054338";"717 363";"B01";"1";"2";"0";"2";"3";"1";"1";""
"202200054339";"717 359";"A01";"2";"7";"0";"1";"2";"26";"1";""
"202200054340";"717 355";"A01";"1";"7";"0";"2";"1";"1";"1";""
"202200054340";"717 358";"B01";"1";"7";"0";"2";"4";"1";"1";""
"202200054341";"717 352";"A01";"1";"7";"0";"6";"0";"0";"1";""
"202200054342";"717 348";"B01";"1";"7";"0";"2";"1";"1";"1";""
"202200054342";"717 356";"A01";"1";"7";"0";"2";"7";"9";"1";""
"202200054343";"717 347";"A01";"1";"7";"9";"0";"1";"2";"0";""
"202200054343";"717 350";"B01";"2";"33";"0";"2";"7";"1";"1";""
"202200054344";"717 345";"A01";"2";"7";"2";"0";"9";"1";"1";""
"202200054345";"717 342";"C01";"1";"17";"0";"2";"1";"1";"1";""
"202200054345";"717 346";"B01";"1";"7";"4";"2";"1";"1";"1";""
"202200054345";"717 353";"A01";"1";"7";"4";"2";"6";"9";"1";""
"202200054346";"717 341";"A01";"2";"7";"0";"2";"4";"1";"1";""
"202200054346";"717 349";"B01";"2";"7";"0";"2";"4";"2";"1";""
"202200054346";"717 354";"C01";"2";"7";"0";"2";"1";"2";"1";""
"202200054347";"717 340";"C01";"2";"7";"0";"2";"3";"1";"1";""
"202200054347";"717 351";"B01";"2";"10";"0";"2";"3";"1";"1";""
"202200054347";"717 357";"A01";"1";"10";"0";"2";"3";"1";"1";""
"202200054348";"717 338";"B01";"2";"30";"0";"2";"2";"5";"1";""
"202200054348";"717 344";"A01";"2";"7";"0";"2";"3";"13";"1";""
"202200054349";"717 337";"B01";"1";"7";"0";"2";"4";"2";"1";""
"202200054349";"717 339";"A01";"1";"7";"0";"2";"1";"2";"1";""
"202200054350";"717 333";"B01";"0";"7";"0";"2";"1";"1";"1";""
"202200054350";"717 343";"A01";"0";"7";"0";"2";"2";"1";"2";""
"202200054351";"717 335";"A01";"1";"7";"2";"0";"2";"13";"1";""
"202200054352";"717 330";"B01";"1";"50";"0";"2";"1";"1";"3";""
"202200054352";"717 336";"A01";"1";"7";"0";"2";"6";"9";"1";""
"202200054353";"717 326";"B01";"1";"1";"0";"2";"4";"2";"5";""
"202200054353";"717 331";"A01";"1";"7";"0";"2";"2";"2";"1";""
"202200054354";"717 324";"A01";"1";"10";"2";"0";"1";"13";"1";""
"202200054355";"717 321";"B01";"3";"7";"0";"2";"1";"1";"1";""
"202200054355";"717 327";"A01";"3";"32";"0";"2";"4";"1";"1";""
"202200054356";"717 318";"A01";"1";"33";"0";"0";"0";"2";"1";""
"202200054357";"717 319";"A01";"1";"34";"0";"1";"1";"1";"1";""
"202200054358";"717 317";"A01";"2";"7";"0";"2";"1";"2";"1";""
"202200054358";"717 328";"B01";"2";"7";"0";"2";"1";"1";"1";""
"202200054358";"717 332";"C01";"2";"7";"0";"2";"4";"2";"1";""
"202200054359";"717 315";"A01";"1";"7";"0";"2";"1";"2";"1";""
"202200054359";"717 323";"B01";"1";"7";"0";"2";"4";"2";"1";""
"202200054360";"717 312";"A01";"1";"7";"0";"2";"2";"1";"1";""
"202200054360";"717 316";"B01";"1";"7";"0";"2";"5";"14";"1";""
"202200054360";"717 322";"C01";"1";"7";"0";"2";"8";"1";"1";""
"202200054360";"717 329";"D01";"1";"33";"0";"2";"8";"3";"1";""
"202200054361";"717 311";"A01";"1";"7";"0";"2";"1";"1";"1";""
"202200054361";"717 320";"B01";"3";"30";"0";"2";"8";"1";"1";""
"202200054362";"717 308";"A01";"1";"99";"0";"2";"1";"1";"1";""
"202200054362";"717 314";"B01";"1";"7";"0";"2";"3";"1";"1";""
"202200054363";"717 307";"A01";"3";"32";"0";"2";"1";"3";"1";""
"202200054363";"717 313";"B01";"3";"7";"0";"2";"3";"16";"1";""
"202200054364";"717 304";"Z01";"2";"7";"0";"2";"1";"15";"1";""
"202200054364";"717 310";"A01";"2";"33";"0";"2";"1";"17";"1";""
"202200054365";"717 298";"A01";"2";"7";"0";"2";"2";"15";"1";""
"202200054365";"717 303";"B01";"1";"10";"2";"2";"7";"1";"1";""
"202200054366";"717 300";"B01";"2";"1";"0";"2";"4";"2";"5";""
"202200054366";"717 309";"A01";"2";"1";"0";"2";"1";"2";"5";""
"202200054367";"717 299";"B01";"2";"1";"0";"2";"1";"1";"5";""
"202200054367";"717 305";"A01";"1";"50";"0";"2";"1";"1";"3";""
"202200054368";"717 301";"B01";"2";"7";"0";"2";"3";"19";"1";""
"202200054368";"717 306";"A01";"2";"31";"0";"2";"1";"17";"1";""
"202200054369";"717 297";"A01";"2";"7";"0";"0";"9";"1";"1";""
"202200054370";"717 294";"A01";"2";"7";"0";"2";"1";"1";"1";""
"202200054370";"717 302";"B01";"2";"7";"0";"2";"0";"1";"1";""
"202200054371";"717 293";"A01";"1";"7";"13";"0";"1";"1";"1";""
"202200054372";"717 290";"B01";"0";"7";"0";"2";"3";"1";"1";""
"202200054372";"717 296";"A01";"3";"7";"0";"2";"3";"13";"1";""
"202200054373";"717 289";"A01";"3";"7";"0";"2";"3";"15";"1";""
"202200054373";"717 295";"B01";"3";"7";"0";"2";"2";"1";"1";""
"202200054374";"717 286";"B01";"1";"33";"0";"2";"1";"1";"1";""
"202200054374";"717 291";"A01";"1";"1";"0";"0";"7";"10";"5";""
"202200054375";"717 285";"A01";"2";"10";"0";"2";"1";"1";"1";""
"202200054375";"717 292";"B01";"2";"1";"0";"2";"7";"9";"5";""
"202200054376";"717 284";"A01";"1";"33";"6";"0";"2";"0";"1";""
"202200054377";"717 277";"A01";"0";"33";"0";"0";"0";"0";"1";""
"202200054378";"717 276";"A01";"1";"30";"0";"1";"0";"0";"1";""
"202200054379";"717 275";"A01";"3";"7";"0";"2";"1";"1";"1";""
"202200054379";"717 283";"B01";"3";"33";"0";"2";"7";"26";"1";""
"202200054380";"717 279";"B01";"0";"7";"0";"2";"3";"1";"1";""
"202200054380";"717 287";"A01";"0";"7";"0";"2";"3";"13";"1";""
"202200054381";"717 274";"A01";"1";"7";"0";"2";"3";"13";"1";""
"202200054381";"717 280";"B01";"2";"7";"0";"2";"3";"1";"1";""
"202200054382";"717 273";"A01";"3";"7";"0";"2";"1";"15";"1";""
"202200054382";"717 278";"B01";"2";"33";"0";"2";"7";"1";"1";""
"202200054383";"717 270";"B01";"2";"7";"0";"2";"6";"1";"1";""
"202200054383";"717 281";"A01";"1";"7";"0";"2";"1";"1";"1";""
"202200054384";"717 268";"A01";"2";"35";"6";"0";"2";"0";"1";""
"202200054385";"717 266";"A01";"2";"43";"4";"0";"1";"18";"1";""
"202200054386";"717 271";"B01";"2";"1";"0";"2";"1";"1";"5";""
"202200054386";"717 282";"C01";"2";"1";"0";"2";"1";"1";"5";""
"202200054386";"717 288";"A01";"2";"7";"0";"0";"8";"15";"1";""
"202200054387";"717 269";"A01";"2";"7";"0";"2";"4";"23";"1";""
"202200054387";"717 272";"B01";"2";"7";"0";"2";"1";"1";"1";""
"202200054388";"717 258";"A01";"3";"50";"0";"0";"0";"1";"3";""
"202200054389";"717 257";"A01";"2";"7";"0";"2";"4";"1";"1";""
"202200054389";"717 261";"B01";"1";"7";"0";"2";"4";"2";"1";""
"202200054389";"717 264";"C01";"1";"7";"0";"2";"4";"2";"1";""
"202200054389";"717 267";"D01";"1";"37";"0";"2";"1";"2";"6";"2"
"202200054390";"717 255";"A01";"3";"33";"0";"0";"8";"15";"1";""
"202200054391";"717 253";"A01";"3";"7";"0";"1";"1";"15";"1";""
"202200054392";"717 252";"A01";"2";"33";"0";"2";"2";"1";"1";""
"202200054392";"717 256";"B01";"1";"7";"0";"2";"2";"15";"1";""
"202200054393";"717 249";"A01";"1";"7";"2";"0";"9";"1";"1";""
"202200054394";"717 248";"A01";"3";"7";"0";"2";"1";"5";"1";""
"202200054394";"717 262";"B01";"3";"7";"0";"2";"2";"1";"1";""
"202200054395";"717 247";"A01";"1";"50";"0";"1";"1";"1";"3";""
"202200054396";"717 243";"B01";"2";"7";"3";"2";"2";"12";"1";""
"202200054396";"717 246";"A01";"2";"7";"0";"2";"4";"2";"1";""
"202200054397";"717 250";"A01";"1";"7";"0";"1";"1";"1";"1";""
"202200054398";"717 244";"B01";"1";"2";"0";"2";"1";"1";"1";""
"202200054398";"717 251";"A01";"2";"7";"0";"2";"7";"15";"1";""
"202200054399";"717 241";"B01";"0";"30";"0";"2";"2";"2";"3";""
"202200054399";"717 245";"A01";"0";"7";"0";"2";"3";"1";"1";""
"202200054400";"717 238";"A01";"2";"7";"0";"1";"3";"1";"1";""
"202200054401";"717 237";"B01";"1";"13";"0";"2";"3";"1";"1";""
"202200054401";"717 242";"A01";"2";"7";"0";"2";"1";"13";"1";""
"202200054402";"717 236";"A01";"2";"7";"0";"2";"1";"17";"1";""
"202200054402";"717 239";"B01";"2";"7";"0";"2";"4";"15";"1";""
"202200054403";"717 235";"A01";"1";"33";"0";"2";"1";"5";"1";""
"202200054403";"717 240";"B01";"2";"7";"0";"2";"1";"1";"1";""
"202200054404";"717 232";"A01";"1";"10";"4";"0";"1";"14";"1";""
"202200054405";"717 228";"A01";"2";"7";"0";"2";"8";"22";"1";""
"202200054405";"717 233";"B01";"2";"1";"0";"2";"1";"1";"5";""
"202200054406";"717 226";"A01";"1";"7";"6";"0";"2";"1";"1";""
"202200054407";"717 224";"B01";"1";"7";"0";"2";"1";"1";"1";""
"202200054407";"717 230";"A01";"1";"1";"0";"2";"8";"10";"5";""
"202200054408";"717 222";"A01";"2";"7";"2";"0";"3";"1";"1";""
"202200054409";"717 220";"B01";"2";"7";"0";"2";"7";"1";"1";""
"202200054409";"717 231";"A01";"1";"10";"0";"2";"1";"9";"1";""
"202200054410";"717 219";"A01";"2";"7";"0";"2";"1";"1";"1";""
"202200054410";"717 225";"B01";"2";"7";"0";"2";"4";"2";"1";""
"202200054410";"717 234";"C01";"2";"7";"0";"2";"4";"1";"1";""
"202200054411";"717 218";"A01";"2";"7";"0";"2";"1";"13";"1";""
"202200054411";"717 221";"B01";"1";"7";"0";"2";"1";"1";"1";""
"202200054412";"717 213";"A01";"1";"33";"13";"0";"9";"1";"1";""
"202200054413";"717 210";"A01";"2";"7";"0";"1";"2";"2";"1";""
"202200054414";"717 215";"C01";"2";"7";"0";"2";"6";"2";"1";""
"202200054414";"717 217";"B01";"2";"10";"0";"2";"4";"2";"1";""
"202200054414";"717 223";"A01";"2";"7";"0";"2";"1";"1";"1";""
"202200054415";"717 206";"B01";"1";"33";"0";"2";"1";"1";"1";""
"202200054415";"717 212";"A01";"1";"7";"0";"2";"1";"15";"1";""
"202200054416";"717 214";"A01";"1";"7";"0";"0";"1";"0";"1";""
"202200054417";"717 207";"A01";"2";"7";"0";"1";"5";"4";"0";""
"202200054418";"717 211";"A01";"2";"7";"6";"0";"2";"0";"1";""
"202200054419";"717 208";"A01";"1";"7";"0";"2";"3";"17";"1";""
"202200054419";"717 209";"B01";"1";"7";"0";"2";"1";"1";"1";""
"202200054420";"717 204";"A01";"1";"33";"0";"0";"7";"2";"1";""
"202200054421";"717 203";"B01";"2";"1";"0";"2";"7";"26";"5";""
"202200054421";"717 205";"A01";"1";"7";"0";"2";"3";"15";"1";""
"202200054422";"717 201";"A01";"1";"7";"0";"2";"8";"2";"1";""
"202200054422";"717 216";"B01";"1";"30";"0";"2";"1";"2";"1";""
"202200054423";"717 199";"A01";"3";"7";"14";"2";"3";"15";"2";""
"202200054423";"717 202";"B01";"3";"33";"14";"0";"4";"1";"1";""
"202200054424";"717 190";"B01";"2";"7";"4";"0";"4";"1";"1";""
"202200054424";"717 196";"A01";"2";"7";"0";"2";"1";"2";"1";""
"202200054425";"717 189";"B01";"3";"7";"0";"2";"2";"15";"1";""
"202200054425";"717 192";"A01";"3";"7";"0";"2";"1";"9";"1";""
"202200054426";"717 193";"B01";"3";"7";"9";"0";"8";"2";"0";""
"202200054426";"717 200";"A01";"3";"30";"0";"2";"8";"13";"0";""
"202200054427";"717 185";"Z01";"2";"7";"4";"2";"0";"0";"1";""
"202200054427";"717 191";"A01";"2";"33";"3";"2";"3";"3";"1";""
"202200054428";"717 183";"B01";"1";"10";"0";"0";"0";"5";"1";""
"202200054428";"717 186";"A01";"1";"7";"2";"0";"8";"21";"1";""
"202200054429";"717 187";"B01";"1";"7";"0";"2";"2";"1";"1";""
"202200054429";"717 197";"A01";"2";"2";"0";"2";"1";"15";"1";""
"202200054430";"717 180";"B01";"2";"7";"0";"2";"7";"1";"1";""
"202200054430";"717 188";"A01";"1";"7";"6";"2";"2";"0";"1";""
"202200054431";"717 182";"A01";"1";"7";"0";"2";"3";"16";"1";""
"202200054431";"717 195";"B01";"2";"7";"0";"2";"2";"16";"1";""
"202200054432";"717 184";"A01";"2";"7";"0";"1";"2";"1";"1";""
"202200054433";"717 176";"B01";"3";"2";"0";"2";"4";"23";"1";""
"202200054433";"717 179";"A01";"3";"7";"12";"2";"2";"14";"1";""
"202200054434";"717 178";"A01";"2";"33";"0";"2";"7";"17";"1";""
"202200054434";"717 181";"B01";"2";"7";"0";"2";"3";"15";"1";""
"202200054435";"717 173";"B01";"3";"30";"0";"2";"4";"0";"1";""
"202200054435";"717 177";"A01";"3";"10";"0";"2";"1";"15";"1";""
"202200054436";"717 170";"A01";"0";"7";"0";"1";"3";"1";"0";""