"Num_Acc";"id_vehicule";"num_veh";"senc";"catv";"obs";"obsm";"choc";"manv";"motor";"occutc"
"202200054437";"717 166";"B01";"1";"7";"0";"2";"6";"1";"1";""
"202200054437";"717 175";"A01";"1";"7";"0";"2";"1";"14";"1";""
"202200054438";"717 165";"A01";"3";"7";"0";"9";"6";"16";"1";""
"202200054438";"717 172";"B01";"3";"1";"0";"2";"3";"1";"5";""
"202200054439";"717 163";"A01";"2";"33";"0";"2";"8";"21";"1";""
"202200054439";"717 168";"B01";"2";"99";"0";"0";"0";"0";"0";""
"202200054439";"717 174";"C01";"2";"7";"0";"2";"8";"9";"1";""
"202200054440";"717 162";"A01";"3";"21";"0";"2";"8";"19";"1";""
"202200054440";"717 171";"B01";"2";"33";"0";"2";"1";"1";"1";""
"202200054441";"717 160";"B01";"1";"17";"0";"0";"0";"1";"1";""
"202200054441";"717 167";"A01";"1";"7";"0";"2";"1";"1";"1";""
"202200054442";"717 158";"A01";"1";"7";"2";"0";"1";"1";"1";""
"202200054443";"717 161";"B01";"2";"7";"0";"2";"1";"0";"1";""
"202200054443";"717 169";"A01";"2";"7";"0";"0";"4";"24";"1";""
"202200054444";"717 153";"A01";"1";"7";"8";"0";"0";"1";"1";""
"202200054445";"717 155";"B01";"1";"7";"0";"2";"3";"1";"2";""
"202200054445";"717 159";"Z01";"2";"7";"0";"2";"1";"17";"1";""
"202200054446";"717 156";"A01";"1";"7";"0";"0";"0";"0";"1";""
"202200054447";"717 154";"B01";"2";"7";"0";"2";"1";"1";"1";""
"202200054447";"717 164";"A01";"2";"10";"0";"2";"3";"15";"1";""
"202200054448";"717 152";"B01";"1";"38";"0";"2";"1";"1";"1";"1"
"202200054448";"717 157";"A01";"2";"3";"0";"2";"1";"1";"1";""
"202200054449";"717 149";"A01";"1";"2";"0";"0";"0";"1";"1";""
"202200054450";"717 144";"B01";"1";"1";"0";"2";"1";"1";"5";""
"202200054450";"717 150";"A01";"1";"7";"0";"9";"7";"1";"1";""
"202200054451";"717 142";"C01";"2";"7";"0";"2";"1";"2";"1";""
"202200054451";"717 147";"B01";"2";"7";"0";"2";"4";"2";"1";""
"202200054451";"717 151";"A01";"2";"7";"0";"2";"1";"2";"1";""
"202200054452";"717 139";"B01";"1";"7";"6";"2";"1";"17";"1";""
"202200054452";"717 146";"A01";"1";"21";"0";"0";"8";"15";"1";""
"202200054453";"717 143";"B01";"1";"17";"0";"2";"6";"1";"1";""
"202200054453";"717 148";"A01";"1";"33";"0";"2";"1";"2";"1";""
"202200054454";"717 138";"A01";"3";"7";"0";"1";"1";"1";"1";""
"202200054455";"717 137";"B01";"1";"43";"0";"2";"2";"2";"1";""
"202200054455";"717 145";"A01";"1";"7";"0";"2";"3";"26";"1";""
"202200054456";"717 136";"A01";"1";"7";"2";"0";"1";"1";"1";""
"202200054457";"717 135";"B01";"1";"17";"0";"2";"2";"12";"1";""
"202200054457";"717 141";"A01";"1";"7";"0";"2";"6";"1";"1";""
"202200054458";"717 132";"C01";"1";"10";"0";"2";"6";"2";"1";""
"202200054458";"717 134";"Z01";"1";"7";"0";"2";"1";"2";"1";""
"202200054458";"717 140";"B01";"1";"7";"0";"2";"4";"2";"1";""
"202200054459";"717 129";"A01";"0";"7";"0";"1";"5";"4";"1";""
"202200054460";"717 128";"A01";"2";"7";"2";"0";"0";"1";"1";""
"202200054461";"717 120";"C01";"1";"13";"0";"2";"1";"2";"1";""
"202200054461";"717 124";"B01";"1";"13";"0";"1";"4";"2";"1";""
"202200054461";"717 131";"A01";"1";"7";"0";"2";"6";"23";"1";""
"202200054462";"717 125";"A01";"2";"7";"0";"2";"1";"2";"1";""
"202200054462";"717 130";"B01";"2";"7";"0";"2";"4";"2";"2";""
"202200054463";"717 119";"B01";"2";"99";"0";"9";"1";"19";"6";""
"202200054463";"717 126";"A01";"2";"1";"0";"5";"6";"1";"5";""
"202200054464";"717 122";"B01";"1";"7";"0";"2";"3";"1";"1";""
"202200054464";"717 133";"A01";"1";"7";"0";"2";"3";"15";"1";""
"202200054465";"717 116";"B01";"1";"33";"0";"2";"7";"1";"1";""
"202200054465";"717 123";"A01";"1";"7";"0";"2";"8";"11";"1";""
"202200054466";"717 118";"ZA01";"1";"7";"0";"2";"0";"15";"1";""
"202200054466";"717 127";"Z01";"1";"7";"0";"1";"1";"26";" -1";""
"202200054467";"717 115";"A01";"2";"33";"0";"2";"9";"11";"1";""
"202200054467";"717 121";"B01";"2";"7";"0";"2";"4";"1";"1";""
"202200054468";"717 113";"B01";"1";"7";"0";"2";"3";"1";"2";""
"202200054468";"717 117";"A01";"1";"30";"0";"2";"1";"1";"1";""
"202200054469";"717 109";"B01";"1";"1";"0";"0";"4";"0";"5";""
"202200054469";"717 114";"A01";"2";"7";"0";"2";"2";"0";"1";""
"202200054470";"717 110";"A01";"2";"34";"4";"0";"1";"2";"1";""
"202200054471";"717 105";"B01";"3";"33";"0";"2";"3";"13";"1";""
"202200054471";"717 111";"A01";"3";"33";"0";"2";"6";"13";"1";""
"202200054472";"717 104";"A01";"2";"10";"0";"2";"3";"15";"1";""
"202200054472";"717 112";"B01";"1";"1";"0";"2";"1";"26";"5";""
"202200054473";"717 102";"A01";"2";"7";"1";"0";"3";"0";"1";""
"202200054474";"717 103";"A01";"1";"33";"0";"2";"2";"17";"1";""
"202200054474";"717 108";"B01";"1";"7";"0";"2";"8";"15";"1";""
"202200054475";"717 101";"B01";"1";"17";"0";"2";"4";"2";"1";""
"202200054475";"717 107";"A01";"1";"7";"0";"2";"1";"2";"1";""
"202200054476";"717 099";"A01";"3";"7";"0";"1";"1";"1";"1";""
"202200054477";"717 100";"B01";"1";"1";"1";"0";"1";"1";"5";""
"202200054477";"717 106";"A01";"1";"7";"0";"2";"3";"24";"1";""
"202200054478";"717 097";"A01";"1";"7";"0";"1";"1";"1";"1";""
"202200054479";"717 095";"A01";"3";"2";"0";"0";"0";"21";"1";""
"202200054480";"717 092";"A01";"3";"7";"0";"1";"1";"1";"1";""
"202200054481";"717 089";"A01";"3";"7";"0";"1";"2";"1";"1";""
"202200054482";"717 088";"A01";"3";"7";"1";"1";"1";"26";"1";""
"202200054483";"717 084";"C01";"2";"7";"0";"2";"4";"1";"1";""
"202200054483";"717 091";"B01";"2";"7";"0";"2";"4";"2";"1";""
"202200054483";"717 096";"A01";"2";"7";"0";"2";"1";"1";"1";""
"202200054484";"717 087";"A01";"2";"7";"0";"2";"1";"13";"1";""
"202200054484";"717 094";"B01";"1";"1";"0";"2";"1";"0";"5";""
"202200054485";"717 090";"B01";"0";"33";"0";"2";"8";"1";"1";""
"202200054485";"717 098";"A01";"0";"7";"0";"2";"1";"1";"1";""
"202200054486";"717 082";"A01";"1";"7";"1";"0";"2";"1";"1";""
"202200054486";"717 085";"B01";"2";"10";"0";"1";"2";"24";"1";""
"202200054487";"717 080";"A01";"2";"0";"0";"1";"2";"5";"0";""
"202200054488";"717 079";"A01";"2";"7";"6";"0";"1";"1";"1";""
"202200054489";"717 077";"A01";"3";"2";"0";"1";"1";"1";"1";""
"202200054490";"717 072";"A01";"0";"7";"0";"1";"1";"26";"1";""
"202200054491";"717 068";"B01";"1";"33";"0";"2";"1";"1";"1";""
"202200054491";"717 074";"A01";"2";"7";"0";"2";"2";"5";"1";""
"202200054492";"717 070";"A01";"1";"1";"0";"2";"7";"9";"5";""
"202200054492";"717 075";"B01";"2";"7";"0";"2";"3";"9";"0";""
"202200054493";"717 066";"C01";"2";"7";"0";"2";"4";"23";"1";""
"202200054493";"717 073";"B01";"2";"7";"0";"2";"4";"23";"1";""
"202200054493";"717 078";"A01";"2";"7";"0";"2";"1";"2";"1";""
"202200054494";"717 065";"A01";"1";"7";"6";"0";"1";"1";"1";""
"202200054495";"717 064";"A01";"2";"7";"0";"0";"3";"13";"1";""
"202200054495";"717 071";"B01";"1";"7";"0";"2";"8";"1";"1";""
"202200054496";"717 063";"C01";"2";"10";"0";"2";"1";"2";"1";""
"202200054496";"717 067";"B01";"2";"7";"0";"2";"4";"2";"1";""
"202200054496";"717 076";"A01";"1";"7";"0";"0";"4";"1";"1";""
"202200054497";"717 061";"A01";"1";"7";"0";"2";"1";"2";"1";""
"202200054497";"717 069";"B01";"1";"7";"0";"2";"4";"1";"1";""
"202200054498";"717 060";"A01";"2";"7";"0";"1";"1";"1";"1";""
"202200054499";"717 055";"A01";"2";"2";"0";"0";"0";"13";"1";""
"202200054500";"717 050";"A01";"1";"7";"0";"2";"2";"9";"0";""
"202200054500";"717 059";"B01";"1";"1";"0";"0";"0";"1";"5";""
"202200054501";"717 052";"A01";"2";"33";"5";"0";"2";"1";"1";""
"202200054502";"717 047";"A01";"2";"7";"0";"1";"1";"1";"1";""
"202200054503";"717 048";"B01";"2";"7";"0";"2";"1";"1";"1";""
"202200054503";"717 062";"A01";"1";"7";"3";"2";"1";"13";"1";""
"202200054504";"717 045";"A01";"1";"7";"0";"2";"1";"0";"1";""
"202200054504";"717 056";"B01";"1";"7";"0";"2";"4";"0";"1";""
"202200054504";"717 058";"C01";"1";"7";"0";"0";"4";"0";"1";""
"202200054505";"717 044";"A01";"2";"7";"0";"2";"1";"9";"1";""
"202200054505";"717 051";"B01";"2";"33";"0";"2";"1";"3";"1";""
"202200054506";"717 053";"A01";"3";"33";"0";"2";"0";"1";"1";""
"202200054507";"717 042";"C01";"3";"7";"0";"2";"8";"1";"1";""
"202200054507";"717 046";"B01";"3";"1";"0";"0";"1";"1";"5";""
"202200054507";"717 054";"A01";"3";"1";"0";"0";"1";"1";"5";""
"202200054508";"717 040";"D01";"1";"7";"0";"2";"1";"2";"1";""
"202200054508";"717 043";"C01";"1";"7";"0";"2";"4";"1";"1";""
"202200054508";"717 049";"B01";"1";"7";"0";"2";"4";"1";"2";""
"202200054508";"717 057";"A01";"1";"7";"0";"2";"4";"1";"1";""
"202200054509";"717 041";"A01";"1";"7";"2";"0";"2";"0";"6";""
"202200054510";"717 035";"A01";"2";"7";"0";"0";"1";"1";"1";""
"202200054511";"717 036";"A01";"1";"50";"6";"0";"2";"1";"3";""
"202200054512";"717 034";"A01";"1";"7";"0";"1";"2";"2";"1";""
"202200054513";"717 033";"B01";"1";"2";"0";"0";"1";"1";"1";""
"202200054513";"717 037";"A01";"1";"7";"0";"0";"4";"2";"1";""
"202200054514";"717 032";"A01";"2";"7";"0";"2";"3";"15";"1";""
"202200054514";"717 039";"B01";"2";"33";"0";"2";"1";"1";"1";""
"202200054515";"717 031";"A01";"1";"7";"0";"2";"3";"13";"1";""
"202200054515";"717 038";"B01";"1";"33";"0";"2";"7";"1";"1";""
"202200054516";"717 027";"A01";"2";"7";"11";"0";"3";"1";"1";""
"202200054517";"717 028";"A01";"2";"7";"13";"0";"1";"14";"1";""
"202200054518";"717 022";"A01";"1";"7";"0";"2";"4";"1";"1";""
"202200054518";"717 026";"B01";"1";"7";"0";"2";"1";"0";"1";""
"202200054518";"717 030";"C01";"1";"7";"0";"2";"1";"1";"1";""
"202200054519";"717 025";"A01";"1";"10";"6";"0";"1";"1";"1";""
"202200054520";"717 024";"A01";"1";"30";"0";"2";"2";"9";"1";""
"202200054520";"717 029";"B01";"1";"7";"0";"2";"3";"9";"1";""
"202200054521";"717 018";"A01";"2";"33";"14";"0";"1";"1";"1";""
"202200054522";"717 019";"A01";"1";"7";"6";"0";"2";"1";"1";""
"202200054523";"717 017";"B01";"2";"7";"0";"2";"6";"13";"1";""
"202200054523";"717 023";"A01";"2";"33";"0";"2";"7";"2";"1";""
"202200054524";"717 015";"A01";"1";"7";"0";"2";"1";"15";"1";""
"202200054524";"717 020";"B01";"1";"30";"0";"2";"6";"0";"1";""
"202200054525";"717 016";"B01";"2";"1";"0";"2";"1";"1";"5";""
"202200054525";"717 021";"A01";"1";"17";"0";"2";"7";"15";"1";""
"202200054526";"717 012";"A01";"1";"7";"4";"0";"3";"1";"1";""
"202200054527";"717 009";"A01";"1";"34";"0";"2";"1";"1";"1";""
"202200054527";"717 013";"B01";"1";"7";"0";"2";"4";"2";"1";""
"202200054528";"717 006";"A01";"2";"7";"0";"0";"9";"21";"1";""
"202200054529";"717 008";"A01";"3";"30";"6";"0";"7";"1";"1";""
"202200054530";"717 001";"A01";"0";"7";"0";"0";"9";"14";"1";""
"202200054531";"717 003";"B01";"2";"33";"0";"2";"1";"3";"1";""
"202200054531";"717 007";"A01";"2";"7";"0";"2";"6";"11";"1";""
"202200054532";"716 995";"A01";"1";"10";"0";"2";"1";"1";"1";""
"202200054532";"716 998";"B01";"2";"31";"0";"2";"8";"1";"1";""
"202200054532";"717 005";"C01";"2";"7";"0";"2";"3";"1";"1";""
"202200054532";"717 010";"D01";"2";"7";"0";"2";"3";"1";"1";""
"202200054533";"716 993";"B01";"1";"7";"0";"2";"3";"1";"1";""
"202200054533";"717 002";"A01";"3";"30";"0";"2";"1";"9";"1";""
"202200054534";"716 994";"B01";"1";"33";"0";"2";"3";"3";"1";""
"202200054534";"716 996";"A01";"1";"7";"0";"2";"7";"12";"1";""
"202200054535";"716 988";"B01";"3";"2";"0";"2";"8";"15";"1";""
"202200054535";"716 999";"A01";"1";"7";"0";"2";"1";"1";"1";""
"202200054536";"716 987";"A01";"2";"10";"3";"0";"2";"14";"1";""
"202200054537";"716 985";"A01";"1";"7";"0";"2";"3";"13";"1";""
"202200054537";"716 989";"B01";"2";"7";"0";"2";"3";"1";"1";""
"202200054538";"716 986";"B01";"1";"15";"0";"0";"8";"1";"1";""
"202200054538";"716 991";"A01";"1";"43";"12";"2";"7";"1";"1";""
"202200054539";"716 984";"C01";"0";"7";"0";"2";"9";"1";" -1";""
"202200054539";"716 992";"A01";"0";"7";"0";"4";"2";"17";"1";""
"202200054539";"717 000";"B01";"1";"39";"0";"2";"7";"1";"3";""
"202200054540";"716 982";"B01";"2";"10";"0";"2";"6";"15";"1";""
"202200054540";"716 990";"A01";"1";"2";"0";"2";"1";"1";"1";""
"202200054541";"716 983";"A01";"2";"7";"1";"1";"2";"1";"1";""
"202200054542";"716 976";"A01";"2";"7";"0";"2";"1";"2";"1";""
"202200054542";"716 980";"B01";"2";"7";"0";"2";"4";"2";"1";""
"202200054543";"716 974";"A01";"1";"7";"13";"0";"1";"1";"1";""
"202200054544";"716 972";"A01";"0";"36";"0";"9";"1";"0";"1";""
"202200054545";"716 970";"B01";"1";"7";"0";"2";"4";"2";"2";""
"202200054545";"716 978";"A01";"1";"7";"0";"2";"1";"2";"1";""
"202200054546";"716 977";"B01";"1";"7";"0";"2";"1";"15";"2";""
"202200054546";"716 981";"A01";"2";"34";"0";"2";"1";"1";"1";""
"202200054547";"716 968";"A01";"1";"33";"0";"0";"5";"1";"1";""
"202200054548";"716 971";"A01";"1";"7";"0";"2";"1";"1";"1";""
"202200054548";"716 975";"B01";"1";"7";"0";"2";"4";"1";"1";""
"202200054549";"716 965";"A01";"3";"7";"0";"2";"2";"2";"1";""
"202200054549";"716 969";"B01";"3";"1";"0";"2";"1";"19";"5";""
"202200054550";"716 964";"B01";"2";"10";"3";"0";"9";"18";"1";""
"202200054550";"716 973";"A01";"2";"10";"0";"0";"7";"14";"1";""
"202200054551";"716 962";"A01";"2";"33";"10";"0";"8";"1";"1";""
"202200054552";"716 967";"A01";"3";"7";"0";"1";"3";"15";"1";""
"202200054553";"716 958";"B01";"1";"7";"0";"2";"4";"2";"1";""
"202200054553";"716 966";"A01";"1";"7";"0";"2";"1";"2";"1";""
"202200054554";"716 953";"A01";"1";"7";"0";"0";"9";"1";"1";""
"202200054555";"716 956";"A01";"1";"7";"0";"2";"3";"1";"1";""
"202200054555";"716 960";"B01";"1";"7";"0";"2";"5";"2";"1";""
"202200054556";"716 951";"B01";"2";"33";"0";"2";"2";"17";"1";""
"202200054556";"716 961";"A01";"2";"7";"0";"2";"3";"15";"1";""
"202200054557";"716 949";"A01";"3";"7";"0";"2";"0";"1";"1";""
"202200054557";"716 957";"B01";"3";"2";"0";"2";"1";"1";"1";""
"202200054558";"716 947";"A01";"2";"33";"0";"2";"8";"2";"1";""
"202200054558";"716 954";"B01";"2";"33";"1";"0";"0";"0";"1";""
"202200054559";"716 948";"B01";"1";"1";"0";"2";"8";"1";"5";""
"202200054559";"716 955";"A01";"1";"7";"0";"9";"2";"1";"1";""
"202200054560";"716 950";"A01";"2";"7";"0";"2";"3";"13";"1";""
"202200054560";"716 963";"B01";"1";"7";"0";"2";"3";"1";"1";""
"202200054561";"716 946";"A01";"1";"7";"2";"0";"8";"14";"1";""
"202200054562";"716 944";"A01";"1";"2";"0";"2";"9";"9";"1";""
"202200054562";"716 952";"B01";"1";"7";"0";"2";"3";"9";"1";""
"202200054563";"716 940";"A01";"2";"7";"0";"2";"3";"15";"1";""
"202200054563";"716 945";"B01";"1";"60";"0";"2";"8";"1";"5";""
"202200054564";"716 941";"B01";"1";"7";"0";"2";"1";"1";"1";""
"202200054564";"716 943";"A01";"2";"7";"11";"2";"1";"2";"1";""
"202200054565";"716 936";"A01";"2";"7";"0";"2";"1";"1";"1";""
"202200054565";"716 942";"B01";"2";"7";"0";"2";"4";"1";"1";""
"202200054566";"716 935";"A01";"0";"7";"0";"2";"1";"15";"1";""
"202200054566";"716 937";"B01";"0";"2";"0";"2";"1";"1";"1";""
"202200054567";"716 934";"A01";"1";"7";"0";"2";"1";"2";"1";""
"202200054567";"716 939";"B01";"1";"7";"0";"2";"4";"2";"3";""
"202200054568";"716 929";"A01";"1";"7";"0";"0";"3";"2";"0";""
"202200054569";"716 933";"A01";"1";"7";"0";"2";"8";"9";"1";""
"202200054569";"716 938";"B01";"1";"80";"0";"2";"1";"1";"0";""
"202200054570";"716 928";"A01";"1";"32";"0";"2";"8";"17";"1";""
"202200054570";"716 931";"B01";"1";"7";"0";"2";"5";"1";"1";""
"202200054571";"716 921";"B01";"2";"7";"0";"2";"1";"1";"1";""
"202200054571";"716 923";"A01";"1";"7";"0";"2";"1";"11";"1";""
"202200054572";"716 920";"B01";"1";"17";"0";"2";"2";"1";"1";""
"202200054572";"716 930";"A01";"1";"7";"0";"2";"8";"16";"1";""
"202200054573";"716 917";"A01";"1";"7";"0";"2";"1";"2";"1";""
"202200054573";"716 927";"B01";"2";"7";"0";"2";"2";"15";"1";""
"202200054574";"716 919";"B01";"1";"33";"0";"2";"1";"17";"1";""
"202200054574";"716 925";"A01";"1";"7";"0";"0";"6";"17";"1";""
"202200054575";"716 914";"A01";"1";"7";"0";"1";"1";"1";"0";""
"202200054576";"716 908";"A01";"1";"7";"0";"2";"1";"2";"1";""
"202200054576";"716 915";"B01";"1";"7";"0";"2";"4";"2";"1";""
"202200054576";"716 922";"C01";"1";"7";"0";"2";"0";"2";"1";""
"202200054577";"716 909";"B01";"3";"7";"0";"2";"1";"1";"1";""
"202200054577";"716 913";"A01";"3";"7";"0";"0";"8";"1";"1";""
"202200054578";"716 907";"D01";"2";"10";"0";"2";"5";"1";"1";""
"202200054578";"716 912";"C01";"2";"7";"0";"2";"1";"1";"1";""
"202200054578";"716 916";"B01";"2";"10";"0";"2";"4";"1";"1";""
"202200054578";"716 926";"A01";"2";"7";"0";"2";"5";"1";"1";""
"202200054579";"716 910";"D01";"1";"7";"0";"2";"1";"1";"1";""
"202200054579";"716 918";"C01";"2";"7";"0";"2";"7";"1";"1";""
"202200054579";"716 924";"B01";"2";"7";"16";"2";"3";"1";"1";""
"202200054579";"716 932";"A01";"2";"7";"2";"2";"9";"17";"2";""
"202200054580";"716 904";"B01";"1";"7";"0";"2";"1";"1";"1";""
"202200054580";"716 911";"A01";"1";"7";"0";"2";"4";"26";"1";""
"202200054581";"716 901";"A01";"2";"7";"1";"1";"1";"1";"1";""
"202200054582";"716 900";"A01";"1";"7";"0";"1";"2";"1";"1";""
"202200054583";"716 899";"B01";"2";"7";"0";"2";"8";"11";"1";""
"202200054583";"716 902";"A01";"2";"32";"12";"2";"7";"1";"1";""
"202200054584";"716 894";"A01";"1";"7";"6";"0";"1";"13";"1";""
"202200054585";"716 897";"B01";"1";"1";"0";"2";"4";"1";"5";""
"202200054585";"716 905";"A01";"1";"7";"0";"2";"3";"19";"1";""
"202200054586";"716 891";"B01";"2";"33";"0";"2";"2";"17";"1";""
"202200054586";"716 896";"A01";"2";"7";"0";"2";"6";"11";"1";""
"202200054587";"716 892";"A01";"1";"7";"2";"1";"1";"13";"1";""
"202200054588";"716 890";"B01";"1";"7";"0";"2";"4";"2";"1";""
"202200054588";"716 898";"A01";"1";"7";"0";"2";"1";"2";"1";""
"202200054589";"716 889";"A01";"2";"7";"0";"2";"8";"1";"1";""
"202200054589";"716 893";"B01";"2";"1";"0";"2";"7";"1";"5";""
"202200054590";"716 888";"A01";"2";"10";"0";"1";"1";"26";"3";""
"202200054591";"716 885";"B01";"3";"1";"0";"2";"1";"15";"5";""
"202200054591";"716 895";"A01";"3";"7";"0";"2";"2";"1";"1";""
"202200054592";"716 883";"A01";"2";"7";"0";"2";"3";"12";"1";""
"202200054592";"716 887";"B01";"2";"7";"0";"2";"5";"23";"1";""
"202200054593";"716 877";"A01";"2";"7";"3";"0";"3";"1";"1";""
"202200054594";"716 880";"A01";"2";"34";"0";"0";"7";"1";"1";""
"202200054595";"716 876";"B01";"2";"10";"0";"2";"3";"1";"1";""
"202200054595";"716 884";"A01";"1";"7";"0";"2";"3";"1";"1";""
"202200054596";"716 882";"A01";"1";"10";"0";"9";"2";"1";"1";""
"202200054596";"716 886";"B01";"2";"1";"0";"2";"1";"1";"5";""
"202200054597";"716 875";"B01";"3";"7";"0";"2";"1";"1";"1";""
"202200054597";"716 879";"A01";"3";"2";"0";"2";"1";"1";"1";""
"202200054598";"716 874";"A01";"3";"7";"0";"1";"2";"16";"1";""
"202200054599";"716 872";"B01";"2";"7";"0";"2";"5";"1";"1";""
"202200054599";"716 881";"A01";"1";"7";"0";"2";"1";"9";"1";""
"202200054600";"716 868";"B01";"3";"7";"0";"2";"7";"19";"1";""
"202200054600";"716 878";"A01";"2";"7";"0";"2";"1";"1";"1";""
"202200054601";"716 866";"A01";"2";"7";"0";"2";"3";"15";"1";""
"202200054601";"716 871";"B01";"1";"33";"0";"2";"1";"1";"1";""
"202200054602";"716 864";"B01";"2";"14";"0";"2";"2";"12";"1";""
"202200054602";"716 865";"A01";"2";"7";"0";"2";"6";"1";"1";""
"202200054603";"716 863";"A01";"2";"2";"0";"2";"1";"13";"1";""
"202200054603";"716 867";"B01";"1";"7";"0";"2";"3";"1";"1";""
"202200054604";"716 861";"Z01";"1";"17";"0";"2";"0";"0";"0";""
"202200054604";"716 869";"A01";"1";"33";"0";"2";"7";"1";"1";""
"202200054605";"716 862";"A01";"2";"33";"0";"0";"0";"21";"1";""
"202200054605";"716 873";"B01";"1";"7";"0";"0";"0";"13";"0";""
"202200054606";"716 860";"A01";"3";"7";"1";"2";"8";"22";"1";""
"202200054606";"716 870";"B01";"3";"1";"0";"2";"1";"1";"5";""
"202200054607";"716 857";"A01";"3";"36";"2";"0";"9";"1";"1";""
"202200054608";"716 853";"A01";"1";"7";"0";"2";"2";"2";"1";""
"202200054608";"716 856";"B01";"1";"7";"0";"0";"8";"2";"1";""
"202200054609";"716 855";"B01";"1";"7";"0";"2";"3";"1";"1";""
"202200054609";"716 859";"A01";"2";"7";"0";"2";"3";"13";"1";""
"202200054610";"716 849";"B01";"3";"7";"0";"2";"4";"2";"1";""
"202200054610";"716 854";"A01";"3";"7";"0";"2";"1";"1";"2";""
"202200054611";"716 850";"A01";"2";"7";"7";"0";"0";"0";"1";""
"202200054612";"716 843";"A01";"1";"7";"0";"2";"1";"2";"1";""
"202200054612";"716 845";"B01";"1";"14";"0";"0";"4";"2";"1";""
"202200054613";"716 844";"A01";"3";"7";"0";"2";"3";"15";"2";""
"202200054613";"716 848";"B01";"3";"33";"0";"2";"2";"17";"0";""
"202200054614";"716 852";"A01";"2";"7";"0";"2";"4";"1";"1";""
"202200054614";"716 858";"B01";"2";"7";"0";"2";"1";"0";"1";""
"202200054615";"716 842";"B01";"2";"7";"0";"0";"3";"24";"1";""
"202200054615";"716 847";"A01";"2";"7";"1";"0";"2";"1";"1";""
"202200054616";"716 841";"B01";"2";"7";"0";"9";"1";"1";"1";""
"202200054616";"716 846";"A01";"1";"7";"0";"1";"1";"1";"1";""
"202200054617";"716 839";"A01";"1";"33";"0";"0";"0";"1";"1";""
"202200054618";"716 840";"A01";"1";"7";"0";"1";"1";"1";"1";""
"202200054619";"716 837";"A01";"1";"1";"0";"2";"7";"17";"5";""
"202200054619";"716 851";"B01";"1";"80";"0";"2";"8";"2";"3";""
"202200054620";"716 836";"A01";"3";"7";"0";"1";"7";"1";"1";""
"202200054621";"716 830";"A01";"1";"7";"14";"0";"1";"5";"1";""
"202200054622";"716 828";"A01";"1";"7";"0";"2";"4";"23";"1";""
"202200054622";"716 834";"B01";"1";"7";"0";"2";"1";"1";"1";""
"202200054623";"716 827";"A01";"1";"1";"0";"1";"1";"1";"5";""
"202200054624";"716 825";"C01";"1";"1";"0";"2";"1";"1";"5";""
"202200054624";"716 831";"B01";"2";"7";"0";"2";"3";"1";"1";""
"202200054624";"716 835";"A01";"1";"7";"0";"2";"8";"17";"1";""
"202200054625";"716 826";"A01";"1";"31";"0";"2";"7";"12";"1";""
"202200054626";"716 823";"A01";"2";"7";"0";"2";"1";"1";"1";""
"202200054626";"716 833";"B01";"2";"7";"0";"2";"4";"26";"1";""
"202200054627";"716 824";"A01";"1";"10";"0";"2";"1";"15";"1";""
"202200054627";"716 838";"B01";"2";"7";"0";"2";"1";"1";"1";""
"202200054628";"716 821";"A01";"0";"37";"0";"1";"2";"9";"1";"1"
"202200054629";"716 822";"B01";"3";"7";"0";"2";"1";"1";"1";""
"202200054629";"716 829";"A01";"3";"33";"0";"2";"1";"13";"1";""
"202200054630";"716 820";"B01";"2";"7";"0";"2";"1";"1";"1";""
"202200054630";"716 832";"A01";"1";"7";"0";"2";"3";"13";"1";""
"202200054631";"716 815";"A01";"3";"7";"0";"1";"3";"1";"1";""
"202200054632";"716 818";"A01";"1";"33";"0";"0";"1";"0";"1";""
"202200054633";"716 814";"B01";"3";"2";"0";"0";"3";"1";"1";""
"202200054633";"716 819";"A01";"3";"7";"0";"0";"3";"1";"1";""
"202200054634";"716 810";"A01";"1";"7";"3";"0";"2";"14";"1";""
"202200054635";"716 812";"A01";"3";"7";"15";"1";"1";"16";"1";""
"202200054636";"716 809";"A01";"1";"33";"0";"0";"0";"1";"1";""
"202200054637";"716 808";"B01";"1";"50";"0";"2";"1";"1";"3";""
"202200054637";"716 816";"A01";"2";"7";"0";"2";"2";"9";"1";""
"202200054638";"716 807";"A01";"3";"7";"0";"2";"1";"1";"1";""
"202200054638";"716 817";"B01";"3";"7";"0";"2";"3";"15";"1";""
"202200054639";"716 804";"A01";"1";"30";"0";"2";"1";"1";"1";""
"202200054639";"716 811";"B01";"1";"7";"0";"2";"6";"1";"1";""
"202200054640";"716 802";"B01";"1";"33";"0";"2";"3";"3";"1";""
"202200054640";"716 806";"A01";"1";"7";"0";"2";"7";"14";"0";""
"202200054641";"716 800";"A01";"3";"7";"0";"1";"3";"1";"1";""
"202200054642";"716 801";"A01";"0";"50";"0";"0";"0";"0";"3";""
"202200054643";"716 798";"A01";"2";"10";"0";"1";"8";"15";"1";""
"202200054644";"716 799";"A01";"1";"7";"13";"0";"2";"1";"1";""
"202200054645";"716 796";"A01";"3";"1";"0";"1";"1";"2";"5";""
"202200054646";"716 791";"B01";"3";"80";"0";"2";"7";"1";"3";""
"202200054646";"716 797";"A01";"1";"10";"0";"2";"3";"9";"1";""
"202200054647";"716 790";"A01";"1";"3";"0";"1";"9";"1";"1";""
"202200054648";"716 788";"B01";"2";"33";"0";"2";"8";"3";"1";""
"202200054648";"716 792";"A01";"2";"7";"0";"2";"5";"1";"1";""