"Num_Acc";"id_vehicule";"num_veh";"senc";"catv";"obs";"obsm";"choc";"manv";"motor";"occutc"
"202200054854";"716 389";"A01";"2";"13";"0";"2";"7";"12";"1";""
"202200054854";"716 394";"B01";"2";"7";"0";"2";"8";"1";"1";""
"202200054855";"716 387";"B01";"1";"7";"0";"2";"2";"1";"1";""
"202200054855";"716 395";"A01";"1";"31";"0";"2";"6";"23";"1";""
"202200054856";"716 391";"A01";"2";"7";"0";"2";"5";"22";"1";""
"202200054856";"716 399";"B01";"2";"1";"0";"2";"1";"1";"5";""
"202200054857";"716 382";"B01";"1";"7";"5";"2";"7";"1";"1";""
"202200054857";"716 392";"A01";"1";"7";"4";"2";"3";"1";"1";""
"202200054858";"716 385";"A01";"3";"7";"9";"0";"1";"13";"1";""
"202200054859";"716 381";"B01";"0";"37";"0";"2";"7";"13";"1";"1"
"202200054859";"716 386";"A01";"0";"50";"0";"2";"8";"18";"3";""
"202200054860";"716 380";"B01";"1";"7";"0";"2";"4";"1";"1";""
"202200054860";"716 383";"A01";"1";"33";"0";"2";"1";"1";"1";""
"202200054861";"716 378";"Z01";"2";"7";"0";"2";"0";"12";"1";""
"202200054861";"716 384";"A01";"2";"33";"0";"2";"3";"3";"1";""
"202200054862";"716 376";"A01";"0";"7";"2";"0";"2";"13";"1";""
"202200054863";"716 377";"A01";"1";"7";"8";"0";"1";"1";"1";""
"202200054864";"716 374";"A01";"3";"7";"0";"1";"4";"4";"1";""
"202200054865";"716 373";"A01";"2";"7";"0";"2";"1";"2";"1";""
"202200054865";"716 379";"B01";"2";"7";"0";"2";"5";"0";"1";""
"202200054866";"716 369";"A01";"2";"33";"1";"0";"1";"1";"1";""
"202200054867";"716 372";"B01";"1";"7";"0";"2";"7";"16";"2";""
"202200054867";"716 375";"A01";"1";"33";"0";"2";"1";"18";"1";""
"202200054868";"716 360";"B01";"1";"7";"3";"2";"4";"1";"1";""
"202200054868";"716 366";"A01";"0";"1";"3";"2";"1";"2";"5";""
"202200054869";"716 361";"B01";"2";"50";"0";"2";"1";"1";"3";""
"202200054869";"716 371";"A01";"2";"7";"0";"2";"2";"15";"1";""
"202200054870";"716 362";"A01";"1";"7";"0";"2";"1";"2";"3";""
"202200054870";"716 368";"B01";"1";"7";"0";"2";"4";"2";"1";""
"202200054870";"716 370";"C01";"1";"10";"0";"2";"4";"2";"1";""
"202200054871";"716 358";"A01";"1";"33";"0";"2";"1";"26";"1";""
"202200054871";"716 367";"B01";"1";"7";"0";"2";"4";"9";"1";""
"202200054872";"716 357";"B01";"2";"7";"0";"2";"3";"1";"1";""
"202200054872";"716 364";"A01";"2";"7";"0";"2";"2";"1";"1";""
"202200054873";"716 354";"C01";"2";"7";"0";"0";"4";"2";"1";""
"202200054873";"716 359";"B01";"2";"7";"0";"0";"4";"2";"1";""
"202200054873";"716 365";"A01";"2";"7";"0";"2";"1";"2";"1";""
"202200054874";"716 353";"Z01";"0";"7";"0";"1";"1";"1";"0";""
"202200054875";"716 352";"A01";"1";"7";"0";"2";"6";"20";"1";""
"202200054875";"716 363";"B01";"1";"7";"0";"2";"2";"2";"2";""
"202200054876";"716 351";"A01";"3";"7";"3";"0";"0";"1";"1";""
"202200054877";"716 348";"A01";"1";"7";"0";"2";"3";"1";"1";""
"202200054877";"716 355";"B01";"1";"50";"0";"2";"1";"1";"3";""
"202200054878";"716 347";"A01";"1";"7";"0";"2";"3";"1";"1";""
"202200054878";"716 356";"B01";"2";"7";"15";"2";"8";"9";"1";""
"202200054879";"716 345";"A01";"1";"32";"0";"2";"1";"2";"1";""
"202200054879";"716 349";"B01";"1";"10";"0";"2";"5";"23";"1";""
"202200054880";"716 342";"A01";"2";"7";"0";"2";"1";"26";"1";""
"202200054880";"716 350";"B01";"2";"10";"0";"2";"4";"2";"1";""
"202200054881";"716 340";"A01";"3";"7";"0";"1";"2";"1";"2";""
"202200054882";"716 337";"B01";"2";"10";"0";"2";"5";"1";"1";""
"202200054882";"716 343";"A01";"2";"33";"0";"2";"1";"3";"1";""
"202200054883";"716 336";"A01";"3";"7";"0";"2";"2";"15";"1";""
"202200054883";"716 346";"B01";"3";"33";"0";"2";"1";"21";"1";""
"202200054884";"716 339";"A01";"3";"7";"0";"1";"6";"19";"1";""
"202200054885";"716 335";"A01";"2";"1";"15";"0";"0";"5";"5";""
"202200054886";"716 338";"B01";"3";"30";"0";"2";"5";"1";"1";""
"202200054886";"716 344";"A01";"3";"32";"0";"2";"5";"15";"1";""
"202200054887";"716 334";"A01";"1";"7";"0";"1";"1";"15";"1";""
"202200054888";"716 330";"A01";"1";"7";"0";"2";"6";"11";"1";""
"202200054888";"716 341";"B01";"1";"33";"0";"2";"2";"1";"1";""
"202200054889";"716 327";"A01";"2";"7";"0";"1";"2";"1";"1";""
"202200054890";"716 324";"A01";"1";"31";"0";"0";"7";"16";"1";""
"202200054891";"716 323";"B01";"1";"33";"0";"2";"4";"1";"1";""
"202200054891";"716 329";"A01";"1";"7";"0";"2";"1";"11";"1";""
"202200054892";"716 325";"B01";"1";"13";"0";"2";"1";"16";"1";""
"202200054892";"716 333";"A01";"2";"7";"1";"2";"2";"1";"1";""
"202200054893";"716 321";"A01";"3";"10";"0";"9";"5";"16";"1";""
"202200054893";"716 331";"B01";"1";"1";"0";"2";"1";"9";"5";""
"202200054894";"716 322";"A01";"2";"7";"4";"2";"9";"17";"1";""
"202200054895";"716 320";"B01";"3";"7";"0";"2";"4";"1";"2";""
"202200054895";"716 328";"A01";"3";"7";"0";"2";"1";"1";"1";""
"202200054896";"716 319";"C01";"2";"7";"0";"2";"4";"2";"1";""
"202200054896";"716 326";"B01";"2";"7";"1";"2";"4";"2";"2";""
"202200054896";"716 332";"A01";"2";"7";"0";"2";"1";"2";"1";""
"202200054897";"716 317";"A01";"2";"80";"0";"1";"8";"5";"3";""
"202200054898";"716 316";"A01";"2";"33";"0";"0";"1";"1";"1";""
"202200054899";"716 311";"A01";"1";"7";"0";"1";"5";"26";"1";""
"202200054900";"716 305";"B01";"2";"7";"0";"2";"4";"23";"1";""
"202200054900";"716 312";"A01";"2";"7";"0";"2";"1";"1";"1";""
"202200054901";"716 304";"A01";"2";"34";"0";"2";"1";"1";"1";""
"202200054901";"716 313";"B01";"1";"2";"0";"0";"4";"1";"1";""
"202200054902";"716 308";"A01";"2";"7";"0";"2";"2";"12";"1";""
"202200054902";"716 315";"B01";"2";"10";"0";"2";"3";"1";"1";""
"202200054903";"716 303";"A01";"3";"37";"0";"2";"3";"1";"4";"1"
"202200054903";"716 310";"B01";"3";"1";"0";"2";"1";"16";"5";""
"202200054904";"716 307";"A01";"1";"7";"0";"2";"2";"10";"1";""
"202200054904";"716 314";"B01";"2";"32";"0";"2";"1";"1";"1";""
"202200054905";"716 306";"B01";"1";"7";"0";"2";"4";"23";"1";""
"202200054905";"716 318";"A01";"1";"7";"0";"2";"1";"2";"1";""
"202200054906";"716 302";"A01";"2";"7";"13";"0";"0";"1";"1";""
"202200054907";"716 301";"B01";"2";"7";"0";"2";"2";"1";"1";""
"202200054907";"716 309";"A01";"2";"7";"0";"2";"3";"9";"1";""
"202200054908";"716 297";"A01";"2";"7";"0";"0";"1";"14";"1";""
"202200054909";"716 293";"B01";"3";"7";"0";"2";"1";"0";"1";""
"202200054909";"716 300";"A01";"3";"7";"0";"2";"4";"26";"1";""
"202200054910";"716 295";"A01";"2";"1";"0";"2";"1";"5";"5";""
"202200054910";"716 299";"B01";"2";"7";"0";"2";"3";"15";"1";""
"202200054911";"716 286";"B01";"3";"10";"0";"2";"5";"16";"1";""
"202200054911";"716 292";"A01";"3";"30";"0";"2";"1";"1";"1";""
"202200054912";"716 288";"B01";"3";"7";"0";"2";"1";"1";"1";""
"202200054912";"716 298";"A01";"3";"7";"0";"2";"1";"1";"1";""
"202200054913";"716 285";"A01";"3";"7";"0";"2";"1";"1";"1";""
"202200054913";"716 290";"B01";"3";"7";"0";"2";"9";"1";"1";""
"202200054913";"716 296";"C01";"3";"7";"0";"2";"4";"0";"1";""
"202200054914";"716 283";"A01";"2";"7";"0";"2";"3";"2";"1";""
"202200054914";"716 294";"B01";"2";"31";"0";"2";"4";"23";"1";""
"202200054915";"716 284";"A01";"1";"7";"0";"2";"1";"5";"1";""
"202200054915";"716 291";"B01";"1";"7";"0";"2";"1";"1";"1";""
"202200054916";"716 280";"A01";"2";"7";"2";"0";"1";"14";"1";""
"202200054917";"716 282";"A01";"2";"7";"0";"2";"1";"13";"1";""
"202200054917";"716 289";"B01";"1";"7";"0";"2";"3";"1";"2";""
"202200054918";"716 281";"A01";"2";"7";"4";"0";"8";"1";"1";""
"202200054919";"716 278";"A01";"1";"7";"0";"2";"4";"23";"1";""
"202200054919";"716 287";"B01";"1";"7";"0";"2";"1";"1";"1";""
"202200054920";"716 275";"B01";"1";"7";"0";"1";"2";"1";"1";""
"202200054921";"716 274";"A01";"3";"2";"8";"0";"1";"0";"1";""
"202200054922";"716 269";"A01";"1";"14";"0";"1";"3";"1";"1";""
"202200054923";"716 270";"A01";"1";"7";"0";"1";"3";"13";"1";""
"202200054924";"716 267";"A01";"3";"21";"0";"2";"2";"17";"1";""
"202200054924";"716 273";"B01";"3";"30";"0";"2";"1";"21";"1";""
"202200054925";"716 265";"B01";"2";"1";"0";"2";"7";"1";"5";""
"202200054925";"716 277";"A01";"2";"10";"0";"2";"2";"19";"1";""
"202200054926";"716 266";"B01";"1";"33";"0";"2";"2";"1";"0";""
"202200054926";"716 272";"A01";"1";"7";"0";"2";"2";"19";"0";""
"202200054927";"716 268";"A01";"1";"7";"0";"2";"3";"17";"1";""
"202200054927";"716 276";"B01";"1";"7";"0";"2";"8";"15";"1";""
"202200054928";"716 262";"C01";"2";"7";"0";"2";"4";"1";"1";""
"202200054928";"716 264";"B01";"2";"7";"0";"2";"8";"13";"1";""
"202200054928";"716 271";"A01";"2";"33";"4";"2";"1";"3";"1";""
"202200054929";"716 260";"Z01";"3";"2";"0";"1";"1";"19";"1";""
"202200054930";"716 256";"A01";"2";"10";"0";"1";"4";"4";"1";""
"202200054931";"716 257";"A01";"1";"7";"0";"2";"8";"1";"1";""
"202200054931";"716 263";"B01";"1";"50";"0";"2";"1";"19";"3";""
"202200054932";"716 255";"A01";"2";"7";"0";"1";"2";"2";"0";""
"202200054933";"716 253";"A01";"1";"7";"0";"1";"3";"15";"1";""
"202200054934";"716 252";"A01";"2";"60";"0";"2";"1";"1";"3";""
"202200054934";"716 261";"B01";"1";"7";"0";"2";"3";"1";"1";""
"202200054935";"716 250";"Z01";"1";"7";"0";"2";"0";"0";"0";""
"202200054935";"716 254";"A01";"1";"1";"0";"2";"0";"1";"5";""
"202200054936";"716 251";"B01";"1";"10";"0";"2";"0";"1";"1";""
"202200054936";"716 259";"A01";"1";"80";"0";"2";"7";"5";"3";""
"202200054937";"716 247";"A01";"1";"31";"0";"9";"8";"9";"1";""
"202200054938";"716 246";"A01";"2";"7";"0";"1";"1";"16";"1";""
"202200054939";"716 245";"B01";"1";"7";"3";"2";"1";"1";"1";""
"202200054939";"716 249";"A01";"1";"7";"0";"2";"1";"17";"1";""
"202200054940";"716 243";"A01";"1";"7";"0";"2";"3";"13";"1";""
"202200054940";"716 248";"B01";"2";"7";"0";"2";"1";"1";"3";""
"202200054941";"716 239";"A01";"2";"7";"0";"1";"1";"1";"1";""
"202200054942";"716 240";"A01";"1";"7";"0";"1";"5";"1";"1";""
"202200054943";"716 236";"B01";"1";"7";"0";"2";"1";"1";"1";""
"202200054943";"716 241";"A01";"1";"7";"0";"2";"1";"5";"1";""
"202200054944";"716 237";"B01";"1";"33";"0";"2";"1";"1";"1";""
"202200054944";"716 244";"A01";"2";"7";"0";"2";"3";"15";"1";""
"202200054945";"716 234";"A01";"1";"7";"0";"2";"1";"15";"1";""
"202200054945";"716 242";"B01";"1";"50";"0";"2";"0";"1";"3";""
"202200054946";"716 233";"B01";"1";"32";"0";"2";"7";"1";"1";""
"202200054946";"716 238";"A01";"1";"2";"0";"2";"3";"15";"1";""
"202200054947";"716 231";"A01";"2";"31";"0";"0";"9";"0";"1";""
"202200054948";"716 230";"A01";"1";"7";"0";"1";"1";"1";"1";""
"202200054949";"716 228";"B01";"3";"7";"0";"2";"7";"1";"1";""
"202200054949";"716 235";"A01";"3";"7";"0";"2";"1";"15";"1";""
"202200054950";"716 222";"A01";"2";"7";"0";"2";"0";"15";"1";""
"202200054950";"716 227";"B01";"2";"2";"0";"2";"1";"1";"1";""
"202200054951";"716 225";"A01";"2";"33";"0";"2";"1";"17";"1";""
"202200054951";"716 229";"B01";"2";"7";"0";"2";"8";"15";"1";""
"202200054952";"716 221";"B01";"2";"2";"0";"2";"1";"17";"1";""
"202200054952";"716 224";"Z01";"1";"7";"0";"2";"3";"19";"1";""
"202200054953";"716 217";"B01";"1";"80";"0";"2";"7";"1";"3";""
"202200054953";"716 226";"A01";"1";"7";"0";"2";"3";"1";"1";""
"202200054954";"716 219";"B01";"1";"0";"0";"2";"0";"14";"1";""
"202200054954";"716 223";"A01";"1";"31";"0";"2";"8";"14";"1";""
"202200054955";"716 216";"A01";"1";"30";"0";"2";"4";"2";"1";""
"202200054955";"716 220";"B01";"1";"7";"0";"2";"1";"0";"1";""
"202200054956";"716 215";"A01";"2";"7";"6";"0";"1";"13";"1";""
"202200054957";"716 213";"A01";"1";"7";"0";"1";"1";"1";"1";""
"202200054958";"716 214";"A01";"2";"7";"0";"2";"3";"26";"1";""
"202200054958";"716 218";"B01";"1";"7";"0";"2";"2";"1";"1";""
"202200054959";"716 212";"A01";"2";"7";"2";"0";"8";"13";"1";""
"202200054960";"716 211";"A01";"3";"34";"0";"1";"1";"26";"1";""
"202200054961";"716 207";"B01";"3";"33";"0";"2";"4";"2";"1";""
"202200054961";"716 210";"A01";"3";"7";"0";"2";"1";"2";"2";""
"202200054962";"716 203";"A01";"1";"33";"0";"0";"7";"1";"1";""
"202200054963";"716 202";"A01";"1";"7";"0";"2";"1";"19";"1";""
"202200054963";"716 209";"B01";"1";"1";"0";"2";"3";"1";"5";""
"202200054964";"716 201";"A01";"0";"7";"0";"1";"2";"1";"1";""
"202200054965";"716 200";"A01";"1";"7";"0";"2";"1";"15";"1";""
"202200054965";"716 206";"B01";"2";"30";"0";"2";"3";"1";"1";""
"202200054966";"716 196";"A01";"1";"7";"12";"0";"1";"14";"1";""
"202200054967";"716 191";"A01";"1";"32";"0";"0";"1";"1";"1";""
"202200054968";"716 192";"D01";"1";"7";"0";"2";"1";"0";"1";""
"202200054968";"716 197";"C01";"1";"7";"0";"2";"3";"0";"1";""
"202200054968";"716 205";"B01";"1";"7";"0";"2";"1";"2";"1";""
"202200054968";"716 208";"A01";"1";"7";"0";"2";"3";"13";"1";""
"202200054969";"716 195";"A01";"2";"10";"0";"2";"1";"2";"1";""
"202200054969";"716 199";"B01";"2";"7";"0";"2";"4";"20";"2";""
"202200054970";"716 194";"A01";"0";"10";"0";"2";"7";"16";"1";""
"202200054970";"716 198";"B01";"0";"1";"0";"2";"1";"15";"5";""
"202200054971";"716 193";"Z01";"2";"2";"0";"2";"1";"19";"1";""
"202200054971";"716 204";"B01";"2";"2";"0";"2";"4";"15";"1";""
"202200054972";"716 186";"B01";"2";"1";"0";"2";"4";"1";"5";""
"202200054972";"716 188";"A01";"2";"7";"0";"2";"1";"2";"1";""
"202200054973";"716 189";"A01";"0";"10";"0";"1";"2";"1";"1";""
"202200054974";"716 187";"A01";"2";"10";"13";"0";"9";"13";"1";""
"202200054975";"716 184";"A01";"3";"7";"0";"1";"1";"1";"1";""
"202200054976";"716 181";"A01";"2";"7";"0";"2";"1";"9";"0";""
"202200054976";"716 190";"B01";"1";"33";"0";"2";"2";"1";"1";""
"202200054977";"716 182";"A01";"3";"7";"0";"9";"1";"9";"1";""
"202200054977";"716 185";"B01";"3";"50";"0";"2";"1";"1";"3";""
"202200054978";"716 178";"A01";"1";"7";"0";"2";"7";"10";"1";""
"202200054978";"716 183";"B01";"2";"7";"0";"2";"1";"2";"1";""
"202200054979";"716 175";"A01";"3";"30";"0";"1";"1";"25";"1";""
"202200054980";"716 174";"B01";"3";"32";"0";"2";"3";"1";"1";""
"202200054980";"716 180";"A01";"3";"7";"0";"2";"5";"12";"1";""
"202200054981";"716 173";"A01";"3";"2";"0";"0";"0";"1";"1";""
"202200054982";"716 171";"A01";"1";"2";"0";"2";"7";"7";"1";""
"202200054982";"716 177";"B01";"1";"7";"0";"2";"3";"15";"1";""
"202200054983";"716 170";"A01";"3";"7";"0";"2";"8";"10";"1";""
"202200054983";"716 176";"B01";"3";"2";"0";"2";"2";"1";"1";""
"202200054984";"716 172";"A01";"1";"50";"0";"0";"0";"21";"3";""
"202200054985";"716 167";"A01";"2";"7";"0";"2";"2";"17";"1";""
"202200054985";"716 169";"B01";"2";"1";"0";"2";"8";"26";"5";""
"202200054986";"716 168";"A01";"3";"7";"3";"0";"1";"13";"1";""
"202200054987";"716 164";"A01";"1";"7";"0";"1";"2";"17";"2";""
"202200054988";"716 162";"A01";"1";"30";"0";"2";"1";"0";"0";""
"202200054988";"716 166";"B01";"1";"7";"0";"2";"3";"0";"0";""
"202200054989";"716 159";"B01";"3";"2";"0";"2";"1";"26";"1";""
"202200054989";"716 163";"A01";"3";"7";"0";"2";"2";"10";"1";""
"202200054990";"716 156";"A01";"2";"7";"0";"2";"1";"2";"1";""
"202200054990";"716 161";"B01";"2";"7";"0";"2";"1";"2";"1";""
"202200054991";"716 160";"A01";"1";"33";"13";"0";"3";"1";"1";""
"202200054992";"716 155";"A01";"1";"7";"0";"1";"2";"16";"1";""
"202200054993";"716 157";"B01";"1";"7";"4";"2";"6";"1";"1";""
"202200054993";"716 165";"A01";"1";"7";"0";"2";"2";"26";"1";""
"202200054994";"716 154";"A01";"3";"2";"14";"0";"0";"15";"1";""
"202200054995";"716 152";"B01";"2";"1";"0";"2";"1";"1";"5";""
"202200054995";"716 158";"A01";"2";"10";"0";"2";"3";"24";"1";""
"202200054996";"716 147";"A01";"0";"7";"0";"2";"2";"26";"1";""
"202200054996";"716 150";"B01";"0";"2";"0";"2";"1";"1";"1";""
"202200054997";"716 149";"A01";"1";"7";"0";"0";"1";"9";"1";""
"202200054997";"716 153";"B01";"1";"10";"0";"0";"4";"2";"1";""
"202200054998";"716 146";"A01";"1";"7";"15";"0";"1";"14";"1";""
"202200054999";"716 145";"A01";"2";"30";"0";"2";"8";"1";"1";""
"202200054999";"716 151";"B01";"3";"7";"0";"2";"1";"1";"0";""
"202200055000";"716 139";"A01";"1";"7";"0";"2";"1";"1";"1";""
"202200055000";"716 144";"B01";"1";"37";"0";"2";"4";"23";"1";"1"
"202200055001";"716 138";"A01";"1";"7";"0";"2";"4";"1";"1";""
"202200055001";"716 140";"B01";"2";"7";"0";"9";"3";"1";"1";""
"202200055001";"716 143";"C01";"2";"7";"0";"2";"1";"2";"1";""
"202200055002";"716 136";"A01";"0";"10";"0";"0";"0";"1";"1";""
"202200055003";"716 133";"B01";"2";"2";"0";"2";"2";"2";"1";""
"202200055003";"716 137";"A01";"2";"10";"0";"2";"8";"2";"1";""
"202200055004";"716 129";"C01";"1";"10";"0";"2";"6";"23";"0";""
"202200055004";"716 135";"B01";"1";"10";"0";"2";"5";"23";"0";""
"202200055004";"716 141";"A01";"1";"10";"0";"2";"1";"2";"0";""
"202200055004";"716 148";"D01";"1";"10";"0";"2";"2";"2";"0";""
"202200055005";"716 128";"B01";"1";"2";"0";"2";"0";"1";"1";""
"202200055005";"716 134";"A01";"1";"7";"0";"9";"3";"26";"1";""
"202200055006";"716 126";"B01";"1";"50";"0";"2";"8";"19";"3";""
"202200055006";"716 132";"A01";"2";"7";"0";"2";"1";"9";"1";""
"202200055007";"716 127";"A01";"1";"7";"0";"2";"0";"0";"1";""
"202200055007";"716 130";"B01";"2";"2";"0";"2";"0";"0";"0";""
"202200055008";"716 124";"A01";"2";"7";"8";"0";"1";"19";"1";""
"202200055009";"716 122";"B01";"2";"7";"0";"2";"1";"1";"1";""
"202200055009";"716 125";"A01";"1";"7";"0";"2";"7";"15";"1";""
"202200055010";"716 117";"A01";"2";"7";"0";"2";"8";"15";"1";""
"202200055010";"716 123";"B01";"1";"2";"0";"2";"1";"1";"1";""
"202200055011";"716 119";"A01";"1";"33";"0";"2";"4";"1";"1";""
"202200055011";"716 121";"B01";"1";"7";"0";"9";"4";"16";"1";""
"202200055012";"716 115";"A01";"3";"7";"0";"2";"2";"15";"1";""
"202200055012";"716 120";"B01";"3";"7";"0";"2";"1";"1";"1";""
"202200055013";"716 113";"A01";"1";"7";"0";"0";"3";"19";"1";""
"202200055014";"716 114";"A01";"2";"30";"0";"1";"1";"17";"1";""
"202200055015";"716 111";"A01";"1";"7";"0";"2";"2";"15";"1";""
"202200055015";"716 118";"B01";"1";"7";"0";"2";"1";"1";"1";""
"202200055016";"716 110";"A01";"2";"7";"0";"2";"7";"11";"1";""
"202200055016";"716 116";"B01";"2";"7";"0";"2";"8";"2";"1";""
"202200055017";"716 107";"A01";"1";"7";"0";"1";"1";"1";"1";""
"202200055018";"716 105";"B01";"1";"2";"0";"2";"4";"1";"1";""
"202200055018";"716 108";"A01";"1";"7";"0";"2";"0";"16";"1";""
"202200055019";"716 100";"A01";"1";"7";"4";"0";"1";"13";"1";""
"202200055020";"716 099";"A01";"2";"30";"6";"0";"1";"26";"1";""
"202200055021";"716 098";"A01";"1";"7";"0";"1";"1";"1";"1";""
"202200055022";"716 096";"A01";"2";"30";"16";"0";"1";"1";"1";""
"202200055023";"716 097";"A01";"2";"7";"0";"2";"2";"15";"1";""
"202200055023";"716 103";"B01";"1";"7";"0";"2";"1";"1";"1";""
"202200055024";"716 095";"B01";"1";"7";"0";"2";"5";"15";"1";""
"202200055024";"716 101";"A01";"1";"33";"0";"2";"1";"2";"1";""
"202200055025";"716 094";"B01";"2";"2";"1";"2";"2";"3";"1";""
"202200055025";"716 104";"A01";"2";"10";"0";"2";"3";"15";"1";""
"202200055026";"716 092";"A01";"1";"7";"9";"0";"1";"13";"1";""
"202200055027";"716 090";"A01";"3";"7";"2";"0";"1";"17";"1";""
"202200055028";"716 089";"A01";"3";"7";"0";"1";"1";"1";"1";""
"202200055029";"716 088";"A01";"2";"50";"12";"0";"1";"14";"3";""
"202200055030";"716 083";"A01";"3";"10";"0";"2";"2";"15";"1";""
"202200055030";"716 086";"B01";"3";"33";"0";"2";"1";"1";"1";""
"202200055031";"716 085";"A01";"1";"7";"0";"2";"2";"1";"1";""
"202200055031";"716 091";"B01";"1";"7";"0";"2";"3";"16";"1";""
"202200055032";"716 084";"A01";"2";"14";"0";"1";"2";"1";"1";""
"202200055033";"716 080";"A01";"1";"7";"0";"1";"1";"1";"1";""
"202200055034";"716 079";"C01";"0";"7";"0";"2";"3";"2";"1";""
"202200055034";"716 082";"B01";"0";"7";"0";"2";"3";"1";"1";""
"202200055034";"716 087";"A01";"0";"7";"0";"2";"3";"15";"1";""
"202200055035";"716 077";"A01";"3";"50";"17";"0";"1";"1";"3";""
"202200055036";"716 074";"B01";"0";"7";"0";"9";"0";"1";"1";""
"202200055036";"716 078";"A01";"2";"33";"11";"2";"0";"1";"1";""
"202200055037";"716 073";"A01";"1";"33";"0";"2";"1";"1";"1";""
"202200055037";"716 076";"B01";"1";"7";"0";"2";"2";"9";"1";""
"202200055038";"716 071";"C01";"1";"7";"0";"2";"1";"1";"1";""
"202200055038";"716 075";"B01";"1";"1";"0";"2";"1";"13";"5";""
"202200055038";"716 081";"A01";"2";"7";"0";"2";"3";"1";"1";""
"202200055039";"716 070";"A01";"1";"7";"1";"0";"7";"26";"1";""
"202200055040";"716 066";"A01";"1";"7";"0";"2";"3";"15";"1";""
"202200055040";"716 072";"B01";"3";"33";"0";"2";"8";"19";"1";""
"202200055041";"716 067";"B01";"3";"50";"0";"1";"8";"25";"3";""
"202200055042";"716 065";"A01";"0";"34";"0";"9";"1";"1";"1";""
"202200055042";"716 068";"B01";"1";"50";"0";"0";"3";"11";"3";""
"202200055043";"716 064";"B01";"3";"50";"0";"2";"0";"26";"3";""
"202200055043";"716 069";"A01";"3";"7";"0";"9";"1";"9";"3";""
"202200055044";"716 063";"A01";"1";"7";"17";"0";"1";"1";"1";""
"202200055045";"716 059";"Z01";"1";"7";"0";"1";"1";"1";"0";""
"202200055046";"716 060";"B01";"3";"7";"0";"2";"4";"1";"3";""
"202200055046";"716 062";"A01";"3";"33";"0";"2";"1";"1";"1";""
"202200055047";"716 057";"A01";"1";"99";"15";"0";"1";"25";"3";""
"202200055048";"716 055";"B01";"3";"50";"16";"0";"5";"19";"3";""
"202200055048";"716 058";"A01";"3";"99";"16";"0";"2";"15";"1";""
"202200055049";"716 054";"A01";"2";"7";"0";"1";"2";"1";"1";""
"202200055050";"716 053";"B01";"2";"7";"0";"2";"1";"1";"2";""
"202200055050";"716 061";"A01";"1";"7";"0";"2";"3";"1";"1";""
"202200055051";"716 052";"A01";"2";"31";"0";"6";"1";"0";"1";""
"202200055052";"716 049";"A01";"3";"13";"0";"2";"2";"9";"1";""
"202200055052";"716 056";"B01";"2";"2";"0";"2";"3";"1";"1";""
"202200055053";"716 051";"A01";"1";"7";"0";"1";"1";"26";"1";""
"202200055054";"716 045";"A01";"1";"7";"0";"2";"1";"1";"1";""
"202200055054";"716 050";"B01";"1";"10";"0";"2";"8";"15";"1";""
"202200055055";"716 042";"B01";"1";"7";"0";"2";"6";"4";"1";""
"202200055055";"716 047";"A01";"1";"30";"0";"2";"1";"1";"3";""
"202200055056";"716 044";"A01";"2";"7";"0";"2";"2";"2";"1";""
"202200055056";"716 048";"B01";"2";"2";"0";"2";"4";"2";"1";""
"202200055057";"716 040";"B01";"2";"10";"0";"2";"4";"2";"0";""
"202200055057";"716 046";"A01";"2";"32";"0";"2";"1";"2";"1";""
"202200055058";"716 043";"A01";"2";"7";"0";"1";"3";"1";"2";""
"202200055059";"716 037";"A01";"2";"7";"13";"0";"1";"0";"1";""
"202200055060";"716 036";"A01";"2";"33";"0";"2";"4";"17";"1";""
"202200055060";"716 041";"B01";"2";"7";"0";"2";"2";"1";"1";""
"202200055061";"716 034";"A01";"3";"1";"0";"0";"1";"1";"5";""
"202200055062";"716 033";"B01";"2";"2";"0";"2";"8";"1";"1";""
"202200055062";"716 039";"A01";"1";"7";"0";"9";"7";"15";"1";""
"202200055063";"716 032";"B01";"3";"7";"0";"2";"1";"1";"1";""
"202200055063";"716 038";"A01";"3";"7";"0";"2";"1";"5";"1";""
"202200055064";"716 029";"B01";"1";"7";"0";"2";"1";"1";"2";""
"202200055064";"716 035";"A01";"2";"7";"0";"2";"1";"11";"1";""
"202200055065";"716 030";"A01";"1";"43";"0";"0";"0";"1";"1";""
"202200055066";"716 026";"B01";"2";"10";"0";"2";"6";"1";"1";""
"202200055066";"716 031";"A01";"2";"33";"0";"2";"1";"1";"1";""
"202200055067";"716 023";"B01";"1";"7";"0";"0";"0";"0";"1";""
"202200055067";"716 028";"A01";"1";"7";"0";"2";"3";"26";"1";""
"202200055068";"716 018";"A01";"3";"7";"12";"2";"7";"1";"1";""
"202200055068";"716 025";"B01";"3";"7";"0";"2";"2";"1";"1";""
"202200055069";"716 020";"B01";"1";"37";"0";"2";"3";"2";"1";"1"
"202200055069";"716 024";"A01";"2";"7";"0";"2";"3";"2";"1";""
"202200055070";"716 015";"A01";"1";"30";"11";"0";"7";"13";"3";""
"202200055071";"716 017";"A01";"1";"7";"0";"2";"3";"15";"1";""
"202200055071";"716 021";"B01";"1";"33";"0";"2";"1";"2";"1";""
"202200055072";"716 016";"A01";"1";"7";"1";"0";"1";"14";"2";""
"202200055073";"716 013";"A01";"2";"7";"0";"2";"3";"13";"1";""