"Num_Acc";"id_vehicule";"num_veh";"senc";"catv";"obs";"obsm";"choc";"manv";"motor";"occutc"
"202200055073";"716 019";"B01";"1";"21";"0";"2";"6";"1";"1";""
"202200055074";"716 009";"A01";"0";"30";"0";"0";"0";"0";"1";""
"202200055075";"716 007";"A01";"2";"7";"0";"2";"3";"9";"1";""
"202200055075";"716 012";"B01";"2";"33";"1";"2";"2";"13";"1";""
"202200055076";"716 011";"A01";"1";"32";"0";"2";"1";"1";"1";""
"202200055076";"716 014";"B01";"3";"1";"0";"2";"8";"19";"5";""
"202200055077";"716 006";"A01";"3";"34";"0";"2";"3";"1";"1";""
"202200055077";"716 010";"B01";"3";"7";"0";"2";"7";"16";"1";""
"202200055078";"716 004";"A01";"1";"50";"0";"2";"1";"26";"3";""
"202200055078";"716 008";"B01";"1";"7";"0";"2";"3";"26";"1";""
"202200055079";"716 005";"A01";"2";"7";"0";"1";"1";"1";"2";""
"202200055080";"716 001";"B01";"3";"31";"0";"2";"1";"1";"1";""
"202200055080";"716 003";"A01";"3";"7";"0";"2";"3";"10";"1";""
"202200055081";"715 998";"A01";"0";"7";"0";"1";"4";"20";"1";""
"202200055082";"715 996";"B01";"2";"7";"0";"2";"1";"1";"1";""
"202200055082";"716 002";"A01";"1";"7";"0";"2";"1";"1";"1";""
"202200055083";"715 995";"A01";"1";"33";"0";"0";"1";"26";"1";""
"202200055084";"715 993";"A01";"1";"7";"0";"2";"6";"2";"1";""
"202200055084";"716 000";"Z01";"1";"10";"0";"2";"2";"14";"1";""
"202200055085";"715 991";"B01";"2";"1";"0";"2";"1";"1";"5";""
"202200055085";"715 994";"A01";"1";"10";"0";"2";"1";"15";"1";""
"202200055086";"715 997";"A01";"1";"10";"1";"2";"2";"14";"1";""
"202200055087";"715 999";"A01";"1";"7";"0";"1";"4";"4";"1";""
"202200055088";"715 990";"A01";"3";"10";"0";"2";"1";"19";"1";""
"202200055088";"715 992";"B01";"3";"7";"0";"2";"8";"6";"1";""
"202200055089";"715 985";"A01";"1";"30";"0";"0";"8";"21";"1";""
"202200055090";"715 984";"A01";"0";"7";"0";"2";"1";"1";"1";""
"202200055090";"715 988";"B01";"0";"33";"0";"2";"1";"1";"1";""
"202200055091";"715 983";"A01";"1";"7";"0";"9";"3";"15";"2";""
"202200055091";"715 987";"B01";"2";"1";"0";"2";"1";"1";"5";""
"202200055092";"715 979";"A01";"1";"7";"1";"0";"1";"1";"1";""
"202200055093";"715 978";"A01";"2";"50";"0";"0";"1";"1";"3";""
"202200055094";"715 981";"B01";"1";"7";"0";"2";"8";"1";"1";""
"202200055094";"715 989";"A01";"2";"7";"0";"2";"1";"1";"1";""
"202200055095";"715 982";"B01";"2";"33";"0";"2";"7";"1";"1";""
"202200055095";"715 986";"A01";"2";"21";"0";"2";"1";"9";"1";""
"202200055096";"715 977";"A01";"1";"7";"0";"2";"2";"17";"1";""
"202200055096";"715 980";"B01";"1";"7";"0";"2";"6";"15";"1";""
"202200055097";"715 975";"A01";"2";"7";"0";"1";"2";"21";"1";""
"202200055098";"715 973";"B01";"2";"1";"0";"2";"6";"1";"5";""
"202200055098";"715 976";"A01";"1";"1";"0";"2";"1";"15";"5";""
"202200055099";"715 970";"A01";"3";"7";"2";"0";"3";"13";"1";""
"202200055100";"715 971";"A01";"1";"7";"8";"0";"3";"1";"1";""
"202200055101";"715 965";"B01";"0";"7";"0";"2";"3";"15";"1";""
"202200055101";"715 974";"A01";"1";"2";"0";"2";"1";"1";"1";""
"202200055102";"715 963";"Z01";"1";"30";"0";"2";"1";"5";"3";""
"202200055102";"715 967";"A01";"1";"30";"0";"2";"1";"1";"1";""
"202200055103";"715 964";"B01";"1";"7";"0";"2";"2";"1";"1";""
"202200055103";"715 968";"A01";"2";"7";"0";"2";"2";"13";"1";""
"202200055104";"715 962";"B01";"1";"7";"0";"2";"3";"1";"1";""
"202200055104";"715 969";"A01";"1";"7";"0";"2";"8";"15";"1";""
"202200055105";"715 959";"A01";"2";"33";"6";"0";"2";"1";"1";""
"202200055106";"715 960";"A01";"1";"7";"1";"0";"3";"9";"1";""
"202200055107";"715 956";"A01";"2";"30";"0";"2";"3";"1";"1";""
"202200055107";"715 961";"B01";"2";"7";"0";"2";"7";"1";"1";""
"202200055108";"715 954";"A01";"1";"38";"2";"0";"1";"6";"1";"9"
"202200055109";"715 953";"A01";"1";"7";"0";"2";"1";"2";"1";""
"202200055109";"715 958";"B01";"1";"99";"0";"2";"7";"19";"3";""
"202200055110";"715 950";"B01";"2";"2";"0";"2";"1";"1";"1";""
"202200055110";"715 955";"A01";"3";"99";"0";"2";"7";"26";"1";""
"202200055111";"715 952";"A01";"2";"7";"0";"1";"0";"1";"1";""
"202200055112";"715 942";"B01";"1";"33";"0";"2";"1";"1";"1";""
"202200055112";"715 948";"A01";"1";"7";"0";"2";"2";"1";"1";""
"202200055113";"715 939";"A01";"2";"7";"0";"2";"4";"2";"1";""
"202200055113";"715 945";"B01";"2";"7";"0";"2";"1";"2";"1";""
"202200055114";"715 938";"A01";"2";"7";"0";"2";"3";"9";"1";""
"202200055114";"715 946";"B01";"2";"50";"0";"2";"1";"1";"3";""
"202200055115";"715 941";"A01";"3";"7";"0";"2";"1";"2";"1";""
"202200055115";"715 944";"B01";"3";"7";"0";"2";"4";"2";"1";""
"202200055115";"715 949";"C01";"3";"7";"0";"2";"4";"2";"1";""
"202200055116";"715 937";"A01";"3";"7";"0";"1";"5";"15";"1";""
"202200055117";"715 936";"B01";"1";"7";"0";"2";"8";"1";"1";""
"202200055117";"715 940";"A01";"1";"2";"0";"2";"5";"26";"3";""
"202200055118";"715 935";"A01";"1";"10";"15";"0";"3";"6";"1";""
"202200055119";"715 934";"A01";"1";"80";"0";"1";"8";"1";"3";""
"202200055120";"715 932";"A01";"3";"2";"12";"0";"1";"16";"1";""
"202200055121";"715 933";"A01";"2";"7";"0";"2";"1";"1";"1";""
"202200055121";"715 943";"B01";"2";"10";"0";"2";"7";"1";"1";""
"202200055122";"715 931";"A01";"1";"7";"0";"1";"1";"1";"1";""
"202200055123";"715 929";"A01";"3";"80";"14";"0";"1";"1";"3";""
"202200055124";"715 926";"A01";"1";"7";"8";"2";"3";"1";"1";""
"202200055124";"715 930";"B01";"1";"7";"0";"2";"2";"19";"1";""
"202200055125";"715 924";"A01";"3";"1";"0";"0";"1";"2";"5";""
"202200055126";"715 919";"B01";"0";"7";"0";"0";"5";"16";"1";""
"202200055126";"715 923";"A01";"0";"33";"0";"2";"1";"3";"1";""
"202200055127";"715 922";"B01";"3";"30";"0";"2";"1";"1";"1";""
"202200055127";"715 927";"A01";"3";"10";"0";"2";"3";"26";"1";""
"202200055128";"715 915";"A01";"3";"10";"0";"2";"5";"16";"1";""
"202200055128";"715 920";"B01";"3";"1";"0";"2";"1";"1";"5";""
"202200055129";"715 916";"C01";"2";"15";"0";"2";"4";"2";"1";""
"202200055129";"715 921";"B01";"2";"10";"0";"2";"6";"2";"1";""
"202200055129";"715 928";"A01";"2";"10";"0";"0";"0";"0";"1";""
"202200055130";"715 917";"A01";"0";"2";"12";"0";"2";"1";"1";""
"202200055131";"715 913";"A01";"1";"7";"0";"2";"7";"15";"1";""
"202200055131";"715 918";"B01";"2";"33";"0";"2";"1";"1";"1";""
"202200055132";"715 912";"Z01";"3";"3";"0";"2";"1";"1";"1";""
"202200055132";"715 925";"B01";"1";"3";"0";"2";"2";"2";"1";""
"202200055133";"715 910";"B01";"0";"7";"0";"2";"3";"15";"1";""
"202200055133";"715 914";"A01";"2";"7";"0";"2";"1";"1";"1";""
"202200055134";"715 906";"A01";"1";"32";"0";"2";"7";"1";"1";""
"202200055134";"715 911";"B01";"0";"7";"0";"2";"2";"1";"1";""
"202200055135";"715 908";"A01";"1";"7";"0";"1";"1";"21";"1";""
"202200055136";"715 907";"A01";"2";"7";"8";"0";"2";"1";"1";""
"202200055137";"715 904";"Z01";"0";"7";"0";"0";"0";"0";"0";""
"202200055137";"715 909";"B01";"0";"31";"0";"2";"1";"18";"1";""
"202200055138";"715 901";"A01";"3";"7";"0";"2";"3";"13";"1";""
"202200055138";"715 905";"B01";"3";"33";"0";"2";"2";"1";"1";""
"202200055139";"715 899";"A01";"3";"99";"0";"0";"0";"0";"0";""
"202200055140";"715 895";"A01";"2";"7";"0";"1";"1";"26";"1";""
"202200055141";"715 891";"A01";"1";"7";"0";"2";"3";"1";"1";""
"202200055141";"715 897";"B01";"2";"7";"0";"2";"3";"1";"1";""
"202200055142";"715 898";"B01";"1";"7";"0";"2";"4";"23";"1";""
"202200055142";"715 902";"A01";"3";"1";"0";"2";"1";"2";"6";""
"202200055143";"715 894";"A01";"3";"7";"0";"0";"1";"1";"1";""
"202200055143";"715 903";"B01";"3";"7";"0";"0";"8";"19";"1";""
"202200055144";"715 893";"B01";"2";"7";"0";"2";"1";"1";"1";""
"202200055144";"715 900";"A01";"1";"7";"0";"2";"1";"13";"1";""
"202200055145";"715 888";"A01";"1";"7";"0";"2";"8";"15";"1";""
"202200055145";"715 892";"B01";"1";"7";"0";"2";"0";"1";"1";""
"202200055146";"715 890";"A01";"3";"7";"0";"2";"3";"10";"0";""
"202200055146";"715 896";"B01";"3";"37";"0";"2";"2";"1";"1";"2"
"202200055147";"715 887";"A01";"1";"30";"14";"0";"1";"1";"1";""
"202200055148";"715 886";"A01";"2";"32";"0";"0";" -1";"0";"1";""
"202200055149";"715 884";"B01";"1";"7";"0";"2";"4";"2";"1";""
"202200055149";"715 889";"A01";"1";"7";"0";"2";"1";"1";"1";""
"202200055150";"715 882";"B01";"2";"7";"0";"2";"7";"16";"1";""
"202200055150";"715 885";"A01";"2";"33";"0";"2";"1";"18";"1";""
"202200055151";"715 879";"A01";"0";"7";"0";"1";"3";"15";"1";""
"202200055152";"715 875";"A01";"1";"7";"0";"1";"3";"1";"1";""
"202200055153";"715 874";"A01";"1";"7";"0";"2";"1";"9";"1";""
"202200055153";"715 883";"B01";"1";"80";"0";"2";"7";"1";"3";""
"202200055154";"715 873";"A01";"2";"7";"2";"0";"2";"0";"1";""
"202200055155";"715 876";"A01";"3";"10";"0";"2";"3";"10";"1";""
"202200055155";"715 880";"B01";"3";"33";"0";"2";"7";"17";"1";""
"202200055156";"715 878";"A01";"1";"7";"4";"0";"8";"21";"1";""
"202200055157";"715 870";"A01";"3";"7";"1";"0";"1";"1";"1";""
"202200055158";"715 866";"B01";"3";"7";"12";"2";"8";"16";"6";""
"202200055159";"715 868";"A01";"1";"7";"13";"0";"3";"1";"1";""
"202200055160";"715 864";"B01";"2";"1";"0";"4";"1";"9";"5";""
"202200055160";"715 872";"A01";"2";"40";"0";"2";"3";"1";"3";""
"202200055161";"715 862";"A01";"1";"33";"0";"2";"1";"8";"1";""
"202200055161";"715 867";"B01";"2";"7";"0";"2";"1";"1";"1";""
"202200055162";"715 856";"B01";"1";"7";"0";"2";"0";"16";"1";""
"202200055162";"715 860";"A01";"1";"7";"8";"2";"2";"1";"1";""
"202200055163";"715 858";"A01";"1";"7";"0";"2";"5";"15";"1";""
"202200055163";"715 863";"B01";"1";"33";"0";"2";"1";"1";"1";""
"202200055164";"715 853";"A01";"1";"7";"8";"1";"2";"1";"1";""
"202200055165";"715 854";"A01";"2";"32";"0";"2";"1";"2";"1";""
"202200055165";"715 859";"B01";"2";"34";"0";"2";"4";"2";"1";""
"202200055166";"715 857";"A01";"1";"36";"13";"0";"0";"26";"5";""
"202200055167";"715 850";"A01";"1";"7";"0";"1";"3";"9";"1";""
"202200055168";"715 848";"Z01";"2";"7";"0";"2";"1";"2";"1";""
"202200055168";"715 851";"B01";"2";"7";"0";"2";"4";"2";"1";""
"202200055168";"715 855";"C01";"2";"7";"0";"2";"4";"2";"1";""
"202200055169";"715 847";"A01";"2";"7";"0";"2";"2";"21";"1";""
"202200055169";"715 849";"B01";"1";"0";"0";"2";"1";"0";"3";""
"202200055170";"715 852";"A01";"2";"7";"6";"0";"1";"13";"1";""
"202200055171";"715 844";"A01";"3";"31";"0";"0";"0";"0";"1";""
"202200055172";"715 843";"B01";"1";"33";"0";"0";"0";"2";"6";""
"202200055172";"715 846";"C01";" -1";"0";" -1";" -1";" -1";" -1";" -1";""
"202200055173";"715 840";"A01";"1";"7";"5";"0";"1";"26";"1";""
"202200055174";"715 841";"A01";"3";"10";"12";"0";"3";"1";"1";""
"202200055175";"715 837";"A01";"2";"7";"0";"2";"3";"1";"1";""
"202200055175";"715 842";"B01";"2";"33";"0";"2";"1";"1";"1";""
"202200055176";"715 834";"B01";"3";"7";"0";"2";"3";"1";"1";""
"202200055176";"715 839";"A01";"3";"33";"0";"2";"1";"13";"1";""
"202200055177";"715 833";"A01";"1";"7";"4";"0";"1";"14";"1";""
"202200055178";"715 835";"B01";"1";"40";"0";"2";"8";"1";"3";""
"202200055178";"715 838";"A01";"1";"7";"0";"4";"2";"1";"1";""
"202200055179";"715 829";"A01";"1";"7";"3";"0";"9";"1";"1";""
"202200055180";"715 830";"A01";"1";"7";"0";"2";"1";"1";"1";""
"202200055180";"715 845";"B01";"1";"7";"0";"2";"2";"1";"1";""
"202200055181";"715 828";"C01";"1";"7";"0";"2";"3";"1";"2";""
"202200055181";"715 831";"B01";"1";"34";"0";"2";"7";"3";"1";""
"202200055181";"715 836";"A01";"2";"7";"0";"2";"3";"2";"1";""
"202200055182";"715 825";"A01";"0";"7";"0";"1";"1";"1";"1";""
"202200055183";"715 827";"A01";"2";"10";"1";"0";"2";"9";"1";""
"202200055184";"715 822";"B01";"1";"7";"1";"0";"1";"2";"1";""
"202200055184";"715 826";"A01";"1";"7";"0";"2";"4";"24";"2";""
"202200055185";"715 821";"A01";"3";"7";"0";"1";"2";"1";"1";""
"202200055186";"715 824";"B01";"1";"7";"0";"2";"1";"1";"1";""
"202200055186";"715 832";"A01";"2";"7";"15";"2";"8";"17";"1";""
"202200055187";"715 818";"A01";"1";"7";"0";"2";"1";"1";"1";""
"202200055187";"715 820";"B01";"1";"7";"0";"2";"4";"1";"2";""
"202200055187";"715 823";"C01";"1";"1";"0";"2";"1";"1";"6";""
"202200055188";"715 816";"A01";"2";"7";"0";"1";"8";"1";"1";""
"202200055189";"715 815";"B01";"1";"31";"0";"2";"1";"1";"1";""
"202200055189";"715 819";"A01";"2";"7";"0";"2";"1";"15";"1";""
"202200055190";"715 812";"A01";"3";"10";"0";"2";"2";"12";"1";""
"202200055190";"715 813";"B01";"3";"33";"0";"2";"2";"1";"1";""
"202200055191";"715 811";"A01";"0";"7";"0";"2";"3";"16";"3";""
"202200055191";"715 814";"B01";"3";"1";"0";"2";"4";"1";"5";""
"202200055192";"715 805";"A01";"1";"7";"0";"2";"8";"1";"1";""
"202200055192";"715 809";"B01";"2";"10";"0";"2";"1";"15";"1";""
"202200055193";"715 810";"A01";"1";"7";"0";"2";"1";"13";"1";""
"202200055193";"715 817";"B01";"2";"7";"0";"2";"1";"1";"1";""
"202200055194";"715 806";"B01";"1";"10";"0";"2";"4";"23";"1";""
"202200055194";"715 808";"A01";"1";"33";"0";"2";"7";"2";"1";""
"202200055195";"715 804";"A01";"1";"13";"0";"2";"7";"15";"1";""
"202200055195";"715 807";"B01";"1";"7";"0";"2";"3";"1";"1";""
"202200055196";"715 802";"A01";"1";"7";"0";"1";"1";"15";"1";""
"202200055197";"715 801";"B01";"3";"50";"0";"2";"1";"1";"3";""
"202200055197";"715 803";"A01";"3";"7";"0";"2";"2";"15";"1";""
"202200055198";"715 796";"A01";"3";"7";"2";"0";"2";"1";"1";""
"202200055199";"715 794";"B01";"0";"7";"0";"2";"4";"2";"1";""
"202200055199";"715 798";"A01";"0";"7";"0";"2";"1";"2";"1";""
"202200055200";"715 792";"A01";"1";"7";"1";"0";"5";"15";"1";""
"202200055200";"715 795";"B01";"2";"2";"0";"2";"1";"1";"1";""
"202200055200";"715 800";"C01";"3";"33";"0";"0";"3";"23";"1";""
"202200055201";"715 790";"B01";"1";"2";"0";"2";"1";"1";"1";""
"202200055201";"715 797";"A01";"1";"7";"0";"2";"8";"26";"1";""
"202200055202";"715 793";"A01";"1";"7";"0";"2";"3";"1";"1";""
"202200055202";"715 799";"B01";"2";"7";"0";"2";"7";"15";"1";""
"202200055203";"715 789";"A01";"1";"7";"0";"0";"0";"0";"0";""
"202200055203";"715 791";"B01";"1";"2";"0";"0";"0";"0";"0";""
"202200055204";"715 786";"B01";"1";"7";"0";"2";"1";"0";"1";""
"202200055204";"715 788";"A01";"2";"7";"0";"2";"1";"13";"1";""
"202200055205";"715 782";"A01";"2";"7";"0";"2";"7";"13";"1";""
"202200055205";"715 785";"B01";"1";"7";"0";"2";"1";"1";"1";""
"202200055206";"715 779";"A01";"1";"7";"0";"2";"3";"0";"1";""
"202200055206";"715 781";"B01";"2";"7";"0";"0";"7";"1";"1";""
"202200055207";"715 780";"A01";"1";"7";"0";"2";"2";"2";"1";""
"202200055207";"715 783";"B01";"1";"2";"0";"2";"1";"3";"1";""
"202200055208";"715 775";"A01";"1";"7";"0";"4";"6";"23";"1";""
"202200055208";"715 777";"B01";"1";"39";"0";"2";"1";"1";"3";""
"202200055209";"715 774";"A01";"2";"7";"0";"2";"1";"0";"1";""
"202200055209";"715 776";"B01";"1";"7";"0";"2";"1";"0";"1";""
"202200055210";"715 771";"A01";"1";"7";"6";"0";"1";"1";"1";""
"202200055211";"715 772";"A01";"2";"7";"0";"0";"0";"1";"1";""
"202200055212";"715 770";"A01";"1";"7";"0";"0";"0";"0";"1";""
"202200055213";"715 769";"B01";"3";"1";"0";"2";"3";"16";"5";""
"202200055213";"715 773";"A01";"1";"7";"0";"2";"2";"16";"1";""
"202200055214";"715 768";"A01";"0";"7";"7";"0";"1";"1";"1";""
"202200055215";"715 767";"A01";"3";"36";"2";"0";"0";"0";"1";""
"202200055216";"715 764";"A01";"1";"7";"0";"2";"1";"13";"1";""
"202200055216";"715 766";"B01";"2";"7";"0";"2";"1";"1";"1";""
"202200055217";"715 763";"A01";"1";"2";"12";"0";"0";"1";"1";""
"202200055218";"715 762";"A01";"2";"30";"0";"2";"1";"1";"1";""
"202200055218";"715 765";"B01";"2";"10";"0";"2";"3";"15";"1";""
"202200055219";"715 760";"A01";"1";"7";"17";"0";"2";"1";"1";""
"202200055220";"715 758";"B01";"1";"3";"0";"2";"4";"2";"1";""
"202200055220";"715 761";"A01";"1";"7";"0";"2";"1";"1";"1";""
"202200055221";"715 755";"B01";"1";"2";"0";"2";"1";"1";"1";""
"202200055221";"715 759";"A01";"3";"7";"0";"2";"2";"1";"1";""
"202200055222";"715 753";"C01";"1";"7";"0";"2";"4";"23";"1";""
"202200055222";"715 754";"B01";"1";"7";"0";"2";"4";"2";"1";""
"202200055222";"715 756";"A01";"1";"7";"0";"2";"1";"2";"1";""
"202200055223";"715 752";"A01";"0";"80";"0";"0";"0";"0";"3";""
"202200055224";"715 751";"A01";"1";"7";"6";"0";"1";"1";"1";""
"202200055225";"715 746";"A01";"1";"7";"8";"0";"1";"1";"1";""
"202200055226";"715 744";"B01";"1";"10";"0";"2";"3";"1";"1";""
"202200055226";"715 747";"A01";"2";"7";"0";"2";"1";"15";"1";""
"202200055227";"715 743";"A01";"1";"33";"14";"0";"1";"17";"1";""
"202200055228";"715 749";"A01";"1";"10";"4";"0";"1";"2";"1";""
"202200055229";"715 741";"A01";"2";"7";"8";"0";"3";"0";"1";""
"202200055230";"715 740";"A01";"1";"2";"0";"2";"1";"5";"1";""
"202200055230";"715 742";"B01";"1";"7";"0";"2";"3";"1";"1";""
"202200055231";"715 738";"A01";"1";"7";"0";"2";"1";"2";"1";""
"202200055231";"715 739";"B01";"1";"3";"1";"2";"6";"2";"1";""
"202200055232";"715 735";"A01";"0";"7";"15";"0";"1";"13";"1";""
"202200055233";"715 734";"B01";"2";"7";"0";"0";"4";"1";"1";""
"202200055233";"715 737";"A01";"2";"33";"0";"2";"8";"2";"1";""
"202200055234";"715 731";"A01";"3";"7";"0";"2";"3";"9";"1";""
"202200055234";"715 733";"B01";"1";"33";"0";"2";"2";"0";"1";""
"202200055235";"715 729";"A01";"0";"7";"6";"0";"7";"1";"1";""
"202200055236";"715 728";"A01";"1";"33";"0";"2";"1";"1";"1";""
"202200055236";"715 730";"B01";"2";"7";"0";"2";"6";"15";"1";""
"202200055237";"715 732";"A01";"1";"7";"0";"2";"1";"13";"1";""
"202200055237";"715 736";"B01";"2";"7";"0";"2";"1";"1";"1";""
"202200055238";"715 726";"A01";"1";"33";"6";"0";"1";"1";"1";""
"202200055239";"715 725";"A01";"1";"7";"0";"2";"2";"1";"1";""
"202200055239";"715 727";"B01";"1";"50";"0";"2";"2";"1";"3";""
"202200055240";"715 723";"A01";"3";"7";"0";"0";"6";"16";"3";""
"202200055240";"715 724";"B01";"3";"31";"0";"2";"2";"26";"1";""
"202200055241";"715 722";"A01";"2";"2";"7";"0";"1";"13";"1";""
"202200055242";"715 720";"A01";"1";"7";"2";"0";"1";"0";"1";""
"202200055243";"715 719";"A01";"3";"7";"0";"2";"1";"26";"1";""
"202200055243";"715 721";"B01";"3";"7";"0";"2";"1";"1";"1";""
"202200055244";"715 718";"A01";"2";"33";"0";"6";"1";"1";"1";""
"202200055245";"715 717";"A01";"1";"31";"0";"0";"7";"21";"1";""
"202200055246";"715 714";"A01";"1";"7";"0";"0";"1";"1";"1";""
"202200055247";"715 715";"A01";"1";"7";"1";"0";"2";"0";"1";""
"202200055247";"715 716";"B01";"1";"7";"0";"0";"6";"24";"1";""
"202200055248";"715 711";"A01";"2";"7";"13";"0";"0";"1";"1";""
"202200055249";"715 712";"B01";"2";"33";"0";"2";"1";"1";"1";""
"202200055249";"715 713";"A01";"1";"7";"0";"2";"1";"15";"1";""
"202200055250";"715 710";"A01";"1";"43";"0";"1";"1";"1";"1";""
"202200055251";"715 709";"A01";"1";"31";"16";"0";"7";"1";"1";""
"202200055252";"715 708";"A01";"3";"1";"0";"0";"0";"0";"5";""
"202200055253";"715 707";"A01";"2";"32";"0";"1";"1";"17";"1";""
"202200055254";"715 706";"A01";"2";"7";"13";"0";"3";"14";"1";""
"202200055255";"715 705";"A01";"3";"2";"0";"0";"8";"1";"1";""
"202200055256";"715 702";"B01";"2";"7";"0";"2";"3";"1";"1";""
"202200055256";"715 704";"A01";"2";"32";"0";"2";"2";"1";"1";""
"202200055257";"715 700";"B01";"2";"7";"0";"2";"2";"1";"1";""
"202200055257";"715 703";"A01";"2";"33";"0";"2";"3";"9";"1";""
"202200055258";"715 699";"B01";"2";"2";"0";"2";"1";"1";"1";""
"202200055258";"715 701";"A01";"1";"7";"0";"2";"6";"15";"1";""
"202200055259";"715 697";"A01";"1";"7";"6";"0";"1";"1";"1";""
"202200055260";"715 698";"A01";"1";"40";"0";"1";"1";"1";"3";""
"202200055261";"715 695";"A01";"2";"7";"0";"1";"1";"1";"1";""
"202200055262";"715 693";"A01";"3";"10";"0";"1";"5";"26";"0";""
"202200055263";"715 692";"C01";"2";"1";"0";"2";"8";"15";"5";""
"202200055263";"715 694";"B01";"2";"1";"0";"0";"4";"11";"5";""
"202200055263";"715 696";"A01";"2";"33";"0";"9";"1";"2";"1";""
"202200055264";"715 690";"B01";"0";"99";"0";"2";"2";"1";"1";""
"202200055264";"715 691";"A01";"0";"99";"0";"2";"1";"1";"1";""
"202200055265";"715 687";"A01";"1";"7";"0";"2";"1";"2";"1";""
"202200055265";"715 689";"B01";"1";"7";"3";"0";"4";"2";"0";""
"202200055266";"715 686";"A01";"2";"7";"0";"9";"2";"15";"1";""
"202200055266";"715 688";"B01";"1";"1";"0";"2";"1";"26";"5";""
"202200055267";"715 681";"A01";"3";"7";"4";"0";"1";"17";"1";""
"202200055268";"715 680";"A01";"2";"7";"4";"0";"4";"0";"1";""
"202200055268";"715 683";"B01";"2";"7";"0";"0";"9";"2";"1";""
"202200055268";"715 684";"C01";"2";"7";"0";"2";"1";"1";"1";""
"202200055268";"715 685";"D01";"2";"7";"0";"0";"8";"1";"1";""
"202200055269";"715 677";"A01";"1";"7";"13";"0";"1";"1";"1";""
"202200055270";"715 678";"A01";"3";"33";"0";"0";"1";"1";"1";""
"202200055271";"715 676";"A01";"1";"33";"7";"0";"0";"0";"1";""
"202200055272";"715 679";"B01";"1";"7";"0";"2";"1";"1";"1";""
"202200055272";"715 682";"A01";"2";"7";"0";"2";"2";"1";"1";""
"202200055273";"715 672";"C01";"2";"2";"0";"2";"1";"1";"1";""
"202200055273";"715 674";"B01";"2";"7";"0";"2";"4";"21";"1";""
"202200055273";"715 675";"A01";"2";"7";"0";"2";"6";"9";"1";""
"202200055274";"715 671";"A01";"2";"7";"0";"2";"1";"13";"1";""
"202200055274";"715 673";"B01";"1";"7";"0";"2";"1";"13";"1";""
"202200055275";"715 669";"A01";"2";"7";"0";"1";"2";"1";"1";""
"202200055276";"715 668";"A01";"2";"7";"13";"0";"1";"1";"1";""
"202200055277";"715 667";"A01";"1";"10";"0";"1";"1";"1";"1";""
"202200055278";"715 663";"Z01";"2";"10";"0";"2";"0";"0";"0";""
"202200055278";"715 665";"A01";"2";"7";"0";"2";"4";"2";"0";""
"202200055279";"715 664";"B01";"2";"10";"0";"2";"1";"1";"1";""
"202200055279";"715 666";"A01";"1";"10";"0";"2";"1";"13";"1";""
"202200055280";"715 661";"B01";"1";"7";"0";"2";"5";"1";"1";""
"202200055280";"715 662";"A01";"1";"10";"0";"2";"3";"17";"1";""
"202200055281";"715 660";"A01";"2";"7";"0";"9";"1";"26";"1";""
"202200055282";"715 658";"B01";"1";"7";"0";"2";"4";"2";"1";""
"202200055282";"715 659";"A01";"1";"7";"0";"2";"1";"1";"1";""
"202200055283";"715 655";"A01";"1";"7";"3";"0";"9";"14";"0";""
"202200055284";"715 656";"B01";"1";"33";"0";"2";"8";"1";"1";""
"202200055284";"715 657";"A01";"2";"7";"0";"2";"7";"15";"1";""
"202200055285";"715 654";"A01";"1";"50";"12";"0";"1";"1";"3";""
"202200055286";"715 653";"A01";"1";"7";"0";"0";"8";"1";"1";""
"202200055287";"715 651";"B01";"1";"7";"0";"2";"1";"1";"1";""
"202200055287";"715 652";"A01";"2";"7";"8";"2";"7";"15";"1";""
"202200055288";"715 650";"A01";"2";"31";"0";"0";"0";"0";"1";""
"202200055289";"715 649";"A01";"1";"7";"2";"0";"2";"1";"0";""
"202200055290";"715 648";"A01";"3";"7";"6";"0";"1";"1";"1";""
"202200055291";"715 646";"A01";"2";"7";"0";"2";"3";"13";"1";""
"202200055291";"715 647";"B01";"1";"7";"0";"2";"3";"1";"1";""
"202200055292";"715 644";"A01";"2";"7";"8";"0";"1";"0";"1";""
"202200055293";"715 643";"A01";"2";"10";"0";"0";"8";"13";"1";""
"202200055294";"715 641";"A01";"1";"7";"8";"2";"1";"1";"1";""
"202200055294";"715 642";"B01";"1";"7";"0";"2";"3";"1";"1";""
"202200055295";"715 639";"A01";"2";"7";"0";"2";"3";"13";"1";""
"202200055295";"715 640";"B01";"1";"7";"0";"2";"3";"1";"1";""
"202200055296";"715 637";"A01";"1";"7";"0";"2";"3";"1";"1";""
"202200055296";"715 638";"B01";"1";"33";"0";"2";"7";"15";"1";""
"202200055297";"715 636";"A01";"1";"7";"1";"0";"1";"1";"1";""
"202200055298";"715 635";"A01";"2";"7";"0";"0";"9";"1";"1";""
"202200055299";"715 634";"A01";"0";"7";"2";"0";"3";"1";"1";""
"202200055300";"715 633";"A01";"2";"7";"2";"0";"1";"1";"1";""
"202200055301";"715 631";"A01";"2";"7";"0";"0";"8";"19";"1";""
"202200055301";"715 632";"B01";"2";"7";"0";"2";"1";"1";"1";""
"202200055302";"715 629";"A01";"1";"33";"0";"2";"1";"1";"1";""
"202200055302";"715 630";"B01";"1";"7";"0";"0";"4";"21";"1";""